path,label
Pistachio/VAD/vit-features/train/normal/outdoor_normal_more/000000021274_all__8.npy,Normal
Pistachio/VAD/vit-features/train/normal/industrial_normal_less/hd672_all__1.npy,Normal
Pistachio/VAD/vit-features/train/normal/indoor_normal_less/000000056940_all__5.npy,Normal
Pistachio/VAD/vit-features/train/normal/indoor_normal_more/000000313179_all__2.npy,Normal
Pistachio/VAD/vit-features/train/normal/outdoor_normal_less/000000022535_all__7.npy,Normal
Pistachio/VAD/vit-features/train/anomaly/outdoor_anomaly_more/animal_fight/000000016626_all__2.npy,animal_fight
Pistachio/VAD/vit-features/train/normal/industrial_normal_less/000000532871_all__2.npy,Normal
Pistachio/VAD/vit-features/train/normal/outdoor_normal_more/000000063541_all__3.npy,Normal
Pistachio/VAD/vit-features/train/normal/road_normal_less/000000042284_all__2.npy,Normal
Pistachio/VAD/vit-features/train/anomaly/outdoor_anomaly_more/animal_fight/000000007843_all__3.npy,animal_fight
Pistachio/VAD/vit-features/train/anomaly/outdoor_anomaly_more/animal_fight/000000011379_all__8.npy,animal_fight
Pistachio/VAD/vit-features/train/normal/road_normal_less/000000052483_all__7.npy,Normal
Pistachio/VAD/vit-features/train/normal/industrial_normal_less/hd142_all__2.npy,Normal
Pistachio/VAD/vit-features/train/normal/industrial_normal_less/hd817_all__6.npy,Normal
Pistachio/VAD/vit-features/train/normal/industrial_normal_less/000000361187_all__1.npy,Normal
Pistachio/VAD/vit-features/train/normal/indoor_normal_less/000000019379_all__1.npy,Normal
Pistachio/VAD/vit-features/train/normal/road_normal_less/000000032210_all__2.npy,Normal
Pistachio/VAD/vit-features/train/normal/infrastructure_normal_less/D5DXHRQAH14E_all__9.npy,Normal
Pistachio/VAD/vit-features/train/normal/outdoor_normal_more/000000124276_all__4.npy,Normal
Pistachio/VAD/vit-features/train/normal/road_normal_less/000000015758_all__1.npy,Normal
Pistachio/VAD/vit-features/train/normal/indoor_normal_less/000000214118_all__4.npy,Normal
Pistachio/VAD/vit-features/train/normal/road_normal_less/000000041151_all__8.npy,Normal
Pistachio/VAD/vit-features/train/normal/infrastructure_normal_less/000000363918_all__9.npy,Normal
Pistachio/VAD/vit-features/train/normal/infrastructure_normal_less/x112_jpg.rf.d77e99db75b4f07a54023232218c2b89_all__5.npy,Normal
Pistachio/VAD/vit-features/train/normal/infrastructure_normal_less/000000215710_all__3.npy,Normal
Pistachio/VAD/vit-features/train/normal/indoor_normal_less/000000137649_all__0.npy,Normal
Pistachio/VAD/vit-features/train/normal/outdoor_normal_less/000000021203_all__5.npy,Normal
Pistachio/VAD/vit-features/train/normal/indoor_normal_more/000000338465_all__7.npy,Normal
Pistachio/VAD/vit-features/train/normal/industrial_normal_less/000000358602_all__0.npy,Normal
Pistachio/VAD/vit-features/train/normal/infrastructure_normal_more/000000288010_all__5.npy,Normal
Pistachio/VAD/vit-features/train/normal/commercial_normal_less/000000054676_all__3.npy,Normal
Pistachio/VAD/vit-features/train/normal/outdoor_normal_less/hd766_all__8.npy,Normal
Pistachio/VAD/vit-features/train/normal/infrastructure_normal_less/R3YAJVKOEG7K_all__1.npy,Normal
Pistachio/VAD/vit-features/train/normal/infrastructure_normal_less/000000269241_all__9.npy,Normal
Pistachio/VAD/vit-features/train/normal/commercial_normal_less/000000070377_all__4.npy,Normal
Pistachio/VAD/vit-features/train/normal/infrastructure_normal_less/000000146688_all__1.npy,Normal
Pistachio/VAD/vit-features/train/normal/outdoor_normal_less/hd6641_all__3.npy,Normal
Pistachio/VAD/vit-features/train/anomaly/outdoor_anomaly_less/animal_fight/000000577388_all__4.npy,animal_fight
Pistachio/VAD/vit-features/train/anomaly/outdoor_anomaly_less/animal_fight/000000577026_all__2.npy,animal_fight
Pistachio/VAD/vit-features/train/normal/indoor_normal_less/000000233221_all__1.npy,Normal
Pistachio/VAD/vit-features/train/normal/infrastructure_normal_less/000000081203_all__2.npy,Normal
Pistachio/VAD/vit-features/train/normal/commercial_normal_less/000000080292_all__0.npy,Normal
Pistachio/VAD/vit-features/train/normal/outdoor_normal_less/000000017620_all__9.npy,Normal
Pistachio/VAD/vit-features/train/normal/indoor_normal_less/000000039186_all__1.npy,Normal
Pistachio/VAD/vit-features/train/normal/commercial_normal_less/000000059420_all__0.npy,Normal
Pistachio/VAD/vit-features/train/normal/infrastructure_normal_more/000000478520_all__6.npy,Normal
Pistachio/VAD/vit-features/train/normal/indoor_normal_less/000000235821_all__5.npy,Normal
Pistachio/VAD/vit-features/train/normal/indoor_normal_less/000000051420_all__3.npy,Normal
Pistachio/VAD/vit-features/train/normal/road_normal_more/000000130964_all__6.npy,Normal
Pistachio/VAD/vit-features/train/normal/road_normal_less/000000046873_all__1.npy,Normal
Pistachio/VAD/vit-features/train/normal/industrial_normal_less/hd489_all__7.npy,Normal
Pistachio/VAD/vit-features/train/normal/infrastructure_normal_less/000000235892_all__2.npy,Normal
Pistachio/VAD/vit-features/train/normal/road_normal_less/000000025361_all__2.npy,Normal
Pistachio/VAD/vit-features/train/normal/infrastructure_normal_less/000000207312_all__0.npy,Normal
Pistachio/VAD/vit-features/train/normal/outdoor_normal_more/000000140058_all__6.npy,Normal
Pistachio/VAD/vit-features/train/normal/road_normal_more/000000130669_all__6.npy,Normal
Pistachio/VAD/vit-features/train/normal/infrastructure_normal_less/000000015118_all__3.npy,Normal
Pistachio/VAD/vit-features/train/normal/road_normal_less/000000021848_all__6.npy,Normal
Pistachio/VAD/vit-features/train/normal/industrial_normal_more/000000192404_all__0.npy,Normal
Pistachio/VAD/vit-features/train/normal/indoor_normal_less/000000142195_all__7.npy,Normal
Pistachio/VAD/vit-features/train/normal/infrastructure_normal_less/000000427676_all__7.npy,Normal
Pistachio/VAD/vit-features/train/normal/infrastructure_normal_more/000000093924_all__5.npy,Normal
Pistachio/VAD/vit-features/train/normal/indoor_normal_more/000000302542_all__0.npy,Normal
Pistachio/VAD/vit-features/train/normal/commercial_normal_more/000000129091_all__6.npy,Normal
Pistachio/VAD/vit-features/train/normal/commercial_normal_less/000000096065_all__3.npy,Normal
Pistachio/VAD/vit-features/train/normal/indoor_normal_more/000000314630_all__2.npy,Normal
Pistachio/VAD/vit-features/train/normal/road_normal_more/000000140058_all__8.npy,Normal
Pistachio/VAD/vit-features/train/normal/infrastructure_normal_less/697460K7RZ22_all__6.npy,Normal
Pistachio/VAD/vit-features/train/normal/road_normal_less/000000283236_all__2.npy,Normal
Pistachio/VAD/vit-features/train/normal/road_normal_less/000000015943_all__4.npy,Normal
Pistachio/VAD/vit-features/train/normal/infrastructure_normal_less/704_jpg.rf.b0ef7419937f78667b663fd840ecf202_all__4.npy,Normal
Pistachio/VAD/vit-features/train/normal/road_normal_more/000000138994_all__0.npy,Normal
Pistachio/VAD/vit-features/train/normal/road_normal_more/000000130669_all__4.npy,Normal
Pistachio/VAD/vit-features/train/normal/indoor_normal_more/000000321780_all__7.npy,Normal
Pistachio/VAD/vit-features/train/normal/industrial_normal_less/hd104_all__5.npy,Normal
Pistachio/VAD/vit-features/train/normal/road_normal_less/000000020393_all__6.npy,Normal
Pistachio/VAD/vit-features/train/normal/infrastructure_normal_more/000000347103_all__5.npy,Normal
Pistachio/VAD/vit-features/train/normal/industrial_normal_less/hd557_all__9.npy,Normal
Pistachio/VAD/vit-features/train/anomaly/outdoor_anomaly_less/animal_fight/000000577388_all__9.npy,animal_fight
Pistachio/VAD/vit-features/train/normal/industrial_normal_less/hd120_all__5.npy,Normal
Pistachio/VAD/vit-features/train/normal/indoor_normal_more/000000328767_all__3.npy,Normal
Pistachio/VAD/vit-features/train/normal/commercial_normal_less/000000079894_all__9.npy,Normal
Pistachio/VAD/vit-features/train/normal/indoor_normal_less/000000092864_all__0.npy,Normal
Pistachio/VAD/vit-features/train/normal/road_normal_more/000000126219_all__8.npy,Normal
Pistachio/VAD/vit-features/train/normal/infrastructure_normal_less/000000355390_all__9.npy,Normal
Pistachio/VAD/vit-features/train/normal/infrastructure_normal_less/tun4_jpg.rf.3b28ebfbc96ecebd74e5268ab7029beb_all__3.npy,Normal
Pistachio/VAD/vit-features/train/normal/commercial_normal_less/000000027054_all__2.npy,Normal
Pistachio/VAD/vit-features/train/normal/indoor_normal_less/000000016211_all__0.npy,Normal
Pistachio/VAD/vit-features/train/normal/indoor_normal_less/000000063494_all__9.npy,Normal
Pistachio/VAD/vit-features/train/normal/infrastructure_normal_less/R1WNRXI36H05_all__8.npy,Normal
Pistachio/VAD/vit-features/train/normal/indoor_normal_more/000000310352_all__4.npy,Normal
Pistachio/VAD/vit-features/train/normal/commercial_normal_less/000000053944_all__3.npy,Normal
Pistachio/VAD/vit-features/train/normal/industrial_normal_more/000000252578_all__2.npy,Normal
Pistachio/VAD/vit-features/train/normal/infrastructure_normal_less/FMU9B0X9VI7W_all__3.npy,Normal
Pistachio/VAD/vit-features/train/normal/infrastructure_normal_less/000000255939_all__9.npy,Normal
Pistachio/VAD/vit-features/train/normal/indoor_normal_less/000000136610_all__6.npy,Normal
Pistachio/VAD/vit-features/train/normal/road_normal_less/000000034332_all__3.npy,Normal
Pistachio/VAD/vit-features/train/normal/outdoor_normal_more/000000021274_all__4.npy,Normal
Pistachio/VAD/vit-features/train/normal/indoor_normal_less/000000059337_all__7.npy,Normal
Pistachio/VAD/vit-features/train/normal/infrastructure_normal_more/000000436832_all__6.npy,Normal
Pistachio/VAD/vit-features/train/normal/infrastructure_normal_less/000000463985_all__1.npy,Normal
Pistachio/VAD/vit-features/train/normal/commercial_normal_less/000000325841_all__2.npy,Normal
Pistachio/VAD/vit-features/train/normal/commercial_normal_less/000000034448_all__8.npy,Normal
Pistachio/VAD/vit-features/train/normal/industrial_normal_less/hd844_all__3.npy,Normal
Pistachio/VAD/vit-features/train/anomaly/outdoor_anomaly_more/animal_fight/000000016626_all__9.npy,animal_fight
Pistachio/VAD/vit-features/train/normal/road_normal_less/000000025600_all__1.npy,Normal
Pistachio/VAD/vit-features/train/normal/industrial_normal_less/hd245_all__0.npy,Normal
Pistachio/VAD/vit-features/train/anomaly/outdoor_anomaly_less/animal_fight/000000580531_all__3.npy,animal_fight
Pistachio/VAD/vit-features/train/normal/indoor_normal_less/000000040626_all__9.npy,Normal
Pistachio/VAD/vit-features/train/normal/commercial_normal_less/000000060238_all__2.npy,Normal
Pistachio/VAD/vit-features/train/anomaly/outdoor_anomaly_less/animal_fight/000000580531_all__4.npy,animal_fight
Pistachio/VAD/vit-features/train/normal/infrastructure_normal_less/000000262464_all__9.npy,Normal
Pistachio/VAD/vit-features/train/normal/infrastructure_normal_less/st24_jpg.rf.7e5e92a6415cf60e1962edbe220693f6_all__3.npy,Normal
Pistachio/VAD/vit-features/train/normal/indoor_normal_more/000000307308_all__9.npy,Normal
Pistachio/VAD/vit-features/train/normal/commercial_normal_less/000000325841_all__3.npy,Normal
Pistachio/VAD/vit-features/train/normal/commercial_normal_more/000000137335_all__8.npy,Normal
Pistachio/VAD/vit-features/train/anomaly/outdoor_anomaly_more/animal_fight/000000008441_all__7.npy,animal_fight
Pistachio/VAD/vit-features/train/normal/commercial_normal_less/000000076859_all__0.npy,Normal
Pistachio/VAD/vit-features/train/normal/commercial_normal_less/000000049538_all__8.npy,Normal
Pistachio/VAD/vit-features/train/normal/road_normal_less/000000041477_all__2.npy,Normal
Pistachio/VAD/vit-features/train/normal/industrial_normal_more/hd943_all__5.npy,Normal
Pistachio/VAD/vit-features/train/normal/road_normal_more/000000126219_all__2.npy,Normal
Pistachio/VAD/vit-features/train/normal/infrastructure_normal_less/000000119301_all__5.npy,Normal
Pistachio/VAD/vit-features/train/anomaly/outdoor_anomaly_less/animal_fight/000000580531_all__9.npy,animal_fight
Pistachio/VAD/vit-features/train/anomaly/outdoor_anomaly_more/animal_fight/000000011379_all__0.npy,animal_fight
Pistachio/VAD/vit-features/train/normal/industrial_normal_less/hd819_all__2.npy,Normal
Pistachio/VAD/vit-features/train/normal/infrastructure_normal_more/000000273585_all__5.npy,Normal
Pistachio/VAD/vit-features/train/normal/road_normal_more/000000133255_all__0.npy,Normal
Pistachio/VAD/vit-features/train/normal/infrastructure_normal_less/R1WNRXI36H05_all__2.npy,Normal
Pistachio/VAD/vit-features/train/normal/commercial_normal_less/000000363003_all__4.npy,Normal
Pistachio/VAD/vit-features/train/normal/outdoor_normal_more/000000124276_all__6.npy,Normal
Pistachio/VAD/vit-features/train/normal/industrial_normal_less/hd710_all__8.npy,Normal
Pistachio/VAD/vit-features/train/normal/commercial_normal_less/000000225181_all__7.npy,Normal
Pistachio/VAD/vit-features/train/normal/outdoor_normal_less/000000576504_all__6.npy,Normal
Pistachio/VAD/vit-features/train/normal/outdoor_normal_less/hd6711_all__4.npy,Normal
Pistachio/VAD/vit-features/train/normal/commercial_normal_less/000000038792_all__6.npy,Normal
Pistachio/VAD/vit-features/train/normal/industrial_normal_less/000000580299_all__2.npy,Normal
Pistachio/VAD/vit-features/train/normal/industrial_normal_less/hd436_all__2.npy,Normal
Pistachio/VAD/vit-features/train/normal/indoor_normal_less/000000042918_all__2.npy,Normal
Pistachio/VAD/vit-features/train/normal/commercial_normal_less/000000198059_all__9.npy,Normal
Pistachio/VAD/vit-features/train/normal/outdoor_normal_less/hd585_all__0.npy,Normal
Pistachio/VAD/vit-features/train/normal/indoor_normal_less/000000069760_all__7.npy,Normal
Pistachio/VAD/vit-features/train/normal/road_normal_more/000000128540_all__5.npy,Normal
Pistachio/VAD/vit-features/train/normal/commercial_normal_more/000000126219_all__3.npy,Normal
Pistachio/VAD/vit-features/train/normal/commercial_normal_more/000000136794_all__4.npy,Normal
Pistachio/VAD/vit-features/train/anomaly/outdoor_anomaly_less/animal_fight/000000580531_all__1.npy,animal_fight
Pistachio/VAD/vit-features/train/normal/industrial_normal_less/hd679_all__5.npy,Normal
Pistachio/VAD/vit-features/train/normal/road_normal_less/000000032950_all__7.npy,Normal
Pistachio/VAD/vit-features/train/normal/commercial_normal_less/000000026580_all__2.npy,Normal
Pistachio/VAD/vit-features/train/normal/industrial_normal_more/000000548642_all__3.npy,Normal
Pistachio/VAD/vit-features/train/normal/indoor_normal_less/000000058136_all__9.npy,Normal
Pistachio/VAD/vit-features/train/normal/infrastructure_normal_less/000000255127_all__8.npy,Normal
Pistachio/VAD/vit-features/train/normal/road_normal_less/000000046493_all__0.npy,Normal
Pistachio/VAD/vit-features/train/normal/commercial_normal_less/000000031336_all__9.npy,Normal
Pistachio/VAD/vit-features/train/anomaly/outdoor_anomaly_more/animal_fight/000000011379_all__3.npy,animal_fight
Pistachio/VAD/vit-features/train/normal/indoor_normal_less/000000233209_all__1.npy,Normal
Pistachio/VAD/vit-features/train/normal/infrastructure_normal_less/n58_jpg.rf.34943a1d99a2c8c66342248541f8dcc9_all__5.npy,Normal
Pistachio/VAD/vit-features/train/normal/indoor_normal_more/000000327256_all__3.npy,Normal
Pistachio/VAD/vit-features/train/normal/infrastructure_normal_less/M1BQ80HC4ZWA_all__2.npy,Normal
Pistachio/VAD/vit-features/train/normal/outdoor_normal_less/hd579_all__8.npy,Normal
Pistachio/VAD/vit-features/train/normal/indoor_normal_less/000000058136_all__0.npy,Normal
Pistachio/VAD/vit-features/train/normal/industrial_normal_less/hd823_all__6.npy,Normal
Pistachio/VAD/vit-features/train/normal/indoor_normal_less/000000233288_all__8.npy,Normal
Pistachio/VAD/vit-features/train/normal/industrial_normal_less/hd862_all__4.npy,Normal
Pistachio/VAD/vit-features/train/normal/industrial_normal_more/000000522313_all__6.npy,Normal
Pistachio/VAD/vit-features/train/normal/indoor_normal_more/000000301789_all__6.npy,Normal
Pistachio/VAD/vit-features/train/normal/infrastructure_normal_less/rect4_jpeg.rf.16d5f9710e81be2e3affd2b4e861b79a_all__4.npy,Normal
Pistachio/VAD/vit-features/train/normal/industrial_normal_more/hd941_all__0.npy,Normal
Pistachio/VAD/vit-features/train/normal/road_normal_less/000000046363_all__2.npy,Normal
Pistachio/VAD/vit-features/train/normal/outdoor_normal_less/000000008082_all__0.npy,Normal
Pistachio/VAD/vit-features/train/normal/commercial_normal_less/000000365992_all__0.npy,Normal
Pistachio/VAD/vit-features/train/normal/indoor_normal_less/000000244927_all__6.npy,Normal
Pistachio/VAD/vit-features/train/normal/industrial_normal_less/000000473738_all__8.npy,Normal
Pistachio/VAD/vit-features/train/normal/commercial_normal_less/000000058183_all__7.npy,Normal
Pistachio/VAD/vit-features/train/normal/industrial_normal_less/hd618_all__9.npy,Normal
Pistachio/VAD/vit-features/train/normal/indoor_normal_less/000000062471_all__7.npy,Normal
Pistachio/VAD/vit-features/train/normal/infrastructure_normal_less/s3_png.rf.95ef392067cc2fa09e9ce97cca84fe0b_all__8.npy,Normal
Pistachio/VAD/vit-features/train/normal/outdoor_normal_less/000000016921_all__9.npy,Normal
Pistachio/VAD/vit-features/train/normal/outdoor_normal_less/I11DSPRDSXV6_all__9.npy,Normal
Pistachio/VAD/vit-features/train/normal/industrial_normal_less/hd852_all__3.npy,Normal
Pistachio/VAD/vit-features/train/normal/road_normal_less/000000026923_all__2.npy,Normal
Pistachio/VAD/vit-features/train/normal/infrastructure_normal_more/000000343931_all__5.npy,Normal
Pistachio/VAD/vit-features/train/anomaly/outdoor_anomaly_more/animal_fight/000000007843_all__6.npy,animal_fight
Pistachio/VAD/vit-features/train/normal/infrastructure_normal_less/310_jpg.rf.99c8be199a72872163225647e184bf8f_all__3.npy,Normal
Pistachio/VAD/vit-features/train/normal/commercial_normal_less/000000056153_all__2.npy,Normal
Pistachio/VAD/vit-features/train/normal/road_normal_less/000000032210_all__0.npy,Normal
Pistachio/VAD/vit-features/train/normal/industrial_normal_less/hd300_all__0.npy,Normal
Pistachio/VAD/vit-features/train/normal/commercial_normal_less/000000287812_all__4.npy,Normal
Pistachio/VAD/vit-features/train/normal/commercial_normal_less/000000082200_all__4.npy,Normal
Pistachio/VAD/vit-features/train/normal/outdoor_normal_more/000000057826_all__6.npy,Normal
Pistachio/VAD/vit-features/train/normal/indoor_normal_less/000000023403_all__1.npy,Normal
Pistachio/VAD/vit-features/train/anomaly/outdoor_anomaly_more/animal_fight/000000007843_all__8.npy,animal_fight
Pistachio/VAD/vit-features/train/normal/road_normal_less/000000459818_all__9.npy,Normal
Pistachio/VAD/vit-features/train/normal/infrastructure_normal_more/000000529194_all__8.npy,Normal
Pistachio/VAD/vit-features/train/anomaly/outdoor_anomaly_more/animal_fight/000000007843_all__2.npy,animal_fight
Pistachio/VAD/vit-features/train/normal/road_normal_less/000000017037_all__9.npy,Normal
Pistachio/VAD/vit-features/train/normal/indoor_normal_less/000000022248_all__0.npy,Normal
Pistachio/VAD/vit-features/train/normal/indoor_normal_more/000000342053_all__8.npy,Normal
Pistachio/VAD/vit-features/train/normal/industrial_normal_less/hd443_all__8.npy,Normal
Pistachio/VAD/vit-features/train/normal/commercial_normal_less/000000046593_all__1.npy,Normal
Pistachio/VAD/vit-features/train/normal/road_normal_more/000000138709_all__1.npy,Normal
Pistachio/VAD/vit-features/train/normal/industrial_normal_less/hd534_all__1.npy,Normal
Pistachio/VAD/vit-features/train/normal/road_normal_less/000000015332_all__8.npy,Normal
Pistachio/VAD/vit-features/train/normal/indoor_normal_less/000000027001_all__0.npy,Normal
Pistachio/VAD/vit-features/train/normal/commercial_normal_less/000000071094_all__0.npy,Normal
Pistachio/VAD/vit-features/train/normal/commercial_normal_less/000000036760_all__9.npy,Normal
Pistachio/VAD/vit-features/train/normal/commercial_normal_less/000000041917_all__4.npy,Normal
Pistachio/VAD/vit-features/train/normal/outdoor_normal_less/hd771_all__6.npy,Normal
Pistachio/VAD/vit-features/train/normal/outdoor_normal_less/hd618_all__6.npy,Normal
Pistachio/VAD/vit-features/train/normal/outdoor_normal_less/hd618_all__1.npy,Normal
Pistachio/VAD/vit-features/train/normal/indoor_normal_more/000000308233_all__6.npy,Normal
Pistachio/VAD/vit-features/train/normal/commercial_normal_less/000000066756_all__8.npy,Normal
Pistachio/VAD/vit-features/train/normal/infrastructure_normal_more/000000552386_all__8.npy,Normal
Pistachio/VAD/vit-features/train/normal/road_normal_more/000000139832_all__7.npy,Normal
Pistachio/VAD/vit-features/train/normal/road_normal_more/000000129354_all__1.npy,Normal
Pistachio/VAD/vit-features/train/normal/outdoor_normal_more/000000140837_all__2.npy,Normal
Pistachio/VAD/vit-features/train/normal/commercial_normal_less/000000027788_all__4.npy,Normal
Pistachio/VAD/vit-features/train/normal/indoor_normal_less/000000037597_all__3.npy,Normal
Pistachio/VAD/vit-features/train/normal/infrastructure_normal_less/000000151014_all__4.npy,Normal
Pistachio/VAD/vit-features/train/normal/road_normal_less/000000012355_all__2.npy,Normal
Pistachio/VAD/vit-features/train/normal/commercial_normal_less/000000056909_all__3.npy,Normal
Pistachio/VAD/vit-features/train/normal/outdoor_normal_less/000000020594_all__5.npy,Normal
Pistachio/VAD/vit-features/train/normal/outdoor_normal_less/hd580_all__6.npy,Normal
Pistachio/VAD/vit-features/train/normal/outdoor_normal_less/E4JOW7HYGMQT_all__1.npy,Normal
Pistachio/VAD/vit-features/train/normal/indoor_normal_less/000000075958_all__5.npy,Normal
Pistachio/VAD/vit-features/train/normal/industrial_normal_less/hd575_all__8.npy,Normal
Pistachio/VAD/vit-features/train/normal/indoor_normal_less/000000202236_all__6.npy,Normal
Pistachio/VAD/vit-features/train/normal/road_normal_less/000000037448_all__6.npy,Normal
Pistachio/VAD/vit-features/train/normal/industrial_normal_less/hd04_all__5.npy,Normal
Pistachio/VAD/vit-features/train/anomaly/outdoor_anomaly_less/animal_fight/000000574306_all__9.npy,animal_fight
Pistachio/VAD/vit-features/train/normal/infrastructure_normal_more/000000252152_all__5.npy,Normal
Pistachio/VAD/vit-features/train/normal/infrastructure_normal_less/207_jpg.rf.79692f80bf5fc134a457c7bb2a13a93c_all__7.npy,Normal
Pistachio/VAD/vit-features/train/normal/commercial_normal_less/000000040159_all__4.npy,Normal
Pistachio/VAD/vit-features/train/normal/indoor_normal_less/000000058274_all__4.npy,Normal
Pistachio/VAD/vit-features/train/normal/commercial_normal_less/000000046593_all__3.npy,Normal
Pistachio/VAD/vit-features/train/normal/infrastructure_normal_less/UTIPV1L5DL4O_all__2.npy,Normal
Pistachio/VAD/vit-features/train/normal/industrial_normal_less/hd220_all__8.npy,Normal
Pistachio/VAD/vit-features/train/normal/indoor_normal_more/000000320583_all__6.npy,Normal
Pistachio/VAD/vit-features/train/normal/infrastructure_normal_less/000000449568_all__0.npy,Normal
Pistachio/VAD/vit-features/train/normal/road_normal_more/000000139770_all__9.npy,Normal
Pistachio/VAD/vit-features/train/normal/commercial_normal_less/000000046751_all__0.npy,Normal
Pistachio/VAD/vit-features/train/normal/commercial_normal_more/000000129354_all__6.npy,Normal
Pistachio/VAD/vit-features/train/normal/outdoor_normal_more/000000053693_all__9.npy,Normal
Pistachio/VAD/vit-features/train/normal/industrial_normal_less/hd619_all__3.npy,Normal
Pistachio/VAD/vit-features/train/normal/industrial_normal_more/000000137084_all__5.npy,Normal
Pistachio/VAD/vit-features/train/normal/commercial_normal_less/000000039294_all__9.npy,Normal
Pistachio/VAD/vit-features/train/normal/commercial_normal_more/000000129091_all__8.npy,Normal
Pistachio/VAD/vit-features/train/normal/outdoor_normal_less/G0EXB1SYMAYY_all__2.npy,Normal
Pistachio/VAD/vit-features/train/normal/infrastructure_normal_less/000000262464_all__5.npy,Normal
Pistachio/VAD/vit-features/train/normal/road_normal_less/000000013181_all__2.npy,Normal
Pistachio/VAD/vit-features/train/normal/indoor_normal_less/000000233221_all__9.npy,Normal
Pistachio/VAD/vit-features/train/normal/road_normal_less/000000039059_all__7.npy,Normal
Pistachio/VAD/vit-features/train/normal/indoor_normal_more/000000306843_all__6.npy,Normal
Pistachio/VAD/vit-features/train/normal/indoor_normal_less/000000080778_all__8.npy,Normal
Pistachio/VAD/vit-features/train/normal/road_normal_less/000000029242_all__5.npy,Normal
Pistachio/VAD/vit-features/train/normal/infrastructure_normal_more/000000089581_all__4.npy,Normal
Pistachio/VAD/vit-features/train/normal/outdoor_normal_less/000000017937_all__1.npy,Normal
Pistachio/VAD/vit-features/train/normal/commercial_normal_more/000000136419_all__8.npy,Normal
Pistachio/VAD/vit-features/train/normal/road_normal_more/000000136252_all__2.npy,Normal
Pistachio/VAD/vit-features/train/normal/road_normal_less/000000020793_all__4.npy,Normal
Pistachio/VAD/vit-features/train/normal/indoor_normal_less/000000019676_all__3.npy,Normal
Pistachio/VAD/vit-features/train/normal/outdoor_normal_less/FSZVLQONATT2_all__3.npy,Normal
Pistachio/VAD/vit-features/train/normal/indoor_normal_less/000000193873_all__8.npy,Normal
Pistachio/VAD/vit-features/train/normal/infrastructure_normal_more/000000269241_all__8.npy,Normal
Pistachio/VAD/vit-features/train/normal/road_normal_less/000000195643_all__9.npy,Normal
Pistachio/VAD/vit-features/train/normal/indoor_normal_more/000000313894_all__6.npy,Normal
Pistachio/VAD/vit-features/train/normal/indoor_normal_less/000000237694_all__8.npy,Normal
Pistachio/VAD/vit-features/train/normal/commercial_normal_less/000000063412_all__4.npy,Normal
Pistachio/VAD/vit-features/train/normal/outdoor_normal_less/000000572389_all__4.npy,Normal
Pistachio/VAD/vit-features/train/normal/industrial_normal_more/000000133177_all__1.npy,Normal
Pistachio/VAD/vit-features/train/normal/indoor_normal_less/000000055082_all__4.npy,Normal
Pistachio/VAD/vit-features/train/normal/infrastructure_normal_less/R7D5LIY53U57_all__2.npy,Normal
Pistachio/VAD/vit-features/train/normal/commercial_normal_less/000000053848_all__7.npy,Normal
Pistachio/VAD/vit-features/train/normal/indoor_normal_more/000000325403_all__3.npy,Normal
Pistachio/VAD/vit-features/train/normal/road_normal_less/000000041000_all__5.npy,Normal
Pistachio/VAD/vit-features/train/normal/commercial_normal_more/000000138091_all__0.npy,Normal
Pistachio/VAD/vit-features/train/normal/commercial_normal_less/000000039461_all__7.npy,Normal
Pistachio/VAD/vit-features/train/normal/commercial_normal_less/000000061542_all__0.npy,Normal
Pistachio/VAD/vit-features/train/normal/outdoor_normal_less/hd553_all__5.npy,Normal
Pistachio/VAD/vit-features/train/normal/infrastructure_normal_less/8RCSDTZR91JM_all__3.npy,Normal
Pistachio/VAD/vit-features/train/normal/infrastructure_normal_more/000000427678_all__5.npy,Normal
Pistachio/VAD/vit-features/train/normal/road_normal_less/000000193797_all__9.npy,Normal
Pistachio/VAD/vit-features/train/normal/indoor_normal_less/000000224840_all__8.npy,Normal
Pistachio/VAD/vit-features/train/normal/industrial_normal_less/hd542_all__9.npy,Normal
Pistachio/VAD/vit-features/train/normal/road_normal_less/000000019137_all__5.npy,Normal
Pistachio/VAD/vit-features/train/normal/industrial_normal_less/hd170_all__5.npy,Normal
Pistachio/VAD/vit-features/train/normal/commercial_normal_more/000000135569_all__8.npy,Normal
Pistachio/VAD/vit-features/train/anomaly/outdoor_anomaly_more/animal_fight/000000016626_all__0.npy,animal_fight
Pistachio/VAD/vit-features/train/normal/outdoor_normal_less/hd765_all__4.npy,Normal
Pistachio/VAD/vit-features/train/normal/outdoor_normal_less/000000577689_all__1.npy,Normal
Pistachio/VAD/vit-features/train/normal/road_normal_less/000000052172_all__6.npy,Normal
Pistachio/VAD/vit-features/train/normal/indoor_normal_less/000000018556_all__4.npy,Normal
Pistachio/VAD/vit-features/train/normal/road_normal_less/000000013669_all__4.npy,Normal
Pistachio/VAD/vit-features/train/normal/industrial_normal_less/hd918_all__7.npy,Normal
Pistachio/VAD/vit-features/train/normal/outdoor_normal_more/000000139295_all__5.npy,Normal
Pistachio/VAD/vit-features/train/normal/infrastructure_normal_less/000000505466_all__2.npy,Normal
Pistachio/VAD/vit-features/train/normal/commercial_normal_less/000000028074_all__5.npy,Normal
Pistachio/VAD/vit-features/train/normal/infrastructure_normal_less/st24_jpg.rf.7e5e92a6415cf60e1962edbe220693f6_all__6.npy,Normal
Pistachio/VAD/vit-features/train/normal/road_normal_less/000000015833_all__4.npy,Normal
Pistachio/VAD/vit-features/train/normal/industrial_normal_less/hd832_all__3.npy,Normal
Pistachio/VAD/vit-features/train/anomaly/outdoor_anomaly_less/animal_fight/000000574306_all__5.npy,animal_fight
Pistachio/VAD/vit-features/train/normal/infrastructure_normal_less/377VSO14TOQT_all__5.npy,Normal
Pistachio/VAD/vit-features/train/normal/commercial_normal_more/000000133474_all__5.npy,Normal
Pistachio/VAD/vit-features/train/normal/commercial_normal_more/000000127833_all__5.npy,Normal
Pistachio/VAD/vit-features/train/normal/commercial_normal_less/000000052046_all__0.npy,Normal
Pistachio/VAD/vit-features/train/normal/industrial_normal_less/hd156_all__2.npy,Normal
Pistachio/VAD/vit-features/train/anomaly/outdoor_anomaly_more/animal_fight/000000008441_all__3.npy,animal_fight
Pistachio/VAD/vit-features/train/normal/industrial_normal_less/hd852_all__8.npy,Normal
Pistachio/VAD/vit-features/train/normal/infrastructure_normal_less/VFIZZ8G78MHL_all__9.npy,Normal
Pistachio/VAD/vit-features/train/normal/commercial_normal_less/000000063659_all__1.npy,Normal
Pistachio/VAD/vit-features/train/normal/outdoor_normal_more/000000124768_all__6.npy,Normal
Pistachio/VAD/vit-features/train/normal/commercial_normal_less/000000052694_all__2.npy,Normal
Pistachio/VAD/vit-features/train/normal/outdoor_normal_less/000000019323_all__0.npy,Normal
Pistachio/VAD/vit-features/train/normal/infrastructure_normal_less/FO9OLZKCVTGW_all__8.npy,Normal
Pistachio/VAD/vit-features/train/normal/road_normal_more/000000128593_all__2.npy,Normal
Pistachio/VAD/vit-features/train/normal/indoor_normal_less/000000052117_all__6.npy,Normal
Pistachio/VAD/vit-features/train/normal/infrastructure_normal_less/000000017974_all__2.npy,Normal
Pistachio/VAD/vit-features/train/normal/infrastructure_normal_less/bv98_jpg.rf.16e5d6ae8ad1bed7610d2b092bc68786_all__3.npy,Normal
Pistachio/VAD/vit-features/train/normal/indoor_normal_less/000000150802_all__5.npy,Normal
Pistachio/VAD/vit-features/train/anomaly/outdoor_anomaly_more/animal_fight/000000007843_all__9.npy,animal_fight
Pistachio/VAD/vit-features/train/normal/infrastructure_normal_less/7_jpg.rf.eaf2fa34879668321d252e0bb36470b8_all__0.npy,Normal
Pistachio/VAD/vit-features/train/anomaly/outdoor_anomaly_more/animal_fight/000000011379_all__6.npy,animal_fight
Pistachio/VAD/vit-features/train/normal/infrastructure_normal_less/st14_jpg.rf.782a28917b2481bab23bc14271880203_all__1.npy,Normal
Pistachio/VAD/vit-features/train/normal/outdoor_normal_less/000000008976_all__5.npy,Normal
Pistachio/VAD/vit-features/train/normal/commercial_normal_less/000000032062_all__8.npy,Normal
Pistachio/VAD/vit-features/train/normal/indoor_normal_less/000000029549_all__9.npy,Normal
Pistachio/VAD/vit-features/train/normal/infrastructure_normal_more/000000384144_all__0.npy,Normal
Pistachio/VAD/vit-features/train/normal/outdoor_normal_less/0VEJDO4MFOFE_all__9.npy,Normal
Pistachio/VAD/vit-features/train/normal/commercial_normal_more/000000124666_all__8.npy,Normal
Pistachio/VAD/vit-features/train/normal/road_normal_more/000000131962_all__3.npy,Normal
Pistachio/VAD/vit-features/train/normal/commercial_normal_less/000000073279_all__2.npy,Normal
Pistachio/VAD/vit-features/train/normal/infrastructure_normal_less/x103_jpg.rf.beaffb75c9f70851296b078f23203cae_all__4.npy,Normal
Pistachio/VAD/vit-features/train/normal/road_normal_more/000000136419_all__9.npy,Normal
Pistachio/VAD/vit-features/train/normal/commercial_normal_less/000000053377_all__5.npy,Normal
Pistachio/VAD/vit-features/train/normal/commercial_normal_more/000000131707_all__1.npy,Normal
Pistachio/VAD/vit-features/train/normal/infrastructure_normal_more/000000291338_all__9.npy,Normal
Pistachio/VAD/vit-features/train/normal/infrastructure_normal_less/D5DXHRQAH14E_all__5.npy,Normal
Pistachio/VAD/vit-features/train/normal/industrial_normal_more/hd11_all__9.npy,Normal
Pistachio/VAD/vit-features/train/anomaly/outdoor_anomaly_more/animal_fight/000000007843_all__7.npy,animal_fight
Pistachio/VAD/vit-features/train/normal/commercial_normal_more/000000137947_all__4.npy,Normal
Pistachio/VAD/vit-features/train/normal/infrastructure_normal_less/000000309594_all__1.npy,Normal
Pistachio/VAD/vit-features/train/normal/industrial_normal_less/hd142_all__7.npy,Normal
Pistachio/VAD/vit-features/train/normal/road_normal_less/000000029660_all__4.npy,Normal
Pistachio/VAD/vit-features/train/normal/commercial_normal_more/000000129239_all__7.npy,Normal
Pistachio/VAD/vit-features/train/normal/industrial_normal_less/hd533_all__5.npy,Normal
Pistachio/VAD/vit-features/train/normal/indoor_normal_less/000000231533_all__1.npy,Normal
Pistachio/VAD/vit-features/train/normal/indoor_normal_less/000000229729_all__9.npy,Normal
Pistachio/VAD/vit-features/train/normal/outdoor_normal_less/000000017682_all__2.npy,Normal
Pistachio/VAD/vit-features/train/normal/infrastructure_normal_less/000000273585_all__5.npy,Normal
Pistachio/VAD/vit-features/train/normal/indoor_normal_less/000000219055_all__3.npy,Normal
Pistachio/VAD/vit-features/train/normal/industrial_normal_more/000000361187_all__0.npy,Normal
Pistachio/VAD/vit-features/train/normal/commercial_normal_less/000000369946_all__6.npy,Normal
Pistachio/VAD/vit-features/train/normal/indoor_normal_less/000000203961_all__1.npy,Normal
Pistachio/VAD/vit-features/train/normal/commercial_normal_less/000000067999_all__0.npy,Normal
Pistachio/VAD/vit-features/train/normal/road_normal_less/000000038377_all__1.npy,Normal
Pistachio/VAD/vit-features/train/normal/road_normal_less/000000018720_all__0.npy,Normal
Pistachio/VAD/vit-features/train/normal/infrastructure_normal_less/9_jpg.rf.fa059b3b174ca58070260348b217612b_all__0.npy,Normal
Pistachio/VAD/vit-features/train/normal/indoor_normal_less/000000054170_all__2.npy,Normal
Pistachio/VAD/vit-features/train/normal/industrial_normal_less/hd728_all__0.npy,Normal
Pistachio/VAD/vit-features/train/anomaly/outdoor_anomaly_more/animal_fight/000000011379_all__4.npy,animal_fight
Pistachio/VAD/vit-features/train/normal/commercial_normal_less/000000285277_all__8.npy,Normal
Pistachio/VAD/vit-features/train/normal/infrastructure_normal_less/000000241627_all__5.npy,Normal
Pistachio/VAD/vit-features/train/normal/indoor_normal_more/000000334604_all__8.npy,Normal
Pistachio/VAD/vit-features/train/normal/infrastructure_normal_less/000000040644_all__7.npy,Normal
Pistachio/VAD/vit-features/train/normal/commercial_normal_less/000000083952_all__1.npy,Normal
Pistachio/VAD/vit-features/train/anomaly/outdoor_anomaly_more/animal_fight/000000011379_all__2.npy,animal_fight
Pistachio/VAD/vit-features/train/normal/commercial_normal_less/000000028726_all__8.npy,Normal
Pistachio/VAD/vit-features/train/normal/road_normal_less/000000026714_all__1.npy,Normal
Pistachio/VAD/vit-features/train/normal/industrial_normal_less/hd194_all__6.npy,Normal
Pistachio/VAD/vit-features/train/normal/industrial_normal_less/hd834_all__4.npy,Normal
Pistachio/VAD/vit-features/train/normal/road_normal_more/000000132653_all__5.npy,Normal
Pistachio/VAD/vit-features/train/normal/industrial_normal_less/hd638_all__5.npy,Normal
Pistachio/VAD/vit-features/train/normal/road_normal_more/000000134308_all__3.npy,Normal
Pistachio/VAD/vit-features/train/anomaly/outdoor_anomaly_more/animal_fight/000000016626_all__7.npy,animal_fight
Pistachio/VAD/vit-features/train/normal/industrial_normal_more/hd448_all__9.npy,Normal
Pistachio/VAD/vit-features/train/normal/commercial_normal_less/000000034676_all__4.npy,Normal
Pistachio/VAD/vit-features/train/normal/indoor_normal_less/000000080241_all__2.npy,Normal
Pistachio/VAD/vit-features/train/normal/outdoor_normal_less/hd6701_all__0.npy,Normal
Pistachio/VAD/vit-features/train/normal/commercial_normal_less/000000041495_all__3.npy,Normal
Pistachio/VAD/vit-features/train/anomaly/outdoor_anomaly_more/animal_fight/000000008441_all__8.npy,animal_fight
Pistachio/VAD/vit-features/train/normal/outdoor_normal_more/000000140058_all__7.npy,Normal
Pistachio/VAD/vit-features/train/normal/indoor_normal_less/000000235533_all__5.npy,Normal
Pistachio/VAD/vit-features/train/normal/road_normal_less/000000052042_all__6.npy,Normal
Pistachio/VAD/vit-features/train/normal/outdoor_normal_less/hd771_all__5.npy,Normal
Pistachio/VAD/vit-features/train/normal/industrial_normal_less/000000412192_all__4.npy,Normal
Pistachio/VAD/vit-features/train/normal/commercial_normal_less/000000083273_all__7.npy,Normal
Pistachio/VAD/vit-features/train/normal/infrastructure_normal_less/000000363235_all__5.npy,Normal
Pistachio/VAD/vit-features/train/normal/commercial_normal_less/000000083425_all__7.npy,Normal
Pistachio/VAD/vit-features/train/normal/industrial_normal_more/000000195040_all__8.npy,Normal
Pistachio/VAD/vit-features/train/normal/outdoor_normal_less/hd784_all__6.npy,Normal
Pistachio/VAD/vit-features/train/normal/indoor_normal_more/000000339542_all__6.npy,Normal
Pistachio/VAD/vit-features/train/normal/infrastructure_normal_less/300_jpg.rf.23049f32710ce72b78d133723844bb01_all__5.npy,Normal
Pistachio/VAD/vit-features/train/normal/outdoor_normal_less/000000016443_all__8.npy,Normal
Pistachio/VAD/vit-features/train/normal/road_normal_more/000000136327_all__2.npy,Normal
Pistachio/VAD/vit-features/train/normal/road_normal_less/000000012746_all__3.npy,Normal
Pistachio/VAD/vit-features/train/normal/infrastructure_normal_less/306_jpg.rf.78ee00167eef9655e2dc5fa8f6721c7c_all__6.npy,Normal
Pistachio/VAD/vit-features/train/normal/outdoor_normal_less/000000018855_all__9.npy,Normal
Pistachio/VAD/vit-features/train/normal/infrastructure_normal_less/n49_jpg.rf.fcca77dd136fcc3721851c4e5d079b44_all__0.npy,Normal
Pistachio/VAD/vit-features/train/normal/infrastructure_normal_less/em1_jpg.rf.acbe5c2a84c3d1d6e7d2bc3bc8a0e4a0_all__7.npy,Normal
Pistachio/VAD/vit-features/train/normal/outdoor_normal_less/000000019323_all__7.npy,Normal
Pistachio/VAD/vit-features/train/normal/commercial_normal_more/000000128945_all__3.npy,Normal
Pistachio/VAD/vit-features/train/normal/commercial_normal_less/000000066756_all__0.npy,Normal
Pistachio/VAD/vit-features/train/normal/road_normal_less/000000017929_all__0.npy,Normal
Pistachio/VAD/vit-features/train/normal/commercial_normal_less/000000067124_all__8.npy,Normal
Pistachio/VAD/vit-features/train/normal/indoor_normal_more/000000307769_all__3.npy,Normal
Pistachio/VAD/vit-features/train/normal/commercial_normal_less/000000364998_all__7.npy,Normal
Pistachio/VAD/vit-features/train/normal/road_normal_less/000000032573_all__5.npy,Normal
Pistachio/VAD/vit-features/train/normal/infrastructure_normal_less/C5H64L430FGQ_all__9.npy,Normal
Pistachio/VAD/vit-features/train/normal/road_normal_more/000000139832_all__8.npy,Normal
Pistachio/VAD/vit-features/train/normal/commercial_normal_less/000000039719_all__7.npy,Normal
Pistachio/VAD/vit-features/train/normal/commercial_normal_less/000000030111_all__5.npy,Normal
Pistachio/VAD/vit-features/train/normal/road_normal_less/000000037924_all__8.npy,Normal
Pistachio/VAD/vit-features/train/normal/outdoor_normal_less/000000023037_all__4.npy,Normal
Pistachio/VAD/vit-features/train/normal/indoor_normal_less/000000028975_all__6.npy,Normal
Pistachio/VAD/vit-features/train/normal/outdoor_normal_less/000000018500_all__4.npy,Normal
Pistachio/VAD/vit-features/train/normal/indoor_normal_less/000000236877_all__8.npy,Normal
Pistachio/VAD/vit-features/train/normal/commercial_normal_less/000000040528_all__9.npy,Normal
Pistachio/VAD/vit-features/train/normal/road_normal_less/000000018204_all__1.npy,Normal
Pistachio/VAD/vit-features/train/normal/outdoor_normal_less/000000571509_all__3.npy,Normal
Pistachio/VAD/vit-features/train/normal/indoor_normal_less/000000234067_all__3.npy,Normal
Pistachio/VAD/vit-features/train/normal/commercial_normal_less/000000066749_all__0.npy,Normal
Pistachio/VAD/vit-features/train/normal/indoor_normal_less/000000207193_all__1.npy,Normal
Pistachio/VAD/vit-features/train/normal/infrastructure_normal_less/FFRG7F9YRLWI_all__4.npy,Normal
Pistachio/VAD/vit-features/train/normal/road_normal_more/000000138596_all__2.npy,Normal
Pistachio/VAD/vit-features/train/normal/industrial_normal_less/hd648_all__0.npy,Normal
Pistachio/VAD/vit-features/train/normal/industrial_normal_less/hd646_all__6.npy,Normal
Pistachio/VAD/vit-features/train/normal/industrial_normal_less/hd445_all__1.npy,Normal
Pistachio/VAD/vit-features/train/normal/road_normal_less/000000052697_all__6.npy,Normal
Pistachio/VAD/vit-features/train/normal/road_normal_more/000000131479_all__2.npy,Normal
Pistachio/VAD/vit-features/train/normal/road_normal_less/000000024865_all__5.npy,Normal
Pistachio/VAD/vit-features/train/normal/infrastructure_normal_less/235_jpg.rf.8b8a8b2cd4f373b3cf761b4b80ce11f2_all__5.npy,Normal
Pistachio/VAD/vit-features/train/normal/industrial_normal_less/000000392540_all__4.npy,Normal
Pistachio/VAD/vit-features/train/normal/commercial_normal_less/000000078272_all__6.npy,Normal
Pistachio/VAD/vit-features/train/normal/commercial_normal_more/000000129427_all__7.npy,Normal
Pistachio/VAD/vit-features/train/normal/road_normal_more/000000128540_all__1.npy,Normal
Pistachio/VAD/vit-features/train/normal/infrastructure_normal_less/IYH6YKJTI4TR_all__5.npy,Normal
Pistachio/VAD/vit-features/train/normal/commercial_normal_less/000000037305_all__7.npy,Normal
Pistachio/VAD/vit-features/train/normal/outdoor_normal_less/000000023414_all__9.npy,Normal
Pistachio/VAD/vit-features/train/normal/commercial_normal_less/000000070507_all__1.npy,Normal
Pistachio/VAD/vit-features/train/normal/infrastructure_normal_more/000000243534_all__5.npy,Normal
Pistachio/VAD/vit-features/train/anomaly/outdoor_anomaly_less/animal_fight/000000574306_all__8.npy,animal_fight
Pistachio/VAD/vit-features/train/normal/infrastructure_normal_less/229_jpg.rf.9166dab34364ca279be6473561bdd161_all__6.npy,Normal
Pistachio/VAD/vit-features/train/normal/infrastructure_normal_less/SGM6NJYZQW9G_all__9.npy,Normal
Pistachio/VAD/vit-features/train/normal/infrastructure_normal_less/NCK8REL083BO_all__5.npy,Normal
Pistachio/VAD/vit-features/train/normal/road_normal_less/000000019988_all__4.npy,Normal
Pistachio/VAD/vit-features/train/normal/commercial_normal_less/000000073142_all__2.npy,Normal
Pistachio/VAD/vit-features/train/normal/infrastructure_normal_more/000000412213_all__0.npy,Normal
Pistachio/VAD/vit-features/train/normal/indoor_normal_less/000000142224_all__1.npy,Normal
Pistachio/VAD/vit-features/train/anomaly/outdoor_anomaly_less/animal_fight/000000574306_all__1.npy,animal_fight
Pistachio/VAD/vit-features/train/normal/infrastructure_normal_less/340_jpg.rf.5bc3ab83dd1b6bebf42eb0fcd203788e_all__4.npy,Normal
Pistachio/VAD/vit-features/train/normal/road_normal_less/000000025205_all__0.npy,Normal
Pistachio/VAD/vit-features/train/normal/indoor_normal_less/000000235694_all__4.npy,Normal
Pistachio/VAD/vit-features/train/normal/indoor_normal_more/000000336803_all__7.npy,Normal
Pistachio/VAD/vit-features/train/normal/infrastructure_normal_more/000000205576_all__4.npy,Normal
Pistachio/VAD/vit-features/train/normal/road_normal_more/000000132927_all__9.npy,Normal
Pistachio/VAD/vit-features/train/normal/industrial_normal_less/hd377_all__6.npy,Normal
Pistachio/VAD/vit-features/train/normal/road_normal_less/000000049469_all__2.npy,Normal
Pistachio/VAD/vit-features/train/normal/indoor_normal_less/000000154091_all__6.npy,Normal
Pistachio/VAD/vit-features/train/normal/commercial_normal_less/000000053832_all__2.npy,Normal
Pistachio/VAD/vit-features/train/normal/infrastructure_normal_less/ARTM4AF0M8ER_all__4.npy,Normal
Pistachio/VAD/vit-features/train/normal/commercial_normal_more/000000124430_all__7.npy,Normal
Pistachio/VAD/vit-features/train/normal/industrial_normal_less/hd250_all__2.npy,Normal
Pistachio/VAD/vit-features/train/normal/indoor_normal_less/000000083491_all__9.npy,Normal
Pistachio/VAD/vit-features/train/normal/infrastructure_normal_less/8UATIY4QD0PU_all__8.npy,Normal
Pistachio/VAD/vit-features/train/normal/road_normal_less/000000026511_all__8.npy,Normal
Pistachio/VAD/vit-features/train/anomaly/outdoor_anomaly_less/animal_fight/000000577388_all__5.npy,animal_fight
Pistachio/VAD/vit-features/train/normal/industrial_normal_less/hd505_all__4.npy,Normal
Pistachio/VAD/vit-features/train/normal/commercial_normal_less/000000063834_all__8.npy,Normal
Pistachio/VAD/vit-features/train/normal/infrastructure_normal_less/000000478923_all__2.npy,Normal
Pistachio/VAD/vit-features/train/normal/infrastructure_normal_less/rect23_jpg.rf.4cfaaa4562fc56b3147a477d9135d059_all__8.npy,Normal
Pistachio/VAD/vit-features/train/normal/indoor_normal_more/000000330565_all__1.npy,Normal
Pistachio/VAD/vit-features/train/normal/infrastructure_normal_less/TY3ULUM99AI9_all__4.npy,Normal
Pistachio/VAD/vit-features/train/normal/road_normal_less/000000040976_all__2.npy,Normal
Pistachio/VAD/vit-features/train/normal/infrastructure_normal_less/230_jpg.rf.13822c014d133e7cae27792317c5ec1b_all__6.npy,Normal
Pistachio/VAD/vit-features/train/normal/outdoor_normal_less/000000571892_all__7.npy,Normal
Pistachio/VAD/vit-features/train/normal/industrial_normal_less/hd680_all__4.npy,Normal
Pistachio/VAD/vit-features/train/normal/infrastructure_normal_less/000000424280_all__6.npy,Normal
Pistachio/VAD/vit-features/train/normal/road_normal_more/000000091925_all__3.npy,Normal
Pistachio/VAD/vit-features/train/normal/industrial_normal_less/hd693_all__4.npy,Normal
Pistachio/VAD/vit-features/train/normal/infrastructure_normal_less/000000141528_all__9.npy,Normal
Pistachio/VAD/vit-features/train/normal/commercial_normal_less/000000073750_all__4.npy,Normal
Pistachio/VAD/vit-features/train/normal/infrastructure_normal_less/19_jpg.rf.a34610bc474c8e709e9976864eaaf4c4_all__6.npy,Normal
Pistachio/VAD/vit-features/train/normal/indoor_normal_less/000000139891_all__2.npy,Normal
Pistachio/VAD/vit-features/train/normal/infrastructure_normal_less/000000518967_all__0.npy,Normal
Pistachio/VAD/vit-features/train/normal/road_normal_less/000000049616_all__4.npy,Normal
Pistachio/VAD/vit-features/train/normal/indoor_normal_less/000000072231_all__3.npy,Normal
Pistachio/VAD/vit-features/train/normal/infrastructure_normal_more/000000368911_all__2.npy,Normal
Pistachio/VAD/vit-features/train/normal/commercial_normal_more/000000126752_all__6.npy,Normal
Pistachio/VAD/vit-features/train/normal/infrastructure_normal_less/11_jpg.rf.5b91359763848a419f64dc8ef46df290_all__3.npy,Normal
Pistachio/VAD/vit-features/train/normal/commercial_normal_less/000000081533_all__6.npy,Normal
Pistachio/VAD/vit-features/train/normal/infrastructure_normal_less/14SJCV6LIU9L_all__7.npy,Normal
Pistachio/VAD/vit-features/train/normal/indoor_normal_less/000000083392_all__5.npy,Normal
Pistachio/VAD/vit-features/train/normal/road_normal_less/000000033662_all__3.npy,Normal
Pistachio/VAD/vit-features/train/normal/outdoor_normal_more/000000039636_all__5.npy,Normal
Pistachio/VAD/vit-features/train/normal/industrial_normal_more/hd919_all__1.npy,Normal
Pistachio/VAD/vit-features/train/normal/industrial_normal_less/hd610_all__0.npy,Normal
Pistachio/VAD/vit-features/train/normal/outdoor_normal_less/000000023665_all__8.npy,Normal
Pistachio/VAD/vit-features/train/normal/road_normal_less/000000019459_all__2.npy,Normal
Pistachio/VAD/vit-features/train/normal/outdoor_normal_less/000000017668_all__7.npy,Normal
Pistachio/VAD/vit-features/train/normal/indoor_normal_more/000000319174_all__0.npy,Normal
Pistachio/VAD/vit-features/train/normal/industrial_normal_less/000000548642_all__8.npy,Normal
Pistachio/VAD/vit-features/train/normal/industrial_normal_less/hd460_all__5.npy,Normal
Pistachio/VAD/vit-features/train/normal/industrial_normal_less/hd410_all__0.npy,Normal
Pistachio/VAD/vit-features/train/normal/outdoor_normal_less/000000021203_all__3.npy,Normal
Pistachio/VAD/vit-features/train/normal/outdoor_normal_less/000000024863_all__0.npy,Normal
Pistachio/VAD/vit-features/train/normal/indoor_normal_more/000000303118_all__5.npy,Normal
Pistachio/VAD/vit-features/train/normal/commercial_normal_less/000000079692_all__8.npy,Normal
Pistachio/VAD/vit-features/train/normal/industrial_normal_less/hd463_all__8.npy,Normal
Pistachio/VAD/vit-features/train/normal/commercial_normal_less/000000357778_all__6.npy,Normal
Pistachio/VAD/vit-features/train/normal/industrial_normal_less/hd007_all__8.npy,Normal
Pistachio/VAD/vit-features/train/normal/outdoor_normal_less/REKKVRZ0QLQG_all__9.npy,Normal
Pistachio/VAD/vit-features/train/normal/road_normal_less/000000053105_all__9.npy,Normal
Pistachio/VAD/vit-features/train/normal/commercial_normal_more/000000128774_all__7.npy,Normal
Pistachio/VAD/vit-features/train/normal/indoor_normal_more/000000327206_all__7.npy,Normal
Pistachio/VAD/vit-features/train/normal/industrial_normal_less/hd206_all__7.npy,Normal
Pistachio/VAD/vit-features/train/normal/outdoor_normal_less/000000020881_all__2.npy,Normal
Pistachio/VAD/vit-features/train/normal/indoor_normal_more/000000323292_all__8.npy,Normal
Pistachio/VAD/vit-features/train/anomaly/outdoor_anomaly_less/animal_fight/000000577388_all__0.npy,animal_fight
Pistachio/VAD/vit-features/train/anomaly/outdoor_anomaly_less/animal_fight/000000574306_all__4.npy,animal_fight
Pistachio/VAD/vit-features/train/normal/commercial_normal_less/000000077927_all__8.npy,Normal
Pistachio/VAD/vit-features/train/normal/industrial_normal_more/hd276_all__1.npy,Normal
Pistachio/VAD/vit-features/train/normal/industrial_normal_less/hd686_all__9.npy,Normal
Pistachio/VAD/vit-features/train/normal/indoor_normal_less/000000193873_all__0.npy,Normal
Pistachio/VAD/vit-features/train/normal/industrial_normal_less/hd725_all__4.npy,Normal
Pistachio/VAD/vit-features/train/normal/commercial_normal_more/000000131091_all__3.npy,Normal
Pistachio/VAD/vit-features/train/normal/road_normal_less/000000042284_all__5.npy,Normal
Pistachio/VAD/vit-features/train/normal/infrastructure_normal_more/000000477450_all__7.npy,Normal
Pistachio/VAD/vit-features/train/normal/outdoor_normal_less/000000016658_all__0.npy,Normal
Pistachio/VAD/vit-features/train/normal/industrial_normal_less/hd679_all__4.npy,Normal
Pistachio/VAD/vit-features/train/normal/outdoor_normal_less/000000016921_all__6.npy,Normal
Pistachio/VAD/vit-features/train/anomaly/outdoor_anomaly_more/animal_fight/000000016626_all__8.npy,animal_fight
Pistachio/VAD/vit-features/train/normal/indoor_normal_less/000000059045_all__7.npy,Normal
Pistachio/VAD/vit-features/train/normal/commercial_normal_less/000000076706_all__3.npy,Normal
Pistachio/VAD/vit-features/train/normal/industrial_normal_less/hd145_all__6.npy,Normal
Pistachio/VAD/vit-features/train/normal/industrial_normal_less/hd23_all__4.npy,Normal
Pistachio/VAD/vit-features/train/normal/infrastructure_normal_less/rect26_jpg.rf.3d845e40ca4a5fc7458186c465ee659d_all__0.npy,Normal
Pistachio/VAD/vit-features/train/normal/commercial_normal_less/000000047310_all__4.npy,Normal
Pistachio/VAD/vit-features/train/normal/industrial_normal_less/hd193_all__5.npy,Normal
Pistachio/VAD/vit-features/train/normal/outdoor_normal_more/000000140031_all__0.npy,Normal
Pistachio/VAD/vit-features/train/normal/infrastructure_normal_more/000000328060_all__6.npy,Normal
Pistachio/VAD/vit-features/train/normal/indoor_normal_more/000000332624_all__6.npy,Normal
Pistachio/VAD/vit-features/train/anomaly/outdoor_anomaly_more/animal_fight/000000011379_all__7.npy,animal_fight
Pistachio/VAD/vit-features/train/normal/indoor_normal_less/000000137239_all__0.npy,Normal
Pistachio/VAD/vit-features/train/normal/commercial_normal_less/000000379019_all__4.npy,Normal
Pistachio/VAD/vit-features/train/normal/commercial_normal_more/000000131158_all__9.npy,Normal
Pistachio/VAD/vit-features/train/normal/commercial_normal_more/000000271550_all__2.npy,Normal
Pistachio/VAD/vit-features/train/normal/indoor_normal_less/000000065193_all__6.npy,Normal
Pistachio/VAD/vit-features/train/normal/commercial_normal_more/000000128266_all__6.npy,Normal
Pistachio/VAD/vit-features/train/normal/infrastructure_normal_less/000000430119_all__3.npy,Normal
Pistachio/VAD/vit-features/train/normal/road_normal_more/000000138495_all__5.npy,Normal
Pistachio/VAD/vit-features/train/normal/infrastructure_normal_less/000000281778_all__8.npy,Normal
Pistachio/VAD/vit-features/train/anomaly/outdoor_anomaly_more/animal_fight/000000008441_all__2.npy,animal_fight
Pistachio/VAD/vit-features/train/normal/industrial_normal_less/hd275_all__6.npy,Normal
Pistachio/VAD/vit-features/train/normal/commercial_normal_more/000000135830_all__0.npy,Normal
Pistachio/VAD/vit-features/train/normal/commercial_normal_less/000000039218_all__7.npy,Normal
Pistachio/VAD/vit-features/train/normal/infrastructure_normal_less/4XVLWCTOZBUG_all__1.npy,Normal
Pistachio/VAD/vit-features/train/normal/road_normal_less/000000048494_all__1.npy,Normal
Pistachio/VAD/vit-features/train/normal/indoor_normal_less/000000214645_all__6.npy,Normal
Pistachio/VAD/vit-features/train/normal/infrastructure_normal_less/300_jpg.rf.23049f32710ce72b78d133723844bb01_all__8.npy,Normal
Pistachio/VAD/vit-features/train/normal/infrastructure_normal_less/000000509284_all__4.npy,Normal
Pistachio/VAD/vit-features/train/normal/road_normal_less/000000035387_all__8.npy,Normal
Pistachio/VAD/vit-features/train/normal/road_normal_less/000000052697_all__5.npy,Normal
Pistachio/VAD/vit-features/train/normal/industrial_normal_less/hd278_all__2.npy,Normal
Pistachio/VAD/vit-features/train/normal/commercial_normal_less/000000342924_all__5.npy,Normal
Pistachio/VAD/vit-features/train/normal/infrastructure_normal_less/7Y22VZLPXV48_all__1.npy,Normal
Pistachio/VAD/vit-features/train/normal/road_normal_more/000000134156_all__4.npy,Normal
Pistachio/VAD/vit-features/train/normal/road_normal_less/000000033724_all__5.npy,Normal
Pistachio/VAD/vit-features/train/normal/industrial_normal_less/000000505249_all__1.npy,Normal
Pistachio/VAD/vit-features/train/normal/road_normal_more/000000135859_all__3.npy,Normal
Pistachio/VAD/vit-features/train/normal/indoor_normal_less/000000234838_all__5.npy,Normal
Pistachio/VAD/vit-features/train/normal/infrastructure_normal_less/000000416602_all__0.npy,Normal
Pistachio/VAD/vit-features/train/normal/indoor_normal_less/000000075589_all__2.npy,Normal
Pistachio/VAD/vit-features/train/normal/outdoor_normal_less/hd585_all__1.npy,Normal
Pistachio/VAD/vit-features/train/normal/industrial_normal_less/hd340_all__4.npy,Normal
Pistachio/VAD/vit-features/train/normal/outdoor_normal_more/000000140674_all__3.npy,Normal
Pistachio/VAD/vit-features/train/normal/commercial_normal_less/000000126320_all__7.npy,Normal
Pistachio/VAD/vit-features/train/normal/road_normal_more/000000138596_all__7.npy,Normal
Pistachio/VAD/vit-features/train/normal/infrastructure_normal_less/n74_jpeg.rf.bd9a6521d9d25a72d3e63870eefb33f5_all__7.npy,Normal
Pistachio/VAD/vit-features/train/normal/infrastructure_normal_less/000000506827_all__0.npy,Normal
Pistachio/VAD/vit-features/train/normal/commercial_normal_less/000000383374_all__4.npy,Normal
Pistachio/VAD/vit-features/train/anomaly/outdoor_anomaly_more/animal_fight/000000008441_all__1.npy,animal_fight
Pistachio/VAD/vit-features/train/normal/outdoor_normal_less/000000011731_all__7.npy,Normal
Pistachio/VAD/vit-features/train/normal/industrial_normal_less/hd811_all__2.npy,Normal
Pistachio/VAD/vit-features/train/normal/road_normal_more/000000130669_all__7.npy,Normal
Pistachio/VAD/vit-features/train/normal/commercial_normal_less/000000081114_all__0.npy,Normal
Pistachio/VAD/vit-features/train/normal/outdoor_normal_more/000000293594_all__1.npy,Normal
Pistachio/VAD/vit-features/train/normal/road_normal_less/000000035641_all__3.npy,Normal
Pistachio/VAD/vit-features/train/normal/industrial_normal_less/hd649_all__3.npy,Normal
Pistachio/VAD/vit-features/train/normal/commercial_normal_more/000000128945_all__7.npy,Normal
Pistachio/VAD/vit-features/train/normal/indoor_normal_less/000000136610_all__0.npy,Normal
Pistachio/VAD/vit-features/train/normal/infrastructure_normal_less/000000063541_all__5.npy,Normal
Pistachio/VAD/vit-features/train/normal/road_normal_less/000000036274_all__5.npy,Normal
Pistachio/VAD/vit-features/train/normal/industrial_normal_more/000000230198_all__8.npy,Normal
Pistachio/VAD/vit-features/train/normal/commercial_normal_less/000000069258_all__3.npy,Normal
Pistachio/VAD/vit-features/train/normal/commercial_normal_less/000000041917_all__2.npy,Normal
Pistachio/VAD/vit-features/train/normal/road_normal_more/000000128945_all__1.npy,Normal
Pistachio/VAD/vit-features/train/normal/outdoor_normal_less/000000017937_all__5.npy,Normal
Pistachio/VAD/vit-features/train/normal/commercial_normal_less/000000027505_all__2.npy,Normal
Pistachio/VAD/vit-features/train/normal/outdoor_normal_more/000000182694_all__3.npy,Normal
Pistachio/VAD/vit-features/train/normal/infrastructure_normal_less/WSL7Q4MFCJ6H_all__9.npy,Normal
Pistachio/VAD/vit-features/train/anomaly/outdoor_anomaly_more/animal_fight/000000011379_all__9.npy,animal_fight
Pistachio/VAD/vit-features/train/normal/commercial_normal_less/000000042660_all__6.npy,Normal
Pistachio/VAD/vit-features/train/normal/commercial_normal_more/000000272575_all__5.npy,Normal
Pistachio/VAD/vit-features/train/normal/commercial_normal_less/000000027505_all__6.npy,Normal
Pistachio/VAD/vit-features/train/normal/commercial_normal_more/000000126560_all__9.npy,Normal
Pistachio/VAD/vit-features/train/normal/indoor_normal_more/000000325213_all__6.npy,Normal
Pistachio/VAD/vit-features/train/normal/commercial_normal_less/000000039218_all__9.npy,Normal
Pistachio/VAD/vit-features/train/normal/commercial_normal_more/000000124126_all__0.npy,Normal
Pistachio/VAD/vit-features/train/normal/infrastructure_normal_less/000000424280_all__9.npy,Normal
Pistachio/VAD/vit-features/train/normal/commercial_normal_less/000000056909_all__4.npy,Normal
Pistachio/VAD/vit-features/train/normal/indoor_normal_more/000000332624_all__9.npy,Normal
Pistachio/VAD/vit-features/train/normal/industrial_normal_more/hd244_all__7.npy,Normal
Pistachio/VAD/vit-features/train/normal/road_normal_less/000000497890_all__5.npy,Normal
Pistachio/VAD/vit-features/train/normal/outdoor_normal_less/000000010055_all__1.npy,Normal
Pistachio/VAD/vit-features/train/normal/road_normal_less/000000028331_all__5.npy,Normal
Pistachio/VAD/vit-features/train/normal/infrastructure_normal_less/000000242456_all__2.npy,Normal
Pistachio/VAD/vit-features/train/normal/industrial_normal_less/hd356_all__9.npy,Normal
Pistachio/VAD/vit-features/train/normal/outdoor_normal_more/000000138126_all__0.npy,Normal
Pistachio/VAD/vit-features/train/normal/industrial_normal_less/hd713_all__6.npy,Normal
Pistachio/VAD/vit-features/train/normal/road_normal_less/000000013846_all__0.npy,Normal
Pistachio/VAD/vit-features/train/normal/road_normal_less/000000024834_all__6.npy,Normal
Pistachio/VAD/vit-features/train/normal/industrial_normal_less/hd662_all__6.npy,Normal
Pistachio/VAD/vit-features/train/normal/industrial_normal_more/000000077636_all__3.npy,Normal
Pistachio/VAD/vit-features/train/normal/infrastructure_normal_less/000000089581_all__5.npy,Normal
Pistachio/VAD/vit-features/train/normal/industrial_normal_less/hd406_all__5.npy,Normal
Pistachio/VAD/vit-features/train/normal/commercial_normal_less/000000049049_all__1.npy,Normal
Pistachio/VAD/vit-features/train/normal/road_normal_less/000000048186_all__1.npy,Normal
Pistachio/VAD/vit-features/train/normal/industrial_normal_less/hd461_all__0.npy,Normal
Pistachio/VAD/vit-features/train/normal/road_normal_less/000000052024_all__4.npy,Normal
Pistachio/VAD/vit-features/train/normal/road_normal_less/000000031856_all__9.npy,Normal
Pistachio/VAD/vit-features/train/normal/outdoor_normal_less/000000581644_all__7.npy,Normal
Pistachio/VAD/vit-features/train/normal/outdoor_normal_less/1_jpg.rf.d2b285c23394e9c879c00ec1e70ffdaf_all__3.npy,Normal
Pistachio/VAD/vit-features/train/normal/commercial_normal_less/000000085967_all__2.npy,Normal
Pistachio/VAD/vit-features/train/normal/industrial_normal_less/000000543187_all__5.npy,Normal
Pistachio/VAD/vit-features/train/normal/indoor_normal_less/000000035984_all__8.npy,Normal
Pistachio/VAD/vit-features/train/normal/infrastructure_normal_less/Y5S9RL7GXHN0_all__4.npy,Normal
Pistachio/VAD/vit-features/train/normal/outdoor_normal_more/000000124126_all__2.npy,Normal
Pistachio/VAD/vit-features/train/normal/indoor_normal_less/000000236110_all__8.npy,Normal
Pistachio/VAD/vit-features/train/normal/road_normal_less/000000037435_all__7.npy,Normal
Pistachio/VAD/vit-features/train/normal/outdoor_normal_less/000000036095_all__0.npy,Normal
Pistachio/VAD/vit-features/train/anomaly/outdoor_anomaly_more/animal_fight/000000016626_all__5.npy,animal_fight
Pistachio/VAD/vit-features/train/normal/infrastructure_normal_less/13PE41KDNS1G_all__5.npy,Normal
Pistachio/VAD/vit-features/train/normal/outdoor_normal_more/000000139084_all__7.npy,Normal
Pistachio/VAD/vit-features/train/normal/infrastructure_normal_more/000000559208_all__1.npy,Normal
Pistachio/VAD/vit-features/train/normal/outdoor_normal_less/RQE1OOQCPZFS_all__0.npy,Normal
Pistachio/VAD/vit-features/train/normal/road_normal_more/000000130903_all__5.npy,Normal
Pistachio/VAD/vit-features/train/normal/indoor_normal_more/000000334300_all__1.npy,Normal
Pistachio/VAD/vit-features/train/normal/infrastructure_normal_more/000000424280_all__8.npy,Normal
Pistachio/VAD/vit-features/train/normal/infrastructure_normal_less/mk21_jpg.rf.0fc9d495ab16558e91f7e3fc7cb995da_all__8.npy,Normal
Pistachio/VAD/vit-features/train/normal/outdoor_normal_less/000000021485_all__4.npy,Normal
Pistachio/VAD/vit-features/train/normal/industrial_normal_less/hd477_all__7.npy,Normal
Pistachio/VAD/vit-features/train/anomaly/outdoor_anomaly_more/animal_fight/000000016626_all__4.npy,animal_fight
Pistachio/VAD/vit-features/train/normal/infrastructure_normal_more/000000518967_all__6.npy,Normal
Pistachio/VAD/vit-features/train/normal/commercial_normal_more/000000129034_all__6.npy,Normal
Pistachio/VAD/vit-features/train/normal/road_normal_less/000000032573_all__3.npy,Normal
Pistachio/VAD/vit-features/train/normal/industrial_normal_more/hd305_all__8.npy,Normal
Pistachio/VAD/vit-features/train/normal/road_normal_less/000000018765_all__3.npy,Normal
Pistachio/VAD/vit-features/train/normal/industrial_normal_less/hd192_all__1.npy,Normal
Pistachio/VAD/vit-features/train/anomaly/outdoor_anomaly_less/animal_fight/000000580531_all__8.npy,animal_fight
Pistachio/VAD/vit-features/train/normal/infrastructure_normal_less/rect4_jpeg.rf.16d5f9710e81be2e3affd2b4e861b79a_all__7.npy,Normal
Pistachio/VAD/vit-features/train/normal/indoor_normal_more/000000307308_all__4.npy,Normal
Pistachio/VAD/vit-features/train/normal/industrial_normal_less/hd706_all__1.npy,Normal
Pistachio/VAD/vit-features/train/normal/industrial_normal_less/hd573_all__6.npy,Normal
Pistachio/VAD/vit-features/train/normal/commercial_normal_more/000000133474_all__3.npy,Normal
Pistachio/VAD/vit-features/train/normal/outdoor_normal_more/000000141212_all__7.npy,Normal
Pistachio/VAD/vit-features/train/normal/road_normal_less/000000038483_all__9.npy,Normal
Pistachio/VAD/vit-features/train/normal/indoor_normal_more/000000322346_all__0.npy,Normal
Pistachio/VAD/vit-features/train/normal/industrial_normal_less/hd669_all__7.npy,Normal
Pistachio/VAD/vit-features/train/anomaly/outdoor_anomaly_less/animal_fight/000000577026_all__9.npy,animal_fight
Pistachio/VAD/vit-features/train/normal/indoor_normal_more/000000322387_all__9.npy,Normal
Pistachio/VAD/vit-features/train/normal/indoor_normal_less/000000242881_all__8.npy,Normal
Pistachio/VAD/vit-features/train/normal/road_normal_more/000000138058_all__4.npy,Normal
Pistachio/VAD/vit-features/train/normal/indoor_normal_less/000000047508_all__2.npy,Normal
Pistachio/VAD/vit-features/train/normal/industrial_normal_less/hd485_all__4.npy,Normal
Pistachio/VAD/vit-features/train/normal/infrastructure_normal_less/rect14_jpg.rf.c74725c1a8a91beeabff6d2340dee52f_all__5.npy,Normal
Pistachio/VAD/vit-features/train/normal/road_normal_less/000000027196_all__0.npy,Normal
Pistachio/VAD/vit-features/train/normal/industrial_normal_less/000000473738_all__2.npy,Normal
Pistachio/VAD/vit-features/train/normal/infrastructure_normal_less/236_jpg.rf.cbcdd1b1e817086755c5a61f123a8365_all__8.npy,Normal
Pistachio/VAD/vit-features/train/normal/indoor_normal_less/000000056654_all__5.npy,Normal
Pistachio/VAD/vit-features/train/normal/infrastructure_normal_more/000000319498_all__8.npy,Normal
Pistachio/VAD/vit-features/train/normal/infrastructure_normal_more/000000069265_all__3.npy,Normal
Pistachio/VAD/vit-features/train/normal/infrastructure_normal_less/000000068419_all__5.npy,Normal
Pistachio/VAD/vit-features/train/normal/commercial_normal_more/000000136794_all__3.npy,Normal
Pistachio/VAD/vit-features/train/normal/industrial_normal_less/hd456_all__0.npy,Normal
Pistachio/VAD/vit-features/train/normal/indoor_normal_less/000000207696_all__3.npy,Normal
Pistachio/VAD/vit-features/train/normal/commercial_normal_less/000000083786_all__0.npy,Normal
Pistachio/VAD/vit-features/train/anomaly/outdoor_anomaly_less/animal_fight/000000580531_all__0.npy,animal_fight
Pistachio/VAD/vit-features/train/normal/infrastructure_normal_less/230_jpg.rf.13822c014d133e7cae27792317c5ec1b_all__5.npy,Normal
Pistachio/VAD/vit-features/train/normal/indoor_normal_less/000000205316_all__9.npy,Normal
Pistachio/VAD/vit-features/train/anomaly/outdoor_anomaly_less/animal_fight/000000580531_all__6.npy,animal_fight
Pistachio/VAD/vit-features/train/normal/industrial_normal_less/hd527_all__1.npy,Normal
Pistachio/VAD/vit-features/train/normal/commercial_normal_less/000000083273_all__4.npy,Normal
Pistachio/VAD/vit-features/train/normal/commercial_normal_less/000000354635_all__4.npy,Normal
Pistachio/VAD/vit-features/train/normal/road_normal_less/000000038106_all__0.npy,Normal
Pistachio/VAD/vit-features/train/normal/commercial_normal_less/000000057863_all__6.npy,Normal
Pistachio/VAD/vit-features/train/normal/infrastructure_normal_less/000000354152_all__8.npy,Normal
Pistachio/VAD/vit-features/train/anomaly/outdoor_anomaly_more/animal_fight/000000011379_all__1.npy,animal_fight
Pistachio/VAD/vit-features/train/normal/outdoor_normal_less/hd580_all__1.npy,Normal
Pistachio/VAD/vit-features/train/normal/commercial_normal_less/000000036799_all__0.npy,Normal
Pistachio/VAD/vit-features/train/normal/outdoor_normal_less/hd555_all__4.npy,Normal
Pistachio/VAD/vit-features/train/normal/industrial_normal_less/hd843_all__5.npy,Normal
Pistachio/VAD/vit-features/train/normal/commercial_normal_more/000000130669_all__7.npy,Normal
Pistachio/VAD/vit-features/train/normal/industrial_normal_more/000000192404_all__6.npy,Normal
Pistachio/VAD/vit-features/train/normal/indoor_normal_less/000000058136_all__8.npy,Normal
Pistachio/VAD/vit-features/train/normal/commercial_normal_less/000000026205_all__3.npy,Normal
Pistachio/VAD/vit-features/train/normal/infrastructure_normal_less/AH78M6EFKGK2_all__0.npy,Normal
Pistachio/VAD/vit-features/train/normal/infrastructure_normal_less/000000388535_all__6.npy,Normal
Pistachio/VAD/vit-features/train/normal/industrial_normal_less/hd793_all__9.npy,Normal
Pistachio/VAD/vit-features/train/normal/indoor_normal_less/000000234838_all__6.npy,Normal
Pistachio/VAD/vit-features/train/normal/commercial_normal_less/000000060238_all__4.npy,Normal
Pistachio/VAD/vit-features/train/normal/industrial_normal_less/hd585_all__5.npy,Normal
Pistachio/VAD/vit-features/train/normal/indoor_normal_more/000000332698_all__3.npy,Normal
Pistachio/VAD/vit-features/train/normal/infrastructure_normal_less/000000283626_all__1.npy,Normal
Pistachio/VAD/vit-features/train/anomaly/outdoor_anomaly_more/animal_fight/000000008441_all__9.npy,animal_fight
Pistachio/VAD/vit-features/train/normal/industrial_normal_less/hd862_all__3.npy,Normal
Pistachio/VAD/vit-features/train/anomaly/outdoor_anomaly_more/animal_fight/000000007843_all__5.npy,animal_fight
Pistachio/VAD/vit-features/train/normal/indoor_normal_less/000000018556_all__1.npy,Normal
Pistachio/VAD/vit-features/train/normal/infrastructure_normal_less/8_jpg.rf.ceddd2bc5552e70572987acf25076e95_all__2.npy,Normal
Pistachio/VAD/vit-features/train/normal/industrial_normal_more/000000522313_all__4.npy,Normal
Pistachio/VAD/vit-features/train/normal/outdoor_normal_less/000000029549_all__2.npy,Normal
Pistachio/VAD/vit-features/train/normal/infrastructure_normal_less/000000017041_all__6.npy,Normal
Pistachio/VAD/vit-features/train/anomaly/outdoor_anomaly_less/animal_fight/000000577388_all__8.npy,animal_fight
Pistachio/VAD/vit-features/train/normal/commercial_normal_less/000000051105_all__7.npy,Normal
Pistachio/VAD/vit-features/train/normal/indoor_normal_more/000000574233_all__7.npy,Normal
Pistachio/VAD/vit-features/train/normal/road_normal_more/000000127349_all__3.npy,Normal
Pistachio/VAD/vit-features/train/normal/industrial_normal_less/hd159_all__0.npy,Normal
Pistachio/VAD/vit-features/train/normal/road_normal_less/000000050417_all__7.npy,Normal
Pistachio/VAD/vit-features/train/normal/commercial_normal_less/000000040631_all__4.npy,Normal
Pistachio/VAD/vit-features/train/anomaly/outdoor_anomaly_less/animal_fight/000000580531_all__5.npy,animal_fight
Pistachio/VAD/vit-features/train/normal/commercial_normal_less/000000068972_all__9.npy,Normal
Pistachio/VAD/vit-features/train/normal/road_normal_less/000000026870_all__3.npy,Normal
Pistachio/VAD/vit-features/train/normal/outdoor_normal_less/000000011259_all__6.npy,Normal
Pistachio/VAD/vit-features/train/normal/road_normal_less/000000014309_all__6.npy,Normal
Pistachio/VAD/vit-features/train/normal/indoor_normal_less/000000075808_all__0.npy,Normal
Pistachio/VAD/vit-features/train/normal/indoor_normal_less/000000035055_all__6.npy,Normal
Pistachio/VAD/vit-features/train/normal/industrial_normal_less/hd376_all__7.npy,Normal
Pistachio/VAD/vit-features/train/anomaly/outdoor_anomaly_less/animal_fight/000000577388_all__1.npy,animal_fight
Pistachio/VAD/vit-features/train/normal/commercial_normal_less/000000266201_all__7.npy,Normal
Pistachio/VAD/vit-features/train/normal/infrastructure_normal_less/000000015118_all__0.npy,Normal
Pistachio/VAD/vit-features/train/normal/indoor_normal_less/000000062471_all__2.npy,Normal
Pistachio/VAD/vit-features/train/anomaly/outdoor_anomaly_less/animal_fight/000000577388_all__6.npy,animal_fight
Pistachio/VAD/vit-features/train/normal/infrastructure_normal_less/737_jpg.rf.4ec6e98b63b7d9ddc751f2364bde8e49_all__3.npy,Normal
Pistachio/VAD/vit-features/train/normal/indoor_normal_less/000000204050_all__3.npy,Normal
Pistachio/VAD/vit-features/train/normal/infrastructure_normal_less/n17_jpg.rf.6b7850aa0496305b50582278f0292b35_all__2.npy,Normal
Pistachio/VAD/vit-features/train/normal/industrial_normal_less/hd627_all__9.npy,Normal
Pistachio/VAD/vit-features/train/normal/commercial_normal_less/000000083486_all__6.npy,Normal
Pistachio/VAD/vit-features/train/normal/outdoor_normal_less/000000009530_all__5.npy,Normal
Pistachio/VAD/vit-features/train/normal/infrastructure_normal_less/62V02W3NRQU9_all__2.npy,Normal
Pistachio/VAD/vit-features/train/normal/indoor_normal_more/000000311576_all__1.npy,Normal
Pistachio/VAD/vit-features/train/normal/commercial_normal_more/000000124896_all__7.npy,Normal
Pistachio/VAD/vit-features/train/normal/indoor_normal_less/000000145954_all__3.npy,Normal
Pistachio/VAD/vit-features/train/normal/indoor_normal_less/000000060486_all__8.npy,Normal
Pistachio/VAD/vit-features/train/normal/outdoor_normal_less/000000007750_all__6.npy,Normal
Pistachio/VAD/vit-features/train/normal/road_normal_less/000000014907_all__5.npy,Normal
Pistachio/VAD/vit-features/train/anomaly/outdoor_anomaly_less/animal_fight/000000574306_all__0.npy,animal_fight
Pistachio/VAD/vit-features/train/anomaly/outdoor_anomaly_more/animal_fight/000000007843_all__1.npy,animal_fight
Pistachio/VAD/vit-features/train/normal/outdoor_normal_less/hd572_all__0.npy,Normal
Pistachio/VAD/vit-features/train/normal/industrial_normal_less/hd005_all__2.npy,Normal
Pistachio/VAD/vit-features/train/normal/road_normal_less/000000026500_all__6.npy,Normal
Pistachio/VAD/vit-features/train/normal/industrial_normal_less/hd618_all__8.npy,Normal
Pistachio/VAD/vit-features/train/normal/outdoor_normal_less/000000078954_all__1.npy,Normal
Pistachio/VAD/vit-features/train/normal/industrial_normal_less/hd851_all__2.npy,Normal
Pistachio/VAD/vit-features/train/normal/road_normal_more/000000134957_all__0.npy,Normal
Pistachio/VAD/vit-features/train/normal/outdoor_normal_less/2KB4JGSLFRI7_all__9.npy,Normal
Pistachio/VAD/vit-features/train/normal/outdoor_normal_less/hd563_all__0.npy,Normal
Pistachio/VAD/vit-features/train/normal/commercial_normal_less/000000027308_all__6.npy,Normal
Pistachio/VAD/vit-features/train/normal/outdoor_normal_less/000000023665_all__6.npy,Normal
Pistachio/VAD/vit-features/train/normal/outdoor_normal_less/000000019661_all__9.npy,Normal
Pistachio/VAD/vit-features/train/normal/indoor_normal_more/000000341022_all__3.npy,Normal
Pistachio/VAD/vit-features/train/normal/commercial_normal_less/000000356003_all__1.npy,Normal
Pistachio/VAD/vit-features/train/normal/infrastructure_normal_less/nl4_jpg.rf.c95d2b677c552a2a393356e184b47ed8_all__7.npy,Normal
Pistachio/VAD/vit-features/train/normal/road_normal_less/000000024834_all__4.npy,Normal
Pistachio/VAD/vit-features/train/normal/outdoor_normal_less/000000012246_all__2.npy,Normal
Pistachio/VAD/vit-features/train/normal/commercial_normal_less/000000028376_all__1.npy,Normal
Pistachio/VAD/vit-features/train/normal/industrial_normal_less/hd290_all__2.npy,Normal
Pistachio/VAD/vit-features/train/anomaly/outdoor_anomaly_more/animal_fight/000000016626_all__1.npy,animal_fight
Pistachio/VAD/vit-features/train/normal/road_normal_less/000000017037_all__2.npy,Normal
Pistachio/VAD/vit-features/train/normal/road_normal_less/000000041477_all__8.npy,Normal
Pistachio/VAD/vit-features/train/normal/commercial_normal_less/000000075238_all__4.npy,Normal
Pistachio/VAD/vit-features/train/normal/commercial_normal_less/000000069606_all__7.npy,Normal
Pistachio/VAD/vit-features/train/normal/commercial_normal_more/000000127062_all__6.npy,Normal
Pistachio/VAD/vit-features/train/normal/indoor_normal_less/000000021200_all__1.npy,Normal
Pistachio/VAD/vit-features/train/normal/industrial_normal_less/hd017_all__6.npy,Normal
Pistachio/VAD/vit-features/train/normal/industrial_normal_less/hd793_all__4.npy,Normal
Pistachio/VAD/vit-features/train/normal/outdoor_normal_less/hd490_all__4.npy,Normal
Pistachio/VAD/vit-features/train/normal/indoor_normal_less/000000235533_all__9.npy,Normal
Pistachio/VAD/vit-features/train/normal/indoor_normal_less/000000082707_all__7.npy,Normal
Pistachio/VAD/vit-features/train/normal/outdoor_normal_less/hd775_all__0.npy,Normal
Pistachio/VAD/vit-features/train/normal/infrastructure_normal_less/000000329070_all__9.npy,Normal
Pistachio/VAD/vit-features/train/anomaly/outdoor_anomaly_less/animal_fight/000000577026_all__8.npy,animal_fight
Pistachio/VAD/vit-features/train/normal/commercial_normal_less/000000082717_all__6.npy,Normal
Pistachio/VAD/vit-features/train/normal/industrial_normal_less/hd793_all__3.npy,Normal
Pistachio/VAD/vit-features/train/normal/commercial_normal_less/000000028376_all__3.npy,Normal
Pistachio/VAD/vit-features/train/normal/outdoor_normal_less/hd544_all__4.npy,Normal
Pistachio/VAD/vit-features/train/normal/infrastructure_normal_less/000000363918_all__6.npy,Normal
Pistachio/VAD/vit-features/train/normal/indoor_normal_less/000000206655_all__2.npy,Normal
Pistachio/VAD/vit-features/train/anomaly/outdoor_anomaly_more/animal_fight/000000016626_all__6.npy,animal_fight
Pistachio/VAD/vit-features/train/normal/outdoor_normal_less/000000017548_all__5.npy,Normal
Pistachio/VAD/vit-features/train/normal/industrial_normal_less/hd671_all__8.npy,Normal
Pistachio/VAD/vit-features/train/normal/road_normal_less/000000037176_all__4.npy,Normal
Pistachio/VAD/vit-features/train/normal/indoor_normal_less/000000240932_all__8.npy,Normal
Pistachio/VAD/vit-features/train/normal/infrastructure_normal_less/000000484611_all__1.npy,Normal
Pistachio/VAD/vit-features/train/normal/indoor_normal_less/000000034057_all__3.npy,Normal
Pistachio/VAD/vit-features/train/normal/outdoor_normal_less/000000020290_all__2.npy,Normal
Pistachio/VAD/vit-features/train/normal/commercial_normal_less/000000030425_all__9.npy,Normal
Pistachio/VAD/vit-features/train/normal/outdoor_normal_less/000000007750_all__3.npy,Normal
Pistachio/VAD/vit-features/train/normal/indoor_normal_less/000000027741_all__2.npy,Normal
Pistachio/VAD/vit-features/train/normal/road_normal_less/000000026824_all__7.npy,Normal
Pistachio/VAD/vit-features/train/normal/road_normal_less/000000029243_all__9.npy,Normal
Pistachio/VAD/vit-features/train/anomaly/outdoor_anomaly_less/animal_fight/000000574306_all__3.npy,animal_fight
Pistachio/VAD/vit-features/train/normal/industrial_normal_less/hd848_all__4.npy,Normal
Pistachio/VAD/vit-features/train/normal/industrial_normal_less/hd450_all__6.npy,Normal
Pistachio/VAD/vit-features/train/normal/indoor_normal_less/000000237694_all__1.npy,Normal
Pistachio/VAD/vit-features/train/normal/outdoor_normal_less/hd519_all__1.npy,Normal
Pistachio/VAD/vit-features/train/normal/indoor_normal_less/000000056322_all__4.npy,Normal
Pistachio/VAD/vit-features/train/normal/outdoor_normal_more/000000062560_all__8.npy,Normal
Pistachio/VAD/vit-features/train/normal/infrastructure_normal_less/J63DX29OLQAP_all__5.npy,Normal
Pistachio/VAD/vit-features/train/normal/indoor_normal_less/000000046354_all__1.npy,Normal
Pistachio/VAD/vit-features/train/normal/industrial_normal_less/hd68_all__9.npy,Normal
Pistachio/VAD/vit-features/train/normal/infrastructure_normal_less/000000394487_all__9.npy,Normal
Pistachio/VAD/vit-features/train/normal/indoor_normal_less/000000234078_all__2.npy,Normal
Pistachio/VAD/vit-features/train/normal/commercial_normal_less/000000043741_all__0.npy,Normal
Pistachio/VAD/vit-features/train/normal/infrastructure_normal_less/000000549443_all__4.npy,Normal
Pistachio/VAD/vit-features/train/normal/road_normal_less/000000285594_all__0.npy,Normal
Pistachio/VAD/vit-features/train/normal/commercial_normal_less/000000059734_all__2.npy,Normal
Pistachio/VAD/vit-features/train/normal/infrastructure_normal_less/000000477450_all__4.npy,Normal
Pistachio/VAD/vit-features/train/normal/outdoor_normal_less/000000247558_all__2.npy,Normal
Pistachio/VAD/vit-features/train/normal/infrastructure_normal_less/13PE41KDNS1G_all__9.npy,Normal
Pistachio/VAD/vit-features/train/normal/indoor_normal_more/000000325591_all__7.npy,Normal
Pistachio/VAD/vit-features/train/normal/road_normal_less/000000040444_all__8.npy,Normal
Pistachio/VAD/vit-features/train/normal/infrastructure_normal_less/221_jpg.rf.4892390858156c649672afc33355f80b_all__3.npy,Normal
Pistachio/VAD/vit-features/train/normal/commercial_normal_less/000000082200_all__1.npy,Normal
Pistachio/VAD/vit-features/train/normal/indoor_normal_more/000000337521_all__4.npy,Normal
Pistachio/VAD/vit-features/train/anomaly/outdoor_anomaly_less/animal_fight/000000577026_all__0.npy,animal_fight
Pistachio/VAD/vit-features/train/normal/indoor_normal_more/000000325591_all__5.npy,Normal
Pistachio/VAD/vit-features/train/normal/outdoor_normal_less/2KB4JGSLFRI7_all__7.npy,Normal
Pistachio/VAD/vit-features/train/normal/indoor_normal_less/000000022573_all__9.npy,Normal
Pistachio/VAD/vit-features/train/normal/infrastructure_normal_less/000000336200_all__7.npy,Normal
Pistachio/VAD/vit-features/train/normal/outdoor_normal_less/BBPS8UU5DC5D_all__9.npy,Normal
Pistachio/VAD/vit-features/train/normal/industrial_normal_less/hd726_all__5.npy,Normal
Pistachio/VAD/vit-features/train/normal/road_normal_less/000000024381_all__6.npy,Normal
Pistachio/VAD/vit-features/train/normal/outdoor_normal_less/00WTKNQHK2HS_all__9.npy,Normal
Pistachio/VAD/vit-features/train/normal/industrial_normal_less/hd614_all__2.npy,Normal
Pistachio/VAD/vit-features/train/normal/indoor_normal_less/000000240027_all__9.npy,Normal
Pistachio/VAD/vit-features/train/normal/commercial_normal_less/000000053944_all__4.npy,Normal
Pistachio/VAD/vit-features/train/normal/infrastructure_normal_less/Q7QLKVOGF470_all__5.npy,Normal
Pistachio/VAD/vit-features/train/normal/industrial_normal_more/hd473_all__0.npy,Normal
Pistachio/VAD/vit-features/train/normal/industrial_normal_less/hd019_all__9.npy,Normal
Pistachio/VAD/vit-features/train/normal/infrastructure_normal_less/000000450789_all__2.npy,Normal
Pistachio/VAD/vit-features/train/normal/infrastructure_normal_less/st24_jpg.rf.7e5e92a6415cf60e1962edbe220693f6_all__5.npy,Normal
Pistachio/VAD/vit-features/train/normal/road_normal_more/000000136794_all__9.npy,Normal
Pistachio/VAD/vit-features/train/normal/commercial_normal_less/000000026580_all__6.npy,Normal
Pistachio/VAD/vit-features/train/normal/indoor_normal_more/000000305286_all__8.npy,Normal
Pistachio/VAD/vit-features/train/normal/commercial_normal_more/000000130246_all__9.npy,Normal
Pistachio/VAD/vit-features/train/normal/infrastructure_normal_less/10_jpg.rf.1d247dc1d4df461b2092cef17e760808_all__6.npy,Normal
Pistachio/VAD/vit-features/train/normal/infrastructure_normal_less/000000096686_all__4.npy,Normal
Pistachio/VAD/vit-features/train/normal/industrial_normal_less/hd833_all__0.npy,Normal
Pistachio/VAD/vit-features/train/anomaly/outdoor_anomaly_more/animal_fight/000000008441_all__0.npy,animal_fight
Pistachio/VAD/vit-features/train/normal/infrastructure_normal_less/NOM41QH0EKCN_all__3.npy,Normal
Pistachio/VAD/vit-features/train/anomaly/outdoor_anomaly_less/animal_fight/000000574306_all__2.npy,animal_fight
Pistachio/VAD/vit-features/train/normal/infrastructure_normal_more/000000513674_all__3.npy,Normal
Pistachio/VAD/vit-features/train/normal/industrial_normal_more/000000361187_all__8.npy,Normal
Pistachio/VAD/vit-features/train/normal/outdoor_normal_less/hd601_all__7.npy,Normal
Pistachio/VAD/vit-features/train/normal/industrial_normal_less/hd690_all__1.npy,Normal
Pistachio/VAD/vit-features/train/normal/road_normal_less/000000016035_all__6.npy,Normal
Pistachio/VAD/vit-features/train/normal/commercial_normal_less/000000069258_all__1.npy,Normal
Pistachio/VAD/vit-features/train/normal/commercial_normal_less/000000041788_all__4.npy,Normal
Pistachio/VAD/vit-features/train/normal/indoor_normal_less/000000084630_all__5.npy,Normal
Pistachio/VAD/vit-features/train/normal/road_normal_less/000000034728_all__3.npy,Normal
Pistachio/VAD/vit-features/train/normal/road_normal_more/000000127487_all__7.npy,Normal
Pistachio/VAD/vit-features/train/normal/commercial_normal_less/000000051069_all__9.npy,Normal
Pistachio/VAD/vit-features/train/normal/industrial_normal_more/000000271995_all__6.npy,Normal
Pistachio/VAD/vit-features/train/normal/outdoor_normal_less/000000025092_all__1.npy,Normal
Pistachio/VAD/vit-features/train/normal/indoor_normal_less/000000241298_all__5.npy,Normal
Pistachio/VAD/vit-features/train/normal/commercial_normal_less/000000042936_all__0.npy,Normal
Pistachio/VAD/vit-features/train/normal/commercial_normal_less/000000066590_all__1.npy,Normal
Pistachio/VAD/vit-features/train/normal/commercial_normal_less/000000358670_all__7.npy,Normal
Pistachio/VAD/vit-features/train/normal/outdoor_normal_less/000000564035_all__4.npy,Normal
Pistachio/VAD/vit-features/train/anomaly/outdoor_anomaly_less/animal_fight/000000577026_all__4.npy,animal_fight
Pistachio/VAD/vit-features/train/normal/road_normal_less/000000476759_all__8.npy,Normal
Pistachio/VAD/vit-features/train/normal/indoor_normal_less/000000080778_all__6.npy,Normal
Pistachio/VAD/vit-features/train/normal/road_normal_less/000000038818_all__1.npy,Normal
Pistachio/VAD/vit-features/train/anomaly/outdoor_anomaly_less/animal_fight/000000577388_all__7.npy,animal_fight
Pistachio/VAD/vit-features/train/normal/commercial_normal_less/000000053303_all__3.npy,Normal
Pistachio/VAD/vit-features/train/normal/outdoor_normal_more/000000139619_all__9.npy,Normal
Pistachio/VAD/vit-features/train/normal/indoor_normal_less/000000027580_all__6.npy,Normal
Pistachio/VAD/vit-features/train/anomaly/outdoor_anomaly_less/animal_fight/000000577388_all__3.npy,animal_fight
Pistachio/VAD/vit-features/train/anomaly/outdoor_anomaly_more/animal_fight/000000016626_all__3.npy,animal_fight
Pistachio/VAD/vit-features/train/normal/industrial_normal_less/hd735_all__4.npy,Normal
Pistachio/VAD/vit-features/train/normal/road_normal_less/000000042264_all__1.npy,Normal
Pistachio/VAD/vit-features/train/normal/commercial_normal_less/000000082200_all__2.npy,Normal
Pistachio/VAD/vit-features/train/normal/infrastructure_normal_more/000000394496_all__0.npy,Normal
Pistachio/VAD/vit-features/train/normal/indoor_normal_more/000000302542_all__5.npy,Normal
Pistachio/VAD/vit-features/train/normal/industrial_normal_less/hd728_all__4.npy,Normal
Pistachio/VAD/vit-features/train/normal/commercial_normal_less/000000083365_all__6.npy,Normal
Pistachio/VAD/vit-features/train/normal/infrastructure_normal_less/R3YAJVKOEG7K_all__0.npy,Normal
Pistachio/VAD/vit-features/train/normal/infrastructure_normal_less/377VSO14TOQT_all__1.npy,Normal
Pistachio/VAD/vit-features/train/normal/industrial_normal_more/000000408793_all__6.npy,Normal
Pistachio/VAD/vit-features/train/normal/road_normal_less/000000022033_all__6.npy,Normal
Pistachio/VAD/vit-features/train/normal/indoor_normal_less/000000042920_all__9.npy,Normal
Pistachio/VAD/vit-features/train/anomaly/outdoor_anomaly_more/animal_fight/000000008441_all__6.npy,animal_fight
Pistachio/VAD/vit-features/train/normal/road_normal_more/000000129354_all__5.npy,Normal
Pistachio/VAD/vit-features/train/normal/infrastructure_normal_more/000000093924_all__7.npy,Normal
Pistachio/VAD/vit-features/train/anomaly/outdoor_anomaly_less/animal_fight/000000574306_all__6.npy,animal_fight
Pistachio/VAD/vit-features/train/anomaly/outdoor_anomaly_more/animal_fight/000000008441_all__4.npy,animal_fight
Pistachio/VAD/vit-features/train/normal/infrastructure_normal_more/000000207312_all__3.npy,Normal
Pistachio/VAD/vit-features/train/normal/infrastructure_normal_less/nig2_jpg.rf.eaa9b8aa8a3e058086e602e647d1ee9d_all__7.npy,Normal
Pistachio/VAD/vit-features/train/normal/indoor_normal_more/000000335104_all__7.npy,Normal
Pistachio/VAD/vit-features/train/normal/commercial_normal_more/000000129427_all__4.npy,Normal
Pistachio/VAD/vit-features/train/normal/outdoor_normal_more/000000009995_all__1.npy,Normal
Pistachio/VAD/vit-features/train/normal/road_normal_less/000000028065_all__0.npy,Normal
Pistachio/VAD/vit-features/train/normal/road_normal_more/000000139084_all__3.npy,Normal
Pistachio/VAD/vit-features/train/normal/commercial_normal_more/000000131079_all__7.npy,Normal
Pistachio/VAD/vit-features/train/normal/industrial_normal_less/hd722_all__9.npy,Normal
Pistachio/VAD/vit-features/train/anomaly/outdoor_anomaly_less/animal_fight/000000577026_all__6.npy,animal_fight
Pistachio/VAD/vit-features/train/normal/road_normal_less/000000021086_all__5.npy,Normal
Pistachio/VAD/vit-features/train/normal/road_normal_less/000000038170_all__3.npy,Normal
Pistachio/VAD/vit-features/train/normal/industrial_normal_less/hd580_all__4.npy,Normal
Pistachio/VAD/vit-features/train/normal/infrastructure_normal_more/000000422220_all__5.npy,Normal
Pistachio/VAD/vit-features/train/normal/indoor_normal_less/000000023911_all__6.npy,Normal
Pistachio/VAD/vit-features/train/normal/outdoor_normal_less/000000012879_all__5.npy,Normal
Pistachio/VAD/vit-features/train/normal/road_normal_less/000000024675_all__8.npy,Normal
Pistachio/VAD/vit-features/train/normal/outdoor_normal_less/hd6711_all__7.npy,Normal
Pistachio/VAD/vit-features/train/normal/outdoor_normal_less/000000047245_all__5.npy,Normal
Pistachio/VAD/vit-features/train/anomaly/outdoor_anomaly_less/animal_fight/000000577026_all__3.npy,animal_fight
Pistachio/VAD/vit-features/train/normal/infrastructure_normal_less/000000275629_all__8.npy,Normal
Pistachio/VAD/vit-features/train/normal/industrial_normal_less/hd748_all__3.npy,Normal
Pistachio/VAD/vit-features/train/normal/industrial_normal_more/000000195040_all__9.npy,Normal
Pistachio/VAD/vit-features/train/anomaly/outdoor_anomaly_less/animal_fight/000000574306_all__7.npy,animal_fight
Pistachio/VAD/vit-features/train/normal/road_normal_less/000000013487_all__3.npy,Normal
Pistachio/VAD/vit-features/train/normal/indoor_normal_more/000000579428_all__7.npy,Normal
Pistachio/VAD/vit-features/train/normal/industrial_normal_more/hd440_all__0.npy,Normal
Pistachio/VAD/vit-features/train/normal/commercial_normal_less/000000082601_all__3.npy,Normal
Pistachio/VAD/vit-features/train/normal/industrial_normal_less/hd810_all__1.npy,Normal
Pistachio/VAD/vit-features/train/normal/outdoor_normal_less/GC19Q0MHHB20_all__5.npy,Normal
Pistachio/VAD/vit-features/train/normal/industrial_normal_less/hd300_all__9.npy,Normal
Pistachio/VAD/vit-features/train/normal/industrial_normal_more/hd942_all__1.npy,Normal
Pistachio/VAD/vit-features/train/normal/infrastructure_normal_more/000000255127_all__9.npy,Normal
Pistachio/VAD/vit-features/train/normal/infrastructure_normal_less/CNEAZRJZA5TM_all__4.npy,Normal
Pistachio/VAD/vit-features/train/normal/road_normal_less/000000035600_all__3.npy,Normal
Pistachio/VAD/vit-features/train/normal/industrial_normal_less/hd67_all__3.npy,Normal
Pistachio/VAD/vit-features/train/normal/infrastructure_normal_less/000000375210_all__3.npy,Normal
Pistachio/VAD/vit-features/train/normal/industrial_normal_less/hd259_all__6.npy,Normal
Pistachio/VAD/vit-features/train/normal/road_normal_less/000000036319_all__0.npy,Normal
Pistachio/VAD/vit-features/train/normal/commercial_normal_less/000000070098_all__2.npy,Normal
Pistachio/VAD/vit-features/train/normal/infrastructure_normal_less/000000513413_all__4.npy,Normal
Pistachio/VAD/vit-features/train/normal/industrial_normal_less/hd689_all__3.npy,Normal
Pistachio/VAD/vit-features/train/normal/road_normal_less/000000050357_all__6.npy,Normal
Pistachio/VAD/vit-features/train/normal/infrastructure_normal_less/000000033026_all__7.npy,Normal
Pistachio/VAD/vit-features/train/normal/indoor_normal_less/000000024392_all__4.npy,Normal
Pistachio/VAD/vit-features/train/normal/commercial_normal_less/000000084122_all__4.npy,Normal
Pistachio/VAD/vit-features/train/normal/indoor_normal_more/000000303118_all__4.npy,Normal
Pistachio/VAD/vit-features/train/normal/indoor_normal_less/000000077828_all__7.npy,Normal
Pistachio/VAD/vit-features/train/normal/industrial_normal_more/hd367_all__6.npy,Normal
Pistachio/VAD/vit-features/train/normal/industrial_normal_less/hd445_all__2.npy,Normal
Pistachio/VAD/vit-features/train/normal/road_normal_more/000000134308_all__2.npy,Normal
Pistachio/VAD/vit-features/train/normal/indoor_normal_more/000000300623_all__3.npy,Normal
Pistachio/VAD/vit-features/train/normal/indoor_normal_less/000000042723_all__8.npy,Normal
Pistachio/VAD/vit-features/train/normal/road_normal_less/000000460230_all__6.npy,Normal
Pistachio/VAD/vit-features/train/normal/indoor_normal_more/000000304795_all__8.npy,Normal
Pistachio/VAD/vit-features/train/normal/infrastructure_normal_less/x112_jpg.rf.d77e99db75b4f07a54023232218c2b89_all__2.npy,Normal
Pistachio/VAD/vit-features/train/normal/road_normal_less/000000037799_all__8.npy,Normal
Pistachio/VAD/vit-features/train/normal/infrastructure_normal_more/000000141902_all__1.npy,Normal
Pistachio/VAD/vit-features/train/normal/indoor_normal_more/000000326963_all__7.npy,Normal
Pistachio/VAD/vit-features/train/normal/commercial_normal_more/000000133600_all__7.npy,Normal
Pistachio/VAD/vit-features/train/anomaly/outdoor_anomaly_more/animal_fight/000000007843_all__4.npy,animal_fight
Pistachio/VAD/vit-features/train/normal/road_normal_less/000000037335_all__7.npy,Normal
Pistachio/VAD/vit-features/train/normal/indoor_normal_less/000000077828_all__5.npy,Normal
Pistachio/VAD/vit-features/train/normal/indoor_normal_less/000000214994_all__4.npy,Normal
Pistachio/VAD/vit-features/train/normal/indoor_normal_more/000000304090_all__7.npy,Normal
Pistachio/VAD/vit-features/train/normal/infrastructure_normal_more/000000412213_all__6.npy,Normal
Pistachio/VAD/vit-features/train/normal/road_normal_more/000000126068_all__1.npy,Normal
Pistachio/VAD/vit-features/train/normal/commercial_normal_less/000000049389_all__8.npy,Normal
Pistachio/VAD/vit-features/train/normal/indoor_normal_more/000000327142_all__8.npy,Normal
Pistachio/VAD/vit-features/train/normal/commercial_normal_more/000000124896_all__9.npy,Normal
Pistachio/VAD/vit-features/train/normal/industrial_normal_less/hd646_all__8.npy,Normal
Pistachio/VAD/vit-features/train/normal/commercial_normal_less/000000354635_all__6.npy,Normal
Pistachio/VAD/vit-features/train/anomaly/outdoor_anomaly_less/animal_fight/000000577388_all__2.npy,animal_fight
Pistachio/VAD/vit-features/train/anomaly/outdoor_anomaly_less/animal_fight/000000577026_all__1.npy,animal_fight
Pistachio/VAD/vit-features/train/anomaly/outdoor_anomaly_less/animal_fight/000000580531_all__2.npy,animal_fight
Pistachio/VAD/vit-features/train/normal/commercial_normal_less/000000063412_all__6.npy,Normal
Pistachio/VAD/vit-features/train/normal/infrastructure_normal_less/000000354152_all__3.npy,Normal
Pistachio/VAD/vit-features/train/normal/commercial_normal_more/000000133674_all__0.npy,Normal
Pistachio/VAD/vit-features/train/normal/indoor_normal_less/000000237249_all__4.npy,Normal
Pistachio/VAD/vit-features/train/normal/commercial_normal_less/000000085256_all__6.npy,Normal
Pistachio/VAD/vit-features/train/normal/infrastructure_normal_less/mk4_jpg.rf.086a58cd3b323709d741484aa19159ce_all__7.npy,Normal
Pistachio/VAD/vit-features/train/normal/industrial_normal_less/hd001_all__7.npy,Normal
Pistachio/VAD/vit-features/train/anomaly/outdoor_anomaly_less/animal_fight/000000577026_all__7.npy,animal_fight
Pistachio/VAD/vit-features/train/normal/infrastructure_normal_less/000000576090_all__4.npy,Normal
Pistachio/VAD/vit-features/train/normal/commercial_normal_more/000000137335_all__9.npy,Normal
Pistachio/VAD/vit-features/train/normal/industrial_normal_less/hd822_all__3.npy,Normal
Pistachio/VAD/vit-features/train/normal/infrastructure_normal_less/000000329070_all__5.npy,Normal
Pistachio/VAD/vit-features/train/normal/indoor_normal_less/000000023911_all__7.npy,Normal
Pistachio/VAD/vit-features/train/normal/outdoor_normal_less/000000021505_all__2.npy,Normal
Pistachio/VAD/vit-features/train/normal/industrial_normal_less/hd527_all__8.npy,Normal
Pistachio/VAD/vit-features/train/normal/infrastructure_normal_more/000000412213_all__4.npy,Normal
Pistachio/VAD/vit-features/train/normal/industrial_normal_less/hd627_all__6.npy,Normal
Pistachio/VAD/vit-features/train/normal/road_normal_less/000000022349_all__5.npy,Normal
Pistachio/VAD/vit-features/train/anomaly/outdoor_anomaly_less/animal_fight/000000580531_all__7.npy,animal_fight
Pistachio/VAD/vit-features/train/normal/commercial_normal_less/000000086219_all__9.npy,Normal
Pistachio/VAD/vit-features/train/normal/industrial_normal_more/000000360272_all__6.npy,Normal
Pistachio/VAD/vit-features/train/normal/commercial_normal_less/000000035662_all__0.npy,Normal
Pistachio/VAD/vit-features/train/normal/infrastructure_normal_less/tun9_jpg.rf.15cb919e7ea44f5a0f2ffdae425235c2_all__2.npy,Normal
Pistachio/VAD/vit-features/train/normal/industrial_normal_less/hd708_all__8.npy,Normal
Pistachio/VAD/vit-features/train/normal/indoor_normal_more/000000341022_all__1.npy,Normal
Pistachio/VAD/vit-features/train/normal/outdoor_normal_less/hd764_all__1.npy,Normal
Pistachio/VAD/vit-features/train/normal/road_normal_less/000000015833_all__6.npy,Normal
Pistachio/VAD/vit-features/train/normal/outdoor_normal_less/000000016866_all__3.npy,Normal
Pistachio/VAD/vit-features/train/normal/infrastructure_normal_less/000000021274_all__3.npy,Normal
Pistachio/VAD/vit-features/train/normal/outdoor_normal_more/000000017007_all__9.npy,Normal
Pistachio/VAD/vit-features/train/normal/commercial_normal_less/000000073248_all__2.npy,Normal
Pistachio/VAD/vit-features/train/normal/indoor_normal_less/000000230579_all__0.npy,Normal
Pistachio/VAD/vit-features/train/normal/outdoor_normal_more/000000292458_all__0.npy,Normal
Pistachio/VAD/vit-features/train/normal/commercial_normal_less/000000036760_all__0.npy,Normal
Pistachio/VAD/vit-features/train/normal/outdoor_normal_less/000000025324_all__0.npy,Normal
Pistachio/VAD/vit-features/train/normal/industrial_normal_less/hd426_all__5.npy,Normal
Pistachio/VAD/vit-features/train/normal/outdoor_normal_less/bv65_jpg.rf.f5941399adcbccea3a1334ddc9e1c860_all__6.npy,Normal
Pistachio/VAD/vit-features/train/normal/outdoor_normal_more/000000138285_all__0.npy,Normal
Pistachio/VAD/vit-features/train/normal/commercial_normal_more/000000136357_all__8.npy,Normal
Pistachio/VAD/vit-features/train/normal/infrastructure_normal_less/000000019445_all__1.npy,Normal
Pistachio/VAD/vit-features/train/normal/indoor_normal_more/000000327256_all__7.npy,Normal
Pistachio/VAD/vit-features/train/normal/indoor_normal_less/000000019792_all__3.npy,Normal
Pistachio/VAD/vit-features/train/normal/road_normal_less/000000026508_all__3.npy,Normal
Pistachio/VAD/vit-features/train/normal/road_normal_less/000000033328_all__5.npy,Normal
Pistachio/VAD/vit-features/train/normal/road_normal_less/000000047934_all__1.npy,Normal
Pistachio/VAD/vit-features/train/normal/infrastructure_normal_more/000000437046_all__9.npy,Normal
Pistachio/VAD/vit-features/train/anomaly/outdoor_anomaly_more/animal_fight/000000007843_all__0.npy,animal_fight
Pistachio/VAD/vit-features/train/normal/industrial_normal_less/hd250_all__0.npy,Normal
Pistachio/VAD/vit-features/train/normal/outdoor_normal_less/000000007764_all__5.npy,Normal
Pistachio/VAD/vit-features/train/normal/road_normal_less/000000038746_all__6.npy,Normal
Pistachio/VAD/vit-features/train/normal/commercial_normal_less/000000325841_all__7.npy,Normal
Pistachio/VAD/vit-features/train/normal/commercial_normal_less/000000062424_all__8.npy,Normal
Pistachio/VAD/vit-features/train/normal/outdoor_normal_less/000000011259_all__3.npy,Normal
Pistachio/VAD/vit-features/train/normal/road_normal_less/000000018948_all__7.npy,Normal
Pistachio/VAD/vit-features/train/normal/indoor_normal_less/000000237249_all__8.npy,Normal
Pistachio/VAD/vit-features/train/normal/road_normal_less/000000038106_all__3.npy,Normal
Pistachio/VAD/vit-features/train/normal/outdoor_normal_less/hd766_all__0.npy,Normal
Pistachio/VAD/vit-features/train/normal/infrastructure_normal_less/pc50_jpg.rf.a7898f9a36cbf93915ec5dd1d431bda6_all__3.npy,Normal
Pistachio/VAD/vit-features/train/normal/industrial_normal_less/hd623_all__9.npy,Normal
Pistachio/VAD/vit-features/train/normal/indoor_normal_less/000000073229_all__4.npy,Normal
Pistachio/VAD/vit-features/train/normal/infrastructure_normal_more/000000373944_all__0.npy,Normal
Pistachio/VAD/vit-features/train/normal/road_normal_less/000000046800_all__8.npy,Normal
Pistachio/VAD/vit-features/train/normal/outdoor_normal_less/HY0XRFARC2YS_all__0.npy,Normal
Pistachio/VAD/vit-features/train/normal/industrial_normal_less/hd479_all__7.npy,Normal
Pistachio/VAD/vit-features/train/normal/industrial_normal_less/hd440_all__8.npy,Normal
Pistachio/VAD/vit-features/train/normal/outdoor_normal_more/000000181202_all__3.npy,Normal
Pistachio/VAD/vit-features/train/normal/commercial_normal_less/000000028074_all__2.npy,Normal
Pistachio/VAD/vit-features/train/normal/indoor_normal_more/000000330267_all__4.npy,Normal
Pistachio/VAD/vit-features/train/normal/road_normal_less/000000052713_all__2.npy,Normal
Pistachio/VAD/vit-features/train/normal/industrial_normal_less/000000356497_all__6.npy,Normal
Pistachio/VAD/vit-features/train/normal/road_normal_less/000000031724_all__6.npy,Normal
Pistachio/VAD/vit-features/train/anomaly/outdoor_anomaly_more/animal_fight/000000008441_all__5.npy,animal_fight
Pistachio/VAD/vit-features/train/normal/infrastructure_normal_less/000000339037_all__4.npy,Normal
Pistachio/VAD/vit-features/train/normal/outdoor_normal_less/000000207300_all__2.npy,Normal
Pistachio/VAD/vit-features/train/normal/infrastructure_normal_less/L9SLZSI975L3_all__5.npy,Normal
Pistachio/VAD/vit-features/train/normal/road_normal_less/000000194500_all__2.npy,Normal
Pistachio/VAD/vit-features/train/normal/indoor_normal_less/000000052117_all__1.npy,Normal
Pistachio/VAD/vit-features/train/normal/commercial_normal_less/000000041788_all__5.npy,Normal
Pistachio/VAD/vit-features/train/normal/industrial_normal_more/000000038700_all__5.npy,Normal
Pistachio/VAD/vit-features/train/normal/infrastructure_normal_less/241_jpg.rf.592f5a078fc47ac3c116c77123d5f756_all__8.npy,Normal
Pistachio/VAD/vit-features/train/normal/commercial_normal_less/000000084122_all__5.npy,Normal
Pistachio/VAD/vit-features/train/normal/indoor_normal_less/000000235519_all__2.npy,Normal
Pistachio/VAD/vit-features/train/normal/indoor_normal_less/000000047056_all__6.npy,Normal
Pistachio/VAD/vit-features/train/normal/industrial_normal_less/hd492_all__3.npy,Normal
Pistachio/VAD/vit-features/train/normal/commercial_normal_less/000000050032_all__1.npy,Normal
Pistachio/VAD/vit-features/train/normal/commercial_normal_more/000000136112_all__2.npy,Normal
Pistachio/VAD/vit-features/train/normal/infrastructure_normal_less/000000015958_all__2.npy,Normal
Pistachio/VAD/vit-features/train/normal/road_normal_less/000000042284_all__3.npy,Normal
Pistachio/VAD/vit-features/train/normal/outdoor_normal_less/hd601_all__8.npy,Normal
Pistachio/VAD/vit-features/train/normal/outdoor_normal_less/hd619_all__8.npy,Normal
Pistachio/VAD/vit-features/train/normal/infrastructure_normal_more/000000089581_all__1.npy,Normal
Pistachio/VAD/vit-features/train/normal/outdoor_normal_more/000000124276_all__2.npy,Normal
Pistachio/VAD/vit-features/train/normal/road_normal_less/000000047233_all__5.npy,Normal
Pistachio/VAD/vit-features/train/normal/commercial_normal_less/000000082912_all__5.npy,Normal
Pistachio/VAD/vit-features/train/normal/indoor_normal_less/000000210965_all__7.npy,Normal
Pistachio/VAD/vit-features/train/normal/infrastructure_normal_less/nl4_jpg.rf.c95d2b677c552a2a393356e184b47ed8_all__2.npy,Normal
Pistachio/VAD/vit-features/train/normal/commercial_normal_less/000000042311_all__1.npy,Normal
Pistachio/VAD/vit-features/train/normal/road_normal_less/000000046436_all__6.npy,Normal
Pistachio/VAD/vit-features/train/normal/infrastructure_normal_less/st24_jpg.rf.7e5e92a6415cf60e1962edbe220693f6_all__0.npy,Normal
Pistachio/VAD/vit-features/train/normal/indoor_normal_less/000000202325_all__9.npy,Normal
Pistachio/VAD/vit-features/train/normal/indoor_normal_less/000000204258_all__3.npy,Normal
Pistachio/VAD/vit-features/train/normal/industrial_normal_less/hd838_all__9.npy,Normal
Pistachio/VAD/vit-features/train/normal/road_normal_more/000000128416_all__6.npy,Normal
Pistachio/VAD/vit-features/train/normal/infrastructure_normal_less/000000005771_all__0.npy,Normal
Pistachio/VAD/vit-features/train/normal/indoor_normal_less/000000144572_all__2.npy,Normal
Pistachio/VAD/vit-features/train/normal/industrial_normal_less/hd575_all__1.npy,Normal
Pistachio/VAD/vit-features/train/normal/infrastructure_normal_less/000000427678_all__8.npy,Normal
Pistachio/VAD/vit-features/train/normal/infrastructure_normal_less/7A8FCGWYB2QG_all__4.npy,Normal
Pistachio/VAD/vit-features/train/normal/road_normal_less/000000048186_all__4.npy,Normal
Pistachio/VAD/vit-features/train/normal/commercial_normal_less/000000054673_all__8.npy,Normal
Pistachio/VAD/vit-features/train/normal/industrial_normal_less/hd14_all__6.npy,Normal
Pistachio/VAD/vit-features/train/normal/commercial_normal_less/000000053948_all__0.npy,Normal
Pistachio/VAD/vit-features/train/normal/road_normal_more/000000138495_all__2.npy,Normal
Pistachio/VAD/vit-features/train/normal/road_normal_less/000000033043_all__2.npy,Normal
Pistachio/VAD/vit-features/train/normal/infrastructure_normal_less/n62_jpg.rf.e0aa83b9d6f861e7528c685d116cb745_all__8.npy,Normal
Pistachio/VAD/vit-features/train/normal/infrastructure_normal_less/000000450789_all__5.npy,Normal
Pistachio/VAD/vit-features/train/normal/indoor_normal_less/000000073229_all__6.npy,Normal
Pistachio/VAD/vit-features/train/normal/outdoor_normal_less/000000009662_all__1.npy,Normal
Pistachio/VAD/vit-features/train/normal/commercial_normal_less/000000369946_all__0.npy,Normal
Pistachio/VAD/vit-features/train/normal/infrastructure_normal_more/000000120539_all__8.npy,Normal
Pistachio/VAD/vit-features/train/normal/industrial_normal_less/hd715_all__0.npy,Normal
Pistachio/VAD/vit-features/train/normal/outdoor_normal_less/000000021840_all__5.npy,Normal
Pistachio/VAD/vit-features/train/anomaly/outdoor_anomaly_less/animal_fight/000000577026_all__5.npy,animal_fight
Pistachio/VAD/vit-features/train/normal/indoor_normal_less/000000080122_all__7.npy,Normal
Pistachio/VAD/vit-features/train/normal/infrastructure_normal_less/000000181033_all__9.npy,Normal
Pistachio/VAD/vit-features/train/normal/indoor_normal_less/000000203760_all__7.npy,Normal
Pistachio/VAD/vit-features/train/normal/commercial_normal_less/000000077678_all__2.npy,Normal
Pistachio/VAD/vit-features/train/normal/industrial_normal_less/hd158_all__5.npy,Normal
Pistachio/VAD/vit-features/train/normal/road_normal_less/000000049831_all__1.npy,Normal
Pistachio/VAD/vit-features/train/normal/commercial_normal_less/000000056683_all__3.npy,Normal
Pistachio/VAD/vit-features/train/normal/road_normal_more/000000133255_all__6.npy,Normal
Pistachio/VAD/vit-features/train/normal/indoor_normal_less/000000233511_all__8.npy,Normal
Pistachio/VAD/vit-features/train/normal/outdoor_normal_less/hd614_all__2.npy,Normal
Pistachio/VAD/vit-features/train/normal/outdoor_normal_less/hd623_all__3.npy,Normal
Pistachio/VAD/vit-features/train/normal/industrial_normal_more/000000259780_all__3.npy,Normal
Pistachio/VAD/vit-features/train/normal/infrastructure_normal_less/000000394496_all__2.npy,Normal
Pistachio/VAD/vit-features/train/normal/indoor_normal_less/000000077021_all__2.npy,Normal
Pistachio/VAD/vit-features/train/normal/infrastructure_normal_less/tunnel-4427609_1280_all__2.npy,Normal
Pistachio/VAD/vit-features/train/normal/indoor_normal_less/000000231510_all__2.npy,Normal
Pistachio/VAD/vit-features/train/normal/infrastructure_normal_less/229_jpg.rf.9166dab34364ca279be6473561bdd161_all__0.npy,Normal
Pistachio/VAD/vit-features/train/normal/commercial_normal_less/000000062465_all__2.npy,Normal
Pistachio/VAD/vit-features/train/normal/infrastructure_normal_less/LNCJNW776GKG_all__4.npy,Normal
Pistachio/VAD/vit-features/train/normal/commercial_normal_less/000000068428_all__5.npy,Normal
Pistachio/VAD/vit-features/train/normal/industrial_normal_less/hd017_all__2.npy,Normal
Pistachio/VAD/vit-features/train/normal/outdoor_normal_less/000000016012_all__8.npy,Normal
Pistachio/VAD/vit-features/train/normal/commercial_normal_less/000000067039_all__2.npy,Normal
Pistachio/VAD/vit-features/train/anomaly/outdoor_anomaly_more/animal_fight/000000011379_all__5.npy,animal_fight
Pistachio/VAD/vit-features/train/normal/indoor_normal_less/000000233333_all__1.npy,Normal
Pistachio/VAD/vit-features/train/normal/outdoor_normal_more/000000177097_all__5.npy,Normal
Pistachio/VAD/vit-features/train/normal/indoor_normal_more/000000332370_all__9.npy,Normal
Pistachio/VAD/vit-features/train/normal/outdoor_normal_less/hd616_all__7.npy,Normal
Pistachio/VAD/vit-features/train/normal/indoor_normal_less/000000221099_all__9.npy,Normal
Pistachio/VAD/vit-features/train/normal/road_normal_less/000000050821_all__2.npy,Normal
Pistachio/VAD/vit-features/train/normal/infrastructure_normal_less/SRGIAH7GX5SJ_all__4.npy,Normal
Pistachio/VAD/vit-features/train/normal/infrastructure_normal_less/712_jpg.rf.999ab0b5c920f57019af24ae885cd027_all__4.npy,Normal
Pistachio/VAD/vit-features/train/normal/industrial_normal_less/hd240_all__2.npy,Normal
Pistachio/VAD/vit-features/train/normal/commercial_normal_less/000000044373_all__1.npy,Normal
Pistachio/VAD/vit-features/train/normal/outdoor_normal_less/hd554_all__6.npy,Normal
Pistachio/VAD/vit-features/train/normal/infrastructure_normal_more/000000437046_all__5.npy,Normal
Pistachio/VAD/vit-features/train/normal/road_normal_less/000000044095_all__8.npy,Normal
Pistachio/VAD/vit-features/train/normal/infrastructure_normal_less/000000312244_all__9.npy,Normal
Pistachio/VAD/vit-features/train/normal/infrastructure_normal_less/FDS15DWMMLM0_all__2.npy,Normal
Pistachio/VAD/vit-features/train/normal/indoor_normal_less/000000083491_all__7.npy,Normal
