path,label
Pistachio/VAD/vit-features/train/normal/road_normal_less/000000025928_all__6.npy,Normal
Pistachio/VAD/vit-features/train/normal/industrial_normal_less/hd918_all__6.npy,Normal
Pistachio/VAD/vit-features/train/normal/indoor_normal_less/000000244479_all__6.npy,Normal
Pistachio/VAD/vit-features/train/normal/infrastructure_normal_less/C7E3WPEYV1ES_all__6.npy,Normal
Pistachio/VAD/vit-features/train/normal/commercial_normal_less/000000032150_all__2.npy,Normal
Pistachio/VAD/vit-features/train/normal/indoor_normal_less/000000024392_all__7.npy,Normal
Pistachio/VAD/vit-features/train/normal/infrastructure_normal_less/000000473321_all__4.npy,Normal
Pistachio/VAD/vit-features/train/normal/industrial_normal_less/hd723_all__6.npy,Normal
Pistachio/VAD/vit-features/train/normal/commercial_normal_less/000000054126_all__8.npy,Normal
Pistachio/VAD/vit-features/train/normal/outdoor_normal_less/000000009098_all__2.npy,Normal
Pistachio/VAD/vit-features/train/normal/commercial_normal_less/000000029167_all__6.npy,Normal
Pistachio/VAD/vit-features/train/normal/road_normal_less/000000023049_all__5.npy,Normal
Pistachio/VAD/vit-features/train/normal/industrial_normal_more/hd461_all__8.npy,Normal
Pistachio/VAD/vit-features/train/normal/infrastructure_normal_less/000000017041_all__9.npy,Normal
Pistachio/VAD/vit-features/train/normal/commercial_normal_more/000000125589_all__2.npy,Normal
Pistachio/VAD/vit-features/train/normal/indoor_normal_more/000000326963_all__8.npy,Normal
Pistachio/VAD/vit-features/train/normal/industrial_normal_more/000000480067_all__3.npy,Normal
Pistachio/VAD/vit-features/train/normal/infrastructure_normal_less/000000474137_all__1.npy,Normal
Pistachio/VAD/vit-features/train/normal/industrial_normal_less/hd07_all__1.npy,Normal
Pistachio/VAD/vit-features/train/normal/indoor_normal_less/000000228125_all__0.npy,Normal
Pistachio/VAD/vit-features/train/normal/indoor_normal_less/000000151913_all__1.npy,Normal
Pistachio/VAD/vit-features/train/normal/infrastructure_normal_less/9BG6CQUAH79U_all__8.npy,Normal
Pistachio/VAD/vit-features/train/normal/commercial_normal_less/000000059938_all__7.npy,Normal
Pistachio/VAD/vit-features/train/normal/industrial_normal_less/hd002_all__8.npy,Normal
Pistachio/VAD/vit-features/train/normal/industrial_normal_less/hd647_all__3.npy,Normal
Pistachio/VAD/vit-features/train/normal/industrial_normal_less/hd672_all__9.npy,Normal
Pistachio/VAD/vit-features/train/normal/industrial_normal_less/hd613_all__8.npy,Normal
Pistachio/VAD/vit-features/train/normal/outdoor_normal_less/hd548_all__7.npy,Normal
Pistachio/VAD/vit-features/train/normal/commercial_normal_more/000000137932_all__6.npy,Normal
Pistachio/VAD/vit-features/train/normal/outdoor_normal_less/000000025028_all__8.npy,Normal
Pistachio/VAD/vit-features/train/normal/outdoor_normal_less/hd548_all__8.npy,Normal
Pistachio/VAD/vit-features/train/normal/commercial_normal_more/000000134957_all__3.npy,Normal
Pistachio/VAD/vit-features/train/normal/infrastructure_normal_less/000000018286_all__3.npy,Normal
Pistachio/VAD/vit-features/train/anomaly/outdoor_anomaly_more/animal_predation/000000021341_all__7.npy,animal_predation
Pistachio/VAD/vit-features/train/normal/infrastructure_normal_more/000000176844_all__0.npy,Normal
Pistachio/VAD/vit-features/train/normal/road_normal_less/000000496971_all__6.npy,Normal
Pistachio/VAD/vit-features/train/normal/indoor_normal_less/000000056870_all__1.npy,Normal
Pistachio/VAD/vit-features/train/anomaly/outdoor_anomaly_less/animal_predation/000000579766_all__8.npy,animal_predation
Pistachio/VAD/vit-features/train/normal/road_normal_more/000000137947_all__8.npy,Normal
Pistachio/VAD/vit-features/train/normal/outdoor_normal_less/000000030323_all__9.npy,Normal
Pistachio/VAD/vit-features/train/normal/commercial_normal_less/000000053303_all__9.npy,Normal
Pistachio/VAD/vit-features/train/normal/outdoor_normal_less/000000010575_all__7.npy,Normal
Pistachio/VAD/vit-features/train/normal/outdoor_normal_less/000000025324_all__2.npy,Normal
Pistachio/VAD/vit-features/train/normal/infrastructure_normal_less/000000541389_all__0.npy,Normal
Pistachio/VAD/vit-features/train/normal/infrastructure_normal_less/000000288010_all__8.npy,Normal
Pistachio/VAD/vit-features/train/normal/road_normal_less/000000021655_all__8.npy,Normal
Pistachio/VAD/vit-features/train/anomaly/outdoor_anomaly_less/animal_predation/000000576139_all__6.npy,animal_predation
Pistachio/VAD/vit-features/train/normal/commercial_normal_less/000000032834_all__7.npy,Normal
Pistachio/VAD/vit-features/train/normal/outdoor_normal_less/000000018985_all__2.npy,Normal
Pistachio/VAD/vit-features/train/normal/industrial_normal_more/hd389_all__3.npy,Normal
Pistachio/VAD/vit-features/train/anomaly/outdoor_anomaly_less/animal_predation/000000570948_all__6.npy,animal_predation
Pistachio/VAD/vit-features/train/anomaly/outdoor_anomaly_less/animal_predation/000000576139_all__2.npy,animal_predation
Pistachio/VAD/vit-features/train/anomaly/outdoor_anomaly_less/animal_predation/000000574204_all__5.npy,animal_predation
Pistachio/VAD/vit-features/train/anomaly/outdoor_anomaly_less/animal_predation/000000576912_all__7.npy,animal_predation
Pistachio/VAD/vit-features/train/normal/industrial_normal_less/hd795_all__2.npy,Normal
Pistachio/VAD/vit-features/train/normal/infrastructure_normal_less/KMGV870FERHR_all__1.npy,Normal
Pistachio/VAD/vit-features/train/normal/indoor_normal_more/000000332624_all__2.npy,Normal
Pistachio/VAD/vit-features/train/normal/outdoor_normal_less/hd540_all__3.npy,Normal
Pistachio/VAD/vit-features/train/anomaly/outdoor_anomaly_more/animal_predation/000000021341_all__3.npy,animal_predation
Pistachio/VAD/vit-features/train/anomaly/outdoor_anomaly_less/animal_predation/000000576912_all__8.npy,animal_predation
Pistachio/VAD/vit-features/train/normal/indoor_normal_more/000000315809_all__6.npy,Normal
Pistachio/VAD/vit-features/train/normal/indoor_normal_less/000000073284_all__6.npy,Normal
Pistachio/VAD/vit-features/train/normal/road_normal_less/000000013210_all__2.npy,Normal
Pistachio/VAD/vit-features/train/normal/infrastructure_normal_more/000000308483_all__7.npy,Normal
Pistachio/VAD/vit-features/train/normal/commercial_normal_less/000000027308_all__8.npy,Normal
Pistachio/VAD/vit-features/train/normal/commercial_normal_less/000000041262_all__8.npy,Normal
Pistachio/VAD/vit-features/train/normal/commercial_normal_less/000000049129_all__2.npy,Normal
Pistachio/VAD/vit-features/train/anomaly/outdoor_anomaly_less/animal_predation/000000579766_all__2.npy,animal_predation
Pistachio/VAD/vit-features/train/normal/infrastructure_normal_less/17_jpg.rf.05d476fc49be3baa311ac57224965e87_all__3.npy,Normal
Pistachio/VAD/vit-features/train/normal/industrial_normal_less/hd838_all__5.npy,Normal
Pistachio/VAD/vit-features/train/normal/industrial_normal_less/hd05_all__6.npy,Normal
Pistachio/VAD/vit-features/train/normal/industrial_normal_less/hd690_all__9.npy,Normal
Pistachio/VAD/vit-features/train/anomaly/outdoor_anomaly_less/animal_predation/000000580524_all__3.npy,animal_predation
Pistachio/VAD/vit-features/train/normal/indoor_normal_more/000000339888_all__7.npy,Normal
Pistachio/VAD/vit-features/train/normal/commercial_normal_less/000000053372_all__2.npy,Normal
Pistachio/VAD/vit-features/train/normal/commercial_normal_more/000000129354_all__7.npy,Normal
Pistachio/VAD/vit-features/train/normal/infrastructure_normal_less/207_jpg.rf.79692f80bf5fc134a457c7bb2a13a93c_all__5.npy,Normal
Pistachio/VAD/vit-features/train/normal/infrastructure_normal_more/000000311772_all__4.npy,Normal
Pistachio/VAD/vit-features/train/normal/indoor_normal_more/000000332460_all__0.npy,Normal
Pistachio/VAD/vit-features/train/anomaly/outdoor_anomaly_less/animal_predation/000000581767_all__6.npy,animal_predation
Pistachio/VAD/vit-features/train/normal/road_normal_less/000000041537_all__7.npy,Normal
Pistachio/VAD/vit-features/train/anomaly/outdoor_anomaly_less/animal_predation/000000581767_all__0.npy,animal_predation
Pistachio/VAD/vit-features/train/normal/industrial_normal_more/000000252663_all__8.npy,Normal
Pistachio/VAD/vit-features/train/normal/infrastructure_normal_more/000000576090_all__7.npy,Normal
Pistachio/VAD/vit-features/train/anomaly/outdoor_anomaly_less/animal_predation/000000574204_all__6.npy,animal_predation
Pistachio/VAD/vit-features/train/normal/infrastructure_normal_less/7_jpg.rf.eaf2fa34879668321d252e0bb36470b8_all__2.npy,Normal
Pistachio/VAD/vit-features/train/anomaly/outdoor_anomaly_less/animal_predation/000000574694_all__5.npy,animal_predation
Pistachio/VAD/vit-features/train/normal/commercial_normal_less/000000079109_all__1.npy,Normal
Pistachio/VAD/vit-features/train/normal/infrastructure_normal_less/AQWOPUV6ND4C_all__8.npy,Normal
Pistachio/VAD/vit-features/train/normal/outdoor_normal_less/hd491_all__7.npy,Normal
Pistachio/VAD/vit-features/train/anomaly/outdoor_anomaly_more/animal_predation/000000006249_all__2.npy,animal_predation
Pistachio/VAD/vit-features/train/normal/infrastructure_normal_less/rect25_jpg.rf.7b3c6bf13758ee916636116219952dfa_all__6.npy,Normal
Pistachio/VAD/vit-features/train/normal/industrial_normal_less/hd003_all__8.npy,Normal
Pistachio/VAD/vit-features/train/normal/infrastructure_normal_less/207_jpg.rf.79692f80bf5fc134a457c7bb2a13a93c_all__0.npy,Normal
Pistachio/VAD/vit-features/train/anomaly/outdoor_anomaly_more/animal_predation/000000006249_all__5.npy,animal_predation
Pistachio/VAD/vit-features/train/normal/industrial_normal_less/hd856_all__5.npy,Normal
Pistachio/VAD/vit-features/train/normal/infrastructure_normal_less/P6S3IR20Q2WP_all__6.npy,Normal
Pistachio/VAD/vit-features/train/anomaly/outdoor_anomaly_less/animal_predation/000000581767_all__1.npy,animal_predation
Pistachio/VAD/vit-features/train/normal/indoor_normal_less/000000016723_all__2.npy,Normal
Pistachio/VAD/vit-features/train/normal/commercial_normal_less/000000039218_all__5.npy,Normal
Pistachio/VAD/vit-features/train/normal/outdoor_normal_more/000000124540_all__0.npy,Normal
Pistachio/VAD/vit-features/train/normal/commercial_normal_less/000000046874_all__1.npy,Normal
Pistachio/VAD/vit-features/train/normal/infrastructure_normal_more/000000069722_all__0.npy,Normal
Pistachio/VAD/vit-features/train/normal/industrial_normal_more/000000252578_all__4.npy,Normal
Pistachio/VAD/vit-features/train/normal/indoor_normal_less/000000217508_all__8.npy,Normal
Pistachio/VAD/vit-features/train/normal/commercial_normal_less/000000057670_all__8.npy,Normal
Pistachio/VAD/vit-features/train/normal/commercial_normal_less/000000056271_all__4.npy,Normal
Pistachio/VAD/vit-features/train/normal/industrial_normal_less/hd355_all__1.npy,Normal
Pistachio/VAD/vit-features/train/normal/infrastructure_normal_more/000000176844_all__2.npy,Normal
Pistachio/VAD/vit-features/train/normal/outdoor_normal_less/hd555_all__6.npy,Normal
Pistachio/VAD/vit-features/train/normal/industrial_normal_less/hd511_all__7.npy,Normal
Pistachio/VAD/vit-features/train/normal/outdoor_normal_more/000000295330_all__2.npy,Normal
Pistachio/VAD/vit-features/train/normal/road_normal_less/000000038401_all__4.npy,Normal
Pistachio/VAD/vit-features/train/normal/industrial_normal_less/hd836_all__6.npy,Normal
Pistachio/VAD/vit-features/train/normal/industrial_normal_more/hd421_all__9.npy,Normal
Pistachio/VAD/vit-features/train/normal/road_normal_less/000000035838_all__1.npy,Normal
Pistachio/VAD/vit-features/train/normal/indoor_normal_less/000000032755_all__1.npy,Normal
Pistachio/VAD/vit-features/train/normal/indoor_normal_less/000000214321_all__8.npy,Normal
Pistachio/VAD/vit-features/train/normal/commercial_normal_more/000000130964_all__5.npy,Normal
Pistachio/VAD/vit-features/train/normal/commercial_normal_more/000000134156_all__5.npy,Normal
Pistachio/VAD/vit-features/train/normal/indoor_normal_less/000000225292_all__3.npy,Normal
Pistachio/VAD/vit-features/train/normal/road_normal_less/000000046721_all__7.npy,Normal
Pistachio/VAD/vit-features/train/normal/outdoor_normal_more/000000124941_all__8.npy,Normal
Pistachio/VAD/vit-features/train/normal/infrastructure_normal_less/original_all__0.npy,Normal
Pistachio/VAD/vit-features/train/normal/infrastructure_normal_less/KFJRVPNRLE1V_all__9.npy,Normal
Pistachio/VAD/vit-features/train/normal/indoor_normal_more/000000307769_all__2.npy,Normal
Pistachio/VAD/vit-features/train/normal/commercial_normal_more/000000136252_all__5.npy,Normal
Pistachio/VAD/vit-features/train/normal/infrastructure_normal_more/000000394487_all__0.npy,Normal
Pistachio/VAD/vit-features/train/normal/outdoor_normal_less/000000025484_all__4.npy,Normal
Pistachio/VAD/vit-features/train/anomaly/outdoor_anomaly_more/animal_predation/000000006249_all__7.npy,animal_predation
Pistachio/VAD/vit-features/train/normal/indoor_normal_more/000000322387_all__5.npy,Normal
Pistachio/VAD/vit-features/train/normal/indoor_normal_more/000000331938_all__8.npy,Normal
Pistachio/VAD/vit-features/train/anomaly/outdoor_anomaly_less/animal_predation/000000576271_all__0.npy,animal_predation
Pistachio/VAD/vit-features/train/normal/commercial_normal_less/000000056683_all__2.npy,Normal
Pistachio/VAD/vit-features/train/normal/indoor_normal_less/000000137336_all__2.npy,Normal
Pistachio/VAD/vit-features/train/normal/infrastructure_normal_less/000000319498_all__7.npy,Normal
Pistachio/VAD/vit-features/train/normal/commercial_normal_less/000000052536_all__7.npy,Normal
Pistachio/VAD/vit-features/train/normal/infrastructure_normal_less/CTFJC6O7C2JB_all__3.npy,Normal
Pistachio/VAD/vit-features/train/anomaly/outdoor_anomaly_less/animal_predation/000000574204_all__0.npy,animal_predation
Pistachio/VAD/vit-features/train/anomaly/outdoor_anomaly_less/animal_predation/000000580524_all__1.npy,animal_predation
Pistachio/VAD/vit-features/train/normal/outdoor_normal_less/000000023414_all__2.npy,Normal
Pistachio/VAD/vit-features/train/normal/infrastructure_normal_less/s3_png.rf.95ef392067cc2fa09e9ce97cca84fe0b_all__2.npy,Normal
Pistachio/VAD/vit-features/train/normal/commercial_normal_more/000000133201_all__3.npy,Normal
Pistachio/VAD/vit-features/train/normal/indoor_normal_more/000000314230_all__0.npy,Normal
Pistachio/VAD/vit-features/train/normal/commercial_normal_more/000000133430_all__6.npy,Normal
Pistachio/VAD/vit-features/train/anomaly/outdoor_anomaly_less/animal_predation/000000580611_all__1.npy,animal_predation
Pistachio/VAD/vit-features/train/normal/infrastructure_normal_less/000000017041_all__3.npy,Normal
Pistachio/VAD/vit-features/train/normal/commercial_normal_less/000000351666_all__4.npy,Normal
Pistachio/VAD/vit-features/train/normal/commercial_normal_less/000000037305_all__9.npy,Normal
Pistachio/VAD/vit-features/train/anomaly/outdoor_anomaly_more/animal_predation/000000006249_all__3.npy,animal_predation
Pistachio/VAD/vit-features/train/normal/indoor_normal_less/000000054170_all__5.npy,Normal
Pistachio/VAD/vit-features/train/anomaly/outdoor_anomaly_less/animal_predation/000000570948_all__7.npy,animal_predation
Pistachio/VAD/vit-features/train/normal/infrastructure_normal_less/x111_jpg.rf.2830e895767e2f5ebe56003d65b96617_all__6.npy,Normal
Pistachio/VAD/vit-features/train/normal/infrastructure_normal_less/O3THMGY1C190_all__7.npy,Normal
Pistachio/VAD/vit-features/train/normal/outdoor_normal_more/000000124540_all__7.npy,Normal
Pistachio/VAD/vit-features/train/normal/infrastructure_normal_less/000000145445_all__1.npy,Normal
Pistachio/VAD/vit-features/train/normal/infrastructure_normal_less/st14_jpg.rf.782a28917b2481bab23bc14271880203_all__2.npy,Normal
Pistachio/VAD/vit-features/train/normal/outdoor_normal_less/000000011259_all__2.npy,Normal
Pistachio/VAD/vit-features/train/normal/commercial_normal_less/000000059938_all__1.npy,Normal
Pistachio/VAD/vit-features/train/normal/industrial_normal_less/hd616_all__4.npy,Normal
Pistachio/VAD/vit-features/train/normal/commercial_normal_less/000000055203_all__7.npy,Normal
Pistachio/VAD/vit-features/train/normal/infrastructure_normal_more/000000222919_all__2.npy,Normal
Pistachio/VAD/vit-features/train/normal/infrastructure_normal_more/000000363330_all__4.npy,Normal
Pistachio/VAD/vit-features/train/normal/outdoor_normal_less/hd584_all__6.npy,Normal
Pistachio/VAD/vit-features/train/normal/industrial_normal_less/hd193_all__6.npy,Normal
Pistachio/VAD/vit-features/train/normal/indoor_normal_more/000000327206_all__5.npy,Normal
Pistachio/VAD/vit-features/train/normal/road_normal_less/000000462363_all__3.npy,Normal
Pistachio/VAD/vit-features/train/anomaly/outdoor_anomaly_less/animal_predation/000000573767_all__6.npy,animal_predation
Pistachio/VAD/vit-features/train/normal/industrial_normal_less/hd761_all__5.npy,Normal
Pistachio/VAD/vit-features/train/normal/indoor_normal_less/000000047069_all__2.npy,Normal
Pistachio/VAD/vit-features/train/normal/road_normal_less/000000036442_all__9.npy,Normal
Pistachio/VAD/vit-features/train/normal/road_normal_less/000000035387_all__5.npy,Normal
Pistachio/VAD/vit-features/train/anomaly/outdoor_anomaly_less/animal_predation/000000572227_all__6.npy,animal_predation
Pistachio/VAD/vit-features/train/anomaly/outdoor_anomaly_less/animal_predation/000000572227_all__7.npy,animal_predation
Pistachio/VAD/vit-features/train/anomaly/outdoor_anomaly_more/animal_predation/000000021341_all__0.npy,animal_predation
Pistachio/VAD/vit-features/train/normal/outdoor_normal_more/000000057826_all__2.npy,Normal
Pistachio/VAD/vit-features/train/normal/infrastructure_normal_more/000000505466_all__2.npy,Normal
Pistachio/VAD/vit-features/train/normal/road_normal_more/000000136340_all__2.npy,Normal
Pistachio/VAD/vit-features/train/normal/indoor_normal_less/000000227905_all__3.npy,Normal
Pistachio/VAD/vit-features/train/normal/commercial_normal_less/000000048146_all__7.npy,Normal
Pistachio/VAD/vit-features/train/normal/industrial_normal_less/hd561_all__2.npy,Normal
Pistachio/VAD/vit-features/train/normal/road_normal_less/000000036446_all__2.npy,Normal
Pistachio/VAD/vit-features/train/normal/infrastructure_normal_less/bv75_jpg.rf.c201c16a0f15180034b95ba593080cc1_all__1.npy,Normal
Pistachio/VAD/vit-features/train/normal/infrastructure_normal_less/13PE41KDNS1G_all__1.npy,Normal
Pistachio/VAD/vit-features/train/normal/infrastructure_normal_less/4KOED941VXT9_all__2.npy,Normal
Pistachio/VAD/vit-features/train/normal/indoor_normal_more/000000330565_all__6.npy,Normal
Pistachio/VAD/vit-features/train/anomaly/outdoor_anomaly_less/animal_predation/000000580611_all__3.npy,animal_predation
Pistachio/VAD/vit-features/train/normal/infrastructure_normal_more/000000149534_all__8.npy,Normal
Pistachio/VAD/vit-features/train/normal/indoor_normal_more/000000332628_all__1.npy,Normal
Pistachio/VAD/vit-features/train/anomaly/outdoor_anomaly_less/animal_predation/000000576912_all__0.npy,animal_predation
Pistachio/VAD/vit-features/train/normal/commercial_normal_less/000000053692_all__5.npy,Normal
Pistachio/VAD/vit-features/train/normal/indoor_normal_less/000000046354_all__4.npy,Normal
Pistachio/VAD/vit-features/train/normal/commercial_normal_less/000000054263_all__0.npy,Normal
Pistachio/VAD/vit-features/train/normal/outdoor_normal_less/000000009674_all__6.npy,Normal
Pistachio/VAD/vit-features/train/normal/outdoor_normal_more/000000015118_all__9.npy,Normal
Pistachio/VAD/vit-features/train/normal/industrial_normal_less/hd541_all__0.npy,Normal
Pistachio/VAD/vit-features/train/normal/indoor_normal_less/000000137346_all__2.npy,Normal
Pistachio/VAD/vit-features/train/normal/road_normal_less/000000038746_all__1.npy,Normal
Pistachio/VAD/vit-features/train/normal/commercial_normal_less/000000351666_all__3.npy,Normal
Pistachio/VAD/vit-features/train/normal/outdoor_normal_more/000000179123_all__8.npy,Normal
Pistachio/VAD/vit-features/train/normal/outdoor_normal_less/000000009352_all__3.npy,Normal
Pistachio/VAD/vit-features/train/anomaly/outdoor_anomaly_less/animal_predation/000000576912_all__6.npy,animal_predation
Pistachio/VAD/vit-features/train/normal/industrial_normal_less/hd644_all__0.npy,Normal
Pistachio/VAD/vit-features/train/normal/indoor_normal_more/000000325591_all__4.npy,Normal
Pistachio/VAD/vit-features/train/normal/industrial_normal_less/hd815_all__3.npy,Normal
Pistachio/VAD/vit-features/train/normal/commercial_normal_less/000000067081_all__8.npy,Normal
Pistachio/VAD/vit-features/train/normal/commercial_normal_less/000000086603_all__6.npy,Normal
Pistachio/VAD/vit-features/train/normal/commercial_normal_more/000000129034_all__5.npy,Normal
Pistachio/VAD/vit-features/train/normal/infrastructure_normal_less/39KQ539K72JW_all__9.npy,Normal
Pistachio/VAD/vit-features/train/normal/infrastructure_normal_more/000000473321_all__2.npy,Normal
Pistachio/VAD/vit-features/train/normal/infrastructure_normal_less/V7EXKQ29VW99_all__6.npy,Normal
Pistachio/VAD/vit-features/train/normal/infrastructure_normal_more/000000151014_all__7.npy,Normal
Pistachio/VAD/vit-features/train/normal/outdoor_normal_less/2WTUHVL18IHN_all__3.npy,Normal
Pistachio/VAD/vit-features/train/normal/road_normal_more/000000138091_all__1.npy,Normal
Pistachio/VAD/vit-features/train/normal/outdoor_normal_less/000000007866_all__7.npy,Normal
Pistachio/VAD/vit-features/train/normal/infrastructure_normal_less/LXI9W31DFZ4V_all__3.npy,Normal
Pistachio/VAD/vit-features/train/anomaly/outdoor_anomaly_less/animal_predation/000000575078_all__6.npy,animal_predation
Pistachio/VAD/vit-features/train/anomaly/outdoor_anomaly_less/animal_predation/000000575078_all__7.npy,animal_predation
Pistachio/VAD/vit-features/train/normal/industrial_normal_more/hd448_all__1.npy,Normal
Pistachio/VAD/vit-features/train/normal/outdoor_normal_more/000000049176_all__1.npy,Normal
Pistachio/VAD/vit-features/train/normal/indoor_normal_less/000000224853_all__8.npy,Normal
Pistachio/VAD/vit-features/train/normal/commercial_normal_less/000000041194_all__2.npy,Normal
Pistachio/VAD/vit-features/train/normal/road_normal_less/000000021118_all__1.npy,Normal
Pistachio/VAD/vit-features/train/normal/infrastructure_normal_less/000000341249_all__6.npy,Normal
Pistachio/VAD/vit-features/train/normal/road_normal_more/000000129091_all__3.npy,Normal
Pistachio/VAD/vit-features/train/normal/indoor_normal_less/000000038356_all__6.npy,Normal
Pistachio/VAD/vit-features/train/normal/indoor_normal_less/000000205589_all__4.npy,Normal
Pistachio/VAD/vit-features/train/normal/outdoor_normal_more/000000182682_all__2.npy,Normal
Pistachio/VAD/vit-features/train/normal/industrial_normal_less/hd679_all__2.npy,Normal
Pistachio/VAD/vit-features/train/normal/outdoor_normal_more/000000140663_all__7.npy,Normal
Pistachio/VAD/vit-features/train/anomaly/outdoor_anomaly_less/animal_predation/000000579766_all__4.npy,animal_predation
Pistachio/VAD/vit-features/train/normal/indoor_normal_less/000000056723_all__9.npy,Normal
Pistachio/VAD/vit-features/train/normal/commercial_normal_less/000000049389_all__9.npy,Normal
Pistachio/VAD/vit-features/train/normal/outdoor_normal_less/000000012879_all__6.npy,Normal
Pistachio/VAD/vit-features/train/normal/commercial_normal_more/000000135137_all__1.npy,Normal
Pistachio/VAD/vit-features/train/normal/commercial_normal_less/000000077410_all__6.npy,Normal
Pistachio/VAD/vit-features/train/anomaly/outdoor_anomaly_less/animal_predation/000000580524_all__2.npy,animal_predation
Pistachio/VAD/vit-features/train/normal/indoor_normal_less/000000057889_all__4.npy,Normal
Pistachio/VAD/vit-features/train/normal/commercial_normal_less/000000046645_all__8.npy,Normal
Pistachio/VAD/vit-features/train/normal/industrial_normal_less/hd232_all__4.npy,Normal
Pistachio/VAD/vit-features/train/normal/commercial_normal_less/000000079811_all__3.npy,Normal
Pistachio/VAD/vit-features/train/normal/indoor_normal_less/000000035984_all__6.npy,Normal
Pistachio/VAD/vit-features/train/normal/road_normal_less/000000050357_all__4.npy,Normal
Pistachio/VAD/vit-features/train/normal/outdoor_normal_less/hd620_all__3.npy,Normal
Pistachio/VAD/vit-features/train/normal/industrial_normal_less/hd220_all__9.npy,Normal
Pistachio/VAD/vit-features/train/normal/road_normal_less/000000039660_all__4.npy,Normal
Pistachio/VAD/vit-features/train/anomaly/outdoor_anomaly_less/animal_predation/000000572227_all__3.npy,animal_predation
Pistachio/VAD/vit-features/train/normal/industrial_normal_less/hd143_all__2.npy,Normal
Pistachio/VAD/vit-features/train/anomaly/outdoor_anomaly_less/animal_predation/000000579766_all__1.npy,animal_predation
Pistachio/VAD/vit-features/train/anomaly/outdoor_anomaly_less/animal_predation/000000576912_all__4.npy,animal_predation
Pistachio/VAD/vit-features/train/normal/infrastructure_normal_less/000000057826_all__0.npy,Normal
Pistachio/VAD/vit-features/train/normal/indoor_normal_less/000000227620_all__2.npy,Normal
Pistachio/VAD/vit-features/train/normal/road_normal_less/000000048344_all__8.npy,Normal
Pistachio/VAD/vit-features/train/normal/infrastructure_normal_more/000000363918_all__4.npy,Normal
Pistachio/VAD/vit-features/train/normal/commercial_normal_less/000000085616_all__5.npy,Normal
Pistachio/VAD/vit-features/train/normal/industrial_normal_less/hd813_all__6.npy,Normal
Pistachio/VAD/vit-features/train/normal/road_normal_less/000000027518_all__4.npy,Normal
Pistachio/VAD/vit-features/train/normal/outdoor_normal_less/000000021485_all__2.npy,Normal
Pistachio/VAD/vit-features/train/anomaly/outdoor_anomaly_less/animal_predation/000000573767_all__3.npy,animal_predation
Pistachio/VAD/vit-features/train/anomaly/outdoor_anomaly_less/animal_predation/000000580524_all__4.npy,animal_predation
Pistachio/VAD/vit-features/train/normal/commercial_normal_less/000000373868_all__6.npy,Normal
Pistachio/VAD/vit-features/train/normal/commercial_normal_less/000000077678_all__3.npy,Normal
Pistachio/VAD/vit-features/train/anomaly/outdoor_anomaly_less/animal_predation/000000579766_all__9.npy,animal_predation
Pistachio/VAD/vit-features/train/normal/outdoor_normal_less/000000024461_all__1.npy,Normal
Pistachio/VAD/vit-features/train/normal/industrial_normal_more/000000434801_all__4.npy,Normal
Pistachio/VAD/vit-features/train/normal/outdoor_normal_less/000000561819_all__9.npy,Normal
Pistachio/VAD/vit-features/train/normal/industrial_normal_more/hd917_all__2.npy,Normal
Pistachio/VAD/vit-features/train/normal/road_normal_less/000000012779_all__7.npy,Normal
Pistachio/VAD/vit-features/train/normal/indoor_normal_less/000000204220_all__9.npy,Normal
Pistachio/VAD/vit-features/train/normal/road_normal_more/000000138994_all__8.npy,Normal
Pistachio/VAD/vit-features/train/normal/outdoor_normal_more/000000180861_all__7.npy,Normal
Pistachio/VAD/vit-features/train/normal/indoor_normal_less/000000051420_all__9.npy,Normal
Pistachio/VAD/vit-features/train/normal/infrastructure_normal_less/L0V7AXRTA1KD_all__0.npy,Normal
Pistachio/VAD/vit-features/train/normal/indoor_normal_less/000000080241_all__5.npy,Normal
Pistachio/VAD/vit-features/train/normal/indoor_normal_less/000000047338_all__6.npy,Normal
Pistachio/VAD/vit-features/train/normal/outdoor_normal_less/Q0K1WQYSIWYF_all__6.npy,Normal
Pistachio/VAD/vit-features/train/normal/indoor_normal_more/000000322387_all__0.npy,Normal
Pistachio/VAD/vit-features/train/normal/industrial_normal_less/hd664_all__9.npy,Normal
Pistachio/VAD/vit-features/train/normal/infrastructure_normal_less/10_jpg.rf.1d247dc1d4df461b2092cef17e760808_all__1.npy,Normal
Pistachio/VAD/vit-features/train/normal/indoor_normal_less/000000136889_all__5.npy,Normal
Pistachio/VAD/vit-features/train/anomaly/outdoor_anomaly_less/animal_predation/000000574204_all__9.npy,animal_predation
Pistachio/VAD/vit-features/train/normal/commercial_normal_less/000000029946_all__8.npy,Normal
Pistachio/VAD/vit-features/train/normal/indoor_normal_more/000000336456_all__6.npy,Normal
Pistachio/VAD/vit-features/train/normal/outdoor_normal_more/000000124388_all__8.npy,Normal
Pistachio/VAD/vit-features/train/normal/commercial_normal_less/000000051069_all__8.npy,Normal
Pistachio/VAD/vit-features/train/normal/commercial_normal_less/000000096731_all__6.npy,Normal
Pistachio/VAD/vit-features/train/normal/road_normal_less/000000046036_all__0.npy,Normal
Pistachio/VAD/vit-features/train/normal/outdoor_normal_less/000000567728_all__0.npy,Normal
Pistachio/VAD/vit-features/train/normal/commercial_normal_less/000000045113_all__6.npy,Normal
Pistachio/VAD/vit-features/train/normal/road_normal_less/000000332412_all__4.npy,Normal
Pistachio/VAD/vit-features/train/normal/industrial_normal_less/hd733_all__8.npy,Normal
Pistachio/VAD/vit-features/train/normal/industrial_normal_less/hd187_all__7.npy,Normal
Pistachio/VAD/vit-features/train/normal/industrial_normal_less/hd25_all__7.npy,Normal
Pistachio/VAD/vit-features/train/normal/commercial_normal_less/000000082912_all__4.npy,Normal
Pistachio/VAD/vit-features/train/normal/road_normal_less/000000011898_all__2.npy,Normal
Pistachio/VAD/vit-features/train/anomaly/outdoor_anomaly_less/animal_predation/000000572227_all__8.npy,animal_predation
Pistachio/VAD/vit-features/train/anomaly/outdoor_anomaly_less/animal_predation/000000574694_all__3.npy,animal_predation
Pistachio/VAD/vit-features/train/normal/infrastructure_normal_less/5EU990KIG1C1_all__7.npy,Normal
Pistachio/VAD/vit-features/train/normal/commercial_normal_less/000000053314_all__3.npy,Normal
Pistachio/VAD/vit-features/train/normal/road_normal_less/000000049325_all__2.npy,Normal
Pistachio/VAD/vit-features/train/normal/industrial_normal_less/hd352_all__9.npy,Normal
Pistachio/VAD/vit-features/train/normal/road_normal_more/000000133297_all__6.npy,Normal
Pistachio/VAD/vit-features/train/normal/indoor_normal_less/000000017211_all__7.npy,Normal
Pistachio/VAD/vit-features/train/normal/outdoor_normal_less/000000007866_all__2.npy,Normal
Pistachio/VAD/vit-features/train/normal/industrial_normal_less/hd665_all__2.npy,Normal
Pistachio/VAD/vit-features/train/normal/outdoor_normal_less/000000018855_all__0.npy,Normal
Pistachio/VAD/vit-features/train/normal/infrastructure_normal_less/pedestrian-8844110_1280_all__5.npy,Normal
Pistachio/VAD/vit-features/train/normal/commercial_normal_less/000000060236_all__2.npy,Normal
Pistachio/VAD/vit-features/train/normal/commercial_normal_less/000000050032_all__6.npy,Normal
Pistachio/VAD/vit-features/train/normal/infrastructure_normal_more/000000506827_all__4.npy,Normal
Pistachio/VAD/vit-features/train/normal/road_normal_less/000000021655_all__5.npy,Normal
Pistachio/VAD/vit-features/train/normal/indoor_normal_more/000000319637_all__8.npy,Normal
Pistachio/VAD/vit-features/train/normal/indoor_normal_more/000000325403_all__4.npy,Normal
Pistachio/VAD/vit-features/train/normal/industrial_normal_less/hd671_all__4.npy,Normal
Pistachio/VAD/vit-features/train/anomaly/outdoor_anomaly_less/animal_predation/000000576139_all__3.npy,animal_predation
Pistachio/VAD/vit-features/train/normal/indoor_normal_less/000000058729_all__4.npy,Normal
Pistachio/VAD/vit-features/train/anomaly/outdoor_anomaly_less/animal_predation/000000576139_all__1.npy,animal_predation
Pistachio/VAD/vit-features/train/normal/infrastructure_normal_less/207_jpg.rf.79692f80bf5fc134a457c7bb2a13a93c_all__4.npy,Normal
Pistachio/VAD/vit-features/train/normal/indoor_normal_less/000000232403_all__5.npy,Normal
Pistachio/VAD/vit-features/train/normal/industrial_normal_less/hd479_all__5.npy,Normal
Pistachio/VAD/vit-features/train/anomaly/outdoor_anomaly_less/animal_predation/000000576271_all__1.npy,animal_predation
Pistachio/VAD/vit-features/train/normal/infrastructure_normal_less/000000014465_all__6.npy,Normal
Pistachio/VAD/vit-features/train/normal/indoor_normal_less/000000043312_all__0.npy,Normal
Pistachio/VAD/vit-features/train/normal/infrastructure_normal_less/000000521526_all__0.npy,Normal
Pistachio/VAD/vit-features/train/anomaly/outdoor_anomaly_less/animal_predation/000000574204_all__2.npy,animal_predation
Pistachio/VAD/vit-features/train/normal/road_normal_less/000000051635_all__0.npy,Normal
Pistachio/VAD/vit-features/train/normal/indoor_normal_less/000000058136_all__1.npy,Normal
Pistachio/VAD/vit-features/train/normal/indoor_normal_less/000000233037_all__3.npy,Normal
Pistachio/VAD/vit-features/train/normal/indoor_normal_less/000000073887_all__8.npy,Normal
Pistachio/VAD/vit-features/train/normal/industrial_normal_less/hd555_all__3.npy,Normal
Pistachio/VAD/vit-features/train/normal/indoor_normal_more/000000332370_all__8.npy,Normal
Pistachio/VAD/vit-features/train/normal/commercial_normal_less/000000065642_all__5.npy,Normal
Pistachio/VAD/vit-features/train/normal/infrastructure_normal_more/000000207312_all__1.npy,Normal
Pistachio/VAD/vit-features/train/normal/commercial_normal_more/000000136357_all__9.npy,Normal
Pistachio/VAD/vit-features/train/normal/road_normal_less/000000023060_all__9.npy,Normal
Pistachio/VAD/vit-features/train/normal/commercial_normal_less/000000078523_all__1.npy,Normal
Pistachio/VAD/vit-features/train/normal/indoor_normal_more/000000332460_all__1.npy,Normal
Pistachio/VAD/vit-features/train/normal/road_normal_less/000000024282_all__8.npy,Normal
Pistachio/VAD/vit-features/train/normal/infrastructure_normal_less/000000067285_all__0.npy,Normal
Pistachio/VAD/vit-features/train/normal/industrial_normal_less/hd333_all__9.npy,Normal
Pistachio/VAD/vit-features/train/normal/indoor_normal_more/000000305286_all__0.npy,Normal
Pistachio/VAD/vit-features/train/normal/indoor_normal_less/000000235704_all__5.npy,Normal
Pistachio/VAD/vit-features/train/normal/indoor_normal_less/000000065180_all__5.npy,Normal
Pistachio/VAD/vit-features/train/normal/indoor_normal_less/000000202716_all__0.npy,Normal
Pistachio/VAD/vit-features/train/normal/road_normal_less/000000019217_all__0.npy,Normal
Pistachio/VAD/vit-features/train/normal/commercial_normal_less/000000038312_all__5.npy,Normal
Pistachio/VAD/vit-features/train/normal/industrial_normal_less/000000356497_all__5.npy,Normal
Pistachio/VAD/vit-features/train/normal/outdoor_normal_more/000000044442_all__0.npy,Normal
Pistachio/VAD/vit-features/train/normal/commercial_normal_more/000000135600_all__8.npy,Normal
Pistachio/VAD/vit-features/train/normal/commercial_normal_less/000000225515_all__5.npy,Normal
Pistachio/VAD/vit-features/train/normal/commercial_normal_less/000000081725_all__6.npy,Normal
Pistachio/VAD/vit-features/train/anomaly/outdoor_anomaly_less/animal_predation/000000576912_all__9.npy,animal_predation
Pistachio/VAD/vit-features/train/normal/industrial_normal_less/hd797_all__7.npy,Normal
Pistachio/VAD/vit-features/train/normal/indoor_normal_less/000000153842_all__7.npy,Normal
Pistachio/VAD/vit-features/train/normal/outdoor_normal_more/000000180566_all__4.npy,Normal
Pistachio/VAD/vit-features/train/normal/infrastructure_normal_less/704_jpg.rf.b0ef7419937f78667b663fd840ecf202_all__1.npy,Normal
Pistachio/VAD/vit-features/train/normal/indoor_normal_less/000000031109_all__5.npy,Normal
Pistachio/VAD/vit-features/train/normal/indoor_normal_less/000000067944_all__9.npy,Normal
Pistachio/VAD/vit-features/train/normal/industrial_normal_more/000000505249_all__0.npy,Normal
Pistachio/VAD/vit-features/train/normal/indoor_normal_less/000000204330_all__1.npy,Normal
Pistachio/VAD/vit-features/train/normal/indoor_normal_less/000000136741_all__8.npy,Normal
Pistachio/VAD/vit-features/train/normal/road_normal_more/000000130669_all__0.npy,Normal
Pistachio/VAD/vit-features/train/normal/outdoor_normal_more/000000181202_all__4.npy,Normal
Pistachio/VAD/vit-features/train/normal/outdoor_normal_less/000000036079_all__4.npy,Normal
Pistachio/VAD/vit-features/train/anomaly/outdoor_anomaly_less/animal_predation/000000574694_all__4.npy,animal_predation
Pistachio/VAD/vit-features/train/normal/industrial_normal_less/hd677_all__3.npy,Normal
Pistachio/VAD/vit-features/train/normal/industrial_normal_more/000000345794_all__4.npy,Normal
Pistachio/VAD/vit-features/train/normal/industrial_normal_more/hd305_all__0.npy,Normal
Pistachio/VAD/vit-features/train/normal/commercial_normal_less/000000086219_all__1.npy,Normal
Pistachio/VAD/vit-features/train/normal/outdoor_normal_more/000000139619_all__0.npy,Normal
Pistachio/VAD/vit-features/train/anomaly/outdoor_anomaly_less/animal_predation/000000581767_all__5.npy,animal_predation
Pistachio/VAD/vit-features/train/normal/industrial_normal_less/hd367_all__3.npy,Normal
Pistachio/VAD/vit-features/train/normal/commercial_normal_less/000000034676_all__0.npy,Normal
Pistachio/VAD/vit-features/train/normal/indoor_normal_less/000000081423_all__3.npy,Normal
Pistachio/VAD/vit-features/train/anomaly/outdoor_anomaly_less/animal_predation/000000581767_all__4.npy,animal_predation
Pistachio/VAD/vit-features/train/normal/outdoor_normal_less/000000016923_all__4.npy,Normal
Pistachio/VAD/vit-features/train/normal/commercial_normal_less/000000025707_all__5.npy,Normal
Pistachio/VAD/vit-features/train/normal/commercial_normal_less/000000043667_all__8.npy,Normal
Pistachio/VAD/vit-features/train/normal/industrial_normal_less/hd522_all__9.npy,Normal
Pistachio/VAD/vit-features/train/normal/road_normal_more/000000091925_all__2.npy,Normal
Pistachio/VAD/vit-features/train/normal/road_normal_less/000000032034_all__5.npy,Normal
Pistachio/VAD/vit-features/train/anomaly/outdoor_anomaly_less/animal_predation/000000580524_all__5.npy,animal_predation
Pistachio/VAD/vit-features/train/normal/industrial_normal_less/000000399381_all__9.npy,Normal
Pistachio/VAD/vit-features/train/normal/commercial_normal_more/000000272369_all__8.npy,Normal
Pistachio/VAD/vit-features/train/normal/industrial_normal_less/hd120_all__6.npy,Normal
Pistachio/VAD/vit-features/train/normal/outdoor_normal_less/000000022647_all__5.npy,Normal
Pistachio/VAD/vit-features/train/normal/road_normal_less/000000019988_all__6.npy,Normal
Pistachio/VAD/vit-features/train/normal/infrastructure_normal_less/ID4O0HBTMBZP_all__0.npy,Normal
Pistachio/VAD/vit-features/train/anomaly/outdoor_anomaly_less/animal_predation/000000570948_all__4.npy,animal_predation
Pistachio/VAD/vit-features/train/normal/road_normal_less/000000033237_all__1.npy,Normal
Pistachio/VAD/vit-features/train/normal/commercial_normal_more/000000126068_all__7.npy,Normal
Pistachio/VAD/vit-features/train/normal/outdoor_normal_more/000000124896_all__1.npy,Normal
Pistachio/VAD/vit-features/train/normal/outdoor_normal_less/hd6771_all__3.npy,Normal
Pistachio/VAD/vit-features/train/normal/indoor_normal_less/000000028908_all__5.npy,Normal
Pistachio/VAD/vit-features/train/normal/industrial_normal_more/000000008997_all__9.npy,Normal
Pistachio/VAD/vit-features/train/normal/road_normal_more/000000135350_all__8.npy,Normal
Pistachio/VAD/vit-features/train/normal/industrial_normal_less/hd542_all__3.npy,Normal
Pistachio/VAD/vit-features/train/normal/outdoor_normal_more/000000139619_all__2.npy,Normal
Pistachio/VAD/vit-features/train/normal/industrial_normal_less/hd725_all__0.npy,Normal
Pistachio/VAD/vit-features/train/normal/indoor_normal_less/000000076640_all__4.npy,Normal
Pistachio/VAD/vit-features/train/normal/indoor_normal_less/000000207435_all__4.npy,Normal
Pistachio/VAD/vit-features/train/normal/industrial_normal_less/hd234_all__9.npy,Normal
Pistachio/VAD/vit-features/train/anomaly/outdoor_anomaly_less/animal_predation/000000580524_all__7.npy,animal_predation
Pistachio/VAD/vit-features/train/normal/industrial_normal_less/hd828_all__9.npy,Normal
Pistachio/VAD/vit-features/train/normal/indoor_normal_less/000000233511_all__6.npy,Normal
Pistachio/VAD/vit-features/train/normal/industrial_normal_less/000000480067_all__2.npy,Normal
Pistachio/VAD/vit-features/train/normal/outdoor_normal_less/I009TU0WY8Q3_all__7.npy,Normal
Pistachio/VAD/vit-features/train/normal/commercial_normal_more/000000125589_all__0.npy,Normal
Pistachio/VAD/vit-features/train/normal/commercial_normal_less/000000041928_all__0.npy,Normal
Pistachio/VAD/vit-features/train/normal/road_normal_less/000000504071_all__4.npy,Normal
Pistachio/VAD/vit-features/train/normal/commercial_normal_more/000000137947_all__0.npy,Normal
Pistachio/VAD/vit-features/train/normal/commercial_normal_less/000000054112_all__2.npy,Normal
Pistachio/VAD/vit-features/train/normal/indoor_normal_less/000000202317_all__2.npy,Normal
Pistachio/VAD/vit-features/train/normal/indoor_normal_less/000000075922_all__0.npy,Normal
Pistachio/VAD/vit-features/train/normal/infrastructure_normal_more/000000521522_all__1.npy,Normal
Pistachio/VAD/vit-features/train/normal/indoor_normal_less/000000024392_all__3.npy,Normal
Pistachio/VAD/vit-features/train/normal/indoor_normal_less/000000083392_all__9.npy,Normal
Pistachio/VAD/vit-features/train/normal/indoor_normal_less/000000221099_all__8.npy,Normal
Pistachio/VAD/vit-features/train/normal/industrial_normal_less/hd237_all__1.npy,Normal
Pistachio/VAD/vit-features/train/normal/commercial_normal_more/000000126178_all__7.npy,Normal
Pistachio/VAD/vit-features/train/normal/outdoor_normal_less/000000017314_all__0.npy,Normal
Pistachio/VAD/vit-features/train/normal/outdoor_normal_more/000000140723_all__1.npy,Normal
Pistachio/VAD/vit-features/train/normal/indoor_normal_less/000000137791_all__7.npy,Normal
Pistachio/VAD/vit-features/train/normal/commercial_normal_less/000000039850_all__5.npy,Normal
Pistachio/VAD/vit-features/train/normal/outdoor_normal_less/000000009181_all__6.npy,Normal
Pistachio/VAD/vit-features/train/normal/outdoor_normal_more/000000179123_all__9.npy,Normal
Pistachio/VAD/vit-features/train/anomaly/outdoor_anomaly_less/animal_predation/000000576139_all__7.npy,animal_predation
Pistachio/VAD/vit-features/train/normal/indoor_normal_less/000000025750_all__1.npy,Normal
Pistachio/VAD/vit-features/train/normal/infrastructure_normal_less/000000017007_all__4.npy,Normal
Pistachio/VAD/vit-features/train/normal/infrastructure_normal_less/4KOED941VXT9_all__3.npy,Normal
Pistachio/VAD/vit-features/train/normal/commercial_normal_less/000000073145_all__1.npy,Normal
Pistachio/VAD/vit-features/train/normal/commercial_normal_less/000000028391_all__5.npy,Normal
Pistachio/VAD/vit-features/train/normal/infrastructure_normal_less/000000010934_all__5.npy,Normal
Pistachio/VAD/vit-features/train/normal/industrial_normal_less/hd648_all__6.npy,Normal
Pistachio/VAD/vit-features/train/normal/outdoor_normal_more/000000140674_all__8.npy,Normal
Pistachio/VAD/vit-features/train/normal/road_normal_less/000000026500_all__5.npy,Normal
Pistachio/VAD/vit-features/train/normal/industrial_normal_less/hd018_all__0.npy,Normal
Pistachio/VAD/vit-features/train/normal/road_normal_more/000000133297_all__9.npy,Normal
Pistachio/VAD/vit-features/train/normal/commercial_normal_less/000000086603_all__8.npy,Normal
Pistachio/VAD/vit-features/train/normal/infrastructure_normal_less/000000477450_all__1.npy,Normal
Pistachio/VAD/vit-features/train/normal/road_normal_less/000000032725_all__7.npy,Normal
Pistachio/VAD/vit-features/train/normal/indoor_normal_less/000000214135_all__9.npy,Normal
Pistachio/VAD/vit-features/train/anomaly/outdoor_anomaly_less/animal_predation/000000580524_all__0.npy,animal_predation
Pistachio/VAD/vit-features/train/normal/indoor_normal_less/000000217508_all__1.npy,Normal
Pistachio/VAD/vit-features/train/normal/industrial_normal_less/hd344_all__3.npy,Normal
Pistachio/VAD/vit-features/train/normal/road_normal_less/000000022349_all__3.npy,Normal
Pistachio/VAD/vit-features/train/normal/industrial_normal_more/000000137084_all__0.npy,Normal
Pistachio/VAD/vit-features/train/anomaly/outdoor_anomaly_less/animal_predation/000000576139_all__9.npy,animal_predation
Pistachio/VAD/vit-features/train/normal/indoor_normal_more/000000312874_all__8.npy,Normal
Pistachio/VAD/vit-features/train/normal/commercial_normal_less/000000039461_all__2.npy,Normal
Pistachio/VAD/vit-features/train/normal/commercial_normal_less/000000060238_all__5.npy,Normal
Pistachio/VAD/vit-features/train/normal/indoor_normal_less/000000032135_all__1.npy,Normal
Pistachio/VAD/vit-features/train/normal/road_normal_more/000000135350_all__9.npy,Normal
Pistachio/VAD/vit-features/train/normal/infrastructure_normal_more/000000505466_all__4.npy,Normal
Pistachio/VAD/vit-features/train/normal/road_normal_less/000000043084_all__5.npy,Normal
Pistachio/VAD/vit-features/train/normal/commercial_normal_less/000000062290_all__2.npy,Normal
Pistachio/VAD/vit-features/train/normal/outdoor_normal_more/000000138427_all__9.npy,Normal
Pistachio/VAD/vit-features/train/normal/infrastructure_normal_more/000000561440_all__5.npy,Normal
Pistachio/VAD/vit-features/train/normal/outdoor_normal_less/1GRW0WTGTUCZ_all__6.npy,Normal
Pistachio/VAD/vit-features/train/anomaly/outdoor_anomaly_less/animal_predation/000000580611_all__2.npy,animal_predation
Pistachio/VAD/vit-features/train/normal/indoor_normal_more/000000314456_all__1.npy,Normal
Pistachio/VAD/vit-features/train/normal/infrastructure_normal_more/000000245394_all__3.npy,Normal
Pistachio/VAD/vit-features/train/normal/road_normal_less/000000046873_all__2.npy,Normal
Pistachio/VAD/vit-features/train/normal/infrastructure_normal_less/R7D5LIY53U57_all__8.npy,Normal
Pistachio/VAD/vit-features/train/anomaly/outdoor_anomaly_less/animal_predation/000000576271_all__5.npy,animal_predation
Pistachio/VAD/vit-features/train/normal/commercial_normal_less/000000057670_all__1.npy,Normal
Pistachio/VAD/vit-features/train/normal/infrastructure_normal_less/000000436832_all__3.npy,Normal
Pistachio/VAD/vit-features/train/anomaly/outdoor_anomaly_less/animal_predation/000000579766_all__5.npy,animal_predation
Pistachio/VAD/vit-features/train/normal/road_normal_less/000000029242_all__3.npy,Normal
Pistachio/VAD/vit-features/train/normal/road_normal_less/000000011853_all__9.npy,Normal
Pistachio/VAD/vit-features/train/normal/commercial_normal_less/000000027505_all__9.npy,Normal
Pistachio/VAD/vit-features/train/normal/road_normal_less/000000046800_all__0.npy,Normal
Pistachio/VAD/vit-features/train/normal/indoor_normal_less/000000058228_all__9.npy,Normal
Pistachio/VAD/vit-features/train/anomaly/outdoor_anomaly_less/animal_predation/000000576912_all__3.npy,animal_predation
Pistachio/VAD/vit-features/train/anomaly/outdoor_anomaly_less/animal_predation/000000576271_all__6.npy,animal_predation
Pistachio/VAD/vit-features/train/normal/industrial_normal_less/hd794_all__9.npy,Normal
Pistachio/VAD/vit-features/train/normal/indoor_normal_less/000000233939_all__7.npy,Normal
Pistachio/VAD/vit-features/train/normal/industrial_normal_less/hd654_all__9.npy,Normal
Pistachio/VAD/vit-features/train/normal/outdoor_normal_less/hd786_all__6.npy,Normal
Pistachio/VAD/vit-features/train/normal/indoor_normal_less/000000045742_all__9.npy,Normal
Pistachio/VAD/vit-features/train/anomaly/outdoor_anomaly_less/animal_predation/000000574204_all__4.npy,animal_predation
Pistachio/VAD/vit-features/train/normal/infrastructure_normal_less/000000339037_all__7.npy,Normal
Pistachio/VAD/vit-features/train/normal/indoor_normal_more/000000337713_all__0.npy,Normal
Pistachio/VAD/vit-features/train/normal/commercial_normal_less/000000029877_all__2.npy,Normal
Pistachio/VAD/vit-features/train/normal/outdoor_normal_more/000000044442_all__6.npy,Normal
Pistachio/VAD/vit-features/train/normal/outdoor_normal_more/000000138777_all__5.npy,Normal
Pistachio/VAD/vit-features/train/normal/road_normal_less/000000285658_all__8.npy,Normal
Pistachio/VAD/vit-features/train/normal/indoor_normal_less/000000203480_all__9.npy,Normal
Pistachio/VAD/vit-features/train/normal/industrial_normal_less/hd563_all__8.npy,Normal
Pistachio/VAD/vit-features/train/normal/industrial_normal_less/hd860_all__3.npy,Normal
Pistachio/VAD/vit-features/train/normal/road_normal_less/000000015833_all__5.npy,Normal
Pistachio/VAD/vit-features/train/normal/road_normal_less/000000050821_all__0.npy,Normal
Pistachio/VAD/vit-features/train/normal/infrastructure_normal_more/000000151128_all__3.npy,Normal
Pistachio/VAD/vit-features/train/normal/industrial_normal_less/hd694_all__8.npy,Normal
Pistachio/VAD/vit-features/train/normal/commercial_normal_more/000000125183_all__5.npy,Normal
Pistachio/VAD/vit-features/train/normal/road_normal_more/000000126752_all__7.npy,Normal
Pistachio/VAD/vit-features/train/normal/commercial_normal_less/000000067124_all__0.npy,Normal
Pistachio/VAD/vit-features/train/normal/outdoor_normal_less/000000025028_all__5.npy,Normal
Pistachio/VAD/vit-features/train/normal/infrastructure_normal_less/745_jpg.rf.a070f162dbacabe2d70c144e8026f734_all__6.npy,Normal
Pistachio/VAD/vit-features/train/normal/outdoor_normal_less/000000025255_all__9.npy,Normal
Pistachio/VAD/vit-features/train/normal/commercial_normal_less/000000225515_all__0.npy,Normal
Pistachio/VAD/vit-features/train/normal/commercial_normal_more/000000303874_all__3.npy,Normal
Pistachio/VAD/vit-features/train/normal/commercial_normal_more/000000136794_all__7.npy,Normal
Pistachio/VAD/vit-features/train/normal/industrial_normal_less/hd686_all__2.npy,Normal
Pistachio/VAD/vit-features/train/normal/commercial_normal_more/000000134473_all__0.npy,Normal
Pistachio/VAD/vit-features/train/normal/road_normal_less/000000038746_all__9.npy,Normal
Pistachio/VAD/vit-features/train/normal/outdoor_normal_less/000000017557_all__2.npy,Normal
Pistachio/VAD/vit-features/train/normal/infrastructure_normal_less/000000347103_all__3.npy,Normal
Pistachio/VAD/vit-features/train/normal/road_normal_less/000000026714_all__3.npy,Normal
Pistachio/VAD/vit-features/train/normal/outdoor_normal_less/hd507_all__2.npy,Normal
Pistachio/VAD/vit-features/train/normal/infrastructure_normal_more/000000205576_all__7.npy,Normal
Pistachio/VAD/vit-features/train/normal/commercial_normal_more/000000133201_all__2.npy,Normal
Pistachio/VAD/vit-features/train/normal/road_normal_more/000000130964_all__8.npy,Normal
Pistachio/VAD/vit-features/train/anomaly/outdoor_anomaly_less/animal_predation/000000573767_all__2.npy,animal_predation
Pistachio/VAD/vit-features/train/normal/outdoor_normal_less/000000024863_all__4.npy,Normal
Pistachio/VAD/vit-features/train/normal/industrial_normal_less/hd338_all__8.npy,Normal
Pistachio/VAD/vit-features/train/normal/infrastructure_normal_more/000000518967_all__1.npy,Normal
Pistachio/VAD/vit-features/train/normal/indoor_normal_less/000000016892_all__2.npy,Normal
Pistachio/VAD/vit-features/train/anomaly/outdoor_anomaly_less/animal_predation/000000575078_all__2.npy,animal_predation
Pistachio/VAD/vit-features/train/anomaly/outdoor_anomaly_less/animal_predation/000000575078_all__8.npy,animal_predation
Pistachio/VAD/vit-features/train/anomaly/outdoor_anomaly_less/animal_predation/000000576271_all__2.npy,animal_predation
Pistachio/VAD/vit-features/train/normal/road_normal_less/000000038401_all__0.npy,Normal
Pistachio/VAD/vit-features/train/normal/road_normal_less/000000035641_all__9.npy,Normal
Pistachio/VAD/vit-features/train/normal/industrial_normal_more/000000522313_all__3.npy,Normal
Pistachio/VAD/vit-features/train/normal/outdoor_normal_more/000000139295_all__2.npy,Normal
Pistachio/VAD/vit-features/train/normal/indoor_normal_less/000000025726_all__3.npy,Normal
Pistachio/VAD/vit-features/train/normal/outdoor_normal_less/hd503_all__4.npy,Normal
Pistachio/VAD/vit-features/train/normal/indoor_normal_less/000000020699_all__3.npy,Normal
Pistachio/VAD/vit-features/train/normal/road_normal_less/000000032573_all__9.npy,Normal
Pistachio/VAD/vit-features/train/anomaly/outdoor_anomaly_less/animal_predation/000000572227_all__1.npy,animal_predation
Pistachio/VAD/vit-features/train/normal/industrial_normal_more/hd376_all__5.npy,Normal
Pistachio/VAD/vit-features/train/normal/indoor_normal_more/000000327543_all__7.npy,Normal
Pistachio/VAD/vit-features/train/normal/commercial_normal_less/000000052046_all__8.npy,Normal
Pistachio/VAD/vit-features/train/normal/indoor_normal_less/000000024392_all__8.npy,Normal
Pistachio/VAD/vit-features/train/normal/indoor_normal_less/000000207300_all__4.npy,Normal
Pistachio/VAD/vit-features/train/normal/industrial_normal_less/hd236_all__2.npy,Normal
Pistachio/VAD/vit-features/train/normal/road_normal_less/000000034332_all__1.npy,Normal
Pistachio/VAD/vit-features/train/anomaly/outdoor_anomaly_less/animal_predation/000000574694_all__1.npy,animal_predation
Pistachio/VAD/vit-features/train/normal/road_normal_less/000000029242_all__2.npy,Normal
Pistachio/VAD/vit-features/train/anomaly/outdoor_anomaly_less/animal_predation/000000581767_all__9.npy,animal_predation
Pistachio/VAD/vit-features/train/normal/commercial_normal_less/000000076172_all__2.npy,Normal
Pistachio/VAD/vit-features/train/normal/outdoor_normal_less/3YOYVUJAGCFJ_all__6.npy,Normal
Pistachio/VAD/vit-features/train/normal/industrial_normal_less/hd474_all__0.npy,Normal
Pistachio/VAD/vit-features/train/normal/commercial_normal_less/000000050595_all__9.npy,Normal
Pistachio/VAD/vit-features/train/normal/road_normal_less/000000018132_all__9.npy,Normal
Pistachio/VAD/vit-features/train/normal/road_normal_more/000000129034_all__9.npy,Normal
Pistachio/VAD/vit-features/train/normal/outdoor_normal_less/000000009839_all__0.npy,Normal
Pistachio/VAD/vit-features/train/normal/road_normal_less/000000512580_all__8.npy,Normal
Pistachio/VAD/vit-features/train/normal/industrial_normal_less/hd229_all__1.npy,Normal
Pistachio/VAD/vit-features/train/normal/commercial_normal_less/000000064549_all__0.npy,Normal
Pistachio/VAD/vit-features/train/normal/outdoor_normal_less/hd624_all__2.npy,Normal
Pistachio/VAD/vit-features/train/normal/road_normal_less/000000026824_all__9.npy,Normal
Pistachio/VAD/vit-features/train/normal/commercial_normal_less/000000042936_all__7.npy,Normal
Pistachio/VAD/vit-features/train/normal/road_normal_less/000000017983_all__8.npy,Normal
Pistachio/VAD/vit-features/train/anomaly/outdoor_anomaly_less/animal_predation/000000576139_all__4.npy,animal_predation
Pistachio/VAD/vit-features/train/normal/outdoor_normal_less/XQ41JXPX1NQF_all__2.npy,Normal
Pistachio/VAD/vit-features/train/normal/infrastructure_normal_less/230_jpg.rf.13822c014d133e7cae27792317c5ec1b_all__0.npy,Normal
Pistachio/VAD/vit-features/train/anomaly/outdoor_anomaly_less/animal_predation/000000573767_all__7.npy,animal_predation
Pistachio/VAD/vit-features/train/normal/industrial_normal_less/hd004_all__7.npy,Normal
Pistachio/VAD/vit-features/train/normal/indoor_normal_less/000000028975_all__4.npy,Normal
Pistachio/VAD/vit-features/train/normal/infrastructure_normal_less/000000343592_all__7.npy,Normal
Pistachio/VAD/vit-features/train/normal/infrastructure_normal_less/L4G9WNPCEMEK_all__5.npy,Normal
Pistachio/VAD/vit-features/train/normal/infrastructure_normal_less/NCK8REL083BO_all__1.npy,Normal
Pistachio/VAD/vit-features/train/normal/outdoor_normal_more/000000297433_all__0.npy,Normal
Pistachio/VAD/vit-features/train/normal/commercial_normal_more/000000136327_all__0.npy,Normal
Pistachio/VAD/vit-features/train/anomaly/outdoor_anomaly_less/animal_predation/000000570948_all__5.npy,animal_predation
Pistachio/VAD/vit-features/train/anomaly/outdoor_anomaly_less/animal_predation/000000575078_all__4.npy,animal_predation
Pistachio/VAD/vit-features/train/normal/road_normal_less/000000012013_all__4.npy,Normal
Pistachio/VAD/vit-features/train/normal/infrastructure_normal_more/000000559208_all__5.npy,Normal
Pistachio/VAD/vit-features/train/anomaly/outdoor_anomaly_less/animal_predation/000000576271_all__9.npy,animal_predation
Pistachio/VAD/vit-features/train/normal/industrial_normal_less/hd426_all__2.npy,Normal
Pistachio/VAD/vit-features/train/normal/infrastructure_normal_less/bv98_jpg.rf.16e5d6ae8ad1bed7610d2b092bc68786_all__9.npy,Normal
Pistachio/VAD/vit-features/train/normal/industrial_normal_less/hd145_all__1.npy,Normal
Pistachio/VAD/vit-features/train/normal/infrastructure_normal_less/000000375210_all__7.npy,Normal
Pistachio/VAD/vit-features/train/anomaly/outdoor_anomaly_less/animal_predation/000000574694_all__7.npy,animal_predation
Pistachio/VAD/vit-features/train/normal/outdoor_normal_less/hd784_all__0.npy,Normal
Pistachio/VAD/vit-features/train/normal/infrastructure_normal_less/000000249173_all__1.npy,Normal
Pistachio/VAD/vit-features/train/normal/commercial_normal_less/000000051069_all__7.npy,Normal
Pistachio/VAD/vit-features/train/normal/infrastructure_normal_less/000000449568_all__6.npy,Normal
Pistachio/VAD/vit-features/train/normal/commercial_normal_more/000000125611_all__9.npy,Normal
Pistachio/VAD/vit-features/train/anomaly/outdoor_anomaly_less/animal_predation/000000580611_all__5.npy,animal_predation
Pistachio/VAD/vit-features/train/normal/industrial_normal_less/hd27_all__5.npy,Normal
Pistachio/VAD/vit-features/train/normal/infrastructure_normal_less/000000450789_all__7.npy,Normal
Pistachio/VAD/vit-features/train/anomaly/outdoor_anomaly_less/animal_predation/000000576271_all__3.npy,animal_predation
Pistachio/VAD/vit-features/train/normal/road_normal_less/000000047079_all__7.npy,Normal
Pistachio/VAD/vit-features/train/normal/infrastructure_normal_less/n18_jpg.rf.baa08ce29e882f687bfd2d8e47978689_all__7.npy,Normal
Pistachio/VAD/vit-features/train/normal/infrastructure_normal_less/000000484611_all__0.npy,Normal
Pistachio/VAD/vit-features/train/normal/commercial_normal_less/000000058888_all__4.npy,Normal
Pistachio/VAD/vit-features/train/normal/road_normal_less/000000031856_all__0.npy,Normal
Pistachio/VAD/vit-features/train/normal/road_normal_less/000000028023_all__4.npy,Normal
Pistachio/VAD/vit-features/train/normal/commercial_normal_more/000000134230_all__6.npy,Normal
Pistachio/VAD/vit-features/train/normal/commercial_normal_less/000000078545_all__1.npy,Normal
Pistachio/VAD/vit-features/train/normal/indoor_normal_less/000000220833_all__5.npy,Normal
Pistachio/VAD/vit-features/train/normal/outdoor_normal_less/hd502_all__9.npy,Normal
Pistachio/VAD/vit-features/train/normal/indoor_normal_less/000000207540_all__7.npy,Normal
Pistachio/VAD/vit-features/train/normal/infrastructure_normal_less/12_jpg.rf.a29a4b817001239e3f24ccb3ae1cb67a_all__2.npy,Normal
Pistachio/VAD/vit-features/train/normal/outdoor_normal_less/000000007647_all__4.npy,Normal
Pistachio/VAD/vit-features/train/normal/infrastructure_normal_less/000000149534_all__9.npy,Normal
Pistachio/VAD/vit-features/train/normal/outdoor_normal_less/000000078954_all__0.npy,Normal
Pistachio/VAD/vit-features/train/normal/road_normal_less/000000476759_all__3.npy,Normal
Pistachio/VAD/vit-features/train/normal/outdoor_normal_more/000000295354_all__2.npy,Normal
Pistachio/VAD/vit-features/train/normal/industrial_normal_less/hd335_all__7.npy,Normal
Pistachio/VAD/vit-features/train/normal/road_normal_more/000000136419_all__6.npy,Normal
Pistachio/VAD/vit-features/train/anomaly/outdoor_anomaly_less/animal_predation/000000579766_all__6.npy,animal_predation
Pistachio/VAD/vit-features/train/normal/infrastructure_normal_less/000000352798_all__5.npy,Normal
Pistachio/VAD/vit-features/train/normal/infrastructure_normal_less/nl8_jpg.rf.f796bba96827025fc2306d18a8058df9_all__2.npy,Normal
Pistachio/VAD/vit-features/train/normal/outdoor_normal_less/hd579_all__5.npy,Normal
Pistachio/VAD/vit-features/train/normal/infrastructure_normal_less/U7BF14N4QHZV_all__9.npy,Normal
Pistachio/VAD/vit-features/train/anomaly/outdoor_anomaly_less/animal_predation/000000572227_all__4.npy,animal_predation
Pistachio/VAD/vit-features/train/normal/road_normal_less/000000036931_all__2.npy,Normal
Pistachio/VAD/vit-features/train/normal/road_normal_more/000000138495_all__6.npy,Normal
Pistachio/VAD/vit-features/train/normal/outdoor_normal_less/000000023665_all__4.npy,Normal
Pistachio/VAD/vit-features/train/normal/road_normal_less/000000462363_all__5.npy,Normal
Pistachio/VAD/vit-features/train/anomaly/outdoor_anomaly_less/animal_predation/000000573767_all__1.npy,animal_predation
Pistachio/VAD/vit-features/train/normal/outdoor_normal_more/000000141212_all__8.npy,Normal
Pistachio/VAD/vit-features/train/normal/commercial_normal_less/000000365992_all__8.npy,Normal
Pistachio/VAD/vit-features/train/normal/indoor_normal_more/000000331682_all__1.npy,Normal
Pistachio/VAD/vit-features/train/normal/outdoor_normal_more/000000014465_all__4.npy,Normal
Pistachio/VAD/vit-features/train/normal/industrial_normal_less/000000532871_all__5.npy,Normal
Pistachio/VAD/vit-features/train/normal/commercial_normal_less/000000051736_all__6.npy,Normal
Pistachio/VAD/vit-features/train/normal/indoor_normal_less/000000202236_all__2.npy,Normal
Pistachio/VAD/vit-features/train/normal/outdoor_normal_more/000000015958_all__6.npy,Normal
Pistachio/VAD/vit-features/train/normal/industrial_normal_less/hd05_all__7.npy,Normal
Pistachio/VAD/vit-features/train/normal/infrastructure_normal_less/CTFJC6O7C2JB_all__1.npy,Normal
Pistachio/VAD/vit-features/train/normal/commercial_normal_less/000000056180_all__4.npy,Normal
Pistachio/VAD/vit-features/train/normal/outdoor_normal_less/hd622_all__3.npy,Normal
Pistachio/VAD/vit-features/train/normal/road_normal_less/000000033520_all__6.npy,Normal
Pistachio/VAD/vit-features/train/normal/indoor_normal_less/000000027580_all__0.npy,Normal
Pistachio/VAD/vit-features/train/normal/industrial_normal_less/hd277_all__5.npy,Normal
Pistachio/VAD/vit-features/train/normal/industrial_normal_less/hd411_all__7.npy,Normal
Pistachio/VAD/vit-features/train/normal/indoor_normal_less/000000018281_all__9.npy,Normal
Pistachio/VAD/vit-features/train/normal/infrastructure_normal_less/SRGIAH7GX5SJ_all__2.npy,Normal
Pistachio/VAD/vit-features/train/normal/infrastructure_normal_less/752_jpg.rf.0989198f3c879bad4fba3549e5cfa255_all__2.npy,Normal
Pistachio/VAD/vit-features/train/normal/infrastructure_normal_more/000000517354_all__1.npy,Normal
Pistachio/VAD/vit-features/train/normal/infrastructure_normal_less/n17_jpg.rf.6b7850aa0496305b50582278f0292b35_all__0.npy,Normal
Pistachio/VAD/vit-features/train/normal/industrial_normal_less/hd104_all__3.npy,Normal
Pistachio/VAD/vit-features/train/normal/commercial_normal_more/000000128593_all__2.npy,Normal
Pistachio/VAD/vit-features/train/anomaly/outdoor_anomaly_less/animal_predation/000000580611_all__4.npy,animal_predation
Pistachio/VAD/vit-features/train/normal/road_normal_less/000000037592_all__7.npy,Normal
Pistachio/VAD/vit-features/train/normal/road_normal_less/000000050357_all__2.npy,Normal
Pistachio/VAD/vit-features/train/normal/outdoor_normal_less/000000021245_all__9.npy,Normal
Pistachio/VAD/vit-features/train/normal/indoor_normal_less/000000221570_all__7.npy,Normal
Pistachio/VAD/vit-features/train/normal/infrastructure_normal_more/000000262464_all__0.npy,Normal
Pistachio/VAD/vit-features/train/normal/industrial_normal_less/hd715_all__2.npy,Normal
Pistachio/VAD/vit-features/train/normal/infrastructure_normal_more/000000090541_all__3.npy,Normal
Pistachio/VAD/vit-features/train/normal/outdoor_normal_more/000000139884_all__6.npy,Normal
Pistachio/VAD/vit-features/train/normal/infrastructure_normal_less/UYPDOJJR7ZTN_all__7.npy,Normal
Pistachio/VAD/vit-features/train/normal/road_normal_less/000000032127_all__6.npy,Normal
Pistachio/VAD/vit-features/train/normal/commercial_normal_less/000000031949_all__2.npy,Normal
Pistachio/VAD/vit-features/train/normal/outdoor_normal_less/000000023665_all__3.npy,Normal
Pistachio/VAD/vit-features/train/normal/industrial_normal_more/000000159221_all__3.npy,Normal
Pistachio/VAD/vit-features/train/normal/infrastructure_normal_less/000000478923_all__3.npy,Normal
Pistachio/VAD/vit-features/train/anomaly/outdoor_anomaly_more/animal_predation/000000006249_all__0.npy,animal_predation
Pistachio/VAD/vit-features/train/normal/outdoor_normal_less/hd492_all__6.npy,Normal
Pistachio/VAD/vit-features/train/normal/outdoor_normal_less/hd598_all__3.npy,Normal
Pistachio/VAD/vit-features/train/normal/industrial_normal_less/hd217_all__3.npy,Normal
Pistachio/VAD/vit-features/train/normal/road_normal_less/000000036581_all__9.npy,Normal
Pistachio/VAD/vit-features/train/normal/road_normal_less/000000046158_all__6.npy,Normal
Pistachio/VAD/vit-features/train/normal/industrial_normal_less/hd651_all__1.npy,Normal
Pistachio/VAD/vit-features/train/normal/industrial_normal_less/hd708_all__3.npy,Normal
Pistachio/VAD/vit-features/train/anomaly/outdoor_anomaly_less/animal_predation/000000572227_all__2.npy,animal_predation
Pistachio/VAD/vit-features/train/normal/road_normal_less/000000050390_all__8.npy,Normal
Pistachio/VAD/vit-features/train/normal/outdoor_normal_less/hd548_all__0.npy,Normal
Pistachio/VAD/vit-features/train/normal/industrial_normal_less/hd617_all__2.npy,Normal
Pistachio/VAD/vit-features/train/anomaly/outdoor_anomaly_less/animal_predation/000000581767_all__7.npy,animal_predation
Pistachio/VAD/vit-features/train/normal/industrial_normal_less/hd13_all__6.npy,Normal
Pistachio/VAD/vit-features/train/normal/road_normal_less/000000049289_all__5.npy,Normal
Pistachio/VAD/vit-features/train/normal/indoor_normal_less/000000234078_all__1.npy,Normal
Pistachio/VAD/vit-features/train/normal/indoor_normal_less/000000065331_all__1.npy,Normal
Pistachio/VAD/vit-features/train/normal/infrastructure_normal_less/n6_jpg.rf.a0edbf88e8ba26594c06f2bbc96d924c_all__5.npy,Normal
Pistachio/VAD/vit-features/train/normal/outdoor_normal_more/000000177761_all__9.npy,Normal
Pistachio/VAD/vit-features/train/normal/road_normal_less/000000028648_all__5.npy,Normal
Pistachio/VAD/vit-features/train/normal/infrastructure_normal_less/000000065381_all__3.npy,Normal
Pistachio/VAD/vit-features/train/anomaly/outdoor_anomaly_less/animal_predation/000000581767_all__2.npy,animal_predation
Pistachio/VAD/vit-features/train/normal/road_normal_less/000000043084_all__2.npy,Normal
Pistachio/VAD/vit-features/train/normal/road_normal_less/000000048494_all__9.npy,Normal
Pistachio/VAD/vit-features/train/normal/indoor_normal_less/000000044041_all__1.npy,Normal
Pistachio/VAD/vit-features/train/normal/commercial_normal_more/000000129467_all__4.npy,Normal
Pistachio/VAD/vit-features/train/normal/indoor_normal_more/000000315776_all__7.npy,Normal
Pistachio/VAD/vit-features/train/normal/infrastructure_normal_less/000000477450_all__7.npy,Normal
Pistachio/VAD/vit-features/train/anomaly/outdoor_anomaly_less/animal_predation/000000572227_all__9.npy,animal_predation
Pistachio/VAD/vit-features/train/normal/industrial_normal_less/hd499_all__2.npy,Normal
Pistachio/VAD/vit-features/train/normal/indoor_normal_less/000000137324_all__2.npy,Normal
Pistachio/VAD/vit-features/train/anomaly/outdoor_anomaly_less/animal_predation/000000574204_all__7.npy,animal_predation
Pistachio/VAD/vit-features/train/normal/indoor_normal_more/000000331183_all__9.npy,Normal
Pistachio/VAD/vit-features/train/normal/outdoor_normal_less/000000009352_all__2.npy,Normal
Pistachio/VAD/vit-features/train/normal/industrial_normal_less/hd478_all__6.npy,Normal
Pistachio/VAD/vit-features/train/normal/industrial_normal_more/hd249_all__9.npy,Normal
Pistachio/VAD/vit-features/train/normal/infrastructure_normal_less/3IHJM5PWVCXP_all__0.npy,Normal
Pistachio/VAD/vit-features/train/anomaly/outdoor_anomaly_more/animal_predation/000000006249_all__8.npy,animal_predation
Pistachio/VAD/vit-features/train/normal/infrastructure_normal_less/62V02W3NRQU9_all__6.npy,Normal
Pistachio/VAD/vit-features/train/normal/commercial_normal_less/000000030881_all__6.npy,Normal
Pistachio/VAD/vit-features/train/normal/outdoor_normal_less/I11DSPRDSXV6_all__3.npy,Normal
Pistachio/VAD/vit-features/train/normal/commercial_normal_more/000000135350_all__6.npy,Normal
Pistachio/VAD/vit-features/train/normal/industrial_normal_less/hd018_all__8.npy,Normal
Pistachio/VAD/vit-features/train/normal/infrastructure_normal_less/000000348412_all__8.npy,Normal
Pistachio/VAD/vit-features/train/normal/indoor_normal_less/000000072347_all__6.npy,Normal
Pistachio/VAD/vit-features/train/normal/infrastructure_normal_less/M4A5K8Q3II9Z_all__6.npy,Normal
Pistachio/VAD/vit-features/train/anomaly/outdoor_anomaly_less/animal_predation/000000581767_all__3.npy,animal_predation
Pistachio/VAD/vit-features/train/normal/indoor_normal_less/000000042555_all__5.npy,Normal
Pistachio/VAD/vit-features/train/normal/indoor_normal_more/000000332575_all__9.npy,Normal
Pistachio/VAD/vit-features/train/anomaly/outdoor_anomaly_less/animal_predation/000000575078_all__9.npy,animal_predation
Pistachio/VAD/vit-features/train/normal/industrial_normal_less/hd665_all__3.npy,Normal
Pistachio/VAD/vit-features/train/normal/industrial_normal_less/hd235_all__6.npy,Normal
Pistachio/VAD/vit-features/train/normal/indoor_normal_less/000000207193_all__4.npy,Normal
Pistachio/VAD/vit-features/train/normal/infrastructure_normal_less/000000529194_all__5.npy,Normal
Pistachio/VAD/vit-features/train/normal/indoor_normal_more/000000319174_all__5.npy,Normal
Pistachio/VAD/vit-features/train/normal/infrastructure_normal_more/000000222919_all__1.npy,Normal
Pistachio/VAD/vit-features/train/normal/commercial_normal_less/000000083786_all__1.npy,Normal
Pistachio/VAD/vit-features/train/normal/commercial_normal_less/000000084122_all__0.npy,Normal
Pistachio/VAD/vit-features/train/normal/infrastructure_normal_less/711_jpg.rf.fb1ad6473caee77fd5072586fc26b3f6_all__8.npy,Normal
Pistachio/VAD/vit-features/train/normal/indoor_normal_less/000000140792_all__7.npy,Normal
Pistachio/VAD/vit-features/train/normal/commercial_normal_less/000000051496_all__3.npy,Normal
Pistachio/VAD/vit-features/train/normal/indoor_normal_less/000000033705_all__4.npy,Normal
Pistachio/VAD/vit-features/train/normal/road_normal_less/000000460883_all__4.npy,Normal
Pistachio/VAD/vit-features/train/normal/industrial_normal_less/hd721_all__7.npy,Normal
Pistachio/VAD/vit-features/train/normal/industrial_normal_less/hd009_all__2.npy,Normal
Pistachio/VAD/vit-features/train/normal/indoor_normal_less/000000136397_all__9.npy,Normal
Pistachio/VAD/vit-features/train/normal/infrastructure_normal_less/000000443734_all__9.npy,Normal
Pistachio/VAD/vit-features/train/normal/outdoor_normal_less/000000204412_all__9.npy,Normal
Pistachio/VAD/vit-features/train/normal/industrial_normal_less/hd731_all__8.npy,Normal
Pistachio/VAD/vit-features/train/anomaly/outdoor_anomaly_more/animal_predation/000000021341_all__9.npy,animal_predation
Pistachio/VAD/vit-features/train/normal/outdoor_normal_less/000000010257_all__1.npy,Normal
Pistachio/VAD/vit-features/train/anomaly/outdoor_anomaly_less/animal_predation/000000580611_all__9.npy,animal_predation
Pistachio/VAD/vit-features/train/normal/infrastructure_normal_less/000000466963_all__6.npy,Normal
Pistachio/VAD/vit-features/train/normal/infrastructure_normal_more/000000292246_all__3.npy,Normal
Pistachio/VAD/vit-features/train/normal/industrial_normal_less/hd807_all__8.npy,Normal
Pistachio/VAD/vit-features/train/normal/commercial_normal_less/000000069606_all__0.npy,Normal
Pistachio/VAD/vit-features/train/normal/industrial_normal_more/hd936_all__9.npy,Normal
Pistachio/VAD/vit-features/train/normal/indoor_normal_less/000000062471_all__5.npy,Normal
Pistachio/VAD/vit-features/train/normal/commercial_normal_more/000000127833_all__7.npy,Normal
Pistachio/VAD/vit-features/train/normal/industrial_normal_less/hd666_all__4.npy,Normal
Pistachio/VAD/vit-features/train/normal/infrastructure_normal_less/8XAT6SNII5DT_all__6.npy,Normal
Pistachio/VAD/vit-features/train/anomaly/outdoor_anomaly_more/animal_predation/000000021341_all__8.npy,animal_predation
Pistachio/VAD/vit-features/train/normal/commercial_normal_less/000000053377_all__6.npy,Normal
Pistachio/VAD/vit-features/train/normal/industrial_normal_less/000000408793_all__2.npy,Normal
Pistachio/VAD/vit-features/train/normal/infrastructure_normal_less/n57_jpg.rf.78cd7926f2528ba754bd721baa07fe42_all__8.npy,Normal
Pistachio/VAD/vit-features/train/normal/industrial_normal_less/hd573_all__0.npy,Normal
Pistachio/VAD/vit-features/train/normal/road_normal_more/000000132927_all__5.npy,Normal
Pistachio/VAD/vit-features/train/normal/infrastructure_normal_less/000000060652_all__4.npy,Normal
Pistachio/VAD/vit-features/train/normal/industrial_normal_more/000000512052_all__6.npy,Normal
Pistachio/VAD/vit-features/train/normal/road_normal_more/000000130903_all__2.npy,Normal
Pistachio/VAD/vit-features/train/anomaly/outdoor_anomaly_less/animal_predation/000000575078_all__3.npy,animal_predation
Pistachio/VAD/vit-features/train/normal/outdoor_normal_less/REKKVRZ0QLQG_all__5.npy,Normal
Pistachio/VAD/vit-features/train/normal/road_normal_less/000000021848_all__7.npy,Normal
Pistachio/VAD/vit-features/train/normal/road_normal_more/000000134468_all__8.npy,Normal
Pistachio/VAD/vit-features/train/normal/infrastructure_normal_less/R1WNRXI36H05_all__4.npy,Normal
Pistachio/VAD/vit-features/train/normal/outdoor_normal_more/000000138251_all__4.npy,Normal
Pistachio/VAD/vit-features/train/normal/infrastructure_normal_less/000000060652_all__2.npy,Normal
Pistachio/VAD/vit-features/train/normal/outdoor_normal_more/000000124768_all__1.npy,Normal
Pistachio/VAD/vit-features/train/normal/infrastructure_normal_less/Y5S9RL7GXHN0_all__9.npy,Normal
Pistachio/VAD/vit-features/train/normal/infrastructure_normal_less/O3THMGY1C190_all__0.npy,Normal
Pistachio/VAD/vit-features/train/anomaly/outdoor_anomaly_less/animal_predation/000000574694_all__8.npy,animal_predation
Pistachio/VAD/vit-features/train/normal/infrastructure_normal_less/000000336200_all__1.npy,Normal
Pistachio/VAD/vit-features/train/normal/commercial_normal_more/000000136113_all__5.npy,Normal
Pistachio/VAD/vit-features/train/anomaly/outdoor_anomaly_less/animal_predation/000000576912_all__2.npy,animal_predation
Pistachio/VAD/vit-features/train/normal/infrastructure_normal_less/000000101291_all__4.npy,Normal
Pistachio/VAD/vit-features/train/anomaly/outdoor_anomaly_less/animal_predation/000000576912_all__5.npy,animal_predation
Pistachio/VAD/vit-features/train/normal/industrial_normal_less/hd555_all__4.npy,Normal
Pistachio/VAD/vit-features/train/normal/industrial_normal_less/hd731_all__6.npy,Normal
Pistachio/VAD/vit-features/train/normal/road_normal_less/000000034725_all__5.npy,Normal
Pistachio/VAD/vit-features/train/normal/road_normal_more/000000138709_all__3.npy,Normal
Pistachio/VAD/vit-features/train/normal/commercial_normal_less/000000029877_all__0.npy,Normal
Pistachio/VAD/vit-features/train/normal/indoor_normal_less/000000222109_all__3.npy,Normal
Pistachio/VAD/vit-features/train/normal/industrial_normal_more/hd440_all__2.npy,Normal
Pistachio/VAD/vit-features/train/normal/infrastructure_normal_more/000000541389_all__9.npy,Normal
Pistachio/VAD/vit-features/train/normal/road_normal_less/000000039829_all__6.npy,Normal
Pistachio/VAD/vit-features/train/normal/road_normal_less/000000048344_all__0.npy,Normal
Pistachio/VAD/vit-features/train/normal/road_normal_less/000000025361_all__1.npy,Normal
Pistachio/VAD/vit-features/train/normal/indoor_normal_less/000000217493_all__0.npy,Normal
Pistachio/VAD/vit-features/train/normal/commercial_normal_less/000000076391_all__4.npy,Normal
Pistachio/VAD/vit-features/train/normal/industrial_normal_less/hd795_all__1.npy,Normal
Pistachio/VAD/vit-features/train/normal/road_normal_less/000000012865_all__3.npy,Normal
Pistachio/VAD/vit-features/train/normal/indoor_normal_less/000000208307_all__6.npy,Normal
Pistachio/VAD/vit-features/train/normal/outdoor_normal_less/000000020411_all__7.npy,Normal
Pistachio/VAD/vit-features/train/normal/road_normal_less/000000041380_all__4.npy,Normal
Pistachio/VAD/vit-features/train/normal/commercial_normal_less/000000068972_all__5.npy,Normal
Pistachio/VAD/vit-features/train/normal/indoor_normal_less/000000242356_all__7.npy,Normal
Pistachio/VAD/vit-features/train/normal/road_normal_more/000000129427_all__8.npy,Normal
Pistachio/VAD/vit-features/train/normal/infrastructure_normal_less/748_jpg.rf.8eb4928c7928d9144add6f2cf6bc2c8f_all__0.npy,Normal
Pistachio/VAD/vit-features/train/normal/commercial_normal_less/000000046751_all__1.npy,Normal
Pistachio/VAD/vit-features/train/normal/commercial_normal_less/000000062465_all__4.npy,Normal
Pistachio/VAD/vit-features/train/normal/commercial_normal_less/000000069853_all__0.npy,Normal
Pistachio/VAD/vit-features/train/normal/industrial_normal_more/hd922_all__2.npy,Normal
Pistachio/VAD/vit-features/train/normal/industrial_normal_more/hd112_all__9.npy,Normal
Pistachio/VAD/vit-features/train/normal/indoor_normal_less/000000045742_all__4.npy,Normal
Pistachio/VAD/vit-features/train/normal/indoor_normal_less/000000136397_all__8.npy,Normal
Pistachio/VAD/vit-features/train/normal/industrial_normal_less/hd467_all__5.npy,Normal
Pistachio/VAD/vit-features/train/normal/commercial_normal_less/000000076706_all__7.npy,Normal
Pistachio/VAD/vit-features/train/anomaly/outdoor_anomaly_more/animal_predation/000000021341_all__1.npy,animal_predation
Pistachio/VAD/vit-features/train/normal/infrastructure_normal_more/000000102295_all__0.npy,Normal
Pistachio/VAD/vit-features/train/normal/outdoor_normal_less/hd6631_all__0.npy,Normal
Pistachio/VAD/vit-features/train/normal/indoor_normal_more/000000332370_all__4.npy,Normal
Pistachio/VAD/vit-features/train/normal/road_normal_less/000000039213_all__9.npy,Normal
Pistachio/VAD/vit-features/train/normal/commercial_normal_more/000000130669_all__4.npy,Normal
Pistachio/VAD/vit-features/train/normal/indoor_normal_less/000000145535_all__1.npy,Normal
Pistachio/VAD/vit-features/train/normal/commercial_normal_less/000000071094_all__5.npy,Normal
Pistachio/VAD/vit-features/train/normal/outdoor_normal_less/000000018931_all__8.npy,Normal
Pistachio/VAD/vit-features/train/anomaly/outdoor_anomaly_less/animal_predation/000000580611_all__6.npy,animal_predation
Pistachio/VAD/vit-features/train/normal/industrial_normal_less/hd340_all__0.npy,Normal
Pistachio/VAD/vit-features/train/normal/road_normal_less/000000033328_all__0.npy,Normal
Pistachio/VAD/vit-features/train/normal/infrastructure_normal_less/221_jpg.rf.4892390858156c649672afc33355f80b_all__8.npy,Normal
Pistachio/VAD/vit-features/train/normal/commercial_normal_more/000000124388_all__2.npy,Normal
Pistachio/VAD/vit-features/train/anomaly/outdoor_anomaly_less/animal_predation/000000580611_all__7.npy,animal_predation
Pistachio/VAD/vit-features/train/normal/infrastructure_normal_more/000000067402_all__5.npy,Normal
Pistachio/VAD/vit-features/train/normal/industrial_normal_less/hd003_all__1.npy,Normal
Pistachio/VAD/vit-features/train/normal/industrial_normal_more/hd04_all__3.npy,Normal
Pistachio/VAD/vit-features/train/normal/infrastructure_normal_less/000000222202_all__8.npy,Normal
Pistachio/VAD/vit-features/train/normal/outdoor_normal_more/000000124126_all__8.npy,Normal
Pistachio/VAD/vit-features/train/normal/commercial_normal_more/000000136419_all__4.npy,Normal
Pistachio/VAD/vit-features/train/normal/infrastructure_normal_less/711_jpg.rf.fb1ad6473caee77fd5072586fc26b3f6_all__6.npy,Normal
Pistachio/VAD/vit-features/train/anomaly/outdoor_anomaly_more/animal_predation/000000021341_all__5.npy,animal_predation
Pistachio/VAD/vit-features/train/normal/indoor_normal_less/000000062471_all__8.npy,Normal
Pistachio/VAD/vit-features/train/anomaly/outdoor_anomaly_more/animal_predation/000000021341_all__6.npy,animal_predation
Pistachio/VAD/vit-features/train/normal/industrial_normal_less/hd005_all__3.npy,Normal
Pistachio/VAD/vit-features/train/normal/indoor_normal_less/000000021771_all__5.npy,Normal
Pistachio/VAD/vit-features/train/normal/infrastructure_normal_more/000000311825_all__7.npy,Normal
Pistachio/VAD/vit-features/train/anomaly/outdoor_anomaly_more/animal_predation/000000006249_all__9.npy,animal_predation
Pistachio/VAD/vit-features/train/normal/road_normal_less/000000022181_all__0.npy,Normal
Pistachio/VAD/vit-features/train/normal/commercial_normal_less/000000055778_all__1.npy,Normal
Pistachio/VAD/vit-features/train/normal/road_normal_less/000000032034_all__2.npy,Normal
Pistachio/VAD/vit-features/train/normal/road_normal_less/000000330949_all__8.npy,Normal
Pistachio/VAD/vit-features/train/normal/indoor_normal_less/000000075939_all__4.npy,Normal
Pistachio/VAD/vit-features/train/normal/infrastructure_normal_less/bv88_jpg.rf.4412560442d63a707d81ff2b296e8453_all__4.npy,Normal
Pistachio/VAD/vit-features/train/normal/industrial_normal_less/hd376_all__3.npy,Normal
Pistachio/VAD/vit-features/train/normal/industrial_normal_less/hd816_all__8.npy,Normal
Pistachio/VAD/vit-features/train/normal/outdoor_normal_more/000000015118_all__7.npy,Normal
Pistachio/VAD/vit-features/train/normal/indoor_normal_more/000000330983_all__4.npy,Normal
Pistachio/VAD/vit-features/train/normal/outdoor_normal_less/hd527_all__2.npy,Normal
Pistachio/VAD/vit-features/train/normal/commercial_normal_less/000000028726_all__4.npy,Normal
Pistachio/VAD/vit-features/train/normal/indoor_normal_more/000000314205_all__1.npy,Normal
Pistachio/VAD/vit-features/train/normal/outdoor_normal_less/000000017620_all__0.npy,Normal
Pistachio/VAD/vit-features/train/normal/commercial_normal_less/000000041788_all__2.npy,Normal
Pistachio/VAD/vit-features/train/normal/industrial_normal_less/hd522_all__7.npy,Normal
Pistachio/VAD/vit-features/train/normal/indoor_normal_less/000000207940_all__1.npy,Normal
Pistachio/VAD/vit-features/train/normal/industrial_normal_more/000000271995_all__9.npy,Normal
Pistachio/VAD/vit-features/train/normal/industrial_normal_less/hd598_all__3.npy,Normal
Pistachio/VAD/vit-features/train/anomaly/outdoor_anomaly_less/animal_predation/000000580524_all__6.npy,animal_predation
Pistachio/VAD/vit-features/train/normal/industrial_normal_less/hd430_all__8.npy,Normal
Pistachio/VAD/vit-features/train/normal/indoor_normal_less/000000136397_all__7.npy,Normal
Pistachio/VAD/vit-features/train/normal/outdoor_normal_less/000000024461_all__4.npy,Normal
Pistachio/VAD/vit-features/train/normal/indoor_normal_less/000000065808_all__6.npy,Normal
Pistachio/VAD/vit-features/train/normal/road_normal_more/000000136327_all__1.npy,Normal
Pistachio/VAD/vit-features/train/normal/infrastructure_normal_less/000000518967_all__9.npy,Normal
Pistachio/VAD/vit-features/train/normal/industrial_normal_more/hd434_all__8.npy,Normal
Pistachio/VAD/vit-features/train/normal/infrastructure_normal_less/000000227505_all__3.npy,Normal
Pistachio/VAD/vit-features/train/normal/commercial_normal_less/000000055203_all__5.npy,Normal
Pistachio/VAD/vit-features/train/normal/commercial_normal_less/000000049389_all__7.npy,Normal
Pistachio/VAD/vit-features/train/normal/indoor_normal_less/000000222109_all__1.npy,Normal
Pistachio/VAD/vit-features/train/normal/indoor_normal_less/000000043638_all__6.npy,Normal
Pistachio/VAD/vit-features/train/normal/commercial_normal_less/000000081393_all__0.npy,Normal
Pistachio/VAD/vit-features/train/anomaly/outdoor_anomaly_less/animal_predation/000000573767_all__9.npy,animal_predation
Pistachio/VAD/vit-features/train/normal/road_normal_more/000000128540_all__0.npy,Normal
Pistachio/VAD/vit-features/train/normal/outdoor_normal_more/000000010934_all__6.npy,Normal
Pistachio/VAD/vit-features/train/normal/infrastructure_normal_less/13_jpg.rf.967254318ab67809ebab25103d0857a4_all__9.npy,Normal
Pistachio/VAD/vit-features/train/normal/commercial_normal_less/000000045115_all__7.npy,Normal
Pistachio/VAD/vit-features/train/anomaly/outdoor_anomaly_less/animal_predation/000000576271_all__8.npy,animal_predation
Pistachio/VAD/vit-features/train/normal/infrastructure_normal_less/000000561440_all__0.npy,Normal
Pistachio/VAD/vit-features/train/normal/indoor_normal_less/000000203480_all__8.npy,Normal
Pistachio/VAD/vit-features/train/normal/infrastructure_normal_less/KKL4LIRUO40H_all__2.npy,Normal
Pistachio/VAD/vit-features/train/normal/commercial_normal_more/000000135569_all__2.npy,Normal
Pistachio/VAD/vit-features/train/normal/industrial_normal_less/hd05_all__9.npy,Normal
Pistachio/VAD/vit-features/train/anomaly/outdoor_anomaly_less/animal_predation/000000574204_all__8.npy,animal_predation
Pistachio/VAD/vit-features/train/normal/road_normal_less/000000032690_all__8.npy,Normal
Pistachio/VAD/vit-features/train/normal/road_normal_less/000000028945_all__3.npy,Normal
Pistachio/VAD/vit-features/train/normal/indoor_normal_less/000000063494_all__3.npy,Normal
Pistachio/VAD/vit-features/train/normal/industrial_normal_less/hd721_all__3.npy,Normal
Pistachio/VAD/vit-features/train/normal/commercial_normal_less/000000025707_all__4.npy,Normal
Pistachio/VAD/vit-features/train/normal/commercial_normal_less/000000070439_all__6.npy,Normal
Pistachio/VAD/vit-features/train/normal/infrastructure_normal_less/L4G9WNPCEMEK_all__2.npy,Normal
Pistachio/VAD/vit-features/train/normal/infrastructure_normal_less/18_jpg.rf.987064700a030924c0eaf06163af1ffd_all__3.npy,Normal
Pistachio/VAD/vit-features/train/normal/commercial_normal_less/000000054112_all__6.npy,Normal
Pistachio/VAD/vit-features/train/normal/outdoor_normal_less/2WTUHVL18IHN_all__7.npy,Normal
Pistachio/VAD/vit-features/train/normal/commercial_normal_less/000000084848_all__8.npy,Normal
Pistachio/VAD/vit-features/train/normal/indoor_normal_less/000000056940_all__0.npy,Normal
Pistachio/VAD/vit-features/train/normal/commercial_normal_less/000000077678_all__9.npy,Normal
Pistachio/VAD/vit-features/train/normal/indoor_normal_more/000000336815_all__2.npy,Normal
Pistachio/VAD/vit-features/train/normal/industrial_normal_more/hd424_all__5.npy,Normal
Pistachio/VAD/vit-features/train/normal/commercial_normal_less/000000057234_all__0.npy,Normal
Pistachio/VAD/vit-features/train/normal/commercial_normal_less/000000030111_all__4.npy,Normal
Pistachio/VAD/vit-features/train/normal/road_normal_less/000000037435_all__2.npy,Normal
Pistachio/VAD/vit-features/train/normal/outdoor_normal_less/hd608_all__4.npy,Normal
Pistachio/VAD/vit-features/train/normal/industrial_normal_less/hd809_all__0.npy,Normal
Pistachio/VAD/vit-features/train/anomaly/outdoor_anomaly_more/animal_predation/000000006249_all__6.npy,animal_predation
Pistachio/VAD/vit-features/train/normal/indoor_normal_more/000000332460_all__6.npy,Normal
Pistachio/VAD/vit-features/train/anomaly/outdoor_anomaly_less/animal_predation/000000580611_all__0.npy,animal_predation
Pistachio/VAD/vit-features/train/normal/road_normal_more/000000136357_all__8.npy,Normal
Pistachio/VAD/vit-features/train/normal/industrial_normal_less/hd356_all__0.npy,Normal
Pistachio/VAD/vit-features/train/normal/industrial_normal_less/hd393_all__9.npy,Normal
Pistachio/VAD/vit-features/train/normal/commercial_normal_less/000000041917_all__7.npy,Normal
Pistachio/VAD/vit-features/train/normal/road_normal_less/000000012355_all__8.npy,Normal
Pistachio/VAD/vit-features/train/normal/indoor_normal_less/000000243519_all__0.npy,Normal
Pistachio/VAD/vit-features/train/normal/infrastructure_normal_less/000000187562_all__3.npy,Normal
Pistachio/VAD/vit-features/train/normal/road_normal_less/000000042838_all__2.npy,Normal
Pistachio/VAD/vit-features/train/normal/industrial_normal_less/hd226_all__3.npy,Normal
Pistachio/VAD/vit-features/train/normal/industrial_normal_less/hd550_all__4.npy,Normal
Pistachio/VAD/vit-features/train/normal/infrastructure_normal_less/bv43_jpg.rf.d08acb3487edf7442e31df5ec0399bd2_all__0.npy,Normal
Pistachio/VAD/vit-features/train/normal/industrial_normal_less/hd693_all__0.npy,Normal
Pistachio/VAD/vit-features/train/normal/road_normal_less/000000052515_all__4.npy,Normal
Pistachio/VAD/vit-features/train/normal/infrastructure_normal_less/000000275629_all__1.npy,Normal
Pistachio/VAD/vit-features/train/normal/indoor_normal_less/000000142255_all__9.npy,Normal
Pistachio/VAD/vit-features/train/normal/road_normal_less/000000017983_all__3.npy,Normal
Pistachio/VAD/vit-features/train/normal/commercial_normal_less/000000083991_all__4.npy,Normal
Pistachio/VAD/vit-features/train/normal/road_normal_less/000000035838_all__4.npy,Normal
Pistachio/VAD/vit-features/train/anomaly/outdoor_anomaly_less/animal_predation/000000575078_all__5.npy,animal_predation
Pistachio/VAD/vit-features/train/normal/outdoor_normal_less/000000556123_all__0.npy,Normal
Pistachio/VAD/vit-features/train/normal/indoor_normal_more/000000333932_all__1.npy,Normal
Pistachio/VAD/vit-features/train/normal/commercial_normal_less/000000082911_all__0.npy,Normal
Pistachio/VAD/vit-features/train/anomaly/outdoor_anomaly_less/animal_predation/000000579766_all__3.npy,animal_predation
Pistachio/VAD/vit-features/train/normal/road_normal_less/000000021118_all__3.npy,Normal
Pistachio/VAD/vit-features/train/normal/commercial_normal_less/000000056909_all__0.npy,Normal
Pistachio/VAD/vit-features/train/normal/road_normal_less/000000021311_all__4.npy,Normal
Pistachio/VAD/vit-features/train/normal/outdoor_normal_less/000000011517_all__9.npy,Normal
Pistachio/VAD/vit-features/train/normal/commercial_normal_less/000000039787_all__9.npy,Normal
Pistachio/VAD/vit-features/train/normal/outdoor_normal_less/hd500_all__8.npy,Normal
Pistachio/VAD/vit-features/train/normal/industrial_normal_less/hd290_all__4.npy,Normal
Pistachio/VAD/vit-features/train/normal/commercial_normal_less/000000041928_all__1.npy,Normal
Pistachio/VAD/vit-features/train/anomaly/outdoor_anomaly_less/animal_predation/000000570948_all__0.npy,animal_predation
Pistachio/VAD/vit-features/train/normal/infrastructure_normal_less/H5VRS3JO14GQ_all__5.npy,Normal
Pistachio/VAD/vit-features/train/anomaly/outdoor_anomaly_more/animal_predation/000000021341_all__2.npy,animal_predation
Pistachio/VAD/vit-features/train/normal/indoor_normal_more/000000576043_all__6.npy,Normal
Pistachio/VAD/vit-features/train/normal/infrastructure_normal_less/LLVNLKJ5M2ME_all__2.npy,Normal
Pistachio/VAD/vit-features/train/normal/indoor_normal_more/000000325465_all__1.npy,Normal
Pistachio/VAD/vit-features/train/normal/infrastructure_normal_more/000000127354_all__2.npy,Normal
Pistachio/VAD/vit-features/train/normal/outdoor_normal_less/hd522_all__2.npy,Normal
Pistachio/VAD/vit-features/train/normal/road_normal_less/000000036044_all__0.npy,Normal
Pistachio/VAD/vit-features/train/normal/industrial_normal_less/000000345723_all__6.npy,Normal
Pistachio/VAD/vit-features/train/anomaly/outdoor_anomaly_less/animal_predation/000000580611_all__8.npy,animal_predation
Pistachio/VAD/vit-features/train/normal/infrastructure_normal_more/000000311772_all__0.npy,Normal
Pistachio/VAD/vit-features/train/normal/infrastructure_normal_less/000000466963_all__5.npy,Normal
Pistachio/VAD/vit-features/train/normal/infrastructure_normal_less/bv88_jpg.rf.4412560442d63a707d81ff2b296e8453_all__2.npy,Normal
Pistachio/VAD/vit-features/train/normal/indoor_normal_more/000000336837_all__5.npy,Normal
Pistachio/VAD/vit-features/train/anomaly/outdoor_anomaly_less/animal_predation/000000574204_all__1.npy,animal_predation
Pistachio/VAD/vit-features/train/normal/outdoor_normal_less/000000016936_all__9.npy,Normal
Pistachio/VAD/vit-features/train/normal/infrastructure_normal_more/000000145445_all__7.npy,Normal
Pistachio/VAD/vit-features/train/normal/indoor_normal_more/000000308233_all__1.npy,Normal
Pistachio/VAD/vit-features/train/normal/industrial_normal_less/hd818_all__0.npy,Normal
Pistachio/VAD/vit-features/train/anomaly/outdoor_anomaly_less/animal_predation/000000573767_all__5.npy,animal_predation
Pistachio/VAD/vit-features/train/normal/outdoor_normal_less/000000581644_all__9.npy,Normal
Pistachio/VAD/vit-features/train/normal/outdoor_normal_less/hd568_all__5.npy,Normal
Pistachio/VAD/vit-features/train/normal/infrastructure_normal_less/000000546103_all__7.npy,Normal
Pistachio/VAD/vit-features/train/normal/indoor_normal_less/000000222861_all__3.npy,Normal
Pistachio/VAD/vit-features/train/normal/commercial_normal_more/000000136188_all__4.npy,Normal
Pistachio/VAD/vit-features/train/normal/indoor_normal_less/000000202884_all__8.npy,Normal
Pistachio/VAD/vit-features/train/normal/infrastructure_normal_more/000000348412_all__8.npy,Normal
Pistachio/VAD/vit-features/train/normal/infrastructure_normal_less/801_jpg.rf.f362497be91cb2c38106a3cf17986e8e_all__4.npy,Normal
Pistachio/VAD/vit-features/train/normal/road_normal_more/000000128540_all__9.npy,Normal
Pistachio/VAD/vit-features/train/normal/indoor_normal_more/000000313536_all__8.npy,Normal
Pistachio/VAD/vit-features/train/normal/outdoor_normal_more/000000124768_all__7.npy,Normal
Pistachio/VAD/vit-features/train/normal/industrial_normal_less/000000465151_all__7.npy,Normal
Pistachio/VAD/vit-features/train/normal/industrial_normal_less/hd718_all__8.npy,Normal
Pistachio/VAD/vit-features/train/normal/outdoor_normal_less/000000016923_all__7.npy,Normal
Pistachio/VAD/vit-features/train/normal/road_normal_more/000000136794_all__2.npy,Normal
Pistachio/VAD/vit-features/train/normal/industrial_normal_more/000000299627_all__1.npy,Normal
Pistachio/VAD/vit-features/train/normal/road_normal_less/000000046968_all__4.npy,Normal
Pistachio/VAD/vit-features/train/anomaly/outdoor_anomaly_less/animal_predation/000000575078_all__1.npy,animal_predation
Pistachio/VAD/vit-features/train/normal/infrastructure_normal_less/FG9W4HH5SBUW_all__3.npy,Normal
Pistachio/VAD/vit-features/train/anomaly/outdoor_anomaly_less/animal_predation/000000572227_all__0.npy,animal_predation
Pistachio/VAD/vit-features/train/anomaly/outdoor_anomaly_less/animal_predation/000000580524_all__9.npy,animal_predation
Pistachio/VAD/vit-features/train/normal/indoor_normal_less/000000027741_all__9.npy,Normal
Pistachio/VAD/vit-features/train/normal/outdoor_normal_less/hd528_all__0.npy,Normal
Pistachio/VAD/vit-features/train/normal/infrastructure_normal_more/000000478520_all__4.npy,Normal
Pistachio/VAD/vit-features/train/normal/industrial_normal_less/hd616_all__1.npy,Normal
Pistachio/VAD/vit-features/train/normal/infrastructure_normal_less/000000311772_all__6.npy,Normal
Pistachio/VAD/vit-features/train/normal/indoor_normal_less/000000059246_all__8.npy,Normal
Pistachio/VAD/vit-features/train/normal/road_normal_less/000000029720_all__3.npy,Normal
Pistachio/VAD/vit-features/train/normal/infrastructure_normal_less/216_jpg.rf.8f04e635736e88bf3459e8dd56c6516d_all__2.npy,Normal
Pistachio/VAD/vit-features/train/normal/outdoor_normal_more/000000138994_all__1.npy,Normal
Pistachio/VAD/vit-features/train/normal/road_normal_more/000000031035_all__6.npy,Normal
Pistachio/VAD/vit-features/train/normal/industrial_normal_less/hd23_all__1.npy,Normal
Pistachio/VAD/vit-features/train/normal/outdoor_normal_less/000000021485_all__5.npy,Normal
Pistachio/VAD/vit-features/train/normal/road_normal_less/000000012588_all__3.npy,Normal
Pistachio/VAD/vit-features/train/normal/road_normal_less/000000015332_all__3.npy,Normal
Pistachio/VAD/vit-features/train/normal/indoor_normal_less/000000019676_all__1.npy,Normal
Pistachio/VAD/vit-features/train/normal/road_normal_less/000000024170_all__3.npy,Normal
Pistachio/VAD/vit-features/train/normal/outdoor_normal_less/000000019105_all__5.npy,Normal
Pistachio/VAD/vit-features/train/normal/commercial_normal_more/000000125589_all__8.npy,Normal
Pistachio/VAD/vit-features/train/normal/industrial_normal_more/hd137_all__2.npy,Normal
Pistachio/VAD/vit-features/train/normal/commercial_normal_more/000000135192_all__3.npy,Normal
Pistachio/VAD/vit-features/train/anomaly/outdoor_anomaly_less/animal_predation/000000579766_all__0.npy,animal_predation
Pistachio/VAD/vit-features/train/normal/infrastructure_normal_less/st26_jpg.rf.06b1f88c479d81a34447853ab62e452e_all__0.npy,Normal
Pistachio/VAD/vit-features/train/normal/infrastructure_normal_less/H5VRS3JO14GQ_all__2.npy,Normal
Pistachio/VAD/vit-features/train/normal/road_normal_more/000000139664_all__2.npy,Normal
Pistachio/VAD/vit-features/train/normal/commercial_normal_less/000000074685_all__2.npy,Normal
Pistachio/VAD/vit-features/train/normal/commercial_normal_less/000000052694_all__4.npy,Normal
Pistachio/VAD/vit-features/train/normal/road_normal_less/000000037448_all__7.npy,Normal
Pistachio/VAD/vit-features/train/normal/infrastructure_normal_less/st2_jpg.rf.e8fd9c25452453fd07d19e613e65d630_all__2.npy,Normal
Pistachio/VAD/vit-features/train/normal/infrastructure_normal_more/000000069265_all__4.npy,Normal
Pistachio/VAD/vit-features/train/normal/infrastructure_normal_less/2_jpg.rf.a308d270b15aa445d0cd811c6332959f_all__7.npy,Normal
Pistachio/VAD/vit-features/train/anomaly/outdoor_anomaly_less/animal_predation/000000570948_all__8.npy,animal_predation
Pistachio/VAD/vit-features/train/normal/industrial_normal_less/hd644_all__6.npy,Normal
Pistachio/VAD/vit-features/train/normal/indoor_normal_less/000000017550_all__9.npy,Normal
Pistachio/VAD/vit-features/train/anomaly/outdoor_anomaly_less/animal_predation/000000576271_all__4.npy,animal_predation
Pistachio/VAD/vit-features/train/normal/infrastructure_normal_less/000000480051_all__7.npy,Normal
Pistachio/VAD/vit-features/train/normal/road_normal_less/000000014390_all__9.npy,Normal
Pistachio/VAD/vit-features/train/normal/commercial_normal_less/000000054676_all__8.npy,Normal
Pistachio/VAD/vit-features/train/normal/road_normal_more/000000131479_all__5.npy,Normal
Pistachio/VAD/vit-features/train/normal/infrastructure_normal_less/mk7_jpg.rf.e9c3be2603478d2d03fa2d3405eb9715_all__3.npy,Normal
Pistachio/VAD/vit-features/train/normal/road_normal_less/000000050267_all__8.npy,Normal
Pistachio/VAD/vit-features/train/normal/industrial_normal_less/hd11_all__5.npy,Normal
Pistachio/VAD/vit-features/train/normal/commercial_normal_less/000000473796_all__8.npy,Normal
Pistachio/VAD/vit-features/train/anomaly/outdoor_anomaly_less/animal_predation/000000574694_all__9.npy,animal_predation
Pistachio/VAD/vit-features/train/normal/road_normal_less/000000023959_all__4.npy,Normal
Pistachio/VAD/vit-features/train/normal/industrial_normal_less/hd708_all__7.npy,Normal
Pistachio/VAD/vit-features/train/normal/road_normal_less/000000046914_all__5.npy,Normal
Pistachio/VAD/vit-features/train/normal/commercial_normal_less/000000057734_all__9.npy,Normal
Pistachio/VAD/vit-features/train/normal/infrastructure_normal_less/19_jpg.rf.a34610bc474c8e709e9976864eaaf4c4_all__2.npy,Normal
Pistachio/VAD/vit-features/train/anomaly/outdoor_anomaly_less/animal_predation/000000576139_all__5.npy,animal_predation
Pistachio/VAD/vit-features/train/normal/indoor_normal_less/000000222072_all__7.npy,Normal
Pistachio/VAD/vit-features/train/normal/commercial_normal_less/000000041792_all__6.npy,Normal
Pistachio/VAD/vit-features/train/normal/industrial_normal_less/hd734_all__8.npy,Normal
Pistachio/VAD/vit-features/train/normal/infrastructure_normal_more/000000466963_all__9.npy,Normal
Pistachio/VAD/vit-features/train/normal/outdoor_normal_more/000000139884_all__0.npy,Normal
Pistachio/VAD/vit-features/train/normal/indoor_normal_less/000000075867_all__9.npy,Normal
Pistachio/VAD/vit-features/train/normal/road_normal_less/000000019556_all__6.npy,Normal
Pistachio/VAD/vit-features/train/normal/outdoor_normal_less/HG68G8NWIMRM_all__8.npy,Normal
Pistachio/VAD/vit-features/train/anomaly/outdoor_anomaly_less/animal_predation/000000576139_all__0.npy,animal_predation
Pistachio/VAD/vit-features/train/normal/outdoor_normal_less/000000555902_all__3.npy,Normal
Pistachio/VAD/vit-features/train/anomaly/outdoor_anomaly_more/animal_predation/000000006249_all__4.npy,animal_predation
Pistachio/VAD/vit-features/train/normal/commercial_normal_less/000000084848_all__7.npy,Normal
Pistachio/VAD/vit-features/train/normal/indoor_normal_less/000000031516_all__4.npy,Normal
Pistachio/VAD/vit-features/train/anomaly/outdoor_anomaly_less/animal_predation/000000579766_all__7.npy,animal_predation
Pistachio/VAD/vit-features/train/normal/infrastructure_normal_less/S46MJI3LPCBE_all__7.npy,Normal
Pistachio/VAD/vit-features/train/normal/indoor_normal_more/000000331699_all__7.npy,Normal
Pistachio/VAD/vit-features/train/normal/indoor_normal_less/000000206655_all__8.npy,Normal
Pistachio/VAD/vit-features/train/normal/commercial_normal_more/000000272524_all__4.npy,Normal
Pistachio/VAD/vit-features/train/normal/industrial_normal_less/hd718_all__5.npy,Normal
Pistachio/VAD/vit-features/train/normal/road_normal_less/000000035387_all__2.npy,Normal
Pistachio/VAD/vit-features/train/normal/road_normal_less/000000021086_all__8.npy,Normal
Pistachio/VAD/vit-features/train/normal/industrial_normal_more/hd018_all__4.npy,Normal
Pistachio/VAD/vit-features/train/normal/infrastructure_normal_less/000000297554_all__5.npy,Normal
Pistachio/VAD/vit-features/train/normal/infrastructure_normal_less/000000269241_all__0.npy,Normal
Pistachio/VAD/vit-features/train/normal/industrial_normal_less/hd651_all__5.npy,Normal
Pistachio/VAD/vit-features/train/normal/indoor_normal_less/000000048476_all__6.npy,Normal
Pistachio/VAD/vit-features/train/normal/industrial_normal_less/hd511_all__2.npy,Normal
Pistachio/VAD/vit-features/train/normal/indoor_normal_less/000000151903_all__4.npy,Normal
Pistachio/VAD/vit-features/train/normal/infrastructure_normal_less/000000151014_all__6.npy,Normal
Pistachio/VAD/vit-features/train/normal/indoor_normal_less/000000246439_all__3.npy,Normal
Pistachio/VAD/vit-features/train/normal/indoor_normal_less/000000142117_all__1.npy,Normal
Pistachio/VAD/vit-features/train/normal/indoor_normal_less/000000034197_all__2.npy,Normal
Pistachio/VAD/vit-features/train/normal/industrial_normal_less/hd725_all__7.npy,Normal
Pistachio/VAD/vit-features/train/normal/industrial_normal_less/000000409082_all__6.npy,Normal
Pistachio/VAD/vit-features/train/normal/infrastructure_normal_less/000000450789_all__4.npy,Normal
Pistachio/VAD/vit-features/train/anomaly/outdoor_anomaly_less/animal_predation/000000576912_all__1.npy,animal_predation
Pistachio/VAD/vit-features/train/normal/indoor_normal_less/000000044041_all__6.npy,Normal
Pistachio/VAD/vit-features/train/normal/commercial_normal_less/000000038281_all__1.npy,Normal
Pistachio/VAD/vit-features/train/normal/indoor_normal_more/000000324881_all__1.npy,Normal
Pistachio/VAD/vit-features/train/anomaly/outdoor_anomaly_more/animal_predation/000000006249_all__1.npy,animal_predation
Pistachio/VAD/vit-features/train/normal/industrial_normal_less/hd416_all__2.npy,Normal
Pistachio/VAD/vit-features/train/anomaly/outdoor_anomaly_less/animal_predation/000000573767_all__0.npy,animal_predation
Pistachio/VAD/vit-features/train/normal/outdoor_normal_less/000000567007_all__9.npy,Normal
Pistachio/VAD/vit-features/train/normal/road_normal_less/000000021748_all__2.npy,Normal
Pistachio/VAD/vit-features/train/anomaly/outdoor_anomaly_less/animal_predation/000000581767_all__8.npy,animal_predation
Pistachio/VAD/vit-features/train/normal/industrial_normal_less/hd421_all__7.npy,Normal
Pistachio/VAD/vit-features/train/normal/road_normal_less/000000047689_all__5.npy,Normal
Pistachio/VAD/vit-features/train/normal/outdoor_normal_less/2JQ091I6WKLK_all__2.npy,Normal
Pistachio/VAD/vit-features/train/normal/industrial_normal_less/hd808_all__4.npy,Normal
Pistachio/VAD/vit-features/train/normal/commercial_normal_more/000000136188_all__1.npy,Normal
Pistachio/VAD/vit-features/train/normal/road_normal_less/000000032340_all__2.npy,Normal
Pistachio/VAD/vit-features/train/normal/indoor_normal_less/000000152381_all__1.npy,Normal
Pistachio/VAD/vit-features/train/normal/outdoor_normal_less/hd6701_all__4.npy,Normal
Pistachio/VAD/vit-features/train/normal/indoor_normal_less/000000141407_all__0.npy,Normal
Pistachio/VAD/vit-features/train/normal/commercial_normal_less/000000079109_all__3.npy,Normal
Pistachio/VAD/vit-features/train/anomaly/outdoor_anomaly_less/animal_predation/000000573767_all__8.npy,animal_predation
Pistachio/VAD/vit-features/train/normal/outdoor_normal_less/000000017668_all__2.npy,Normal
Pistachio/VAD/vit-features/train/anomaly/outdoor_anomaly_more/animal_predation/000000021341_all__4.npy,animal_predation
Pistachio/VAD/vit-features/train/normal/infrastructure_normal_less/n62_jpg.rf.e0aa83b9d6f861e7528c685d116cb745_all__3.npy,Normal
Pistachio/VAD/vit-features/train/normal/industrial_normal_more/hd281_all__2.npy,Normal
Pistachio/VAD/vit-features/train/normal/industrial_normal_less/hd537_all__6.npy,Normal
Pistachio/VAD/vit-features/train/normal/infrastructure_normal_more/000000151427_all__3.npy,Normal
Pistachio/VAD/vit-features/train/anomaly/outdoor_anomaly_less/animal_predation/000000574694_all__6.npy,animal_predation
Pistachio/VAD/vit-features/train/normal/industrial_normal_less/hd638_all__3.npy,Normal
Pistachio/VAD/vit-features/train/normal/indoor_normal_less/000000016892_all__5.npy,Normal
Pistachio/VAD/vit-features/train/anomaly/outdoor_anomaly_less/animal_predation/000000570948_all__3.npy,animal_predation
Pistachio/VAD/vit-features/train/normal/outdoor_normal_less/000000009674_all__4.npy,Normal
Pistachio/VAD/vit-features/train/normal/commercial_normal_less/000000128642_all__5.npy,Normal
Pistachio/VAD/vit-features/train/normal/industrial_normal_less/hd389_all__9.npy,Normal
Pistachio/VAD/vit-features/train/anomaly/outdoor_anomaly_less/animal_predation/000000570948_all__2.npy,animal_predation
Pistachio/VAD/vit-features/train/normal/industrial_normal_more/000000434801_all__7.npy,Normal
Pistachio/VAD/vit-features/train/normal/commercial_normal_less/000000082912_all__2.npy,Normal
Pistachio/VAD/vit-features/train/normal/outdoor_normal_less/000000567728_all__5.npy,Normal
Pistachio/VAD/vit-features/train/normal/commercial_normal_less/000000085616_all__8.npy,Normal
Pistachio/VAD/vit-features/train/normal/outdoor_normal_less/hd622_all__7.npy,Normal
Pistachio/VAD/vit-features/train/normal/indoor_normal_less/000000052117_all__5.npy,Normal
Pistachio/VAD/vit-features/train/normal/commercial_normal_less/000000028074_all__3.npy,Normal
Pistachio/VAD/vit-features/train/normal/indoor_normal_more/000000332267_all__7.npy,Normal
Pistachio/VAD/vit-features/train/normal/outdoor_normal_less/000000024286_all__5.npy,Normal
Pistachio/VAD/vit-features/train/normal/infrastructure_normal_less/000000021274_all__0.npy,Normal
Pistachio/VAD/vit-features/train/normal/road_normal_more/000000125589_all__8.npy,Normal
Pistachio/VAD/vit-features/train/normal/outdoor_normal_less/000000035681_all__6.npy,Normal
Pistachio/VAD/vit-features/train/normal/outdoor_normal_less/hd525_all__0.npy,Normal
Pistachio/VAD/vit-features/train/normal/road_normal_more/000000129291_all__2.npy,Normal
Pistachio/VAD/vit-features/train/normal/infrastructure_normal_more/000000546103_all__0.npy,Normal
Pistachio/VAD/vit-features/train/normal/infrastructure_normal_more/000000090541_all__2.npy,Normal
Pistachio/VAD/vit-features/train/normal/road_normal_less/000000044134_all__1.npy,Normal
Pistachio/VAD/vit-features/train/anomaly/outdoor_anomaly_less/animal_predation/000000580524_all__8.npy,animal_predation
Pistachio/VAD/vit-features/train/normal/indoor_normal_less/000000235533_all__1.npy,Normal
Pistachio/VAD/vit-features/train/anomaly/outdoor_anomaly_less/animal_predation/000000572227_all__5.npy,animal_predation
Pistachio/VAD/vit-features/train/normal/industrial_normal_less/hd226_all__1.npy,Normal
Pistachio/VAD/vit-features/train/normal/infrastructure_normal_less/237_jpg.rf.2903c7a88b98d94076c0183aad793639_all__9.npy,Normal
Pistachio/VAD/vit-features/train/anomaly/outdoor_anomaly_less/animal_predation/000000576139_all__8.npy,animal_predation
Pistachio/VAD/vit-features/train/normal/infrastructure_normal_more/000000065740_all__0.npy,Normal
Pistachio/VAD/vit-features/train/normal/indoor_normal_less/000000235859_all__7.npy,Normal
Pistachio/VAD/vit-features/train/normal/industrial_normal_less/hd334_all__2.npy,Normal
Pistachio/VAD/vit-features/train/normal/indoor_normal_less/000000083760_all__8.npy,Normal
Pistachio/VAD/vit-features/train/normal/road_normal_less/000000036538_all__0.npy,Normal
Pistachio/VAD/vit-features/train/normal/outdoor_normal_less/BTNRCRRFMF2O_all__3.npy,Normal
Pistachio/VAD/vit-features/train/normal/indoor_normal_less/000000205110_all__9.npy,Normal
Pistachio/VAD/vit-features/train/normal/infrastructure_normal_less/000000120539_all__6.npy,Normal
Pistachio/VAD/vit-features/train/normal/infrastructure_normal_less/000000187562_all__1.npy,Normal
Pistachio/VAD/vit-features/train/normal/commercial_normal_more/000000124651_all__3.npy,Normal
Pistachio/VAD/vit-features/train/normal/indoor_normal_less/000000152121_all__8.npy,Normal
Pistachio/VAD/vit-features/train/normal/indoor_normal_less/000000025416_all__7.npy,Normal
Pistachio/VAD/vit-features/train/normal/indoor_normal_less/000000047508_all__6.npy,Normal
Pistachio/VAD/vit-features/train/normal/industrial_normal_less/hd705_all__7.npy,Normal
Pistachio/VAD/vit-features/train/normal/indoor_normal_more/000000302542_all__3.npy,Normal
Pistachio/VAD/vit-features/train/normal/indoor_normal_less/000000059583_all__2.npy,Normal
Pistachio/VAD/vit-features/train/normal/commercial_normal_less/000000028074_all__7.npy,Normal
Pistachio/VAD/vit-features/train/normal/infrastructure_normal_less/000000146688_all__6.npy,Normal
Pistachio/VAD/vit-features/train/normal/indoor_normal_less/000000068533_all__5.npy,Normal
Pistachio/VAD/vit-features/train/normal/indoor_normal_less/000000021225_all__9.npy,Normal
Pistachio/VAD/vit-features/train/normal/indoor_normal_less/000000151473_all__3.npy,Normal
Pistachio/VAD/vit-features/train/normal/infrastructure_normal_less/pc46_jpg.rf.b8ea05d91b7ca38aa153aae43e849e68_all__2.npy,Normal
Pistachio/VAD/vit-features/train/normal/commercial_normal_more/000000126178_all__8.npy,Normal
Pistachio/VAD/vit-features/train/normal/road_normal_less/000000036700_all__0.npy,Normal
Pistachio/VAD/vit-features/train/normal/outdoor_normal_more/000000033026_all__0.npy,Normal
Pistachio/VAD/vit-features/train/normal/indoor_normal_less/000000092864_all__1.npy,Normal
Pistachio/VAD/vit-features/train/normal/road_normal_less/000000017467_all__6.npy,Normal
Pistachio/VAD/vit-features/train/normal/industrial_normal_less/hd356_all__5.npy,Normal
Pistachio/VAD/vit-features/train/normal/infrastructure_normal_less/000000081203_all__4.npy,Normal
Pistachio/VAD/vit-features/train/normal/infrastructure_normal_less/000000283626_all__0.npy,Normal
Pistachio/VAD/vit-features/train/anomaly/outdoor_anomaly_less/animal_predation/000000575078_all__0.npy,animal_predation
Pistachio/VAD/vit-features/train/normal/indoor_normal_more/000000308682_all__0.npy,Normal
Pistachio/VAD/vit-features/train/normal/indoor_normal_less/000000016211_all__8.npy,Normal
Pistachio/VAD/vit-features/train/normal/outdoor_normal_less/hd563_all__8.npy,Normal
Pistachio/VAD/vit-features/train/normal/indoor_normal_less/000000233939_all__2.npy,Normal
Pistachio/VAD/vit-features/train/normal/indoor_normal_less/000000058097_all__7.npy,Normal
Pistachio/VAD/vit-features/train/normal/infrastructure_normal_less/200_jpg.rf.47408d1c19d245a69f47bc9e1f708e70_all__4.npy,Normal
Pistachio/VAD/vit-features/train/normal/outdoor_normal_less/000000009144_all__7.npy,Normal
Pistachio/VAD/vit-features/train/normal/infrastructure_normal_more/000000478520_all__1.npy,Normal
Pistachio/VAD/vit-features/train/normal/indoor_normal_less/000000212754_all__5.npy,Normal
Pistachio/VAD/vit-features/train/normal/commercial_normal_less/000000063419_all__7.npy,Normal
Pistachio/VAD/vit-features/train/normal/indoor_normal_less/000000136450_all__6.npy,Normal
Pistachio/VAD/vit-features/train/anomaly/outdoor_anomaly_less/animal_predation/000000574694_all__0.npy,animal_predation
Pistachio/VAD/vit-features/train/normal/industrial_normal_less/hd202_all__0.npy,Normal
Pistachio/VAD/vit-features/train/normal/road_normal_less/000000032184_all__3.npy,Normal
Pistachio/VAD/vit-features/train/normal/indoor_normal_less/000000022568_all__7.npy,Normal
Pistachio/VAD/vit-features/train/anomaly/outdoor_anomaly_less/animal_predation/000000570948_all__9.npy,animal_predation
Pistachio/VAD/vit-features/train/normal/commercial_normal_less/000000078523_all__3.npy,Normal
Pistachio/VAD/vit-features/train/normal/infrastructure_normal_less/000000450789_all__9.npy,Normal
Pistachio/VAD/vit-features/train/normal/industrial_normal_less/000000554030_all__1.npy,Normal
Pistachio/VAD/vit-features/train/normal/industrial_normal_more/hd12_all__1.npy,Normal
Pistachio/VAD/vit-features/train/normal/infrastructure_normal_less/SFGZ9VULD1UG_all__5.npy,Normal
Pistachio/VAD/vit-features/train/normal/industrial_normal_less/000000392267_all__3.npy,Normal
Pistachio/VAD/vit-features/train/normal/indoor_normal_less/000000216562_all__8.npy,Normal
Pistachio/VAD/vit-features/train/normal/infrastructure_normal_less/000000063541_all__8.npy,Normal
Pistachio/VAD/vit-features/train/anomaly/outdoor_anomaly_less/animal_predation/000000576271_all__7.npy,animal_predation
Pistachio/VAD/vit-features/train/normal/road_normal_more/000000138994_all__4.npy,Normal
Pistachio/VAD/vit-features/train/normal/industrial_normal_less/hd222_all__4.npy,Normal
Pistachio/VAD/vit-features/train/normal/road_normal_more/000000138495_all__8.npy,Normal
Pistachio/VAD/vit-features/train/normal/commercial_normal_less/000000084848_all__2.npy,Normal
Pistachio/VAD/vit-features/train/normal/industrial_normal_less/hd608_all__7.npy,Normal
Pistachio/VAD/vit-features/train/normal/infrastructure_normal_more/000000363330_all__5.npy,Normal
Pistachio/VAD/vit-features/train/normal/outdoor_normal_less/000000567007_all__5.npy,Normal
Pistachio/VAD/vit-features/train/normal/road_normal_less/000000052042_all__3.npy,Normal
Pistachio/VAD/vit-features/train/normal/commercial_normal_more/000000326194_all__8.npy,Normal
Pistachio/VAD/vit-features/train/normal/road_normal_less/000000048758_all__9.npy,Normal
Pistachio/VAD/vit-features/train/normal/commercial_normal_more/000000132534_all__5.npy,Normal
Pistachio/VAD/vit-features/train/normal/infrastructure_normal_less/306_jpg.rf.78ee00167eef9655e2dc5fa8f6721c7c_all__7.npy,Normal
Pistachio/VAD/vit-features/train/anomaly/outdoor_anomaly_less/animal_predation/000000573767_all__4.npy,animal_predation
Pistachio/VAD/vit-features/train/normal/road_normal_less/000000014390_all__3.npy,Normal
Pistachio/VAD/vit-features/train/normal/indoor_normal_less/000000203983_all__3.npy,Normal
Pistachio/VAD/vit-features/train/normal/road_normal_more/000000133600_all__7.npy,Normal
Pistachio/VAD/vit-features/train/normal/road_normal_less/000000040490_all__0.npy,Normal
Pistachio/VAD/vit-features/train/normal/infrastructure_normal_less/4J2YOB4FNY2Q_all__9.npy,Normal
Pistachio/VAD/vit-features/train/normal/infrastructure_normal_less/000000269241_all__1.npy,Normal
Pistachio/VAD/vit-features/train/anomaly/outdoor_anomaly_less/animal_predation/000000574204_all__3.npy,animal_predation
Pistachio/VAD/vit-features/train/normal/industrial_normal_less/hd622_all__4.npy,Normal
Pistachio/VAD/vit-features/train/anomaly/outdoor_anomaly_less/animal_predation/000000574694_all__2.npy,animal_predation
Pistachio/VAD/vit-features/train/normal/infrastructure_normal_less/000000009390_all__8.npy,Normal
Pistachio/VAD/vit-features/train/normal/infrastructure_normal_less/000000229029_all__0.npy,Normal
Pistachio/VAD/vit-features/train/normal/infrastructure_normal_less/UVQ4D0NS0PLT_all__3.npy,Normal
Pistachio/VAD/vit-features/train/normal/industrial_normal_less/hd745_all__3.npy,Normal
Pistachio/VAD/vit-features/train/normal/infrastructure_normal_less/12_jpg.rf.a29a4b817001239e3f24ccb3ae1cb67a_all__3.npy,Normal
Pistachio/VAD/vit-features/train/normal/outdoor_normal_less/hd555_all__5.npy,Normal
Pistachio/VAD/vit-features/train/normal/industrial_normal_more/000000052552_all__9.npy,Normal
Pistachio/VAD/vit-features/train/normal/infrastructure_normal_less/bv66_jpg.rf.55fbb2dd06a53fa5488405a5827322a5_all__5.npy,Normal
Pistachio/VAD/vit-features/train/anomaly/outdoor_anomaly_less/animal_predation/000000570948_all__1.npy,animal_predation
Pistachio/VAD/vit-features/train/normal/road_normal_more/000000138091_all__5.npy,Normal
Pistachio/VAD/vit-features/train/normal/outdoor_normal_less/hd584_all__7.npy,Normal
Pistachio/VAD/vit-features/train/normal/indoor_normal_less/000000233125_all__6.npy,Normal
Pistachio/VAD/vit-features/train/normal/infrastructure_normal_less/bv88_jpg.rf.4412560442d63a707d81ff2b296e8453_all__6.npy,Normal
Pistachio/VAD/vit-features/train/normal/outdoor_normal_less/000000047380_all__2.npy,Normal
Pistachio/VAD/vit-features/train/normal/infrastructure_normal_more/000000283626_all__6.npy,Normal
Pistachio/VAD/vit-features/train/normal/commercial_normal_less/000000053659_all__3.npy,Normal
Pistachio/VAD/vit-features/train/normal/outdoor_normal_more/000000180058_all__7.npy,Normal
Pistachio/VAD/vit-features/train/normal/road_normal_less/000000024180_all__6.npy,Normal
Pistachio/VAD/vit-features/train/normal/road_normal_less/000000037792_all__8.npy,Normal
Pistachio/VAD/vit-features/train/normal/commercial_normal_less/000000351248_all__8.npy,Normal
Pistachio/VAD/vit-features/train/normal/commercial_normal_more/000000126560_all__1.npy,Normal
Pistachio/VAD/vit-features/train/normal/outdoor_normal_more/000000140837_all__8.npy,Normal
Pistachio/VAD/vit-features/train/normal/infrastructure_normal_more/000000151128_all__7.npy,Normal
Pistachio/VAD/vit-features/train/normal/road_normal_less/000000038491_all__4.npy,Normal
Pistachio/VAD/vit-features/train/normal/commercial_normal_less/000000030881_all__2.npy,Normal
Pistachio/VAD/vit-features/train/normal/commercial_normal_less/000000030425_all__6.npy,Normal
Pistachio/VAD/vit-features/train/normal/industrial_normal_more/000000576522_all__8.npy,Normal
Pistachio/VAD/vit-features/train/normal/industrial_normal_less/hd304_all__5.npy,Normal
Pistachio/VAD/vit-features/train/normal/indoor_normal_less/000000048755_all__0.npy,Normal
Pistachio/VAD/vit-features/train/normal/indoor_normal_less/000000019792_all__6.npy,Normal
Pistachio/VAD/vit-features/train/normal/commercial_normal_less/000000070040_all__8.npy,Normal
Pistachio/VAD/vit-features/train/normal/indoor_normal_less/000000054857_all__8.npy,Normal
Pistachio/VAD/vit-features/train/normal/commercial_normal_less/000000059198_all__4.npy,Normal
Pistachio/VAD/vit-features/train/normal/indoor_normal_more/000000308233_all__5.npy,Normal
