path,label
Pistachio/VAD/vit-features/train/normal/infrastructure_normal_less/000000063541_all__0.npy,Normal
Pistachio/VAD/vit-features/train/normal/road_normal_less/000000048702_all__8.npy,Normal
Pistachio/VAD/vit-features/train/normal/indoor_normal_less/000000024816_all__9.npy,Normal
Pistachio/VAD/vit-features/train/normal/industrial_normal_less/hd388_all__5.npy,Normal
Pistachio/VAD/vit-features/train/normal/indoor_normal_less/000000017074_all__8.npy,Normal
Pistachio/VAD/vit-features/train/normal/industrial_normal_less/hd825_all__9.npy,Normal
Pistachio/VAD/vit-features/train/normal/infrastructure_normal_less/000000152752_all__4.npy,Normal
Pistachio/VAD/vit-features/train/normal/road_normal_less/000000048526_all__4.npy,Normal
Pistachio/VAD/vit-features/train/normal/road_normal_less/000000013049_all__3.npy,Normal
Pistachio/VAD/vit-features/train/anomaly/infrastructure_anomaly_more/equipment_breakdown/000000057512_all__9.npy,equipment_breakdown
Pistachio/VAD/vit-features/train/normal/road_normal_less/000000036319_all__4.npy,Normal
Pistachio/VAD/vit-features/train/normal/infrastructure_normal_less/tun9_jpg.rf.15cb919e7ea44f5a0f2ffdae425235c2_all__9.npy,Normal
Pistachio/VAD/vit-features/train/anomaly/industrial_anomaly_less/equipment_breakdown/hd541_all__3.npy,equipment_breakdown
Pistachio/VAD/vit-features/train/anomaly/industrial_anomaly_more/equipment_breakdown/000000012035_all__0.npy,equipment_breakdown
Pistachio/VAD/vit-features/train/normal/outdoor_normal_more/000000010934_all__1.npy,Normal
Pistachio/VAD/vit-features/train/normal/road_normal_less/000000029743_all__1.npy,Normal
Pistachio/VAD/vit-features/train/normal/indoor_normal_less/000000047338_all__9.npy,Normal
Pistachio/VAD/vit-features/train/anomaly/industrial_anomaly_more/equipment_breakdown/000000271995_all__4.npy,equipment_breakdown
Pistachio/VAD/vit-features/train/normal/road_normal_more/000000125589_all__2.npy,Normal
Pistachio/VAD/vit-features/train/anomaly/infrastructure_anomaly_less/equipment_breakdown/000000187562_all__1.npy,equipment_breakdown
Pistachio/VAD/vit-features/train/anomaly/infrastructure_anomaly_less/equipment_breakdown/000000204873_all__0.npy,equipment_breakdown
Pistachio/VAD/vit-features/train/normal/outdoor_normal_less/4AROS76UZCFS_all__5.npy,Normal
Pistachio/VAD/vit-features/train/anomaly/infrastructure_anomaly_less/equipment_breakdown/000000187562_all__2.npy,equipment_breakdown
Pistachio/VAD/vit-features/train/normal/indoor_normal_more/000000314160_all__1.npy,Normal
Pistachio/VAD/vit-features/train/normal/industrial_normal_less/hd413_all__6.npy,Normal
Pistachio/VAD/vit-features/train/anomaly/infrastructure_anomaly_less/equipment_breakdown/000000060195_all__4.npy,equipment_breakdown
Pistachio/VAD/vit-features/train/normal/industrial_normal_less/hd489_all__5.npy,Normal
Pistachio/VAD/vit-features/train/normal/indoor_normal_less/000000232404_all__8.npy,Normal
Pistachio/VAD/vit-features/train/normal/industrial_normal_more/hd943_all__8.npy,Normal
Pistachio/VAD/vit-features/train/normal/outdoor_normal_less/000000021230_all__4.npy,Normal
Pistachio/VAD/vit-features/train/normal/commercial_normal_less/000000032076_all__1.npy,Normal
Pistachio/VAD/vit-features/train/normal/infrastructure_normal_less/000000015118_all__7.npy,Normal
Pistachio/VAD/vit-features/train/normal/industrial_normal_less/hd240_all__1.npy,Normal
Pistachio/VAD/vit-features/train/normal/outdoor_normal_less/000000008692_all__8.npy,Normal
Pistachio/VAD/vit-features/train/normal/outdoor_normal_less/000000007866_all__6.npy,Normal
Pistachio/VAD/vit-features/train/normal/indoor_normal_more/000000330565_all__0.npy,Normal
Pistachio/VAD/vit-features/train/normal/infrastructure_normal_less/000000299142_all__2.npy,Normal
Pistachio/VAD/vit-features/train/anomaly/industrial_anomaly_less/equipment_breakdown/hd545_all__5.npy,equipment_breakdown
Pistachio/VAD/vit-features/train/normal/road_normal_less/000000022373_all__8.npy,Normal
Pistachio/VAD/vit-features/train/normal/infrastructure_normal_less/715_jpg.rf.eccb0a439fc8f365f5db4fb9a6299f07_all__1.npy,Normal
Pistachio/VAD/vit-features/train/normal/road_normal_more/000000131479_all__1.npy,Normal
Pistachio/VAD/vit-features/train/normal/indoor_normal_less/000000057278_all__4.npy,Normal
Pistachio/VAD/vit-features/train/normal/commercial_normal_less/000000081723_all__6.npy,Normal
Pistachio/VAD/vit-features/train/anomaly/industrial_anomaly_less/equipment_breakdown/hd573_all__5.npy,equipment_breakdown
Pistachio/VAD/vit-features/train/normal/outdoor_normal_less/000000047245_all__6.npy,Normal
Pistachio/VAD/vit-features/train/normal/commercial_normal_less/000000032150_all__7.npy,Normal
Pistachio/VAD/vit-features/train/anomaly/industrial_anomaly_less/equipment_breakdown/hd541_all__4.npy,equipment_breakdown
Pistachio/VAD/vit-features/train/normal/indoor_normal_less/000000074721_all__3.npy,Normal
Pistachio/VAD/vit-features/train/normal/industrial_normal_more/hd281_all__4.npy,Normal
Pistachio/VAD/vit-features/train/normal/outdoor_normal_less/RGC4BKH6MAW3_all__6.npy,Normal
Pistachio/VAD/vit-features/train/normal/industrial_normal_less/hd682_all__4.npy,Normal
Pistachio/VAD/vit-features/train/normal/infrastructure_normal_less/UYPDOJJR7ZTN_all__2.npy,Normal
Pistachio/VAD/vit-features/train/normal/commercial_normal_less/000000364998_all__3.npy,Normal
Pistachio/VAD/vit-features/train/normal/road_normal_less/000000050751_all__4.npy,Normal
Pistachio/VAD/vit-features/train/anomaly/infrastructure_anomaly_less/equipment_breakdown/000000049176_all__3.npy,equipment_breakdown
Pistachio/VAD/vit-features/train/normal/outdoor_normal_less/000000009144_all__1.npy,Normal
Pistachio/VAD/vit-features/train/normal/indoor_normal_less/000000017757_all__5.npy,Normal
Pistachio/VAD/vit-features/train/normal/commercial_normal_more/000000130964_all__3.npy,Normal
Pistachio/VAD/vit-features/train/normal/commercial_normal_less/000000066201_all__4.npy,Normal
Pistachio/VAD/vit-features/train/normal/indoor_normal_less/000000066552_all__0.npy,Normal
Pistachio/VAD/vit-features/train/normal/road_normal_more/000000139832_all__3.npy,Normal
Pistachio/VAD/vit-features/train/normal/road_normal_less/000000024868_all__0.npy,Normal
Pistachio/VAD/vit-features/train/normal/outdoor_normal_less/hd534_all__8.npy,Normal
Pistachio/VAD/vit-features/train/normal/infrastructure_normal_more/000000436832_all__4.npy,Normal
Pistachio/VAD/vit-features/train/normal/road_normal_more/000000126560_all__7.npy,Normal
Pistachio/VAD/vit-features/train/normal/infrastructure_normal_less/L0V7AXRTA1KD_all__2.npy,Normal
Pistachio/VAD/vit-features/train/normal/infrastructure_normal_less/000000021274_all__9.npy,Normal
Pistachio/VAD/vit-features/train/normal/industrial_normal_less/hd755_all__7.npy,Normal
Pistachio/VAD/vit-features/train/normal/outdoor_normal_less/000000043312_all__6.npy,Normal
Pistachio/VAD/vit-features/train/normal/infrastructure_normal_more/000000430119_all__0.npy,Normal
Pistachio/VAD/vit-features/train/anomaly/infrastructure_anomaly_less/equipment_breakdown/000000205576_all__9.npy,equipment_breakdown
Pistachio/VAD/vit-features/train/normal/outdoor_normal_less/000000023037_all__6.npy,Normal
Pistachio/VAD/vit-features/train/normal/infrastructure_normal_less/FFRG7F9YRLWI_all__2.npy,Normal
Pistachio/VAD/vit-features/train/normal/commercial_normal_more/000000129239_all__3.npy,Normal
Pistachio/VAD/vit-features/train/normal/outdoor_normal_less/I009TU0WY8Q3_all__2.npy,Normal
Pistachio/VAD/vit-features/train/anomaly/industrial_anomaly_less/equipment_breakdown/hd553_all__8.npy,equipment_breakdown
Pistachio/VAD/vit-features/train/normal/commercial_normal_less/000000032834_all__1.npy,Normal
Pistachio/VAD/vit-features/train/normal/industrial_normal_less/000000345723_all__3.npy,Normal
Pistachio/VAD/vit-features/train/anomaly/infrastructure_anomaly_more/equipment_breakdown/000000168496_all__7.npy,equipment_breakdown
Pistachio/VAD/vit-features/train/normal/commercial_normal_less/000000059420_all__4.npy,Normal
Pistachio/VAD/vit-features/train/normal/indoor_normal_more/000000318960_all__3.npy,Normal
Pistachio/VAD/vit-features/train/normal/industrial_normal_less/hd828_all__0.npy,Normal
Pistachio/VAD/vit-features/train/normal/indoor_normal_less/000000032755_all__8.npy,Normal
Pistachio/VAD/vit-features/train/normal/indoor_normal_less/000000139891_all__8.npy,Normal
Pistachio/VAD/vit-features/train/normal/indoor_normal_less/000000061568_all__9.npy,Normal
Pistachio/VAD/vit-features/train/normal/commercial_normal_less/000000027505_all__0.npy,Normal
Pistachio/VAD/vit-features/train/normal/industrial_normal_less/hd467_all__9.npy,Normal
Pistachio/VAD/vit-features/train/normal/commercial_normal_less/000000054263_all__7.npy,Normal
Pistachio/VAD/vit-features/train/normal/indoor_normal_less/000000056803_all__3.npy,Normal
Pistachio/VAD/vit-features/train/normal/road_normal_more/000000136892_all__2.npy,Normal
Pistachio/VAD/vit-features/train/normal/indoor_normal_less/000000058010_all__2.npy,Normal
Pistachio/VAD/vit-features/train/normal/outdoor_normal_less/hd509_all__3.npy,Normal
Pistachio/VAD/vit-features/train/normal/industrial_normal_less/hd860_all__1.npy,Normal
Pistachio/VAD/vit-features/train/anomaly/infrastructure_anomaly_less/equipment_breakdown/000000168496_all__0.npy,equipment_breakdown
Pistachio/VAD/vit-features/train/normal/indoor_normal_more/000000311576_all__9.npy,Normal
Pistachio/VAD/vit-features/train/normal/infrastructure_normal_less/000000517241_all__7.npy,Normal
Pistachio/VAD/vit-features/train/anomaly/industrial_anomaly_more/equipment_breakdown/000000360272_all__3.npy,equipment_breakdown
Pistachio/VAD/vit-features/train/normal/outdoor_normal_more/000000138427_all__8.npy,Normal
Pistachio/VAD/vit-features/train/normal/outdoor_normal_more/000000138709_all__7.npy,Normal
Pistachio/VAD/vit-features/train/normal/industrial_normal_more/000000188680_all__2.npy,Normal
Pistachio/VAD/vit-features/train/normal/indoor_normal_less/000000137649_all__9.npy,Normal
Pistachio/VAD/vit-features/train/normal/indoor_normal_less/000000227620_all__0.npy,Normal
Pistachio/VAD/vit-features/train/normal/indoor_normal_more/000000315809_all__1.npy,Normal
Pistachio/VAD/vit-features/train/normal/outdoor_normal_more/000000298966_all__0.npy,Normal
Pistachio/VAD/vit-features/train/normal/road_normal_less/000000330949_all__2.npy,Normal
Pistachio/VAD/vit-features/train/normal/industrial_normal_less/hd463_all__9.npy,Normal
Pistachio/VAD/vit-features/train/normal/outdoor_normal_less/hd528_all__5.npy,Normal
Pistachio/VAD/vit-features/train/anomaly/industrial_anomaly_less/equipment_breakdown/hd544_all__5.npy,equipment_breakdown
Pistachio/VAD/vit-features/train/normal/infrastructure_normal_less/704_jpg.rf.b0ef7419937f78667b663fd840ecf202_all__0.npy,Normal
Pistachio/VAD/vit-features/train/normal/indoor_normal_less/000000137168_all__1.npy,Normal
Pistachio/VAD/vit-features/train/normal/road_normal_less/000000048450_all__4.npy,Normal
Pistachio/VAD/vit-features/train/anomaly/infrastructure_anomaly_less/equipment_breakdown/000000204873_all__8.npy,equipment_breakdown
Pistachio/VAD/vit-features/train/anomaly/industrial_anomaly_more/equipment_breakdown/000000271995_all__9.npy,equipment_breakdown
Pistachio/VAD/vit-features/train/anomaly/industrial_anomaly_less/equipment_breakdown/hd569_all__0.npy,equipment_breakdown
Pistachio/VAD/vit-features/train/normal/outdoor_normal_less/hd575_all__5.npy,Normal
Pistachio/VAD/vit-features/train/normal/infrastructure_normal_less/3IHJM5PWVCXP_all__6.npy,Normal
Pistachio/VAD/vit-features/train/normal/infrastructure_normal_less/58W3GI4IA395_all__0.npy,Normal
Pistachio/VAD/vit-features/train/normal/indoor_normal_less/000000204019_all__1.npy,Normal
Pistachio/VAD/vit-features/train/normal/road_normal_more/000000133201_all__7.npy,Normal
Pistachio/VAD/vit-features/train/normal/commercial_normal_more/000000136892_all__2.npy,Normal
Pistachio/VAD/vit-features/train/normal/road_normal_less/000000018720_all__4.npy,Normal
Pistachio/VAD/vit-features/train/normal/commercial_normal_less/000000028074_all__4.npy,Normal
Pistachio/VAD/vit-features/train/normal/indoor_normal_less/000000205589_all__1.npy,Normal
Pistachio/VAD/vit-features/train/normal/outdoor_normal_less/000000010616_all__9.npy,Normal
Pistachio/VAD/vit-features/train/anomaly/infrastructure_anomaly_more/equipment_breakdown/000000168496_all__6.npy,equipment_breakdown
Pistachio/VAD/vit-features/train/anomaly/industrial_anomaly_less/equipment_breakdown/hd573_all__1.npy,equipment_breakdown
Pistachio/VAD/vit-features/train/normal/infrastructure_normal_more/000000339037_all__2.npy,Normal
Pistachio/VAD/vit-features/train/normal/industrial_normal_less/hd485_all__3.npy,Normal
Pistachio/VAD/vit-features/train/anomaly/infrastructure_anomaly_less/equipment_breakdown/000000057512_all__3.npy,equipment_breakdown
Pistachio/VAD/vit-features/train/normal/industrial_normal_less/hd406_all__8.npy,Normal
Pistachio/VAD/vit-features/train/normal/infrastructure_normal_more/000000312244_all__1.npy,Normal
Pistachio/VAD/vit-features/train/normal/infrastructure_normal_less/em5_jpg.rf.2d4f2bf19599f231160b073b57c09e08_all__7.npy,Normal
Pistachio/VAD/vit-features/train/normal/industrial_normal_less/hd171_all__3.npy,Normal
Pistachio/VAD/vit-features/train/anomaly/infrastructure_anomaly_more/equipment_breakdown/000000049176_all__9.npy,equipment_breakdown
Pistachio/VAD/vit-features/train/anomaly/industrial_anomaly_less/equipment_breakdown/hd569_all__4.npy,equipment_breakdown
Pistachio/VAD/vit-features/train/normal/indoor_normal_less/000000026810_all__2.npy,Normal
Pistachio/VAD/vit-features/train/anomaly/industrial_anomaly_less/equipment_breakdown/hd545_all__3.npy,equipment_breakdown
Pistachio/VAD/vit-features/train/anomaly/infrastructure_anomaly_less/equipment_breakdown/000000049176_all__5.npy,equipment_breakdown
Pistachio/VAD/vit-features/train/anomaly/industrial_anomaly_less/equipment_breakdown/hd569_all__2.npy,equipment_breakdown
Pistachio/VAD/vit-features/train/normal/road_normal_less/000000052515_all__6.npy,Normal
Pistachio/VAD/vit-features/train/normal/indoor_normal_more/000000332267_all__4.npy,Normal
Pistachio/VAD/vit-features/train/normal/industrial_normal_less/000000465151_all__8.npy,Normal
Pistachio/VAD/vit-features/train/anomaly/industrial_anomaly_less/equipment_breakdown/hd573_all__8.npy,equipment_breakdown
Pistachio/VAD/vit-features/train/normal/road_normal_less/000000015159_all__1.npy,Normal
Pistachio/VAD/vit-features/train/anomaly/infrastructure_anomaly_more/equipment_breakdown/000000057512_all__7.npy,equipment_breakdown
Pistachio/VAD/vit-features/train/anomaly/industrial_anomaly_more/equipment_breakdown/000000271995_all__6.npy,equipment_breakdown
Pistachio/VAD/vit-features/train/normal/indoor_normal_less/000000235232_all__3.npy,Normal
Pistachio/VAD/vit-features/train/normal/infrastructure_normal_less/NNKCQM9CM31I_all__3.npy,Normal
Pistachio/VAD/vit-features/train/normal/outdoor_normal_less/000000025484_all__7.npy,Normal
Pistachio/VAD/vit-features/train/normal/commercial_normal_more/000000132190_all__9.npy,Normal
Pistachio/VAD/vit-features/train/anomaly/infrastructure_anomaly_less/equipment_breakdown/000000060195_all__8.npy,equipment_breakdown
Pistachio/VAD/vit-features/train/normal/outdoor_normal_less/hd615_all__9.npy,Normal
Pistachio/VAD/vit-features/train/anomaly/industrial_anomaly_less/equipment_breakdown/hd550_all__3.npy,equipment_breakdown
Pistachio/VAD/vit-features/train/normal/infrastructure_normal_less/nig6_jpg.rf.2cf8545d78ba450eceff53e09de9ffd4_all__6.npy,Normal
Pistachio/VAD/vit-features/train/anomaly/industrial_anomaly_more/equipment_breakdown/000000360272_all__9.npy,equipment_breakdown
Pistachio/VAD/vit-features/train/normal/industrial_normal_more/000000356497_all__6.npy,Normal
Pistachio/VAD/vit-features/train/anomaly/infrastructure_anomaly_more/equipment_breakdown/000000049176_all__0.npy,equipment_breakdown
Pistachio/VAD/vit-features/train/normal/industrial_normal_less/hd268_all__6.npy,Normal
Pistachio/VAD/vit-features/train/normal/outdoor_normal_more/000000019445_all__3.npy,Normal
Pistachio/VAD/vit-features/train/normal/infrastructure_normal_less/G59HKVMGHLBG_all__1.npy,Normal
Pistachio/VAD/vit-features/train/normal/industrial_normal_less/hd008_all__7.npy,Normal
Pistachio/VAD/vit-features/train/normal/road_normal_less/000000019018_all__4.npy,Normal
Pistachio/VAD/vit-features/train/normal/commercial_normal_more/000000127349_all__6.npy,Normal
Pistachio/VAD/vit-features/train/normal/commercial_normal_less/000000354965_all__4.npy,Normal
Pistachio/VAD/vit-features/train/normal/outdoor_normal_less/HY0XRFARC2YS_all__5.npy,Normal
Pistachio/VAD/vit-features/train/anomaly/industrial_anomaly_less/equipment_breakdown/hd246_all__6.npy,equipment_breakdown
Pistachio/VAD/vit-features/train/normal/road_normal_more/000000133474_all__6.npy,Normal
Pistachio/VAD/vit-features/train/normal/road_normal_less/000000012697_all__3.npy,Normal
Pistachio/VAD/vit-features/train/normal/indoor_normal_less/000000067944_all__5.npy,Normal
Pistachio/VAD/vit-features/train/normal/industrial_normal_more/000000206500_all__1.npy,Normal
Pistachio/VAD/vit-features/train/anomaly/industrial_anomaly_less/equipment_breakdown/hd573_all__4.npy,equipment_breakdown
Pistachio/VAD/vit-features/train/normal/indoor_normal_less/000000042719_all__4.npy,Normal
Pistachio/VAD/vit-features/train/normal/infrastructure_normal_less/3IHJM5PWVCXP_all__4.npy,Normal
Pistachio/VAD/vit-features/train/normal/indoor_normal_less/000000053230_all__3.npy,Normal
Pistachio/VAD/vit-features/train/normal/indoor_normal_more/000000314230_all__5.npy,Normal
Pistachio/VAD/vit-features/train/anomaly/industrial_anomaly_more/equipment_breakdown/000000012035_all__6.npy,equipment_breakdown
Pistachio/VAD/vit-features/train/normal/commercial_normal_less/000000073750_all__5.npy,Normal
Pistachio/VAD/vit-features/train/anomaly/infrastructure_anomaly_more/equipment_breakdown/000000057826_all__3.npy,equipment_breakdown
Pistachio/VAD/vit-features/train/normal/road_normal_more/000000128540_all__3.npy,Normal
Pistachio/VAD/vit-features/train/normal/industrial_normal_less/hd691_all__7.npy,Normal
Pistachio/VAD/vit-features/train/normal/road_normal_more/000000133201_all__9.npy,Normal
Pistachio/VAD/vit-features/train/normal/outdoor_normal_less/000000016103_all__7.npy,Normal
Pistachio/VAD/vit-features/train/normal/road_normal_less/000000053199_all__0.npy,Normal
Pistachio/VAD/vit-features/train/normal/commercial_normal_less/000000027054_all__1.npy,Normal
Pistachio/VAD/vit-features/train/anomaly/industrial_anomaly_less/equipment_breakdown/hd12_all__1.npy,equipment_breakdown
Pistachio/VAD/vit-features/train/normal/industrial_normal_less/hd668_all__3.npy,Normal
Pistachio/VAD/vit-features/train/normal/outdoor_normal_less/hd522_all__9.npy,Normal
Pistachio/VAD/vit-features/train/normal/infrastructure_normal_less/000000437046_all__4.npy,Normal
Pistachio/VAD/vit-features/train/anomaly/infrastructure_anomaly_less/equipment_breakdown/000000040644_all__7.npy,equipment_breakdown
Pistachio/VAD/vit-features/train/normal/infrastructure_normal_less/nig0_jpg.rf.8b69d749e26ed184eb516e3f03966aa0_all__1.npy,Normal
Pistachio/VAD/vit-features/train/normal/road_normal_less/000000038908_all__1.npy,Normal
Pistachio/VAD/vit-features/train/normal/infrastructure_normal_less/mk3_jpg.rf.770d1d8f1827b7400a2b2a922dbc146a_all__1.npy,Normal
Pistachio/VAD/vit-features/train/anomaly/infrastructure_anomaly_more/equipment_breakdown/000000057512_all__6.npy,equipment_breakdown
Pistachio/VAD/vit-features/train/normal/indoor_normal_less/000000019676_all__7.npy,Normal
Pistachio/VAD/vit-features/train/normal/outdoor_normal_less/000000021505_all__0.npy,Normal
Pistachio/VAD/vit-features/train/normal/outdoor_normal_less/000000015187_all__1.npy,Normal
Pistachio/VAD/vit-features/train/normal/road_normal_less/000000489087_all__3.npy,Normal
Pistachio/VAD/vit-features/train/normal/indoor_normal_less/000000029048_all__6.npy,Normal
Pistachio/VAD/vit-features/train/anomaly/industrial_anomaly_more/equipment_breakdown/000000360272_all__1.npy,equipment_breakdown
Pistachio/VAD/vit-features/train/normal/commercial_normal_less/000000025966_all__8.npy,Normal
Pistachio/VAD/vit-features/train/normal/commercial_normal_more/000000127062_all__9.npy,Normal
Pistachio/VAD/vit-features/train/normal/outdoor_normal_more/000000139619_all__4.npy,Normal
Pistachio/VAD/vit-features/train/normal/infrastructure_normal_less/000000363235_all__9.npy,Normal
Pistachio/VAD/vit-features/train/normal/outdoor_normal_more/000000298107_all__9.npy,Normal
Pistachio/VAD/vit-features/train/normal/road_normal_less/000000052172_all__1.npy,Normal
Pistachio/VAD/vit-features/train/normal/commercial_normal_less/000000050774_all__3.npy,Normal
Pistachio/VAD/vit-features/train/normal/infrastructure_normal_less/N57N5OV654XH_all__0.npy,Normal
Pistachio/VAD/vit-features/train/normal/outdoor_normal_less/hd785_all__5.npy,Normal
Pistachio/VAD/vit-features/train/normal/commercial_normal_less/000000034125_all__0.npy,Normal
Pistachio/VAD/vit-features/train/normal/outdoor_normal_less/000000024114_all__8.npy,Normal
Pistachio/VAD/vit-features/train/anomaly/industrial_anomaly_less/equipment_breakdown/hd12_all__2.npy,equipment_breakdown
Pistachio/VAD/vit-features/train/anomaly/industrial_anomaly_more/equipment_breakdown/000000360272_all__2.npy,equipment_breakdown
Pistachio/VAD/vit-features/train/normal/commercial_normal_more/000000130359_all__6.npy,Normal
Pistachio/VAD/vit-features/train/normal/road_normal_less/000000332412_all__6.npy,Normal
Pistachio/VAD/vit-features/train/normal/commercial_normal_less/000000065349_all__3.npy,Normal
Pistachio/VAD/vit-features/train/normal/indoor_normal_less/000000203760_all__9.npy,Normal
Pistachio/VAD/vit-features/train/anomaly/infrastructure_anomaly_more/equipment_breakdown/000000205576_all__0.npy,equipment_breakdown
Pistachio/VAD/vit-features/train/normal/infrastructure_normal_less/000000057512_all__7.npy,Normal
Pistachio/VAD/vit-features/train/anomaly/industrial_anomaly_less/equipment_breakdown/hd544_all__3.npy,equipment_breakdown
Pistachio/VAD/vit-features/train/normal/road_normal_less/000000024533_all__4.npy,Normal
Pistachio/VAD/vit-features/train/normal/outdoor_normal_less/hd610_all__4.npy,Normal
Pistachio/VAD/vit-features/train/normal/indoor_normal_less/000000233209_all__2.npy,Normal
Pistachio/VAD/vit-features/train/anomaly/infrastructure_anomaly_less/equipment_breakdown/000000057512_all__8.npy,equipment_breakdown
Pistachio/VAD/vit-features/train/normal/indoor_normal_less/000000049950_all__2.npy,Normal
Pistachio/VAD/vit-features/train/normal/industrial_normal_less/hd712_all__2.npy,Normal
Pistachio/VAD/vit-features/train/normal/road_normal_less/000000034666_all__1.npy,Normal
Pistachio/VAD/vit-features/train/normal/infrastructure_normal_less/FG9W4HH5SBUW_all__6.npy,Normal
Pistachio/VAD/vit-features/train/normal/industrial_normal_less/hd524_all__4.npy,Normal
Pistachio/VAD/vit-features/train/normal/industrial_normal_less/hd11_all__7.npy,Normal
Pistachio/VAD/vit-features/train/anomaly/infrastructure_anomaly_less/equipment_breakdown/000000057512_all__7.npy,equipment_breakdown
Pistachio/VAD/vit-features/train/normal/indoor_normal_less/000000150747_all__4.npy,Normal
Pistachio/VAD/vit-features/train/normal/outdoor_normal_less/000000007750_all__5.npy,Normal
Pistachio/VAD/vit-features/train/anomaly/industrial_anomaly_more/equipment_breakdown/000000012035_all__4.npy,equipment_breakdown
Pistachio/VAD/vit-features/train/normal/infrastructure_normal_less/Y87JYNQFV8B8_all__3.npy,Normal
Pistachio/VAD/vit-features/train/normal/industrial_normal_less/hd844_all__6.npy,Normal
Pistachio/VAD/vit-features/train/anomaly/infrastructure_anomaly_more/equipment_breakdown/000000205576_all__2.npy,equipment_breakdown
Pistachio/VAD/vit-features/train/anomaly/industrial_anomaly_more/equipment_breakdown/000000012035_all__7.npy,equipment_breakdown
Pistachio/VAD/vit-features/train/normal/road_normal_less/000000038491_all__3.npy,Normal
Pistachio/VAD/vit-features/train/normal/commercial_normal_less/000000027411_all__9.npy,Normal
Pistachio/VAD/vit-features/train/anomaly/infrastructure_anomaly_less/equipment_breakdown/000000205576_all__7.npy,equipment_breakdown
Pistachio/VAD/vit-features/train/normal/industrial_normal_less/hd458_all__1.npy,Normal
Pistachio/VAD/vit-features/train/normal/commercial_normal_more/000000134230_all__7.npy,Normal
Pistachio/VAD/vit-features/train/normal/commercial_normal_less/000000059177_all__6.npy,Normal
Pistachio/VAD/vit-features/train/normal/commercial_normal_more/000000134308_all__8.npy,Normal
Pistachio/VAD/vit-features/train/normal/commercial_normal_less/000000041262_all__5.npy,Normal
Pistachio/VAD/vit-features/train/normal/infrastructure_normal_more/000000347103_all__7.npy,Normal
Pistachio/VAD/vit-features/train/normal/infrastructure_normal_less/000000580123_all__5.npy,Normal
Pistachio/VAD/vit-features/train/normal/commercial_normal_less/000000056271_all__9.npy,Normal
Pistachio/VAD/vit-features/train/normal/infrastructure_normal_less/242_jpg.rf.600e9e9ebf89b35649f3aeed5d221066_all__1.npy,Normal
Pistachio/VAD/vit-features/train/normal/indoor_normal_less/000000056862_all__7.npy,Normal
Pistachio/VAD/vit-features/train/normal/commercial_normal_less/000000053377_all__2.npy,Normal
Pistachio/VAD/vit-features/train/normal/road_normal_less/000000025781_all__0.npy,Normal
Pistachio/VAD/vit-features/train/normal/indoor_normal_less/000000058136_all__7.npy,Normal
Pistachio/VAD/vit-features/train/normal/indoor_normal_less/000000152381_all__8.npy,Normal
Pistachio/VAD/vit-features/train/normal/industrial_normal_less/hd669_all__4.npy,Normal
Pistachio/VAD/vit-features/train/normal/road_normal_less/000000015758_all__6.npy,Normal
Pistachio/VAD/vit-features/train/normal/outdoor_normal_less/hd6671_all__8.npy,Normal
Pistachio/VAD/vit-features/train/anomaly/infrastructure_anomaly_less/equipment_breakdown/000000049176_all__1.npy,equipment_breakdown
Pistachio/VAD/vit-features/train/normal/industrial_normal_less/hd679_all__0.npy,Normal
Pistachio/VAD/vit-features/train/normal/infrastructure_normal_less/000000069722_all__7.npy,Normal
Pistachio/VAD/vit-features/train/normal/outdoor_normal_less/000000016103_all__1.npy,Normal
Pistachio/VAD/vit-features/train/anomaly/industrial_anomaly_less/equipment_breakdown/hd575_all__8.npy,equipment_breakdown
Pistachio/VAD/vit-features/train/anomaly/infrastructure_anomaly_more/equipment_breakdown/000000049176_all__1.npy,equipment_breakdown
Pistachio/VAD/vit-features/train/normal/infrastructure_normal_less/U7BF14N4QHZV_all__4.npy,Normal
Pistachio/VAD/vit-features/train/normal/indoor_normal_less/000000239383_all__2.npy,Normal
Pistachio/VAD/vit-features/train/normal/road_normal_more/000000133674_all__3.npy,Normal
Pistachio/VAD/vit-features/train/normal/outdoor_normal_more/000000014465_all__2.npy,Normal
Pistachio/VAD/vit-features/train/anomaly/infrastructure_anomaly_less/equipment_breakdown/000000205576_all__0.npy,equipment_breakdown
Pistachio/VAD/vit-features/train/anomaly/industrial_anomaly_less/equipment_breakdown/hd541_all__6.npy,equipment_breakdown
Pistachio/VAD/vit-features/train/anomaly/industrial_anomaly_less/equipment_breakdown/hd545_all__9.npy,equipment_breakdown
Pistachio/VAD/vit-features/train/anomaly/infrastructure_anomaly_less/equipment_breakdown/000000060195_all__5.npy,equipment_breakdown
Pistachio/VAD/vit-features/train/anomaly/industrial_anomaly_less/equipment_breakdown/hd569_all__6.npy,equipment_breakdown
Pistachio/VAD/vit-features/train/normal/infrastructure_normal_less/A6HU0FFGDSXY_all__1.npy,Normal
Pistachio/VAD/vit-features/train/normal/industrial_normal_less/hd541_all__5.npy,Normal
Pistachio/VAD/vit-features/train/normal/industrial_normal_less/hd000_all__2.npy,Normal
Pistachio/VAD/vit-features/train/anomaly/industrial_anomaly_more/equipment_breakdown/000000271995_all__1.npy,equipment_breakdown
Pistachio/VAD/vit-features/train/anomaly/industrial_anomaly_less/equipment_breakdown/hd545_all__4.npy,equipment_breakdown
Pistachio/VAD/vit-features/train/normal/indoor_normal_less/000000204258_all__0.npy,Normal
Pistachio/VAD/vit-features/train/normal/commercial_normal_less/000000035536_all__2.npy,Normal
Pistachio/VAD/vit-features/train/normal/indoor_normal_more/000000304795_all__6.npy,Normal
Pistachio/VAD/vit-features/train/normal/commercial_normal_less/000000027505_all__4.npy,Normal
Pistachio/VAD/vit-features/train/normal/indoor_normal_less/000000150067_all__7.npy,Normal
Pistachio/VAD/vit-features/train/anomaly/industrial_anomaly_more/equipment_breakdown/000000271995_all__5.npy,equipment_breakdown
Pistachio/VAD/vit-features/train/normal/commercial_normal_less/000000031096_all__8.npy,Normal
Pistachio/VAD/vit-features/train/normal/commercial_normal_less/000000069853_all__4.npy,Normal
Pistachio/VAD/vit-features/train/anomaly/infrastructure_anomaly_less/equipment_breakdown/000000057512_all__6.npy,equipment_breakdown
Pistachio/VAD/vit-features/train/normal/road_normal_less/000000011898_all__9.npy,Normal
Pistachio/VAD/vit-features/train/anomaly/industrial_anomaly_less/equipment_breakdown/hd573_all__3.npy,equipment_breakdown
Pistachio/VAD/vit-features/train/anomaly/infrastructure_anomaly_less/equipment_breakdown/000000044442_all__3.npy,equipment_breakdown
Pistachio/VAD/vit-features/train/normal/commercial_normal_less/000000071763_all__8.npy,Normal
Pistachio/VAD/vit-features/train/normal/commercial_normal_less/000000053659_all__5.npy,Normal
Pistachio/VAD/vit-features/train/normal/indoor_normal_more/000000307769_all__0.npy,Normal
Pistachio/VAD/vit-features/train/normal/infrastructure_normal_more/000000093924_all__3.npy,Normal
Pistachio/VAD/vit-features/train/normal/industrial_normal_more/000000548642_all__1.npy,Normal
Pistachio/VAD/vit-features/train/normal/indoor_normal_less/000000242356_all__2.npy,Normal
Pistachio/VAD/vit-features/train/anomaly/industrial_anomaly_more/equipment_breakdown/000000292261_all__6.npy,equipment_breakdown
Pistachio/VAD/vit-features/train/normal/industrial_normal_less/hd685_all__2.npy,Normal
Pistachio/VAD/vit-features/train/normal/indoor_normal_less/000000058025_all__8.npy,Normal
Pistachio/VAD/vit-features/train/normal/commercial_normal_less/000000050928_all__2.npy,Normal
Pistachio/VAD/vit-features/train/normal/industrial_normal_more/hd376_all__4.npy,Normal
Pistachio/VAD/vit-features/train/normal/infrastructure_normal_less/000000222202_all__9.npy,Normal
Pistachio/VAD/vit-features/train/normal/outdoor_normal_less/000000017784_all__9.npy,Normal
Pistachio/VAD/vit-features/train/normal/industrial_normal_more/hd281_all__0.npy,Normal
Pistachio/VAD/vit-features/train/normal/industrial_normal_less/hd304_all__9.npy,Normal
Pistachio/VAD/vit-features/train/normal/infrastructure_normal_less/6NHL06YK2UV5_all__4.npy,Normal
Pistachio/VAD/vit-features/train/anomaly/infrastructure_anomaly_more/equipment_breakdown/000000057512_all__1.npy,equipment_breakdown
Pistachio/VAD/vit-features/train/normal/industrial_normal_less/hd539_all__7.npy,Normal
Pistachio/VAD/vit-features/train/normal/infrastructure_normal_less/n57_jpg.rf.78cd7926f2528ba754bd721baa07fe42_all__9.npy,Normal
Pistachio/VAD/vit-features/train/normal/industrial_normal_more/000000284537_all__4.npy,Normal
Pistachio/VAD/vit-features/train/anomaly/industrial_anomaly_less/equipment_breakdown/hd348_all__1.npy,equipment_breakdown
Pistachio/VAD/vit-features/train/normal/indoor_normal_less/000000044529_all__6.npy,Normal
Pistachio/VAD/vit-features/train/normal/commercial_normal_less/000000360003_all__2.npy,Normal
Pistachio/VAD/vit-features/train/normal/infrastructure_normal_more/000000176844_all__5.npy,Normal
Pistachio/VAD/vit-features/train/normal/infrastructure_normal_less/000000513674_all__2.npy,Normal
Pistachio/VAD/vit-features/train/anomaly/infrastructure_anomaly_less/equipment_breakdown/000000168496_all__4.npy,equipment_breakdown
Pistachio/VAD/vit-features/train/normal/road_normal_less/000000050022_all__6.npy,Normal
Pistachio/VAD/vit-features/train/normal/industrial_normal_less/hd211_all__7.npy,Normal
Pistachio/VAD/vit-features/train/normal/industrial_normal_less/hd545_all__1.npy,Normal
Pistachio/VAD/vit-features/train/anomaly/industrial_anomaly_less/equipment_breakdown/hd583_all__2.npy,equipment_breakdown
Pistachio/VAD/vit-features/train/anomaly/industrial_anomaly_less/equipment_breakdown/hd550_all__5.npy,equipment_breakdown
Pistachio/VAD/vit-features/train/normal/indoor_normal_less/000000210965_all__9.npy,Normal
Pistachio/VAD/vit-features/train/normal/outdoor_normal_less/000000016650_all__7.npy,Normal
Pistachio/VAD/vit-features/train/normal/infrastructure_normal_less/000000505466_all__6.npy,Normal
Pistachio/VAD/vit-features/train/normal/road_normal_less/000000037792_all__3.npy,Normal
Pistachio/VAD/vit-features/train/normal/road_normal_less/000000052515_all__2.npy,Normal
Pistachio/VAD/vit-features/train/anomaly/infrastructure_anomaly_more/equipment_breakdown/000000057826_all__6.npy,equipment_breakdown
Pistachio/VAD/vit-features/train/normal/commercial_normal_less/000000035662_all__6.npy,Normal
Pistachio/VAD/vit-features/train/normal/indoor_normal_less/000000077736_all__2.npy,Normal
Pistachio/VAD/vit-features/train/anomaly/infrastructure_anomaly_less/equipment_breakdown/000000057826_all__7.npy,equipment_breakdown
Pistachio/VAD/vit-features/train/normal/commercial_normal_less/000000078722_all__3.npy,Normal
Pistachio/VAD/vit-features/train/normal/infrastructure_normal_less/000000256770_all__4.npy,Normal
Pistachio/VAD/vit-features/train/anomaly/infrastructure_anomaly_less/equipment_breakdown/000000060195_all__2.npy,equipment_breakdown
Pistachio/VAD/vit-features/train/normal/indoor_normal_less/000000137239_all__4.npy,Normal
Pistachio/VAD/vit-features/train/normal/road_normal_less/000000032690_all__9.npy,Normal
Pistachio/VAD/vit-features/train/normal/road_normal_less/000000027218_all__2.npy,Normal
Pistachio/VAD/vit-features/train/normal/infrastructure_normal_more/000000368911_all__6.npy,Normal
Pistachio/VAD/vit-features/train/anomaly/infrastructure_anomaly_more/equipment_breakdown/000000205576_all__9.npy,equipment_breakdown
Pistachio/VAD/vit-features/train/normal/infrastructure_normal_less/DWAHWZ1GP0QO_all__9.npy,Normal
Pistachio/VAD/vit-features/train/normal/indoor_normal_less/000000236110_all__3.npy,Normal
Pistachio/VAD/vit-features/train/normal/road_normal_less/000000023468_all__6.npy,Normal
Pistachio/VAD/vit-features/train/normal/indoor_normal_less/000000026291_all__5.npy,Normal
Pistachio/VAD/vit-features/train/anomaly/infrastructure_anomaly_less/equipment_breakdown/000000168496_all__2.npy,equipment_breakdown
Pistachio/VAD/vit-features/train/anomaly/infrastructure_anomaly_more/equipment_breakdown/000000057826_all__4.npy,equipment_breakdown
Pistachio/VAD/vit-features/train/anomaly/industrial_anomaly_more/equipment_breakdown/000000360272_all__6.npy,equipment_breakdown
Pistachio/VAD/vit-features/train/normal/commercial_normal_less/000000083486_all__2.npy,Normal
Pistachio/VAD/vit-features/train/normal/indoor_normal_less/000000082563_all__2.npy,Normal
Pistachio/VAD/vit-features/train/normal/commercial_normal_less/000000360003_all__5.npy,Normal
Pistachio/VAD/vit-features/train/anomaly/industrial_anomaly_less/equipment_breakdown/hd545_all__8.npy,equipment_breakdown
Pistachio/VAD/vit-features/train/normal/infrastructure_normal_less/QMZE7J83ICOE_all__9.npy,Normal
Pistachio/VAD/vit-features/train/normal/industrial_normal_less/hd363_all__1.npy,Normal
Pistachio/VAD/vit-features/train/normal/outdoor_normal_less/000000577689_all__2.npy,Normal
Pistachio/VAD/vit-features/train/normal/industrial_normal_more/000000183326_all__0.npy,Normal
Pistachio/VAD/vit-features/train/normal/outdoor_normal_more/000000296160_all__5.npy,Normal
Pistachio/VAD/vit-features/train/anomaly/infrastructure_anomaly_less/equipment_breakdown/000000044442_all__4.npy,equipment_breakdown
Pistachio/VAD/vit-features/train/normal/indoor_normal_less/000000142195_all__0.npy,Normal
Pistachio/VAD/vit-features/train/normal/infrastructure_normal_less/377VSO14TOQT_all__2.npy,Normal
Pistachio/VAD/vit-features/train/normal/indoor_normal_less/000000018906_all__6.npy,Normal
Pistachio/VAD/vit-features/train/normal/indoor_normal_more/000000325403_all__7.npy,Normal
Pistachio/VAD/vit-features/train/normal/industrial_normal_more/000000017575_all__3.npy,Normal
Pistachio/VAD/vit-features/train/anomaly/infrastructure_anomaly_less/equipment_breakdown/000000205576_all__1.npy,equipment_breakdown
Pistachio/VAD/vit-features/train/normal/outdoor_normal_more/000000139832_all__2.npy,Normal
Pistachio/VAD/vit-features/train/normal/outdoor_normal_less/000000017557_all__9.npy,Normal
Pistachio/VAD/vit-features/train/normal/commercial_normal_less/000000083786_all__8.npy,Normal
Pistachio/VAD/vit-features/train/anomaly/industrial_anomaly_more/equipment_breakdown/000000271995_all__7.npy,equipment_breakdown
Pistachio/VAD/vit-features/train/normal/industrial_normal_less/hd695_all__3.npy,Normal
Pistachio/VAD/vit-features/train/normal/industrial_normal_more/000000240103_all__7.npy,Normal
Pistachio/VAD/vit-features/train/normal/road_normal_more/000000127879_all__5.npy,Normal
Pistachio/VAD/vit-features/train/anomaly/infrastructure_anomaly_less/equipment_breakdown/000000040644_all__4.npy,equipment_breakdown
Pistachio/VAD/vit-features/train/normal/industrial_normal_more/hd458_all__1.npy,Normal
Pistachio/VAD/vit-features/train/normal/infrastructure_normal_less/0IOSJSDOX5VR_all__2.npy,Normal
Pistachio/VAD/vit-features/train/normal/road_normal_less/000000036538_all__1.npy,Normal
Pistachio/VAD/vit-features/train/normal/outdoor_normal_less/000000017548_all__8.npy,Normal
Pistachio/VAD/vit-features/train/anomaly/infrastructure_anomaly_less/equipment_breakdown/000000040644_all__8.npy,equipment_breakdown
Pistachio/VAD/vit-features/train/normal/commercial_normal_less/000000064459_all__1.npy,Normal
Pistachio/VAD/vit-features/train/normal/road_normal_less/000000046363_all__1.npy,Normal
Pistachio/VAD/vit-features/train/anomaly/infrastructure_anomaly_less/equipment_breakdown/000000049176_all__2.npy,equipment_breakdown
Pistachio/VAD/vit-features/train/normal/commercial_normal_less/000000358670_all__1.npy,Normal
Pistachio/VAD/vit-features/train/anomaly/industrial_anomaly_less/equipment_breakdown/hd246_all__3.npy,equipment_breakdown
Pistachio/VAD/vit-features/train/normal/commercial_normal_less/000000030111_all__6.npy,Normal
Pistachio/VAD/vit-features/train/normal/indoor_normal_less/000000058729_all__1.npy,Normal
Pistachio/VAD/vit-features/train/normal/road_normal_less/000000041000_all__8.npy,Normal
Pistachio/VAD/vit-features/train/anomaly/industrial_anomaly_less/equipment_breakdown/hd545_all__6.npy,equipment_breakdown
Pistachio/VAD/vit-features/train/normal/infrastructure_normal_more/000000436832_all__3.npy,Normal
Pistachio/VAD/vit-features/train/normal/commercial_normal_less/000000045457_all__0.npy,Normal
Pistachio/VAD/vit-features/train/normal/infrastructure_normal_less/V7EXKQ29VW99_all__7.npy,Normal
Pistachio/VAD/vit-features/train/anomaly/infrastructure_anomaly_less/equipment_breakdown/000000205576_all__2.npy,equipment_breakdown
Pistachio/VAD/vit-features/train/anomaly/industrial_anomaly_less/equipment_breakdown/hd12_all__5.npy,equipment_breakdown
Pistachio/VAD/vit-features/train/normal/infrastructure_normal_less/KFJRVPNRLE1V_all__0.npy,Normal
Pistachio/VAD/vit-features/train/normal/industrial_normal_less/hd185_all__1.npy,Normal
Pistachio/VAD/vit-features/train/anomaly/industrial_anomaly_more/equipment_breakdown/000000360272_all__0.npy,equipment_breakdown
Pistachio/VAD/vit-features/train/normal/indoor_normal_less/000000234067_all__0.npy,Normal
Pistachio/VAD/vit-features/train/anomaly/infrastructure_anomaly_more/equipment_breakdown/000000057512_all__3.npy,equipment_breakdown
Pistachio/VAD/vit-features/train/anomaly/industrial_anomaly_less/equipment_breakdown/hd542_all__2.npy,equipment_breakdown
Pistachio/VAD/vit-features/train/normal/indoor_normal_less/000000058154_all__6.npy,Normal
Pistachio/VAD/vit-features/train/normal/infrastructure_normal_less/000000101291_all__1.npy,Normal
Pistachio/VAD/vit-features/train/normal/road_normal_less/000000024941_all__7.npy,Normal
Pistachio/VAD/vit-features/train/normal/indoor_normal_less/000000221099_all__6.npy,Normal
Pistachio/VAD/vit-features/train/normal/outdoor_normal_less/000000021239_all__1.npy,Normal
Pistachio/VAD/vit-features/train/normal/indoor_normal_less/000000203757_all__1.npy,Normal
Pistachio/VAD/vit-features/train/normal/indoor_normal_less/000000080778_all__3.npy,Normal
Pistachio/VAD/vit-features/train/anomaly/industrial_anomaly_less/equipment_breakdown/hd573_all__6.npy,equipment_breakdown
Pistachio/VAD/vit-features/train/normal/indoor_normal_less/000000053230_all__4.npy,Normal
Pistachio/VAD/vit-features/train/anomaly/industrial_anomaly_less/equipment_breakdown/hd348_all__8.npy,equipment_breakdown
Pistachio/VAD/vit-features/train/normal/outdoor_normal_more/000000057826_all__3.npy,Normal
Pistachio/VAD/vit-features/train/anomaly/infrastructure_anomaly_more/equipment_breakdown/000000168496_all__1.npy,equipment_breakdown
Pistachio/VAD/vit-features/train/normal/commercial_normal_less/000000031200_all__2.npy,Normal
Pistachio/VAD/vit-features/train/normal/commercial_normal_more/000000273221_all__9.npy,Normal
Pistachio/VAD/vit-features/train/normal/commercial_normal_less/000000075238_all__9.npy,Normal
Pistachio/VAD/vit-features/train/normal/indoor_normal_less/000000214645_all__5.npy,Normal
Pistachio/VAD/vit-features/train/normal/industrial_normal_less/hd817_all__2.npy,Normal
Pistachio/VAD/vit-features/train/normal/road_normal_less/000000016035_all__4.npy,Normal
Pistachio/VAD/vit-features/train/normal/industrial_normal_less/hd684_all__9.npy,Normal
Pistachio/VAD/vit-features/train/normal/road_normal_less/000000023468_all__9.npy,Normal
Pistachio/VAD/vit-features/train/normal/indoor_normal_less/000000150031_all__9.npy,Normal
Pistachio/VAD/vit-features/train/normal/road_normal_less/000000018948_all__1.npy,Normal
Pistachio/VAD/vit-features/train/normal/indoor_normal_less/000000205271_all__1.npy,Normal
Pistachio/VAD/vit-features/train/normal/infrastructure_normal_less/segnali-stradali-poster-didattico-indicazioni-ms52pl_jpg.rf.4adff320c0696df607be093f7df9443e_all__9.npy,Normal
Pistachio/VAD/vit-features/train/anomaly/industrial_anomaly_less/equipment_breakdown/hd583_all__3.npy,equipment_breakdown
Pistachio/VAD/vit-features/train/normal/industrial_normal_less/hd218_all__4.npy,Normal
Pistachio/VAD/vit-features/train/anomaly/industrial_anomaly_less/equipment_breakdown/hd575_all__5.npy,equipment_breakdown
Pistachio/VAD/vit-features/train/anomaly/infrastructure_anomaly_less/equipment_breakdown/000000187562_all__3.npy,equipment_breakdown
Pistachio/VAD/vit-features/train/normal/indoor_normal_less/000000052699_all__2.npy,Normal
Pistachio/VAD/vit-features/train/normal/road_normal_less/000000025766_all__3.npy,Normal
Pistachio/VAD/vit-features/train/normal/infrastructure_normal_less/10FLK0NU7YAY_all__7.npy,Normal
Pistachio/VAD/vit-features/train/normal/indoor_normal_less/000000042719_all__8.npy,Normal
Pistachio/VAD/vit-features/train/anomaly/infrastructure_anomaly_less/equipment_breakdown/000000187562_all__4.npy,equipment_breakdown
Pistachio/VAD/vit-features/train/normal/indoor_normal_more/000000342053_all__9.npy,Normal
Pistachio/VAD/vit-features/train/normal/industrial_normal_less/hd519_all__5.npy,Normal
Pistachio/VAD/vit-features/train/normal/road_normal_less/000000034809_all__9.npy,Normal
Pistachio/VAD/vit-features/train/normal/infrastructure_normal_less/000000120539_all__9.npy,Normal
Pistachio/VAD/vit-features/train/normal/commercial_normal_less/000000030833_all__5.npy,Normal
Pistachio/VAD/vit-features/train/anomaly/industrial_anomaly_less/equipment_breakdown/hd246_all__0.npy,equipment_breakdown
Pistachio/VAD/vit-features/train/anomaly/industrial_anomaly_more/equipment_breakdown/000000412192_all__9.npy,equipment_breakdown
Pistachio/VAD/vit-features/train/normal/commercial_normal_more/000000136794_all__1.npy,Normal
Pistachio/VAD/vit-features/train/normal/infrastructure_normal_less/757_jpg.rf.ae2ad1789fc07550a2493063055100d2_all__5.npy,Normal
Pistachio/VAD/vit-features/train/normal/infrastructure_normal_more/000000561440_all__7.npy,Normal
Pistachio/VAD/vit-features/train/normal/infrastructure_normal_less/000000484611_all__4.npy,Normal
Pistachio/VAD/vit-features/train/anomaly/industrial_anomaly_less/equipment_breakdown/hd542_all__3.npy,equipment_breakdown
Pistachio/VAD/vit-features/train/anomaly/infrastructure_anomaly_less/equipment_breakdown/000000057512_all__2.npy,equipment_breakdown
Pistachio/VAD/vit-features/train/normal/commercial_normal_less/000000070031_all__8.npy,Normal
Pistachio/VAD/vit-features/train/normal/road_normal_less/000000020793_all__3.npy,Normal
Pistachio/VAD/vit-features/train/normal/road_normal_less/000000031856_all__5.npy,Normal
Pistachio/VAD/vit-features/train/normal/indoor_normal_less/000000042555_all__3.npy,Normal
Pistachio/VAD/vit-features/train/normal/industrial_normal_less/000000505249_all__9.npy,Normal
Pistachio/VAD/vit-features/train/normal/commercial_normal_less/000000083425_all__4.npy,Normal
Pistachio/VAD/vit-features/train/normal/commercial_normal_less/000000083991_all__1.npy,Normal
Pistachio/VAD/vit-features/train/anomaly/industrial_anomaly_less/equipment_breakdown/hd575_all__4.npy,equipment_breakdown
Pistachio/VAD/vit-features/train/normal/outdoor_normal_less/000000023324_all__2.npy,Normal
Pistachio/VAD/vit-features/train/normal/outdoor_normal_less/000000011626_all__2.npy,Normal
Pistachio/VAD/vit-features/train/normal/commercial_normal_less/000000037946_all__3.npy,Normal
Pistachio/VAD/vit-features/train/normal/infrastructure_normal_less/000000545599_all__8.npy,Normal
Pistachio/VAD/vit-features/train/normal/infrastructure_normal_more/000000145445_all__0.npy,Normal
Pistachio/VAD/vit-features/train/normal/commercial_normal_less/000000030425_all__8.npy,Normal
Pistachio/VAD/vit-features/train/normal/indoor_normal_less/000000205051_all__0.npy,Normal
Pistachio/VAD/vit-features/train/normal/indoor_normal_less/000000055885_all__3.npy,Normal
Pistachio/VAD/vit-features/train/normal/indoor_normal_more/000000310352_all__0.npy,Normal
Pistachio/VAD/vit-features/train/normal/indoor_normal_less/000000084543_all__9.npy,Normal
Pistachio/VAD/vit-features/train/normal/indoor_normal_less/000000219171_all__9.npy,Normal
Pistachio/VAD/vit-features/train/normal/road_normal_less/000000047119_all__3.npy,Normal
Pistachio/VAD/vit-features/train/normal/infrastructure_normal_more/000000229029_all__5.npy,Normal
Pistachio/VAD/vit-features/train/normal/road_normal_less/000000022247_all__7.npy,Normal
Pistachio/VAD/vit-features/train/normal/industrial_normal_more/000000356497_all__7.npy,Normal
Pistachio/VAD/vit-features/train/anomaly/industrial_anomaly_more/equipment_breakdown/000000271995_all__0.npy,equipment_breakdown
Pistachio/VAD/vit-features/train/normal/commercial_normal_less/000000076048_all__7.npy,Normal
Pistachio/VAD/vit-features/train/normal/commercial_normal_less/000000086382_all__1.npy,Normal
Pistachio/VAD/vit-features/train/normal/industrial_normal_less/hd677_all__6.npy,Normal
Pistachio/VAD/vit-features/train/normal/indoor_normal_less/000000205179_all__2.npy,Normal
Pistachio/VAD/vit-features/train/normal/outdoor_normal_more/000000040644_all__4.npy,Normal
Pistachio/VAD/vit-features/train/anomaly/infrastructure_anomaly_less/equipment_breakdown/000000057512_all__1.npy,equipment_breakdown
Pistachio/VAD/vit-features/train/normal/infrastructure_normal_more/000000243635_all__0.npy,Normal
Pistachio/VAD/vit-features/train/normal/industrial_normal_less/hd860_all__6.npy,Normal
Pistachio/VAD/vit-features/train/normal/indoor_normal_less/000000019910_all__4.npy,Normal
Pistachio/VAD/vit-features/train/normal/indoor_normal_less/000000219171_all__7.npy,Normal
Pistachio/VAD/vit-features/train/normal/infrastructure_normal_less/n64_jpg.rf.2be95a7c94451e774a96fa1608167aae_all__9.npy,Normal
Pistachio/VAD/vit-features/train/normal/commercial_normal_more/000000138058_all__2.npy,Normal
Pistachio/VAD/vit-features/train/normal/industrial_normal_less/hd120_all__3.npy,Normal
Pistachio/VAD/vit-features/train/normal/industrial_normal_less/hd262_all__4.npy,Normal
Pistachio/VAD/vit-features/train/normal/outdoor_normal_less/000000024472_all__7.npy,Normal
Pistachio/VAD/vit-features/train/normal/infrastructure_normal_less/710_jpg.rf.2217d1c996ce3057143f615ba7568be6_all__2.npy,Normal
Pistachio/VAD/vit-features/train/anomaly/industrial_anomaly_less/equipment_breakdown/hd583_all__0.npy,equipment_breakdown
Pistachio/VAD/vit-features/train/normal/infrastructure_normal_less/000000033026_all__4.npy,Normal
Pistachio/VAD/vit-features/train/anomaly/infrastructure_anomaly_more/equipment_breakdown/000000205576_all__4.npy,equipment_breakdown
Pistachio/VAD/vit-features/train/normal/industrial_normal_more/hd932_all__9.npy,Normal
Pistachio/VAD/vit-features/train/normal/infrastructure_normal_more/000000463985_all__5.npy,Normal
Pistachio/VAD/vit-features/train/normal/outdoor_normal_more/000000124942_all__0.npy,Normal
Pistachio/VAD/vit-features/train/anomaly/industrial_anomaly_more/equipment_breakdown/000000412192_all__5.npy,equipment_breakdown
Pistachio/VAD/vit-features/train/normal/road_normal_more/000000126031_all__4.npy,Normal
Pistachio/VAD/vit-features/train/normal/outdoor_normal_less/000000021722_all__0.npy,Normal
Pistachio/VAD/vit-features/train/anomaly/industrial_anomaly_less/equipment_breakdown/hd569_all__8.npy,equipment_breakdown
Pistachio/VAD/vit-features/train/anomaly/infrastructure_anomaly_more/equipment_breakdown/000000168496_all__4.npy,equipment_breakdown
Pistachio/VAD/vit-features/train/anomaly/industrial_anomaly_less/equipment_breakdown/hd575_all__7.npy,equipment_breakdown
Pistachio/VAD/vit-features/train/normal/indoor_normal_less/000000212418_all__1.npy,Normal
Pistachio/VAD/vit-features/train/anomaly/industrial_anomaly_more/equipment_breakdown/000000012035_all__2.npy,equipment_breakdown
Pistachio/VAD/vit-features/train/anomaly/industrial_anomaly_less/equipment_breakdown/hd583_all__9.npy,equipment_breakdown
Pistachio/VAD/vit-features/train/normal/commercial_normal_less/000000039218_all__8.npy,Normal
Pistachio/VAD/vit-features/train/normal/infrastructure_normal_less/segnali-stradali-poster-didattico-indicazioni-ms52pl_jpg.rf.4adff320c0696df607be093f7df9443e_all__0.npy,Normal
Pistachio/VAD/vit-features/train/normal/indoor_normal_more/000000336456_all__0.npy,Normal
Pistachio/VAD/vit-features/train/anomaly/infrastructure_anomaly_less/equipment_breakdown/000000057826_all__1.npy,equipment_breakdown
Pistachio/VAD/vit-features/train/anomaly/infrastructure_anomaly_more/equipment_breakdown/000000057826_all__1.npy,equipment_breakdown
Pistachio/VAD/vit-features/train/normal/infrastructure_normal_more/000000255939_all__3.npy,Normal
Pistachio/VAD/vit-features/train/normal/infrastructure_normal_less/ROZK8OFARL5V_all__3.npy,Normal
Pistachio/VAD/vit-features/train/normal/indoor_normal_less/000000137340_all__8.npy,Normal
Pistachio/VAD/vit-features/train/anomaly/infrastructure_anomaly_less/equipment_breakdown/000000204873_all__1.npy,equipment_breakdown
Pistachio/VAD/vit-features/train/anomaly/infrastructure_anomaly_more/equipment_breakdown/000000057826_all__2.npy,equipment_breakdown
Pistachio/VAD/vit-features/train/normal/road_normal_less/000000027462_all__4.npy,Normal
Pistachio/VAD/vit-features/train/normal/road_normal_less/000000048059_all__9.npy,Normal
Pistachio/VAD/vit-features/train/normal/infrastructure_normal_less/BRSWF8BM9E3E_all__3.npy,Normal
Pistachio/VAD/vit-features/train/normal/infrastructure_normal_less/KGJO2TONM9DX_all__4.npy,Normal
Pistachio/VAD/vit-features/train/normal/indoor_normal_more/000000336815_all__4.npy,Normal
Pistachio/VAD/vit-features/train/normal/infrastructure_normal_less/8XAT6SNII5DT_all__2.npy,Normal
Pistachio/VAD/vit-features/train/normal/outdoor_normal_less/000000015845_all__9.npy,Normal
Pistachio/VAD/vit-features/train/normal/infrastructure_normal_less/000000509284_all__2.npy,Normal
Pistachio/VAD/vit-features/train/normal/commercial_normal_less/000000039850_all__3.npy,Normal
Pistachio/VAD/vit-features/train/normal/indoor_normal_less/000000229410_all__4.npy,Normal
Pistachio/VAD/vit-features/train/normal/outdoor_normal_less/hd561_all__5.npy,Normal
Pistachio/VAD/vit-features/train/normal/industrial_normal_less/hd706_all__0.npy,Normal
Pistachio/VAD/vit-features/train/normal/road_normal_more/000000128540_all__8.npy,Normal
Pistachio/VAD/vit-features/train/normal/industrial_normal_less/hd361_all__6.npy,Normal
Pistachio/VAD/vit-features/train/normal/industrial_normal_less/hd274_all__2.npy,Normal
Pistachio/VAD/vit-features/train/anomaly/industrial_anomaly_less/equipment_breakdown/hd542_all__9.npy,equipment_breakdown
Pistachio/VAD/vit-features/train/normal/industrial_normal_more/hd014_all__6.npy,Normal
Pistachio/VAD/vit-features/train/normal/industrial_normal_less/hd729_all__4.npy,Normal
Pistachio/VAD/vit-features/train/normal/infrastructure_normal_less/000000561440_all__5.npy,Normal
Pistachio/VAD/vit-features/train/normal/infrastructure_normal_more/000000240066_all__5.npy,Normal
Pistachio/VAD/vit-features/train/normal/commercial_normal_less/000000054263_all__5.npy,Normal
Pistachio/VAD/vit-features/train/normal/indoor_normal_less/000000231336_all__1.npy,Normal
Pistachio/VAD/vit-features/train/normal/industrial_normal_less/hd734_all__2.npy,Normal
Pistachio/VAD/vit-features/train/normal/infrastructure_normal_more/000000255939_all__6.npy,Normal
Pistachio/VAD/vit-features/train/normal/industrial_normal_more/000000019389_all__7.npy,Normal
Pistachio/VAD/vit-features/train/normal/indoor_normal_less/000000059583_all__4.npy,Normal
Pistachio/VAD/vit-features/train/normal/road_normal_less/000000026824_all__8.npy,Normal
Pistachio/VAD/vit-features/train/normal/infrastructure_normal_more/000000096686_all__2.npy,Normal
Pistachio/VAD/vit-features/train/normal/infrastructure_normal_more/000000524185_all__5.npy,Normal
Pistachio/VAD/vit-features/train/normal/commercial_normal_less/000000039719_all__3.npy,Normal
Pistachio/VAD/vit-features/train/normal/industrial_normal_more/000000465151_all__7.npy,Normal
Pistachio/VAD/vit-features/train/normal/commercial_normal_more/000000129354_all__8.npy,Normal
Pistachio/VAD/vit-features/train/normal/outdoor_normal_less/000000010111_all__6.npy,Normal
Pistachio/VAD/vit-features/train/anomaly/infrastructure_anomaly_less/equipment_breakdown/000000204873_all__4.npy,equipment_breakdown
Pistachio/VAD/vit-features/train/anomaly/infrastructure_anomaly_more/equipment_breakdown/000000057826_all__9.npy,equipment_breakdown
Pistachio/VAD/vit-features/train/normal/road_normal_less/000000048758_all__1.npy,Normal
Pistachio/VAD/vit-features/train/anomaly/infrastructure_anomaly_more/equipment_breakdown/000000057512_all__5.npy,equipment_breakdown
Pistachio/VAD/vit-features/train/normal/road_normal_less/000000026714_all__6.npy,Normal
Pistachio/VAD/vit-features/train/anomaly/industrial_anomaly_more/equipment_breakdown/000000360272_all__4.npy,equipment_breakdown
Pistachio/VAD/vit-features/train/anomaly/infrastructure_anomaly_more/equipment_breakdown/000000168496_all__0.npy,equipment_breakdown
Pistachio/VAD/vit-features/train/normal/road_normal_less/000000039845_all__0.npy,Normal
Pistachio/VAD/vit-features/train/normal/commercial_normal_more/000000134230_all__2.npy,Normal
Pistachio/VAD/vit-features/train/normal/industrial_normal_less/hd478_all__2.npy,Normal
Pistachio/VAD/vit-features/train/normal/commercial_normal_less/000000272996_all__7.npy,Normal
Pistachio/VAD/vit-features/train/anomaly/infrastructure_anomaly_less/equipment_breakdown/000000204873_all__6.npy,equipment_breakdown
Pistachio/VAD/vit-features/train/normal/infrastructure_normal_less/LLVNLKJ5M2ME_all__4.npy,Normal
Pistachio/VAD/vit-features/train/normal/outdoor_normal_less/000000030323_all__3.npy,Normal
Pistachio/VAD/vit-features/train/anomaly/industrial_anomaly_less/equipment_breakdown/hd573_all__9.npy,equipment_breakdown
Pistachio/VAD/vit-features/train/normal/infrastructure_normal_less/000000262464_all__6.npy,Normal
Pistachio/VAD/vit-features/train/normal/road_normal_less/000000037435_all__0.npy,Normal
Pistachio/VAD/vit-features/train/anomaly/infrastructure_anomaly_more/equipment_breakdown/000000049176_all__2.npy,equipment_breakdown
Pistachio/VAD/vit-features/train/normal/indoor_normal_less/000000071153_all__3.npy,Normal
Pistachio/VAD/vit-features/train/anomaly/infrastructure_anomaly_more/equipment_breakdown/000000049176_all__5.npy,equipment_breakdown
Pistachio/VAD/vit-features/train/anomaly/infrastructure_anomaly_less/equipment_breakdown/000000040644_all__3.npy,equipment_breakdown
Pistachio/VAD/vit-features/train/normal/road_normal_more/000000126752_all__3.npy,Normal
Pistachio/VAD/vit-features/train/normal/outdoor_normal_more/000000060652_all__0.npy,Normal
Pistachio/VAD/vit-features/train/anomaly/industrial_anomaly_less/equipment_breakdown/hd12_all__6.npy,equipment_breakdown
Pistachio/VAD/vit-features/train/normal/outdoor_normal_less/3YOYVUJAGCFJ_all__7.npy,Normal
Pistachio/VAD/vit-features/train/anomaly/infrastructure_anomaly_less/equipment_breakdown/000000187562_all__7.npy,equipment_breakdown
Pistachio/VAD/vit-features/train/normal/indoor_normal_less/000000082707_all__6.npy,Normal
Pistachio/VAD/vit-features/train/anomaly/industrial_anomaly_less/equipment_breakdown/hd544_all__9.npy,equipment_breakdown
Pistachio/VAD/vit-features/train/normal/outdoor_normal_less/B0YHKYV1YJ8Y_all__5.npy,Normal
Pistachio/VAD/vit-features/train/normal/outdoor_normal_less/000000008916_all__6.npy,Normal
Pistachio/VAD/vit-features/train/normal/outdoor_normal_less/000000007895_all__4.npy,Normal
Pistachio/VAD/vit-features/train/normal/industrial_normal_less/hd255_all__4.npy,Normal
Pistachio/VAD/vit-features/train/normal/indoor_normal_less/000000137649_all__4.npy,Normal
Pistachio/VAD/vit-features/train/normal/infrastructure_normal_less/801_jpg.rf.f362497be91cb2c38106a3cf17986e8e_all__0.npy,Normal
Pistachio/VAD/vit-features/train/anomaly/industrial_anomaly_less/equipment_breakdown/hd545_all__0.npy,equipment_breakdown
Pistachio/VAD/vit-features/train/anomaly/infrastructure_anomaly_less/equipment_breakdown/000000205576_all__6.npy,equipment_breakdown
Pistachio/VAD/vit-features/train/normal/outdoor_normal_less/hd6631_all__7.npy,Normal
Pistachio/VAD/vit-features/train/normal/road_normal_more/000000138926_all__6.npy,Normal
Pistachio/VAD/vit-features/train/normal/road_normal_more/000000130359_all__3.npy,Normal
Pistachio/VAD/vit-features/train/normal/road_normal_less/000000026923_all__0.npy,Normal
Pistachio/VAD/vit-features/train/anomaly/infrastructure_anomaly_less/equipment_breakdown/000000057826_all__3.npy,equipment_breakdown
Pistachio/VAD/vit-features/train/anomaly/industrial_anomaly_less/equipment_breakdown/hd553_all__5.npy,equipment_breakdown
Pistachio/VAD/vit-features/train/normal/commercial_normal_less/000000082717_all__7.npy,Normal
Pistachio/VAD/vit-features/train/normal/infrastructure_normal_less/000000018286_all__6.npy,Normal
Pistachio/VAD/vit-features/train/normal/indoor_normal_less/000000137649_all__8.npy,Normal
Pistachio/VAD/vit-features/train/normal/outdoor_normal_less/000000009181_all__1.npy,Normal
Pistachio/VAD/vit-features/train/normal/indoor_normal_less/000000060398_all__5.npy,Normal
Pistachio/VAD/vit-features/train/normal/outdoor_normal_less/000000010636_all__5.npy,Normal
Pistachio/VAD/vit-features/train/anomaly/infrastructure_anomaly_less/equipment_breakdown/000000040644_all__1.npy,equipment_breakdown
Pistachio/VAD/vit-features/train/normal/commercial_normal_more/000000129239_all__5.npy,Normal
Pistachio/VAD/vit-features/train/normal/indoor_normal_less/000000212418_all__7.npy,Normal
Pistachio/VAD/vit-features/train/normal/indoor_normal_less/000000082707_all__0.npy,Normal
Pistachio/VAD/vit-features/train/normal/road_normal_less/000000041151_all__5.npy,Normal
Pistachio/VAD/vit-features/train/normal/commercial_normal_more/000000126875_all__7.npy,Normal
Pistachio/VAD/vit-features/train/anomaly/industrial_anomaly_less/equipment_breakdown/hd553_all__2.npy,equipment_breakdown
Pistachio/VAD/vit-features/train/normal/commercial_normal_more/000000133198_all__5.npy,Normal
Pistachio/VAD/vit-features/train/normal/road_normal_less/000000049224_all__3.npy,Normal
Pistachio/VAD/vit-features/train/normal/industrial_normal_more/000000259780_all__6.npy,Normal
Pistachio/VAD/vit-features/train/anomaly/infrastructure_anomaly_less/equipment_breakdown/000000040644_all__5.npy,equipment_breakdown
Pistachio/VAD/vit-features/train/anomaly/industrial_anomaly_more/equipment_breakdown/000000292261_all__8.npy,equipment_breakdown
Pistachio/VAD/vit-features/train/normal/infrastructure_normal_less/PW6NZJ5QFQTO_all__3.npy,Normal
Pistachio/VAD/vit-features/train/normal/road_normal_less/000000042838_all__5.npy,Normal
Pistachio/VAD/vit-features/train/normal/infrastructure_normal_less/000000517354_all__0.npy,Normal
Pistachio/VAD/vit-features/train/normal/indoor_normal_more/000000325726_all__9.npy,Normal
Pistachio/VAD/vit-features/train/normal/outdoor_normal_less/000000016498_all__8.npy,Normal
Pistachio/VAD/vit-features/train/normal/commercial_normal_more/000000133524_all__7.npy,Normal
Pistachio/VAD/vit-features/train/normal/infrastructure_normal_less/716_jpg.rf.51a947229f37b07f228ed3ad7267b57b_all__0.npy,Normal
Pistachio/VAD/vit-features/train/normal/indoor_normal_less/000000025416_all__5.npy,Normal
Pistachio/VAD/vit-features/train/normal/outdoor_normal_less/000000024303_all__2.npy,Normal
Pistachio/VAD/vit-features/train/anomaly/infrastructure_anomaly_less/equipment_breakdown/000000044442_all__8.npy,equipment_breakdown
Pistachio/VAD/vit-features/train/normal/industrial_normal_less/hd737_all__8.npy,Normal
Pistachio/VAD/vit-features/train/normal/commercial_normal_more/000000128266_all__5.npy,Normal
Pistachio/VAD/vit-features/train/normal/infrastructure_normal_less/000000006923_all__5.npy,Normal
Pistachio/VAD/vit-features/train/normal/road_normal_less/000000033237_all__8.npy,Normal
Pistachio/VAD/vit-features/train/normal/outdoor_normal_more/000000297433_all__3.npy,Normal
Pistachio/VAD/vit-features/train/normal/infrastructure_normal_less/4LZJD1TCL3I5_all__8.npy,Normal
Pistachio/VAD/vit-features/train/normal/industrial_normal_less/hd515_all__7.npy,Normal
Pistachio/VAD/vit-features/train/normal/road_normal_more/000000133297_all__7.npy,Normal
Pistachio/VAD/vit-features/train/anomaly/infrastructure_anomaly_less/equipment_breakdown/000000057826_all__8.npy,equipment_breakdown
Pistachio/VAD/vit-features/train/normal/industrial_normal_less/hd838_all__1.npy,Normal
Pistachio/VAD/vit-features/train/normal/indoor_normal_less/000000039658_all__4.npy,Normal
Pistachio/VAD/vit-features/train/normal/outdoor_normal_more/000000179843_all__8.npy,Normal
Pistachio/VAD/vit-features/train/normal/infrastructure_normal_more/000000311825_all__2.npy,Normal
Pistachio/VAD/vit-features/train/anomaly/industrial_anomaly_less/equipment_breakdown/hd013_all__8.npy,equipment_breakdown
Pistachio/VAD/vit-features/train/normal/indoor_normal_less/000000031516_all__6.npy,Normal
Pistachio/VAD/vit-features/train/normal/road_normal_less/000000048779_all__6.npy,Normal
Pistachio/VAD/vit-features/train/normal/commercial_normal_less/000000062290_all__8.npy,Normal
Pistachio/VAD/vit-features/train/normal/commercial_normal_less/000000082193_all__6.npy,Normal
Pistachio/VAD/vit-features/train/anomaly/industrial_anomaly_less/equipment_breakdown/hd348_all__5.npy,equipment_breakdown
Pistachio/VAD/vit-features/train/normal/road_normal_more/000000125589_all__6.npy,Normal
Pistachio/VAD/vit-features/train/anomaly/infrastructure_anomaly_less/equipment_breakdown/000000168496_all__1.npy,equipment_breakdown
Pistachio/VAD/vit-features/train/anomaly/industrial_anomaly_less/equipment_breakdown/hd541_all__1.npy,equipment_breakdown
Pistachio/VAD/vit-features/train/normal/commercial_normal_less/000000051665_all__3.npy,Normal
Pistachio/VAD/vit-features/train/normal/road_normal_less/000000046493_all__1.npy,Normal
Pistachio/VAD/vit-features/train/normal/commercial_normal_less/000000285277_all__2.npy,Normal
Pistachio/VAD/vit-features/train/anomaly/industrial_anomaly_less/equipment_breakdown/hd541_all__5.npy,equipment_breakdown
Pistachio/VAD/vit-features/train/normal/outdoor_normal_less/hd529_all__5.npy,Normal
Pistachio/VAD/vit-features/train/normal/road_normal_less/000000035824_all__3.npy,Normal
Pistachio/VAD/vit-features/train/normal/road_normal_more/000000131479_all__0.npy,Normal
Pistachio/VAD/vit-features/train/normal/commercial_normal_less/000000266201_all__1.npy,Normal
Pistachio/VAD/vit-features/train/normal/infrastructure_normal_less/000000388535_all__3.npy,Normal
Pistachio/VAD/vit-features/train/normal/indoor_normal_less/000000066496_all__3.npy,Normal
Pistachio/VAD/vit-features/train/normal/road_normal_less/000000011898_all__8.npy,Normal
Pistachio/VAD/vit-features/train/anomaly/industrial_anomaly_less/equipment_breakdown/hd013_all__9.npy,equipment_breakdown
Pistachio/VAD/vit-features/train/normal/road_normal_less/000000024359_all__2.npy,Normal
Pistachio/VAD/vit-features/train/anomaly/industrial_anomaly_more/equipment_breakdown/000000271995_all__3.npy,equipment_breakdown
Pistachio/VAD/vit-features/train/anomaly/infrastructure_anomaly_less/equipment_breakdown/000000040644_all__2.npy,equipment_breakdown
Pistachio/VAD/vit-features/train/anomaly/infrastructure_anomaly_more/equipment_breakdown/000000205576_all__5.npy,equipment_breakdown
Pistachio/VAD/vit-features/train/anomaly/industrial_anomaly_more/equipment_breakdown/000000012035_all__1.npy,equipment_breakdown
Pistachio/VAD/vit-features/train/normal/infrastructure_normal_more/000000204873_all__9.npy,Normal
Pistachio/VAD/vit-features/train/normal/infrastructure_normal_less/712_jpg.rf.999ab0b5c920f57019af24ae885cd027_all__9.npy,Normal
Pistachio/VAD/vit-features/train/anomaly/industrial_anomaly_less/equipment_breakdown/hd348_all__6.npy,equipment_breakdown
Pistachio/VAD/vit-features/train/normal/commercial_normal_less/000000365399_all__2.npy,Normal
Pistachio/VAD/vit-features/train/normal/outdoor_normal_less/hd572_all__6.npy,Normal
Pistachio/VAD/vit-features/train/normal/indoor_normal_less/000000245715_all__7.npy,Normal
Pistachio/VAD/vit-features/train/normal/road_normal_less/000000013664_all__9.npy,Normal
Pistachio/VAD/vit-features/train/normal/commercial_normal_less/000000364998_all__2.npy,Normal
Pistachio/VAD/vit-features/train/normal/outdoor_normal_less/000000020290_all__4.npy,Normal
Pistachio/VAD/vit-features/train/normal/infrastructure_normal_more/000000392361_all__7.npy,Normal
Pistachio/VAD/vit-features/train/normal/commercial_normal_more/000000131707_all__9.npy,Normal
Pistachio/VAD/vit-features/train/normal/outdoor_normal_less/000000082707_all__0.npy,Normal
Pistachio/VAD/vit-features/train/normal/road_normal_less/000000043538_all__5.npy,Normal
Pistachio/VAD/vit-features/train/normal/indoor_normal_less/000000052567_all__6.npy,Normal
Pistachio/VAD/vit-features/train/normal/road_normal_less/000000017037_all__1.npy,Normal
Pistachio/VAD/vit-features/train/normal/industrial_normal_less/hd638_all__0.npy,Normal
Pistachio/VAD/vit-features/train/normal/commercial_normal_less/000000040159_all__0.npy,Normal
Pistachio/VAD/vit-features/train/normal/indoor_normal_less/000000037930_all__7.npy,Normal
Pistachio/VAD/vit-features/train/normal/outdoor_normal_less/hd489_all__4.npy,Normal
Pistachio/VAD/vit-features/train/normal/commercial_normal_more/000000135720_all__8.npy,Normal
Pistachio/VAD/vit-features/train/anomaly/infrastructure_anomaly_less/equipment_breakdown/000000057826_all__9.npy,equipment_breakdown
Pistachio/VAD/vit-features/train/normal/outdoor_normal_less/000000247558_all__5.npy,Normal
Pistachio/VAD/vit-features/train/normal/indoor_normal_less/000000139257_all__2.npy,Normal
Pistachio/VAD/vit-features/train/anomaly/infrastructure_anomaly_less/equipment_breakdown/000000044442_all__1.npy,equipment_breakdown
Pistachio/VAD/vit-features/train/normal/outdoor_normal_more/000000138495_all__7.npy,Normal
Pistachio/VAD/vit-features/train/normal/infrastructure_normal_less/C5H64L430FGQ_all__0.npy,Normal
Pistachio/VAD/vit-features/train/anomaly/infrastructure_anomaly_less/equipment_breakdown/000000057512_all__4.npy,equipment_breakdown
Pistachio/VAD/vit-features/train/normal/industrial_normal_less/hd187_all__9.npy,Normal
Pistachio/VAD/vit-features/train/normal/commercial_normal_more/000000126560_all__8.npy,Normal
Pistachio/VAD/vit-features/train/normal/road_normal_less/000000024676_all__4.npy,Normal
Pistachio/VAD/vit-features/train/normal/industrial_normal_more/000000345723_all__2.npy,Normal
Pistachio/VAD/vit-features/train/anomaly/industrial_anomaly_more/equipment_breakdown/000000412192_all__8.npy,equipment_breakdown
Pistachio/VAD/vit-features/train/normal/infrastructure_normal_more/000000233134_all__5.npy,Normal
Pistachio/VAD/vit-features/train/normal/road_normal_more/000000133116_all__3.npy,Normal
Pistachio/VAD/vit-features/train/normal/indoor_normal_less/000000036706_all__4.npy,Normal
Pistachio/VAD/vit-features/train/normal/commercial_normal_more/000000135350_all__5.npy,Normal
Pistachio/VAD/vit-features/train/normal/infrastructure_normal_less/000000546103_all__2.npy,Normal
Pistachio/VAD/vit-features/train/normal/outdoor_normal_more/000000138495_all__8.npy,Normal
Pistachio/VAD/vit-features/train/normal/infrastructure_normal_less/3BEVQ8E12Z6L_all__3.npy,Normal
Pistachio/VAD/vit-features/train/normal/infrastructure_normal_less/719_jpg.rf.bd28b241428f5c727b4ef65890b0bd05_all__2.npy,Normal
Pistachio/VAD/vit-features/train/normal/outdoor_normal_more/000000183278_all__0.npy,Normal
Pistachio/VAD/vit-features/train/normal/infrastructure_normal_less/nl0_jpg.rf.ccb3ee18cbd4cab07563318055e04b98_all__7.npy,Normal
Pistachio/VAD/vit-features/train/anomaly/infrastructure_anomaly_less/equipment_breakdown/000000040644_all__9.npy,equipment_breakdown
Pistachio/VAD/vit-features/train/anomaly/industrial_anomaly_less/equipment_breakdown/hd12_all__3.npy,equipment_breakdown
Pistachio/VAD/vit-features/train/anomaly/industrial_anomaly_more/equipment_breakdown/000000292261_all__3.npy,equipment_breakdown
Pistachio/VAD/vit-features/train/anomaly/industrial_anomaly_less/equipment_breakdown/hd553_all__7.npy,equipment_breakdown
Pistachio/VAD/vit-features/train/normal/industrial_normal_less/hd10_all__5.npy,Normal
Pistachio/VAD/vit-features/train/anomaly/industrial_anomaly_less/equipment_breakdown/hd542_all__8.npy,equipment_breakdown
Pistachio/VAD/vit-features/train/normal/industrial_normal_less/hd624_all__2.npy,Normal
Pistachio/VAD/vit-features/train/anomaly/industrial_anomaly_more/equipment_breakdown/000000360272_all__8.npy,equipment_breakdown
Pistachio/VAD/vit-features/train/normal/commercial_normal_less/000000358670_all__8.npy,Normal
Pistachio/VAD/vit-features/train/normal/road_normal_less/000000042676_all__8.npy,Normal
Pistachio/VAD/vit-features/train/anomaly/infrastructure_anomaly_more/equipment_breakdown/000000205576_all__6.npy,equipment_breakdown
Pistachio/VAD/vit-features/train/normal/outdoor_normal_less/4_jpg.rf.21e219a11c54a918cdf109b486ade97f_all__7.npy,Normal
Pistachio/VAD/vit-features/train/anomaly/industrial_anomaly_less/equipment_breakdown/hd246_all__8.npy,equipment_breakdown
Pistachio/VAD/vit-features/train/normal/outdoor_normal_less/hd554_all__7.npy,Normal
Pistachio/VAD/vit-features/train/anomaly/industrial_anomaly_less/equipment_breakdown/hd550_all__1.npy,equipment_breakdown
Pistachio/VAD/vit-features/train/normal/indoor_normal_less/000000235572_all__3.npy,Normal
Pistachio/VAD/vit-features/train/anomaly/industrial_anomaly_more/equipment_breakdown/000000412192_all__6.npy,equipment_breakdown
Pistachio/VAD/vit-features/train/normal/outdoor_normal_less/000000010771_all__4.npy,Normal
Pistachio/VAD/vit-features/train/normal/indoor_normal_more/000000321520_all__4.npy,Normal
Pistachio/VAD/vit-features/train/normal/indoor_normal_less/000000137346_all__5.npy,Normal
Pistachio/VAD/vit-features/train/normal/indoor_normal_less/000000203950_all__8.npy,Normal
Pistachio/VAD/vit-features/train/normal/road_normal_less/000000050630_all__6.npy,Normal
Pistachio/VAD/vit-features/train/anomaly/infrastructure_anomaly_less/equipment_breakdown/000000040644_all__0.npy,equipment_breakdown
Pistachio/VAD/vit-features/train/normal/infrastructure_normal_less/KMGV870FERHR_all__7.npy,Normal
Pistachio/VAD/vit-features/train/normal/indoor_normal_less/000000047069_all__0.npy,Normal
Pistachio/VAD/vit-features/train/anomaly/industrial_anomaly_less/equipment_breakdown/hd541_all__2.npy,equipment_breakdown
Pistachio/VAD/vit-features/train/normal/commercial_normal_more/000000124942_all__7.npy,Normal
Pistachio/VAD/vit-features/train/normal/infrastructure_normal_less/224_jpg.rf.2e637c3ae6d4b1bf6ca08890ea86abef_all__5.npy,Normal
Pistachio/VAD/vit-features/train/normal/infrastructure_normal_less/rect9_jpg.rf.7c989799156155ae176c983b61872799_all__1.npy,Normal
Pistachio/VAD/vit-features/train/anomaly/infrastructure_anomaly_less/equipment_breakdown/000000205576_all__3.npy,equipment_breakdown
Pistachio/VAD/vit-features/train/normal/industrial_normal_less/hd690_all__8.npy,Normal
Pistachio/VAD/vit-features/train/normal/infrastructure_normal_more/000000513413_all__6.npy,Normal
Pistachio/VAD/vit-features/train/normal/industrial_normal_less/hd519_all__0.npy,Normal
Pistachio/VAD/vit-features/train/normal/indoor_normal_less/000000017074_all__5.npy,Normal
Pistachio/VAD/vit-features/train/normal/industrial_normal_more/000000392540_all__5.npy,Normal
Pistachio/VAD/vit-features/train/normal/outdoor_normal_less/000000010616_all__8.npy,Normal
Pistachio/VAD/vit-features/train/normal/commercial_normal_more/000000134422_all__1.npy,Normal
Pistachio/VAD/vit-features/train/normal/commercial_normal_less/000000083991_all__2.npy,Normal
Pistachio/VAD/vit-features/train/anomaly/industrial_anomaly_more/equipment_breakdown/000000012035_all__3.npy,equipment_breakdown
Pistachio/VAD/vit-features/train/normal/infrastructure_normal_less/VQ4K4MGRDRZW_all__2.npy,Normal
Pistachio/VAD/vit-features/train/normal/industrial_normal_less/hd676_all__0.npy,Normal
Pistachio/VAD/vit-features/train/normal/commercial_normal_more/000000133600_all__8.npy,Normal
Pistachio/VAD/vit-features/train/normal/commercial_normal_less/000000084180_all__3.npy,Normal
Pistachio/VAD/vit-features/train/anomaly/industrial_anomaly_less/equipment_breakdown/hd550_all__4.npy,equipment_breakdown
Pistachio/VAD/vit-features/train/anomaly/industrial_anomaly_less/equipment_breakdown/hd542_all__5.npy,equipment_breakdown
Pistachio/VAD/vit-features/train/normal/infrastructure_normal_less/39KQ539K72JW_all__0.npy,Normal
Pistachio/VAD/vit-features/train/normal/indoor_normal_more/000000320583_all__8.npy,Normal
Pistachio/VAD/vit-features/train/anomaly/industrial_anomaly_less/equipment_breakdown/hd575_all__3.npy,equipment_breakdown
Pistachio/VAD/vit-features/train/anomaly/industrial_anomaly_less/equipment_breakdown/hd569_all__7.npy,equipment_breakdown
Pistachio/VAD/vit-features/train/normal/infrastructure_normal_more/000000437046_all__3.npy,Normal
Pistachio/VAD/vit-features/train/normal/indoor_normal_less/000000018906_all__4.npy,Normal
Pistachio/VAD/vit-features/train/normal/outdoor_normal_less/bv65_jpg.rf.f5941399adcbccea3a1334ddc9e1c860_all__3.npy,Normal
Pistachio/VAD/vit-features/train/normal/commercial_normal_more/000000128540_all__1.npy,Normal
Pistachio/VAD/vit-features/train/anomaly/industrial_anomaly_more/equipment_breakdown/000000360272_all__7.npy,equipment_breakdown
Pistachio/VAD/vit-features/train/normal/outdoor_normal_less/hd488_all__9.npy,Normal
Pistachio/VAD/vit-features/train/normal/indoor_normal_less/000000031109_all__8.npy,Normal
Pistachio/VAD/vit-features/train/normal/road_normal_less/000000043471_all__4.npy,Normal
Pistachio/VAD/vit-features/train/anomaly/industrial_anomaly_less/equipment_breakdown/hd12_all__8.npy,equipment_breakdown
Pistachio/VAD/vit-features/train/normal/infrastructure_normal_less/st2_jpg.rf.e8fd9c25452453fd07d19e613e65d630_all__0.npy,Normal
Pistachio/VAD/vit-features/train/anomaly/industrial_anomaly_less/equipment_breakdown/hd544_all__4.npy,equipment_breakdown
Pistachio/VAD/vit-features/train/anomaly/industrial_anomaly_less/equipment_breakdown/hd553_all__4.npy,equipment_breakdown
Pistachio/VAD/vit-features/train/anomaly/infrastructure_anomaly_more/equipment_breakdown/000000057512_all__0.npy,equipment_breakdown
Pistachio/VAD/vit-features/train/anomaly/infrastructure_anomaly_less/equipment_breakdown/000000060195_all__0.npy,equipment_breakdown
Pistachio/VAD/vit-features/train/normal/indoor_normal_less/000000137791_all__0.npy,Normal
Pistachio/VAD/vit-features/train/normal/indoor_normal_less/000000231336_all__2.npy,Normal
Pistachio/VAD/vit-features/train/normal/road_normal_more/000000127487_all__8.npy,Normal
Pistachio/VAD/vit-features/train/anomaly/industrial_anomaly_less/equipment_breakdown/hd575_all__6.npy,equipment_breakdown
Pistachio/VAD/vit-features/train/normal/infrastructure_normal_less/XVGACQ79YEYP_all__2.npy,Normal
Pistachio/VAD/vit-features/train/normal/infrastructure_normal_less/B0H2DO0STSH9_all__3.npy,Normal
Pistachio/VAD/vit-features/train/normal/infrastructure_normal_less/000000255939_all__7.npy,Normal
Pistachio/VAD/vit-features/train/normal/infrastructure_normal_less/216_jpg.rf.8f04e635736e88bf3459e8dd56c6516d_all__7.npy,Normal
Pistachio/VAD/vit-features/train/normal/road_normal_more/000000514967_all__6.npy,Normal
Pistachio/VAD/vit-features/train/normal/outdoor_normal_less/BBPS8UU5DC5D_all__1.npy,Normal
Pistachio/VAD/vit-features/train/anomaly/industrial_anomaly_less/equipment_breakdown/hd246_all__9.npy,equipment_breakdown
Pistachio/VAD/vit-features/train/anomaly/industrial_anomaly_less/equipment_breakdown/hd550_all__2.npy,equipment_breakdown
Pistachio/VAD/vit-features/train/anomaly/industrial_anomaly_less/equipment_breakdown/hd013_all__0.npy,equipment_breakdown
Pistachio/VAD/vit-features/train/normal/indoor_normal_more/000000315809_all__0.npy,Normal
Pistachio/VAD/vit-features/train/normal/outdoor_normal_less/hd784_all__5.npy,Normal
Pistachio/VAD/vit-features/train/normal/infrastructure_normal_less/n18_jpg.rf.baa08ce29e882f687bfd2d8e47978689_all__8.npy,Normal
Pistachio/VAD/vit-features/train/anomaly/industrial_anomaly_less/equipment_breakdown/hd550_all__7.npy,equipment_breakdown
Pistachio/VAD/vit-features/train/normal/infrastructure_normal_less/19_jpg.rf.a34610bc474c8e709e9976864eaaf4c4_all__0.npy,Normal
Pistachio/VAD/vit-features/train/normal/industrial_normal_less/hd554_all__9.npy,Normal
Pistachio/VAD/vit-features/train/normal/infrastructure_normal_less/mk3_jpg.rf.770d1d8f1827b7400a2b2a922dbc146a_all__9.npy,Normal
Pistachio/VAD/vit-features/train/normal/outdoor_normal_more/000000177111_all__4.npy,Normal
Pistachio/VAD/vit-features/train/normal/outdoor_normal_less/000000014977_all__8.npy,Normal
Pistachio/VAD/vit-features/train/normal/commercial_normal_more/000000127062_all__7.npy,Normal
Pistachio/VAD/vit-features/train/normal/indoor_normal_less/000000154076_all__5.npy,Normal
Pistachio/VAD/vit-features/train/normal/indoor_normal_less/000000021771_all__3.npy,Normal
Pistachio/VAD/vit-features/train/anomaly/infrastructure_anomaly_less/equipment_breakdown/000000204873_all__3.npy,equipment_breakdown
Pistachio/VAD/vit-features/train/normal/infrastructure_normal_less/000000513674_all__9.npy,Normal
Pistachio/VAD/vit-features/train/anomaly/infrastructure_anomaly_less/equipment_breakdown/000000168496_all__5.npy,equipment_breakdown
Pistachio/VAD/vit-features/train/normal/road_normal_less/000000013181_all__0.npy,Normal
Pistachio/VAD/vit-features/train/normal/infrastructure_normal_less/000000017041_all__5.npy,Normal
Pistachio/VAD/vit-features/train/normal/indoor_normal_less/000000136341_all__3.npy,Normal
Pistachio/VAD/vit-features/train/normal/commercial_normal_less/000000042379_all__6.npy,Normal
Pistachio/VAD/vit-features/train/anomaly/infrastructure_anomaly_less/equipment_breakdown/000000049176_all__4.npy,equipment_breakdown
Pistachio/VAD/vit-features/train/normal/outdoor_normal_less/hd597_all__8.npy,Normal
Pistachio/VAD/vit-features/train/anomaly/infrastructure_anomaly_less/equipment_breakdown/000000060195_all__9.npy,equipment_breakdown
Pistachio/VAD/vit-features/train/normal/infrastructure_normal_less/805_jpg.rf.51253a124f83536436544f4a002805a3_all__3.npy,Normal
Pistachio/VAD/vit-features/train/normal/indoor_normal_less/000000054070_all__2.npy,Normal
Pistachio/VAD/vit-features/train/anomaly/industrial_anomaly_less/equipment_breakdown/hd348_all__9.npy,equipment_breakdown
Pistachio/VAD/vit-features/train/normal/indoor_normal_less/000000079542_all__4.npy,Normal
Pistachio/VAD/vit-features/train/normal/outdoor_normal_less/000000007561_all__4.npy,Normal
Pistachio/VAD/vit-features/train/normal/infrastructure_normal_more/000000242456_all__2.npy,Normal
Pistachio/VAD/vit-features/train/anomaly/infrastructure_anomaly_less/equipment_breakdown/000000187562_all__8.npy,equipment_breakdown
Pistachio/VAD/vit-features/train/anomaly/infrastructure_anomaly_less/equipment_breakdown/000000044442_all__7.npy,equipment_breakdown
Pistachio/VAD/vit-features/train/normal/infrastructure_normal_less/n74_jpeg.rf.bd9a6521d9d25a72d3e63870eefb33f5_all__1.npy,Normal
Pistachio/VAD/vit-features/train/normal/commercial_normal_less/000000062424_all__9.npy,Normal
Pistachio/VAD/vit-features/train/normal/indoor_normal_less/000000024816_all__1.npy,Normal
Pistachio/VAD/vit-features/train/anomaly/infrastructure_anomaly_more/equipment_breakdown/000000057512_all__2.npy,equipment_breakdown
Pistachio/VAD/vit-features/train/normal/indoor_normal_less/000000214321_all__3.npy,Normal
Pistachio/VAD/vit-features/train/normal/outdoor_normal_less/hd492_all__2.npy,Normal
Pistachio/VAD/vit-features/train/anomaly/industrial_anomaly_less/equipment_breakdown/hd544_all__8.npy,equipment_breakdown
Pistachio/VAD/vit-features/train/normal/infrastructure_normal_less/000000011864_all__3.npy,Normal
Pistachio/VAD/vit-features/train/normal/outdoor_normal_less/000000576504_all__8.npy,Normal
Pistachio/VAD/vit-features/train/anomaly/industrial_anomaly_less/equipment_breakdown/hd541_all__8.npy,equipment_breakdown
Pistachio/VAD/vit-features/train/normal/indoor_normal_less/000000028268_all__3.npy,Normal
Pistachio/VAD/vit-features/train/normal/infrastructure_normal_less/bv48_jpg.rf.98ac940d303b146dce29bd245768b756_all__0.npy,Normal
Pistachio/VAD/vit-features/train/anomaly/infrastructure_anomaly_less/equipment_breakdown/000000187562_all__5.npy,equipment_breakdown
Pistachio/VAD/vit-features/train/anomaly/industrial_anomaly_more/equipment_breakdown/000000292261_all__4.npy,equipment_breakdown
Pistachio/VAD/vit-features/train/anomaly/industrial_anomaly_less/equipment_breakdown/hd575_all__0.npy,equipment_breakdown
Pistachio/VAD/vit-features/train/anomaly/industrial_anomaly_less/equipment_breakdown/hd544_all__7.npy,equipment_breakdown
Pistachio/VAD/vit-features/train/normal/indoor_normal_less/000000235572_all__6.npy,Normal
Pistachio/VAD/vit-features/train/anomaly/infrastructure_anomaly_more/equipment_breakdown/000000057826_all__7.npy,equipment_breakdown
Pistachio/VAD/vit-features/train/anomaly/industrial_anomaly_less/equipment_breakdown/hd013_all__1.npy,equipment_breakdown
Pistachio/VAD/vit-features/train/anomaly/infrastructure_anomaly_less/equipment_breakdown/000000168496_all__9.npy,equipment_breakdown
Pistachio/VAD/vit-features/train/normal/infrastructure_normal_less/000000341249_all__2.npy,Normal
Pistachio/VAD/vit-features/train/normal/indoor_normal_less/000000058025_all__3.npy,Normal
Pistachio/VAD/vit-features/train/anomaly/industrial_anomaly_less/equipment_breakdown/hd542_all__7.npy,equipment_breakdown
Pistachio/VAD/vit-features/train/anomaly/infrastructure_anomaly_less/equipment_breakdown/000000057826_all__0.npy,equipment_breakdown
Pistachio/VAD/vit-features/train/anomaly/industrial_anomaly_less/equipment_breakdown/hd013_all__3.npy,equipment_breakdown
Pistachio/VAD/vit-features/train/anomaly/infrastructure_anomaly_more/equipment_breakdown/000000168496_all__9.npy,equipment_breakdown
Pistachio/VAD/vit-features/train/normal/indoor_normal_less/000000237694_all__7.npy,Normal
Pistachio/VAD/vit-features/train/normal/industrial_normal_less/hd528_all__2.npy,Normal
Pistachio/VAD/vit-features/train/normal/indoor_normal_less/000000092864_all__6.npy,Normal
Pistachio/VAD/vit-features/train/normal/industrial_normal_less/hd732_all__7.npy,Normal
Pistachio/VAD/vit-features/train/normal/outdoor_normal_less/000000025108_all__9.npy,Normal
Pistachio/VAD/vit-features/train/anomaly/infrastructure_anomaly_less/equipment_breakdown/000000057512_all__9.npy,equipment_breakdown
Pistachio/VAD/vit-features/train/normal/indoor_normal_less/000000215369_all__7.npy,Normal
Pistachio/VAD/vit-features/train/anomaly/industrial_anomaly_more/equipment_breakdown/000000292261_all__2.npy,equipment_breakdown
Pistachio/VAD/vit-features/train/normal/commercial_normal_less/000000045263_all__0.npy,Normal
Pistachio/VAD/vit-features/train/normal/road_normal_less/000000050630_all__4.npy,Normal
Pistachio/VAD/vit-features/train/normal/road_normal_less/000000027462_all__7.npy,Normal
Pistachio/VAD/vit-features/train/anomaly/industrial_anomaly_less/equipment_breakdown/hd544_all__0.npy,equipment_breakdown
Pistachio/VAD/vit-features/train/normal/road_normal_less/000000021655_all__6.npy,Normal
Pistachio/VAD/vit-features/train/normal/road_normal_less/000000012287_all__5.npy,Normal
Pistachio/VAD/vit-features/train/normal/commercial_normal_less/000000046645_all__4.npy,Normal
Pistachio/VAD/vit-features/train/anomaly/infrastructure_anomaly_less/equipment_breakdown/000000044442_all__9.npy,equipment_breakdown
Pistachio/VAD/vit-features/train/normal/commercial_normal_less/000000067081_all__7.npy,Normal
Pistachio/VAD/vit-features/train/normal/industrial_normal_less/hd210_all__9.npy,Normal
Pistachio/VAD/vit-features/train/normal/indoor_normal_more/000000341392_all__8.npy,Normal
Pistachio/VAD/vit-features/train/normal/road_normal_less/000000025787_all__8.npy,Normal
Pistachio/VAD/vit-features/train/normal/outdoor_normal_less/000000017620_all__8.npy,Normal
Pistachio/VAD/vit-features/train/normal/indoor_normal_less/000000018556_all__2.npy,Normal
Pistachio/VAD/vit-features/train/normal/road_normal_less/000000051635_all__1.npy,Normal
Pistachio/VAD/vit-features/train/normal/outdoor_normal_less/hd608_all__7.npy,Normal
Pistachio/VAD/vit-features/train/anomaly/industrial_anomaly_less/equipment_breakdown/hd544_all__6.npy,equipment_breakdown
Pistachio/VAD/vit-features/train/normal/commercial_normal_more/000000125808_all__0.npy,Normal
Pistachio/VAD/vit-features/train/anomaly/infrastructure_anomaly_more/equipment_breakdown/000000057512_all__8.npy,equipment_breakdown
Pistachio/VAD/vit-features/train/normal/infrastructure_normal_less/mk7_jpg.rf.e9c3be2603478d2d03fa2d3405eb9715_all__7.npy,Normal
Pistachio/VAD/vit-features/train/normal/indoor_normal_less/000000026291_all__9.npy,Normal
Pistachio/VAD/vit-features/train/anomaly/infrastructure_anomaly_less/equipment_breakdown/000000204873_all__2.npy,equipment_breakdown
Pistachio/VAD/vit-features/train/anomaly/infrastructure_anomaly_less/equipment_breakdown/000000060195_all__6.npy,equipment_breakdown
Pistachio/VAD/vit-features/train/normal/infrastructure_normal_more/000000191932_all__5.npy,Normal
Pistachio/VAD/vit-features/train/normal/commercial_normal_less/000000029849_all__2.npy,Normal
Pistachio/VAD/vit-features/train/normal/outdoor_normal_less/rect35_jpg.rf.a73cddf30040990cd6ca7eb7c4c22010_all__5.npy,Normal
Pistachio/VAD/vit-features/train/normal/indoor_normal_more/000000336803_all__5.npy,Normal
Pistachio/VAD/vit-features/train/normal/road_normal_less/000000050792_all__2.npy,Normal
Pistachio/VAD/vit-features/train/normal/indoor_normal_less/000000220378_all__1.npy,Normal
Pistachio/VAD/vit-features/train/normal/industrial_normal_less/hd291_all__1.npy,Normal
Pistachio/VAD/vit-features/train/normal/indoor_normal_less/000000214521_all__8.npy,Normal
Pistachio/VAD/vit-features/train/normal/industrial_normal_less/hd544_all__1.npy,Normal
Pistachio/VAD/vit-features/train/normal/commercial_normal_less/000000083425_all__5.npy,Normal
Pistachio/VAD/vit-features/train/anomaly/infrastructure_anomaly_less/equipment_breakdown/000000187562_all__6.npy,equipment_breakdown
Pistachio/VAD/vit-features/train/normal/commercial_normal_less/000000037034_all__3.npy,Normal
Pistachio/VAD/vit-features/train/normal/road_normal_less/000000036044_all__2.npy,Normal
Pistachio/VAD/vit-features/train/normal/industrial_normal_less/hd794_all__3.npy,Normal
Pistachio/VAD/vit-features/train/normal/outdoor_normal_less/hd501_all__4.npy,Normal
Pistachio/VAD/vit-features/train/anomaly/infrastructure_anomaly_less/equipment_breakdown/000000044442_all__5.npy,equipment_breakdown
Pistachio/VAD/vit-features/train/normal/indoor_normal_less/000000137346_all__4.npy,Normal
Pistachio/VAD/vit-features/train/normal/commercial_normal_less/000000041495_all__9.npy,Normal
Pistachio/VAD/vit-features/train/normal/indoor_normal_more/000000324881_all__8.npy,Normal
Pistachio/VAD/vit-features/train/normal/industrial_normal_less/000000465151_all__5.npy,Normal
Pistachio/VAD/vit-features/train/normal/industrial_normal_less/hd797_all__8.npy,Normal
Pistachio/VAD/vit-features/train/normal/indoor_normal_less/000000058274_all__3.npy,Normal
Pistachio/VAD/vit-features/train/normal/indoor_normal_less/000000231510_all__6.npy,Normal
Pistachio/VAD/vit-features/train/normal/commercial_normal_more/000000135848_all__7.npy,Normal
Pistachio/VAD/vit-features/train/normal/road_normal_less/000000012000_all__4.npy,Normal
Pistachio/VAD/vit-features/train/anomaly/industrial_anomaly_more/equipment_breakdown/000000012035_all__9.npy,equipment_breakdown
Pistachio/VAD/vit-features/train/normal/indoor_normal_more/000000303118_all__6.npy,Normal
Pistachio/VAD/vit-features/train/anomaly/industrial_anomaly_less/equipment_breakdown/hd550_all__6.npy,equipment_breakdown
Pistachio/VAD/vit-features/train/normal/industrial_normal_less/hd616_all__5.npy,Normal
Pistachio/VAD/vit-features/train/normal/indoor_normal_more/000000315489_all__5.npy,Normal
Pistachio/VAD/vit-features/train/normal/road_normal_less/000000013049_all__1.npy,Normal
Pistachio/VAD/vit-features/train/anomaly/infrastructure_anomaly_less/equipment_breakdown/000000049176_all__9.npy,equipment_breakdown
Pistachio/VAD/vit-features/train/normal/road_normal_less/000000018204_all__9.npy,Normal
Pistachio/VAD/vit-features/train/normal/infrastructure_normal_less/bv88_jpg.rf.4412560442d63a707d81ff2b296e8453_all__1.npy,Normal
Pistachio/VAD/vit-features/train/normal/industrial_normal_less/hd691_all__4.npy,Normal
Pistachio/VAD/vit-features/train/normal/commercial_normal_less/000000038312_all__2.npy,Normal
Pistachio/VAD/vit-features/train/anomaly/infrastructure_anomaly_less/equipment_breakdown/000000057826_all__5.npy,equipment_breakdown
Pistachio/VAD/vit-features/train/normal/outdoor_normal_less/000000017548_all__3.npy,Normal
Pistachio/VAD/vit-features/train/normal/infrastructure_normal_less/XVGACQ79YEYP_all__7.npy,Normal
Pistachio/VAD/vit-features/train/normal/indoor_normal_less/000000049067_all__3.npy,Normal
Pistachio/VAD/vit-features/train/anomaly/industrial_anomaly_less/equipment_breakdown/hd541_all__7.npy,equipment_breakdown
Pistachio/VAD/vit-features/train/normal/outdoor_normal_less/2KB4JGSLFRI7_all__5.npy,Normal
Pistachio/VAD/vit-features/train/normal/outdoor_normal_less/1GRW0WTGTUCZ_all__8.npy,Normal
Pistachio/VAD/vit-features/train/normal/outdoor_normal_more/000000010550_all__7.npy,Normal
Pistachio/VAD/vit-features/train/normal/infrastructure_normal_less/000000258504_all__0.npy,Normal
Pistachio/VAD/vit-features/train/normal/infrastructure_normal_less/000000019445_all__5.npy,Normal
Pistachio/VAD/vit-features/train/anomaly/industrial_anomaly_more/equipment_breakdown/000000271995_all__8.npy,equipment_breakdown
Pistachio/VAD/vit-features/train/normal/commercial_normal_less/000000356003_all__7.npy,Normal
Pistachio/VAD/vit-features/train/anomaly/industrial_anomaly_less/equipment_breakdown/hd550_all__8.npy,equipment_breakdown
Pistachio/VAD/vit-features/train/normal/industrial_normal_less/hd851_all__8.npy,Normal
Pistachio/VAD/vit-features/train/anomaly/industrial_anomaly_less/equipment_breakdown/hd246_all__1.npy,equipment_breakdown
Pistachio/VAD/vit-features/train/anomaly/industrial_anomaly_less/equipment_breakdown/hd348_all__3.npy,equipment_breakdown
Pistachio/VAD/vit-features/train/normal/outdoor_normal_less/hd6671_all__7.npy,Normal
Pistachio/VAD/vit-features/train/normal/indoor_normal_less/000000223542_all__4.npy,Normal
Pistachio/VAD/vit-features/train/normal/infrastructure_normal_less/n71_jpeg.rf.c8265d2b9baaf1f6157a73a03b52f155_all__9.npy,Normal
Pistachio/VAD/vit-features/train/normal/infrastructure_normal_less/st14_jpg.rf.782a28917b2481bab23bc14271880203_all__9.npy,Normal
Pistachio/VAD/vit-features/train/normal/indoor_normal_less/000000092864_all__5.npy,Normal
Pistachio/VAD/vit-features/train/normal/infrastructure_normal_less/PW6NZJ5QFQTO_all__0.npy,Normal
Pistachio/VAD/vit-features/train/normal/indoor_normal_less/000000057875_all__2.npy,Normal
Pistachio/VAD/vit-features/train/normal/commercial_normal_less/000000066777_all__9.npy,Normal
Pistachio/VAD/vit-features/train/normal/infrastructure_normal_less/bv71_jpg.rf.ad1db7f40cc23e4cea4ebc86274cadb6_all__6.npy,Normal
Pistachio/VAD/vit-features/train/anomaly/industrial_anomaly_less/equipment_breakdown/hd569_all__5.npy,equipment_breakdown
Pistachio/VAD/vit-features/train/anomaly/infrastructure_anomaly_less/equipment_breakdown/000000057826_all__2.npy,equipment_breakdown
Pistachio/VAD/vit-features/train/normal/indoor_normal_less/000000222109_all__5.npy,Normal
Pistachio/VAD/vit-features/train/normal/commercial_normal_more/000000126068_all__3.npy,Normal
Pistachio/VAD/vit-features/train/normal/commercial_normal_less/000000049538_all__2.npy,Normal
Pistachio/VAD/vit-features/train/normal/industrial_normal_more/hd376_all__9.npy,Normal
Pistachio/VAD/vit-features/train/anomaly/infrastructure_anomaly_less/equipment_breakdown/000000044442_all__0.npy,equipment_breakdown
Pistachio/VAD/vit-features/train/normal/commercial_normal_more/000000129467_all__7.npy,Normal
Pistachio/VAD/vit-features/train/anomaly/industrial_anomaly_more/equipment_breakdown/000000012035_all__5.npy,equipment_breakdown
Pistachio/VAD/vit-features/train/normal/indoor_normal_less/000000045742_all__8.npy,Normal
Pistachio/VAD/vit-features/train/normal/road_normal_more/000000130669_all__3.npy,Normal
Pistachio/VAD/vit-features/train/anomaly/industrial_anomaly_more/equipment_breakdown/000000012035_all__8.npy,equipment_breakdown
Pistachio/VAD/vit-features/train/normal/infrastructure_normal_more/000000443217_all__4.npy,Normal
Pistachio/VAD/vit-features/train/normal/indoor_normal_less/000000082563_all__9.npy,Normal
Pistachio/VAD/vit-features/train/anomaly/industrial_anomaly_more/equipment_breakdown/000000292261_all__5.npy,equipment_breakdown
Pistachio/VAD/vit-features/train/normal/road_normal_less/000000019137_all__3.npy,Normal
Pistachio/VAD/vit-features/train/normal/indoor_normal_less/000000042691_all__0.npy,Normal
Pistachio/VAD/vit-features/train/normal/indoor_normal_less/000000058010_all__5.npy,Normal
Pistachio/VAD/vit-features/train/normal/outdoor_normal_less/000000022800_all__6.npy,Normal
Pistachio/VAD/vit-features/train/normal/industrial_normal_more/hd920_all__8.npy,Normal
Pistachio/VAD/vit-features/train/normal/road_normal_less/000000041202_all__3.npy,Normal
Pistachio/VAD/vit-features/train/normal/commercial_normal_less/000000053314_all__5.npy,Normal
Pistachio/VAD/vit-features/train/normal/commercial_normal_less/000000367377_all__3.npy,Normal
Pistachio/VAD/vit-features/train/normal/road_normal_more/000000130964_all__1.npy,Normal
Pistachio/VAD/vit-features/train/normal/outdoor_normal_more/000000177059_all__3.npy,Normal
Pistachio/VAD/vit-features/train/normal/outdoor_normal_less/000000009143_all__9.npy,Normal
Pistachio/VAD/vit-features/train/normal/commercial_normal_less/000000076706_all__6.npy,Normal
Pistachio/VAD/vit-features/train/normal/commercial_normal_less/000000039787_all__4.npy,Normal
Pistachio/VAD/vit-features/train/anomaly/infrastructure_anomaly_less/equipment_breakdown/000000044442_all__2.npy,equipment_breakdown
Pistachio/VAD/vit-features/train/normal/outdoor_normal_less/000000009530_all__2.npy,Normal
Pistachio/VAD/vit-features/train/anomaly/industrial_anomaly_less/equipment_breakdown/hd569_all__1.npy,equipment_breakdown
Pistachio/VAD/vit-features/train/normal/outdoor_normal_less/hd488_all__6.npy,Normal
Pistachio/VAD/vit-features/train/normal/indoor_normal_less/000000207193_all__8.npy,Normal
Pistachio/VAD/vit-features/train/normal/outdoor_normal_more/000000139295_all__4.npy,Normal
Pistachio/VAD/vit-features/train/normal/infrastructure_normal_less/mk4_jpg.rf.086a58cd3b323709d741484aa19159ce_all__5.npy,Normal
Pistachio/VAD/vit-features/train/normal/infrastructure_normal_less/000000009390_all__4.npy,Normal
Pistachio/VAD/vit-features/train/normal/road_normal_less/000000036642_all__1.npy,Normal
Pistachio/VAD/vit-features/train/anomaly/industrial_anomaly_less/equipment_breakdown/hd550_all__0.npy,equipment_breakdown
Pistachio/VAD/vit-features/train/anomaly/industrial_anomaly_more/equipment_breakdown/000000412192_all__2.npy,equipment_breakdown
Pistachio/VAD/vit-features/train/normal/infrastructure_normal_less/FUAMJIIDXTWD_all__0.npy,Normal
Pistachio/VAD/vit-features/train/normal/indoor_normal_less/000000202236_all__5.npy,Normal
Pistachio/VAD/vit-features/train/normal/indoor_normal_less/000000215846_all__1.npy,Normal
Pistachio/VAD/vit-features/train/normal/industrial_normal_more/000000038700_all__9.npy,Normal
Pistachio/VAD/vit-features/train/anomaly/industrial_anomaly_less/equipment_breakdown/hd573_all__7.npy,equipment_breakdown
Pistachio/VAD/vit-features/train/normal/outdoor_normal_more/000000124921_all__2.npy,Normal
Pistachio/VAD/vit-features/train/normal/industrial_normal_less/hd797_all__9.npy,Normal
Pistachio/VAD/vit-features/train/normal/commercial_normal_less/000000045457_all__7.npy,Normal
Pistachio/VAD/vit-features/train/normal/road_normal_more/000000137063_all__3.npy,Normal
Pistachio/VAD/vit-features/train/normal/indoor_normal_less/000000211832_all__6.npy,Normal
Pistachio/VAD/vit-features/train/normal/industrial_normal_more/hd012_all__7.npy,Normal
Pistachio/VAD/vit-features/train/normal/industrial_normal_less/hd690_all__7.npy,Normal
Pistachio/VAD/vit-features/train/anomaly/infrastructure_anomaly_less/equipment_breakdown/000000187562_all__9.npy,equipment_breakdown
Pistachio/VAD/vit-features/train/anomaly/industrial_anomaly_more/equipment_breakdown/000000412192_all__3.npy,equipment_breakdown
Pistachio/VAD/vit-features/train/normal/road_normal_less/000000032596_all__2.npy,Normal
Pistachio/VAD/vit-features/train/normal/infrastructure_normal_less/K5HFALPP1C59_all__2.npy,Normal
Pistachio/VAD/vit-features/train/normal/infrastructure_normal_more/000000474137_all__6.npy,Normal
Pistachio/VAD/vit-features/train/normal/industrial_normal_less/hd529_all__1.npy,Normal
Pistachio/VAD/vit-features/train/anomaly/industrial_anomaly_less/equipment_breakdown/hd553_all__3.npy,equipment_breakdown
Pistachio/VAD/vit-features/train/anomaly/industrial_anomaly_less/equipment_breakdown/hd583_all__8.npy,equipment_breakdown
Pistachio/VAD/vit-features/train/normal/commercial_normal_less/000000143390_all__7.npy,Normal
Pistachio/VAD/vit-features/train/normal/outdoor_normal_less/000000018315_all__7.npy,Normal
Pistachio/VAD/vit-features/train/normal/indoor_normal_less/000000054857_all__1.npy,Normal
Pistachio/VAD/vit-features/train/normal/industrial_normal_more/hd232_all__4.npy,Normal
Pistachio/VAD/vit-features/train/normal/indoor_normal_less/000000058243_all__2.npy,Normal
Pistachio/VAD/vit-features/train/normal/infrastructure_normal_less/000000229029_all__4.npy,Normal
Pistachio/VAD/vit-features/train/normal/outdoor_normal_more/000000297433_all__4.npy,Normal
Pistachio/VAD/vit-features/train/normal/road_normal_less/000000025375_all__2.npy,Normal
Pistachio/VAD/vit-features/train/normal/road_normal_less/000000015443_all__6.npy,Normal
Pistachio/VAD/vit-features/train/anomaly/industrial_anomaly_less/equipment_breakdown/hd013_all__7.npy,equipment_breakdown
Pistachio/VAD/vit-features/train/anomaly/industrial_anomaly_less/equipment_breakdown/hd12_all__0.npy,equipment_breakdown
Pistachio/VAD/vit-features/train/normal/industrial_normal_less/hd524_all__9.npy,Normal
Pistachio/VAD/vit-features/train/anomaly/infrastructure_anomaly_more/equipment_breakdown/000000205576_all__8.npy,equipment_breakdown
Pistachio/VAD/vit-features/train/normal/industrial_normal_less/hd598_all__2.npy,Normal
Pistachio/VAD/vit-features/train/normal/commercial_normal_less/000000084122_all__7.npy,Normal
Pistachio/VAD/vit-features/train/normal/outdoor_normal_less/000000010771_all__3.npy,Normal
Pistachio/VAD/vit-features/train/normal/road_normal_more/000000136112_all__4.npy,Normal
Pistachio/VAD/vit-features/train/anomaly/infrastructure_anomaly_more/equipment_breakdown/000000049176_all__6.npy,equipment_breakdown
Pistachio/VAD/vit-features/train/normal/indoor_normal_less/000000228125_all__7.npy,Normal
Pistachio/VAD/vit-features/train/normal/indoor_normal_less/000000138502_all__8.npy,Normal
Pistachio/VAD/vit-features/train/anomaly/industrial_anomaly_more/equipment_breakdown/000000292261_all__7.npy,equipment_breakdown
Pistachio/VAD/vit-features/train/normal/indoor_normal_more/000000308732_all__2.npy,Normal
Pistachio/VAD/vit-features/train/normal/infrastructure_normal_more/000000255127_all__4.npy,Normal
Pistachio/VAD/vit-features/train/normal/commercial_normal_more/000000129467_all__0.npy,Normal
Pistachio/VAD/vit-features/train/normal/industrial_normal_more/000000038700_all__3.npy,Normal
Pistachio/VAD/vit-features/train/normal/outdoor_normal_less/000000468808_all__2.npy,Normal
Pistachio/VAD/vit-features/train/normal/infrastructure_normal_less/nl0_jpg.rf.ccb3ee18cbd4cab07563318055e04b98_all__2.npy,Normal
Pistachio/VAD/vit-features/train/normal/commercial_normal_less/000000069853_all__7.npy,Normal
Pistachio/VAD/vit-features/train/normal/commercial_normal_less/000000052633_all__9.npy,Normal
Pistachio/VAD/vit-features/train/anomaly/industrial_anomaly_less/equipment_breakdown/hd569_all__3.npy,equipment_breakdown
Pistachio/VAD/vit-features/train/anomaly/industrial_anomaly_more/equipment_breakdown/000000412192_all__4.npy,equipment_breakdown
Pistachio/VAD/vit-features/train/anomaly/infrastructure_anomaly_less/equipment_breakdown/000000049176_all__7.npy,equipment_breakdown
Pistachio/VAD/vit-features/train/normal/infrastructure_normal_less/bv45_jpg.rf.11d0268c7b742c1a3fde8ce2d6f71de4_all__8.npy,Normal
Pistachio/VAD/vit-features/train/normal/industrial_normal_less/hd535_all__7.npy,Normal
Pistachio/VAD/vit-features/train/normal/outdoor_normal_more/000000298107_all__4.npy,Normal
Pistachio/VAD/vit-features/train/normal/road_normal_more/000000133297_all__5.npy,Normal
Pistachio/VAD/vit-features/train/normal/road_normal_more/000000133674_all__2.npy,Normal
Pistachio/VAD/vit-features/train/normal/commercial_normal_less/000000029649_all__8.npy,Normal
Pistachio/VAD/vit-features/train/normal/commercial_normal_more/000000128062_all__8.npy,Normal
Pistachio/VAD/vit-features/train/normal/industrial_normal_less/hd448_all__1.npy,Normal
Pistachio/VAD/vit-features/train/anomaly/industrial_anomaly_less/equipment_breakdown/hd553_all__9.npy,equipment_breakdown
Pistachio/VAD/vit-features/train/normal/road_normal_less/000000476759_all__4.npy,Normal
Pistachio/VAD/vit-features/train/normal/road_normal_more/000000133474_all__1.npy,Normal
Pistachio/VAD/vit-features/train/normal/indoor_normal_less/000000142117_all__6.npy,Normal
Pistachio/VAD/vit-features/train/normal/industrial_normal_less/hd450_all__5.npy,Normal
Pistachio/VAD/vit-features/train/anomaly/industrial_anomaly_less/equipment_breakdown/hd541_all__0.npy,equipment_breakdown
Pistachio/VAD/vit-features/train/normal/road_normal_less/000000039286_all__7.npy,Normal
Pistachio/VAD/vit-features/train/normal/infrastructure_normal_less/000000517550_all__0.npy,Normal
Pistachio/VAD/vit-features/train/normal/indoor_normal_less/000000245715_all__8.npy,Normal
Pistachio/VAD/vit-features/train/normal/outdoor_normal_less/hd696_all__5.npy,Normal
Pistachio/VAD/vit-features/train/normal/industrial_normal_less/hd446_all__5.npy,Normal
Pistachio/VAD/vit-features/train/normal/indoor_normal_less/000000084543_all__2.npy,Normal
Pistachio/VAD/vit-features/train/anomaly/industrial_anomaly_less/equipment_breakdown/hd550_all__9.npy,equipment_breakdown
Pistachio/VAD/vit-features/train/anomaly/industrial_anomaly_less/equipment_breakdown/hd553_all__6.npy,equipment_breakdown
Pistachio/VAD/vit-features/train/normal/indoor_normal_more/000000576043_all__8.npy,Normal
Pistachio/VAD/vit-features/train/normal/outdoor_normal_less/000000018016_all__6.npy,Normal
Pistachio/VAD/vit-features/train/normal/indoor_normal_less/000000231620_all__7.npy,Normal
Pistachio/VAD/vit-features/train/normal/road_normal_less/000000050090_all__0.npy,Normal
Pistachio/VAD/vit-features/train/normal/infrastructure_normal_less/UQRV8G32XBZO_all__6.npy,Normal
Pistachio/VAD/vit-features/train/normal/outdoor_normal_less/000000030323_all__7.npy,Normal
Pistachio/VAD/vit-features/train/normal/commercial_normal_less/000000067081_all__6.npy,Normal
Pistachio/VAD/vit-features/train/anomaly/industrial_anomaly_more/equipment_breakdown/000000360272_all__5.npy,equipment_breakdown
Pistachio/VAD/vit-features/train/normal/industrial_normal_less/hd624_all__3.npy,Normal
Pistachio/VAD/vit-features/train/anomaly/infrastructure_anomaly_less/equipment_breakdown/000000060195_all__7.npy,equipment_breakdown
Pistachio/VAD/vit-features/train/normal/infrastructure_normal_less/000000561440_all__8.npy,Normal
Pistachio/VAD/vit-features/train/normal/industrial_normal_more/hd281_all__8.npy,Normal
Pistachio/VAD/vit-features/train/normal/infrastructure_normal_less/XVGACQ79YEYP_all__3.npy,Normal
Pistachio/VAD/vit-features/train/anomaly/industrial_anomaly_more/equipment_breakdown/000000271995_all__2.npy,equipment_breakdown
Pistachio/VAD/vit-features/train/normal/outdoor_normal_less/000000022920_all__4.npy,Normal
Pistachio/VAD/vit-features/train/anomaly/industrial_anomaly_less/equipment_breakdown/hd541_all__9.npy,equipment_breakdown
Pistachio/VAD/vit-features/train/normal/infrastructure_normal_less/9_jpg.rf.fa059b3b174ca58070260348b217612b_all__8.npy,Normal
Pistachio/VAD/vit-features/train/normal/industrial_normal_less/hd210_all__6.npy,Normal
Pistachio/VAD/vit-features/train/normal/commercial_normal_more/000000130359_all__9.npy,Normal
Pistachio/VAD/vit-features/train/normal/road_normal_less/000000038377_all__0.npy,Normal
Pistachio/VAD/vit-features/train/normal/commercial_normal_less/000000062751_all__4.npy,Normal
Pistachio/VAD/vit-features/train/anomaly/industrial_anomaly_less/equipment_breakdown/hd246_all__2.npy,equipment_breakdown
Pistachio/VAD/vit-features/train/normal/road_normal_less/000000043598_all__1.npy,Normal
Pistachio/VAD/vit-features/train/normal/indoor_normal_less/000000234712_all__1.npy,Normal
Pistachio/VAD/vit-features/train/anomaly/industrial_anomaly_less/equipment_breakdown/hd246_all__5.npy,equipment_breakdown
Pistachio/VAD/vit-features/train/normal/infrastructure_normal_more/000000521522_all__0.npy,Normal
Pistachio/VAD/vit-features/train/anomaly/infrastructure_anomaly_more/equipment_breakdown/000000057512_all__4.npy,equipment_breakdown
Pistachio/VAD/vit-features/train/normal/infrastructure_normal_less/800_jpg.rf.f60899e20e0b86342c76af040a7fe10a_all__2.npy,Normal
Pistachio/VAD/vit-features/train/normal/road_normal_less/000000013049_all__7.npy,Normal
Pistachio/VAD/vit-features/train/normal/industrial_normal_less/hd853_all__6.npy,Normal
Pistachio/VAD/vit-features/train/normal/road_normal_less/000000012177_all__3.npy,Normal
Pistachio/VAD/vit-features/train/normal/road_normal_less/000000039829_all__4.npy,Normal
Pistachio/VAD/vit-features/train/anomaly/industrial_anomaly_less/equipment_breakdown/hd545_all__1.npy,equipment_breakdown
Pistachio/VAD/vit-features/train/normal/commercial_normal_less/000000028074_all__3.npy,Normal
Pistachio/VAD/vit-features/train/normal/commercial_normal_less/000000026580_all__4.npy,Normal
Pistachio/VAD/vit-features/train/normal/outdoor_normal_less/000000007750_all__0.npy,Normal
Pistachio/VAD/vit-features/train/anomaly/infrastructure_anomaly_less/equipment_breakdown/000000057512_all__5.npy,equipment_breakdown
Pistachio/VAD/vit-features/train/normal/commercial_normal_less/000000040935_all__7.npy,Normal
Pistachio/VAD/vit-features/train/normal/indoor_normal_less/000000016211_all__7.npy,Normal
Pistachio/VAD/vit-features/train/normal/road_normal_less/000000041376_all__8.npy,Normal
Pistachio/VAD/vit-features/train/normal/indoor_normal_less/000000059045_all__9.npy,Normal
Pistachio/VAD/vit-features/train/normal/indoor_normal_less/000000151473_all__0.npy,Normal
Pistachio/VAD/vit-features/train/anomaly/industrial_anomaly_less/equipment_breakdown/hd246_all__7.npy,equipment_breakdown
Pistachio/VAD/vit-features/train/normal/infrastructure_normal_less/000000034323_all__6.npy,Normal
Pistachio/VAD/vit-features/train/anomaly/infrastructure_anomaly_less/equipment_breakdown/000000205576_all__5.npy,equipment_breakdown
Pistachio/VAD/vit-features/train/anomaly/infrastructure_anomaly_less/equipment_breakdown/000000049176_all__6.npy,equipment_breakdown
Pistachio/VAD/vit-features/train/normal/industrial_normal_less/hd608_all__6.npy,Normal
Pistachio/VAD/vit-features/train/normal/infrastructure_normal_less/WSL7Q4MFCJ6H_all__0.npy,Normal
Pistachio/VAD/vit-features/train/normal/industrial_normal_less/000000377247_all__0.npy,Normal
Pistachio/VAD/vit-features/train/anomaly/infrastructure_anomaly_less/equipment_breakdown/000000057826_all__4.npy,equipment_breakdown
Pistachio/VAD/vit-features/train/normal/industrial_normal_less/hd201_all__1.npy,Normal
Pistachio/VAD/vit-features/train/normal/road_normal_less/000000036534_all__3.npy,Normal
Pistachio/VAD/vit-features/train/normal/industrial_normal_more/000000579143_all__1.npy,Normal
Pistachio/VAD/vit-features/train/anomaly/industrial_anomaly_less/equipment_breakdown/hd583_all__7.npy,equipment_breakdown
Pistachio/VAD/vit-features/train/anomaly/infrastructure_anomaly_more/equipment_breakdown/000000205576_all__7.npy,equipment_breakdown
Pistachio/VAD/vit-features/train/anomaly/industrial_anomaly_less/equipment_breakdown/hd573_all__0.npy,equipment_breakdown
Pistachio/VAD/vit-features/train/anomaly/industrial_anomaly_less/equipment_breakdown/hd013_all__2.npy,equipment_breakdown
Pistachio/VAD/vit-features/train/normal/outdoor_normal_less/hd557_all__0.npy,Normal
Pistachio/VAD/vit-features/train/normal/commercial_normal_less/000000073750_all__6.npy,Normal
Pistachio/VAD/vit-features/train/normal/infrastructure_normal_less/bv64_jpg.rf.192c7f7fb4db89bc931bb8b7c00c1b68_all__3.npy,Normal
Pistachio/VAD/vit-features/train/normal/commercial_normal_less/000000083365_all__4.npy,Normal
Pistachio/VAD/vit-features/train/normal/road_normal_less/000000462363_all__9.npy,Normal
Pistachio/VAD/vit-features/train/normal/outdoor_normal_less/000000572389_all__9.npy,Normal
Pistachio/VAD/vit-features/train/normal/industrial_normal_less/hd831_all__9.npy,Normal
Pistachio/VAD/vit-features/train/anomaly/infrastructure_anomaly_more/equipment_breakdown/000000049176_all__8.npy,equipment_breakdown
Pistachio/VAD/vit-features/train/normal/infrastructure_normal_less/716_jpg.rf.51a947229f37b07f228ed3ad7267b57b_all__4.npy,Normal
Pistachio/VAD/vit-features/train/anomaly/industrial_anomaly_less/equipment_breakdown/hd553_all__0.npy,equipment_breakdown
Pistachio/VAD/vit-features/train/normal/industrial_normal_less/hd001_all__3.npy,Normal
Pistachio/VAD/vit-features/train/anomaly/infrastructure_anomaly_more/equipment_breakdown/000000205576_all__1.npy,equipment_breakdown
Pistachio/VAD/vit-features/train/normal/infrastructure_normal_less/st20_jpg.rf.7b30c7c2d07e6135f310502ceb48708f_all__9.npy,Normal
Pistachio/VAD/vit-features/train/anomaly/industrial_anomaly_less/equipment_breakdown/hd013_all__4.npy,equipment_breakdown
Pistachio/VAD/vit-features/train/normal/industrial_normal_less/hd554_all__0.npy,Normal
Pistachio/VAD/vit-features/train/normal/industrial_normal_less/hd268_all__1.npy,Normal
Pistachio/VAD/vit-features/train/normal/industrial_normal_more/hd448_all__4.npy,Normal
Pistachio/VAD/vit-features/train/normal/infrastructure_normal_more/000000549443_all__9.npy,Normal
Pistachio/VAD/vit-features/train/normal/road_normal_less/000000045142_all__1.npy,Normal
Pistachio/VAD/vit-features/train/normal/commercial_normal_more/000000132772_all__3.npy,Normal
Pistachio/VAD/vit-features/train/normal/indoor_normal_less/000000020872_all__6.npy,Normal
Pistachio/VAD/vit-features/train/normal/indoor_normal_less/000000058729_all__7.npy,Normal
Pistachio/VAD/vit-features/train/normal/commercial_normal_less/000000037946_all__0.npy,Normal
Pistachio/VAD/vit-features/train/anomaly/infrastructure_anomaly_less/equipment_breakdown/000000205576_all__4.npy,equipment_breakdown
Pistachio/VAD/vit-features/train/normal/industrial_normal_less/hd544_all__5.npy,Normal
Pistachio/VAD/vit-features/train/normal/infrastructure_normal_less/CTFJC6O7C2JB_all__4.npy,Normal
Pistachio/VAD/vit-features/train/anomaly/infrastructure_anomaly_less/equipment_breakdown/000000057512_all__0.npy,equipment_breakdown
Pistachio/VAD/vit-features/train/anomaly/industrial_anomaly_less/equipment_breakdown/hd013_all__5.npy,equipment_breakdown
Pistachio/VAD/vit-features/train/normal/industrial_normal_less/hd507_all__2.npy,Normal
Pistachio/VAD/vit-features/train/anomaly/infrastructure_anomaly_less/equipment_breakdown/000000049176_all__8.npy,equipment_breakdown
Pistachio/VAD/vit-features/train/normal/infrastructure_normal_more/000000315167_all__0.npy,Normal
Pistachio/VAD/vit-features/train/normal/industrial_normal_less/000000512052_all__2.npy,Normal
Pistachio/VAD/vit-features/train/normal/indoor_normal_less/000000046183_all__7.npy,Normal
Pistachio/VAD/vit-features/train/normal/infrastructure_normal_less/bv72_jpg.rf.9819efcce119a38939eaaf4ad38e103c_all__5.npy,Normal
Pistachio/VAD/vit-features/train/normal/industrial_normal_less/hd25_all__2.npy,Normal
Pistachio/VAD/vit-features/train/normal/outdoor_normal_less/RQE1OOQCPZFS_all__4.npy,Normal
Pistachio/VAD/vit-features/train/normal/outdoor_normal_more/000000009390_all__8.npy,Normal
Pistachio/VAD/vit-features/train/normal/road_normal_more/000000127487_all__3.npy,Normal
Pistachio/VAD/vit-features/train/anomaly/infrastructure_anomaly_less/equipment_breakdown/000000044442_all__6.npy,equipment_breakdown
Pistachio/VAD/vit-features/train/normal/indoor_normal_less/000000022502_all__5.npy,Normal
Pistachio/VAD/vit-features/train/anomaly/infrastructure_anomaly_less/equipment_breakdown/000000187562_all__0.npy,equipment_breakdown
Pistachio/VAD/vit-features/train/normal/road_normal_less/000000039533_all__1.npy,Normal
Pistachio/VAD/vit-features/train/normal/indoor_normal_more/000000327256_all__1.npy,Normal
Pistachio/VAD/vit-features/train/normal/outdoor_normal_less/000000567728_all__2.npy,Normal
Pistachio/VAD/vit-features/train/normal/road_normal_more/000000134957_all__8.npy,Normal
Pistachio/VAD/vit-features/train/normal/outdoor_normal_less/hd509_all__8.npy,Normal
Pistachio/VAD/vit-features/train/anomaly/infrastructure_anomaly_more/equipment_breakdown/000000168496_all__8.npy,equipment_breakdown
Pistachio/VAD/vit-features/train/normal/commercial_normal_more/000000130964_all__2.npy,Normal
Pistachio/VAD/vit-features/train/anomaly/infrastructure_anomaly_less/equipment_breakdown/000000168496_all__3.npy,equipment_breakdown
Pistachio/VAD/vit-features/train/normal/indoor_normal_less/000000151913_all__6.npy,Normal
Pistachio/VAD/vit-features/train/anomaly/industrial_anomaly_less/equipment_breakdown/hd575_all__2.npy,equipment_breakdown
Pistachio/VAD/vit-features/train/normal/road_normal_more/000000130246_all__8.npy,Normal
Pistachio/VAD/vit-features/train/normal/infrastructure_normal_less/000000151128_all__0.npy,Normal
Pistachio/VAD/vit-features/train/normal/industrial_normal_less/hd685_all__9.npy,Normal
Pistachio/VAD/vit-features/train/normal/outdoor_normal_less/000000025028_all__6.npy,Normal
Pistachio/VAD/vit-features/train/normal/infrastructure_normal_less/13_jpg.rf.967254318ab67809ebab25103d0857a4_all__1.npy,Normal
Pistachio/VAD/vit-features/train/normal/commercial_normal_less/000000373551_all__5.npy,Normal
Pistachio/VAD/vit-features/train/normal/infrastructure_normal_less/306_jpg.rf.78ee00167eef9655e2dc5fa8f6721c7c_all__5.npy,Normal
Pistachio/VAD/vit-features/train/normal/outdoor_normal_less/000000021295_all__0.npy,Normal
Pistachio/VAD/vit-features/train/normal/industrial_normal_less/hd68_all__4.npy,Normal
Pistachio/VAD/vit-features/train/normal/industrial_normal_less/hd339_all__8.npy,Normal
Pistachio/VAD/vit-features/train/anomaly/industrial_anomaly_more/equipment_breakdown/000000292261_all__1.npy,equipment_breakdown
Pistachio/VAD/vit-features/train/normal/road_normal_less/000000012659_all__2.npy,Normal
Pistachio/VAD/vit-features/train/normal/industrial_normal_less/hd204_all__8.npy,Normal
Pistachio/VAD/vit-features/train/normal/commercial_normal_less/000000067124_all__1.npy,Normal
Pistachio/VAD/vit-features/train/normal/industrial_normal_less/hd626_all__6.npy,Normal
Pistachio/VAD/vit-features/train/anomaly/industrial_anomaly_less/equipment_breakdown/hd12_all__7.npy,equipment_breakdown
Pistachio/VAD/vit-features/train/normal/industrial_normal_less/hd844_all__8.npy,Normal
Pistachio/VAD/vit-features/train/normal/industrial_normal_more/hd012_all__4.npy,Normal
Pistachio/VAD/vit-features/train/normal/industrial_normal_more/000000345723_all__8.npy,Normal
Pistachio/VAD/vit-features/train/anomaly/industrial_anomaly_less/equipment_breakdown/hd542_all__6.npy,equipment_breakdown
Pistachio/VAD/vit-features/train/normal/infrastructure_normal_less/000000566150_all__6.npy,Normal
Pistachio/VAD/vit-features/train/normal/commercial_normal_less/000000372750_all__3.npy,Normal
Pistachio/VAD/vit-features/train/anomaly/industrial_anomaly_less/equipment_breakdown/hd545_all__7.npy,equipment_breakdown
Pistachio/VAD/vit-features/train/normal/outdoor_normal_less/hd495_all__5.npy,Normal
Pistachio/VAD/vit-features/train/anomaly/industrial_anomaly_less/equipment_breakdown/hd544_all__2.npy,equipment_breakdown
Pistachio/VAD/vit-features/train/normal/outdoor_normal_less/hd6701_all__8.npy,Normal
Pistachio/VAD/vit-features/train/normal/outdoor_normal_less/000000009839_all__8.npy,Normal
Pistachio/VAD/vit-features/train/normal/road_normal_less/000000017929_all__3.npy,Normal
Pistachio/VAD/vit-features/train/normal/outdoor_normal_less/I009TU0WY8Q3_all__3.npy,Normal
Pistachio/VAD/vit-features/train/normal/infrastructure_normal_less/000000088319_all__1.npy,Normal
Pistachio/VAD/vit-features/train/normal/road_normal_less/000000042264_all__3.npy,Normal
Pistachio/VAD/vit-features/train/normal/industrial_normal_less/hd501_all__7.npy,Normal
Pistachio/VAD/vit-features/train/normal/road_normal_less/000000047231_all__3.npy,Normal
Pistachio/VAD/vit-features/train/anomaly/industrial_anomaly_less/equipment_breakdown/hd553_all__1.npy,equipment_breakdown
Pistachio/VAD/vit-features/train/normal/indoor_normal_less/000000087952_all__6.npy,Normal
Pistachio/VAD/vit-features/train/anomaly/infrastructure_anomaly_more/equipment_breakdown/000000049176_all__7.npy,equipment_breakdown
Pistachio/VAD/vit-features/train/normal/infrastructure_normal_more/000000252152_all__9.npy,Normal
Pistachio/VAD/vit-features/train/normal/road_normal_less/000000014667_all__4.npy,Normal
Pistachio/VAD/vit-features/train/normal/commercial_normal_less/000000032076_all__8.npy,Normal
Pistachio/VAD/vit-features/train/anomaly/infrastructure_anomaly_more/equipment_breakdown/000000168496_all__5.npy,equipment_breakdown
Pistachio/VAD/vit-features/train/normal/commercial_normal_less/000000063412_all__7.npy,Normal
Pistachio/VAD/vit-features/train/normal/industrial_normal_less/hd794_all__8.npy,Normal
Pistachio/VAD/vit-features/train/normal/commercial_normal_less/000000077927_all__6.npy,Normal
Pistachio/VAD/vit-features/train/normal/industrial_normal_less/hd363_all__8.npy,Normal
Pistachio/VAD/vit-features/train/normal/outdoor_normal_more/000000138126_all__3.npy,Normal
Pistachio/VAD/vit-features/train/normal/outdoor_normal_more/000000140031_all__8.npy,Normal
Pistachio/VAD/vit-features/train/normal/infrastructure_normal_less/s3_png.rf.95ef392067cc2fa09e9ce97cca84fe0b_all__5.npy,Normal
Pistachio/VAD/vit-features/train/normal/infrastructure_normal_more/000000152752_all__1.npy,Normal
Pistachio/VAD/vit-features/train/normal/road_normal_less/000000283236_all__9.npy,Normal
Pistachio/VAD/vit-features/train/normal/outdoor_normal_less/000000043312_all__1.npy,Normal
Pistachio/VAD/vit-features/train/anomaly/industrial_anomaly_less/equipment_breakdown/hd12_all__9.npy,equipment_breakdown
Pistachio/VAD/vit-features/train/normal/infrastructure_normal_less/DOJABX6S3GUE_all__6.npy,Normal
Pistachio/VAD/vit-features/train/anomaly/industrial_anomaly_more/equipment_breakdown/000000292261_all__0.npy,equipment_breakdown
Pistachio/VAD/vit-features/train/normal/commercial_normal_less/000000082717_all__0.npy,Normal
Pistachio/VAD/vit-features/train/normal/commercial_normal_less/000000367377_all__5.npy,Normal
Pistachio/VAD/vit-features/train/normal/outdoor_normal_less/BSP374UY4K2J_all__4.npy,Normal
Pistachio/VAD/vit-features/train/normal/infrastructure_normal_less/000000580123_all__7.npy,Normal
Pistachio/VAD/vit-features/train/normal/commercial_normal_less/000000049129_all__9.npy,Normal
Pistachio/VAD/vit-features/train/normal/indoor_normal_less/000000142143_all__2.npy,Normal
Pistachio/VAD/vit-features/train/normal/industrial_normal_less/hd670_all__9.npy,Normal
Pistachio/VAD/vit-features/train/anomaly/infrastructure_anomaly_more/equipment_breakdown/000000205576_all__3.npy,equipment_breakdown
Pistachio/VAD/vit-features/train/normal/infrastructure_normal_less/13PE41KDNS1G_all__4.npy,Normal
Pistachio/VAD/vit-features/train/normal/infrastructure_normal_less/3IHJM5PWVCXP_all__3.npy,Normal
Pistachio/VAD/vit-features/train/normal/industrial_normal_less/hd650_all__3.npy,Normal
Pistachio/VAD/vit-features/train/normal/infrastructure_normal_less/SZFGZ40ITA88_all__6.npy,Normal
Pistachio/VAD/vit-features/train/normal/indoor_normal_less/000000066419_all__3.npy,Normal
Pistachio/VAD/vit-features/train/normal/industrial_normal_less/hd716_all__7.npy,Normal
Pistachio/VAD/vit-features/train/normal/industrial_normal_less/hd422_all__3.npy,Normal
Pistachio/VAD/vit-features/train/anomaly/industrial_anomaly_less/equipment_breakdown/hd545_all__2.npy,equipment_breakdown
Pistachio/VAD/vit-features/train/normal/outdoor_normal_less/000000010636_all__4.npy,Normal
Pistachio/VAD/vit-features/train/normal/outdoor_normal_less/hd535_all__5.npy,Normal
Pistachio/VAD/vit-features/train/normal/commercial_normal_more/000000124666_all__3.npy,Normal
Pistachio/VAD/vit-features/train/normal/indoor_normal_more/000000336443_all__7.npy,Normal
Pistachio/VAD/vit-features/train/normal/industrial_normal_less/hd918_all__1.npy,Normal
Pistachio/VAD/vit-features/train/anomaly/industrial_anomaly_less/equipment_breakdown/hd348_all__2.npy,equipment_breakdown
Pistachio/VAD/vit-features/train/normal/indoor_normal_less/000000051974_all__6.npy,Normal
Pistachio/VAD/vit-features/train/anomaly/industrial_anomaly_less/equipment_breakdown/hd575_all__9.npy,equipment_breakdown
Pistachio/VAD/vit-features/train/normal/industrial_normal_less/hd615_all__3.npy,Normal
Pistachio/VAD/vit-features/train/anomaly/industrial_anomaly_less/equipment_breakdown/hd348_all__7.npy,equipment_breakdown
Pistachio/VAD/vit-features/train/normal/commercial_normal_less/000000083171_all__1.npy,Normal
Pistachio/VAD/vit-features/train/normal/industrial_normal_less/hd733_all__5.npy,Normal
Pistachio/VAD/vit-features/train/anomaly/infrastructure_anomaly_less/equipment_breakdown/000000057826_all__6.npy,equipment_breakdown
Pistachio/VAD/vit-features/train/normal/commercial_normal_less/000000069853_all__3.npy,Normal
Pistachio/VAD/vit-features/train/normal/commercial_normal_more/000000127833_all__6.npy,Normal
Pistachio/VAD/vit-features/train/normal/industrial_normal_more/hd249_all__1.npy,Normal
Pistachio/VAD/vit-features/train/normal/industrial_normal_less/000000399379_all__8.npy,Normal
Pistachio/VAD/vit-features/train/normal/industrial_normal_less/000000580299_all__4.npy,Normal
Pistachio/VAD/vit-features/train/normal/commercial_normal_less/000000051105_all__4.npy,Normal
Pistachio/VAD/vit-features/train/normal/road_normal_less/000000049745_all__1.npy,Normal
Pistachio/VAD/vit-features/train/anomaly/industrial_anomaly_less/equipment_breakdown/hd12_all__4.npy,equipment_breakdown
Pistachio/VAD/vit-features/train/normal/commercial_normal_less/000000231065_all__3.npy,Normal
Pistachio/VAD/vit-features/train/anomaly/infrastructure_anomaly_less/equipment_breakdown/000000168496_all__6.npy,equipment_breakdown
Pistachio/VAD/vit-features/train/normal/infrastructure_normal_less/000000146688_all__3.npy,Normal
Pistachio/VAD/vit-features/train/normal/road_normal_less/000000023959_all__1.npy,Normal
Pistachio/VAD/vit-features/train/normal/infrastructure_normal_less/000000427678_all__4.npy,Normal
Pistachio/VAD/vit-features/train/normal/industrial_normal_more/hd113_all__9.npy,Normal
Pistachio/VAD/vit-features/train/anomaly/infrastructure_anomaly_less/equipment_breakdown/000000204873_all__7.npy,equipment_breakdown
Pistachio/VAD/vit-features/train/anomaly/infrastructure_anomaly_more/equipment_breakdown/000000057826_all__0.npy,equipment_breakdown
Pistachio/VAD/vit-features/train/normal/infrastructure_normal_less/000000049176_all__5.npy,Normal
Pistachio/VAD/vit-features/train/normal/indoor_normal_less/000000019495_all__6.npy,Normal
Pistachio/VAD/vit-features/train/anomaly/infrastructure_anomaly_less/equipment_breakdown/000000204873_all__5.npy,equipment_breakdown
Pistachio/VAD/vit-features/train/normal/road_normal_less/000000041537_all__9.npy,Normal
Pistachio/VAD/vit-features/train/normal/outdoor_normal_less/000000080027_all__7.npy,Normal
Pistachio/VAD/vit-features/train/normal/industrial_normal_more/000000532871_all__4.npy,Normal
Pistachio/VAD/vit-features/train/normal/road_normal_less/000000011853_all__1.npy,Normal
Pistachio/VAD/vit-features/train/normal/industrial_normal_less/hd669_all__0.npy,Normal
Pistachio/VAD/vit-features/train/normal/industrial_normal_less/hd255_all__2.npy,Normal
Pistachio/VAD/vit-features/train/anomaly/infrastructure_anomaly_more/equipment_breakdown/000000057826_all__8.npy,equipment_breakdown
Pistachio/VAD/vit-features/train/normal/industrial_normal_less/hd406_all__2.npy,Normal
Pistachio/VAD/vit-features/train/anomaly/infrastructure_anomaly_more/equipment_breakdown/000000049176_all__4.npy,equipment_breakdown
Pistachio/VAD/vit-features/train/anomaly/industrial_anomaly_less/equipment_breakdown/hd583_all__1.npy,equipment_breakdown
Pistachio/VAD/vit-features/train/normal/outdoor_normal_more/000000139770_all__1.npy,Normal
Pistachio/VAD/vit-features/train/normal/commercial_normal_less/000000041792_all__0.npy,Normal
Pistachio/VAD/vit-features/train/normal/outdoor_normal_less/hd524_all__8.npy,Normal
Pistachio/VAD/vit-features/train/normal/outdoor_normal_less/hd623_all__6.npy,Normal
Pistachio/VAD/vit-features/train/normal/indoor_normal_less/000000025750_all__0.npy,Normal
Pistachio/VAD/vit-features/train/normal/road_normal_less/000000013398_all__0.npy,Normal
Pistachio/VAD/vit-features/train/normal/indoor_normal_more/000000314191_all__7.npy,Normal
Pistachio/VAD/vit-features/train/normal/indoor_normal_less/000000138502_all__4.npy,Normal
Pistachio/VAD/vit-features/train/normal/industrial_normal_less/hd597_all__8.npy,Normal
Pistachio/VAD/vit-features/train/normal/commercial_normal_more/000000134422_all__5.npy,Normal
Pistachio/VAD/vit-features/train/normal/road_normal_less/000000022247_all__6.npy,Normal
Pistachio/VAD/vit-features/train/normal/outdoor_normal_less/000000008916_all__3.npy,Normal
Pistachio/VAD/vit-features/train/normal/road_normal_less/000000035531_all__7.npy,Normal
Pistachio/VAD/vit-features/train/normal/infrastructure_normal_more/000000484611_all__2.npy,Normal
Pistachio/VAD/vit-features/train/anomaly/infrastructure_anomaly_less/equipment_breakdown/000000049176_all__0.npy,equipment_breakdown
Pistachio/VAD/vit-features/train/normal/indoor_normal_less/000000028975_all__3.npy,Normal
Pistachio/VAD/vit-features/train/normal/industrial_normal_less/hd715_all__9.npy,Normal
Pistachio/VAD/vit-features/train/anomaly/industrial_anomaly_more/equipment_breakdown/000000292261_all__9.npy,equipment_breakdown
Pistachio/VAD/vit-features/train/normal/indoor_normal_less/000000065808_all__2.npy,Normal
Pistachio/VAD/vit-features/train/normal/road_normal_more/000000127738_all__0.npy,Normal
Pistachio/VAD/vit-features/train/anomaly/industrial_anomaly_less/equipment_breakdown/hd246_all__4.npy,equipment_breakdown
Pistachio/VAD/vit-features/train/normal/indoor_normal_less/000000073887_all__7.npy,Normal
Pistachio/VAD/vit-features/train/normal/commercial_normal_more/000000125320_all__2.npy,Normal
Pistachio/VAD/vit-features/train/normal/road_normal_less/000000020674_all__7.npy,Normal
Pistachio/VAD/vit-features/train/normal/commercial_normal_less/000000066595_all__6.npy,Normal
Pistachio/VAD/vit-features/train/anomaly/industrial_anomaly_less/equipment_breakdown/hd583_all__4.npy,equipment_breakdown
Pistachio/VAD/vit-features/train/normal/infrastructure_normal_more/000000563249_all__0.npy,Normal
Pistachio/VAD/vit-features/train/normal/commercial_normal_less/000000084342_all__8.npy,Normal
Pistachio/VAD/vit-features/train/anomaly/industrial_anomaly_less/equipment_breakdown/hd542_all__4.npy,equipment_breakdown
Pistachio/VAD/vit-features/train/normal/road_normal_less/000000026500_all__4.npy,Normal
Pistachio/VAD/vit-features/train/normal/indoor_normal_less/000000018108_all__8.npy,Normal
Pistachio/VAD/vit-features/train/normal/outdoor_normal_less/hd491_all__3.npy,Normal
Pistachio/VAD/vit-features/train/normal/infrastructure_normal_more/000000269241_all__3.npy,Normal
Pistachio/VAD/vit-features/train/normal/indoor_normal_less/000000062471_all__4.npy,Normal
Pistachio/VAD/vit-features/train/normal/industrial_normal_less/hd397_all__0.npy,Normal
Pistachio/VAD/vit-features/train/anomaly/industrial_anomaly_less/equipment_breakdown/hd542_all__0.npy,equipment_breakdown
Pistachio/VAD/vit-features/train/normal/indoor_normal_less/000000153842_all__4.npy,Normal
Pistachio/VAD/vit-features/train/normal/road_normal_less/000000047231_all__2.npy,Normal
Pistachio/VAD/vit-features/train/normal/road_normal_more/000000129239_all__7.npy,Normal
Pistachio/VAD/vit-features/train/anomaly/infrastructure_anomaly_less/equipment_breakdown/000000204873_all__9.npy,equipment_breakdown
Pistachio/VAD/vit-features/train/normal/industrial_normal_less/hd836_all__0.npy,Normal
Pistachio/VAD/vit-features/train/normal/industrial_normal_less/hd535_all__5.npy,Normal
Pistachio/VAD/vit-features/train/anomaly/infrastructure_anomaly_less/equipment_breakdown/000000060195_all__1.npy,equipment_breakdown
Pistachio/VAD/vit-features/train/normal/infrastructure_normal_more/000000422220_all__6.npy,Normal
Pistachio/VAD/vit-features/train/normal/indoor_normal_less/000000019606_all__7.npy,Normal
Pistachio/VAD/vit-features/train/normal/outdoor_normal_less/000000017857_all__7.npy,Normal
Pistachio/VAD/vit-features/train/anomaly/infrastructure_anomaly_less/equipment_breakdown/000000168496_all__8.npy,equipment_breakdown
Pistachio/VAD/vit-features/train/anomaly/industrial_anomaly_less/equipment_breakdown/hd013_all__6.npy,equipment_breakdown
Pistachio/VAD/vit-features/train/anomaly/infrastructure_anomaly_less/equipment_breakdown/000000168496_all__7.npy,equipment_breakdown
Pistachio/VAD/vit-features/train/normal/road_normal_less/000000037488_all__5.npy,Normal
Pistachio/VAD/vit-features/train/normal/infrastructure_normal_less/000000233134_all__9.npy,Normal
Pistachio/VAD/vit-features/train/anomaly/infrastructure_anomaly_less/equipment_breakdown/000000040644_all__6.npy,equipment_breakdown
Pistachio/VAD/vit-features/train/normal/industrial_normal_less/hd807_all__9.npy,Normal
Pistachio/VAD/vit-features/train/normal/indoor_normal_less/000000202325_all__7.npy,Normal
Pistachio/VAD/vit-features/train/anomaly/industrial_anomaly_less/equipment_breakdown/hd544_all__1.npy,equipment_breakdown
Pistachio/VAD/vit-features/train/normal/industrial_normal_less/hd524_all__8.npy,Normal
Pistachio/VAD/vit-features/train/normal/road_normal_more/000000130359_all__1.npy,Normal
Pistachio/VAD/vit-features/train/normal/indoor_normal_less/000000047069_all__1.npy,Normal
Pistachio/VAD/vit-features/train/normal/indoor_normal_less/000000233333_all__8.npy,Normal
Pistachio/VAD/vit-features/train/normal/infrastructure_normal_less/000000243534_all__4.npy,Normal
Pistachio/VAD/vit-features/train/normal/infrastructure_normal_less/T38SNZGM58QY_all__4.npy,Normal
Pistachio/VAD/vit-features/train/normal/infrastructure_normal_less/712_jpg.rf.999ab0b5c920f57019af24ae885cd027_all__2.npy,Normal
Pistachio/VAD/vit-features/train/normal/commercial_normal_less/000000057863_all__5.npy,Normal
Pistachio/VAD/vit-features/train/normal/road_normal_less/000000027694_all__1.npy,Normal
Pistachio/VAD/vit-features/train/normal/outdoor_normal_less/000000010516_all__4.npy,Normal
Pistachio/VAD/vit-features/train/normal/outdoor_normal_less/hd527_all__1.npy,Normal
Pistachio/VAD/vit-features/train/normal/road_normal_less/000000013958_all__2.npy,Normal
Pistachio/VAD/vit-features/train/normal/indoor_normal_less/000000044041_all__5.npy,Normal
Pistachio/VAD/vit-features/train/normal/road_normal_more/000000128416_all__5.npy,Normal
Pistachio/VAD/vit-features/train/anomaly/industrial_anomaly_less/equipment_breakdown/hd575_all__1.npy,equipment_breakdown
Pistachio/VAD/vit-features/train/normal/indoor_normal_less/000000022573_all__8.npy,Normal
Pistachio/VAD/vit-features/train/normal/infrastructure_normal_less/st20_jpg.rf.7b30c7c2d07e6135f310502ceb48708f_all__8.npy,Normal
Pistachio/VAD/vit-features/train/normal/indoor_normal_less/000000221059_all__6.npy,Normal
Pistachio/VAD/vit-features/train/anomaly/industrial_anomaly_more/equipment_breakdown/000000412192_all__1.npy,equipment_breakdown
Pistachio/VAD/vit-features/train/normal/road_normal_less/000000037240_all__7.npy,Normal
Pistachio/VAD/vit-features/train/normal/commercial_normal_less/000000055892_all__5.npy,Normal
Pistachio/VAD/vit-features/train/normal/industrial_normal_less/hd709_all__2.npy,Normal
Pistachio/VAD/vit-features/train/anomaly/industrial_anomaly_less/equipment_breakdown/hd542_all__1.npy,equipment_breakdown
Pistachio/VAD/vit-features/train/normal/industrial_normal_less/000000392267_all__2.npy,Normal
Pistachio/VAD/vit-features/train/normal/commercial_normal_less/000000026770_all__4.npy,Normal
Pistachio/VAD/vit-features/train/normal/commercial_normal_less/000000080499_all__7.npy,Normal
Pistachio/VAD/vit-features/train/anomaly/infrastructure_anomaly_less/equipment_breakdown/000000060195_all__3.npy,equipment_breakdown
Pistachio/VAD/vit-features/train/normal/commercial_normal_less/000000077678_all__1.npy,Normal
Pistachio/VAD/vit-features/train/normal/indoor_normal_less/000000060486_all__2.npy,Normal
Pistachio/VAD/vit-features/train/anomaly/industrial_anomaly_more/equipment_breakdown/000000412192_all__0.npy,equipment_breakdown
Pistachio/VAD/vit-features/train/normal/infrastructure_normal_less/4KOED941VXT9_all__4.npy,Normal
Pistachio/VAD/vit-features/train/normal/industrial_normal_less/hd507_all__6.npy,Normal
Pistachio/VAD/vit-features/train/normal/industrial_normal_less/hd553_all__1.npy,Normal
Pistachio/VAD/vit-features/train/normal/indoor_normal_less/000000136741_all__3.npy,Normal
Pistachio/VAD/vit-features/train/anomaly/industrial_anomaly_more/equipment_breakdown/000000412192_all__7.npy,equipment_breakdown
Pistachio/VAD/vit-features/train/normal/infrastructure_normal_less/000000281778_all__6.npy,Normal
Pistachio/VAD/vit-features/train/normal/commercial_normal_less/000000027054_all__3.npy,Normal
Pistachio/VAD/vit-features/train/normal/road_normal_less/000000033951_all__2.npy,Normal
Pistachio/VAD/vit-features/train/normal/commercial_normal_more/000000124255_all__4.npy,Normal
Pistachio/VAD/vit-features/train/normal/outdoor_normal_less/000000007866_all__5.npy,Normal
Pistachio/VAD/vit-features/train/normal/industrial_normal_less/hd490_all__0.npy,Normal
Pistachio/VAD/vit-features/train/normal/outdoor_normal_less/000000008523_all__7.npy,Normal
Pistachio/VAD/vit-features/train/anomaly/industrial_anomaly_less/equipment_breakdown/hd348_all__4.npy,equipment_breakdown
Pistachio/VAD/vit-features/train/normal/indoor_normal_less/000000040697_all__6.npy,Normal
Pistachio/VAD/vit-features/train/normal/indoor_normal_less/000000036647_all__4.npy,Normal
Pistachio/VAD/vit-features/train/normal/indoor_normal_less/000000023181_all__9.npy,Normal
Pistachio/VAD/vit-features/train/anomaly/infrastructure_anomaly_more/equipment_breakdown/000000168496_all__3.npy,equipment_breakdown
Pistachio/VAD/vit-features/train/anomaly/infrastructure_anomaly_more/equipment_breakdown/000000049176_all__3.npy,equipment_breakdown
Pistachio/VAD/vit-features/train/normal/industrial_normal_less/hd853_all__8.npy,Normal
Pistachio/VAD/vit-features/train/anomaly/industrial_anomaly_less/equipment_breakdown/hd348_all__0.npy,equipment_breakdown
Pistachio/VAD/vit-features/train/normal/road_normal_less/000000047233_all__8.npy,Normal
Pistachio/VAD/vit-features/train/normal/commercial_normal_less/000000040528_all__8.npy,Normal
Pistachio/VAD/vit-features/train/normal/indoor_normal_less/000000140792_all__6.npy,Normal
Pistachio/VAD/vit-features/train/anomaly/industrial_anomaly_less/equipment_breakdown/hd583_all__5.npy,equipment_breakdown
Pistachio/VAD/vit-features/train/normal/road_normal_more/000000126875_all__3.npy,Normal
Pistachio/VAD/vit-features/train/normal/indoor_normal_less/000000033110_all__6.npy,Normal
Pistachio/VAD/vit-features/train/normal/outdoor_normal_less/000000204412_all__8.npy,Normal
Pistachio/VAD/vit-features/train/normal/road_normal_less/000000496971_all__7.npy,Normal
Pistachio/VAD/vit-features/train/normal/road_normal_less/000000049198_all__7.npy,Normal
Pistachio/VAD/vit-features/train/normal/commercial_normal_more/000000133430_all__2.npy,Normal
Pistachio/VAD/vit-features/train/normal/industrial_normal_less/hd000_all__9.npy,Normal
Pistachio/VAD/vit-features/train/anomaly/infrastructure_anomaly_more/equipment_breakdown/000000168496_all__2.npy,equipment_breakdown
Pistachio/VAD/vit-features/train/normal/industrial_normal_less/hd718_all__6.npy,Normal
Pistachio/VAD/vit-features/train/normal/commercial_normal_less/000000067081_all__2.npy,Normal
Pistachio/VAD/vit-features/train/normal/indoor_normal_less/000000073614_all__3.npy,Normal
Pistachio/VAD/vit-features/train/normal/commercial_normal_less/000000080825_all__6.npy,Normal
Pistachio/VAD/vit-features/train/normal/commercial_normal_more/000000133116_all__8.npy,Normal
Pistachio/VAD/vit-features/train/normal/infrastructure_normal_less/000000235892_all__8.npy,Normal
Pistachio/VAD/vit-features/train/anomaly/industrial_anomaly_less/equipment_breakdown/hd573_all__2.npy,equipment_breakdown
Pistachio/VAD/vit-features/train/normal/industrial_normal_more/hd1000_all__2.npy,Normal
Pistachio/VAD/vit-features/train/normal/road_normal_less/000000050693_all__0.npy,Normal
Pistachio/VAD/vit-features/train/normal/indoor_normal_less/000000202716_all__6.npy,Normal
Pistachio/VAD/vit-features/train/normal/commercial_normal_more/000000132190_all__1.npy,Normal
Pistachio/VAD/vit-features/train/normal/road_normal_more/000000138421_all__7.npy,Normal
Pistachio/VAD/vit-features/train/normal/infrastructure_normal_less/DWAHWZ1GP0QO_all__5.npy,Normal
Pistachio/VAD/vit-features/train/normal/indoor_normal_more/000000332575_all__1.npy,Normal
Pistachio/VAD/vit-features/train/normal/infrastructure_normal_less/PW6NZJ5QFQTO_all__6.npy,Normal
Pistachio/VAD/vit-features/train/normal/indoor_normal_less/000000153988_all__4.npy,Normal
Pistachio/VAD/vit-features/train/anomaly/industrial_anomaly_less/equipment_breakdown/hd569_all__9.npy,equipment_breakdown
Pistachio/VAD/vit-features/train/normal/indoor_normal_less/000000029048_all__0.npy,Normal
Pistachio/VAD/vit-features/train/normal/infrastructure_normal_less/AGNZ3OXE1Z5G_all__0.npy,Normal
Pistachio/VAD/vit-features/train/normal/outdoor_normal_less/hd785_all__7.npy,Normal
Pistachio/VAD/vit-features/train/normal/commercial_normal_more/000000127738_all__8.npy,Normal
Pistachio/VAD/vit-features/train/normal/industrial_normal_less/hd622_all__5.npy,Normal
Pistachio/VAD/vit-features/train/normal/industrial_normal_more/hd12_all__0.npy,Normal
Pistachio/VAD/vit-features/train/normal/indoor_normal_less/000000136362_all__0.npy,Normal
Pistachio/VAD/vit-features/train/normal/infrastructure_normal_less/801_jpg.rf.f362497be91cb2c38106a3cf17986e8e_all__7.npy,Normal
Pistachio/VAD/vit-features/train/anomaly/infrastructure_anomaly_more/equipment_breakdown/000000057826_all__5.npy,equipment_breakdown
Pistachio/VAD/vit-features/train/normal/road_normal_more/000000127738_all__3.npy,Normal
Pistachio/VAD/vit-features/train/normal/infrastructure_normal_more/000000563249_all__1.npy,Normal
Pistachio/VAD/vit-features/train/normal/indoor_normal_less/000000219171_all__3.npy,Normal
Pistachio/VAD/vit-features/train/normal/indoor_normal_less/000000205271_all__8.npy,Normal
Pistachio/VAD/vit-features/train/normal/outdoor_normal_more/000000124276_all__9.npy,Normal
Pistachio/VAD/vit-features/train/normal/industrial_normal_less/hd261_all__8.npy,Normal
Pistachio/VAD/vit-features/train/anomaly/industrial_anomaly_less/equipment_breakdown/hd583_all__6.npy,equipment_breakdown
Pistachio/VAD/vit-features/train/normal/road_normal_less/000000028232_all__6.npy,Normal
Pistachio/VAD/vit-features/train/normal/commercial_normal_more/000000128540_all__8.npy,Normal
Pistachio/VAD/vit-features/train/normal/indoor_normal_less/000000033705_all__3.npy,Normal
Pistachio/VAD/vit-features/train/normal/commercial_normal_less/000000041177_all__4.npy,Normal
Pistachio/VAD/vit-features/train/normal/road_normal_less/000000043857_all__6.npy,Normal
Pistachio/VAD/vit-features/train/normal/industrial_normal_less/hd601_all__0.npy,Normal
Pistachio/VAD/vit-features/train/normal/outdoor_normal_less/000000007647_all__3.npy,Normal
Pistachio/VAD/vit-features/train/anomaly/infrastructure_anomaly_less/equipment_breakdown/000000205576_all__8.npy,equipment_breakdown
Pistachio/VAD/vit-features/train/normal/industrial_normal_more/hd01_all__7.npy,Normal
