path,label
Pistachio/VAD/vit-features/train/anomaly/commercial_anomaly_less/fire/000000038607_all__6.npy,fire
Pistachio/VAD/vit-features/train/anomaly/infrastructure_anomaly_less/fire/000000093924_all__1.npy,fire
Pistachio/VAD/vit-features/train/anomaly/infrastructure_anomaly_less/fire/000000068419_all__2.npy,fire
Pistachio/VAD/vit-features/train/normal/industrial_normal_less/000000522313_all__6.npy,Normal
Pistachio/VAD/vit-features/train/normal/indoor_normal_less/000000039658_all__2.npy,Normal
Pistachio/VAD/vit-features/train/normal/road_normal_less/000000020530_all__9.npy,Normal
Pistachio/VAD/vit-features/train/anomaly/indoor_anomaly_more/fire/000000547379_all__3.npy,fire
Pistachio/VAD/vit-features/train/anomaly/infrastructure_anomaly_more/fire/000000085583_all__2.npy,fire
Pistachio/VAD/vit-features/train/normal/commercial_normal_less/000000473796_all__9.npy,Normal
Pistachio/VAD/vit-features/train/anomaly/indoor_anomaly_more/fire/000000004948_all__2.npy,fire
Pistachio/VAD/vit-features/train/normal/road_normal_less/000000015703_all__6.npy,Normal
Pistachio/VAD/vit-features/train/anomaly/industrial_anomaly_less/fire/hd695_all__0.npy,fire
Pistachio/VAD/vit-features/train/normal/commercial_normal_less/000000042583_all__3.npy,Normal
Pistachio/VAD/vit-features/train/anomaly/outdoor_anomaly_less/fire/000000339205_all__3.npy,fire
Pistachio/VAD/vit-features/train/anomaly/indoor_anomaly_less/fire/000000063678_all__7.npy,fire
Pistachio/VAD/vit-features/train/normal/road_normal_less/000000039537_all__9.npy,Normal
Pistachio/VAD/vit-features/train/anomaly/infrastructure_anomaly_more/fire/000000089581_all__8.npy,fire
Pistachio/VAD/vit-features/train/anomaly/indoor_anomaly_less/fire/000000016853_all__8.npy,fire
Pistachio/VAD/vit-features/train/normal/outdoor_normal_more/000000005896_all__4.npy,Normal
Pistachio/VAD/vit-features/train/anomaly/commercial_anomaly_less/fire/000000363062_all__6.npy,fire
Pistachio/VAD/vit-features/train/anomaly/industrial_anomaly_more/fire/000000005134_all__9.npy,fire
Pistachio/VAD/vit-features/train/normal/infrastructure_normal_less/000000500958_all__2.npy,Normal
Pistachio/VAD/vit-features/train/normal/infrastructure_normal_less/222_jpg.rf.ddf228d8df6631ec7dd69eeadbf13bf4_all__4.npy,Normal
Pistachio/VAD/vit-features/train/anomaly/infrastructure_anomaly_more/fire/000000101291_all__4.npy,fire
Pistachio/VAD/vit-features/train/normal/industrial_normal_more/hd473_all__7.npy,Normal
Pistachio/VAD/vit-features/train/normal/indoor_normal_less/000000028708_all__6.npy,Normal
Pistachio/VAD/vit-features/train/anomaly/outdoor_anomaly_less/fire/000000234482_all__4.npy,fire
Pistachio/VAD/vit-features/train/anomaly/commercial_anomaly_less/fire/000000038607_all__5.npy,fire
Pistachio/VAD/vit-features/train/anomaly/industrial_anomaly_less/fire/hd689_all__9.npy,fire
Pistachio/VAD/vit-features/train/anomaly/road_anomaly_more/fire/000000052105_all__5.npy,fire
Pistachio/VAD/vit-features/train/anomaly/indoor_anomaly_less/fire/000000037270_all__9.npy,fire
Pistachio/VAD/vit-features/train/normal/road_normal_less/000000020393_all__4.npy,Normal
Pistachio/VAD/vit-features/train/normal/commercial_normal_more/000000124984_all__6.npy,Normal
Pistachio/VAD/vit-features/train/normal/road_normal_less/000000035387_all__1.npy,Normal
Pistachio/VAD/vit-features/train/normal/indoor_normal_more/000000341392_all__6.npy,Normal
Pistachio/VAD/vit-features/train/normal/industrial_normal_less/hd755_all__0.npy,Normal
Pistachio/VAD/vit-features/train/normal/industrial_normal_less/hd831_all__5.npy,Normal
Pistachio/VAD/vit-features/train/anomaly/indoor_anomaly_less/fire/000000030225_all__3.npy,fire
Pistachio/VAD/vit-features/train/anomaly/commercial_anomaly_less/fire/000000477236_all__3.npy,fire
Pistachio/VAD/vit-features/train/normal/road_normal_less/000000036319_all__8.npy,Normal
Pistachio/VAD/vit-features/train/anomaly/indoor_anomaly_less/fire/000000064745_all__6.npy,fire
Pistachio/VAD/vit-features/train/anomaly/commercial_anomaly_more/fire/000000007578_all__9.npy,fire
Pistachio/VAD/vit-features/train/anomaly/outdoor_anomaly_more/fire/000000008826_all__6.npy,fire
Pistachio/VAD/vit-features/train/normal/road_normal_less/000000050656_all__0.npy,Normal
Pistachio/VAD/vit-features/train/anomaly/outdoor_anomaly_more/fire/000000018646_all__8.npy,fire
Pistachio/VAD/vit-features/train/anomaly/road_anomaly_less/fire/000000408128_all__7.npy,fire
Pistachio/VAD/vit-features/train/anomaly/industrial_anomaly_less/fire/hd244_all__1.npy,fire
Pistachio/VAD/vit-features/train/anomaly/industrial_anomaly_less/fire/hd697_all__2.npy,fire
Pistachio/VAD/vit-features/train/normal/commercial_normal_less/000000074161_all__7.npy,Normal
Pistachio/VAD/vit-features/train/anomaly/infrastructure_anomaly_less/fire/000000089581_all__2.npy,fire
Pistachio/VAD/vit-features/train/normal/infrastructure_normal_more/000000541389_all__2.npy,Normal
Pistachio/VAD/vit-features/train/anomaly/industrial_anomaly_less/fire/hd710_all__7.npy,fire
Pistachio/VAD/vit-features/train/normal/commercial_normal_more/000000129427_all__3.npy,Normal
Pistachio/VAD/vit-features/train/normal/commercial_normal_more/000000125409_all__5.npy,Normal
Pistachio/VAD/vit-features/train/anomaly/indoor_anomaly_more/fire/000000007493_all__8.npy,fire
Pistachio/VAD/vit-features/train/anomaly/infrastructure_anomaly_more/fire/000000060652_all__6.npy,fire
Pistachio/VAD/vit-features/train/anomaly/outdoor_anomaly_less/fire/000000238362_all__4.npy,fire
Pistachio/VAD/vit-features/train/normal/indoor_normal_less/000000077828_all__9.npy,Normal
Pistachio/VAD/vit-features/train/anomaly/infrastructure_anomaly_more/fire/000000096686_all__4.npy,fire
Pistachio/VAD/vit-features/train/normal/infrastructure_normal_less/000000478923_all__6.npy,Normal
Pistachio/VAD/vit-features/train/normal/infrastructure_normal_more/000000394496_all__2.npy,Normal
Pistachio/VAD/vit-features/train/normal/road_normal_less/000000042838_all__4.npy,Normal
Pistachio/VAD/vit-features/train/normal/indoor_normal_less/000000205316_all__3.npy,Normal
Pistachio/VAD/vit-features/train/anomaly/indoor_anomaly_more/fire/000000005238_all__2.npy,fire
Pistachio/VAD/vit-features/train/anomaly/indoor_anomaly_less/fire/000000027346_all__0.npy,fire
Pistachio/VAD/vit-features/train/normal/infrastructure_normal_less/000000518967_all__5.npy,Normal
Pistachio/VAD/vit-features/train/anomaly/infrastructure_anomaly_more/fire/000000068419_all__5.npy,fire
Pistachio/VAD/vit-features/train/anomaly/indoor_anomaly_more/fire/000000564525_all__7.npy,fire
Pistachio/VAD/vit-features/train/anomaly/indoor_anomaly_less/fire/000000031095_all__9.npy,fire
Pistachio/VAD/vit-features/train/normal/industrial_normal_more/hd249_all__3.npy,Normal
Pistachio/VAD/vit-features/train/normal/indoor_normal_more/000000332262_all__1.npy,Normal
Pistachio/VAD/vit-features/train/normal/indoor_normal_less/000000075692_all__9.npy,Normal
Pistachio/VAD/vit-features/train/anomaly/indoor_anomaly_less/fire/000000037270_all__4.npy,fire
Pistachio/VAD/vit-features/train/anomaly/road_anomaly_more/fire/000000169283_all__7.npy,fire
Pistachio/VAD/vit-features/train/anomaly/infrastructure_anomaly_more/fire/000000089581_all__3.npy,fire
Pistachio/VAD/vit-features/train/normal/road_normal_less/000000500276_all__1.npy,Normal
Pistachio/VAD/vit-features/train/normal/road_normal_less/000000038483_all__5.npy,Normal
Pistachio/VAD/vit-features/train/anomaly/indoor_anomaly_more/fire/000000564525_all__8.npy,fire
Pistachio/VAD/vit-features/train/normal/indoor_normal_less/000000045742_all__3.npy,Normal
Pistachio/VAD/vit-features/train/anomaly/industrial_anomaly_more/fire/000000005134_all__3.npy,fire
Pistachio/VAD/vit-features/train/anomaly/indoor_anomaly_less/fire/000000043628_all__4.npy,fire
Pistachio/VAD/vit-features/train/anomaly/commercial_anomaly_more/fire/000000012032_all__7.npy,fire
Pistachio/VAD/vit-features/train/anomaly/indoor_anomaly_less/fire/000000044363_all__3.npy,fire
Pistachio/VAD/vit-features/train/anomaly/infrastructure_anomaly_less/fire/000000102295_all__3.npy,fire
Pistachio/VAD/vit-features/train/anomaly/industrial_anomaly_less/fire/hd709_all__6.npy,fire
Pistachio/VAD/vit-features/train/normal/commercial_normal_less/000000081114_all__2.npy,Normal
Pistachio/VAD/vit-features/train/anomaly/infrastructure_anomaly_less/fire/000000060652_all__6.npy,fire
Pistachio/VAD/vit-features/train/normal/road_normal_less/000000026923_all__6.npy,Normal
Pistachio/VAD/vit-features/train/normal/indoor_normal_more/000000309012_all__6.npy,Normal
Pistachio/VAD/vit-features/train/anomaly/infrastructure_anomaly_more/fire/000000060652_all__9.npy,fire
Pistachio/VAD/vit-features/train/normal/indoor_normal_more/000000320583_all__7.npy,Normal
Pistachio/VAD/vit-features/train/anomaly/indoor_anomaly_more/fire/6834__5.npy,fire
Pistachio/VAD/vit-features/train/normal/infrastructure_normal_less/000000529194_all__3.npy,Normal
Pistachio/VAD/vit-features/train/anomaly/road_anomaly_less/fire/000000346775_all__9.npy,fire
Pistachio/VAD/vit-features/train/anomaly/indoor_anomaly_more/fire/000000009459_all__7.npy,fire
Pistachio/VAD/vit-features/train/normal/infrastructure_normal_less/bv45_jpg.rf.11d0268c7b742c1a3fde8ce2d6f71de4_all__7.npy,Normal
Pistachio/VAD/vit-features/train/anomaly/infrastructure_anomaly_less/fire/000000060652_all__9.npy,fire
Pistachio/VAD/vit-features/train/normal/road_normal_more/000000137947_all__5.npy,Normal
Pistachio/VAD/vit-features/train/anomaly/infrastructure_anomaly_less/fire/000000060652_all__4.npy,fire
Pistachio/VAD/vit-features/train/anomaly/infrastructure_anomaly_less/fire/000000068419_all__6.npy,fire
Pistachio/VAD/vit-features/train/anomaly/infrastructure_anomaly_less/fire/000000101291_all__7.npy,fire
Pistachio/VAD/vit-features/train/anomaly/commercial_anomaly_more/fire/000000009264_all__6.npy,fire
Pistachio/VAD/vit-features/train/anomaly/road_anomaly_less/fire/000000134505_all__3.npy,fire
Pistachio/VAD/vit-features/train/anomaly/industrial_anomaly_less/fire/hd690_all__9.npy,fire
Pistachio/VAD/vit-features/train/anomaly/industrial_anomaly_less/fire/hd686_all__2.npy,fire
Pistachio/VAD/vit-features/train/anomaly/industrial_anomaly_less/fire/hd692_all__4.npy,fire
Pistachio/VAD/vit-features/train/anomaly/commercial_anomaly_less/fire/000000367916_all__9.npy,fire
Pistachio/VAD/vit-features/train/anomaly/outdoor_anomaly_less/fire/000000296100_all__4.npy,fire
Pistachio/VAD/vit-features/train/anomaly/indoor_anomaly_more/fire/000000545215_all__5.npy,fire
Pistachio/VAD/vit-features/train/normal/industrial_normal_less/hd003_all__5.npy,Normal
Pistachio/VAD/vit-features/train/anomaly/industrial_anomaly_less/fire/hd692_all__0.npy,fire
Pistachio/VAD/vit-features/train/normal/infrastructure_normal_less/000000426570_all__1.npy,Normal
Pistachio/VAD/vit-features/train/anomaly/indoor_anomaly_more/fire/15649__4.npy,fire
Pistachio/VAD/vit-features/train/normal/commercial_normal_less/000000055778_all__2.npy,Normal
Pistachio/VAD/vit-features/train/anomaly/commercial_anomaly_less/fire/000000092538_all__7.npy,fire
Pistachio/VAD/vit-features/train/normal/industrial_normal_more/hd137_all__0.npy,Normal
Pistachio/VAD/vit-features/train/anomaly/indoor_anomaly_more/fire/000000553868_all__9.npy,fire
Pistachio/VAD/vit-features/train/anomaly/indoor_anomaly_less/fire/000000023401_all__1.npy,fire
Pistachio/VAD/vit-features/train/normal/industrial_normal_less/hd339_all__7.npy,Normal
Pistachio/VAD/vit-features/train/anomaly/industrial_anomaly_less/fire/hd708_all__3.npy,fire
Pistachio/VAD/vit-features/train/normal/outdoor_normal_less/000000573735_all__2.npy,Normal
Pistachio/VAD/vit-features/train/anomaly/commercial_anomaly_more/fire/000000012889_all__2.npy,fire
Pistachio/VAD/vit-features/train/normal/road_normal_more/000000127738_all__8.npy,Normal
Pistachio/VAD/vit-features/train/normal/indoor_normal_less/000000234078_all__8.npy,Normal
Pistachio/VAD/vit-features/train/anomaly/infrastructure_anomaly_more/fire/000000068419_all__9.npy,fire
Pistachio/VAD/vit-features/train/anomaly/industrial_anomaly_less/fire/hd688_all__3.npy,fire
Pistachio/VAD/vit-features/train/normal/commercial_normal_less/000000086219_all__8.npy,Normal
Pistachio/VAD/vit-features/train/normal/indoor_normal_more/000000321077_all__8.npy,Normal
Pistachio/VAD/vit-features/train/anomaly/road_anomaly_less/fire/000000408128_all__9.npy,fire
Pistachio/VAD/vit-features/train/normal/infrastructure_normal_more/000000427676_all__0.npy,Normal
Pistachio/VAD/vit-features/train/anomaly/infrastructure_anomaly_less/fire/000000068419_all__3.npy,fire
Pistachio/VAD/vit-features/train/anomaly/industrial_anomaly_less/fire/hd700_all__7.npy,fire
Pistachio/VAD/vit-features/train/anomaly/road_anomaly_more/fire/000000169283_all__5.npy,fire
Pistachio/VAD/vit-features/train/anomaly/infrastructure_anomaly_less/fire/000000101291_all__0.npy,fire
Pistachio/VAD/vit-features/train/normal/indoor_normal_less/000000056870_all__2.npy,Normal
Pistachio/VAD/vit-features/train/anomaly/outdoor_anomaly_more/fire/000000008826_all__1.npy,fire
Pistachio/VAD/vit-features/train/anomaly/indoor_anomaly_less/fire/000000027346_all__8.npy,fire
Pistachio/VAD/vit-features/train/anomaly/commercial_anomaly_less/fire/000000477236_all__8.npy,fire
Pistachio/VAD/vit-features/train/anomaly/industrial_anomaly_less/fire/hd687_all__7.npy,fire
Pistachio/VAD/vit-features/train/anomaly/road_anomaly_less/fire/000000408128_all__8.npy,fire
Pistachio/VAD/vit-features/train/normal/road_normal_less/000000041327_all__5.npy,Normal
Pistachio/VAD/vit-features/train/anomaly/road_anomaly_less/fire/000000398043_all__4.npy,fire
Pistachio/VAD/vit-features/train/anomaly/commercial_anomaly_less/fire/000000303278_all__2.npy,fire
Pistachio/VAD/vit-features/train/anomaly/road_anomaly_less/fire/000000365726_all__4.npy,fire
Pistachio/VAD/vit-features/train/anomaly/industrial_anomaly_less/fire/hd697_all__6.npy,fire
Pistachio/VAD/vit-features/train/normal/road_normal_less/000000047390_all__6.npy,Normal
Pistachio/VAD/vit-features/train/anomaly/infrastructure_anomaly_more/fire/000000068419_all__3.npy,fire
Pistachio/VAD/vit-features/train/normal/indoor_normal_more/000000321520_all__6.npy,Normal
Pistachio/VAD/vit-features/train/anomaly/commercial_anomaly_more/fire/000000012889_all__6.npy,fire
Pistachio/VAD/vit-features/train/normal/indoor_normal_more/000000334300_all__8.npy,Normal
Pistachio/VAD/vit-features/train/normal/commercial_normal_more/000000131091_all__7.npy,Normal
Pistachio/VAD/vit-features/train/normal/industrial_normal_less/hd689_all__8.npy,Normal
Pistachio/VAD/vit-features/train/normal/commercial_normal_less/000000026205_all__2.npy,Normal
Pistachio/VAD/vit-features/train/anomaly/industrial_anomaly_less/fire/hd244_all__6.npy,fire
Pistachio/VAD/vit-features/train/normal/road_normal_less/000000051350_all__7.npy,Normal
Pistachio/VAD/vit-features/train/anomaly/commercial_anomaly_less/fire/000000267208_all__2.npy,fire
Pistachio/VAD/vit-features/train/anomaly/indoor_anomaly_more/fire/000000551079_all__2.npy,fire
Pistachio/VAD/vit-features/train/anomaly/outdoor_anomaly_less/fire/000000234482_all__2.npy,fire
Pistachio/VAD/vit-features/train/normal/commercial_normal_less/000000039719_all__5.npy,Normal
Pistachio/VAD/vit-features/train/normal/infrastructure_normal_less/000000069722_all__4.npy,Normal
Pistachio/VAD/vit-features/train/normal/indoor_normal_less/000000026487_all__2.npy,Normal
Pistachio/VAD/vit-features/train/normal/infrastructure_normal_less/C7E3WPEYV1ES_all__8.npy,Normal
Pistachio/VAD/vit-features/train/anomaly/indoor_anomaly_less/fire/000000016853_all__1.npy,fire
Pistachio/VAD/vit-features/train/anomaly/outdoor_anomaly_less/fire/000000238362_all__1.npy,fire
Pistachio/VAD/vit-features/train/normal/indoor_normal_less/000000038373_all__3.npy,Normal
Pistachio/VAD/vit-features/train/normal/commercial_normal_less/000000054263_all__6.npy,Normal
Pistachio/VAD/vit-features/train/normal/commercial_normal_less/000000052046_all__7.npy,Normal
Pistachio/VAD/vit-features/train/normal/indoor_normal_less/000000042719_all__1.npy,Normal
Pistachio/VAD/vit-features/train/anomaly/road_anomaly_less/fire/000000030765_all__8.npy,fire
Pistachio/VAD/vit-features/train/anomaly/infrastructure_anomaly_more/fire/000000096686_all__3.npy,fire
Pistachio/VAD/vit-features/train/normal/infrastructure_normal_less/M1BQ80HC4ZWA_all__4.npy,Normal
Pistachio/VAD/vit-features/train/normal/indoor_normal_less/000000202236_all__9.npy,Normal
Pistachio/VAD/vit-features/train/normal/infrastructure_normal_less/K5HFALPP1C59_all__9.npy,Normal
Pistachio/VAD/vit-features/train/anomaly/commercial_anomaly_less/fire/000000363062_all__7.npy,fire
Pistachio/VAD/vit-features/train/anomaly/indoor_anomaly_more/fire/000000562945_all__4.npy,fire
Pistachio/VAD/vit-features/train/anomaly/industrial_anomaly_less/fire/hd244_all__0.npy,fire
Pistachio/VAD/vit-features/train/normal/industrial_normal_less/hd425_all__5.npy,Normal
Pistachio/VAD/vit-features/train/anomaly/industrial_anomaly_less/fire/hd244_all__2.npy,fire
Pistachio/VAD/vit-features/train/anomaly/infrastructure_anomaly_less/fire/000000102295_all__7.npy,fire
Pistachio/VAD/vit-features/train/anomaly/indoor_anomaly_less/fire/000000044363_all__0.npy,fire
Pistachio/VAD/vit-features/train/anomaly/indoor_anomaly_more/fire/000000553868_all__8.npy,fire
Pistachio/VAD/vit-features/train/normal/road_normal_more/000000139884_all__5.npy,Normal
Pistachio/VAD/vit-features/train/anomaly/industrial_anomaly_less/fire/hd706_all__7.npy,fire
Pistachio/VAD/vit-features/train/normal/industrial_normal_less/hd003_all__4.npy,Normal
Pistachio/VAD/vit-features/train/normal/infrastructure_normal_less/x11_jpeg.rf.e6114cb37517fb1faaa47fcfe88c420c_all__3.npy,Normal
Pistachio/VAD/vit-features/train/normal/commercial_normal_less/000000039370_all__2.npy,Normal
Pistachio/VAD/vit-features/train/normal/infrastructure_normal_less/000000068419_all__0.npy,Normal
Pistachio/VAD/vit-features/train/normal/road_normal_more/000000128416_all__4.npy,Normal
Pistachio/VAD/vit-features/train/normal/commercial_normal_less/000000077678_all__4.npy,Normal
Pistachio/VAD/vit-features/train/normal/road_normal_less/000000025303_all__4.npy,Normal
Pistachio/VAD/vit-features/train/normal/infrastructure_normal_more/000000477450_all__2.npy,Normal
Pistachio/VAD/vit-features/train/normal/commercial_normal_less/000000070031_all__9.npy,Normal
Pistachio/VAD/vit-features/train/normal/indoor_normal_less/000000146987_all__0.npy,Normal
Pistachio/VAD/vit-features/train/anomaly/indoor_anomaly_more/fire/000000553868_all__2.npy,fire
Pistachio/VAD/vit-features/train/anomaly/indoor_anomaly_more/fire/000000006479_all__4.npy,fire
Pistachio/VAD/vit-features/train/normal/industrial_normal_more/000000306888_all__5.npy,Normal
Pistachio/VAD/vit-features/train/normal/industrial_normal_less/hd822_all__2.npy,Normal
Pistachio/VAD/vit-features/train/normal/commercial_normal_less/000000063509_all__1.npy,Normal
Pistachio/VAD/vit-features/train/normal/road_normal_less/000000489087_all__6.npy,Normal
Pistachio/VAD/vit-features/train/normal/industrial_normal_less/hd790_all__8.npy,Normal
Pistachio/VAD/vit-features/train/normal/industrial_normal_less/hd676_all__8.npy,Normal
Pistachio/VAD/vit-features/train/normal/infrastructure_normal_less/n74_jpeg.rf.bd9a6521d9d25a72d3e63870eefb33f5_all__3.npy,Normal
Pistachio/VAD/vit-features/train/normal/industrial_normal_less/hd525_all__7.npy,Normal
Pistachio/VAD/vit-features/train/anomaly/indoor_anomaly_less/fire/000000024178_all__0.npy,fire
Pistachio/VAD/vit-features/train/anomaly/commercial_anomaly_more/fire/000000007578_all__7.npy,fire
Pistachio/VAD/vit-features/train/normal/indoor_normal_more/000000333932_all__4.npy,Normal
Pistachio/VAD/vit-features/train/normal/infrastructure_normal_less/748_jpg.rf.8eb4928c7928d9144add6f2cf6bc2c8f_all__3.npy,Normal
Pistachio/VAD/vit-features/train/normal/industrial_normal_more/hd02_all__7.npy,Normal
Pistachio/VAD/vit-features/train/normal/infrastructure_normal_less/000000151128_all__4.npy,Normal
Pistachio/VAD/vit-features/train/normal/commercial_normal_less/000000025966_all__3.npy,Normal
Pistachio/VAD/vit-features/train/normal/outdoor_normal_less/000000020594_all__1.npy,Normal
Pistachio/VAD/vit-features/train/normal/road_normal_more/000000138421_all__3.npy,Normal
Pistachio/VAD/vit-features/train/anomaly/outdoor_anomaly_less/fire/000000234482_all__3.npy,fire
Pistachio/VAD/vit-features/train/anomaly/industrial_anomaly_less/fire/hd702_all__0.npy,fire
Pistachio/VAD/vit-features/train/normal/indoor_normal_less/000000242881_all__3.npy,Normal
Pistachio/VAD/vit-features/train/anomaly/industrial_anomaly_less/fire/hd708_all__9.npy,fire
Pistachio/VAD/vit-features/train/normal/commercial_normal_less/000000086219_all__2.npy,Normal
Pistachio/VAD/vit-features/train/anomaly/indoor_anomaly_more/fire/6834__8.npy,fire
Pistachio/VAD/vit-features/train/normal/industrial_normal_less/hd682_all__6.npy,Normal
Pistachio/VAD/vit-features/train/normal/infrastructure_normal_less/000000328060_all__7.npy,Normal
Pistachio/VAD/vit-features/train/anomaly/industrial_anomaly_less/fire/hd690_all__0.npy,fire
Pistachio/VAD/vit-features/train/anomaly/indoor_anomaly_more/fire/000000004948_all__5.npy,fire
Pistachio/VAD/vit-features/train/anomaly/commercial_anomaly_more/fire/000000007578_all__5.npy,fire
Pistachio/VAD/vit-features/train/normal/outdoor_normal_less/hd553_all__4.npy,Normal
Pistachio/VAD/vit-features/train/anomaly/infrastructure_anomaly_less/fire/000000089581_all__3.npy,fire
Pistachio/VAD/vit-features/train/anomaly/indoor_anomaly_less/fire/000000036184_all__5.npy,fire
Pistachio/VAD/vit-features/train/anomaly/industrial_anomaly_less/fire/hd700_all__8.npy,fire
Pistachio/VAD/vit-features/train/normal/infrastructure_normal_more/000000392361_all__5.npy,Normal
Pistachio/VAD/vit-features/train/anomaly/outdoor_anomaly_more/fire/000000008826_all__2.npy,fire
Pistachio/VAD/vit-features/train/normal/infrastructure_normal_less/6WA1G9SBA30E_all__4.npy,Normal
Pistachio/VAD/vit-features/train/anomaly/indoor_anomaly_less/fire/000000023401_all__0.npy,fire
Pistachio/VAD/vit-features/train/anomaly/road_anomaly_less/fire/000000237901_all__9.npy,fire
Pistachio/VAD/vit-features/train/normal/industrial_normal_less/hd251_all__2.npy,Normal
Pistachio/VAD/vit-features/train/anomaly/indoor_anomaly_more/fire/000000006479_all__0.npy,fire
Pistachio/VAD/vit-features/train/anomaly/commercial_anomaly_less/fire/000000303278_all__9.npy,fire
Pistachio/VAD/vit-features/train/normal/indoor_normal_less/000000054857_all__4.npy,Normal
Pistachio/VAD/vit-features/train/normal/outdoor_normal_less/hd6621_all__1.npy,Normal
Pistachio/VAD/vit-features/train/anomaly/commercial_anomaly_more/fire/000000013041_all__1.npy,fire
Pistachio/VAD/vit-features/train/normal/indoor_normal_less/000000049067_all__9.npy,Normal
Pistachio/VAD/vit-features/train/normal/commercial_normal_less/000000084122_all__9.npy,Normal
Pistachio/VAD/vit-features/train/normal/indoor_normal_less/000000151473_all__1.npy,Normal
Pistachio/VAD/vit-features/train/anomaly/industrial_anomaly_less/fire/hd691_all__6.npy,fire
Pistachio/VAD/vit-features/train/normal/infrastructure_normal_less/14_jpg.rf.33ced9f814922046ef3b13a2b2a46ee2_all__2.npy,Normal
Pistachio/VAD/vit-features/train/anomaly/indoor_anomaly_more/fire/1459__9.npy,fire
Pistachio/VAD/vit-features/train/normal/industrial_normal_less/hd653_all__9.npy,Normal
Pistachio/VAD/vit-features/train/anomaly/indoor_anomaly_less/fire/000000054707_all__1.npy,fire
Pistachio/VAD/vit-features/train/anomaly/commercial_anomaly_less/fire/000000092538_all__0.npy,fire
Pistachio/VAD/vit-features/train/anomaly/commercial_anomaly_less/fire/000000125381_all__5.npy,fire
Pistachio/VAD/vit-features/train/normal/infrastructure_normal_less/st6_jpg.rf.2f8b6aa6a39434998d351713835ae791_all__7.npy,Normal
Pistachio/VAD/vit-features/train/anomaly/outdoor_anomaly_more/fire/000000019340_all__8.npy,fire
Pistachio/VAD/vit-features/train/anomaly/indoor_anomaly_less/fire/000000062058_all__1.npy,fire
Pistachio/VAD/vit-features/train/anomaly/industrial_anomaly_less/fire/hd700_all__3.npy,fire
Pistachio/VAD/vit-features/train/normal/indoor_normal_less/000000017074_all__9.npy,Normal
Pistachio/VAD/vit-features/train/normal/infrastructure_normal_less/TXQQFEBJ7WOY_all__4.npy,Normal
Pistachio/VAD/vit-features/train/normal/infrastructure_normal_less/000000463871_all__1.npy,Normal
Pistachio/VAD/vit-features/train/normal/indoor_normal_less/000000076640_all__8.npy,Normal
Pistachio/VAD/vit-features/train/normal/industrial_normal_less/hd515_all__8.npy,Normal
Pistachio/VAD/vit-features/train/anomaly/indoor_anomaly_more/fire/000000564525_all__1.npy,fire
Pistachio/VAD/vit-features/train/anomaly/indoor_anomaly_less/fire/000000023401_all__2.npy,fire
Pistachio/VAD/vit-features/train/anomaly/commercial_anomaly_less/fire/000000363282_all__3.npy,fire
Pistachio/VAD/vit-features/train/normal/outdoor_normal_less/0PJQKUGHJDYF_all__6.npy,Normal
Pistachio/VAD/vit-features/train/normal/road_normal_less/000000019853_all__6.npy,Normal
Pistachio/VAD/vit-features/train/anomaly/road_anomaly_less/fire/000000274742_all__8.npy,fire
Pistachio/VAD/vit-features/train/normal/commercial_normal_less/000000067124_all__4.npy,Normal
Pistachio/VAD/vit-features/train/normal/road_normal_less/000000015703_all__3.npy,Normal
Pistachio/VAD/vit-features/train/anomaly/commercial_anomaly_less/fire/000000362277_all__8.npy,fire
Pistachio/VAD/vit-features/train/anomaly/outdoor_anomaly_more/fire/000000019340_all__4.npy,fire
Pistachio/VAD/vit-features/train/anomaly/infrastructure_anomaly_more/fire/000000093924_all__7.npy,fire
Pistachio/VAD/vit-features/train/anomaly/commercial_anomaly_less/fire/000000363556_all__4.npy,fire
Pistachio/VAD/vit-features/train/normal/indoor_normal_more/000000327142_all__2.npy,Normal
Pistachio/VAD/vit-features/train/anomaly/commercial_anomaly_more/fire/000000009264_all__7.npy,fire
Pistachio/VAD/vit-features/train/anomaly/indoor_anomaly_less/fire/000000054034_all__6.npy,fire
Pistachio/VAD/vit-features/train/normal/industrial_normal_less/hd440_all__7.npy,Normal
Pistachio/VAD/vit-features/train/normal/commercial_normal_less/000000039850_all__9.npy,Normal
Pistachio/VAD/vit-features/train/normal/road_normal_more/000000129034_all__7.npy,Normal
Pistachio/VAD/vit-features/train/normal/road_normal_less/000000043820_all__6.npy,Normal
Pistachio/VAD/vit-features/train/normal/industrial_normal_less/000000360875_all__9.npy,Normal
Pistachio/VAD/vit-features/train/anomaly/outdoor_anomaly_less/fire/000000238362_all__5.npy,fire
Pistachio/VAD/vit-features/train/anomaly/outdoor_anomaly_more/fire/000000018646_all__5.npy,fire
Pistachio/VAD/vit-features/train/normal/road_normal_less/000000036637_all__3.npy,Normal
Pistachio/VAD/vit-features/train/anomaly/industrial_anomaly_less/fire/hd696_all__0.npy,fire
Pistachio/VAD/vit-features/train/anomaly/commercial_anomaly_less/fire/000000362277_all__3.npy,fire
Pistachio/VAD/vit-features/train/anomaly/commercial_anomaly_less/fire/000000363556_all__8.npy,fire
Pistachio/VAD/vit-features/train/anomaly/indoor_anomaly_more/fire/000000009459_all__6.npy,fire
Pistachio/VAD/vit-features/train/normal/indoor_normal_more/000000311010_all__5.npy,Normal
Pistachio/VAD/vit-features/train/normal/outdoor_normal_less/000000016576_all__8.npy,Normal
Pistachio/VAD/vit-features/train/anomaly/commercial_anomaly_less/fire/000000363556_all__1.npy,fire
Pistachio/VAD/vit-features/train/anomaly/outdoor_anomaly_more/fire/000000008826_all__7.npy,fire
Pistachio/VAD/vit-features/train/anomaly/infrastructure_anomaly_more/fire/000000060652_all__5.npy,fire
Pistachio/VAD/vit-features/train/normal/infrastructure_normal_less/PW6NZJ5QFQTO_all__7.npy,Normal
Pistachio/VAD/vit-features/train/normal/road_normal_less/000000033389_all__4.npy,Normal
Pistachio/VAD/vit-features/train/normal/commercial_normal_less/000000041788_all__3.npy,Normal
Pistachio/VAD/vit-features/train/normal/commercial_normal_less/000000083486_all__4.npy,Normal
Pistachio/VAD/vit-features/train/normal/indoor_normal_less/000000140792_all__1.npy,Normal
Pistachio/VAD/vit-features/train/normal/indoor_normal_less/000000067484_all__2.npy,Normal
Pistachio/VAD/vit-features/train/anomaly/indoor_anomaly_more/fire/000000553868_all__4.npy,fire
Pistachio/VAD/vit-features/train/anomaly/industrial_anomaly_less/fire/hd706_all__9.npy,fire
Pistachio/VAD/vit-features/train/anomaly/indoor_anomaly_less/fire/000000044363_all__8.npy,fire
Pistachio/VAD/vit-features/train/anomaly/industrial_anomaly_less/fire/hd701_all__1.npy,fire
Pistachio/VAD/vit-features/train/anomaly/commercial_anomaly_less/fire/000000360977_all__7.npy,fire
Pistachio/VAD/vit-features/train/anomaly/road_anomaly_less/fire/000000321465_all__4.npy,fire
Pistachio/VAD/vit-features/train/normal/industrial_normal_less/hd541_all__4.npy,Normal
Pistachio/VAD/vit-features/train/anomaly/road_anomaly_more/fire/000000052105_all__8.npy,fire
Pistachio/VAD/vit-features/train/normal/infrastructure_normal_less/000000319498_all__6.npy,Normal
Pistachio/VAD/vit-features/train/normal/outdoor_normal_less/000000008692_all__3.npy,Normal
Pistachio/VAD/vit-features/train/anomaly/commercial_anomaly_less/fire/000000363062_all__5.npy,fire
Pistachio/VAD/vit-features/train/normal/infrastructure_normal_less/000000062560_all__8.npy,Normal
Pistachio/VAD/vit-features/train/anomaly/indoor_anomaly_more/fire/6834__9.npy,fire
Pistachio/VAD/vit-features/train/anomaly/road_anomaly_more/fire/000000118958_all__4.npy,fire
Pistachio/VAD/vit-features/train/anomaly/indoor_anomaly_more/fire/1459__7.npy,fire
Pistachio/VAD/vit-features/train/anomaly/outdoor_anomaly_less/fire/000000319838_all__1.npy,fire
Pistachio/VAD/vit-features/train/normal/outdoor_normal_less/000000567728_all__8.npy,Normal
Pistachio/VAD/vit-features/train/normal/infrastructure_normal_less/5EU990KIG1C1_all__0.npy,Normal
Pistachio/VAD/vit-features/train/normal/industrial_normal_more/000000048404_all__7.npy,Normal
Pistachio/VAD/vit-features/train/anomaly/industrial_anomaly_less/fire/hd701_all__6.npy,fire
Pistachio/VAD/vit-features/train/normal/indoor_normal_more/000000331938_all__9.npy,Normal
Pistachio/VAD/vit-features/train/anomaly/indoor_anomaly_more/fire/000000007493_all__7.npy,fire
Pistachio/VAD/vit-features/train/normal/commercial_normal_less/000000050042_all__3.npy,Normal
Pistachio/VAD/vit-features/train/normal/industrial_normal_more/000000412192_all__4.npy,Normal
Pistachio/VAD/vit-features/train/anomaly/road_anomaly_less/fire/000000237901_all__7.npy,fire
Pistachio/VAD/vit-features/train/normal/outdoor_normal_less/000000016923_all__2.npy,Normal
Pistachio/VAD/vit-features/train/anomaly/industrial_anomaly_less/fire/hd697_all__8.npy,fire
Pistachio/VAD/vit-features/train/anomaly/road_anomaly_less/fire/000000365726_all__6.npy,fire
Pistachio/VAD/vit-features/train/anomaly/indoor_anomaly_less/fire/000000062058_all__6.npy,fire
Pistachio/VAD/vit-features/train/anomaly/infrastructure_anomaly_less/fire/000000089581_all__8.npy,fire
Pistachio/VAD/vit-features/train/anomaly/outdoor_anomaly_more/fire/000000019340_all__6.npy,fire
Pistachio/VAD/vit-features/train/anomaly/commercial_anomaly_less/fire/000000154327_all__8.npy,fire
Pistachio/VAD/vit-features/train/anomaly/commercial_anomaly_less/fire/000000363282_all__5.npy,fire
Pistachio/VAD/vit-features/train/anomaly/infrastructure_anomaly_more/fire/000000102295_all__5.npy,fire
Pistachio/VAD/vit-features/train/normal/indoor_normal_less/000000233221_all__5.npy,Normal
Pistachio/VAD/vit-features/train/anomaly/commercial_anomaly_less/fire/000000363556_all__3.npy,fire
Pistachio/VAD/vit-features/train/anomaly/infrastructure_anomaly_less/fire/000000089581_all__4.npy,fire
Pistachio/VAD/vit-features/train/anomaly/indoor_anomaly_more/fire/000000560194_all__0.npy,fire
Pistachio/VAD/vit-features/train/anomaly/indoor_anomaly_more/fire/1459__5.npy,fire
Pistachio/VAD/vit-features/train/anomaly/infrastructure_anomaly_more/fire/000000101291_all__7.npy,fire
Pistachio/VAD/vit-features/train/anomaly/industrial_anomaly_less/fire/hd696_all__7.npy,fire
Pistachio/VAD/vit-features/train/normal/road_normal_more/000000127257_all__5.npy,Normal
Pistachio/VAD/vit-features/train/normal/indoor_normal_less/000000247246_all__5.npy,Normal
Pistachio/VAD/vit-features/train/anomaly/commercial_anomaly_more/fire/000000012889_all__3.npy,fire
Pistachio/VAD/vit-features/train/anomaly/industrial_anomaly_less/fire/hd704_all__8.npy,fire
Pistachio/VAD/vit-features/train/normal/indoor_normal_less/000000221011_all__9.npy,Normal
Pistachio/VAD/vit-features/train/normal/industrial_normal_less/hd846_all__9.npy,Normal
Pistachio/VAD/vit-features/train/anomaly/outdoor_anomaly_less/fire/000000296100_all__8.npy,fire
Pistachio/VAD/vit-features/train/anomaly/industrial_anomaly_less/fire/hd691_all__0.npy,fire
Pistachio/VAD/vit-features/train/anomaly/industrial_anomaly_less/fire/hd702_all__8.npy,fire
Pistachio/VAD/vit-features/train/anomaly/infrastructure_anomaly_less/fire/000000089581_all__7.npy,fire
Pistachio/VAD/vit-features/train/anomaly/indoor_anomaly_more/fire/000000565156_all__2.npy,fire
Pistachio/VAD/vit-features/train/normal/road_normal_less/000000029660_all__7.npy,Normal
Pistachio/VAD/vit-features/train/normal/industrial_normal_less/hd541_all__6.npy,Normal
Pistachio/VAD/vit-features/train/anomaly/indoor_anomaly_less/fire/000000054034_all__9.npy,fire
Pistachio/VAD/vit-features/train/anomaly/indoor_anomaly_less/fire/000000030648_all__6.npy,fire
Pistachio/VAD/vit-features/train/anomaly/commercial_anomaly_more/fire/000000013041_all__7.npy,fire
Pistachio/VAD/vit-features/train/normal/industrial_normal_less/hd344_all__8.npy,Normal
Pistachio/VAD/vit-features/train/normal/commercial_normal_less/000000040672_all__4.npy,Normal
Pistachio/VAD/vit-features/train/anomaly/infrastructure_anomaly_more/fire/000000101833_all__6.npy,fire
Pistachio/VAD/vit-features/train/normal/indoor_normal_less/000000056870_all__8.npy,Normal
Pistachio/VAD/vit-features/train/normal/indoor_normal_less/000000073614_all__0.npy,Normal
Pistachio/VAD/vit-features/train/anomaly/indoor_anomaly_less/fire/000000037270_all__2.npy,fire
Pistachio/VAD/vit-features/train/anomaly/outdoor_anomaly_less/fire/000000238362_all__7.npy,fire
Pistachio/VAD/vit-features/train/anomaly/infrastructure_anomaly_less/fire/000000102295_all__9.npy,fire
Pistachio/VAD/vit-features/train/anomaly/industrial_anomaly_less/fire/hd704_all__2.npy,fire
Pistachio/VAD/vit-features/train/anomaly/commercial_anomaly_less/fire/000000362277_all__2.npy,fire
Pistachio/VAD/vit-features/train/normal/indoor_normal_less/000000029016_all__9.npy,Normal
Pistachio/VAD/vit-features/train/normal/road_normal_less/000000014588_all__8.npy,Normal
Pistachio/VAD/vit-features/train/anomaly/infrastructure_anomaly_more/fire/000000096686_all__1.npy,fire
Pistachio/VAD/vit-features/train/anomaly/indoor_anomaly_less/fire/000000016853_all__5.npy,fire
Pistachio/VAD/vit-features/train/anomaly/industrial_anomaly_less/fire/hd708_all__6.npy,fire
Pistachio/VAD/vit-features/train/normal/industrial_normal_less/hd416_all__8.npy,Normal
Pistachio/VAD/vit-features/train/normal/indoor_normal_less/000000057934_all__3.npy,Normal
Pistachio/VAD/vit-features/train/anomaly/indoor_anomaly_less/fire/000000024178_all__2.npy,fire
Pistachio/VAD/vit-features/train/normal/commercial_normal_more/000000131079_all__6.npy,Normal
Pistachio/VAD/vit-features/train/normal/road_normal_less/000000052483_all__4.npy,Normal
Pistachio/VAD/vit-features/train/anomaly/indoor_anomaly_more/fire/000000547379_all__6.npy,fire
Pistachio/VAD/vit-features/train/anomaly/indoor_anomaly_less/fire/000000024178_all__1.npy,fire
Pistachio/VAD/vit-features/train/normal/indoor_normal_less/000000026487_all__9.npy,Normal
Pistachio/VAD/vit-features/train/normal/indoor_normal_more/000000308682_all__4.npy,Normal
Pistachio/VAD/vit-features/train/anomaly/industrial_anomaly_less/fire/hd687_all__2.npy,fire
Pistachio/VAD/vit-features/train/anomaly/infrastructure_anomaly_more/fire/000000068419_all__2.npy,fire
Pistachio/VAD/vit-features/train/anomaly/industrial_anomaly_less/fire/hd686_all__7.npy,fire
Pistachio/VAD/vit-features/train/normal/industrial_normal_less/hd339_all__3.npy,Normal
Pistachio/VAD/vit-features/train/normal/industrial_normal_less/hd683_all__9.npy,Normal
Pistachio/VAD/vit-features/train/normal/indoor_normal_less/000000056322_all__3.npy,Normal
Pistachio/VAD/vit-features/train/normal/road_normal_less/000000019853_all__9.npy,Normal
Pistachio/VAD/vit-features/train/anomaly/commercial_anomaly_less/fire/000000113575_all__4.npy,fire
Pistachio/VAD/vit-features/train/anomaly/indoor_anomaly_less/fire/000000044363_all__4.npy,fire
Pistachio/VAD/vit-features/train/anomaly/industrial_anomaly_less/fire/hd689_all__0.npy,fire
Pistachio/VAD/vit-features/train/anomaly/indoor_anomaly_less/fire/000000021016_all__6.npy,fire
Pistachio/VAD/vit-features/train/anomaly/infrastructure_anomaly_more/fire/000000102295_all__3.npy,fire
Pistachio/VAD/vit-features/train/anomaly/indoor_anomaly_more/fire/000000547379_all__5.npy,fire
Pistachio/VAD/vit-features/train/anomaly/commercial_anomaly_less/fire/000000267208_all__9.npy,fire
Pistachio/VAD/vit-features/train/normal/outdoor_normal_less/BSP374UY4K2J_all__3.npy,Normal
Pistachio/VAD/vit-features/train/anomaly/industrial_anomaly_less/fire/hd691_all__7.npy,fire
Pistachio/VAD/vit-features/train/anomaly/industrial_anomaly_less/fire/hd687_all__6.npy,fire
Pistachio/VAD/vit-features/train/normal/commercial_normal_less/000000067421_all__8.npy,Normal
Pistachio/VAD/vit-features/train/anomaly/indoor_anomaly_more/fire/000000007493_all__6.npy,fire
Pistachio/VAD/vit-features/train/normal/commercial_normal_more/000000124941_all__1.npy,Normal
Pistachio/VAD/vit-features/train/normal/road_normal_less/000000028232_all__4.npy,Normal
Pistachio/VAD/vit-features/train/anomaly/commercial_anomaly_less/fire/000000477236_all__0.npy,fire
Pistachio/VAD/vit-features/train/anomaly/industrial_anomaly_less/fire/hd695_all__8.npy,fire
Pistachio/VAD/vit-features/train/anomaly/infrastructure_anomaly_less/fire/000000085583_all__0.npy,fire
Pistachio/VAD/vit-features/train/anomaly/road_anomaly_more/fire/000000169283_all__4.npy,fire
Pistachio/VAD/vit-features/train/anomaly/infrastructure_anomaly_more/fire/000000096686_all__9.npy,fire
Pistachio/VAD/vit-features/train/normal/infrastructure_normal_less/n44_jpeg.rf.b6d56f9f4f3f3127db13ebcf8d8b4cb4_all__2.npy,Normal
Pistachio/VAD/vit-features/train/anomaly/commercial_anomaly_more/fire/000000012032_all__2.npy,fire
Pistachio/VAD/vit-features/train/normal/commercial_normal_less/000000048693_all__5.npy,Normal
Pistachio/VAD/vit-features/train/normal/outdoor_normal_less/000000016498_all__1.npy,Normal
Pistachio/VAD/vit-features/train/normal/outdoor_normal_less/hd507_all__7.npy,Normal
Pistachio/VAD/vit-features/train/anomaly/infrastructure_anomaly_less/fire/000000065381_all__9.npy,fire
Pistachio/VAD/vit-features/train/anomaly/indoor_anomaly_more/fire/000000545215_all__7.npy,fire
Pistachio/VAD/vit-features/train/anomaly/industrial_anomaly_less/fire/hd701_all__2.npy,fire
Pistachio/VAD/vit-features/train/normal/industrial_normal_more/hd1000_all__5.npy,Normal
Pistachio/VAD/vit-features/train/normal/industrial_normal_more/hd32_all__6.npy,Normal
Pistachio/VAD/vit-features/train/normal/outdoor_normal_less/hd788_all__7.npy,Normal
Pistachio/VAD/vit-features/train/anomaly/outdoor_anomaly_more/fire/000000019340_all__7.npy,fire
Pistachio/VAD/vit-features/train/anomaly/commercial_anomaly_more/fire/000000013041_all__0.npy,fire
Pistachio/VAD/vit-features/train/normal/indoor_normal_less/000000214521_all__6.npy,Normal
Pistachio/VAD/vit-features/train/normal/infrastructure_normal_less/000000552386_all__2.npy,Normal
Pistachio/VAD/vit-features/train/anomaly/outdoor_anomaly_less/fire/000000361906_all__3.npy,fire
Pistachio/VAD/vit-features/train/anomaly/indoor_anomaly_more/fire/000000007493_all__5.npy,fire
Pistachio/VAD/vit-features/train/normal/commercial_normal_less/000000038792_all__1.npy,Normal
Pistachio/VAD/vit-features/train/anomaly/indoor_anomaly_more/fire/000000004948_all__7.npy,fire
Pistachio/VAD/vit-features/train/normal/industrial_normal_less/hd755_all__4.npy,Normal
Pistachio/VAD/vit-features/train/anomaly/road_anomaly_less/fire/000000408128_all__2.npy,fire
Pistachio/VAD/vit-features/train/normal/outdoor_normal_less/000000022122_all__4.npy,Normal
Pistachio/VAD/vit-features/train/anomaly/commercial_anomaly_less/fire/000000363062_all__8.npy,fire
Pistachio/VAD/vit-features/train/anomaly/infrastructure_anomaly_less/fire/000000065381_all__3.npy,fire
Pistachio/VAD/vit-features/train/normal/commercial_normal_more/000000136419_all__1.npy,Normal
Pistachio/VAD/vit-features/train/anomaly/commercial_anomaly_less/fire/000000267208_all__6.npy,fire
Pistachio/VAD/vit-features/train/anomaly/infrastructure_anomaly_more/fire/000000065381_all__4.npy,fire
Pistachio/VAD/vit-features/train/normal/indoor_normal_more/000000334766_all__4.npy,Normal
Pistachio/VAD/vit-features/train/anomaly/outdoor_anomaly_more/fire/000000008826_all__3.npy,fire
Pistachio/VAD/vit-features/train/anomaly/industrial_anomaly_less/fire/hd702_all__5.npy,fire
Pistachio/VAD/vit-features/train/normal/outdoor_normal_less/000000011259_all__8.npy,Normal
Pistachio/VAD/vit-features/train/normal/indoor_normal_more/000000310864_all__3.npy,Normal
Pistachio/VAD/vit-features/train/normal/outdoor_normal_less/hd568_all__7.npy,Normal
Pistachio/VAD/vit-features/train/anomaly/industrial_anomaly_less/fire/hd690_all__6.npy,fire
Pistachio/VAD/vit-features/train/anomaly/indoor_anomaly_less/fire/000000063678_all__6.npy,fire
Pistachio/VAD/vit-features/train/anomaly/outdoor_anomaly_less/fire/000000217004_all__7.npy,fire
Pistachio/VAD/vit-features/train/anomaly/outdoor_anomaly_less/fire/000000339205_all__5.npy,fire
Pistachio/VAD/vit-features/train/normal/industrial_normal_less/hd608_all__4.npy,Normal
Pistachio/VAD/vit-features/train/anomaly/outdoor_anomaly_more/fire/000000019340_all__0.npy,fire
Pistachio/VAD/vit-features/train/normal/industrial_normal_less/hd844_all__1.npy,Normal
Pistachio/VAD/vit-features/train/normal/infrastructure_normal_less/rect23_jpg.rf.4cfaaa4562fc56b3147a477d9135d059_all__2.npy,Normal
Pistachio/VAD/vit-features/train/anomaly/indoor_anomaly_less/fire/000000036184_all__1.npy,fire
Pistachio/VAD/vit-features/train/anomaly/indoor_anomaly_less/fire/000000061445_all__8.npy,fire
Pistachio/VAD/vit-features/train/anomaly/infrastructure_anomaly_more/fire/000000101291_all__6.npy,fire
Pistachio/VAD/vit-features/train/normal/road_normal_more/000000097959_all__1.npy,Normal
Pistachio/VAD/vit-features/train/anomaly/indoor_anomaly_less/fire/000000036184_all__4.npy,fire
Pistachio/VAD/vit-features/train/anomaly/indoor_anomaly_more/fire/000000005238_all__6.npy,fire
Pistachio/VAD/vit-features/train/anomaly/infrastructure_anomaly_less/fire/000000101833_all__5.npy,fire
Pistachio/VAD/vit-features/train/normal/indoor_normal_more/000000315809_all__8.npy,Normal
Pistachio/VAD/vit-features/train/normal/indoor_normal_less/000000234838_all__8.npy,Normal
Pistachio/VAD/vit-features/train/anomaly/infrastructure_anomaly_less/fire/000000060652_all__8.npy,fire
Pistachio/VAD/vit-features/train/anomaly/road_anomaly_less/fire/000000408128_all__3.npy,fire
Pistachio/VAD/vit-features/train/anomaly/indoor_anomaly_less/fire/000000043628_all__0.npy,fire
Pistachio/VAD/vit-features/train/normal/road_normal_less/000000027196_all__3.npy,Normal
Pistachio/VAD/vit-features/train/anomaly/commercial_anomaly_more/fire/000000012032_all__3.npy,fire
Pistachio/VAD/vit-features/train/normal/road_normal_less/000000039829_all__2.npy,Normal
Pistachio/VAD/vit-features/train/normal/commercial_normal_less/000000071140_all__4.npy,Normal
Pistachio/VAD/vit-features/train/normal/industrial_normal_less/000000506818_all__3.npy,Normal
Pistachio/VAD/vit-features/train/normal/industrial_normal_less/hd660_all__5.npy,Normal
Pistachio/VAD/vit-features/train/anomaly/infrastructure_anomaly_more/fire/000000101291_all__9.npy,fire
Pistachio/VAD/vit-features/train/normal/industrial_normal_less/hd724_all__4.npy,Normal
Pistachio/VAD/vit-features/train/normal/road_normal_less/000000042838_all__6.npy,Normal
Pistachio/VAD/vit-features/train/normal/industrial_normal_less/hd808_all__1.npy,Normal
Pistachio/VAD/vit-features/train/anomaly/indoor_anomaly_less/fire/000000016853_all__0.npy,fire
Pistachio/VAD/vit-features/train/anomaly/road_anomaly_more/fire/000000071075_all__6.npy,fire
Pistachio/VAD/vit-features/train/anomaly/commercial_anomaly_more/fire/000000009264_all__2.npy,fire
Pistachio/VAD/vit-features/train/anomaly/indoor_anomaly_less/fire/000000021016_all__8.npy,fire
Pistachio/VAD/vit-features/train/normal/road_normal_less/000000016147_all__0.npy,Normal
Pistachio/VAD/vit-features/train/anomaly/indoor_anomaly_more/fire/000000545215_all__6.npy,fire
Pistachio/VAD/vit-features/train/normal/indoor_normal_less/000000084543_all__6.npy,Normal
Pistachio/VAD/vit-features/train/normal/indoor_normal_less/000000049950_all__3.npy,Normal
Pistachio/VAD/vit-features/train/anomaly/industrial_anomaly_less/fire/hd691_all__5.npy,fire
Pistachio/VAD/vit-features/train/normal/indoor_normal_less/000000058010_all__6.npy,Normal
Pistachio/VAD/vit-features/train/anomaly/infrastructure_anomaly_less/fire/000000060652_all__7.npy,fire
Pistachio/VAD/vit-features/train/anomaly/commercial_anomaly_less/fire/000000092538_all__5.npy,fire
Pistachio/VAD/vit-features/train/anomaly/commercial_anomaly_more/fire/000000012889_all__9.npy,fire
Pistachio/VAD/vit-features/train/normal/commercial_normal_more/000000126219_all__6.npy,Normal
Pistachio/VAD/vit-features/train/anomaly/indoor_anomaly_less/fire/000000037270_all__5.npy,fire
Pistachio/VAD/vit-features/train/anomaly/commercial_anomaly_less/fire/000000267208_all__3.npy,fire
Pistachio/VAD/vit-features/train/normal/industrial_normal_less/hd528_all__0.npy,Normal
Pistachio/VAD/vit-features/train/anomaly/industrial_anomaly_less/fire/hd701_all__3.npy,fire
Pistachio/VAD/vit-features/train/normal/industrial_normal_less/hd300_all__7.npy,Normal
Pistachio/VAD/vit-features/train/anomaly/outdoor_anomaly_less/fire/000000319838_all__7.npy,fire
Pistachio/VAD/vit-features/train/normal/indoor_normal_less/000000042623_all__9.npy,Normal
Pistachio/VAD/vit-features/train/anomaly/commercial_anomaly_less/fire/000000367916_all__6.npy,fire
Pistachio/VAD/vit-features/train/anomaly/industrial_anomaly_less/fire/hd698_all__5.npy,fire
Pistachio/VAD/vit-features/train/normal/road_normal_less/000000033961_all__3.npy,Normal
Pistachio/VAD/vit-features/train/anomaly/commercial_anomaly_less/fire/000000125381_all__9.npy,fire
Pistachio/VAD/vit-features/train/anomaly/commercial_anomaly_less/fire/000000363855_all__3.npy,fire
Pistachio/VAD/vit-features/train/normal/infrastructure_normal_less/n14_jpg.rf.3eae5ca578876234113e979192d164e0_all__2.npy,Normal
Pistachio/VAD/vit-features/train/anomaly/road_anomaly_less/fire/000000379835_all__5.npy,fire
Pistachio/VAD/vit-features/train/normal/infrastructure_normal_less/WSL7Q4MFCJ6H_all__2.npy,Normal
Pistachio/VAD/vit-features/train/normal/infrastructure_normal_less/8W2N85L6GR2B_all__5.npy,Normal
Pistachio/VAD/vit-features/train/anomaly/indoor_anomaly_more/fire/000000556311_all__0.npy,fire
Pistachio/VAD/vit-features/train/anomaly/industrial_anomaly_less/fire/hd710_all__2.npy,fire
Pistachio/VAD/vit-features/train/anomaly/infrastructure_anomaly_less/fire/000000102295_all__1.npy,fire
Pistachio/VAD/vit-features/train/normal/outdoor_normal_less/000000571892_all__1.npy,Normal
Pistachio/VAD/vit-features/train/anomaly/road_anomaly_more/fire/000000118958_all__5.npy,fire
Pistachio/VAD/vit-features/train/anomaly/infrastructure_anomaly_more/fire/000000101833_all__7.npy,fire
Pistachio/VAD/vit-features/train/anomaly/indoor_anomaly_less/fire/000000040353_all__5.npy,fire
Pistachio/VAD/vit-features/train/normal/infrastructure_normal_more/000000354152_all__6.npy,Normal
Pistachio/VAD/vit-features/train/anomaly/road_anomaly_more/fire/000000169283_all__0.npy,fire
Pistachio/VAD/vit-features/train/anomaly/indoor_anomaly_less/fire/000000054034_all__8.npy,fire
Pistachio/VAD/vit-features/train/anomaly/industrial_anomaly_less/fire/hd690_all__1.npy,fire
Pistachio/VAD/vit-features/train/normal/outdoor_normal_less/000000012246_all__7.npy,Normal
Pistachio/VAD/vit-features/train/anomaly/indoor_anomaly_less/fire/000000064745_all__1.npy,fire
Pistachio/VAD/vit-features/train/normal/road_normal_less/000000035359_all__7.npy,Normal
Pistachio/VAD/vit-features/train/anomaly/infrastructure_anomaly_less/fire/000000093924_all__2.npy,fire
Pistachio/VAD/vit-features/train/normal/industrial_normal_more/000000299627_all__2.npy,Normal
Pistachio/VAD/vit-features/train/normal/industrial_normal_more/000000299627_all__7.npy,Normal
Pistachio/VAD/vit-features/train/anomaly/indoor_anomaly_more/fire/000000547379_all__1.npy,fire
Pistachio/VAD/vit-features/train/anomaly/road_anomaly_more/fire/000000123200_all__6.npy,fire
Pistachio/VAD/vit-features/train/normal/industrial_normal_less/hd617_all__3.npy,Normal
Pistachio/VAD/vit-features/train/anomaly/road_anomaly_less/fire/000000365726_all__1.npy,fire
Pistachio/VAD/vit-features/train/anomaly/industrial_anomaly_less/fire/hd709_all__4.npy,fire
Pistachio/VAD/vit-features/train/anomaly/commercial_anomaly_more/fire/000000013041_all__6.npy,fire
Pistachio/VAD/vit-features/train/anomaly/indoor_anomaly_less/fire/000000027346_all__6.npy,fire
Pistachio/VAD/vit-features/train/normal/outdoor_normal_less/000000022920_all__1.npy,Normal
Pistachio/VAD/vit-features/train/normal/industrial_normal_less/hd684_all__3.npy,Normal
Pistachio/VAD/vit-features/train/normal/commercial_normal_less/000000050042_all__9.npy,Normal
Pistachio/VAD/vit-features/train/anomaly/commercial_anomaly_less/fire/000000303278_all__4.npy,fire
Pistachio/VAD/vit-features/train/normal/infrastructure_normal_less/000000347103_all__4.npy,Normal
Pistachio/VAD/vit-features/train/anomaly/industrial_anomaly_less/fire/hd702_all__9.npy,fire
Pistachio/VAD/vit-features/train/normal/indoor_normal_less/000000153802_all__4.npy,Normal
Pistachio/VAD/vit-features/train/anomaly/industrial_anomaly_less/fire/hd686_all__5.npy,fire
Pistachio/VAD/vit-features/train/normal/infrastructure_normal_less/000000011864_all__5.npy,Normal
Pistachio/VAD/vit-features/train/anomaly/commercial_anomaly_less/fire/000000477236_all__6.npy,fire
Pistachio/VAD/vit-features/train/anomaly/industrial_anomaly_less/fire/hd689_all__8.npy,fire
Pistachio/VAD/vit-features/train/anomaly/indoor_anomaly_less/fire/000000044363_all__5.npy,fire
Pistachio/VAD/vit-features/train/anomaly/infrastructure_anomaly_more/fire/000000085583_all__7.npy,fire
Pistachio/VAD/vit-features/train/normal/road_normal_less/000000038908_all__9.npy,Normal
Pistachio/VAD/vit-features/train/anomaly/road_anomaly_less/fire/000000237901_all__4.npy,fire
Pistachio/VAD/vit-features/train/normal/road_normal_less/000000028465_all__5.npy,Normal
Pistachio/VAD/vit-features/train/normal/indoor_normal_less/000000053230_all__9.npy,Normal
Pistachio/VAD/vit-features/train/normal/indoor_normal_more/000000336815_all__1.npy,Normal
Pistachio/VAD/vit-features/train/normal/commercial_normal_less/000000040979_all__7.npy,Normal
Pistachio/VAD/vit-features/train/normal/commercial_normal_less/000000128642_all__1.npy,Normal
Pistachio/VAD/vit-features/train/normal/industrial_normal_more/hd245_all__9.npy,Normal
Pistachio/VAD/vit-features/train/normal/indoor_normal_less/000000068923_all__5.npy,Normal
Pistachio/VAD/vit-features/train/anomaly/indoor_anomaly_more/fire/000000006479_all__8.npy,fire
Pistachio/VAD/vit-features/train/anomaly/road_anomaly_less/fire/000000379835_all__8.npy,fire
Pistachio/VAD/vit-features/train/anomaly/infrastructure_anomaly_less/fire/000000068419_all__4.npy,fire
Pistachio/VAD/vit-features/train/normal/indoor_normal_less/000000075922_all__3.npy,Normal
Pistachio/VAD/vit-features/train/anomaly/commercial_anomaly_less/fire/000000360977_all__2.npy,fire
Pistachio/VAD/vit-features/train/anomaly/indoor_anomaly_less/fire/000000054707_all__8.npy,fire
Pistachio/VAD/vit-features/train/normal/commercial_normal_less/000000071140_all__7.npy,Normal
Pistachio/VAD/vit-features/train/normal/industrial_normal_less/hd681_all__6.npy,Normal
Pistachio/VAD/vit-features/train/normal/industrial_normal_less/hd721_all__5.npy,Normal
Pistachio/VAD/vit-features/train/anomaly/commercial_anomaly_less/fire/000000477236_all__2.npy,fire
Pistachio/VAD/vit-features/train/anomaly/infrastructure_anomaly_less/fire/000000096686_all__8.npy,fire
Pistachio/VAD/vit-features/train/normal/outdoor_normal_less/000000023728_all__0.npy,Normal
Pistachio/VAD/vit-features/train/anomaly/industrial_anomaly_less/fire/hd702_all__7.npy,fire
Pistachio/VAD/vit-features/train/normal/industrial_normal_less/hd568_all__2.npy,Normal
Pistachio/VAD/vit-features/train/anomaly/indoor_anomaly_more/fire/000000556311_all__2.npy,fire
Pistachio/VAD/vit-features/train/anomaly/indoor_anomaly_more/fire/000000005238_all__3.npy,fire
Pistachio/VAD/vit-features/train/normal/industrial_normal_more/hd473_all__9.npy,Normal
Pistachio/VAD/vit-features/train/normal/road_normal_less/000000048344_all__1.npy,Normal
Pistachio/VAD/vit-features/train/anomaly/infrastructure_anomaly_less/fire/000000093924_all__7.npy,fire
Pistachio/VAD/vit-features/train/anomaly/road_anomaly_less/fire/000000134505_all__2.npy,fire
Pistachio/VAD/vit-features/train/normal/road_normal_less/000000020530_all__5.npy,Normal
Pistachio/VAD/vit-features/train/normal/indoor_normal_less/000000151473_all__4.npy,Normal
Pistachio/VAD/vit-features/train/normal/commercial_normal_more/000000134468_all__3.npy,Normal
Pistachio/VAD/vit-features/train/anomaly/industrial_anomaly_less/fire/hd703_all__4.npy,fire
Pistachio/VAD/vit-features/train/anomaly/indoor_anomaly_less/fire/000000044363_all__9.npy,fire
Pistachio/VAD/vit-features/train/anomaly/indoor_anomaly_less/fire/000000064745_all__5.npy,fire
Pistachio/VAD/vit-features/train/anomaly/road_anomaly_more/fire/000000123200_all__2.npy,fire
Pistachio/VAD/vit-features/train/anomaly/indoor_anomaly_less/fire/000000043628_all__9.npy,fire
Pistachio/VAD/vit-features/train/normal/outdoor_normal_more/000000179090_all__5.npy,Normal
Pistachio/VAD/vit-features/train/normal/commercial_normal_less/000000059938_all__2.npy,Normal
Pistachio/VAD/vit-features/train/anomaly/commercial_anomaly_more/fire/000000012889_all__0.npy,fire
Pistachio/VAD/vit-features/train/normal/outdoor_normal_less/hd503_all__2.npy,Normal
Pistachio/VAD/vit-features/train/normal/industrial_normal_less/hd505_all__3.npy,Normal
Pistachio/VAD/vit-features/train/normal/road_normal_less/000000032034_all__1.npy,Normal
Pistachio/VAD/vit-features/train/anomaly/indoor_anomaly_less/fire/000000016853_all__9.npy,fire
Pistachio/VAD/vit-features/train/anomaly/industrial_anomaly_less/fire/hd692_all__3.npy,fire
Pistachio/VAD/vit-features/train/normal/commercial_normal_more/000000135637_all__4.npy,Normal
Pistachio/VAD/vit-features/train/anomaly/infrastructure_anomaly_less/fire/000000065381_all__2.npy,fire
Pistachio/VAD/vit-features/train/normal/indoor_normal_more/000000320340_all__7.npy,Normal
Pistachio/VAD/vit-features/train/anomaly/commercial_anomaly_more/fire/000000013041_all__8.npy,fire
Pistachio/VAD/vit-features/train/normal/infrastructure_normal_less/000000241627_all__3.npy,Normal
Pistachio/VAD/vit-features/train/anomaly/industrial_anomaly_more/fire/000000005134_all__2.npy,fire
Pistachio/VAD/vit-features/train/normal/commercial_normal_less/000000082601_all__8.npy,Normal
Pistachio/VAD/vit-features/train/normal/road_normal_less/000000020717_all__6.npy,Normal
Pistachio/VAD/vit-features/train/anomaly/indoor_anomaly_less/fire/000000036184_all__0.npy,fire
Pistachio/VAD/vit-features/train/normal/road_normal_more/000000134230_all__0.npy,Normal
Pistachio/VAD/vit-features/train/anomaly/industrial_anomaly_less/fire/hd692_all__1.npy,fire
Pistachio/VAD/vit-features/train/normal/indoor_normal_less/000000205271_all__6.npy,Normal
Pistachio/VAD/vit-features/train/anomaly/commercial_anomaly_less/fire/000000154327_all__6.npy,fire
Pistachio/VAD/vit-features/train/normal/indoor_normal_more/000000336837_all__8.npy,Normal
Pistachio/VAD/vit-features/train/anomaly/industrial_anomaly_less/fire/hd695_all__2.npy,fire
Pistachio/VAD/vit-features/train/anomaly/indoor_anomaly_less/fire/000000016853_all__6.npy,fire
Pistachio/VAD/vit-features/train/normal/indoor_normal_less/000000145995_all__3.npy,Normal
Pistachio/VAD/vit-features/train/normal/indoor_normal_less/000000235519_all__3.npy,Normal
Pistachio/VAD/vit-features/train/anomaly/indoor_anomaly_less/fire/000000054034_all__0.npy,fire
Pistachio/VAD/vit-features/train/anomaly/outdoor_anomaly_less/fire/000000296100_all__5.npy,fire
Pistachio/VAD/vit-features/train/anomaly/outdoor_anomaly_more/fire/000000008826_all__5.npy,fire
Pistachio/VAD/vit-features/train/normal/industrial_normal_less/hd839_all__6.npy,Normal
Pistachio/VAD/vit-features/train/normal/industrial_normal_less/hd435_all__5.npy,Normal
Pistachio/VAD/vit-features/train/anomaly/industrial_anomaly_less/fire/hd709_all__3.npy,fire
Pistachio/VAD/vit-features/train/anomaly/road_anomaly_more/fire/000000123200_all__9.npy,fire
Pistachio/VAD/vit-features/train/anomaly/indoor_anomaly_less/fire/000000062058_all__4.npy,fire
Pistachio/VAD/vit-features/train/normal/industrial_normal_more/hd249_all__7.npy,Normal
Pistachio/VAD/vit-features/train/anomaly/commercial_anomaly_less/fire/000000092538_all__2.npy,fire
Pistachio/VAD/vit-features/train/anomaly/industrial_anomaly_more/fire/000000005134_all__0.npy,fire
Pistachio/VAD/vit-features/train/normal/indoor_normal_less/000000213201_all__9.npy,Normal
Pistachio/VAD/vit-features/train/anomaly/road_anomaly_less/fire/000000365726_all__0.npy,fire
Pistachio/VAD/vit-features/train/normal/industrial_normal_less/hd627_all__8.npy,Normal
Pistachio/VAD/vit-features/train/normal/outdoor_normal_less/hd696_all__7.npy,Normal
Pistachio/VAD/vit-features/train/normal/indoor_normal_less/000000083357_all__2.npy,Normal
Pistachio/VAD/vit-features/train/anomaly/indoor_anomaly_less/fire/000000036184_all__8.npy,fire
Pistachio/VAD/vit-features/train/anomaly/indoor_anomaly_more/fire/000000007493_all__3.npy,fire
Pistachio/VAD/vit-features/train/anomaly/indoor_anomaly_more/fire/1459__3.npy,fire
Pistachio/VAD/vit-features/train/anomaly/indoor_anomaly_more/fire/000000556311_all__7.npy,fire
Pistachio/VAD/vit-features/train/anomaly/commercial_anomaly_less/fire/000000360977_all__3.npy,fire
Pistachio/VAD/vit-features/train/normal/infrastructure_normal_less/FO9OLZKCVTGW_all__2.npy,Normal
Pistachio/VAD/vit-features/train/anomaly/commercial_anomaly_less/fire/000000363855_all__5.npy,fire
Pistachio/VAD/vit-features/train/anomaly/commercial_anomaly_more/fire/000000012889_all__8.npy,fire
Pistachio/VAD/vit-features/train/normal/outdoor_normal_more/000000124540_all__1.npy,Normal
Pistachio/VAD/vit-features/train/anomaly/industrial_anomaly_less/fire/hd698_all__3.npy,fire
Pistachio/VAD/vit-features/train/normal/indoor_normal_more/000000304358_all__7.npy,Normal
Pistachio/VAD/vit-features/train/anomaly/infrastructure_anomaly_less/fire/000000101833_all__2.npy,fire
Pistachio/VAD/vit-features/train/anomaly/road_anomaly_more/fire/000000169283_all__3.npy,fire
Pistachio/VAD/vit-features/train/anomaly/indoor_anomaly_more/fire/000000547379_all__8.npy,fire
Pistachio/VAD/vit-features/train/normal/indoor_normal_less/000000058010_all__8.npy,Normal
Pistachio/VAD/vit-features/train/anomaly/road_anomaly_less/fire/000000321465_all__6.npy,fire
Pistachio/VAD/vit-features/train/normal/road_normal_less/000000036931_all__5.npy,Normal
Pistachio/VAD/vit-features/train/normal/road_normal_less/000000028792_all__4.npy,Normal
Pistachio/VAD/vit-features/train/normal/outdoor_normal_less/hd758_all__0.npy,Normal
Pistachio/VAD/vit-features/train/normal/industrial_normal_less/hd686_all__3.npy,Normal
Pistachio/VAD/vit-features/train/normal/commercial_normal_more/000000129427_all__1.npy,Normal
Pistachio/VAD/vit-features/train/normal/outdoor_normal_less/000000017141_all__5.npy,Normal
Pistachio/VAD/vit-features/train/normal/indoor_normal_less/000000144572_all__0.npy,Normal
Pistachio/VAD/vit-features/train/normal/infrastructure_normal_less/Y87JYNQFV8B8_all__5.npy,Normal
Pistachio/VAD/vit-features/train/anomaly/industrial_anomaly_less/fire/hd244_all__7.npy,fire
Pistachio/VAD/vit-features/train/anomaly/industrial_anomaly_less/fire/hd706_all__3.npy,fire
Pistachio/VAD/vit-features/train/normal/industrial_normal_more/000000183326_all__1.npy,Normal
Pistachio/VAD/vit-features/train/anomaly/road_anomaly_less/fire/000000274742_all__0.npy,fire
Pistachio/VAD/vit-features/train/anomaly/industrial_anomaly_less/fire/hd704_all__1.npy,fire
Pistachio/VAD/vit-features/train/anomaly/industrial_anomaly_less/fire/hd710_all__0.npy,fire
Pistachio/VAD/vit-features/train/anomaly/indoor_anomaly_less/fire/000000054707_all__4.npy,fire
Pistachio/VAD/vit-features/train/anomaly/road_anomaly_less/fire/000000237901_all__1.npy,fire
Pistachio/VAD/vit-features/train/normal/road_normal_less/000000022033_all__0.npy,Normal
Pistachio/VAD/vit-features/train/anomaly/industrial_anomaly_more/fire/000000159221_all__1.npy,fire
Pistachio/VAD/vit-features/train/anomaly/industrial_anomaly_less/fire/hd709_all__2.npy,fire
Pistachio/VAD/vit-features/train/normal/outdoor_normal_less/000000221570_all__9.npy,Normal
Pistachio/VAD/vit-features/train/normal/commercial_normal_less/000000044373_all__6.npy,Normal
Pistachio/VAD/vit-features/train/anomaly/commercial_anomaly_less/fire/000000363062_all__0.npy,fire
Pistachio/VAD/vit-features/train/normal/commercial_normal_less/000000074342_all__5.npy,Normal
Pistachio/VAD/vit-features/train/anomaly/industrial_anomaly_less/fire/hd709_all__0.npy,fire
Pistachio/VAD/vit-features/train/normal/commercial_normal_less/000000040631_all__1.npy,Normal
Pistachio/VAD/vit-features/train/normal/industrial_normal_less/000000554030_all__9.npy,Normal
Pistachio/VAD/vit-features/train/anomaly/commercial_anomaly_less/fire/000000267208_all__0.npy,fire
Pistachio/VAD/vit-features/train/anomaly/industrial_anomaly_less/fire/hd709_all__1.npy,fire
Pistachio/VAD/vit-features/train/anomaly/indoor_anomaly_more/fire/000000565156_all__7.npy,fire
Pistachio/VAD/vit-features/train/anomaly/industrial_anomaly_more/fire/000000159221_all__7.npy,fire
Pistachio/VAD/vit-features/train/anomaly/commercial_anomaly_less/fire/000000125381_all__0.npy,fire
Pistachio/VAD/vit-features/train/anomaly/infrastructure_anomaly_less/fire/000000068419_all__9.npy,fire
Pistachio/VAD/vit-features/train/normal/outdoor_normal_more/000000177111_all__2.npy,Normal
Pistachio/VAD/vit-features/train/normal/outdoor_normal_less/000000025324_all__7.npy,Normal
Pistachio/VAD/vit-features/train/anomaly/industrial_anomaly_less/fire/hd244_all__3.npy,fire
Pistachio/VAD/vit-features/train/anomaly/indoor_anomaly_less/fire/000000024178_all__5.npy,fire
Pistachio/VAD/vit-features/train/anomaly/indoor_anomaly_more/fire/6834__0.npy,fire
Pistachio/VAD/vit-features/train/normal/industrial_normal_less/hd435_all__9.npy,Normal
Pistachio/VAD/vit-features/train/normal/commercial_normal_less/000000018288_all__0.npy,Normal
Pistachio/VAD/vit-features/train/anomaly/indoor_anomaly_more/fire/6834__4.npy,fire
Pistachio/VAD/vit-features/train/anomaly/infrastructure_anomaly_less/fire/000000101291_all__4.npy,fire
Pistachio/VAD/vit-features/train/anomaly/indoor_anomaly_more/fire/6834__6.npy,fire
Pistachio/VAD/vit-features/train/normal/commercial_normal_less/000000064688_all__8.npy,Normal
Pistachio/VAD/vit-features/train/normal/indoor_normal_less/000000224840_all__6.npy,Normal
Pistachio/VAD/vit-features/train/anomaly/commercial_anomaly_less/fire/000000040631_all__1.npy,fire
Pistachio/VAD/vit-features/train/normal/outdoor_normal_more/000000297347_all__3.npy,Normal
Pistachio/VAD/vit-features/train/normal/road_normal_less/000000026824_all__3.npy,Normal
Pistachio/VAD/vit-features/train/anomaly/infrastructure_anomaly_less/fire/000000089581_all__9.npy,fire
Pistachio/VAD/vit-features/train/normal/outdoor_normal_less/hd6621_all__0.npy,Normal
Pistachio/VAD/vit-features/train/normal/road_normal_more/000000129427_all__6.npy,Normal
Pistachio/VAD/vit-features/train/normal/industrial_normal_more/hd122_all__2.npy,Normal
Pistachio/VAD/vit-features/train/normal/industrial_normal_less/hd32_all__4.npy,Normal
Pistachio/VAD/vit-features/train/normal/indoor_normal_less/000000083357_all__7.npy,Normal
Pistachio/VAD/vit-features/train/normal/indoor_normal_less/000000211295_all__5.npy,Normal
Pistachio/VAD/vit-features/train/anomaly/infrastructure_anomaly_less/fire/000000065381_all__5.npy,fire
Pistachio/VAD/vit-features/train/normal/industrial_normal_less/hd72_all__8.npy,Normal
Pistachio/VAD/vit-features/train/normal/outdoor_normal_less/hd542_all__8.npy,Normal
Pistachio/VAD/vit-features/train/anomaly/outdoor_anomaly_less/fire/000000217004_all__3.npy,fire
Pistachio/VAD/vit-features/train/normal/commercial_normal_more/000000137947_all__7.npy,Normal
Pistachio/VAD/vit-features/train/normal/indoor_normal_less/000000235704_all__9.npy,Normal
Pistachio/VAD/vit-features/train/anomaly/outdoor_anomaly_less/fire/000000249344_all__8.npy,fire
Pistachio/VAD/vit-features/train/anomaly/infrastructure_anomaly_more/fire/000000089581_all__5.npy,fire
Pistachio/VAD/vit-features/train/anomaly/infrastructure_anomaly_less/fire/000000093924_all__3.npy,fire
Pistachio/VAD/vit-features/train/normal/commercial_normal_less/000000047793_all__4.npy,Normal
Pistachio/VAD/vit-features/train/normal/infrastructure_normal_less/000000240066_all__1.npy,Normal
Pistachio/VAD/vit-features/train/normal/road_normal_less/000000033043_all__6.npy,Normal
Pistachio/VAD/vit-features/train/normal/indoor_normal_less/000000060486_all__9.npy,Normal
Pistachio/VAD/vit-features/train/anomaly/infrastructure_anomaly_less/fire/000000085583_all__3.npy,fire
Pistachio/VAD/vit-features/train/normal/infrastructure_normal_less/rect14_jpg.rf.c74725c1a8a91beeabff6d2340dee52f_all__2.npy,Normal
Pistachio/VAD/vit-features/train/anomaly/industrial_anomaly_less/fire/hd686_all__6.npy,fire
Pistachio/VAD/vit-features/train/anomaly/indoor_anomaly_more/fire/000000564525_all__3.npy,fire
Pistachio/VAD/vit-features/train/anomaly/commercial_anomaly_less/fire/000000363556_all__7.npy,fire
Pistachio/VAD/vit-features/train/normal/industrial_normal_less/hd192_all__0.npy,Normal
Pistachio/VAD/vit-features/train/anomaly/indoor_anomaly_less/fire/000000021016_all__4.npy,fire
Pistachio/VAD/vit-features/train/anomaly/road_anomaly_less/fire/000000134505_all__6.npy,fire
Pistachio/VAD/vit-features/train/normal/road_normal_less/000000028124_all__1.npy,Normal
Pistachio/VAD/vit-features/train/normal/industrial_normal_less/hd821_all__0.npy,Normal
Pistachio/VAD/vit-features/train/anomaly/outdoor_anomaly_less/fire/000000217004_all__0.npy,fire
Pistachio/VAD/vit-features/train/anomaly/industrial_anomaly_less/fire/hd706_all__1.npy,fire
Pistachio/VAD/vit-features/train/anomaly/industrial_anomaly_less/fire/hd691_all__1.npy,fire
Pistachio/VAD/vit-features/train/normal/outdoor_normal_more/000000182057_all__7.npy,Normal
Pistachio/VAD/vit-features/train/normal/commercial_normal_less/000000066590_all__5.npy,Normal
Pistachio/VAD/vit-features/train/anomaly/commercial_anomaly_less/fire/000000125381_all__7.npy,fire
Pistachio/VAD/vit-features/train/anomaly/indoor_anomaly_more/fire/000000564525_all__5.npy,fire
Pistachio/VAD/vit-features/train/anomaly/road_anomaly_more/fire/000000071075_all__2.npy,fire
Pistachio/VAD/vit-features/train/anomaly/infrastructure_anomaly_less/fire/000000085583_all__7.npy,fire
Pistachio/VAD/vit-features/train/normal/indoor_normal_less/000000021225_all__4.npy,Normal
Pistachio/VAD/vit-features/train/anomaly/commercial_anomaly_less/fire/000000363855_all__6.npy,fire
Pistachio/VAD/vit-features/train/normal/road_normal_less/000000036986_all__0.npy,Normal
Pistachio/VAD/vit-features/train/normal/commercial_normal_more/000000129239_all__4.npy,Normal
Pistachio/VAD/vit-features/train/normal/road_normal_more/000000139084_all__1.npy,Normal
Pistachio/VAD/vit-features/train/normal/industrial_normal_less/hd436_all__9.npy,Normal
Pistachio/VAD/vit-features/train/normal/road_normal_less/000000019583_all__3.npy,Normal
Pistachio/VAD/vit-features/train/anomaly/indoor_anomaly_less/fire/000000030225_all__6.npy,fire
Pistachio/VAD/vit-features/train/anomaly/industrial_anomaly_less/fire/hd689_all__5.npy,fire
Pistachio/VAD/vit-features/train/anomaly/commercial_anomaly_less/fire/000000154327_all__0.npy,fire
Pistachio/VAD/vit-features/train/normal/indoor_normal_less/000000075889_all__6.npy,Normal
Pistachio/VAD/vit-features/train/anomaly/industrial_anomaly_less/fire/hd244_all__4.npy,fire
Pistachio/VAD/vit-features/train/normal/industrial_normal_less/hd806_all__2.npy,Normal
Pistachio/VAD/vit-features/train/normal/indoor_normal_less/000000229162_all__3.npy,Normal
Pistachio/VAD/vit-features/train/anomaly/commercial_anomaly_less/fire/000000363282_all__0.npy,fire
Pistachio/VAD/vit-features/train/normal/industrial_normal_less/hd275_all__4.npy,Normal
Pistachio/VAD/vit-features/train/anomaly/commercial_anomaly_less/fire/000000092538_all__1.npy,fire
Pistachio/VAD/vit-features/train/anomaly/outdoor_anomaly_less/fire/000000249344_all__5.npy,fire
Pistachio/VAD/vit-features/train/anomaly/indoor_anomaly_more/fire/000000565156_all__4.npy,fire
Pistachio/VAD/vit-features/train/anomaly/infrastructure_anomaly_less/fire/000000065381_all__0.npy,fire
Pistachio/VAD/vit-features/train/anomaly/infrastructure_anomaly_less/fire/000000089581_all__0.npy,fire
Pistachio/VAD/vit-features/train/anomaly/indoor_anomaly_more/fire/000000005238_all__4.npy,fire
Pistachio/VAD/vit-features/train/anomaly/commercial_anomaly_less/fire/000000113575_all__3.npy,fire
Pistachio/VAD/vit-features/train/normal/industrial_normal_less/hd714_all__9.npy,Normal
Pistachio/VAD/vit-features/train/normal/indoor_normal_less/000000214994_all__0.npy,Normal
Pistachio/VAD/vit-features/train/anomaly/indoor_anomaly_more/fire/000000004948_all__0.npy,fire
Pistachio/VAD/vit-features/train/anomaly/infrastructure_anomaly_more/fire/000000102295_all__6.npy,fire
Pistachio/VAD/vit-features/train/normal/industrial_normal_less/hd529_all__7.npy,Normal
Pistachio/VAD/vit-features/train/anomaly/road_anomaly_less/fire/000000398043_all__3.npy,fire
Pistachio/VAD/vit-features/train/normal/industrial_normal_less/hd468_all__5.npy,Normal
Pistachio/VAD/vit-features/train/anomaly/road_anomaly_less/fire/000000365726_all__8.npy,fire
Pistachio/VAD/vit-features/train/anomaly/commercial_anomaly_more/fire/000000013041_all__9.npy,fire
Pistachio/VAD/vit-features/train/normal/road_normal_less/000000017516_all__5.npy,Normal
Pistachio/VAD/vit-features/train/normal/infrastructure_normal_less/800_jpg.rf.f60899e20e0b86342c76af040a7fe10a_all__5.npy,Normal
Pistachio/VAD/vit-features/train/normal/indoor_normal_less/000000219171_all__5.npy,Normal
Pistachio/VAD/vit-features/train/anomaly/indoor_anomaly_less/fire/000000030648_all__3.npy,fire
Pistachio/VAD/vit-features/train/anomaly/infrastructure_anomaly_more/fire/000000089581_all__7.npy,fire
Pistachio/VAD/vit-features/train/normal/indoor_normal_less/000000075594_all__4.npy,Normal
Pistachio/VAD/vit-features/train/anomaly/industrial_anomaly_less/fire/hd703_all__3.npy,fire
Pistachio/VAD/vit-features/train/anomaly/industrial_anomaly_less/fire/hd690_all__2.npy,fire
Pistachio/VAD/vit-features/train/normal/road_normal_more/000000125326_all__2.npy,Normal
Pistachio/VAD/vit-features/train/normal/indoor_normal_less/000000152121_all__5.npy,Normal
Pistachio/VAD/vit-features/train/anomaly/indoor_anomaly_less/fire/000000043628_all__3.npy,fire
Pistachio/VAD/vit-features/train/anomaly/infrastructure_anomaly_more/fire/000000093924_all__3.npy,fire
Pistachio/VAD/vit-features/train/normal/road_normal_less/000000024742_all__9.npy,Normal
Pistachio/VAD/vit-features/train/anomaly/road_anomaly_more/fire/000000118958_all__9.npy,fire
Pistachio/VAD/vit-features/train/anomaly/commercial_anomaly_more/fire/000000009264_all__4.npy,fire
Pistachio/VAD/vit-features/train/anomaly/infrastructure_anomaly_more/fire/000000101291_all__3.npy,fire
Pistachio/VAD/vit-features/train/anomaly/industrial_anomaly_less/fire/hd701_all__9.npy,fire
Pistachio/VAD/vit-features/train/anomaly/road_anomaly_more/fire/000000123200_all__3.npy,fire
Pistachio/VAD/vit-features/train/normal/road_normal_more/000000134957_all__7.npy,Normal
Pistachio/VAD/vit-features/train/anomaly/indoor_anomaly_more/fire/000000560194_all__1.npy,fire
Pistachio/VAD/vit-features/train/anomaly/commercial_anomaly_less/fire/000000038607_all__3.npy,fire
Pistachio/VAD/vit-features/train/normal/commercial_normal_less/000000046645_all__1.npy,Normal
Pistachio/VAD/vit-features/train/anomaly/indoor_anomaly_less/fire/000000023401_all__7.npy,fire
Pistachio/VAD/vit-features/train/anomaly/indoor_anomaly_more/fire/15649__2.npy,fire
Pistachio/VAD/vit-features/train/anomaly/infrastructure_anomaly_more/fire/000000068419_all__4.npy,fire
Pistachio/VAD/vit-features/train/anomaly/infrastructure_anomaly_more/fire/000000085583_all__0.npy,fire
Pistachio/VAD/vit-features/train/anomaly/outdoor_anomaly_less/fire/000000296100_all__6.npy,fire
Pistachio/VAD/vit-features/train/normal/infrastructure_normal_less/000000373944_all__6.npy,Normal
Pistachio/VAD/vit-features/train/normal/road_normal_less/000000044095_all__1.npy,Normal
Pistachio/VAD/vit-features/train/anomaly/commercial_anomaly_less/fire/000000040631_all__4.npy,fire
Pistachio/VAD/vit-features/train/anomaly/industrial_anomaly_less/fire/hd689_all__4.npy,fire
Pistachio/VAD/vit-features/train/normal/road_normal_less/000000031724_all__9.npy,Normal
Pistachio/VAD/vit-features/train/normal/indoor_normal_less/000000138502_all__3.npy,Normal
Pistachio/VAD/vit-features/train/anomaly/industrial_anomaly_less/fire/hd688_all__6.npy,fire
Pistachio/VAD/vit-features/train/anomaly/industrial_anomaly_more/fire/000000005134_all__8.npy,fire
Pistachio/VAD/vit-features/train/normal/indoor_normal_less/000000061872_all__2.npy,Normal
Pistachio/VAD/vit-features/train/normal/road_normal_more/000000129467_all__2.npy,Normal
Pistachio/VAD/vit-features/train/normal/indoor_normal_more/000000312874_all__6.npy,Normal
Pistachio/VAD/vit-features/train/anomaly/industrial_anomaly_less/fire/hd700_all__4.npy,fire
Pistachio/VAD/vit-features/train/anomaly/outdoor_anomaly_less/fire/000000249344_all__7.npy,fire
Pistachio/VAD/vit-features/train/anomaly/outdoor_anomaly_more/fire/000000019340_all__2.npy,fire
Pistachio/VAD/vit-features/train/normal/commercial_normal_more/000000136794_all__8.npy,Normal
Pistachio/VAD/vit-features/train/normal/indoor_normal_less/000000235821_all__7.npy,Normal
Pistachio/VAD/vit-features/train/normal/commercial_normal_more/000000128062_all__1.npy,Normal
Pistachio/VAD/vit-features/train/normal/indoor_normal_less/000000150802_all__1.npy,Normal
Pistachio/VAD/vit-features/train/anomaly/commercial_anomaly_less/fire/000000360977_all__0.npy,fire
Pistachio/VAD/vit-features/train/normal/industrial_normal_less/hd388_all__0.npy,Normal
Pistachio/VAD/vit-features/train/normal/indoor_normal_less/000000083491_all__4.npy,Normal
Pistachio/VAD/vit-features/train/anomaly/indoor_anomaly_more/fire/000000565156_all__8.npy,fire
Pistachio/VAD/vit-features/train/normal/indoor_normal_more/000000323292_all__0.npy,Normal
Pistachio/VAD/vit-features/train/normal/commercial_normal_less/000000077322_all__2.npy,Normal
Pistachio/VAD/vit-features/train/anomaly/commercial_anomaly_less/fire/000000040631_all__2.npy,fire
Pistachio/VAD/vit-features/train/normal/commercial_normal_less/000000051491_all__1.npy,Normal
Pistachio/VAD/vit-features/train/normal/outdoor_normal_less/000000020594_all__7.npy,Normal
Pistachio/VAD/vit-features/train/anomaly/commercial_anomaly_less/fire/000000362277_all__5.npy,fire
Pistachio/VAD/vit-features/train/anomaly/road_anomaly_less/fire/000000365726_all__9.npy,fire
Pistachio/VAD/vit-features/train/normal/industrial_normal_less/hd540_all__9.npy,Normal
Pistachio/VAD/vit-features/train/normal/indoor_normal_less/000000205060_all__0.npy,Normal
Pistachio/VAD/vit-features/train/anomaly/indoor_anomaly_more/fire/000000564525_all__2.npy,fire
Pistachio/VAD/vit-features/train/anomaly/infrastructure_anomaly_less/fire/000000102295_all__8.npy,fire
Pistachio/VAD/vit-features/train/anomaly/industrial_anomaly_less/fire/hd701_all__0.npy,fire
Pistachio/VAD/vit-features/train/anomaly/commercial_anomaly_less/fire/000000363282_all__4.npy,fire
Pistachio/VAD/vit-features/train/anomaly/road_anomaly_more/fire/000000169283_all__8.npy,fire
Pistachio/VAD/vit-features/train/anomaly/outdoor_anomaly_less/fire/000000349509_all__7.npy,fire
Pistachio/VAD/vit-features/train/anomaly/industrial_anomaly_less/fire/hd686_all__1.npy,fire
Pistachio/VAD/vit-features/train/normal/industrial_normal_less/hd04_all__4.npy,Normal
Pistachio/VAD/vit-features/train/normal/road_normal_less/000000012697_all__5.npy,Normal
Pistachio/VAD/vit-features/train/normal/industrial_normal_more/hd356_all__5.npy,Normal
Pistachio/VAD/vit-features/train/normal/infrastructure_normal_less/709_jpg.rf.2d4db71d8d77ed94e767820211a87332_all__1.npy,Normal
Pistachio/VAD/vit-features/train/normal/road_normal_more/000000131091_all__9.npy,Normal
Pistachio/VAD/vit-features/train/normal/industrial_normal_more/hd932_all__1.npy,Normal
Pistachio/VAD/vit-features/train/anomaly/road_anomaly_less/fire/000000237901_all__5.npy,fire
Pistachio/VAD/vit-features/train/anomaly/indoor_anomaly_less/fire/000000030225_all__7.npy,fire
Pistachio/VAD/vit-features/train/normal/outdoor_normal_less/000000019274_all__5.npy,Normal
Pistachio/VAD/vit-features/train/anomaly/outdoor_anomaly_less/fire/000000238362_all__6.npy,fire
Pistachio/VAD/vit-features/train/anomaly/commercial_anomaly_more/fire/000000012889_all__4.npy,fire
Pistachio/VAD/vit-features/train/anomaly/infrastructure_anomaly_less/fire/000000093924_all__6.npy,fire
Pistachio/VAD/vit-features/train/normal/commercial_normal_less/000000056180_all__3.npy,Normal
Pistachio/VAD/vit-features/train/normal/outdoor_normal_less/000000087313_all__2.npy,Normal
Pistachio/VAD/vit-features/train/normal/indoor_normal_more/000000327142_all__3.npy,Normal
Pistachio/VAD/vit-features/train/normal/outdoor_normal_less/000000087313_all__9.npy,Normal
Pistachio/VAD/vit-features/train/anomaly/commercial_anomaly_more/fire/000000012032_all__9.npy,fire
Pistachio/VAD/vit-features/train/anomaly/indoor_anomaly_more/fire/000000551079_all__9.npy,fire
Pistachio/VAD/vit-features/train/anomaly/road_anomaly_more/fire/000000052105_all__7.npy,fire
Pistachio/VAD/vit-features/train/anomaly/indoor_anomaly_less/fire/000000064745_all__0.npy,fire
Pistachio/VAD/vit-features/train/anomaly/commercial_anomaly_less/fire/000000360977_all__9.npy,fire
Pistachio/VAD/vit-features/train/anomaly/industrial_anomaly_less/fire/hd691_all__2.npy,fire
Pistachio/VAD/vit-features/train/normal/outdoor_normal_less/000000016103_all__3.npy,Normal
Pistachio/VAD/vit-features/train/anomaly/outdoor_anomaly_less/fire/000000249344_all__4.npy,fire
Pistachio/VAD/vit-features/train/normal/infrastructure_normal_less/FFRG7F9YRLWI_all__8.npy,Normal
Pistachio/VAD/vit-features/train/anomaly/road_anomaly_less/fire/000000134505_all__8.npy,fire
Pistachio/VAD/vit-features/train/normal/industrial_normal_less/hd645_all__9.npy,Normal
Pistachio/VAD/vit-features/train/normal/outdoor_normal_less/000000007750_all__4.npy,Normal
Pistachio/VAD/vit-features/train/anomaly/indoor_anomaly_less/fire/000000021016_all__1.npy,fire
Pistachio/VAD/vit-features/train/normal/industrial_normal_more/000000495968_all__9.npy,Normal
Pistachio/VAD/vit-features/train/normal/indoor_normal_more/000000305816_all__7.npy,Normal
Pistachio/VAD/vit-features/train/anomaly/commercial_anomaly_less/fire/000000092538_all__9.npy,fire
Pistachio/VAD/vit-features/train/normal/industrial_normal_less/hd806_all__4.npy,Normal
Pistachio/VAD/vit-features/train/anomaly/industrial_anomaly_less/fire/hd692_all__6.npy,fire
Pistachio/VAD/vit-features/train/anomaly/industrial_anomaly_less/fire/hd697_all__7.npy,fire
Pistachio/VAD/vit-features/train/anomaly/commercial_anomaly_less/fire/000000362277_all__7.npy,fire
Pistachio/VAD/vit-features/train/anomaly/commercial_anomaly_less/fire/000000154327_all__4.npy,fire
Pistachio/VAD/vit-features/train/anomaly/indoor_anomaly_less/fire/000000021016_all__3.npy,fire
Pistachio/VAD/vit-features/train/anomaly/road_anomaly_more/fire/000000071075_all__4.npy,fire
Pistachio/VAD/vit-features/train/anomaly/industrial_anomaly_more/fire/000000159221_all__3.npy,fire
Pistachio/VAD/vit-features/train/anomaly/road_anomaly_more/fire/000000123200_all__0.npy,fire
Pistachio/VAD/vit-features/train/anomaly/outdoor_anomaly_more/fire/000000008826_all__8.npy,fire
Pistachio/VAD/vit-features/train/normal/indoor_normal_less/000000017211_all__4.npy,Normal
Pistachio/VAD/vit-features/train/anomaly/infrastructure_anomaly_more/fire/000000068419_all__0.npy,fire
Pistachio/VAD/vit-features/train/normal/commercial_normal_less/000000027107_all__1.npy,Normal
Pistachio/VAD/vit-features/train/normal/infrastructure_normal_less/TY3ULUM99AI9_all__1.npy,Normal
Pistachio/VAD/vit-features/train/normal/commercial_normal_less/000000056271_all__1.npy,Normal
Pistachio/VAD/vit-features/train/anomaly/industrial_anomaly_less/fire/hd691_all__4.npy,fire
Pistachio/VAD/vit-features/train/anomaly/indoor_anomaly_less/fire/000000061445_all__7.npy,fire
Pistachio/VAD/vit-features/train/anomaly/commercial_anomaly_less/fire/000000363062_all__1.npy,fire
Pistachio/VAD/vit-features/train/anomaly/industrial_anomaly_less/fire/hd697_all__1.npy,fire
Pistachio/VAD/vit-features/train/normal/indoor_normal_less/000000136741_all__4.npy,Normal
Pistachio/VAD/vit-features/train/normal/industrial_normal_less/hd692_all__1.npy,Normal
Pistachio/VAD/vit-features/train/normal/outdoor_normal_less/000000010636_all__9.npy,Normal
Pistachio/VAD/vit-features/train/normal/infrastructure_normal_less/000000233134_all__5.npy,Normal
Pistachio/VAD/vit-features/train/anomaly/road_anomaly_more/fire/000000071075_all__9.npy,fire
Pistachio/VAD/vit-features/train/anomaly/indoor_anomaly_more/fire/000000004948_all__3.npy,fire
Pistachio/VAD/vit-features/train/anomaly/commercial_anomaly_less/fire/000000362277_all__4.npy,fire
Pistachio/VAD/vit-features/train/anomaly/industrial_anomaly_less/fire/hd698_all__0.npy,fire
Pistachio/VAD/vit-features/train/normal/indoor_normal_less/000000136362_all__7.npy,Normal
Pistachio/VAD/vit-features/train/anomaly/indoor_anomaly_less/fire/000000054707_all__3.npy,fire
Pistachio/VAD/vit-features/train/anomaly/commercial_anomaly_less/fire/000000125381_all__2.npy,fire
Pistachio/VAD/vit-features/train/anomaly/outdoor_anomaly_less/fire/000000349509_all__6.npy,fire
Pistachio/VAD/vit-features/train/anomaly/industrial_anomaly_less/fire/hd690_all__7.npy,fire
Pistachio/VAD/vit-features/train/anomaly/indoor_anomaly_more/fire/000000562945_all__3.npy,fire
Pistachio/VAD/vit-features/train/anomaly/commercial_anomaly_more/fire/000000007578_all__1.npy,fire
Pistachio/VAD/vit-features/train/normal/indoor_normal_less/000000078634_all__2.npy,Normal
Pistachio/VAD/vit-features/train/normal/industrial_normal_less/hd730_all__5.npy,Normal
Pistachio/VAD/vit-features/train/normal/road_normal_less/000000038483_all__3.npy,Normal
Pistachio/VAD/vit-features/train/anomaly/road_anomaly_less/fire/000000030765_all__6.npy,fire
Pistachio/VAD/vit-features/train/normal/road_normal_less/000000048059_all__0.npy,Normal
Pistachio/VAD/vit-features/train/anomaly/outdoor_anomaly_less/fire/000000361906_all__6.npy,fire
Pistachio/VAD/vit-features/train/anomaly/indoor_anomaly_more/fire/000000004948_all__6.npy,fire
Pistachio/VAD/vit-features/train/normal/industrial_normal_more/000000008997_all__2.npy,Normal
Pistachio/VAD/vit-features/train/normal/infrastructure_normal_less/000000017007_all__9.npy,Normal
Pistachio/VAD/vit-features/train/anomaly/outdoor_anomaly_less/fire/000000349509_all__8.npy,fire
Pistachio/VAD/vit-features/train/anomaly/industrial_anomaly_less/fire/hd688_all__7.npy,fire
Pistachio/VAD/vit-features/train/anomaly/industrial_anomaly_less/fire/hd688_all__0.npy,fire
Pistachio/VAD/vit-features/train/anomaly/industrial_anomaly_less/fire/hd704_all__4.npy,fire
Pistachio/VAD/vit-features/train/normal/commercial_normal_less/000000039370_all__9.npy,Normal
Pistachio/VAD/vit-features/train/anomaly/infrastructure_anomaly_less/fire/000000068419_all__0.npy,fire
Pistachio/VAD/vit-features/train/anomaly/indoor_anomaly_less/fire/000000063678_all__1.npy,fire
Pistachio/VAD/vit-features/train/anomaly/outdoor_anomaly_less/fire/000000238362_all__2.npy,fire
Pistachio/VAD/vit-features/train/normal/industrial_normal_less/hd685_all__4.npy,Normal
Pistachio/VAD/vit-features/train/normal/infrastructure_normal_less/000000501974_all__8.npy,Normal
Pistachio/VAD/vit-features/train/normal/industrial_normal_less/hd222_all__8.npy,Normal
Pistachio/VAD/vit-features/train/anomaly/indoor_anomaly_less/fire/000000031095_all__4.npy,fire
Pistachio/VAD/vit-features/train/anomaly/indoor_anomaly_more/fire/000000560194_all__4.npy,fire
Pistachio/VAD/vit-features/train/normal/outdoor_normal_less/000000012376_all__6.npy,Normal
Pistachio/VAD/vit-features/train/anomaly/industrial_anomaly_less/fire/hd708_all__1.npy,fire
Pistachio/VAD/vit-features/train/normal/industrial_normal_less/hd018_all__7.npy,Normal
Pistachio/VAD/vit-features/train/normal/commercial_normal_less/000000050928_all__3.npy,Normal
Pistachio/VAD/vit-features/train/anomaly/outdoor_anomaly_less/fire/000000339205_all__4.npy,fire
Pistachio/VAD/vit-features/train/normal/road_normal_less/000000037435_all__3.npy,Normal
Pistachio/VAD/vit-features/train/anomaly/industrial_anomaly_less/fire/hd709_all__9.npy,fire
Pistachio/VAD/vit-features/train/normal/infrastructure_normal_less/TAK1CWNIXY58_all__1.npy,Normal
Pistachio/VAD/vit-features/train/normal/indoor_normal_less/000000019792_all__2.npy,Normal
Pistachio/VAD/vit-features/train/normal/industrial_normal_less/hd488_all__3.npy,Normal
Pistachio/VAD/vit-features/train/anomaly/indoor_anomaly_less/fire/000000062058_all__3.npy,fire
Pistachio/VAD/vit-features/train/anomaly/indoor_anomaly_less/fire/000000030648_all__1.npy,fire
Pistachio/VAD/vit-features/train/normal/commercial_normal_more/000000129239_all__2.npy,Normal
Pistachio/VAD/vit-features/train/anomaly/infrastructure_anomaly_more/fire/000000102295_all__7.npy,fire
Pistachio/VAD/vit-features/train/anomaly/road_anomaly_less/fire/000000321465_all__9.npy,fire
Pistachio/VAD/vit-features/train/normal/outdoor_normal_less/hd540_all__7.npy,Normal
Pistachio/VAD/vit-features/train/anomaly/infrastructure_anomaly_less/fire/000000068419_all__8.npy,fire
Pistachio/VAD/vit-features/train/normal/infrastructure_normal_less/E3P5PA6S8YM2_all__6.npy,Normal
Pistachio/VAD/vit-features/train/normal/road_normal_less/000000023049_all__3.npy,Normal
Pistachio/VAD/vit-features/train/normal/indoor_normal_less/000000151924_all__2.npy,Normal
Pistachio/VAD/vit-features/train/anomaly/road_anomaly_less/fire/000000274742_all__1.npy,fire
Pistachio/VAD/vit-features/train/normal/road_normal_more/000000129617_all__8.npy,Normal
Pistachio/VAD/vit-features/train/anomaly/infrastructure_anomaly_more/fire/000000089581_all__4.npy,fire
Pistachio/VAD/vit-features/train/anomaly/indoor_anomaly_more/fire/000000007493_all__2.npy,fire
Pistachio/VAD/vit-features/train/anomaly/outdoor_anomaly_less/fire/000000339205_all__1.npy,fire
Pistachio/VAD/vit-features/train/anomaly/indoor_anomaly_more/fire/15649__7.npy,fire
Pistachio/VAD/vit-features/train/anomaly/commercial_anomaly_less/fire/000000040631_all__3.npy,fire
Pistachio/VAD/vit-features/train/normal/indoor_normal_less/000000063494_all__2.npy,Normal
Pistachio/VAD/vit-features/train/anomaly/road_anomaly_less/fire/000000030765_all__1.npy,fire
Pistachio/VAD/vit-features/train/normal/infrastructure_normal_more/000000363918_all__2.npy,Normal
Pistachio/VAD/vit-features/train/anomaly/indoor_anomaly_less/fire/000000064745_all__4.npy,fire
Pistachio/VAD/vit-features/train/anomaly/industrial_anomaly_less/fire/hd708_all__8.npy,fire
Pistachio/VAD/vit-features/train/normal/infrastructure_normal_less/000000009995_all__0.npy,Normal
Pistachio/VAD/vit-features/train/normal/road_normal_more/000000125068_all__9.npy,Normal
Pistachio/VAD/vit-features/train/normal/outdoor_normal_more/000000295354_all__8.npy,Normal
Pistachio/VAD/vit-features/train/normal/industrial_normal_less/hd10_all__8.npy,Normal
Pistachio/VAD/vit-features/train/anomaly/industrial_anomaly_less/fire/hd696_all__2.npy,fire
Pistachio/VAD/vit-features/train/normal/outdoor_normal_more/000000010550_all__1.npy,Normal
Pistachio/VAD/vit-features/train/anomaly/industrial_anomaly_less/fire/hd687_all__1.npy,fire
Pistachio/VAD/vit-features/train/anomaly/indoor_anomaly_more/fire/000000560194_all__6.npy,fire
Pistachio/VAD/vit-features/train/anomaly/outdoor_anomaly_less/fire/000000296100_all__9.npy,fire
Pistachio/VAD/vit-features/train/normal/infrastructure_normal_less/Y5S9RL7GXHN0_all__6.npy,Normal
Pistachio/VAD/vit-features/train/normal/industrial_normal_less/hd302_all__5.npy,Normal
Pistachio/VAD/vit-features/train/anomaly/indoor_anomaly_less/fire/000000043628_all__8.npy,fire
Pistachio/VAD/vit-features/train/anomaly/indoor_anomaly_more/fire/000000564525_all__9.npy,fire
Pistachio/VAD/vit-features/train/normal/indoor_normal_less/000000016723_all__8.npy,Normal
Pistachio/VAD/vit-features/train/anomaly/infrastructure_anomaly_less/fire/000000101833_all__4.npy,fire
Pistachio/VAD/vit-features/train/normal/indoor_normal_less/000000072347_all__1.npy,Normal
Pistachio/VAD/vit-features/train/normal/outdoor_normal_less/hd6721_all__1.npy,Normal
Pistachio/VAD/vit-features/train/normal/road_normal_less/000000038483_all__7.npy,Normal
Pistachio/VAD/vit-features/train/normal/road_normal_less/000000497890_all__0.npy,Normal
Pistachio/VAD/vit-features/train/normal/road_normal_less/000000042911_all__3.npy,Normal
Pistachio/VAD/vit-features/train/normal/road_normal_less/000000041202_all__6.npy,Normal
Pistachio/VAD/vit-features/train/normal/industrial_normal_less/hd834_all__1.npy,Normal
Pistachio/VAD/vit-features/train/normal/indoor_normal_more/000000332698_all__0.npy,Normal
Pistachio/VAD/vit-features/train/anomaly/indoor_anomaly_less/fire/000000040353_all__3.npy,fire
Pistachio/VAD/vit-features/train/anomaly/infrastructure_anomaly_less/fire/000000102295_all__5.npy,fire
Pistachio/VAD/vit-features/train/normal/road_normal_less/000000034809_all__7.npy,Normal
Pistachio/VAD/vit-features/train/anomaly/commercial_anomaly_less/fire/000000040631_all__9.npy,fire
Pistachio/VAD/vit-features/train/normal/infrastructure_normal_less/000000510443_all__7.npy,Normal
Pistachio/VAD/vit-features/train/normal/industrial_normal_less/hd403_all__1.npy,Normal
Pistachio/VAD/vit-features/train/normal/road_normal_less/000000020331_all__7.npy,Normal
Pistachio/VAD/vit-features/train/normal/commercial_normal_less/000000082911_all__8.npy,Normal
Pistachio/VAD/vit-features/train/normal/outdoor_normal_less/000000023414_all__4.npy,Normal
Pistachio/VAD/vit-features/train/anomaly/infrastructure_anomaly_more/fire/000000060652_all__8.npy,fire
Pistachio/VAD/vit-features/train/normal/indoor_normal_more/000000314456_all__0.npy,Normal
Pistachio/VAD/vit-features/train/anomaly/outdoor_anomaly_less/fire/000000238362_all__8.npy,fire
Pistachio/VAD/vit-features/train/anomaly/infrastructure_anomaly_less/fire/000000060652_all__0.npy,fire
Pistachio/VAD/vit-features/train/anomaly/indoor_anomaly_more/fire/000000005238_all__8.npy,fire
Pistachio/VAD/vit-features/train/anomaly/infrastructure_anomaly_more/fire/000000093924_all__6.npy,fire
Pistachio/VAD/vit-features/train/normal/commercial_normal_less/000000038607_all__3.npy,Normal
Pistachio/VAD/vit-features/train/anomaly/indoor_anomaly_less/fire/000000044363_all__1.npy,fire
Pistachio/VAD/vit-features/train/anomaly/road_anomaly_more/fire/000000118958_all__3.npy,fire
Pistachio/VAD/vit-features/train/normal/road_normal_less/000000017929_all__8.npy,Normal
Pistachio/VAD/vit-features/train/anomaly/indoor_anomaly_less/fire/000000024178_all__4.npy,fire
Pistachio/VAD/vit-features/train/normal/road_normal_more/000000129617_all__6.npy,Normal
Pistachio/VAD/vit-features/train/normal/industrial_normal_less/000000345794_all__7.npy,Normal
Pistachio/VAD/vit-features/train/anomaly/outdoor_anomaly_less/fire/000000349509_all__4.npy,fire
Pistachio/VAD/vit-features/train/anomaly/indoor_anomaly_less/fire/000000064745_all__8.npy,fire
Pistachio/VAD/vit-features/train/normal/infrastructure_normal_more/000000443217_all__6.npy,Normal
Pistachio/VAD/vit-features/train/anomaly/commercial_anomaly_less/fire/000000038607_all__2.npy,fire
Pistachio/VAD/vit-features/train/anomaly/infrastructure_anomaly_less/fire/000000102295_all__0.npy,fire
Pistachio/VAD/vit-features/train/anomaly/indoor_anomaly_more/fire/000000553868_all__6.npy,fire
Pistachio/VAD/vit-features/train/anomaly/commercial_anomaly_less/fire/000000367916_all__4.npy,fire
Pistachio/VAD/vit-features/train/normal/commercial_normal_less/000000357778_all__3.npy,Normal
Pistachio/VAD/vit-features/train/anomaly/industrial_anomaly_more/fire/000000159221_all__9.npy,fire
Pistachio/VAD/vit-features/train/anomaly/commercial_anomaly_less/fire/000000367916_all__7.npy,fire
Pistachio/VAD/vit-features/train/normal/outdoor_normal_less/hd502_all__3.npy,Normal
Pistachio/VAD/vit-features/train/normal/indoor_normal_less/000000036647_all__6.npy,Normal
Pistachio/VAD/vit-features/train/anomaly/infrastructure_anomaly_more/fire/000000089581_all__9.npy,fire
Pistachio/VAD/vit-features/train/anomaly/infrastructure_anomaly_less/fire/000000060652_all__2.npy,fire
Pistachio/VAD/vit-features/train/anomaly/industrial_anomaly_less/fire/hd708_all__5.npy,fire
Pistachio/VAD/vit-features/train/normal/infrastructure_normal_less/000000430119_all__0.npy,Normal
Pistachio/VAD/vit-features/train/normal/infrastructure_normal_less/000000233134_all__3.npy,Normal
Pistachio/VAD/vit-features/train/anomaly/indoor_anomaly_less/fire/000000062058_all__7.npy,fire
Pistachio/VAD/vit-features/train/anomaly/infrastructure_anomaly_more/fire/000000060652_all__3.npy,fire
Pistachio/VAD/vit-features/train/normal/industrial_normal_more/000000580299_all__5.npy,Normal
Pistachio/VAD/vit-features/train/anomaly/commercial_anomaly_less/fire/000000477236_all__9.npy,fire
Pistachio/VAD/vit-features/train/normal/road_normal_more/000000138091_all__6.npy,Normal
Pistachio/VAD/vit-features/train/normal/indoor_normal_less/000000056654_all__4.npy,Normal
Pistachio/VAD/vit-features/train/anomaly/infrastructure_anomaly_more/fire/000000093924_all__9.npy,fire
Pistachio/VAD/vit-features/train/anomaly/industrial_anomaly_less/fire/hd689_all__1.npy,fire
Pistachio/VAD/vit-features/train/anomaly/indoor_anomaly_less/fire/000000031095_all__5.npy,fire
Pistachio/VAD/vit-features/train/anomaly/commercial_anomaly_less/fire/000000363556_all__5.npy,fire
Pistachio/VAD/vit-features/train/normal/outdoor_normal_more/000000182057_all__0.npy,Normal
Pistachio/VAD/vit-features/train/anomaly/industrial_anomaly_less/fire/hd695_all__3.npy,fire
Pistachio/VAD/vit-features/train/anomaly/commercial_anomaly_more/fire/000000012889_all__5.npy,fire
Pistachio/VAD/vit-features/train/normal/indoor_normal_less/000000029549_all__1.npy,Normal
Pistachio/VAD/vit-features/train/normal/road_normal_less/000000033961_all__6.npy,Normal
Pistachio/VAD/vit-features/train/normal/indoor_normal_less/000000023181_all__3.npy,Normal
Pistachio/VAD/vit-features/train/anomaly/road_anomaly_less/fire/000000274742_all__3.npy,fire
Pistachio/VAD/vit-features/train/normal/commercial_normal_more/000000129291_all__8.npy,Normal
Pistachio/VAD/vit-features/train/anomaly/indoor_anomaly_more/fire/000000545215_all__3.npy,fire
Pistachio/VAD/vit-features/train/anomaly/commercial_anomaly_less/fire/000000367916_all__5.npy,fire
Pistachio/VAD/vit-features/train/anomaly/outdoor_anomaly_less/fire/000000361906_all__4.npy,fire
Pistachio/VAD/vit-features/train/anomaly/commercial_anomaly_less/fire/000000154327_all__1.npy,fire
Pistachio/VAD/vit-features/train/normal/industrial_normal_less/hd638_all__9.npy,Normal
Pistachio/VAD/vit-features/train/anomaly/indoor_anomaly_less/fire/000000061445_all__2.npy,fire
Pistachio/VAD/vit-features/train/normal/indoor_normal_less/000000247558_all__0.npy,Normal
Pistachio/VAD/vit-features/train/normal/industrial_normal_less/hd619_all__9.npy,Normal
Pistachio/VAD/vit-features/train/anomaly/infrastructure_anomaly_more/fire/000000085583_all__9.npy,fire
Pistachio/VAD/vit-features/train/normal/road_normal_less/000000014545_all__9.npy,Normal
Pistachio/VAD/vit-features/train/anomaly/industrial_anomaly_less/fire/hd702_all__2.npy,fire
Pistachio/VAD/vit-features/train/normal/infrastructure_normal_less/000000151014_all__2.npy,Normal
Pistachio/VAD/vit-features/train/anomaly/indoor_anomaly_less/fire/000000040353_all__7.npy,fire
Pistachio/VAD/vit-features/train/anomaly/infrastructure_anomaly_more/fire/000000065381_all__3.npy,fire
Pistachio/VAD/vit-features/train/anomaly/indoor_anomaly_less/fire/000000027346_all__5.npy,fire
Pistachio/VAD/vit-features/train/normal/indoor_normal_more/000000328506_all__4.npy,Normal
Pistachio/VAD/vit-features/train/normal/indoor_normal_less/000000082009_all__0.npy,Normal
Pistachio/VAD/vit-features/train/anomaly/indoor_anomaly_more/fire/000000006479_all__3.npy,fire
Pistachio/VAD/vit-features/train/normal/industrial_normal_less/hd142_all__3.npy,Normal
Pistachio/VAD/vit-features/train/anomaly/indoor_anomaly_more/fire/000000009459_all__8.npy,fire
Pistachio/VAD/vit-features/train/anomaly/commercial_anomaly_more/fire/000000012032_all__1.npy,fire
Pistachio/VAD/vit-features/train/normal/infrastructure_normal_less/200_jpg.rf.47408d1c19d245a69f47bc9e1f708e70_all__7.npy,Normal
Pistachio/VAD/vit-features/train/anomaly/infrastructure_anomaly_more/fire/000000096686_all__6.npy,fire
Pistachio/VAD/vit-features/train/anomaly/industrial_anomaly_less/fire/hd700_all__2.npy,fire
Pistachio/VAD/vit-features/train/normal/outdoor_normal_less/BSP374UY4K2J_all__9.npy,Normal
Pistachio/VAD/vit-features/train/anomaly/indoor_anomaly_less/fire/000000021016_all__9.npy,fire
Pistachio/VAD/vit-features/train/anomaly/commercial_anomaly_more/fire/000000012032_all__6.npy,fire
Pistachio/VAD/vit-features/train/normal/commercial_normal_less/000000086382_all__8.npy,Normal
Pistachio/VAD/vit-features/train/normal/road_normal_less/000000038401_all__3.npy,Normal
Pistachio/VAD/vit-features/train/normal/commercial_normal_less/000000040528_all__3.npy,Normal
Pistachio/VAD/vit-features/train/normal/outdoor_normal_less/hd524_all__1.npy,Normal
Pistachio/VAD/vit-features/train/normal/infrastructure_normal_more/000000501974_all__7.npy,Normal
Pistachio/VAD/vit-features/train/anomaly/outdoor_anomaly_less/fire/000000249344_all__3.npy,fire
Pistachio/VAD/vit-features/train/normal/commercial_normal_less/000000082717_all__9.npy,Normal
Pistachio/VAD/vit-features/train/anomaly/outdoor_anomaly_less/fire/000000349509_all__9.npy,fire
Pistachio/VAD/vit-features/train/normal/industrial_normal_more/000000358602_all__0.npy,Normal
Pistachio/VAD/vit-features/train/anomaly/indoor_anomaly_more/fire/000000564525_all__4.npy,fire
Pistachio/VAD/vit-features/train/anomaly/road_anomaly_more/fire/000000123200_all__5.npy,fire
Pistachio/VAD/vit-features/train/anomaly/infrastructure_anomaly_more/fire/000000093924_all__1.npy,fire
Pistachio/VAD/vit-features/train/anomaly/road_anomaly_less/fire/000000346775_all__3.npy,fire
Pistachio/VAD/vit-features/train/anomaly/outdoor_anomaly_less/fire/000000217004_all__4.npy,fire
Pistachio/VAD/vit-features/train/normal/infrastructure_normal_less/bv72_jpg.rf.9819efcce119a38939eaaf4ad38e103c_all__0.npy,Normal
Pistachio/VAD/vit-features/train/anomaly/indoor_anomaly_less/fire/000000030225_all__9.npy,fire
Pistachio/VAD/vit-features/train/normal/indoor_normal_less/000000215846_all__5.npy,Normal
Pistachio/VAD/vit-features/train/normal/industrial_normal_less/hd808_all__8.npy,Normal
Pistachio/VAD/vit-features/train/anomaly/infrastructure_anomaly_more/fire/000000101833_all__9.npy,fire
Pistachio/VAD/vit-features/train/anomaly/commercial_anomaly_less/fire/000000360977_all__8.npy,fire
Pistachio/VAD/vit-features/train/normal/road_normal_less/000000048758_all__5.npy,Normal
Pistachio/VAD/vit-features/train/anomaly/outdoor_anomaly_less/fire/000000339205_all__0.npy,fire
Pistachio/VAD/vit-features/train/anomaly/indoor_anomaly_more/fire/000000005238_all__9.npy,fire
Pistachio/VAD/vit-features/train/anomaly/indoor_anomaly_less/fire/000000043628_all__1.npy,fire
Pistachio/VAD/vit-features/train/anomaly/indoor_anomaly_more/fire/1459__6.npy,fire
Pistachio/VAD/vit-features/train/anomaly/indoor_anomaly_less/fire/000000040353_all__6.npy,fire
Pistachio/VAD/vit-features/train/anomaly/industrial_anomaly_less/fire/hd688_all__2.npy,fire
Pistachio/VAD/vit-features/train/anomaly/indoor_anomaly_more/fire/15649__1.npy,fire
Pistachio/VAD/vit-features/train/normal/industrial_normal_more/000000190725_all__4.npy,Normal
Pistachio/VAD/vit-features/train/normal/outdoor_normal_less/000000029549_all__5.npy,Normal
Pistachio/VAD/vit-features/train/normal/outdoor_normal_less/000000016650_all__0.npy,Normal
Pistachio/VAD/vit-features/train/normal/infrastructure_normal_more/000000299142_all__5.npy,Normal
Pistachio/VAD/vit-features/train/normal/indoor_normal_more/000000337025_all__6.npy,Normal
Pistachio/VAD/vit-features/train/normal/industrial_normal_less/hd455_all__1.npy,Normal
Pistachio/VAD/vit-features/train/anomaly/infrastructure_anomaly_less/fire/000000101833_all__0.npy,fire
Pistachio/VAD/vit-features/train/anomaly/industrial_anomaly_less/fire/hd697_all__4.npy,fire
Pistachio/VAD/vit-features/train/anomaly/commercial_anomaly_less/fire/000000303278_all__6.npy,fire
Pistachio/VAD/vit-features/train/anomaly/outdoor_anomaly_less/fire/000000234482_all__8.npy,fire
Pistachio/VAD/vit-features/train/anomaly/infrastructure_anomaly_more/fire/000000101833_all__8.npy,fire
Pistachio/VAD/vit-features/train/anomaly/industrial_anomaly_less/fire/hd244_all__9.npy,fire
Pistachio/VAD/vit-features/train/normal/outdoor_normal_more/000000021274_all__2.npy,Normal
Pistachio/VAD/vit-features/train/anomaly/indoor_anomaly_more/fire/15649__5.npy,fire
Pistachio/VAD/vit-features/train/anomaly/industrial_anomaly_less/fire/hd689_all__2.npy,fire
Pistachio/VAD/vit-features/train/normal/infrastructure_normal_less/000000424280_all__0.npy,Normal
Pistachio/VAD/vit-features/train/normal/outdoor_normal_less/hd6641_all__8.npy,Normal
Pistachio/VAD/vit-features/train/anomaly/road_anomaly_less/fire/000000134505_all__0.npy,fire
Pistachio/VAD/vit-features/train/anomaly/outdoor_anomaly_less/fire/000000238362_all__9.npy,fire
Pistachio/VAD/vit-features/train/normal/indoor_normal_less/000000058154_all__5.npy,Normal
Pistachio/VAD/vit-features/train/anomaly/industrial_anomaly_more/fire/000000159221_all__6.npy,fire
Pistachio/VAD/vit-features/train/anomaly/road_anomaly_less/fire/000000379835_all__2.npy,fire
Pistachio/VAD/vit-features/train/anomaly/indoor_anomaly_more/fire/000000009459_all__2.npy,fire
Pistachio/VAD/vit-features/train/anomaly/indoor_anomaly_more/fire/6834__1.npy,fire
Pistachio/VAD/vit-features/train/anomaly/industrial_anomaly_less/fire/hd703_all__5.npy,fire
Pistachio/VAD/vit-features/train/anomaly/infrastructure_anomaly_less/fire/000000101833_all__3.npy,fire
Pistachio/VAD/vit-features/train/normal/industrial_normal_less/hd1000_all__5.npy,Normal
Pistachio/VAD/vit-features/train/normal/indoor_normal_less/000000231336_all__9.npy,Normal
Pistachio/VAD/vit-features/train/normal/commercial_normal_less/000000075098_all__3.npy,Normal
Pistachio/VAD/vit-features/train/normal/industrial_normal_less/hd855_all__3.npy,Normal
Pistachio/VAD/vit-features/train/normal/indoor_normal_less/000000057934_all__5.npy,Normal
Pistachio/VAD/vit-features/train/anomaly/industrial_anomaly_less/fire/hd704_all__7.npy,fire
Pistachio/VAD/vit-features/train/anomaly/indoor_anomaly_less/fire/000000031095_all__2.npy,fire
Pistachio/VAD/vit-features/train/normal/indoor_normal_less/000000045107_all__7.npy,Normal
Pistachio/VAD/vit-features/train/normal/commercial_normal_less/000000078545_all__2.npy,Normal
Pistachio/VAD/vit-features/train/normal/infrastructure_normal_more/000000233134_all__1.npy,Normal
Pistachio/VAD/vit-features/train/normal/outdoor_normal_less/000000021485_all__8.npy,Normal
Pistachio/VAD/vit-features/train/anomaly/indoor_anomaly_less/fire/000000043628_all__2.npy,fire
Pistachio/VAD/vit-features/train/anomaly/indoor_anomaly_more/fire/000000560194_all__3.npy,fire
Pistachio/VAD/vit-features/train/anomaly/indoor_anomaly_more/fire/000000562945_all__6.npy,fire
Pistachio/VAD/vit-features/train/anomaly/industrial_anomaly_less/fire/hd692_all__5.npy,fire
Pistachio/VAD/vit-features/train/anomaly/industrial_anomaly_less/fire/hd687_all__5.npy,fire
Pistachio/VAD/vit-features/train/anomaly/outdoor_anomaly_less/fire/000000339205_all__9.npy,fire
Pistachio/VAD/vit-features/train/anomaly/indoor_anomaly_less/fire/000000063678_all__0.npy,fire
Pistachio/VAD/vit-features/train/anomaly/commercial_anomaly_less/fire/000000040631_all__6.npy,fire
Pistachio/VAD/vit-features/train/normal/industrial_normal_less/hd500_all__9.npy,Normal
Pistachio/VAD/vit-features/train/normal/infrastructure_normal_less/709_jpg.rf.2d4db71d8d77ed94e767820211a87332_all__2.npy,Normal
Pistachio/VAD/vit-features/train/normal/commercial_normal_less/000000077678_all__6.npy,Normal
Pistachio/VAD/vit-features/train/normal/commercial_normal_less/000000080825_all__3.npy,Normal
Pistachio/VAD/vit-features/train/anomaly/indoor_anomaly_more/fire/000000004948_all__4.npy,fire
Pistachio/VAD/vit-features/train/normal/indoor_normal_less/000000083701_all__6.npy,Normal
Pistachio/VAD/vit-features/train/anomaly/infrastructure_anomaly_less/fire/000000085583_all__4.npy,fire
Pistachio/VAD/vit-features/train/anomaly/road_anomaly_less/fire/000000321465_all__8.npy,fire
Pistachio/VAD/vit-features/train/normal/infrastructure_normal_less/D5DXHRQAH14E_all__4.npy,Normal
Pistachio/VAD/vit-features/train/normal/outdoor_normal_less/000000033101_all__0.npy,Normal
Pistachio/VAD/vit-features/train/anomaly/outdoor_anomaly_less/fire/000000249344_all__9.npy,fire
Pistachio/VAD/vit-features/train/anomaly/infrastructure_anomaly_less/fire/000000101291_all__1.npy,fire
Pistachio/VAD/vit-features/train/anomaly/industrial_anomaly_less/fire/hd688_all__5.npy,fire
Pistachio/VAD/vit-features/train/normal/road_normal_less/000000034725_all__4.npy,Normal
Pistachio/VAD/vit-features/train/normal/outdoor_normal_less/000000011626_all__7.npy,Normal
Pistachio/VAD/vit-features/train/normal/industrial_normal_less/hd004_all__8.npy,Normal
Pistachio/VAD/vit-features/train/anomaly/infrastructure_anomaly_less/fire/000000068419_all__7.npy,fire
Pistachio/VAD/vit-features/train/anomaly/commercial_anomaly_less/fire/000000113575_all__9.npy,fire
Pistachio/VAD/vit-features/train/normal/indoor_normal_less/000000023911_all__3.npy,Normal
Pistachio/VAD/vit-features/train/anomaly/infrastructure_anomaly_less/fire/000000093924_all__8.npy,fire
Pistachio/VAD/vit-features/train/normal/road_normal_less/000000023319_all__7.npy,Normal
Pistachio/VAD/vit-features/train/anomaly/commercial_anomaly_less/fire/000000363282_all__7.npy,fire
Pistachio/VAD/vit-features/train/normal/indoor_normal_less/000000218548_all__2.npy,Normal
Pistachio/VAD/vit-features/train/normal/commercial_normal_less/000000079780_all__0.npy,Normal
Pistachio/VAD/vit-features/train/anomaly/commercial_anomaly_less/fire/000000267208_all__4.npy,fire
Pistachio/VAD/vit-features/train/normal/outdoor_normal_less/B9VNOFMYGTUF_all__8.npy,Normal
Pistachio/VAD/vit-features/train/normal/road_normal_less/000000496971_all__9.npy,Normal
Pistachio/VAD/vit-features/train/normal/commercial_normal_less/000000045522_all__8.npy,Normal
Pistachio/VAD/vit-features/train/normal/infrastructure_normal_more/000000559208_all__0.npy,Normal
Pistachio/VAD/vit-features/train/anomaly/outdoor_anomaly_less/fire/000000238362_all__0.npy,fire
Pistachio/VAD/vit-features/train/normal/commercial_normal_more/000000134308_all__9.npy,Normal
Pistachio/VAD/vit-features/train/anomaly/road_anomaly_more/fire/000000169283_all__2.npy,fire
Pistachio/VAD/vit-features/train/normal/outdoor_normal_less/000000017141_all__9.npy,Normal
Pistachio/VAD/vit-features/train/anomaly/indoor_anomaly_more/fire/000000545215_all__4.npy,fire
Pistachio/VAD/vit-features/train/anomaly/commercial_anomaly_less/fire/000000303278_all__5.npy,fire
Pistachio/VAD/vit-features/train/normal/industrial_normal_less/hd460_all__9.npy,Normal
Pistachio/VAD/vit-features/train/anomaly/road_anomaly_less/fire/000000321465_all__3.npy,fire
Pistachio/VAD/vit-features/train/normal/commercial_normal_less/000000079916_all__0.npy,Normal
Pistachio/VAD/vit-features/train/anomaly/infrastructure_anomaly_less/fire/000000085583_all__5.npy,fire
Pistachio/VAD/vit-features/train/anomaly/commercial_anomaly_more/fire/000000007578_all__4.npy,fire
Pistachio/VAD/vit-features/train/anomaly/indoor_anomaly_more/fire/000000551079_all__3.npy,fire
Pistachio/VAD/vit-features/train/anomaly/indoor_anomaly_more/fire/000000004948_all__1.npy,fire
Pistachio/VAD/vit-features/train/anomaly/infrastructure_anomaly_more/fire/000000101291_all__0.npy,fire
Pistachio/VAD/vit-features/train/anomaly/industrial_anomaly_less/fire/hd695_all__4.npy,fire
Pistachio/VAD/vit-features/train/normal/infrastructure_normal_less/000000296516_all__8.npy,Normal
Pistachio/VAD/vit-features/train/normal/industrial_normal_less/hd693_all__7.npy,Normal
Pistachio/VAD/vit-features/train/anomaly/outdoor_anomaly_less/fire/000000234482_all__1.npy,fire
Pistachio/VAD/vit-features/train/anomaly/commercial_anomaly_less/fire/000000362277_all__6.npy,fire
Pistachio/VAD/vit-features/train/anomaly/commercial_anomaly_less/fire/000000125381_all__1.npy,fire
Pistachio/VAD/vit-features/train/anomaly/indoor_anomaly_less/fire/000000062058_all__0.npy,fire
Pistachio/VAD/vit-features/train/anomaly/indoor_anomaly_more/fire/000000009459_all__1.npy,fire
Pistachio/VAD/vit-features/train/anomaly/outdoor_anomaly_more/fire/000000018646_all__0.npy,fire
Pistachio/VAD/vit-features/train/normal/infrastructure_normal_more/000000371297_all__2.npy,Normal
Pistachio/VAD/vit-features/train/normal/indoor_normal_less/000000019910_all__5.npy,Normal
Pistachio/VAD/vit-features/train/anomaly/indoor_anomaly_more/fire/6834__2.npy,fire
Pistachio/VAD/vit-features/train/anomaly/road_anomaly_more/fire/000000071075_all__7.npy,fire
Pistachio/VAD/vit-features/train/normal/industrial_normal_less/hd333_all__5.npy,Normal
Pistachio/VAD/vit-features/train/anomaly/indoor_anomaly_more/fire/1459__4.npy,fire
Pistachio/VAD/vit-features/train/anomaly/infrastructure_anomaly_less/fire/000000101291_all__6.npy,fire
Pistachio/VAD/vit-features/train/anomaly/industrial_anomaly_less/fire/hd689_all__6.npy,fire
Pistachio/VAD/vit-features/train/anomaly/road_anomaly_less/fire/000000365726_all__3.npy,fire
Pistachio/VAD/vit-features/train/normal/infrastructure_normal_less/7_jpg.rf.eaf2fa34879668321d252e0bb36470b8_all__8.npy,Normal
Pistachio/VAD/vit-features/train/normal/road_normal_less/000000023979_all__6.npy,Normal
Pistachio/VAD/vit-features/train/normal/infrastructure_normal_less/mk20_jpg.rf.247544d60938c193a32eb5064e0c3314_all__9.npy,Normal
Pistachio/VAD/vit-features/train/anomaly/road_anomaly_more/fire/000000071075_all__5.npy,fire
Pistachio/VAD/vit-features/train/anomaly/road_anomaly_less/fire/000000134505_all__1.npy,fire
Pistachio/VAD/vit-features/train/normal/indoor_normal_less/000000059838_all__1.npy,Normal
Pistachio/VAD/vit-features/train/anomaly/road_anomaly_less/fire/000000379835_all__6.npy,fire
Pistachio/VAD/vit-features/train/normal/infrastructure_normal_less/000000127354_all__0.npy,Normal
Pistachio/VAD/vit-features/train/normal/commercial_normal_less/000000040994_all__6.npy,Normal
Pistachio/VAD/vit-features/train/anomaly/road_anomaly_more/fire/000000118958_all__8.npy,fire
Pistachio/VAD/vit-features/train/anomaly/commercial_anomaly_less/fire/000000125381_all__8.npy,fire
Pistachio/VAD/vit-features/train/normal/outdoor_normal_less/hd491_all__0.npy,Normal
Pistachio/VAD/vit-features/train/normal/indoor_normal_less/000000205051_all__9.npy,Normal
Pistachio/VAD/vit-features/train/anomaly/industrial_anomaly_less/fire/hd687_all__0.npy,fire
Pistachio/VAD/vit-features/train/anomaly/road_anomaly_less/fire/000000237901_all__0.npy,fire
Pistachio/VAD/vit-features/train/normal/infrastructure_normal_more/000000363330_all__3.npy,Normal
Pistachio/VAD/vit-features/train/normal/industrial_normal_less/hd809_all__3.npy,Normal
Pistachio/VAD/vit-features/train/normal/indoor_normal_less/000000034288_all__3.npy,Normal
Pistachio/VAD/vit-features/train/anomaly/road_anomaly_more/fire/000000118958_all__7.npy,fire
Pistachio/VAD/vit-features/train/normal/outdoor_normal_less/0V44NYBC94PX_all__4.npy,Normal
Pistachio/VAD/vit-features/train/anomaly/indoor_anomaly_less/fire/000000027346_all__4.npy,fire
Pistachio/VAD/vit-features/train/anomaly/infrastructure_anomaly_more/fire/000000101833_all__3.npy,fire
Pistachio/VAD/vit-features/train/anomaly/indoor_anomaly_less/fire/000000062058_all__5.npy,fire
Pistachio/VAD/vit-features/train/normal/industrial_normal_less/000000512052_all__3.npy,Normal
Pistachio/VAD/vit-features/train/normal/outdoor_normal_less/000000015187_all__7.npy,Normal
Pistachio/VAD/vit-features/train/normal/industrial_normal_less/hd218_all__1.npy,Normal
Pistachio/VAD/vit-features/train/normal/road_normal_less/000000050022_all__1.npy,Normal
Pistachio/VAD/vit-features/train/anomaly/infrastructure_anomaly_less/fire/000000065381_all__8.npy,fire
Pistachio/VAD/vit-features/train/anomaly/industrial_anomaly_less/fire/hd701_all__8.npy,fire
Pistachio/VAD/vit-features/train/normal/outdoor_normal_less/000000010257_all__9.npy,Normal
Pistachio/VAD/vit-features/train/anomaly/industrial_anomaly_less/fire/hd686_all__9.npy,fire
Pistachio/VAD/vit-features/train/normal/indoor_normal_less/000000018970_all__9.npy,Normal
Pistachio/VAD/vit-features/train/anomaly/outdoor_anomaly_less/fire/000000249344_all__6.npy,fire
Pistachio/VAD/vit-features/train/normal/road_normal_less/000000031768_all__1.npy,Normal
Pistachio/VAD/vit-features/train/normal/commercial_normal_less/000000039957_all__3.npy,Normal
Pistachio/VAD/vit-features/train/anomaly/industrial_anomaly_less/fire/hd702_all__6.npy,fire
Pistachio/VAD/vit-features/train/anomaly/infrastructure_anomaly_less/fire/000000102295_all__4.npy,fire
Pistachio/VAD/vit-features/train/anomaly/outdoor_anomaly_less/fire/000000217004_all__6.npy,fire
Pistachio/VAD/vit-features/train/anomaly/indoor_anomaly_less/fire/000000027346_all__2.npy,fire
Pistachio/VAD/vit-features/train/anomaly/indoor_anomaly_less/fire/000000064745_all__2.npy,fire
Pistachio/VAD/vit-features/train/anomaly/infrastructure_anomaly_less/fire/000000101291_all__5.npy,fire
Pistachio/VAD/vit-features/train/normal/infrastructure_normal_less/235_jpg.rf.8b8a8b2cd4f373b3cf761b4b80ce11f2_all__8.npy,Normal
Pistachio/VAD/vit-features/train/normal/commercial_normal_less/000000085616_all__6.npy,Normal
Pistachio/VAD/vit-features/train/anomaly/industrial_anomaly_less/fire/hd244_all__5.npy,fire
Pistachio/VAD/vit-features/train/normal/infrastructure_normal_less/n34_jpg.rf.cde7e72bd4380b6161aa41e39b3de99c_all__0.npy,Normal
Pistachio/VAD/vit-features/train/anomaly/road_anomaly_less/fire/000000134505_all__7.npy,fire
Pistachio/VAD/vit-features/train/anomaly/indoor_anomaly_more/fire/000000562945_all__8.npy,fire
Pistachio/VAD/vit-features/train/anomaly/commercial_anomaly_less/fire/000000040631_all__7.npy,fire
Pistachio/VAD/vit-features/train/anomaly/indoor_anomaly_less/fire/000000064745_all__3.npy,fire
Pistachio/VAD/vit-features/train/normal/commercial_normal_more/000000125068_all__2.npy,Normal
Pistachio/VAD/vit-features/train/anomaly/road_anomaly_more/fire/000000123200_all__4.npy,fire
Pistachio/VAD/vit-features/train/anomaly/outdoor_anomaly_less/fire/000000339205_all__7.npy,fire
Pistachio/VAD/vit-features/train/normal/indoor_normal_less/000000204214_all__5.npy,Normal
Pistachio/VAD/vit-features/train/anomaly/indoor_anomaly_less/fire/000000061445_all__6.npy,fire
Pistachio/VAD/vit-features/train/anomaly/indoor_anomaly_less/fire/000000062058_all__2.npy,fire
Pistachio/VAD/vit-features/train/anomaly/indoor_anomaly_less/fire/000000064745_all__7.npy,fire
Pistachio/VAD/vit-features/train/anomaly/indoor_anomaly_more/fire/000000565156_all__6.npy,fire
Pistachio/VAD/vit-features/train/anomaly/infrastructure_anomaly_more/fire/000000085583_all__3.npy,fire
Pistachio/VAD/vit-features/train/anomaly/industrial_anomaly_less/fire/hd701_all__7.npy,fire
Pistachio/VAD/vit-features/train/anomaly/industrial_anomaly_less/fire/hd702_all__3.npy,fire
Pistachio/VAD/vit-features/train/normal/road_normal_less/000000024533_all__8.npy,Normal
Pistachio/VAD/vit-features/train/normal/indoor_normal_less/000000016892_all__4.npy,Normal
Pistachio/VAD/vit-features/train/anomaly/road_anomaly_less/fire/000000398043_all__7.npy,fire
Pistachio/VAD/vit-features/train/anomaly/commercial_anomaly_less/fire/000000360977_all__4.npy,fire
Pistachio/VAD/vit-features/train/normal/infrastructure_normal_less/Y87JYNQFV8B8_all__0.npy,Normal
Pistachio/VAD/vit-features/train/normal/commercial_normal_less/000000028074_all__2.npy,Normal
Pistachio/VAD/vit-features/train/normal/outdoor_normal_less/HK9WCEDHLT3J_all__3.npy,Normal
Pistachio/VAD/vit-features/train/anomaly/infrastructure_anomaly_less/fire/000000101291_all__9.npy,fire
Pistachio/VAD/vit-features/train/normal/road_normal_less/000000011853_all__0.npy,Normal
Pistachio/VAD/vit-features/train/anomaly/commercial_anomaly_less/fire/000000367916_all__3.npy,fire
Pistachio/VAD/vit-features/train/normal/infrastructure_normal_less/000000245394_all__3.npy,Normal
Pistachio/VAD/vit-features/train/normal/industrial_normal_less/hd814_all__5.npy,Normal
Pistachio/VAD/vit-features/train/anomaly/outdoor_anomaly_more/fire/000000019340_all__1.npy,fire
Pistachio/VAD/vit-features/train/normal/commercial_normal_less/000000042583_all__2.npy,Normal
Pistachio/VAD/vit-features/train/normal/road_normal_less/000000048779_all__4.npy,Normal
Pistachio/VAD/vit-features/train/anomaly/indoor_anomaly_less/fire/000000061445_all__3.npy,fire
Pistachio/VAD/vit-features/train/anomaly/road_anomaly_less/fire/000000398043_all__5.npy,fire
Pistachio/VAD/vit-features/train/anomaly/indoor_anomaly_more/fire/000000009459_all__0.npy,fire
Pistachio/VAD/vit-features/train/anomaly/infrastructure_anomaly_less/fire/000000065381_all__6.npy,fire
Pistachio/VAD/vit-features/train/normal/outdoor_normal_less/000000008692_all__5.npy,Normal
Pistachio/VAD/vit-features/train/normal/indoor_normal_less/000000226723_all__4.npy,Normal
Pistachio/VAD/vit-features/train/anomaly/road_anomaly_less/fire/000000274742_all__4.npy,fire
Pistachio/VAD/vit-features/train/normal/commercial_normal_less/000000029649_all__1.npy,Normal
Pistachio/VAD/vit-features/train/anomaly/road_anomaly_more/fire/000000052105_all__4.npy,fire
Pistachio/VAD/vit-features/train/normal/infrastructure_normal_less/P6S3IR20Q2WP_all__9.npy,Normal
Pistachio/VAD/vit-features/train/anomaly/indoor_anomaly_less/fire/000000023401_all__3.npy,fire
Pistachio/VAD/vit-features/train/anomaly/industrial_anomaly_less/fire/hd689_all__3.npy,fire
Pistachio/VAD/vit-features/train/normal/indoor_normal_more/000000304358_all__6.npy,Normal
Pistachio/VAD/vit-features/train/normal/road_normal_less/000000033043_all__7.npy,Normal
Pistachio/VAD/vit-features/train/normal/infrastructure_normal_more/000000478520_all__0.npy,Normal
Pistachio/VAD/vit-features/train/anomaly/industrial_anomaly_less/fire/hd703_all__1.npy,fire
Pistachio/VAD/vit-features/train/anomaly/commercial_anomaly_less/fire/000000367916_all__2.npy,fire
Pistachio/VAD/vit-features/train/normal/indoor_normal_less/000000016686_all__4.npy,Normal
Pistachio/VAD/vit-features/train/anomaly/commercial_anomaly_less/fire/000000092538_all__4.npy,fire
Pistachio/VAD/vit-features/train/anomaly/commercial_anomaly_less/fire/000000125381_all__6.npy,fire
Pistachio/VAD/vit-features/train/normal/indoor_normal_less/000000206655_all__9.npy,Normal
Pistachio/VAD/vit-features/train/anomaly/indoor_anomaly_more/fire/000000553868_all__0.npy,fire
Pistachio/VAD/vit-features/train/anomaly/commercial_anomaly_more/fire/000000009264_all__5.npy,fire
Pistachio/VAD/vit-features/train/anomaly/industrial_anomaly_less/fire/hd691_all__3.npy,fire
Pistachio/VAD/vit-features/train/anomaly/industrial_anomaly_less/fire/hd704_all__3.npy,fire
Pistachio/VAD/vit-features/train/anomaly/indoor_anomaly_more/fire/000000547379_all__2.npy,fire
Pistachio/VAD/vit-features/train/anomaly/infrastructure_anomaly_less/fire/000000096686_all__9.npy,fire
Pistachio/VAD/vit-features/train/anomaly/industrial_anomaly_less/fire/hd690_all__4.npy,fire
Pistachio/VAD/vit-features/train/normal/infrastructure_normal_less/221_jpg.rf.4892390858156c649672afc33355f80b_all__6.npy,Normal
Pistachio/VAD/vit-features/train/anomaly/industrial_anomaly_less/fire/hd700_all__9.npy,fire
Pistachio/VAD/vit-features/train/anomaly/infrastructure_anomaly_more/fire/000000085583_all__8.npy,fire
Pistachio/VAD/vit-features/train/anomaly/road_anomaly_more/fire/000000052105_all__9.npy,fire
Pistachio/VAD/vit-features/train/normal/commercial_normal_less/000000079109_all__2.npy,Normal
Pistachio/VAD/vit-features/train/normal/industrial_normal_less/hd707_all__1.npy,Normal
Pistachio/VAD/vit-features/train/normal/indoor_normal_less/000000047243_all__6.npy,Normal
Pistachio/VAD/vit-features/train/anomaly/indoor_anomaly_more/fire/000000560194_all__7.npy,fire
Pistachio/VAD/vit-features/train/normal/road_normal_less/000000025420_all__2.npy,Normal
Pistachio/VAD/vit-features/train/anomaly/infrastructure_anomaly_less/fire/000000093924_all__9.npy,fire
Pistachio/VAD/vit-features/train/normal/commercial_normal_less/000000073750_all__2.npy,Normal
Pistachio/VAD/vit-features/train/anomaly/outdoor_anomaly_less/fire/000000296100_all__7.npy,fire
Pistachio/VAD/vit-features/train/anomaly/outdoor_anomaly_less/fire/000000339205_all__8.npy,fire
Pistachio/VAD/vit-features/train/normal/indoor_normal_less/000000204229_all__3.npy,Normal
Pistachio/VAD/vit-features/train/anomaly/industrial_anomaly_less/fire/hd698_all__2.npy,fire
Pistachio/VAD/vit-features/train/anomaly/indoor_anomaly_more/fire/000000009459_all__5.npy,fire
Pistachio/VAD/vit-features/train/normal/infrastructure_normal_less/000000576090_all__3.npy,Normal
Pistachio/VAD/vit-features/train/anomaly/industrial_anomaly_less/fire/hd244_all__8.npy,fire
Pistachio/VAD/vit-features/train/anomaly/indoor_anomaly_less/fire/000000054707_all__5.npy,fire
Pistachio/VAD/vit-features/train/anomaly/infrastructure_anomaly_less/fire/000000102295_all__2.npy,fire
Pistachio/VAD/vit-features/train/normal/industrial_normal_more/hd137_all__4.npy,Normal
Pistachio/VAD/vit-features/train/anomaly/infrastructure_anomaly_more/fire/000000093924_all__2.npy,fire
Pistachio/VAD/vit-features/train/anomaly/road_anomaly_less/fire/000000134505_all__9.npy,fire
Pistachio/VAD/vit-features/train/anomaly/commercial_anomaly_less/fire/000000154327_all__9.npy,fire
Pistachio/VAD/vit-features/train/anomaly/commercial_anomaly_less/fire/000000367916_all__0.npy,fire
Pistachio/VAD/vit-features/train/anomaly/infrastructure_anomaly_less/fire/000000089581_all__1.npy,fire
Pistachio/VAD/vit-features/train/anomaly/road_anomaly_more/fire/000000169283_all__9.npy,fire
Pistachio/VAD/vit-features/train/anomaly/industrial_anomaly_less/fire/hd696_all__8.npy,fire
Pistachio/VAD/vit-features/train/anomaly/road_anomaly_less/fire/000000346775_all__4.npy,fire
Pistachio/VAD/vit-features/train/normal/industrial_normal_less/hd809_all__6.npy,Normal
Pistachio/VAD/vit-features/train/anomaly/road_anomaly_less/fire/000000321465_all__2.npy,fire
Pistachio/VAD/vit-features/train/anomaly/commercial_anomaly_less/fire/000000113575_all__1.npy,fire
Pistachio/VAD/vit-features/train/normal/industrial_normal_less/000000356497_all__8.npy,Normal
Pistachio/VAD/vit-features/train/anomaly/indoor_anomaly_more/fire/000000553868_all__7.npy,fire
Pistachio/VAD/vit-features/train/normal/industrial_normal_less/hd240_all__0.npy,Normal
Pistachio/VAD/vit-features/train/normal/infrastructure_normal_less/000000181033_all__3.npy,Normal
Pistachio/VAD/vit-features/train/anomaly/outdoor_anomaly_more/fire/000000008826_all__0.npy,fire
Pistachio/VAD/vit-features/train/normal/commercial_normal_more/000000124768_all__7.npy,Normal
Pistachio/VAD/vit-features/train/anomaly/road_anomaly_less/fire/000000237901_all__2.npy,fire
Pistachio/VAD/vit-features/train/anomaly/indoor_anomaly_less/fire/000000030225_all__5.npy,fire
Pistachio/VAD/vit-features/train/anomaly/commercial_anomaly_less/fire/000000363556_all__9.npy,fire
Pistachio/VAD/vit-features/train/anomaly/commercial_anomaly_less/fire/000000367916_all__1.npy,fire
Pistachio/VAD/vit-features/train/anomaly/road_anomaly_more/fire/000000169283_all__6.npy,fire
Pistachio/VAD/vit-features/train/anomaly/industrial_anomaly_less/fire/hd692_all__8.npy,fire
Pistachio/VAD/vit-features/train/normal/road_normal_less/000000032340_all__3.npy,Normal
Pistachio/VAD/vit-features/train/anomaly/indoor_anomaly_less/fire/000000054034_all__2.npy,fire
Pistachio/VAD/vit-features/train/normal/infrastructure_normal_less/000000517241_all__4.npy,Normal
Pistachio/VAD/vit-features/train/anomaly/indoor_anomaly_more/fire/000000005238_all__0.npy,fire
Pistachio/VAD/vit-features/train/normal/indoor_normal_less/000000134367_all__4.npy,Normal
Pistachio/VAD/vit-features/train/anomaly/infrastructure_anomaly_more/fire/000000093924_all__4.npy,fire
Pistachio/VAD/vit-features/train/normal/outdoor_normal_less/000000017548_all__4.npy,Normal
Pistachio/VAD/vit-features/train/normal/road_normal_less/000000283132_all__2.npy,Normal
Pistachio/VAD/vit-features/train/normal/outdoor_normal_more/000000124768_all__0.npy,Normal
Pistachio/VAD/vit-features/train/normal/commercial_normal_less/000000053692_all__8.npy,Normal
Pistachio/VAD/vit-features/train/anomaly/commercial_anomaly_more/fire/000000013041_all__2.npy,fire
Pistachio/VAD/vit-features/train/anomaly/outdoor_anomaly_less/fire/000000249344_all__2.npy,fire
Pistachio/VAD/vit-features/train/anomaly/industrial_anomaly_less/fire/hd703_all__2.npy,fire
Pistachio/VAD/vit-features/train/normal/road_normal_less/000000033951_all__0.npy,Normal
Pistachio/VAD/vit-features/train/anomaly/infrastructure_anomaly_less/fire/000000060652_all__3.npy,fire
Pistachio/VAD/vit-features/train/normal/industrial_normal_less/hd854_all__4.npy,Normal
Pistachio/VAD/vit-features/train/normal/industrial_normal_less/hd822_all__1.npy,Normal
Pistachio/VAD/vit-features/train/anomaly/commercial_anomaly_less/fire/000000125381_all__4.npy,fire
Pistachio/VAD/vit-features/train/anomaly/outdoor_anomaly_less/fire/000000217004_all__2.npy,fire
Pistachio/VAD/vit-features/train/anomaly/commercial_anomaly_more/fire/000000009264_all__8.npy,fire
Pistachio/VAD/vit-features/train/anomaly/outdoor_anomaly_less/fire/000000319838_all__2.npy,fire
Pistachio/VAD/vit-features/train/anomaly/indoor_anomaly_less/fire/000000054034_all__1.npy,fire
Pistachio/VAD/vit-features/train/normal/infrastructure_normal_more/000000427678_all__9.npy,Normal
Pistachio/VAD/vit-features/train/anomaly/infrastructure_anomaly_more/fire/000000101833_all__2.npy,fire
Pistachio/VAD/vit-features/train/anomaly/indoor_anomaly_less/fire/000000030225_all__4.npy,fire
Pistachio/VAD/vit-features/train/normal/industrial_normal_less/hd862_all__7.npy,Normal
Pistachio/VAD/vit-features/train/anomaly/industrial_anomaly_less/fire/hd690_all__5.npy,fire
Pistachio/VAD/vit-features/train/anomaly/indoor_anomaly_less/fire/000000036184_all__9.npy,fire
Pistachio/VAD/vit-features/train/anomaly/indoor_anomaly_less/fire/000000063678_all__8.npy,fire
Pistachio/VAD/vit-features/train/normal/industrial_normal_more/hd340_all__2.npy,Normal
Pistachio/VAD/vit-features/train/normal/road_normal_less/000000193797_all__5.npy,Normal
Pistachio/VAD/vit-features/train/anomaly/infrastructure_anomaly_less/fire/000000096686_all__5.npy,fire
Pistachio/VAD/vit-features/train/anomaly/commercial_anomaly_more/fire/000000009264_all__9.npy,fire
Pistachio/VAD/vit-features/train/normal/indoor_normal_less/000000075781_all__1.npy,Normal
Pistachio/VAD/vit-features/train/anomaly/infrastructure_anomaly_more/fire/000000096686_all__7.npy,fire
Pistachio/VAD/vit-features/train/normal/infrastructure_normal_less/000000375210_all__2.npy,Normal
Pistachio/VAD/vit-features/train/anomaly/commercial_anomaly_less/fire/000000038607_all__0.npy,fire
Pistachio/VAD/vit-features/train/anomaly/industrial_anomaly_less/fire/hd708_all__0.npy,fire
Pistachio/VAD/vit-features/train/normal/outdoor_normal_less/G0EXB1SYMAYY_all__9.npy,Normal
Pistachio/VAD/vit-features/train/normal/indoor_normal_less/000000227905_all__1.npy,Normal
Pistachio/VAD/vit-features/train/anomaly/outdoor_anomaly_less/fire/000000319838_all__6.npy,fire
Pistachio/VAD/vit-features/train/anomaly/infrastructure_anomaly_more/fire/000000102295_all__0.npy,fire
Pistachio/VAD/vit-features/train/anomaly/indoor_anomaly_less/fire/000000030648_all__4.npy,fire
Pistachio/VAD/vit-features/train/anomaly/industrial_anomaly_less/fire/hd686_all__4.npy,fire
Pistachio/VAD/vit-features/train/normal/outdoor_normal_less/000000008692_all__0.npy,Normal
Pistachio/VAD/vit-features/train/anomaly/indoor_anomaly_more/fire/000000005238_all__7.npy,fire
Pistachio/VAD/vit-features/train/normal/industrial_normal_less/hd818_all__8.npy,Normal
Pistachio/VAD/vit-features/train/anomaly/commercial_anomaly_less/fire/000000267208_all__7.npy,fire
Pistachio/VAD/vit-features/train/normal/commercial_normal_less/000000026814_all__0.npy,Normal
Pistachio/VAD/vit-features/train/anomaly/indoor_anomaly_less/fire/000000054034_all__7.npy,fire
Pistachio/VAD/vit-features/train/normal/commercial_normal_less/000000373551_all__3.npy,Normal
Pistachio/VAD/vit-features/train/normal/infrastructure_normal_less/62V02W3NRQU9_all__5.npy,Normal
Pistachio/VAD/vit-features/train/normal/infrastructure_normal_less/bv75_jpg.rf.c201c16a0f15180034b95ba593080cc1_all__4.npy,Normal
Pistachio/VAD/vit-features/train/normal/indoor_normal_less/000000137340_all__2.npy,Normal
Pistachio/VAD/vit-features/train/anomaly/indoor_anomaly_less/fire/000000016853_all__4.npy,fire
Pistachio/VAD/vit-features/train/anomaly/infrastructure_anomaly_less/fire/000000102295_all__6.npy,fire
Pistachio/VAD/vit-features/train/normal/indoor_normal_less/000000017211_all__5.npy,Normal
Pistachio/VAD/vit-features/train/normal/commercial_normal_less/000000037034_all__2.npy,Normal
Pistachio/VAD/vit-features/train/normal/industrial_normal_more/000000259780_all__0.npy,Normal
Pistachio/VAD/vit-features/train/anomaly/commercial_anomaly_less/fire/000000267208_all__5.npy,fire
Pistachio/VAD/vit-features/train/anomaly/industrial_anomaly_less/fire/hd704_all__5.npy,fire
Pistachio/VAD/vit-features/train/anomaly/infrastructure_anomaly_less/fire/000000096686_all__2.npy,fire
Pistachio/VAD/vit-features/train/anomaly/commercial_anomaly_less/fire/000000303278_all__1.npy,fire
Pistachio/VAD/vit-features/train/normal/road_normal_less/000000462363_all__2.npy,Normal
Pistachio/VAD/vit-features/train/anomaly/commercial_anomaly_less/fire/000000363855_all__8.npy,fire
Pistachio/VAD/vit-features/train/normal/industrial_normal_less/hd521_all__4.npy,Normal
Pistachio/VAD/vit-features/train/normal/industrial_normal_less/hd05_all__2.npy,Normal
Pistachio/VAD/vit-features/train/anomaly/commercial_anomaly_less/fire/000000363062_all__4.npy,fire
Pistachio/VAD/vit-features/train/anomaly/commercial_anomaly_less/fire/000000362277_all__0.npy,fire
Pistachio/VAD/vit-features/train/normal/infrastructure_normal_less/000000296516_all__5.npy,Normal
Pistachio/VAD/vit-features/train/normal/industrial_normal_less/000000532871_all__9.npy,Normal
Pistachio/VAD/vit-features/train/normal/road_normal_less/000000036637_all__0.npy,Normal
Pistachio/VAD/vit-features/train/anomaly/indoor_anomaly_more/fire/15649__0.npy,fire
Pistachio/VAD/vit-features/train/normal/road_normal_less/000000037448_all__3.npy,Normal
Pistachio/VAD/vit-features/train/anomaly/industrial_anomaly_less/fire/hd703_all__7.npy,fire
Pistachio/VAD/vit-features/train/normal/infrastructure_normal_less/000000427678_all__6.npy,Normal
Pistachio/VAD/vit-features/train/anomaly/infrastructure_anomaly_more/fire/000000102295_all__9.npy,fire
Pistachio/VAD/vit-features/train/normal/road_normal_less/000000021616_all__2.npy,Normal
Pistachio/VAD/vit-features/train/normal/indoor_normal_less/000000200164_all__8.npy,Normal
Pistachio/VAD/vit-features/train/anomaly/indoor_anomaly_more/fire/000000556311_all__3.npy,fire
Pistachio/VAD/vit-features/train/normal/indoor_normal_less/000000203961_all__3.npy,Normal
Pistachio/VAD/vit-features/train/normal/industrial_normal_less/hd616_all__7.npy,Normal
Pistachio/VAD/vit-features/train/anomaly/infrastructure_anomaly_more/fire/000000102295_all__4.npy,fire
Pistachio/VAD/vit-features/train/anomaly/infrastructure_anomaly_more/fire/000000089581_all__2.npy,fire
Pistachio/VAD/vit-features/train/anomaly/indoor_anomaly_less/fire/000000037270_all__6.npy,fire
Pistachio/VAD/vit-features/train/normal/outdoor_normal_less/000000082707_all__3.npy,Normal
Pistachio/VAD/vit-features/train/anomaly/indoor_anomaly_less/fire/000000030648_all__9.npy,fire
Pistachio/VAD/vit-features/train/normal/outdoor_normal_less/hd761_all__1.npy,Normal
Pistachio/VAD/vit-features/train/normal/road_normal_less/000000036249_all__5.npy,Normal
Pistachio/VAD/vit-features/train/normal/industrial_normal_less/hd335_all__6.npy,Normal
Pistachio/VAD/vit-features/train/anomaly/infrastructure_anomaly_less/fire/000000093924_all__0.npy,fire
Pistachio/VAD/vit-features/train/normal/outdoor_normal_less/000000007647_all__5.npy,Normal
Pistachio/VAD/vit-features/train/anomaly/indoor_anomaly_less/fire/000000040353_all__9.npy,fire
Pistachio/VAD/vit-features/train/normal/commercial_normal_less/000000040528_all__3.npy,Normal
Pistachio/VAD/vit-features/train/anomaly/commercial_anomaly_more/fire/000000007578_all__3.npy,fire
Pistachio/VAD/vit-features/train/anomaly/outdoor_anomaly_less/fire/000000249344_all__0.npy,fire
Pistachio/VAD/vit-features/train/anomaly/industrial_anomaly_less/fire/hd695_all__7.npy,fire
Pistachio/VAD/vit-features/train/anomaly/industrial_anomaly_less/fire/hd696_all__6.npy,fire
Pistachio/VAD/vit-features/train/anomaly/commercial_anomaly_less/fire/000000267208_all__8.npy,fire
Pistachio/VAD/vit-features/train/anomaly/industrial_anomaly_more/fire/000000159221_all__8.npy,fire
Pistachio/VAD/vit-features/train/normal/commercial_normal_less/000000032062_all__1.npy,Normal
Pistachio/VAD/vit-features/train/anomaly/indoor_anomaly_more/fire/000000545215_all__8.npy,fire
Pistachio/VAD/vit-features/train/anomaly/commercial_anomaly_more/fire/000000009264_all__0.npy,fire
Pistachio/VAD/vit-features/train/anomaly/outdoor_anomaly_less/fire/000000319838_all__8.npy,fire
Pistachio/VAD/vit-features/train/normal/industrial_normal_more/hd943_all__3.npy,Normal
Pistachio/VAD/vit-features/train/normal/road_normal_less/000000043857_all__1.npy,Normal
Pistachio/VAD/vit-features/train/normal/road_normal_less/000000046179_all__2.npy,Normal
Pistachio/VAD/vit-features/train/anomaly/infrastructure_anomaly_more/fire/000000093924_all__5.npy,fire
Pistachio/VAD/vit-features/train/anomaly/infrastructure_anomaly_more/fire/000000101833_all__4.npy,fire
Pistachio/VAD/vit-features/train/anomaly/road_anomaly_more/fire/000000052105_all__3.npy,fire
Pistachio/VAD/vit-features/train/anomaly/commercial_anomaly_less/fire/000000363855_all__9.npy,fire
Pistachio/VAD/vit-features/train/normal/infrastructure_normal_less/bv84_jpg.rf.eb60fc321ba9e45921a08e2318882110_all__9.npy,Normal
Pistachio/VAD/vit-features/train/anomaly/industrial_anomaly_more/fire/000000159221_all__2.npy,fire
Pistachio/VAD/vit-features/train/anomaly/road_anomaly_less/fire/000000379835_all__1.npy,fire
Pistachio/VAD/vit-features/train/normal/road_normal_less/000000049469_all__7.npy,Normal
Pistachio/VAD/vit-features/train/anomaly/industrial_anomaly_less/fire/hd692_all__2.npy,fire
Pistachio/VAD/vit-features/train/anomaly/infrastructure_anomaly_more/fire/000000101291_all__8.npy,fire
Pistachio/VAD/vit-features/train/anomaly/indoor_anomaly_less/fire/000000031095_all__0.npy,fire
Pistachio/VAD/vit-features/train/anomaly/infrastructure_anomaly_less/fire/000000096686_all__1.npy,fire
Pistachio/VAD/vit-features/train/normal/commercial_normal_less/000000067260_all__6.npy,Normal
Pistachio/VAD/vit-features/train/anomaly/commercial_anomaly_less/fire/000000360977_all__6.npy,fire
Pistachio/VAD/vit-features/train/normal/road_normal_less/000000476759_all__6.npy,Normal
Pistachio/VAD/vit-features/train/anomaly/indoor_anomaly_less/fire/000000024178_all__7.npy,fire
Pistachio/VAD/vit-features/train/anomaly/infrastructure_anomaly_more/fire/000000102295_all__8.npy,fire
Pistachio/VAD/vit-features/train/anomaly/outdoor_anomaly_more/fire/000000018646_all__3.npy,fire
Pistachio/VAD/vit-features/train/normal/outdoor_normal_less/000000021295_all__2.npy,Normal
Pistachio/VAD/vit-features/train/anomaly/commercial_anomaly_less/fire/000000303278_all__0.npy,fire
Pistachio/VAD/vit-features/train/anomaly/infrastructure_anomaly_more/fire/000000065381_all__5.npy,fire
Pistachio/VAD/vit-features/train/normal/road_normal_less/000000052172_all__9.npy,Normal
Pistachio/VAD/vit-features/train/anomaly/industrial_anomaly_less/fire/hd697_all__9.npy,fire
Pistachio/VAD/vit-features/train/normal/infrastructure_normal_less/000000403125_all__1.npy,Normal
Pistachio/VAD/vit-features/train/anomaly/road_anomaly_less/fire/000000274742_all__6.npy,fire
Pistachio/VAD/vit-features/train/normal/commercial_normal_less/000000038281_all__6.npy,Normal
Pistachio/VAD/vit-features/train/anomaly/indoor_anomaly_less/fire/000000061445_all__4.npy,fire
Pistachio/VAD/vit-features/train/anomaly/outdoor_anomaly_less/fire/000000319838_all__9.npy,fire
Pistachio/VAD/vit-features/train/anomaly/commercial_anomaly_less/fire/000000363556_all__6.npy,fire
Pistachio/VAD/vit-features/train/normal/road_normal_less/000000044134_all__7.npy,Normal
Pistachio/VAD/vit-features/train/anomaly/indoor_anomaly_more/fire/000000005238_all__1.npy,fire
Pistachio/VAD/vit-features/train/normal/industrial_normal_less/hd557_all__6.npy,Normal
Pistachio/VAD/vit-features/train/normal/road_normal_less/000000037448_all__5.npy,Normal
Pistachio/VAD/vit-features/train/anomaly/indoor_anomaly_more/fire/000000562945_all__9.npy,fire
Pistachio/VAD/vit-features/train/anomaly/infrastructure_anomaly_less/fire/000000060652_all__5.npy,fire
Pistachio/VAD/vit-features/train/normal/outdoor_normal_less/000000019274_all__3.npy,Normal
Pistachio/VAD/vit-features/train/normal/road_normal_more/000000133524_all__6.npy,Normal
Pistachio/VAD/vit-features/train/anomaly/indoor_anomaly_more/fire/000000547379_all__4.npy,fire
Pistachio/VAD/vit-features/train/normal/commercial_normal_less/000000040935_all__5.npy,Normal
Pistachio/VAD/vit-features/train/normal/indoor_normal_less/000000204019_all__7.npy,Normal
Pistachio/VAD/vit-features/train/anomaly/infrastructure_anomaly_more/fire/000000096686_all__0.npy,fire
Pistachio/VAD/vit-features/train/normal/indoor_normal_less/000000149100_all__2.npy,Normal
Pistachio/VAD/vit-features/train/anomaly/commercial_anomaly_less/fire/000000363855_all__4.npy,fire
Pistachio/VAD/vit-features/train/anomaly/indoor_anomaly_less/fire/000000037270_all__3.npy,fire
Pistachio/VAD/vit-features/train/normal/commercial_normal_less/000000038312_all__9.npy,Normal
Pistachio/VAD/vit-features/train/anomaly/outdoor_anomaly_less/fire/000000234482_all__9.npy,fire
Pistachio/VAD/vit-features/train/anomaly/infrastructure_anomaly_more/fire/000000102295_all__1.npy,fire
Pistachio/VAD/vit-features/train/normal/indoor_normal_less/000000059300_all__5.npy,Normal
Pistachio/VAD/vit-features/train/anomaly/indoor_anomaly_more/fire/000000551079_all__7.npy,fire
Pistachio/VAD/vit-features/train/normal/industrial_normal_less/hd446_all__1.npy,Normal
Pistachio/VAD/vit-features/train/normal/outdoor_normal_less/000000047380_all__8.npy,Normal
Pistachio/VAD/vit-features/train/anomaly/outdoor_anomaly_less/fire/000000339205_all__6.npy,fire
Pistachio/VAD/vit-features/train/anomaly/industrial_anomaly_less/fire/hd706_all__6.npy,fire
Pistachio/VAD/vit-features/train/normal/commercial_normal_less/000000029396_all__8.npy,Normal
Pistachio/VAD/vit-features/train/anomaly/industrial_anomaly_more/fire/000000005134_all__6.npy,fire
Pistachio/VAD/vit-features/train/anomaly/road_anomaly_less/fire/000000365726_all__2.npy,fire
Pistachio/VAD/vit-features/train/anomaly/indoor_anomaly_less/fire/000000054034_all__3.npy,fire
Pistachio/VAD/vit-features/train/anomaly/infrastructure_anomaly_less/fire/000000096686_all__3.npy,fire
Pistachio/VAD/vit-features/train/normal/commercial_normal_less/000000077295_all__0.npy,Normal
Pistachio/VAD/vit-features/train/normal/road_normal_less/000000051360_all__8.npy,Normal
Pistachio/VAD/vit-features/train/normal/indoor_normal_less/000000073284_all__0.npy,Normal
Pistachio/VAD/vit-features/train/anomaly/commercial_anomaly_less/fire/000000363282_all__6.npy,fire
Pistachio/VAD/vit-features/train/anomaly/commercial_anomaly_less/fire/000000092538_all__6.npy,fire
Pistachio/VAD/vit-features/train/anomaly/infrastructure_anomaly_less/fire/000000089581_all__6.npy,fire
Pistachio/VAD/vit-features/train/anomaly/road_anomaly_less/fire/000000134505_all__5.npy,fire
Pistachio/VAD/vit-features/train/anomaly/indoor_anomaly_more/fire/000000551079_all__5.npy,fire
Pistachio/VAD/vit-features/train/anomaly/industrial_anomaly_less/fire/hd690_all__3.npy,fire
Pistachio/VAD/vit-features/train/anomaly/indoor_anomaly_more/fire/000000007493_all__0.npy,fire
Pistachio/VAD/vit-features/train/normal/indoor_normal_less/000000230942_all__4.npy,Normal
Pistachio/VAD/vit-features/train/normal/commercial_normal_more/000000133255_all__2.npy,Normal
Pistachio/VAD/vit-features/train/normal/outdoor_normal_less/hd539_all__4.npy,Normal
Pistachio/VAD/vit-features/train/normal/commercial_normal_less/000000081393_all__9.npy,Normal
Pistachio/VAD/vit-features/train/anomaly/industrial_anomaly_less/fire/hd708_all__2.npy,fire
Pistachio/VAD/vit-features/train/anomaly/industrial_anomaly_less/fire/hd698_all__6.npy,fire
Pistachio/VAD/vit-features/train/anomaly/indoor_anomaly_more/fire/6834__7.npy,fire
Pistachio/VAD/vit-features/train/normal/outdoor_normal_less/000000021722_all__1.npy,Normal
Pistachio/VAD/vit-features/train/normal/industrial_normal_more/000000301907_all__1.npy,Normal
Pistachio/VAD/vit-features/train/normal/indoor_normal_more/000000336728_all__3.npy,Normal
Pistachio/VAD/vit-features/train/normal/industrial_normal_less/hd345_all__0.npy,Normal
Pistachio/VAD/vit-features/train/anomaly/indoor_anomaly_less/fire/000000030648_all__8.npy,fire
Pistachio/VAD/vit-features/train/anomaly/outdoor_anomaly_less/fire/000000296100_all__0.npy,fire
Pistachio/VAD/vit-features/train/anomaly/infrastructure_anomaly_less/fire/000000096686_all__4.npy,fire
Pistachio/VAD/vit-features/train/anomaly/infrastructure_anomaly_less/fire/000000101833_all__7.npy,fire
Pistachio/VAD/vit-features/train/anomaly/infrastructure_anomaly_more/fire/000000060652_all__7.npy,fire
Pistachio/VAD/vit-features/train/normal/road_normal_less/000000013487_all__7.npy,Normal
Pistachio/VAD/vit-features/train/anomaly/road_anomaly_less/fire/000000134505_all__4.npy,fire
Pistachio/VAD/vit-features/train/anomaly/indoor_anomaly_less/fire/000000036184_all__3.npy,fire
Pistachio/VAD/vit-features/train/anomaly/indoor_anomaly_less/fire/000000036184_all__2.npy,fire
Pistachio/VAD/vit-features/train/normal/outdoor_normal_less/000000023627_all__6.npy,Normal
Pistachio/VAD/vit-features/train/normal/road_normal_less/000000033825_all__7.npy,Normal
Pistachio/VAD/vit-features/train/normal/infrastructure_normal_less/FFRG7F9YRLWI_all__1.npy,Normal
Pistachio/VAD/vit-features/train/normal/indoor_normal_less/000000036894_all__3.npy,Normal
Pistachio/VAD/vit-features/train/anomaly/commercial_anomaly_more/fire/000000013041_all__4.npy,fire
Pistachio/VAD/vit-features/train/normal/industrial_normal_more/000000188680_all__6.npy,Normal
Pistachio/VAD/vit-features/train/anomaly/industrial_anomaly_less/fire/hd686_all__0.npy,fire
Pistachio/VAD/vit-features/train/normal/outdoor_normal_less/0VEJDO4MFOFE_all__6.npy,Normal
Pistachio/VAD/vit-features/train/normal/indoor_normal_less/000000041996_all__7.npy,Normal
Pistachio/VAD/vit-features/train/normal/outdoor_normal_less/I11DSPRDSXV6_all__8.npy,Normal
Pistachio/VAD/vit-features/train/anomaly/road_anomaly_less/fire/000000346775_all__1.npy,fire
Pistachio/VAD/vit-features/train/normal/road_normal_more/000000134156_all__6.npy,Normal
Pistachio/VAD/vit-features/train/normal/outdoor_normal_less/000000016936_all__2.npy,Normal
Pistachio/VAD/vit-features/train/normal/indoor_normal_less/000000247246_all__4.npy,Normal
Pistachio/VAD/vit-features/train/anomaly/road_anomaly_less/fire/000000408128_all__5.npy,fire
Pistachio/VAD/vit-features/train/normal/commercial_normal_less/000000029396_all__0.npy,Normal
Pistachio/VAD/vit-features/train/anomaly/industrial_anomaly_less/fire/hd701_all__5.npy,fire
Pistachio/VAD/vit-features/train/anomaly/industrial_anomaly_less/fire/hd691_all__9.npy,fire
Pistachio/VAD/vit-features/train/anomaly/outdoor_anomaly_less/fire/000000361906_all__8.npy,fire
Pistachio/VAD/vit-features/train/anomaly/infrastructure_anomaly_less/fire/000000065381_all__7.npy,fire
Pistachio/VAD/vit-features/train/normal/commercial_normal_less/000000059198_all__7.npy,Normal
Pistachio/VAD/vit-features/train/anomaly/indoor_anomaly_less/fire/000000030648_all__7.npy,fire
Pistachio/VAD/vit-features/train/normal/indoor_normal_less/000000152381_all__2.npy,Normal
Pistachio/VAD/vit-features/train/anomaly/industrial_anomaly_less/fire/hd696_all__5.npy,fire
Pistachio/VAD/vit-features/train/normal/infrastructure_normal_more/000000352798_all__0.npy,Normal
Pistachio/VAD/vit-features/train/normal/commercial_normal_more/000000130246_all__5.npy,Normal
Pistachio/VAD/vit-features/train/anomaly/indoor_anomaly_less/fire/000000027346_all__1.npy,fire
Pistachio/VAD/vit-features/train/normal/road_normal_more/000000133600_all__3.npy,Normal
Pistachio/VAD/vit-features/train/normal/outdoor_normal_less/000000024114_all__0.npy,Normal
Pistachio/VAD/vit-features/train/normal/commercial_normal_less/000000077876_all__5.npy,Normal
Pistachio/VAD/vit-features/train/anomaly/indoor_anomaly_less/fire/000000031095_all__7.npy,fire
Pistachio/VAD/vit-features/train/anomaly/road_anomaly_more/fire/000000118958_all__1.npy,fire
Pistachio/VAD/vit-features/train/anomaly/indoor_anomaly_less/fire/000000054707_all__6.npy,fire
Pistachio/VAD/vit-features/train/anomaly/road_anomaly_less/fire/000000030765_all__7.npy,fire
Pistachio/VAD/vit-features/train/normal/road_normal_less/000000034725_all__1.npy,Normal
Pistachio/VAD/vit-features/train/anomaly/industrial_anomaly_less/fire/hd696_all__9.npy,fire
Pistachio/VAD/vit-features/train/anomaly/indoor_anomaly_less/fire/000000063678_all__3.npy,fire
Pistachio/VAD/vit-features/train/anomaly/road_anomaly_more/fire/000000052105_all__1.npy,fire
Pistachio/VAD/vit-features/train/normal/commercial_normal_less/000000045115_all__2.npy,Normal
Pistachio/VAD/vit-features/train/normal/indoor_normal_less/000000047321_all__2.npy,Normal
Pistachio/VAD/vit-features/train/anomaly/commercial_anomaly_less/fire/000000040631_all__0.npy,fire
Pistachio/VAD/vit-features/train/anomaly/indoor_anomaly_more/fire/000000006479_all__5.npy,fire
Pistachio/VAD/vit-features/train/anomaly/infrastructure_anomaly_more/fire/000000089581_all__0.npy,fire
Pistachio/VAD/vit-features/train/normal/infrastructure_normal_less/000000214420_all__2.npy,Normal
Pistachio/VAD/vit-features/train/anomaly/indoor_anomaly_less/fire/000000063678_all__5.npy,fire
Pistachio/VAD/vit-features/train/normal/indoor_normal_more/000000311010_all__0.npy,Normal
Pistachio/VAD/vit-features/train/normal/infrastructure_normal_less/D5DXHRQAH14E_all__0.npy,Normal
Pistachio/VAD/vit-features/train/normal/commercial_normal_less/000000082717_all__1.npy,Normal
Pistachio/VAD/vit-features/train/normal/infrastructure_normal_less/C7E3WPEYV1ES_all__7.npy,Normal
Pistachio/VAD/vit-features/train/normal/infrastructure_normal_less/000000348412_all__5.npy,Normal
Pistachio/VAD/vit-features/train/anomaly/indoor_anomaly_more/fire/000000007493_all__4.npy,fire
Pistachio/VAD/vit-features/train/normal/commercial_normal_less/000000018288_all__8.npy,Normal
Pistachio/VAD/vit-features/train/normal/industrial_normal_less/hd537_all__4.npy,Normal
Pistachio/VAD/vit-features/train/anomaly/commercial_anomaly_less/fire/000000363062_all__9.npy,fire
Pistachio/VAD/vit-features/train/anomaly/road_anomaly_more/fire/000000118958_all__0.npy,fire
Pistachio/VAD/vit-features/train/normal/road_normal_less/000000017286_all__8.npy,Normal
Pistachio/VAD/vit-features/train/normal/road_normal_less/000000028331_all__2.npy,Normal
Pistachio/VAD/vit-features/train/anomaly/industrial_anomaly_less/fire/hd695_all__5.npy,fire
Pistachio/VAD/vit-features/train/anomaly/indoor_anomaly_more/fire/000000564525_all__0.npy,fire
Pistachio/VAD/vit-features/train/anomaly/industrial_anomaly_more/fire/000000005134_all__7.npy,fire
Pistachio/VAD/vit-features/train/normal/road_normal_more/000000133474_all__0.npy,Normal
Pistachio/VAD/vit-features/train/normal/infrastructure_normal_less/000000044442_all__4.npy,Normal
Pistachio/VAD/vit-features/train/anomaly/commercial_anomaly_less/fire/000000363855_all__2.npy,fire
Pistachio/VAD/vit-features/train/anomaly/road_anomaly_more/fire/000000052105_all__2.npy,fire
Pistachio/VAD/vit-features/train/anomaly/industrial_anomaly_less/fire/hd687_all__4.npy,fire
Pistachio/VAD/vit-features/train/anomaly/indoor_anomaly_more/fire/000000551079_all__6.npy,fire
Pistachio/VAD/vit-features/train/anomaly/industrial_anomaly_less/fire/hd686_all__3.npy,fire
Pistachio/VAD/vit-features/train/anomaly/road_anomaly_less/fire/000000408128_all__0.npy,fire
Pistachio/VAD/vit-features/train/anomaly/industrial_anomaly_less/fire/hd700_all__0.npy,fire
Pistachio/VAD/vit-features/train/normal/indoor_normal_less/000000235704_all__4.npy,Normal
Pistachio/VAD/vit-features/train/normal/infrastructure_normal_less/4XVLWCTOZBUG_all__5.npy,Normal
Pistachio/VAD/vit-features/train/normal/commercial_normal_more/000000131079_all__4.npy,Normal
Pistachio/VAD/vit-features/train/normal/industrial_normal_more/000000009152_all__3.npy,Normal
Pistachio/VAD/vit-features/train/normal/road_normal_less/000000050792_all__7.npy,Normal
Pistachio/VAD/vit-features/train/normal/outdoor_normal_less/hd583_all__9.npy,Normal
Pistachio/VAD/vit-features/train/normal/outdoor_normal_more/000000297433_all__6.npy,Normal
Pistachio/VAD/vit-features/train/normal/commercial_normal_more/000000134603_all__2.npy,Normal
Pistachio/VAD/vit-features/train/normal/commercial_normal_less/000000034150_all__6.npy,Normal
Pistachio/VAD/vit-features/train/normal/industrial_normal_more/000000548642_all__5.npy,Normal
Pistachio/VAD/vit-features/train/normal/infrastructure_normal_more/000000168496_all__1.npy,Normal
Pistachio/VAD/vit-features/train/anomaly/indoor_anomaly_less/fire/000000044363_all__7.npy,fire
Pistachio/VAD/vit-features/train/normal/industrial_normal_less/hd199_all__7.npy,Normal
Pistachio/VAD/vit-features/train/anomaly/infrastructure_anomaly_less/fire/000000101833_all__8.npy,fire
Pistachio/VAD/vit-features/train/anomaly/industrial_anomaly_less/fire/hd701_all__4.npy,fire
Pistachio/VAD/vit-features/train/normal/road_normal_less/000000028232_all__2.npy,Normal
Pistachio/VAD/vit-features/train/anomaly/indoor_anomaly_less/fire/000000024178_all__3.npy,fire
Pistachio/VAD/vit-features/train/normal/road_normal_less/000000283132_all__1.npy,Normal
Pistachio/VAD/vit-features/train/anomaly/indoor_anomaly_less/fire/000000054707_all__7.npy,fire
Pistachio/VAD/vit-features/train/normal/indoor_normal_less/000000240932_all__6.npy,Normal
Pistachio/VAD/vit-features/train/normal/road_normal_less/000000036986_all__7.npy,Normal
Pistachio/VAD/vit-features/train/normal/road_normal_less/000000033328_all__3.npy,Normal
Pistachio/VAD/vit-features/train/anomaly/indoor_anomaly_more/fire/000000562945_all__2.npy,fire
Pistachio/VAD/vit-features/train/anomaly/indoor_anomaly_less/fire/000000030225_all__0.npy,fire
Pistachio/VAD/vit-features/train/anomaly/infrastructure_anomaly_more/fire/000000065381_all__0.npy,fire
Pistachio/VAD/vit-features/train/anomaly/outdoor_anomaly_more/fire/000000008826_all__9.npy,fire
Pistachio/VAD/vit-features/train/normal/outdoor_normal_less/BBPS8UU5DC5D_all__4.npy,Normal
Pistachio/VAD/vit-features/train/normal/road_normal_less/000000022373_all__1.npy,Normal
Pistachio/VAD/vit-features/train/normal/outdoor_normal_more/000000044442_all__4.npy,Normal
Pistachio/VAD/vit-features/train/normal/infrastructure_normal_less/750_jpg.rf.f612b0380508def136bfebdcc5b235db_all__6.npy,Normal
Pistachio/VAD/vit-features/train/anomaly/commercial_anomaly_less/fire/000000363855_all__7.npy,fire
Pistachio/VAD/vit-features/train/anomaly/outdoor_anomaly_less/fire/000000349509_all__1.npy,fire
Pistachio/VAD/vit-features/train/normal/commercial_normal_less/000000076727_all__2.npy,Normal
Pistachio/VAD/vit-features/train/anomaly/infrastructure_anomaly_less/fire/000000101833_all__9.npy,fire
Pistachio/VAD/vit-features/train/normal/indoor_normal_less/000000207540_all__1.npy,Normal
Pistachio/VAD/vit-features/train/normal/infrastructure_normal_less/HOMWLNAMSQU8_all__0.npy,Normal
Pistachio/VAD/vit-features/train/anomaly/commercial_anomaly_more/fire/000000009264_all__3.npy,fire
Pistachio/VAD/vit-features/train/anomaly/indoor_anomaly_less/fire/000000024178_all__8.npy,fire
Pistachio/VAD/vit-features/train/normal/indoor_normal_less/000000205110_all__5.npy,Normal
Pistachio/VAD/vit-features/train/anomaly/industrial_anomaly_less/fire/hd692_all__9.npy,fire
Pistachio/VAD/vit-features/train/normal/outdoor_normal_more/000000017041_all__1.npy,Normal
Pistachio/VAD/vit-features/train/normal/indoor_normal_more/000000334766_all__3.npy,Normal
Pistachio/VAD/vit-features/train/anomaly/commercial_anomaly_less/fire/000000113575_all__2.npy,fire
Pistachio/VAD/vit-features/train/normal/commercial_normal_more/000000135600_all__6.npy,Normal
Pistachio/VAD/vit-features/train/normal/infrastructure_normal_less/MOQWS3OYOVGB_all__3.npy,Normal
Pistachio/VAD/vit-features/train/anomaly/infrastructure_anomaly_more/fire/000000068419_all__1.npy,fire
Pistachio/VAD/vit-features/train/normal/indoor_normal_more/000000336803_all__4.npy,Normal
Pistachio/VAD/vit-features/train/anomaly/commercial_anomaly_more/fire/000000013041_all__5.npy,fire
Pistachio/VAD/vit-features/train/anomaly/commercial_anomaly_less/fire/000000362277_all__1.npy,fire
Pistachio/VAD/vit-features/train/anomaly/indoor_anomaly_more/fire/000000556311_all__5.npy,fire
Pistachio/VAD/vit-features/train/anomaly/commercial_anomaly_less/fire/000000363282_all__9.npy,fire
Pistachio/VAD/vit-features/train/anomaly/indoor_anomaly_more/fire/000000565156_all__1.npy,fire
Pistachio/VAD/vit-features/train/anomaly/outdoor_anomaly_less/fire/000000296100_all__1.npy,fire
Pistachio/VAD/vit-features/train/normal/indoor_normal_more/000000324469_all__6.npy,Normal
Pistachio/VAD/vit-features/train/normal/industrial_normal_more/hd170_all__6.npy,Normal
Pistachio/VAD/vit-features/train/normal/road_normal_more/000000129239_all__4.npy,Normal
Pistachio/VAD/vit-features/train/anomaly/infrastructure_anomaly_more/fire/000000101833_all__0.npy,fire
Pistachio/VAD/vit-features/train/anomaly/indoor_anomaly_more/fire/000000004948_all__9.npy,fire
Pistachio/VAD/vit-features/train/anomaly/commercial_anomaly_less/fire/000000363282_all__8.npy,fire
Pistachio/VAD/vit-features/train/normal/commercial_normal_less/000000059177_all__4.npy,Normal
Pistachio/VAD/vit-features/train/anomaly/road_anomaly_less/fire/000000030765_all__5.npy,fire
Pistachio/VAD/vit-features/train/anomaly/industrial_anomaly_less/fire/hd688_all__9.npy,fire
Pistachio/VAD/vit-features/train/anomaly/infrastructure_anomaly_less/fire/000000101833_all__6.npy,fire
Pistachio/VAD/vit-features/train/anomaly/indoor_anomaly_more/fire/000000547379_all__0.npy,fire
Pistachio/VAD/vit-features/train/anomaly/road_anomaly_less/fire/000000321465_all__5.npy,fire
Pistachio/VAD/vit-features/train/normal/outdoor_normal_more/000000181202_all__6.npy,Normal
Pistachio/VAD/vit-features/train/anomaly/indoor_anomaly_more/fire/000000005238_all__5.npy,fire
Pistachio/VAD/vit-features/train/normal/commercial_normal_less/000000231300_all__0.npy,Normal
Pistachio/VAD/vit-features/train/normal/road_normal_more/000000136252_all__7.npy,Normal
Pistachio/VAD/vit-features/train/anomaly/indoor_anomaly_less/fire/000000016853_all__2.npy,fire
Pistachio/VAD/vit-features/train/anomaly/industrial_anomaly_more/fire/000000159221_all__4.npy,fire
Pistachio/VAD/vit-features/train/normal/industrial_normal_less/hd716_all__1.npy,Normal
Pistachio/VAD/vit-features/train/anomaly/road_anomaly_less/fire/000000321465_all__7.npy,fire
Pistachio/VAD/vit-features/train/normal/indoor_normal_less/000000213336_all__2.npy,Normal
Pistachio/VAD/vit-features/train/normal/indoor_normal_less/000000232060_all__5.npy,Normal
Pistachio/VAD/vit-features/train/normal/infrastructure_normal_more/000000275629_all__8.npy,Normal
Pistachio/VAD/vit-features/train/anomaly/outdoor_anomaly_less/fire/000000234482_all__7.npy,fire
Pistachio/VAD/vit-features/train/anomaly/outdoor_anomaly_less/fire/000000217004_all__8.npy,fire
Pistachio/VAD/vit-features/train/normal/infrastructure_normal_less/s13_jpg.rf.edeb9489db4226690d9f478f7030d303_all__3.npy,Normal
Pistachio/VAD/vit-features/train/anomaly/infrastructure_anomaly_more/fire/000000085583_all__5.npy,fire
Pistachio/VAD/vit-features/train/anomaly/outdoor_anomaly_more/fire/000000018646_all__7.npy,fire
Pistachio/VAD/vit-features/train/normal/commercial_normal_more/000000126424_all__5.npy,Normal
Pistachio/VAD/vit-features/train/anomaly/indoor_anomaly_less/fire/000000030225_all__2.npy,fire
Pistachio/VAD/vit-features/train/anomaly/indoor_anomaly_more/fire/000000551079_all__1.npy,fire
Pistachio/VAD/vit-features/train/normal/indoor_normal_less/000000203939_all__1.npy,Normal
Pistachio/VAD/vit-features/train/normal/commercial_normal_less/000000054263_all__2.npy,Normal
Pistachio/VAD/vit-features/train/anomaly/industrial_anomaly_less/fire/hd698_all__4.npy,fire
Pistachio/VAD/vit-features/train/anomaly/outdoor_anomaly_less/fire/000000249344_all__1.npy,fire
Pistachio/VAD/vit-features/train/anomaly/commercial_anomaly_more/fire/000000007578_all__6.npy,fire
Pistachio/VAD/vit-features/train/normal/road_normal_more/000000129291_all__1.npy,Normal
Pistachio/VAD/vit-features/train/normal/indoor_normal_less/000000205060_all__1.npy,Normal
Pistachio/VAD/vit-features/train/normal/industrial_normal_less/hd254_all__1.npy,Normal
Pistachio/VAD/vit-features/train/anomaly/infrastructure_anomaly_more/fire/000000093924_all__8.npy,fire
Pistachio/VAD/vit-features/train/normal/indoor_normal_less/000000151903_all__0.npy,Normal
Pistachio/VAD/vit-features/train/anomaly/indoor_anomaly_less/fire/000000023401_all__4.npy,fire
Pistachio/VAD/vit-features/train/anomaly/industrial_anomaly_more/fire/000000005134_all__1.npy,fire
Pistachio/VAD/vit-features/train/anomaly/industrial_anomaly_less/fire/hd692_all__7.npy,fire
Pistachio/VAD/vit-features/train/anomaly/infrastructure_anomaly_more/fire/000000068419_all__7.npy,fire
Pistachio/VAD/vit-features/train/normal/commercial_normal_less/000000056408_all__0.npy,Normal
Pistachio/VAD/vit-features/train/anomaly/commercial_anomaly_more/fire/000000012889_all__1.npy,fire
Pistachio/VAD/vit-features/train/anomaly/outdoor_anomaly_less/fire/000000238362_all__3.npy,fire
Pistachio/VAD/vit-features/train/normal/road_normal_more/000000133801_all__7.npy,Normal
Pistachio/VAD/vit-features/train/anomaly/infrastructure_anomaly_less/fire/000000096686_all__0.npy,fire
Pistachio/VAD/vit-features/train/normal/commercial_normal_less/000000075238_all__7.npy,Normal
Pistachio/VAD/vit-features/train/normal/road_normal_more/000000135350_all__1.npy,Normal
Pistachio/VAD/vit-features/train/normal/commercial_normal_less/000000051736_all__0.npy,Normal
Pistachio/VAD/vit-features/train/normal/industrial_normal_more/000000206500_all__8.npy,Normal
Pistachio/VAD/vit-features/train/anomaly/outdoor_anomaly_more/fire/000000018646_all__2.npy,fire
Pistachio/VAD/vit-features/train/anomaly/indoor_anomaly_less/fire/000000040353_all__0.npy,fire
Pistachio/VAD/vit-features/train/normal/industrial_normal_less/hd83_all__1.npy,Normal
Pistachio/VAD/vit-features/train/normal/commercial_normal_less/000000287753_all__9.npy,Normal
Pistachio/VAD/vit-features/train/normal/commercial_normal_more/000000129354_all__1.npy,Normal
Pistachio/VAD/vit-features/train/anomaly/outdoor_anomaly_less/fire/000000361906_all__9.npy,fire
Pistachio/VAD/vit-features/train/normal/outdoor_normal_more/000000140031_all__2.npy,Normal
Pistachio/VAD/vit-features/train/normal/indoor_normal_less/000000230942_all__8.npy,Normal
Pistachio/VAD/vit-features/train/normal/road_normal_less/000000504071_all__7.npy,Normal
Pistachio/VAD/vit-features/train/anomaly/industrial_anomaly_less/fire/hd708_all__7.npy,fire
Pistachio/VAD/vit-features/train/anomaly/indoor_anomaly_less/fire/000000021016_all__7.npy,fire
Pistachio/VAD/vit-features/train/anomaly/infrastructure_anomaly_less/fire/000000085583_all__1.npy,fire
Pistachio/VAD/vit-features/train/normal/industrial_normal_less/000000509894_all__7.npy,Normal
Pistachio/VAD/vit-features/train/normal/infrastructure_normal_less/IZ0RIGNBEXHO_all__0.npy,Normal
Pistachio/VAD/vit-features/train/normal/road_normal_less/000000019217_all__5.npy,Normal
Pistachio/VAD/vit-features/train/anomaly/commercial_anomaly_less/fire/000000267208_all__1.npy,fire
Pistachio/VAD/vit-features/train/normal/industrial_normal_less/000000358602_all__1.npy,Normal
Pistachio/VAD/vit-features/train/normal/indoor_normal_less/000000044529_all__9.npy,Normal
Pistachio/VAD/vit-features/train/normal/road_normal_less/000000023704_all__1.npy,Normal
Pistachio/VAD/vit-features/train/normal/road_normal_less/000000046192_all__2.npy,Normal
Pistachio/VAD/vit-features/train/anomaly/indoor_anomaly_less/fire/000000040353_all__2.npy,fire
Pistachio/VAD/vit-features/train/anomaly/outdoor_anomaly_less/fire/000000319838_all__3.npy,fire
Pistachio/VAD/vit-features/train/normal/infrastructure_normal_less/000000422220_all__1.npy,Normal
Pistachio/VAD/vit-features/train/normal/indoor_normal_more/000000341022_all__6.npy,Normal
Pistachio/VAD/vit-features/train/anomaly/indoor_anomaly_more/fire/000000562945_all__0.npy,fire
Pistachio/VAD/vit-features/train/anomaly/road_anomaly_less/fire/000000030765_all__0.npy,fire
Pistachio/VAD/vit-features/train/anomaly/indoor_anomaly_less/fire/000000023401_all__5.npy,fire
Pistachio/VAD/vit-features/train/anomaly/indoor_anomaly_less/fire/000000040353_all__1.npy,fire
Pistachio/VAD/vit-features/train/anomaly/indoor_anomaly_less/fire/000000044363_all__6.npy,fire
Pistachio/VAD/vit-features/train/normal/industrial_normal_less/hd468_all__2.npy,Normal
Pistachio/VAD/vit-features/train/anomaly/industrial_anomaly_less/fire/hd696_all__4.npy,fire
Pistachio/VAD/vit-features/train/normal/industrial_normal_less/hd848_all__8.npy,Normal
Pistachio/VAD/vit-features/train/anomaly/indoor_anomaly_more/fire/000000560194_all__2.npy,fire
Pistachio/VAD/vit-features/train/normal/industrial_normal_more/000000574730_all__2.npy,Normal
Pistachio/VAD/vit-features/train/normal/indoor_normal_less/000000047901_all__8.npy,Normal
Pistachio/VAD/vit-features/train/anomaly/commercial_anomaly_less/fire/000000363282_all__2.npy,fire
Pistachio/VAD/vit-features/train/anomaly/indoor_anomaly_more/fire/000000009459_all__3.npy,fire
Pistachio/VAD/vit-features/train/anomaly/infrastructure_anomaly_more/fire/000000089581_all__1.npy,fire
Pistachio/VAD/vit-features/train/anomaly/commercial_anomaly_less/fire/000000154327_all__3.npy,fire
Pistachio/VAD/vit-features/train/anomaly/industrial_anomaly_more/fire/000000159221_all__0.npy,fire
Pistachio/VAD/vit-features/train/normal/indoor_normal_less/000000136759_all__6.npy,Normal
Pistachio/VAD/vit-features/train/normal/commercial_normal_less/000000351666_all__7.npy,Normal
Pistachio/VAD/vit-features/train/anomaly/indoor_anomaly_more/fire/000000562945_all__7.npy,fire
Pistachio/VAD/vit-features/train/normal/commercial_normal_more/000000133198_all__6.npy,Normal
Pistachio/VAD/vit-features/train/normal/outdoor_normal_less/000000009352_all__5.npy,Normal
Pistachio/VAD/vit-features/train/anomaly/indoor_anomaly_more/fire/1459__1.npy,fire
Pistachio/VAD/vit-features/train/normal/indoor_normal_less/000000025750_all__6.npy,Normal
Pistachio/VAD/vit-features/train/anomaly/industrial_anomaly_less/fire/hd703_all__6.npy,fire
Pistachio/VAD/vit-features/train/anomaly/infrastructure_anomaly_more/fire/000000085583_all__1.npy,fire
Pistachio/VAD/vit-features/train/normal/outdoor_normal_less/000000082707_all__5.npy,Normal
Pistachio/VAD/vit-features/train/normal/outdoor_normal_less/bv53_jpg.rf.a9ea3bf1a7df6d843407f2d5fd9cd8e6_all__8.npy,Normal
Pistachio/VAD/vit-features/train/normal/infrastructure_normal_less/x11_jpeg.rf.e6114cb37517fb1faaa47fcfe88c420c_all__9.npy,Normal
Pistachio/VAD/vit-features/train/anomaly/industrial_anomaly_less/fire/hd702_all__1.npy,fire
Pistachio/VAD/vit-features/train/anomaly/indoor_anomaly_less/fire/000000030648_all__0.npy,fire
Pistachio/VAD/vit-features/train/normal/road_normal_less/000000044828_all__1.npy,Normal
Pistachio/VAD/vit-features/train/anomaly/indoor_anomaly_less/fire/000000054707_all__0.npy,fire
Pistachio/VAD/vit-features/train/anomaly/infrastructure_anomaly_more/fire/000000085583_all__4.npy,fire
Pistachio/VAD/vit-features/train/anomaly/indoor_anomaly_more/fire/000000551079_all__0.npy,fire
Pistachio/VAD/vit-features/train/anomaly/commercial_anomaly_less/fire/000000113575_all__6.npy,fire
Pistachio/VAD/vit-features/train/anomaly/commercial_anomaly_more/fire/000000012032_all__5.npy,fire
Pistachio/VAD/vit-features/train/anomaly/industrial_anomaly_less/fire/hd695_all__1.npy,fire
Pistachio/VAD/vit-features/train/normal/indoor_normal_less/000000092864_all__2.npy,Normal
Pistachio/VAD/vit-features/train/normal/outdoor_normal_less/000000010623_all__5.npy,Normal
Pistachio/VAD/vit-features/train/anomaly/industrial_anomaly_less/fire/hd698_all__7.npy,fire
Pistachio/VAD/vit-features/train/normal/commercial_normal_less/000000029877_all__3.npy,Normal
Pistachio/VAD/vit-features/train/normal/indoor_normal_less/000000042623_all__5.npy,Normal
Pistachio/VAD/vit-features/train/anomaly/road_anomaly_less/fire/000000346775_all__0.npy,fire
Pistachio/VAD/vit-features/train/normal/commercial_normal_less/000000058888_all__7.npy,Normal
Pistachio/VAD/vit-features/train/anomaly/road_anomaly_more/fire/000000123200_all__8.npy,fire
Pistachio/VAD/vit-features/train/anomaly/commercial_anomaly_less/fire/000000362277_all__9.npy,fire
Pistachio/VAD/vit-features/train/anomaly/commercial_anomaly_more/fire/000000012889_all__7.npy,fire
Pistachio/VAD/vit-features/train/normal/infrastructure_normal_less/7KEHPAW0WDGT_all__8.npy,Normal
Pistachio/VAD/vit-features/train/normal/outdoor_normal_more/000000179843_all__3.npy,Normal
Pistachio/VAD/vit-features/train/normal/industrial_normal_less/hd548_all__9.npy,Normal
Pistachio/VAD/vit-features/train/anomaly/commercial_anomaly_more/fire/000000012032_all__8.npy,fire
Pistachio/VAD/vit-features/train/normal/infrastructure_normal_less/000000576090_all__0.npy,Normal
Pistachio/VAD/vit-features/train/anomaly/industrial_anomaly_less/fire/hd689_all__7.npy,fire
Pistachio/VAD/vit-features/train/normal/infrastructure_normal_more/000000311825_all__8.npy,Normal
Pistachio/VAD/vit-features/train/anomaly/industrial_anomaly_less/fire/hd697_all__5.npy,fire
Pistachio/VAD/vit-features/train/anomaly/indoor_anomaly_more/fire/1459__0.npy,fire
Pistachio/VAD/vit-features/train/anomaly/commercial_anomaly_less/fire/000000113575_all__7.npy,fire
Pistachio/VAD/vit-features/train/anomaly/indoor_anomaly_more/fire/000000009459_all__9.npy,fire
Pistachio/VAD/vit-features/train/normal/industrial_normal_less/hd281_all__1.npy,Normal
Pistachio/VAD/vit-features/train/normal/outdoor_normal_more/000000060652_all__7.npy,Normal
Pistachio/VAD/vit-features/train/normal/road_normal_more/000000128593_all__0.npy,Normal
Pistachio/VAD/vit-features/train/anomaly/commercial_anomaly_less/fire/000000125381_all__3.npy,fire
Pistachio/VAD/vit-features/train/normal/commercial_normal_less/000000225515_all__8.npy,Normal
Pistachio/VAD/vit-features/train/normal/commercial_normal_less/000000352625_all__3.npy,Normal
Pistachio/VAD/vit-features/train/normal/indoor_normal_less/000000215369_all__6.npy,Normal
Pistachio/VAD/vit-features/train/anomaly/commercial_anomaly_less/fire/000000363855_all__1.npy,fire
Pistachio/VAD/vit-features/train/anomaly/commercial_anomaly_less/fire/000000038607_all__1.npy,fire
Pistachio/VAD/vit-features/train/normal/commercial_normal_more/000000129467_all__5.npy,Normal
Pistachio/VAD/vit-features/train/anomaly/commercial_anomaly_more/fire/000000013041_all__3.npy,fire
Pistachio/VAD/vit-features/train/anomaly/outdoor_anomaly_more/fire/000000018646_all__1.npy,fire
Pistachio/VAD/vit-features/train/anomaly/commercial_anomaly_more/fire/000000007578_all__0.npy,fire
Pistachio/VAD/vit-features/train/anomaly/indoor_anomaly_less/fire/000000021016_all__5.npy,fire
Pistachio/VAD/vit-features/train/anomaly/outdoor_anomaly_less/fire/000000349509_all__0.npy,fire
Pistachio/VAD/vit-features/train/normal/outdoor_normal_more/000000179090_all__6.npy,Normal
Pistachio/VAD/vit-features/train/anomaly/indoor_anomaly_more/fire/000000556311_all__1.npy,fire
Pistachio/VAD/vit-features/train/anomaly/outdoor_anomaly_more/fire/000000019340_all__9.npy,fire
Pistachio/VAD/vit-features/train/normal/industrial_normal_less/hd797_all__1.npy,Normal
Pistachio/VAD/vit-features/train/normal/infrastructure_normal_less/segnali-stradali-poster-didattico-indicazioni-ms52pl_jpg.rf.4adff320c0696df607be093f7df9443e_all__1.npy,Normal
Pistachio/VAD/vit-features/train/normal/outdoor_normal_less/hd776_all__6.npy,Normal
Pistachio/VAD/vit-features/train/anomaly/indoor_anomaly_more/fire/000000564525_all__6.npy,fire
Pistachio/VAD/vit-features/train/anomaly/infrastructure_anomaly_less/fire/000000068419_all__5.npy,fire
Pistachio/VAD/vit-features/train/normal/road_normal_less/000000025205_all__5.npy,Normal
Pistachio/VAD/vit-features/train/normal/indoor_normal_more/000000312664_all__0.npy,Normal
Pistachio/VAD/vit-features/train/normal/commercial_normal_less/000000126320_all__1.npy,Normal
Pistachio/VAD/vit-features/train/normal/commercial_normal_less/000000226911_all__4.npy,Normal
Pistachio/VAD/vit-features/train/anomaly/industrial_anomaly_less/fire/hd706_all__5.npy,fire
Pistachio/VAD/vit-features/train/anomaly/indoor_anomaly_more/fire/000000006479_all__1.npy,fire
Pistachio/VAD/vit-features/train/normal/infrastructure_normal_less/000000517241_all__3.npy,Normal
Pistachio/VAD/vit-features/train/normal/infrastructure_normal_more/000000065740_all__2.npy,Normal
Pistachio/VAD/vit-features/train/anomaly/industrial_anomaly_less/fire/hd708_all__4.npy,fire
Pistachio/VAD/vit-features/train/normal/infrastructure_normal_less/216_jpg.rf.8f04e635736e88bf3459e8dd56c6516d_all__6.npy,Normal
Pistachio/VAD/vit-features/train/normal/commercial_normal_less/000000082378_all__2.npy,Normal
Pistachio/VAD/vit-features/train/anomaly/indoor_anomaly_more/fire/000000560194_all__5.npy,fire
Pistachio/VAD/vit-features/train/normal/industrial_normal_less/hd860_all__5.npy,Normal
Pistachio/VAD/vit-features/train/normal/infrastructure_normal_less/000000256770_all__3.npy,Normal
Pistachio/VAD/vit-features/train/anomaly/commercial_anomaly_less/fire/000000363556_all__2.npy,fire
Pistachio/VAD/vit-features/train/normal/outdoor_normal_more/000000010550_all__6.npy,Normal
Pistachio/VAD/vit-features/train/normal/indoor_normal_more/000000341022_all__7.npy,Normal
Pistachio/VAD/vit-features/train/normal/commercial_normal_less/000000351248_all__6.npy,Normal
Pistachio/VAD/vit-features/train/anomaly/indoor_anomaly_less/fire/000000031095_all__3.npy,fire
Pistachio/VAD/vit-features/train/anomaly/commercial_anomaly_more/fire/000000007578_all__2.npy,fire
Pistachio/VAD/vit-features/train/normal/industrial_normal_less/hd751_all__9.npy,Normal
Pistachio/VAD/vit-features/train/normal/outdoor_normal_less/hd616_all__8.npy,Normal
Pistachio/VAD/vit-features/train/anomaly/industrial_anomaly_less/fire/hd698_all__8.npy,fire
Pistachio/VAD/vit-features/train/anomaly/industrial_anomaly_less/fire/hd703_all__8.npy,fire
Pistachio/VAD/vit-features/train/normal/indoor_normal_more/000000331682_all__4.npy,Normal
Pistachio/VAD/vit-features/train/normal/road_normal_less/000000050594_all__0.npy,Normal
Pistachio/VAD/vit-features/train/anomaly/industrial_anomaly_less/fire/hd686_all__8.npy,fire
Pistachio/VAD/vit-features/train/normal/infrastructure_normal_less/236_jpg.rf.cbcdd1b1e817086755c5a61f123a8365_all__6.npy,Normal
Pistachio/VAD/vit-features/train/anomaly/outdoor_anomaly_less/fire/000000234482_all__6.npy,fire
Pistachio/VAD/vit-features/train/normal/indoor_normal_less/000000238754_all__2.npy,Normal
Pistachio/VAD/vit-features/train/normal/indoor_normal_less/000000071153_all__9.npy,Normal
Pistachio/VAD/vit-features/train/anomaly/industrial_anomaly_less/fire/hd696_all__1.npy,fire
Pistachio/VAD/vit-features/train/normal/indoor_normal_more/000000574233_all__3.npy,Normal
Pistachio/VAD/vit-features/train/anomaly/indoor_anomaly_less/fire/000000061445_all__0.npy,fire
Pistachio/VAD/vit-features/train/normal/infrastructure_normal_more/000000541389_all__5.npy,Normal
Pistachio/VAD/vit-features/train/anomaly/infrastructure_anomaly_less/fire/000000060652_all__1.npy,fire
Pistachio/VAD/vit-features/train/anomaly/infrastructure_anomaly_more/fire/000000096686_all__8.npy,fire
Pistachio/VAD/vit-features/train/normal/commercial_normal_more/000000132653_all__1.npy,Normal
Pistachio/VAD/vit-features/train/anomaly/indoor_anomaly_more/fire/15649__3.npy,fire
Pistachio/VAD/vit-features/train/anomaly/indoor_anomaly_less/fire/000000036184_all__6.npy,fire
Pistachio/VAD/vit-features/train/anomaly/infrastructure_anomaly_less/fire/000000093924_all__5.npy,fire
Pistachio/VAD/vit-features/train/normal/indoor_normal_less/000000247246_all__1.npy,Normal
Pistachio/VAD/vit-features/train/anomaly/indoor_anomaly_more/fire/000000556311_all__8.npy,fire
Pistachio/VAD/vit-features/train/anomaly/commercial_anomaly_less/fire/000000367916_all__8.npy,fire
Pistachio/VAD/vit-features/train/anomaly/indoor_anomaly_more/fire/15649__8.npy,fire
Pistachio/VAD/vit-features/train/anomaly/industrial_anomaly_more/fire/000000005134_all__4.npy,fire
Pistachio/VAD/vit-features/train/anomaly/infrastructure_anomaly_less/fire/000000085583_all__8.npy,fire
Pistachio/VAD/vit-features/train/anomaly/indoor_anomaly_less/fire/000000061445_all__9.npy,fire
Pistachio/VAD/vit-features/train/anomaly/road_anomaly_less/fire/000000398043_all__1.npy,fire
Pistachio/VAD/vit-features/train/anomaly/road_anomaly_less/fire/000000030765_all__2.npy,fire
Pistachio/VAD/vit-features/train/anomaly/industrial_anomaly_less/fire/hd700_all__6.npy,fire
Pistachio/VAD/vit-features/train/anomaly/infrastructure_anomaly_less/fire/000000089581_all__5.npy,fire
Pistachio/VAD/vit-features/train/anomaly/indoor_anomaly_less/fire/000000031095_all__1.npy,fire
Pistachio/VAD/vit-features/train/normal/infrastructure_normal_less/000000371297_all__9.npy,Normal
Pistachio/VAD/vit-features/train/anomaly/road_anomaly_more/fire/000000118958_all__2.npy,fire
Pistachio/VAD/vit-features/train/anomaly/road_anomaly_less/fire/000000408128_all__1.npy,fire
Pistachio/VAD/vit-features/train/normal/infrastructure_normal_less/S46MJI3LPCBE_all__0.npy,Normal
Pistachio/VAD/vit-features/train/anomaly/industrial_anomaly_less/fire/hd700_all__5.npy,fire
Pistachio/VAD/vit-features/train/normal/infrastructure_normal_less/000000394496_all__8.npy,Normal
Pistachio/VAD/vit-features/train/anomaly/infrastructure_anomaly_less/fire/000000085583_all__6.npy,fire
Pistachio/VAD/vit-features/train/anomaly/infrastructure_anomaly_less/fire/000000093924_all__4.npy,fire
Pistachio/VAD/vit-features/train/normal/infrastructure_normal_less/ROZK8OFARL5V_all__7.npy,Normal
Pistachio/VAD/vit-features/train/normal/road_normal_less/000000330949_all__3.npy,Normal
Pistachio/VAD/vit-features/train/anomaly/road_anomaly_less/fire/000000346775_all__2.npy,fire
Pistachio/VAD/vit-features/train/anomaly/road_anomaly_less/fire/000000379835_all__0.npy,fire
Pistachio/VAD/vit-features/train/normal/infrastructure_normal_less/000000291338_all__5.npy,Normal
Pistachio/VAD/vit-features/train/normal/industrial_normal_more/hd941_all__6.npy,Normal
Pistachio/VAD/vit-features/train/anomaly/indoor_anomaly_more/fire/000000565156_all__9.npy,fire
Pistachio/VAD/vit-features/train/normal/commercial_normal_more/000000132653_all__8.npy,Normal
Pistachio/VAD/vit-features/train/anomaly/outdoor_anomaly_less/fire/000000217004_all__1.npy,fire
Pistachio/VAD/vit-features/train/normal/infrastructure_normal_less/13_jpg.rf.967254318ab67809ebab25103d0857a4_all__3.npy,Normal
Pistachio/VAD/vit-features/train/normal/indoor_normal_more/000000314191_all__3.npy,Normal
Pistachio/VAD/vit-features/train/normal/industrial_normal_more/hd941_all__2.npy,Normal
Pistachio/VAD/vit-features/train/normal/road_normal_less/000000015758_all__4.npy,Normal
Pistachio/VAD/vit-features/train/normal/infrastructure_normal_less/7_jpg.rf.eaf2fa34879668321d252e0bb36470b8_all__3.npy,Normal
Pistachio/VAD/vit-features/train/anomaly/indoor_anomaly_less/fire/000000037270_all__7.npy,fire
Pistachio/VAD/vit-features/train/normal/commercial_normal_less/000000081533_all__8.npy,Normal
Pistachio/VAD/vit-features/train/anomaly/indoor_anomaly_less/fire/000000043628_all__5.npy,fire
Pistachio/VAD/vit-features/train/anomaly/commercial_anomaly_less/fire/000000040631_all__8.npy,fire
Pistachio/VAD/vit-features/train/normal/road_normal_less/000000035641_all__8.npy,Normal
Pistachio/VAD/vit-features/train/normal/commercial_normal_more/000000135848_all__2.npy,Normal
Pistachio/VAD/vit-features/train/normal/industrial_normal_less/hd922_all__5.npy,Normal
Pistachio/VAD/vit-features/train/normal/industrial_normal_less/hd616_all__0.npy,Normal
Pistachio/VAD/vit-features/train/anomaly/indoor_anomaly_more/fire/000000006479_all__9.npy,fire
Pistachio/VAD/vit-features/train/normal/infrastructure_normal_less/PW6NZJ5QFQTO_all__9.npy,Normal
Pistachio/VAD/vit-features/train/normal/outdoor_normal_less/hd6771_all__1.npy,Normal
Pistachio/VAD/vit-features/train/normal/infrastructure_normal_less/7KEHPAW0WDGT_all__7.npy,Normal
Pistachio/VAD/vit-features/train/normal/infrastructure_normal_less/n50_jpg.rf.274b4c5c1f5eef5c5e0d884ac5b6312c_all__4.npy,Normal
Pistachio/VAD/vit-features/train/anomaly/industrial_anomaly_more/fire/000000159221_all__5.npy,fire
Pistachio/VAD/vit-features/train/anomaly/indoor_anomaly_less/fire/000000023401_all__8.npy,fire
Pistachio/VAD/vit-features/train/anomaly/indoor_anomaly_less/fire/000000016853_all__7.npy,fire
Pistachio/VAD/vit-features/train/anomaly/infrastructure_anomaly_less/fire/000000065381_all__1.npy,fire
Pistachio/VAD/vit-features/train/normal/industrial_normal_more/000000111540_all__7.npy,Normal
Pistachio/VAD/vit-features/train/anomaly/infrastructure_anomaly_more/fire/000000085583_all__6.npy,fire
Pistachio/VAD/vit-features/train/anomaly/indoor_anomaly_more/fire/000000547379_all__9.npy,fire
Pistachio/VAD/vit-features/train/anomaly/indoor_anomaly_more/fire/000000562945_all__5.npy,fire
Pistachio/VAD/vit-features/train/anomaly/industrial_anomaly_less/fire/hd687_all__9.npy,fire
Pistachio/VAD/vit-features/train/normal/industrial_normal_less/hd618_all__4.npy,Normal
Pistachio/VAD/vit-features/train/anomaly/road_anomaly_more/fire/000000071075_all__8.npy,fire
Pistachio/VAD/vit-features/train/anomaly/industrial_anomaly_less/fire/hd695_all__9.npy,fire
Pistachio/VAD/vit-features/train/anomaly/road_anomaly_less/fire/000000398043_all__8.npy,fire
Pistachio/VAD/vit-features/train/anomaly/road_anomaly_less/fire/000000398043_all__0.npy,fire
Pistachio/VAD/vit-features/train/anomaly/indoor_anomaly_more/fire/1459__8.npy,fire
Pistachio/VAD/vit-features/train/normal/road_normal_less/000000028465_all__8.npy,Normal
Pistachio/VAD/vit-features/train/anomaly/infrastructure_anomaly_less/fire/000000085583_all__9.npy,fire
Pistachio/VAD/vit-features/train/anomaly/infrastructure_anomaly_more/fire/000000060652_all__2.npy,fire
Pistachio/VAD/vit-features/train/normal/commercial_normal_more/000000129467_all__6.npy,Normal
Pistachio/VAD/vit-features/train/normal/outdoor_normal_more/000000124941_all__0.npy,Normal
Pistachio/VAD/vit-features/train/normal/outdoor_normal_less/HG68G8NWIMRM_all__7.npy,Normal
Pistachio/VAD/vit-features/train/anomaly/infrastructure_anomaly_more/fire/000000060652_all__0.npy,fire
Pistachio/VAD/vit-features/train/anomaly/outdoor_anomaly_more/fire/000000018646_all__6.npy,fire
Pistachio/VAD/vit-features/train/normal/outdoor_normal_less/hd572_all__4.npy,Normal
Pistachio/VAD/vit-features/train/anomaly/indoor_anomaly_less/fire/000000037270_all__1.npy,fire
Pistachio/VAD/vit-features/train/normal/indoor_normal_less/000000053230_all__5.npy,Normal
Pistachio/VAD/vit-features/train/anomaly/industrial_anomaly_less/fire/hd706_all__8.npy,fire
Pistachio/VAD/vit-features/train/normal/road_normal_less/000000018132_all__5.npy,Normal
Pistachio/VAD/vit-features/train/normal/road_normal_less/000000050887_all__0.npy,Normal
Pistachio/VAD/vit-features/train/normal/commercial_normal_more/000000132653_all__5.npy,Normal
Pistachio/VAD/vit-features/train/anomaly/road_anomaly_less/fire/000000237901_all__3.npy,fire
Pistachio/VAD/vit-features/train/normal/outdoor_normal_less/hd503_all__1.npy,Normal
Pistachio/VAD/vit-features/train/anomaly/indoor_anomaly_less/fire/000000040353_all__4.npy,fire
Pistachio/VAD/vit-features/train/anomaly/commercial_anomaly_less/fire/000000092538_all__8.npy,fire
Pistachio/VAD/vit-features/train/normal/outdoor_normal_less/000000010623_all__9.npy,Normal
Pistachio/VAD/vit-features/train/normal/road_normal_less/000000039533_all__5.npy,Normal
Pistachio/VAD/vit-features/train/normal/commercial_normal_less/000000045113_all__0.npy,Normal
Pistachio/VAD/vit-features/train/normal/industrial_normal_more/000000133177_all__0.npy,Normal
Pistachio/VAD/vit-features/train/normal/infrastructure_normal_less/10FLK0NU7YAY_all__6.npy,Normal
Pistachio/VAD/vit-features/train/anomaly/infrastructure_anomaly_more/fire/000000102295_all__2.npy,fire
Pistachio/VAD/vit-features/train/normal/industrial_normal_less/hd796_all__1.npy,Normal
Pistachio/VAD/vit-features/train/anomaly/indoor_anomaly_less/fire/000000021016_all__0.npy,fire
Pistachio/VAD/vit-features/train/anomaly/commercial_anomaly_less/fire/000000363855_all__0.npy,fire
Pistachio/VAD/vit-features/train/anomaly/indoor_anomaly_more/fire/6834__3.npy,fire
Pistachio/VAD/vit-features/train/anomaly/indoor_anomaly_more/fire/000000545215_all__0.npy,fire
Pistachio/VAD/vit-features/train/anomaly/outdoor_anomaly_less/fire/000000361906_all__5.npy,fire
Pistachio/VAD/vit-features/train/anomaly/industrial_anomaly_less/fire/hd710_all__4.npy,fire
Pistachio/VAD/vit-features/train/normal/industrial_normal_less/hd397_all__1.npy,Normal
Pistachio/VAD/vit-features/train/anomaly/indoor_anomaly_less/fire/000000054034_all__4.npy,fire
Pistachio/VAD/vit-features/train/normal/industrial_normal_more/000000210328_all__3.npy,Normal
Pistachio/VAD/vit-features/train/normal/indoor_normal_less/000000023634_all__6.npy,Normal
Pistachio/VAD/vit-features/train/normal/road_normal_less/000000021781_all__0.npy,Normal
Pistachio/VAD/vit-features/train/normal/outdoor_normal_more/000000039636_all__6.npy,Normal
Pistachio/VAD/vit-features/train/anomaly/indoor_anomaly_less/fire/000000024178_all__6.npy,fire
Pistachio/VAD/vit-features/train/normal/commercial_normal_less/000000053372_all__4.npy,Normal
Pistachio/VAD/vit-features/train/normal/industrial_normal_less/hd363_all__4.npy,Normal
Pistachio/VAD/vit-features/train/anomaly/indoor_anomaly_less/fire/000000030225_all__1.npy,fire
Pistachio/VAD/vit-features/train/normal/industrial_normal_less/hd811_all__4.npy,Normal
Pistachio/VAD/vit-features/train/normal/indoor_normal_more/000000335104_all__6.npy,Normal
Pistachio/VAD/vit-features/train/normal/industrial_normal_less/hd515_all__3.npy,Normal
Pistachio/VAD/vit-features/train/anomaly/outdoor_anomaly_more/fire/000000018646_all__9.npy,fire
Pistachio/VAD/vit-features/train/anomaly/indoor_anomaly_more/fire/15649__6.npy,fire
Pistachio/VAD/vit-features/train/anomaly/indoor_anomaly_less/fire/000000027346_all__3.npy,fire
Pistachio/VAD/vit-features/train/normal/commercial_normal_more/000000135848_all__5.npy,Normal
Pistachio/VAD/vit-features/train/normal/road_normal_less/000000500276_all__2.npy,Normal
Pistachio/VAD/vit-features/train/anomaly/outdoor_anomaly_less/fire/000000319838_all__5.npy,fire
Pistachio/VAD/vit-features/train/normal/infrastructure_normal_less/17O5K9IX2MS6_all__2.npy,Normal
Pistachio/VAD/vit-features/train/normal/road_normal_more/000000128774_all__1.npy,Normal
Pistachio/VAD/vit-features/train/normal/commercial_normal_more/000000128416_all__4.npy,Normal
Pistachio/VAD/vit-features/train/anomaly/commercial_anomaly_less/fire/000000360977_all__1.npy,fire
Pistachio/VAD/vit-features/train/normal/road_normal_less/000000045142_all__2.npy,Normal
Pistachio/VAD/vit-features/train/anomaly/road_anomaly_less/fire/000000408128_all__6.npy,fire
Pistachio/VAD/vit-features/train/normal/industrial_normal_less/hd502_all__7.npy,Normal
Pistachio/VAD/vit-features/train/anomaly/road_anomaly_less/fire/000000379835_all__9.npy,fire
Pistachio/VAD/vit-features/train/anomaly/industrial_anomaly_less/fire/hd704_all__6.npy,fire
Pistachio/VAD/vit-features/train/normal/infrastructure_normal_more/000000090541_all__5.npy,Normal
Pistachio/VAD/vit-features/train/anomaly/infrastructure_anomaly_more/fire/000000096686_all__5.npy,fire
Pistachio/VAD/vit-features/train/anomaly/industrial_anomaly_less/fire/hd709_all__8.npy,fire
Pistachio/VAD/vit-features/train/normal/infrastructure_normal_more/000000229029_all__9.npy,Normal
Pistachio/VAD/vit-features/train/anomaly/indoor_anomaly_less/fire/000000031095_all__8.npy,fire
Pistachio/VAD/vit-features/train/anomaly/industrial_anomaly_less/fire/hd710_all__3.npy,fire
Pistachio/VAD/vit-features/train/anomaly/commercial_anomaly_less/fire/000000154327_all__5.npy,fire
Pistachio/VAD/vit-features/train/normal/outdoor_normal_less/hd616_all__1.npy,Normal
Pistachio/VAD/vit-features/train/anomaly/industrial_anomaly_less/fire/hd710_all__6.npy,fire
Pistachio/VAD/vit-features/train/normal/indoor_normal_less/000000029168_all__7.npy,Normal
Pistachio/VAD/vit-features/train/anomaly/industrial_anomaly_less/fire/hd704_all__0.npy,fire
Pistachio/VAD/vit-features/train/normal/infrastructure_normal_less/bv66_jpg.rf.55fbb2dd06a53fa5488405a5827322a5_all__3.npy,Normal
Pistachio/VAD/vit-features/train/normal/commercial_normal_less/000000080292_all__9.npy,Normal
Pistachio/VAD/vit-features/train/anomaly/infrastructure_anomaly_more/fire/000000101291_all__1.npy,fire
Pistachio/VAD/vit-features/train/anomaly/indoor_anomaly_less/fire/000000062058_all__8.npy,fire
Pistachio/VAD/vit-features/train/anomaly/road_anomaly_more/fire/000000118958_all__6.npy,fire
Pistachio/VAD/vit-features/train/normal/industrial_normal_more/hd936_all__4.npy,Normal
Pistachio/VAD/vit-features/train/anomaly/outdoor_anomaly_less/fire/000000361906_all__1.npy,fire
Pistachio/VAD/vit-features/train/anomaly/infrastructure_anomaly_less/fire/000000101291_all__2.npy,fire
Pistachio/VAD/vit-features/train/normal/outdoor_normal_less/000000081101_all__7.npy,Normal
Pistachio/VAD/vit-features/train/anomaly/industrial_anomaly_less/fire/hd695_all__6.npy,fire
Pistachio/VAD/vit-features/train/anomaly/road_anomaly_less/fire/000000237901_all__6.npy,fire
Pistachio/VAD/vit-features/train/anomaly/road_anomaly_less/fire/000000346775_all__7.npy,fire
Pistachio/VAD/vit-features/train/normal/indoor_normal_less/000000152485_all__3.npy,Normal
Pistachio/VAD/vit-features/train/anomaly/indoor_anomaly_more/fire/000000545215_all__9.npy,fire
Pistachio/VAD/vit-features/train/normal/indoor_normal_more/000000335104_all__4.npy,Normal
Pistachio/VAD/vit-features/train/normal/commercial_normal_less/000000044249_all__6.npy,Normal
Pistachio/VAD/vit-features/train/anomaly/road_anomaly_less/fire/000000398043_all__2.npy,fire
Pistachio/VAD/vit-features/train/anomaly/industrial_anomaly_less/fire/hd710_all__5.npy,fire
Pistachio/VAD/vit-features/train/anomaly/indoor_anomaly_less/fire/000000062058_all__9.npy,fire
Pistachio/VAD/vit-features/train/normal/road_normal_less/000000052172_all__7.npy,Normal
Pistachio/VAD/vit-features/train/anomaly/infrastructure_anomaly_more/fire/000000089581_all__6.npy,fire
Pistachio/VAD/vit-features/train/normal/industrial_normal_less/000000345794_all__0.npy,Normal
Pistachio/VAD/vit-features/train/normal/outdoor_normal_more/000000140663_all__9.npy,Normal
Pistachio/VAD/vit-features/train/normal/indoor_normal_less/000000041579_all__0.npy,Normal
Pistachio/VAD/vit-features/train/normal/road_normal_less/000000038295_all__9.npy,Normal
Pistachio/VAD/vit-features/train/anomaly/outdoor_anomaly_less/fire/000000217004_all__5.npy,fire
Pistachio/VAD/vit-features/train/normal/industrial_normal_less/hd694_all__7.npy,Normal
Pistachio/VAD/vit-features/train/normal/outdoor_normal_less/000000019077_all__9.npy,Normal
Pistachio/VAD/vit-features/train/normal/commercial_normal_less/000000084122_all__1.npy,Normal
Pistachio/VAD/vit-features/train/anomaly/indoor_anomaly_more/fire/000000560194_all__9.npy,fire
Pistachio/VAD/vit-features/train/normal/road_normal_less/000000023959_all__2.npy,Normal
Pistachio/VAD/vit-features/train/normal/infrastructure_normal_less/000000453081_all__4.npy,Normal
Pistachio/VAD/vit-features/train/normal/infrastructure_normal_less/bv52_jpg.rf.5b328623593a6626cd8507511a9fc1a4_all__8.npy,Normal
Pistachio/VAD/vit-features/train/anomaly/infrastructure_anomaly_more/fire/000000068419_all__6.npy,fire
Pistachio/VAD/vit-features/train/anomaly/indoor_anomaly_more/fire/000000553868_all__5.npy,fire
Pistachio/VAD/vit-features/train/normal/outdoor_normal_more/000000138777_all__3.npy,Normal
Pistachio/VAD/vit-features/train/normal/industrial_normal_more/000000252663_all__6.npy,Normal
Pistachio/VAD/vit-features/train/normal/road_normal_less/000000035838_all__8.npy,Normal
Pistachio/VAD/vit-features/train/normal/indoor_normal_less/000000214321_all__0.npy,Normal
Pistachio/VAD/vit-features/train/anomaly/industrial_anomaly_less/fire/hd703_all__0.npy,fire
Pistachio/VAD/vit-features/train/anomaly/industrial_anomaly_less/fire/hd688_all__8.npy,fire
Pistachio/VAD/vit-features/train/anomaly/infrastructure_anomaly_more/fire/000000101833_all__1.npy,fire
Pistachio/VAD/vit-features/train/anomaly/indoor_anomaly_less/fire/000000054034_all__5.npy,fire
Pistachio/VAD/vit-features/train/normal/road_normal_more/000000138427_all__8.npy,Normal
Pistachio/VAD/vit-features/train/anomaly/industrial_anomaly_less/fire/hd700_all__1.npy,fire
Pistachio/VAD/vit-features/train/normal/infrastructure_normal_less/000000394487_all__8.npy,Normal
Pistachio/VAD/vit-features/train/normal/commercial_normal_less/000000035662_all__4.npy,Normal
Pistachio/VAD/vit-features/train/anomaly/commercial_anomaly_less/fire/000000303278_all__7.npy,fire
Pistachio/VAD/vit-features/train/normal/infrastructure_normal_less/SRPVUOR51KRA_all__6.npy,Normal
Pistachio/VAD/vit-features/train/anomaly/road_anomaly_less/fire/000000274742_all__5.npy,fire
Pistachio/VAD/vit-features/train/anomaly/industrial_anomaly_less/fire/hd696_all__3.npy,fire
Pistachio/VAD/vit-features/train/normal/commercial_normal_less/000000064459_all__9.npy,Normal
Pistachio/VAD/vit-features/train/anomaly/industrial_anomaly_less/fire/hd688_all__1.npy,fire
Pistachio/VAD/vit-features/train/normal/infrastructure_normal_less/17O5K9IX2MS6_all__1.npy,Normal
Pistachio/VAD/vit-features/train/anomaly/infrastructure_anomaly_less/fire/000000101291_all__8.npy,fire
Pistachio/VAD/vit-features/train/anomaly/road_anomaly_less/fire/000000346775_all__8.npy,fire
Pistachio/VAD/vit-features/train/normal/road_normal_less/000000026508_all__5.npy,Normal
Pistachio/VAD/vit-features/train/normal/industrial_normal_less/hd204_all__3.npy,Normal
Pistachio/VAD/vit-features/train/anomaly/indoor_anomaly_more/fire/000000006479_all__2.npy,fire
Pistachio/VAD/vit-features/train/normal/industrial_normal_more/000000077636_all__5.npy,Normal
Pistachio/VAD/vit-features/train/normal/indoor_normal_less/000000021771_all__1.npy,Normal
Pistachio/VAD/vit-features/train/anomaly/road_anomaly_less/fire/000000398043_all__9.npy,fire
Pistachio/VAD/vit-features/train/anomaly/commercial_anomaly_less/fire/000000113575_all__8.npy,fire
Pistachio/VAD/vit-features/train/normal/infrastructure_normal_less/000000006923_all__3.npy,Normal
Pistachio/VAD/vit-features/train/anomaly/commercial_anomaly_less/fire/000000363282_all__1.npy,fire
Pistachio/VAD/vit-features/train/normal/commercial_normal_less/000000372750_all__8.npy,Normal
Pistachio/VAD/vit-features/train/anomaly/indoor_anomaly_less/fire/000000021016_all__2.npy,fire
Pistachio/VAD/vit-features/train/anomaly/indoor_anomaly_less/fire/000000040353_all__8.npy,fire
Pistachio/VAD/vit-features/train/normal/commercial_normal_less/000000064989_all__5.npy,Normal
Pistachio/VAD/vit-features/train/normal/commercial_normal_less/000000035510_all__7.npy,Normal
Pistachio/VAD/vit-features/train/anomaly/industrial_anomaly_less/fire/hd687_all__3.npy,fire
Pistachio/VAD/vit-features/train/anomaly/industrial_anomaly_less/fire/hd690_all__8.npy,fire
Pistachio/VAD/vit-features/train/normal/industrial_normal_more/hd012_all__6.npy,Normal
Pistachio/VAD/vit-features/train/anomaly/indoor_anomaly_less/fire/000000030648_all__5.npy,fire
Pistachio/VAD/vit-features/train/anomaly/industrial_anomaly_less/fire/hd698_all__1.npy,fire
Pistachio/VAD/vit-features/train/anomaly/industrial_anomaly_less/fire/hd702_all__4.npy,fire
Pistachio/VAD/vit-features/train/normal/outdoor_normal_less/I8MT7YDI8WKX_all__8.npy,Normal
Pistachio/VAD/vit-features/train/normal/indoor_normal_less/000000043312_all__6.npy,Normal
Pistachio/VAD/vit-features/train/normal/road_normal_more/000000139770_all__4.npy,Normal
Pistachio/VAD/vit-features/train/normal/road_normal_less/000000024742_all__7.npy,Normal
Pistachio/VAD/vit-features/train/normal/infrastructure_normal_less/000000363330_all__4.npy,Normal
Pistachio/VAD/vit-features/train/normal/commercial_normal_less/000000039218_all__2.npy,Normal
Pistachio/VAD/vit-features/train/anomaly/infrastructure_anomaly_more/fire/000000065381_all__6.npy,fire
Pistachio/VAD/vit-features/train/normal/road_normal_less/000000026870_all__8.npy,Normal
Pistachio/VAD/vit-features/train/anomaly/road_anomaly_more/fire/000000071075_all__3.npy,fire
Pistachio/VAD/vit-features/train/anomaly/infrastructure_anomaly_more/fire/000000065381_all__7.npy,fire
Pistachio/VAD/vit-features/train/anomaly/commercial_anomaly_less/fire/000000040631_all__5.npy,fire
Pistachio/VAD/vit-features/train/normal/industrial_normal_less/hd281_all__9.npy,Normal
Pistachio/VAD/vit-features/train/anomaly/commercial_anomaly_less/fire/000000092538_all__3.npy,fire
Pistachio/VAD/vit-features/train/normal/commercial_normal_less/000000080499_all__3.npy,Normal
Pistachio/VAD/vit-features/train/anomaly/indoor_anomaly_more/fire/000000565156_all__0.npy,fire
Pistachio/VAD/vit-features/train/anomaly/indoor_anomaly_more/fire/000000545215_all__1.npy,fire
Pistachio/VAD/vit-features/train/anomaly/infrastructure_anomaly_less/fire/000000101291_all__3.npy,fire
Pistachio/VAD/vit-features/train/anomaly/commercial_anomaly_less/fire/000000477236_all__5.npy,fire
Pistachio/VAD/vit-features/train/anomaly/outdoor_anomaly_more/fire/000000018646_all__4.npy,fire
Pistachio/VAD/vit-features/train/anomaly/commercial_anomaly_more/fire/000000007578_all__8.npy,fire
Pistachio/VAD/vit-features/train/anomaly/infrastructure_anomaly_more/fire/000000101291_all__5.npy,fire
Pistachio/VAD/vit-features/train/anomaly/commercial_anomaly_less/fire/000000363062_all__3.npy,fire
Pistachio/VAD/vit-features/train/normal/road_normal_less/000000552207_all__8.npy,Normal
Pistachio/VAD/vit-features/train/anomaly/indoor_anomaly_less/fire/000000023401_all__6.npy,fire
Pistachio/VAD/vit-features/train/anomaly/commercial_anomaly_more/fire/000000012032_all__0.npy,fire
Pistachio/VAD/vit-features/train/anomaly/infrastructure_anomaly_more/fire/000000060652_all__1.npy,fire
Pistachio/VAD/vit-features/train/normal/commercial_normal_more/000000134603_all__7.npy,Normal
Pistachio/VAD/vit-features/train/normal/industrial_normal_more/000000169542_all__0.npy,Normal
Pistachio/VAD/vit-features/train/anomaly/road_anomaly_less/fire/000000379835_all__3.npy,fire
Pistachio/VAD/vit-features/train/anomaly/industrial_anomaly_less/fire/hd703_all__9.npy,fire
Pistachio/VAD/vit-features/train/normal/road_normal_less/000000012865_all__6.npy,Normal
Pistachio/VAD/vit-features/train/anomaly/commercial_anomaly_more/fire/000000009264_all__1.npy,fire
Pistachio/VAD/vit-features/train/anomaly/industrial_anomaly_less/fire/hd710_all__1.npy,fire
Pistachio/VAD/vit-features/train/normal/industrial_normal_less/hd600_all__3.npy,Normal
Pistachio/VAD/vit-features/train/anomaly/road_anomaly_more/fire/000000052105_all__6.npy,fire
Pistachio/VAD/vit-features/train/anomaly/indoor_anomaly_more/fire/000000553868_all__1.npy,fire
Pistachio/VAD/vit-features/train/anomaly/indoor_anomaly_more/fire/000000562945_all__1.npy,fire
Pistachio/VAD/vit-features/train/anomaly/indoor_anomaly_more/fire/000000545215_all__2.npy,fire
Pistachio/VAD/vit-features/train/anomaly/commercial_anomaly_less/fire/000000113575_all__0.npy,fire
Pistachio/VAD/vit-features/train/anomaly/indoor_anomaly_less/fire/000000054707_all__9.npy,fire
Pistachio/VAD/vit-features/train/anomaly/infrastructure_anomaly_more/fire/000000093924_all__0.npy,fire
Pistachio/VAD/vit-features/train/normal/outdoor_normal_less/000000017548_all__0.npy,Normal
Pistachio/VAD/vit-features/train/normal/commercial_normal_more/000000124540_all__3.npy,Normal
Pistachio/VAD/vit-features/train/anomaly/outdoor_anomaly_less/fire/000000296100_all__3.npy,fire
Pistachio/VAD/vit-features/train/anomaly/indoor_anomaly_less/fire/000000063678_all__2.npy,fire
Pistachio/VAD/vit-features/train/normal/infrastructure_normal_more/000000069722_all__2.npy,Normal
Pistachio/VAD/vit-features/train/normal/commercial_normal_less/000000033977_all__6.npy,Normal
Pistachio/VAD/vit-features/train/anomaly/commercial_anomaly_less/fire/000000154327_all__7.npy,fire
Pistachio/VAD/vit-features/train/normal/industrial_normal_less/000000399381_all__0.npy,Normal
Pistachio/VAD/vit-features/train/anomaly/commercial_anomaly_less/fire/000000477236_all__4.npy,fire
Pistachio/VAD/vit-features/train/anomaly/industrial_anomaly_less/fire/hd709_all__5.npy,fire
Pistachio/VAD/vit-features/train/anomaly/commercial_anomaly_less/fire/000000038607_all__9.npy,fire
Pistachio/VAD/vit-features/train/normal/road_normal_less/000000033961_all__7.npy,Normal
Pistachio/VAD/vit-features/train/anomaly/indoor_anomaly_less/fire/000000016853_all__3.npy,fire
Pistachio/VAD/vit-features/train/anomaly/indoor_anomaly_more/fire/000000006479_all__6.npy,fire
Pistachio/VAD/vit-features/train/anomaly/outdoor_anomaly_less/fire/000000296100_all__2.npy,fire
Pistachio/VAD/vit-features/train/anomaly/road_anomaly_less/fire/000000365726_all__7.npy,fire
Pistachio/VAD/vit-features/train/anomaly/indoor_anomaly_less/fire/000000024178_all__9.npy,fire
Pistachio/VAD/vit-features/train/anomaly/indoor_anomaly_more/fire/000000556311_all__4.npy,fire
Pistachio/VAD/vit-features/train/normal/outdoor_normal_less/000000011517_all__8.npy,Normal
Pistachio/VAD/vit-features/train/normal/outdoor_normal_less/000000021485_all__6.npy,Normal
Pistachio/VAD/vit-features/train/normal/road_normal_less/000000039946_all__4.npy,Normal
Pistachio/VAD/vit-features/train/anomaly/indoor_anomaly_less/fire/000000036184_all__7.npy,fire
Pistachio/VAD/vit-features/train/normal/infrastructure_normal_less/000000403125_all__9.npy,Normal
Pistachio/VAD/vit-features/train/normal/indoor_normal_more/000000336728_all__4.npy,Normal
Pistachio/VAD/vit-features/train/normal/commercial_normal_less/000000073532_all__2.npy,Normal
Pistachio/VAD/vit-features/train/anomaly/infrastructure_anomaly_less/fire/000000065381_all__4.npy,fire
Pistachio/VAD/vit-features/train/normal/industrial_normal_less/hd828_all__6.npy,Normal
Pistachio/VAD/vit-features/train/normal/outdoor_normal_more/000000017041_all__3.npy,Normal
Pistachio/VAD/vit-features/train/anomaly/indoor_anomaly_more/fire/000000007493_all__9.npy,fire
Pistachio/VAD/vit-features/train/anomaly/indoor_anomaly_less/fire/000000043628_all__7.npy,fire
Pistachio/VAD/vit-features/train/anomaly/road_anomaly_less/fire/000000398043_all__6.npy,fire
Pistachio/VAD/vit-features/train/normal/indoor_normal_less/000000022523_all__7.npy,Normal
Pistachio/VAD/vit-features/train/anomaly/indoor_anomaly_less/fire/000000030225_all__8.npy,fire
Pistachio/VAD/vit-features/train/normal/indoor_normal_more/000000314417_all__4.npy,Normal
Pistachio/VAD/vit-features/train/normal/infrastructure_normal_less/G59HKVMGHLBG_all__2.npy,Normal
Pistachio/VAD/vit-features/train/normal/industrial_normal_less/hd25_all__4.npy,Normal
Pistachio/VAD/vit-features/train/anomaly/indoor_anomaly_more/fire/000000565156_all__3.npy,fire
Pistachio/VAD/vit-features/train/normal/road_normal_less/000000024868_all__8.npy,Normal
Pistachio/VAD/vit-features/train/anomaly/indoor_anomaly_more/fire/000000553868_all__3.npy,fire
Pistachio/VAD/vit-features/train/anomaly/indoor_anomaly_more/fire/15649__9.npy,fire
Pistachio/VAD/vit-features/train/normal/industrial_normal_less/hd737_all__5.npy,Normal
Pistachio/VAD/vit-features/train/normal/infrastructure_normal_more/000000505466_all__0.npy,Normal
Pistachio/VAD/vit-features/train/anomaly/road_anomaly_less/fire/000000237901_all__8.npy,fire
Pistachio/VAD/vit-features/train/anomaly/infrastructure_anomaly_less/fire/000000096686_all__6.npy,fire
Pistachio/VAD/vit-features/train/anomaly/outdoor_anomaly_less/fire/000000361906_all__2.npy,fire
Pistachio/VAD/vit-features/train/normal/infrastructure_normal_more/000000241627_all__7.npy,Normal
Pistachio/VAD/vit-features/train/anomaly/infrastructure_anomaly_more/fire/000000065381_all__9.npy,fire
Pistachio/VAD/vit-features/train/normal/outdoor_normal_less/000000009674_all__9.npy,Normal
Pistachio/VAD/vit-features/train/anomaly/commercial_anomaly_less/fire/000000154327_all__2.npy,fire
Pistachio/VAD/vit-features/train/anomaly/outdoor_anomaly_less/fire/000000349509_all__5.npy,fire
Pistachio/VAD/vit-features/train/normal/indoor_normal_less/000000034256_all__7.npy,Normal
Pistachio/VAD/vit-features/train/anomaly/indoor_anomaly_more/fire/000000565156_all__5.npy,fire
Pistachio/VAD/vit-features/train/anomaly/infrastructure_anomaly_more/fire/000000096686_all__2.npy,fire
Pistachio/VAD/vit-features/train/anomaly/indoor_anomaly_less/fire/000000043628_all__6.npy,fire
Pistachio/VAD/vit-features/train/normal/road_normal_less/000000015758_all__7.npy,Normal
Pistachio/VAD/vit-features/train/normal/indoor_normal_more/000000579428_all__5.npy,Normal
Pistachio/VAD/vit-features/train/normal/indoor_normal_less/000000075692_all__2.npy,Normal
Pistachio/VAD/vit-features/train/anomaly/outdoor_anomaly_more/fire/000000019340_all__5.npy,fire
Pistachio/VAD/vit-features/train/normal/commercial_normal_more/000000126069_all__6.npy,Normal
Pistachio/VAD/vit-features/train/anomaly/road_anomaly_less/fire/000000321465_all__0.npy,fire
Pistachio/VAD/vit-features/train/anomaly/commercial_anomaly_less/fire/000000303278_all__8.npy,fire
Pistachio/VAD/vit-features/train/anomaly/road_anomaly_less/fire/000000030765_all__3.npy,fire
Pistachio/VAD/vit-features/train/anomaly/infrastructure_anomaly_more/fire/000000060652_all__4.npy,fire
Pistachio/VAD/vit-features/train/anomaly/infrastructure_anomaly_less/fire/000000096686_all__7.npy,fire
Pistachio/VAD/vit-features/train/normal/outdoor_normal_less/000000022920_all__7.npy,Normal
Pistachio/VAD/vit-features/train/anomaly/industrial_anomaly_less/fire/hd697_all__3.npy,fire
Pistachio/VAD/vit-features/train/normal/indoor_normal_less/000000145995_all__1.npy,Normal
Pistachio/VAD/vit-features/train/anomaly/indoor_anomaly_less/fire/000000044363_all__2.npy,fire
Pistachio/VAD/vit-features/train/anomaly/infrastructure_anomaly_more/fire/000000065381_all__1.npy,fire
Pistachio/VAD/vit-features/train/normal/industrial_normal_less/hd835_all__0.npy,Normal
Pistachio/VAD/vit-features/train/normal/outdoor_normal_more/000000177761_all__0.npy,Normal
Pistachio/VAD/vit-features/train/normal/commercial_normal_more/000000134957_all__4.npy,Normal
Pistachio/VAD/vit-features/train/anomaly/road_anomaly_less/fire/000000379835_all__7.npy,fire
Pistachio/VAD/vit-features/train/anomaly/commercial_anomaly_less/fire/000000363062_all__2.npy,fire
Pistachio/VAD/vit-features/train/anomaly/road_anomaly_less/fire/000000030765_all__9.npy,fire
Pistachio/VAD/vit-features/train/normal/outdoor_normal_less/000000022535_all__5.npy,Normal
Pistachio/VAD/vit-features/train/normal/indoor_normal_less/000000152104_all__3.npy,Normal
Pistachio/VAD/vit-features/train/normal/road_normal_less/000000024775_all__7.npy,Normal
Pistachio/VAD/vit-features/train/anomaly/indoor_anomaly_less/fire/000000063678_all__4.npy,fire
Pistachio/VAD/vit-features/train/anomaly/outdoor_anomaly_less/fire/000000319838_all__4.npy,fire
Pistachio/VAD/vit-features/train/normal/indoor_normal_less/000000141407_all__9.npy,Normal
Pistachio/VAD/vit-features/train/normal/indoor_normal_more/000000337713_all__7.npy,Normal
Pistachio/VAD/vit-features/train/anomaly/indoor_anomaly_less/fire/000000061445_all__1.npy,fire
Pistachio/VAD/vit-features/train/normal/road_normal_less/000000028787_all__2.npy,Normal
Pistachio/VAD/vit-features/train/normal/road_normal_less/000000034725_all__8.npy,Normal
Pistachio/VAD/vit-features/train/normal/commercial_normal_less/000000040935_all__8.npy,Normal
Pistachio/VAD/vit-features/train/normal/industrial_normal_more/000000538101_all__8.npy,Normal
Pistachio/VAD/vit-features/train/normal/infrastructure_normal_less/FHXI69HPZTGE_all__0.npy,Normal
Pistachio/VAD/vit-features/train/normal/road_normal_more/000000133201_all__2.npy,Normal
Pistachio/VAD/vit-features/train/anomaly/industrial_anomaly_less/fire/hd710_all__8.npy,fire
Pistachio/VAD/vit-features/train/normal/infrastructure_normal_less/216_jpg.rf.8f04e635736e88bf3459e8dd56c6516d_all__8.npy,Normal
Pistachio/VAD/vit-features/train/normal/indoor_normal_less/000000029025_all__4.npy,Normal
Pistachio/VAD/vit-features/train/anomaly/industrial_anomaly_less/fire/hd706_all__0.npy,fire
Pistachio/VAD/vit-features/train/anomaly/road_anomaly_less/fire/000000346775_all__5.npy,fire
Pistachio/VAD/vit-features/train/anomaly/road_anomaly_less/fire/000000030765_all__4.npy,fire
Pistachio/VAD/vit-features/train/normal/indoor_normal_less/000000032135_all__5.npy,Normal
Pistachio/VAD/vit-features/train/normal/commercial_normal_less/000000029849_all__4.npy,Normal
Pistachio/VAD/vit-features/train/anomaly/infrastructure_anomaly_more/fire/000000101291_all__2.npy,fire
Pistachio/VAD/vit-features/train/anomaly/commercial_anomaly_less/fire/000000038607_all__4.npy,fire
Pistachio/VAD/vit-features/train/normal/indoor_normal_less/000000025726_all__0.npy,Normal
Pistachio/VAD/vit-features/train/normal/road_normal_less/000000037335_all__3.npy,Normal
Pistachio/VAD/vit-features/train/anomaly/outdoor_anomaly_less/fire/000000319838_all__0.npy,fire
Pistachio/VAD/vit-features/train/normal/road_normal_more/000000133674_all__9.npy,Normal
Pistachio/VAD/vit-features/train/anomaly/commercial_anomaly_less/fire/000000363556_all__0.npy,fire
Pistachio/VAD/vit-features/train/normal/commercial_normal_more/000000128540_all__2.npy,Normal
Pistachio/VAD/vit-features/train/anomaly/indoor_anomaly_more/fire/000000009459_all__4.npy,fire
Pistachio/VAD/vit-features/train/anomaly/outdoor_anomaly_more/fire/000000008826_all__4.npy,fire
Pistachio/VAD/vit-features/train/normal/road_normal_less/000000049831_all__0.npy,Normal
Pistachio/VAD/vit-features/train/anomaly/indoor_anomaly_less/fire/000000027346_all__7.npy,fire
Pistachio/VAD/vit-features/train/normal/road_normal_less/000000020793_all__6.npy,Normal
Pistachio/VAD/vit-features/train/anomaly/indoor_anomaly_less/fire/000000064745_all__9.npy,fire
Pistachio/VAD/vit-features/train/normal/indoor_normal_less/000000025520_all__1.npy,Normal
Pistachio/VAD/vit-features/train/anomaly/outdoor_anomaly_more/fire/000000019340_all__3.npy,fire
Pistachio/VAD/vit-features/train/normal/outdoor_normal_less/hd509_all__4.npy,Normal
Pistachio/VAD/vit-features/train/anomaly/infrastructure_anomaly_less/fire/000000101833_all__1.npy,fire
Pistachio/VAD/vit-features/train/anomaly/road_anomaly_more/fire/000000123200_all__1.npy,fire
Pistachio/VAD/vit-features/train/anomaly/industrial_anomaly_less/fire/hd710_all__9.npy,fire
Pistachio/VAD/vit-features/train/normal/industrial_normal_less/hd217_all__2.npy,Normal
Pistachio/VAD/vit-features/train/anomaly/indoor_anomaly_less/fire/000000054707_all__2.npy,fire
Pistachio/VAD/vit-features/train/normal/infrastructure_normal_less/242_jpg.rf.600e9e9ebf89b35649f3aeed5d221066_all__4.npy,Normal
Pistachio/VAD/vit-features/train/normal/commercial_normal_less/000000062751_all__8.npy,Normal
Pistachio/VAD/vit-features/train/anomaly/road_anomaly_less/fire/000000274742_all__7.npy,fire
Pistachio/VAD/vit-features/train/normal/industrial_normal_more/000000548642_all__0.npy,Normal
Pistachio/VAD/vit-features/train/normal/indoor_normal_more/000000323782_all__5.npy,Normal
Pistachio/VAD/vit-features/train/anomaly/commercial_anomaly_less/fire/000000303278_all__3.npy,fire
Pistachio/VAD/vit-features/train/normal/road_normal_less/000000285658_all__1.npy,Normal
Pistachio/VAD/vit-features/train/anomaly/indoor_anomaly_more/fire/1459__2.npy,fire
Pistachio/VAD/vit-features/train/anomaly/commercial_anomaly_less/fire/000000038607_all__8.npy,fire
Pistachio/VAD/vit-features/train/anomaly/industrial_anomaly_less/fire/hd697_all__0.npy,fire
Pistachio/VAD/vit-features/train/normal/road_normal_less/000000026066_all__7.npy,Normal
Pistachio/VAD/vit-features/train/anomaly/industrial_anomaly_less/fire/hd691_all__8.npy,fire
Pistachio/VAD/vit-features/train/normal/indoor_normal_less/000000142025_all__1.npy,Normal
Pistachio/VAD/vit-features/train/anomaly/commercial_anomaly_less/fire/000000038607_all__7.npy,fire
Pistachio/VAD/vit-features/train/anomaly/industrial_anomaly_less/fire/hd688_all__4.npy,fire
Pistachio/VAD/vit-features/train/anomaly/road_anomaly_less/fire/000000408128_all__4.npy,fire
Pistachio/VAD/vit-features/train/anomaly/indoor_anomaly_less/fire/000000027346_all__9.npy,fire
Pistachio/VAD/vit-features/train/normal/road_normal_more/000000134763_all__9.npy,Normal
Pistachio/VAD/vit-features/train/anomaly/outdoor_anomaly_less/fire/000000349509_all__2.npy,fire
Pistachio/VAD/vit-features/train/anomaly/indoor_anomaly_less/fire/000000031095_all__6.npy,fire
Pistachio/VAD/vit-features/train/normal/indoor_normal_more/000000579428_all__6.npy,Normal
Pistachio/VAD/vit-features/train/normal/road_normal_less/000000044916_all__4.npy,Normal
Pistachio/VAD/vit-features/train/anomaly/road_anomaly_less/fire/000000274742_all__2.npy,fire
Pistachio/VAD/vit-features/train/normal/indoor_normal_less/000000017211_all__3.npy,Normal
Pistachio/VAD/vit-features/train/normal/road_normal_less/000000024775_all__2.npy,Normal
Pistachio/VAD/vit-features/train/normal/industrial_normal_less/hd214_all__0.npy,Normal
Pistachio/VAD/vit-features/train/normal/commercial_normal_more/000000125320_all__5.npy,Normal
Pistachio/VAD/vit-features/train/anomaly/indoor_anomaly_less/fire/000000037270_all__8.npy,fire
Pistachio/VAD/vit-features/train/normal/outdoor_normal_less/hd6631_all__4.npy,Normal
Pistachio/VAD/vit-features/train/anomaly/road_anomaly_less/fire/000000321465_all__1.npy,fire
Pistachio/VAD/vit-features/train/anomaly/indoor_anomaly_more/fire/000000004948_all__8.npy,fire
Pistachio/VAD/vit-features/train/anomaly/outdoor_anomaly_less/fire/000000234482_all__0.npy,fire
Pistachio/VAD/vit-features/train/normal/outdoor_normal_less/hd775_all__5.npy,Normal
Pistachio/VAD/vit-features/train/normal/infrastructure_normal_less/bv62_jpg.rf.1023e3fbbeff62e964c0fb5f99f19937_all__7.npy,Normal
Pistachio/VAD/vit-features/train/anomaly/commercial_anomaly_less/fire/000000477236_all__1.npy,fire
Pistachio/VAD/vit-features/train/anomaly/outdoor_anomaly_less/fire/000000234482_all__5.npy,fire
Pistachio/VAD/vit-features/train/anomaly/road_anomaly_more/fire/000000169283_all__1.npy,fire
Pistachio/VAD/vit-features/train/anomaly/road_anomaly_more/fire/000000071075_all__0.npy,fire
Pistachio/VAD/vit-features/train/anomaly/outdoor_anomaly_less/fire/000000217004_all__9.npy,fire
Pistachio/VAD/vit-features/train/anomaly/outdoor_anomaly_less/fire/000000349509_all__3.npy,fire
Pistachio/VAD/vit-features/train/anomaly/infrastructure_anomaly_more/fire/000000065381_all__8.npy,fire
Pistachio/VAD/vit-features/train/normal/commercial_normal_more/000000135720_all__1.npy,Normal
Pistachio/VAD/vit-features/train/normal/industrial_normal_less/hd665_all__5.npy,Normal
Pistachio/VAD/vit-features/train/normal/commercial_normal_more/000000124921_all__9.npy,Normal
Pistachio/VAD/vit-features/train/normal/outdoor_normal_less/000000019361_all__9.npy,Normal
Pistachio/VAD/vit-features/train/normal/infrastructure_normal_less/mk7_jpg.rf.e9c3be2603478d2d03fa2d3405eb9715_all__8.npy,Normal
Pistachio/VAD/vit-features/train/normal/commercial_normal_less/000000068010_all__4.npy,Normal
Pistachio/VAD/vit-features/train/normal/indoor_normal_less/000000142255_all__6.npy,Normal
Pistachio/VAD/vit-features/train/anomaly/road_anomaly_less/fire/000000379835_all__4.npy,fire
Pistachio/VAD/vit-features/train/anomaly/indoor_anomaly_more/fire/000000556311_all__6.npy,fire
Pistachio/VAD/vit-features/train/normal/industrial_normal_less/hd71_all__9.npy,Normal
Pistachio/VAD/vit-features/train/normal/commercial_normal_less/000000039787_all__2.npy,Normal
Pistachio/VAD/vit-features/train/normal/industrial_normal_less/hd378_all__1.npy,Normal
Pistachio/VAD/vit-features/train/anomaly/indoor_anomaly_less/fire/000000037270_all__0.npy,fire
Pistachio/VAD/vit-features/train/anomaly/indoor_anomaly_less/fire/000000023401_all__9.npy,fire
Pistachio/VAD/vit-features/train/anomaly/industrial_anomaly_less/fire/hd706_all__2.npy,fire
Pistachio/VAD/vit-features/train/normal/infrastructure_normal_less/rect25_jpg.rf.7b3c6bf13758ee916636116219952dfa_all__2.npy,Normal
Pistachio/VAD/vit-features/train/normal/commercial_normal_less/000000082601_all__5.npy,Normal
Pistachio/VAD/vit-features/train/anomaly/outdoor_anomaly_less/fire/000000339205_all__2.npy,fire
Pistachio/VAD/vit-features/train/normal/infrastructure_normal_less/000000207312_all__7.npy,Normal
Pistachio/VAD/vit-features/train/normal/indoor_normal_less/000000042691_all__3.npy,Normal
Pistachio/VAD/vit-features/train/normal/infrastructure_normal_more/000000101291_all__7.npy,Normal
Pistachio/VAD/vit-features/train/normal/commercial_normal_less/000000062290_all__7.npy,Normal
Pistachio/VAD/vit-features/train/anomaly/infrastructure_anomaly_less/fire/000000068419_all__1.npy,fire
Pistachio/VAD/vit-features/train/normal/commercial_normal_more/000000135137_all__5.npy,Normal
Pistachio/VAD/vit-features/train/anomaly/road_anomaly_more/fire/000000071075_all__1.npy,fire
Pistachio/VAD/vit-features/train/anomaly/indoor_anomaly_less/fire/000000061445_all__5.npy,fire
Pistachio/VAD/vit-features/train/normal/indoor_normal_less/000000059838_all__5.npy,Normal
Pistachio/VAD/vit-features/train/anomaly/indoor_anomaly_more/fire/000000551079_all__4.npy,fire
Pistachio/VAD/vit-features/train/anomaly/industrial_anomaly_less/fire/hd698_all__9.npy,fire
Pistachio/VAD/vit-features/train/normal/industrial_normal_less/hd553_all__2.npy,Normal
Pistachio/VAD/vit-features/train/anomaly/industrial_anomaly_more/fire/000000005134_all__5.npy,fire
Pistachio/VAD/vit-features/train/normal/indoor_normal_less/000000204063_all__6.npy,Normal
Pistachio/VAD/vit-features/train/normal/indoor_normal_less/000000147295_all__0.npy,Normal
Pistachio/VAD/vit-features/train/normal/outdoor_normal_less/000000009530_all__0.npy,Normal
Pistachio/VAD/vit-features/train/anomaly/infrastructure_anomaly_less/fire/000000085583_all__2.npy,fire
Pistachio/VAD/vit-features/train/normal/indoor_normal_less/000000142224_all__0.npy,Normal
Pistachio/VAD/vit-features/train/normal/indoor_normal_less/000000057666_all__6.npy,Normal
Pistachio/VAD/vit-features/train/normal/road_normal_less/000000043471_all__5.npy,Normal
Pistachio/VAD/vit-features/train/normal/road_normal_less/000000046873_all__9.npy,Normal
Pistachio/VAD/vit-features/train/anomaly/infrastructure_anomaly_more/fire/000000068419_all__8.npy,fire
Pistachio/VAD/vit-features/train/normal/commercial_normal_more/000000124942_all__4.npy,Normal
Pistachio/VAD/vit-features/train/anomaly/commercial_anomaly_more/fire/000000012032_all__4.npy,fire
Pistachio/VAD/vit-features/train/normal/infrastructure_normal_more/000000529194_all__5.npy,Normal
Pistachio/VAD/vit-features/train/normal/industrial_normal_less/hd491_all__1.npy,Normal
Pistachio/VAD/vit-features/train/normal/infrastructure_normal_more/000000541389_all__4.npy,Normal
Pistachio/VAD/vit-features/train/anomaly/road_anomaly_less/fire/000000346775_all__6.npy,fire
Pistachio/VAD/vit-features/train/anomaly/industrial_anomaly_less/fire/hd704_all__9.npy,fire
Pistachio/VAD/vit-features/train/normal/commercial_normal_less/000000031336_all__0.npy,Normal
Pistachio/VAD/vit-features/train/normal/commercial_normal_less/000000341334_all__6.npy,Normal
Pistachio/VAD/vit-features/train/normal/indoor_normal_less/000000022502_all__6.npy,Normal
Pistachio/VAD/vit-features/train/anomaly/road_anomaly_less/fire/000000274742_all__9.npy,fire
Pistachio/VAD/vit-features/train/anomaly/outdoor_anomaly_less/fire/000000361906_all__7.npy,fire
Pistachio/VAD/vit-features/train/normal/industrial_normal_more/hd281_all__5.npy,Normal
Pistachio/VAD/vit-features/train/anomaly/indoor_anomaly_more/fire/000000556311_all__9.npy,fire
Pistachio/VAD/vit-features/train/anomaly/indoor_anomaly_more/fire/000000551079_all__8.npy,fire
Pistachio/VAD/vit-features/train/anomaly/indoor_anomaly_more/fire/000000560194_all__8.npy,fire
Pistachio/VAD/vit-features/train/anomaly/industrial_anomaly_less/fire/hd687_all__8.npy,fire
Pistachio/VAD/vit-features/train/normal/commercial_normal_less/000000241239_all__5.npy,Normal
Pistachio/VAD/vit-features/train/anomaly/road_anomaly_less/fire/000000365726_all__5.npy,fire
Pistachio/VAD/vit-features/train/anomaly/indoor_anomaly_more/fire/000000547379_all__7.npy,fire
Pistachio/VAD/vit-features/train/anomaly/commercial_anomaly_less/fire/000000113575_all__5.npy,fire
Pistachio/VAD/vit-features/train/anomaly/commercial_anomaly_less/fire/000000360977_all__5.npy,fire
Pistachio/VAD/vit-features/train/normal/road_normal_less/000000023740_all__5.npy,Normal
Pistachio/VAD/vit-features/train/anomaly/indoor_anomaly_less/fire/000000030648_all__2.npy,fire
Pistachio/VAD/vit-features/train/normal/commercial_normal_less/000000074161_all__3.npy,Normal
Pistachio/VAD/vit-features/train/normal/road_normal_less/000000037592_all__0.npy,Normal
Pistachio/VAD/vit-features/train/anomaly/commercial_anomaly_less/fire/000000477236_all__7.npy,fire
Pistachio/VAD/vit-features/train/normal/industrial_normal_less/hd489_all__1.npy,Normal
Pistachio/VAD/vit-features/train/anomaly/road_anomaly_more/fire/000000052105_all__0.npy,fire
Pistachio/VAD/vit-features/train/normal/road_normal_less/000000042838_all__1.npy,Normal
Pistachio/VAD/vit-features/train/normal/industrial_normal_less/hd486_all__3.npy,Normal
Pistachio/VAD/vit-features/train/anomaly/infrastructure_anomaly_more/fire/000000065381_all__2.npy,fire
Pistachio/VAD/vit-features/train/anomaly/industrial_anomaly_less/fire/hd709_all__7.npy,fire
Pistachio/VAD/vit-features/train/anomaly/infrastructure_anomaly_more/fire/000000101833_all__5.npy,fire
Pistachio/VAD/vit-features/train/normal/outdoor_normal_less/000000021203_all__7.npy,Normal
Pistachio/VAD/vit-features/train/normal/industrial_normal_less/hd676_all__6.npy,Normal
Pistachio/VAD/vit-features/train/normal/commercial_normal_less/000000046751_all__8.npy,Normal
Pistachio/VAD/vit-features/train/anomaly/indoor_anomaly_more/fire/000000006479_all__7.npy,fire
Pistachio/VAD/vit-features/train/normal/industrial_normal_less/hd422_all__5.npy,Normal
Pistachio/VAD/vit-features/train/anomaly/road_anomaly_more/fire/000000123200_all__7.npy,fire
Pistachio/VAD/vit-features/train/normal/infrastructure_normal_less/000000067402_all__8.npy,Normal
Pistachio/VAD/vit-features/train/anomaly/outdoor_anomaly_less/fire/000000361906_all__0.npy,fire
Pistachio/VAD/vit-features/train/anomaly/indoor_anomaly_less/fire/000000063678_all__9.npy,fire
Pistachio/VAD/vit-features/train/anomaly/industrial_anomaly_less/fire/hd706_all__4.npy,fire
Pistachio/VAD/vit-features/train/normal/infrastructure_normal_more/000000283626_all__8.npy,Normal
Pistachio/VAD/vit-features/train/normal/road_normal_less/000000046080_all__3.npy,Normal
Pistachio/VAD/vit-features/train/anomaly/indoor_anomaly_more/fire/000000007493_all__1.npy,fire
Pistachio/VAD/vit-features/train/normal/outdoor_normal_more/000000295880_all__3.npy,Normal
