path,label
Pistachio/VAD/vit-features/train/normal/infrastructure_normal_more/000000312244_all__8.npy,Normal
Pistachio/VAD/vit-features/train/anomaly/road_anomaly_less/weapons_incident/000000285447_all__0.npy,weapons_incident
Pistachio/VAD/vit-features/train/normal/outdoor_normal_less/000000022243_all__3.npy,Normal
Pistachio/VAD/vit-features/train/anomaly/commercial_anomaly_less/weapons_incident/000000305847_all__4.npy,weapons_incident
Pistachio/VAD/vit-features/train/anomaly/road_anomaly_less/weapons_incident/000000284549_all__3.npy,weapons_incident
Pistachio/VAD/vit-features/train/normal/outdoor_normal_less/000000015187_all__5.npy,Normal
Pistachio/VAD/vit-features/train/normal/industrial_normal_less/hd232_all__5.npy,Normal
Pistachio/VAD/vit-features/train/anomaly/infrastructure_anomaly_more/weapons_incident/000000010550_all__9.npy,weapons_incident
Pistachio/VAD/vit-features/train/normal/industrial_normal_less/hd507_all__5.npy,Normal
Pistachio/VAD/vit-features/train/normal/infrastructure_normal_less/SRPVUOR51KRA_all__2.npy,Normal
Pistachio/VAD/vit-features/train/anomaly/outdoor_anomaly_less/weapons_incident/000000031330_all__0.npy,weapons_incident
Pistachio/VAD/vit-features/train/anomaly/outdoor_anomaly_less/weapons_incident/000000030043_all__8.npy,weapons_incident
Pistachio/VAD/vit-features/train/normal/road_normal_less/000000039013_all__2.npy,Normal
Pistachio/VAD/vit-features/train/normal/infrastructure_normal_less/757_jpg.rf.ae2ad1789fc07550a2493063055100d2_all__0.npy,Normal
Pistachio/VAD/vit-features/train/anomaly/infrastructure_anomaly_less/weapons_incident/000000010550_all__0.npy,weapons_incident
Pistachio/VAD/vit-features/train/anomaly/infrastructure_anomaly_less/weapons_incident/000000006923_all__7.npy,weapons_incident
Pistachio/VAD/vit-features/train/anomaly/infrastructure_anomaly_more/weapons_incident/000000010934_all__9.npy,weapons_incident
Pistachio/VAD/vit-features/train/anomaly/road_anomaly_more/weapons_incident/000000284434_all__0.npy,weapons_incident
Pistachio/VAD/vit-features/train/normal/infrastructure_normal_more/000000229029_all__2.npy,Normal
Pistachio/VAD/vit-features/train/normal/infrastructure_normal_less/R1WNRXI36H05_all__9.npy,Normal
Pistachio/VAD/vit-features/train/normal/commercial_normal_less/000000065233_all__1.npy,Normal
Pistachio/VAD/vit-features/train/normal/road_normal_more/000000126219_all__6.npy,Normal
Pistachio/VAD/vit-features/train/normal/commercial_normal_less/000000036760_all__6.npy,Normal
Pistachio/VAD/vit-features/train/normal/indoor_normal_less/000000036894_all__6.npy,Normal
Pistachio/VAD/vit-features/train/normal/indoor_normal_less/000000166741_all__0.npy,Normal
Pistachio/VAD/vit-features/train/anomaly/road_anomaly_more/weapons_incident/000000142049_all__3.npy,weapons_incident
Pistachio/VAD/vit-features/train/normal/outdoor_normal_less/hd761_all__3.npy,Normal
Pistachio/VAD/vit-features/train/normal/infrastructure_normal_more/000000541389_all__3.npy,Normal
Pistachio/VAD/vit-features/train/anomaly/infrastructure_anomaly_more/weapons_incident/000000005771_all__3.npy,weapons_incident
Pistachio/VAD/vit-features/train/anomaly/outdoor_anomaly_less/weapons_incident/000000034560_all__3.npy,weapons_incident
Pistachio/VAD/vit-features/train/anomaly/road_anomaly_less/weapons_incident/000000285447_all__1.npy,weapons_incident
Pistachio/VAD/vit-features/train/normal/road_normal_more/000000138926_all__2.npy,Normal
Pistachio/VAD/vit-features/train/normal/indoor_normal_less/000000214645_all__8.npy,Normal
Pistachio/VAD/vit-features/train/normal/road_normal_less/000000023408_all__8.npy,Normal
Pistachio/VAD/vit-features/train/normal/commercial_normal_less/000000082811_all__5.npy,Normal
Pistachio/VAD/vit-features/train/normal/infrastructure_normal_less/000000416602_all__7.npy,Normal
Pistachio/VAD/vit-features/train/normal/outdoor_normal_more/000000060652_all__2.npy,Normal
Pistachio/VAD/vit-features/train/anomaly/infrastructure_anomaly_more/weapons_incident/000000067402_all__2.npy,weapons_incident
Pistachio/VAD/vit-features/train/normal/road_normal_less/000000015703_all__1.npy,Normal
Pistachio/VAD/vit-features/train/normal/infrastructure_normal_less/UQRV8G32XBZO_all__0.npy,Normal
Pistachio/VAD/vit-features/train/anomaly/infrastructure_anomaly_less/weapons_incident/000000005771_all__0.npy,weapons_incident
Pistachio/VAD/vit-features/train/normal/commercial_normal_more/000000137932_all__9.npy,Normal
Pistachio/VAD/vit-features/train/anomaly/road_anomaly_less/weapons_incident/000000283481_all__9.npy,weapons_incident
Pistachio/VAD/vit-features/train/anomaly/road_anomaly_less/weapons_incident/000000285447_all__4.npy,weapons_incident
Pistachio/VAD/vit-features/train/normal/infrastructure_normal_less/000000517550_all__4.npy,Normal
Pistachio/VAD/vit-features/train/normal/outdoor_normal_less/XQ41JXPX1NQF_all__6.npy,Normal
Pistachio/VAD/vit-features/train/anomaly/infrastructure_anomaly_less/weapons_incident/000000011864_all__5.npy,weapons_incident
Pistachio/VAD/vit-features/train/anomaly/road_anomaly_less/weapons_incident/000000284549_all__2.npy,weapons_incident
Pistachio/VAD/vit-features/train/anomaly/road_anomaly_less/weapons_incident/000000283791_all__7.npy,weapons_incident
Pistachio/VAD/vit-features/train/anomaly/infrastructure_anomaly_more/weapons_incident/000000009347_all__2.npy,weapons_incident
Pistachio/VAD/vit-features/train/normal/indoor_normal_less/000000029130_all__8.npy,Normal
Pistachio/VAD/vit-features/train/normal/outdoor_normal_more/000000124430_all__0.npy,Normal
Pistachio/VAD/vit-features/train/anomaly/road_anomaly_less/weapons_incident/000000284216_all__7.npy,weapons_incident
Pistachio/VAD/vit-features/train/anomaly/commercial_anomaly_less/weapons_incident/000000305847_all__1.npy,weapons_incident
Pistachio/VAD/vit-features/train/anomaly/infrastructure_anomaly_more/weapons_incident/000000009390_all__3.npy,weapons_incident
Pistachio/VAD/vit-features/train/anomaly/road_anomaly_less/weapons_incident/000000285199_all__5.npy,weapons_incident
Pistachio/VAD/vit-features/train/anomaly/road_anomaly_less/weapons_incident/000000284952_all__1.npy,weapons_incident
Pistachio/VAD/vit-features/train/normal/outdoor_normal_less/000000011731_all__6.npy,Normal
Pistachio/VAD/vit-features/train/normal/indoor_normal_less/000000207655_all__4.npy,Normal
Pistachio/VAD/vit-features/train/anomaly/road_anomaly_more/weapons_incident/000000270837_all__1.npy,weapons_incident
Pistachio/VAD/vit-features/train/normal/indoor_normal_less/000000136341_all__7.npy,Normal
Pistachio/VAD/vit-features/train/anomaly/commercial_anomaly_more/weapons_incident/000000012089_all__5.npy,weapons_incident
Pistachio/VAD/vit-features/train/normal/road_normal_less/000000035641_all__2.npy,Normal
Pistachio/VAD/vit-features/train/anomaly/road_anomaly_less/weapons_incident/000000284474_all__5.npy,weapons_incident
Pistachio/VAD/vit-features/train/anomaly/road_anomaly_more/weapons_incident/000000274838_all__6.npy,weapons_incident
Pistachio/VAD/vit-features/train/normal/infrastructure_normal_less/000000023726_all__9.npy,Normal
Pistachio/VAD/vit-features/train/normal/industrial_normal_less/hd672_all__6.npy,Normal
Pistachio/VAD/vit-features/train/normal/indoor_normal_less/000000078634_all__7.npy,Normal
Pistachio/VAD/vit-features/train/normal/commercial_normal_less/000000057863_all__7.npy,Normal
Pistachio/VAD/vit-features/train/anomaly/road_anomaly_more/weapons_incident/000000142049_all__5.npy,weapons_incident
Pistachio/VAD/vit-features/train/normal/industrial_normal_less/hd737_all__0.npy,Normal
Pistachio/VAD/vit-features/train/normal/industrial_normal_more/000000133177_all__3.npy,Normal
Pistachio/VAD/vit-features/train/anomaly/infrastructure_anomaly_more/weapons_incident/000000010550_all__0.npy,weapons_incident
Pistachio/VAD/vit-features/train/normal/road_normal_less/000000015108_all__3.npy,Normal
Pistachio/VAD/vit-features/train/normal/indoor_normal_less/000000044041_all__8.npy,Normal
Pistachio/VAD/vit-features/train/normal/commercial_normal_less/000000033819_all__8.npy,Normal
Pistachio/VAD/vit-features/train/normal/outdoor_normal_less/BTNRCRRFMF2O_all__1.npy,Normal
Pistachio/VAD/vit-features/train/anomaly/road_anomaly_more/weapons_incident/000000274838_all__8.npy,weapons_incident
Pistachio/VAD/vit-features/train/normal/industrial_normal_more/000000240103_all__5.npy,Normal
Pistachio/VAD/vit-features/train/normal/commercial_normal_less/000000053948_all__8.npy,Normal
Pistachio/VAD/vit-features/train/normal/commercial_normal_less/000000042660_all__9.npy,Normal
Pistachio/VAD/vit-features/train/normal/industrial_normal_less/hd810_all__5.npy,Normal
Pistachio/VAD/vit-features/train/normal/commercial_normal_less/000000077295_all__9.npy,Normal
Pistachio/VAD/vit-features/train/normal/industrial_normal_less/hd019_all__3.npy,Normal
Pistachio/VAD/vit-features/train/normal/commercial_normal_less/000000053782_all__7.npy,Normal
Pistachio/VAD/vit-features/train/anomaly/infrastructure_anomaly_more/weapons_incident/000000010934_all__6.npy,weapons_incident
Pistachio/VAD/vit-features/train/anomaly/road_anomaly_less/weapons_incident/000000284544_all__5.npy,weapons_incident
Pistachio/VAD/vit-features/train/anomaly/indoor_anomaly_more/weapons_incident/000000009526_all__7.npy,weapons_incident
Pistachio/VAD/vit-features/train/normal/road_normal_more/000000134473_all__5.npy,Normal
Pistachio/VAD/vit-features/train/normal/infrastructure_normal_more/000000205576_all__6.npy,Normal
Pistachio/VAD/vit-features/train/normal/road_normal_less/000000018765_all__1.npy,Normal
Pistachio/VAD/vit-features/train/normal/indoor_normal_less/000000043638_all__1.npy,Normal
Pistachio/VAD/vit-features/train/anomaly/infrastructure_anomaly_less/weapons_incident/000000063541_all__2.npy,weapons_incident
Pistachio/VAD/vit-features/train/anomaly/indoor_anomaly_more/weapons_incident/000000005051_all__0.npy,weapons_incident
Pistachio/VAD/vit-features/train/anomaly/indoor_anomaly_less/weapons_incident/000000027847_all__3.npy,weapons_incident
Pistachio/VAD/vit-features/train/anomaly/commercial_anomaly_less/weapons_incident/000000377654_all__6.npy,weapons_incident
Pistachio/VAD/vit-features/train/anomaly/infrastructure_anomaly_more/weapons_incident/000000006923_all__3.npy,weapons_incident
Pistachio/VAD/vit-features/train/normal/road_normal_less/000000015159_all__3.npy,Normal
Pistachio/VAD/vit-features/train/normal/commercial_normal_less/000000073977_all__5.npy,Normal
Pistachio/VAD/vit-features/train/normal/commercial_normal_more/000000138091_all__6.npy,Normal
Pistachio/VAD/vit-features/train/normal/indoor_normal_less/000000082707_all__1.npy,Normal
Pistachio/VAD/vit-features/train/normal/road_normal_more/000000134422_all__3.npy,Normal
Pistachio/VAD/vit-features/train/normal/road_normal_less/000000039946_all__5.npy,Normal
Pistachio/VAD/vit-features/train/anomaly/infrastructure_anomaly_less/weapons_incident/000000291338_all__6.npy,weapons_incident
Pistachio/VAD/vit-features/train/anomaly/infrastructure_anomaly_more/weapons_incident/000000063541_all__9.npy,weapons_incident
Pistachio/VAD/vit-features/train/normal/indoor_normal_less/000000022248_all__1.npy,Normal
Pistachio/VAD/vit-features/train/anomaly/infrastructure_anomaly_more/weapons_incident/000000005771_all__6.npy,weapons_incident
Pistachio/VAD/vit-features/train/anomaly/commercial_anomaly_less/weapons_incident/000000305847_all__6.npy,weapons_incident
Pistachio/VAD/vit-features/train/anomaly/infrastructure_anomaly_more/weapons_incident/000000009347_all__0.npy,weapons_incident
Pistachio/VAD/vit-features/train/normal/commercial_normal_less/000000037034_all__7.npy,Normal
Pistachio/VAD/vit-features/train/normal/infrastructure_normal_more/000000513413_all__8.npy,Normal
Pistachio/VAD/vit-features/train/normal/commercial_normal_less/000000034676_all__1.npy,Normal
Pistachio/VAD/vit-features/train/normal/infrastructure_normal_less/bv45_jpg.rf.11d0268c7b742c1a3fde8ce2d6f71de4_all__2.npy,Normal
Pistachio/VAD/vit-features/train/normal/infrastructure_normal_less/000000296516_all__1.npy,Normal
Pistachio/VAD/vit-features/train/normal/road_normal_less/000000044828_all__3.npy,Normal
Pistachio/VAD/vit-features/train/anomaly/commercial_anomaly_less/weapons_incident/000000366758_all__4.npy,weapons_incident
Pistachio/VAD/vit-features/train/normal/commercial_normal_less/000000042583_all__6.npy,Normal
Pistachio/VAD/vit-features/train/normal/road_normal_less/000000048494_all__7.npy,Normal
Pistachio/VAD/vit-features/train/anomaly/road_anomaly_more/weapons_incident/000000535754_all__1.npy,weapons_incident
Pistachio/VAD/vit-features/train/anomaly/commercial_anomaly_more/weapons_incident/000000005403_all__2.npy,weapons_incident
Pistachio/VAD/vit-features/train/normal/industrial_normal_less/hd857_all__8.npy,Normal
Pistachio/VAD/vit-features/train/anomaly/infrastructure_anomaly_more/weapons_incident/000000010550_all__4.npy,weapons_incident
Pistachio/VAD/vit-features/train/anomaly/road_anomaly_less/weapons_incident/000000285576_all__0.npy,weapons_incident
Pistachio/VAD/vit-features/train/anomaly/road_anomaly_less/weapons_incident/000000283396_all__5.npy,weapons_incident
Pistachio/VAD/vit-features/train/normal/indoor_normal_more/000000327762_all__2.npy,Normal
Pistachio/VAD/vit-features/train/normal/commercial_normal_more/000000134156_all__1.npy,Normal
Pistachio/VAD/vit-features/train/normal/indoor_normal_less/000000142983_all__7.npy,Normal
Pistachio/VAD/vit-features/train/normal/outdoor_normal_more/000000062560_all__2.npy,Normal
Pistachio/VAD/vit-features/train/anomaly/infrastructure_anomaly_more/weapons_incident/000000067402_all__6.npy,weapons_incident
Pistachio/VAD/vit-features/train/normal/indoor_normal_less/000000016723_all__5.npy,Normal
Pistachio/VAD/vit-features/train/normal/road_normal_less/000000046363_all__7.npy,Normal
Pistachio/VAD/vit-features/train/normal/indoor_normal_less/000000044041_all__3.npy,Normal
Pistachio/VAD/vit-features/train/anomaly/infrastructure_anomaly_less/weapons_incident/000000010934_all__8.npy,weapons_incident
Pistachio/VAD/vit-features/train/normal/road_normal_less/000000019229_all__7.npy,Normal
Pistachio/VAD/vit-features/train/anomaly/outdoor_anomaly_less/weapons_incident/000000030043_all__2.npy,weapons_incident
Pistachio/VAD/vit-features/train/anomaly/indoor_anomaly_more/weapons_incident/000000005051_all__2.npy,weapons_incident
Pistachio/VAD/vit-features/train/anomaly/road_anomaly_less/weapons_incident/000000285715_all__5.npy,weapons_incident
Pistachio/VAD/vit-features/train/normal/commercial_normal_less/000000065642_all__6.npy,Normal
Pistachio/VAD/vit-features/train/normal/indoor_normal_less/000000032755_all__2.npy,Normal
Pistachio/VAD/vit-features/train/anomaly/infrastructure_anomaly_less/weapons_incident/000000009347_all__0.npy,weapons_incident
Pistachio/VAD/vit-features/train/normal/outdoor_normal_less/hd608_all__6.npy,Normal
Pistachio/VAD/vit-features/train/anomaly/infrastructure_anomaly_more/weapons_incident/000000005771_all__0.npy,weapons_incident
Pistachio/VAD/vit-features/train/normal/indoor_normal_less/000000214558_all__5.npy,Normal
Pistachio/VAD/vit-features/train/normal/commercial_normal_more/000000134957_all__6.npy,Normal
Pistachio/VAD/vit-features/train/normal/industrial_normal_less/hd260_all__4.npy,Normal
Pistachio/VAD/vit-features/train/normal/commercial_normal_more/000000130964_all__6.npy,Normal
Pistachio/VAD/vit-features/train/anomaly/infrastructure_anomaly_less/weapons_incident/000000010934_all__7.npy,weapons_incident
Pistachio/VAD/vit-features/train/normal/industrial_normal_more/000000345723_all__7.npy,Normal
Pistachio/VAD/vit-features/train/anomaly/road_anomaly_less/weapons_incident/000000283034_all__3.npy,weapons_incident
Pistachio/VAD/vit-features/train/normal/outdoor_normal_less/000000023742_all__7.npy,Normal
Pistachio/VAD/vit-features/train/normal/commercial_normal_less/000000081114_all__7.npy,Normal
Pistachio/VAD/vit-features/train/anomaly/infrastructure_anomaly_more/weapons_incident/000000006923_all__0.npy,weapons_incident
Pistachio/VAD/vit-features/train/normal/industrial_normal_less/hd181_all__8.npy,Normal
Pistachio/VAD/vit-features/train/normal/indoor_normal_more/000000331789_all__6.npy,Normal
Pistachio/VAD/vit-features/train/normal/commercial_normal_less/000000081114_all__6.npy,Normal
Pistachio/VAD/vit-features/train/anomaly/road_anomaly_less/weapons_incident/000000284549_all__4.npy,weapons_incident
Pistachio/VAD/vit-features/train/normal/commercial_normal_less/000000059734_all__7.npy,Normal
Pistachio/VAD/vit-features/train/anomaly/infrastructure_anomaly_more/weapons_incident/000000009390_all__5.npy,weapons_incident
Pistachio/VAD/vit-features/train/anomaly/infrastructure_anomaly_less/weapons_incident/000000010550_all__2.npy,weapons_incident
Pistachio/VAD/vit-features/train/normal/commercial_normal_less/000000079467_all__8.npy,Normal
Pistachio/VAD/vit-features/train/normal/industrial_normal_more/hd1000_all__4.npy,Normal
Pistachio/VAD/vit-features/train/anomaly/outdoor_anomaly_less/weapons_incident/000000030435_all__2.npy,weapons_incident
Pistachio/VAD/vit-features/train/anomaly/commercial_anomaly_less/weapons_incident/000000305847_all__8.npy,weapons_incident
Pistachio/VAD/vit-features/train/normal/indoor_normal_more/000000318960_all__1.npy,Normal
Pistachio/VAD/vit-features/train/anomaly/road_anomaly_less/weapons_incident/000000283481_all__6.npy,weapons_incident
Pistachio/VAD/vit-features/train/anomaly/road_anomaly_less/weapons_incident/000000283834_all__9.npy,weapons_incident
Pistachio/VAD/vit-features/train/normal/indoor_normal_less/000000052567_all__2.npy,Normal
Pistachio/VAD/vit-features/train/normal/outdoor_normal_more/000000177059_all__4.npy,Normal
Pistachio/VAD/vit-features/train/normal/road_normal_less/000000046448_all__3.npy,Normal
Pistachio/VAD/vit-features/train/normal/industrial_normal_less/hd655_all__9.npy,Normal
Pistachio/VAD/vit-features/train/normal/indoor_normal_less/000000058274_all__9.npy,Normal
Pistachio/VAD/vit-features/train/normal/commercial_normal_less/000000061213_all__5.npy,Normal
Pistachio/VAD/vit-features/train/normal/infrastructure_normal_less/O2YF9HD7KKRR_all__2.npy,Normal
Pistachio/VAD/vit-features/train/normal/indoor_normal_less/000000202271_all__6.npy,Normal
Pistachio/VAD/vit-features/train/anomaly/infrastructure_anomaly_less/weapons_incident/000000010550_all__4.npy,weapons_incident
Pistachio/VAD/vit-features/train/normal/commercial_normal_more/000000127879_all__3.npy,Normal
Pistachio/VAD/vit-features/train/anomaly/road_anomaly_less/weapons_incident/000000285051_all__6.npy,weapons_incident
Pistachio/VAD/vit-features/train/normal/indoor_normal_less/000000150067_all__3.npy,Normal
Pistachio/VAD/vit-features/train/normal/infrastructure_normal_less/000000501974_all__7.npy,Normal
Pistachio/VAD/vit-features/train/anomaly/infrastructure_anomaly_more/weapons_incident/000000010934_all__7.npy,weapons_incident
Pistachio/VAD/vit-features/train/anomaly/indoor_anomaly_more/weapons_incident/000000005051_all__3.npy,weapons_incident
Pistachio/VAD/vit-features/train/normal/indoor_normal_less/000000142025_all__3.npy,Normal
Pistachio/VAD/vit-features/train/normal/commercial_normal_less/000000042311_all__6.npy,Normal
Pistachio/VAD/vit-features/train/normal/industrial_normal_more/hd232_all__9.npy,Normal
Pistachio/VAD/vit-features/train/normal/indoor_normal_less/000000080122_all__6.npy,Normal
Pistachio/VAD/vit-features/train/normal/road_normal_less/000000027218_all__3.npy,Normal
Pistachio/VAD/vit-features/train/normal/road_normal_less/000000020717_all__8.npy,Normal
Pistachio/VAD/vit-features/train/normal/indoor_normal_more/000000336815_all__7.npy,Normal
Pistachio/VAD/vit-features/train/normal/indoor_normal_less/000000213201_all__2.npy,Normal
Pistachio/VAD/vit-features/train/normal/infrastructure_normal_less/753_jpg.rf.4755a1877a633768d37edaa6bbc55dcb_all__0.npy,Normal
Pistachio/VAD/vit-features/train/normal/indoor_normal_more/000000307308_all__0.npy,Normal
Pistachio/VAD/vit-features/train/anomaly/indoor_anomaly_more/weapons_incident/000000005051_all__4.npy,weapons_incident
Pistachio/VAD/vit-features/train/normal/outdoor_normal_more/000000060652_all__4.npy,Normal
Pistachio/VAD/vit-features/train/anomaly/road_anomaly_less/weapons_incident/000000285447_all__3.npy,weapons_incident
Pistachio/VAD/vit-features/train/anomaly/road_anomaly_less/weapons_incident/000000284952_all__4.npy,weapons_incident
Pistachio/VAD/vit-features/train/normal/commercial_normal_more/000000124941_all__2.npy,Normal
Pistachio/VAD/vit-features/train/anomaly/road_anomaly_less/weapons_incident/000000285576_all__3.npy,weapons_incident
Pistachio/VAD/vit-features/train/normal/road_normal_less/000000042933_all__0.npy,Normal
Pistachio/VAD/vit-features/train/normal/outdoor_normal_less/0PJQKUGHJDYF_all__9.npy,Normal
Pistachio/VAD/vit-features/train/anomaly/infrastructure_anomaly_more/weapons_incident/000000067402_all__3.npy,weapons_incident
Pistachio/VAD/vit-features/train/anomaly/road_anomaly_less/weapons_incident/000000284544_all__2.npy,weapons_incident
Pistachio/VAD/vit-features/train/anomaly/road_anomaly_more/weapons_incident/000000274838_all__0.npy,weapons_incident
Pistachio/VAD/vit-features/train/normal/road_normal_more/000000138994_all__7.npy,Normal
Pistachio/VAD/vit-features/train/normal/outdoor_normal_less/I8MT7YDI8WKX_all__3.npy,Normal
Pistachio/VAD/vit-features/train/normal/road_normal_more/000000129034_all__0.npy,Normal
Pistachio/VAD/vit-features/train/normal/indoor_normal_less/000000034057_all__7.npy,Normal
Pistachio/VAD/vit-features/train/normal/outdoor_normal_less/hd509_all__0.npy,Normal
Pistachio/VAD/vit-features/train/normal/indoor_normal_less/000000042486_all__7.npy,Normal
Pistachio/VAD/vit-features/train/anomaly/infrastructure_anomaly_less/weapons_incident/000000005771_all__1.npy,weapons_incident
Pistachio/VAD/vit-features/train/normal/indoor_normal_less/000000046657_all__3.npy,Normal
Pistachio/VAD/vit-features/train/normal/outdoor_normal_less/I8MT7YDI8WKX_all__5.npy,Normal
Pistachio/VAD/vit-features/train/normal/outdoor_normal_less/hd524_all__7.npy,Normal
Pistachio/VAD/vit-features/train/anomaly/road_anomaly_less/weapons_incident/000000284544_all__6.npy,weapons_incident
Pistachio/VAD/vit-features/train/anomaly/commercial_anomaly_less/weapons_incident/000000350834_all__8.npy,weapons_incident
Pistachio/VAD/vit-features/train/normal/industrial_normal_less/hd529_all__4.npy,Normal
Pistachio/VAD/vit-features/train/normal/outdoor_normal_less/000000021682_all__8.npy,Normal
Pistachio/VAD/vit-features/train/anomaly/road_anomaly_more/weapons_incident/000000535754_all__9.npy,weapons_incident
Pistachio/VAD/vit-features/train/normal/outdoor_normal_less/hd600_all__6.npy,Normal
Pistachio/VAD/vit-features/train/anomaly/road_anomaly_less/weapons_incident/000000285447_all__5.npy,weapons_incident
Pistachio/VAD/vit-features/train/anomaly/road_anomaly_less/weapons_incident/000000285423_all__5.npy,weapons_incident
Pistachio/VAD/vit-features/train/anomaly/infrastructure_anomaly_more/weapons_incident/000000010550_all__2.npy,weapons_incident
Pistachio/VAD/vit-features/train/normal/outdoor_normal_less/000000010257_all__3.npy,Normal
Pistachio/VAD/vit-features/train/anomaly/road_anomaly_less/weapons_incident/000000285447_all__6.npy,weapons_incident
Pistachio/VAD/vit-features/train/normal/road_normal_more/000000134444_all__2.npy,Normal
Pistachio/VAD/vit-features/train/anomaly/infrastructure_anomaly_less/weapons_incident/000000009347_all__9.npy,weapons_incident
Pistachio/VAD/vit-features/train/normal/infrastructure_normal_less/000000309594_all__2.npy,Normal
Pistachio/VAD/vit-features/train/anomaly/road_anomaly_more/weapons_incident/000000270837_all__5.npy,weapons_incident
Pistachio/VAD/vit-features/train/anomaly/road_anomaly_less/weapons_incident/000000283396_all__2.npy,weapons_incident
Pistachio/VAD/vit-features/train/normal/road_normal_more/000000138427_all__5.npy,Normal
Pistachio/VAD/vit-features/train/anomaly/outdoor_anomaly_less/weapons_incident/000000030043_all__4.npy,weapons_incident
Pistachio/VAD/vit-features/train/normal/indoor_normal_less/000000204050_all__9.npy,Normal
Pistachio/VAD/vit-features/train/anomaly/infrastructure_anomaly_less/weapons_incident/000000005771_all__4.npy,weapons_incident
Pistachio/VAD/vit-features/train/anomaly/road_anomaly_more/weapons_incident/000000274838_all__2.npy,weapons_incident
Pistachio/VAD/vit-features/train/normal/infrastructure_normal_less/000000243534_all__8.npy,Normal
Pistachio/VAD/vit-features/train/normal/indoor_normal_less/000000057889_all__7.npy,Normal
Pistachio/VAD/vit-features/train/normal/infrastructure_normal_less/000000484611_all__6.npy,Normal
Pistachio/VAD/vit-features/train/normal/commercial_normal_less/000000365992_all__6.npy,Normal
Pistachio/VAD/vit-features/train/normal/industrial_normal_less/hd541_all__7.npy,Normal
Pistachio/VAD/vit-features/train/normal/road_normal_less/000000039533_all__4.npy,Normal
Pistachio/VAD/vit-features/train/normal/road_normal_more/000000136357_all__3.npy,Normal
Pistachio/VAD/vit-features/train/anomaly/road_anomaly_more/weapons_incident/000000274838_all__1.npy,weapons_incident
Pistachio/VAD/vit-features/train/normal/road_normal_less/000000020393_all__9.npy,Normal
Pistachio/VAD/vit-features/train/normal/road_normal_less/000000041380_all__6.npy,Normal
Pistachio/VAD/vit-features/train/normal/commercial_normal_more/000000125068_all__0.npy,Normal
Pistachio/VAD/vit-features/train/normal/industrial_normal_less/hd416_all__3.npy,Normal
Pistachio/VAD/vit-features/train/normal/commercial_normal_more/000000129614_all__1.npy,Normal
Pistachio/VAD/vit-features/train/normal/indoor_normal_less/000000083707_all__1.npy,Normal
Pistachio/VAD/vit-features/train/anomaly/infrastructure_anomaly_less/weapons_incident/000000010934_all__1.npy,weapons_incident
Pistachio/VAD/vit-features/train/normal/road_normal_less/000000036446_all__8.npy,Normal
Pistachio/VAD/vit-features/train/normal/industrial_normal_less/hd717_all__4.npy,Normal
Pistachio/VAD/vit-features/train/normal/indoor_normal_less/000000137163_all__6.npy,Normal
Pistachio/VAD/vit-features/train/normal/road_normal_more/000000138777_all__6.npy,Normal
Pistachio/VAD/vit-features/train/normal/outdoor_normal_more/000000138596_all__9.npy,Normal
Pistachio/VAD/vit-features/train/anomaly/commercial_anomaly_more/weapons_incident/000000272845_all__5.npy,weapons_incident
Pistachio/VAD/vit-features/train/normal/industrial_normal_less/hd598_all__1.npy,Normal
Pistachio/VAD/vit-features/train/anomaly/commercial_anomaly_less/weapons_incident/000000341180_all__7.npy,weapons_incident
Pistachio/VAD/vit-features/train/normal/indoor_normal_less/000000056870_all__6.npy,Normal
Pistachio/VAD/vit-features/train/normal/industrial_normal_more/000000360875_all__1.npy,Normal
Pistachio/VAD/vit-features/train/normal/outdoor_normal_less/000000007881_all__6.npy,Normal
Pistachio/VAD/vit-features/train/anomaly/road_anomaly_less/weapons_incident/000000283396_all__3.npy,weapons_incident
Pistachio/VAD/vit-features/train/normal/indoor_normal_less/000000223185_all__2.npy,Normal
Pistachio/VAD/vit-features/train/normal/road_normal_less/000000049289_all__3.npy,Normal
Pistachio/VAD/vit-features/train/normal/indoor_normal_less/000000065808_all__1.npy,Normal
Pistachio/VAD/vit-features/train/normal/outdoor_normal_less/hd6761_all__8.npy,Normal
Pistachio/VAD/vit-features/train/normal/indoor_normal_more/000000311576_all__6.npy,Normal
Pistachio/VAD/vit-features/train/anomaly/commercial_anomaly_more/weapons_incident/000000012089_all__4.npy,weapons_incident
Pistachio/VAD/vit-features/train/normal/commercial_normal_less/000000054673_all__2.npy,Normal
Pistachio/VAD/vit-features/train/normal/outdoor_normal_less/000000025108_all__3.npy,Normal
Pistachio/VAD/vit-features/train/normal/road_normal_more/000000139884_all__4.npy,Normal
Pistachio/VAD/vit-features/train/anomaly/commercial_anomaly_more/weapons_incident/000000012089_all__1.npy,weapons_incident
Pistachio/VAD/vit-features/train/normal/indoor_normal_less/000000065331_all__8.npy,Normal
Pistachio/VAD/vit-features/train/normal/indoor_normal_more/000000327206_all__2.npy,Normal
Pistachio/VAD/vit-features/train/normal/road_normal_less/000000041477_all__3.npy,Normal
Pistachio/VAD/vit-features/train/anomaly/infrastructure_anomaly_more/weapons_incident/000000010550_all__1.npy,weapons_incident
Pistachio/VAD/vit-features/train/normal/indoor_normal_more/000000302309_all__3.npy,Normal
Pistachio/VAD/vit-features/train/normal/infrastructure_normal_more/000000187562_all__4.npy,Normal
Pistachio/VAD/vit-features/train/anomaly/road_anomaly_less/weapons_incident/000000285199_all__3.npy,weapons_incident
Pistachio/VAD/vit-features/train/normal/commercial_normal_more/000000124651_all__6.npy,Normal
Pistachio/VAD/vit-features/train/normal/road_normal_less/000000043538_all__7.npy,Normal
Pistachio/VAD/vit-features/train/normal/infrastructure_normal_less/n49_jpg.rf.fcca77dd136fcc3721851c4e5d079b44_all__8.npy,Normal
Pistachio/VAD/vit-features/train/anomaly/commercial_anomaly_more/weapons_incident/000000272909_all__5.npy,weapons_incident
Pistachio/VAD/vit-features/train/anomaly/infrastructure_anomaly_more/weapons_incident/000000009347_all__5.npy,weapons_incident
Pistachio/VAD/vit-features/train/anomaly/infrastructure_anomaly_less/weapons_incident/000000010934_all__4.npy,weapons_incident
Pistachio/VAD/vit-features/train/normal/road_normal_more/000000135720_all__4.npy,Normal
Pistachio/VAD/vit-features/train/normal/indoor_normal_less/000000020872_all__4.npy,Normal
Pistachio/VAD/vit-features/train/normal/indoor_normal_less/000000058205_all__3.npy,Normal
Pistachio/VAD/vit-features/train/anomaly/indoor_anomaly_less/weapons_incident/000000027847_all__5.npy,weapons_incident
Pistachio/VAD/vit-features/train/anomaly/road_anomaly_more/weapons_incident/000000518449_all__5.npy,weapons_incident
Pistachio/VAD/vit-features/train/anomaly/indoor_anomaly_more/weapons_incident/000000005051_all__8.npy,weapons_incident
Pistachio/VAD/vit-features/train/normal/industrial_normal_less/hd403_all__5.npy,Normal
Pistachio/VAD/vit-features/train/normal/outdoor_normal_less/G7NQUUNXYE9V_all__6.npy,Normal
Pistachio/VAD/vit-features/train/anomaly/outdoor_anomaly_less/weapons_incident/000000030043_all__1.npy,weapons_incident
Pistachio/VAD/vit-features/train/normal/commercial_normal_more/000000135350_all__3.npy,Normal
Pistachio/VAD/vit-features/train/normal/industrial_normal_less/hd445_all__7.npy,Normal
Pistachio/VAD/vit-features/train/anomaly/commercial_anomaly_less/weapons_incident/000000341180_all__0.npy,weapons_incident
Pistachio/VAD/vit-features/train/anomaly/infrastructure_anomaly_less/weapons_incident/000000006923_all__9.npy,weapons_incident
Pistachio/VAD/vit-features/train/anomaly/commercial_anomaly_more/weapons_incident/000000272845_all__0.npy,weapons_incident
Pistachio/VAD/vit-features/train/normal/industrial_normal_less/hd726_all__3.npy,Normal
Pistachio/VAD/vit-features/train/anomaly/road_anomaly_less/weapons_incident/000000285199_all__7.npy,weapons_incident
Pistachio/VAD/vit-features/train/normal/infrastructure_normal_less/000000524185_all__0.npy,Normal
Pistachio/VAD/vit-features/train/normal/commercial_normal_less/000000055203_all__3.npy,Normal
Pistachio/VAD/vit-features/train/normal/commercial_normal_more/000000273221_all__0.npy,Normal
Pistachio/VAD/vit-features/train/normal/infrastructure_normal_more/000000521522_all__9.npy,Normal
Pistachio/VAD/vit-features/train/normal/industrial_normal_less/hd624_all__9.npy,Normal
Pistachio/VAD/vit-features/train/normal/road_normal_more/000000126560_all__3.npy,Normal
Pistachio/VAD/vit-features/train/anomaly/infrastructure_anomaly_less/weapons_incident/000000291338_all__5.npy,weapons_incident
Pistachio/VAD/vit-features/train/anomaly/road_anomaly_less/weapons_incident/000000285051_all__3.npy,weapons_incident
Pistachio/VAD/vit-features/train/anomaly/road_anomaly_less/weapons_incident/000000283481_all__8.npy,weapons_incident
Pistachio/VAD/vit-features/train/anomaly/road_anomaly_more/weapons_incident/000000518449_all__7.npy,weapons_incident
Pistachio/VAD/vit-features/train/normal/indoor_normal_less/000000202325_all__6.npy,Normal
Pistachio/VAD/vit-features/train/normal/industrial_normal_less/000000360272_all__5.npy,Normal
Pistachio/VAD/vit-features/train/normal/infrastructure_normal_more/000000373944_all__7.npy,Normal
Pistachio/VAD/vit-features/train/anomaly/infrastructure_anomaly_less/weapons_incident/000000009390_all__3.npy,weapons_incident
Pistachio/VAD/vit-features/train/normal/outdoor_normal_less/hd539_all__9.npy,Normal
Pistachio/VAD/vit-features/train/normal/infrastructure_normal_less/IZ0RIGNBEXHO_all__8.npy,Normal
Pistachio/VAD/vit-features/train/normal/industrial_normal_less/hd714_all__8.npy,Normal
Pistachio/VAD/vit-features/train/normal/outdoor_normal_less/000000023627_all__3.npy,Normal
Pistachio/VAD/vit-features/train/normal/infrastructure_normal_less/000000005110_all__9.npy,Normal
Pistachio/VAD/vit-features/train/normal/infrastructure_normal_less/SAJE1V99AWI0_all__3.npy,Normal
Pistachio/VAD/vit-features/train/normal/commercial_normal_less/000000078523_all__0.npy,Normal
Pistachio/VAD/vit-features/train/anomaly/commercial_anomaly_less/weapons_incident/000000339762_all__4.npy,weapons_incident
Pistachio/VAD/vit-features/train/anomaly/outdoor_anomaly_less/weapons_incident/000000030043_all__0.npy,weapons_incident
Pistachio/VAD/vit-features/train/normal/indoor_normal_less/000000028268_all__4.npy,Normal
Pistachio/VAD/vit-features/train/anomaly/infrastructure_anomaly_less/weapons_incident/000000067402_all__8.npy,weapons_incident
Pistachio/VAD/vit-features/train/normal/industrial_normal_less/hd838_all__3.npy,Normal
Pistachio/VAD/vit-features/train/normal/indoor_normal_less/000000073887_all__4.npy,Normal
Pistachio/VAD/vit-features/train/normal/outdoor_normal_less/000000576797_all__7.npy,Normal
Pistachio/VAD/vit-features/train/normal/infrastructure_normal_less/000000044442_all__0.npy,Normal
Pistachio/VAD/vit-features/train/anomaly/commercial_anomaly_less/weapons_incident/000000377654_all__5.npy,weapons_incident
Pistachio/VAD/vit-features/train/anomaly/road_anomaly_more/weapons_incident/000000518449_all__1.npy,weapons_incident
Pistachio/VAD/vit-features/train/normal/infrastructure_normal_more/000000352798_all__2.npy,Normal
Pistachio/VAD/vit-features/train/normal/industrial_normal_more/hd922_all__9.npy,Normal
Pistachio/VAD/vit-features/train/normal/outdoor_normal_less/hd550_all__7.npy,Normal
Pistachio/VAD/vit-features/train/normal/commercial_normal_less/000000053372_all__5.npy,Normal
Pistachio/VAD/vit-features/train/normal/outdoor_normal_less/HEPC9O4DWII7_all__4.npy,Normal
Pistachio/VAD/vit-features/train/normal/infrastructure_normal_less/st27_jpg.rf.f4580e9efd7f481fcf267e3f2b98b8e0_all__6.npy,Normal
Pistachio/VAD/vit-features/train/anomaly/infrastructure_anomaly_more/weapons_incident/000000006923_all__6.npy,weapons_incident
Pistachio/VAD/vit-features/train/anomaly/commercial_anomaly_less/weapons_incident/000000350834_all__7.npy,weapons_incident
Pistachio/VAD/vit-features/train/anomaly/road_anomaly_more/weapons_incident/000000518449_all__8.npy,weapons_incident
Pistachio/VAD/vit-features/train/normal/infrastructure_normal_less/710_jpg.rf.2217d1c996ce3057143f615ba7568be6_all__1.npy,Normal
Pistachio/VAD/vit-features/train/normal/indoor_normal_more/000000314860_all__9.npy,Normal
Pistachio/VAD/vit-features/train/normal/indoor_normal_less/000000024312_all__6.npy,Normal
Pistachio/VAD/vit-features/train/anomaly/indoor_anomaly_more/weapons_incident/000000005051_all__7.npy,weapons_incident
Pistachio/VAD/vit-features/train/normal/infrastructure_normal_less/CTFJC6O7C2JB_all__5.npy,Normal
Pistachio/VAD/vit-features/train/anomaly/indoor_anomaly_less/weapons_incident/000000027847_all__6.npy,weapons_incident
Pistachio/VAD/vit-features/train/anomaly/outdoor_anomaly_less/weapons_incident/000000031330_all__6.npy,weapons_incident
Pistachio/VAD/vit-features/train/normal/industrial_normal_less/hd387_all__1.npy,Normal
Pistachio/VAD/vit-features/train/normal/indoor_normal_less/000000153132_all__8.npy,Normal
Pistachio/VAD/vit-features/train/anomaly/commercial_anomaly_more/weapons_incident/000000012089_all__8.npy,weapons_incident
Pistachio/VAD/vit-features/train/normal/industrial_normal_less/hd403_all__9.npy,Normal
Pistachio/VAD/vit-features/train/normal/commercial_normal_more/000000126069_all__1.npy,Normal
Pistachio/VAD/vit-features/train/normal/infrastructure_normal_more/000000291338_all__7.npy,Normal
Pistachio/VAD/vit-features/train/anomaly/commercial_anomaly_less/weapons_incident/000000339762_all__9.npy,weapons_incident
Pistachio/VAD/vit-features/train/normal/commercial_normal_less/000000064549_all__3.npy,Normal
Pistachio/VAD/vit-features/train/anomaly/road_anomaly_less/weapons_incident/000000284216_all__8.npy,weapons_incident
Pistachio/VAD/vit-features/train/normal/road_normal_less/000000020067_all__2.npy,Normal
Pistachio/VAD/vit-features/train/normal/road_normal_less/000000046158_all__2.npy,Normal
Pistachio/VAD/vit-features/train/normal/infrastructure_normal_less/rect9_jpg.rf.7c989799156155ae176c983b61872799_all__8.npy,Normal
Pistachio/VAD/vit-features/train/anomaly/infrastructure_anomaly_less/weapons_incident/000000063541_all__4.npy,weapons_incident
Pistachio/VAD/vit-features/train/normal/indoor_normal_more/000000323782_all__4.npy,Normal
Pistachio/VAD/vit-features/train/normal/infrastructure_normal_less/O3THMGY1C190_all__1.npy,Normal
Pistachio/VAD/vit-features/train/anomaly/road_anomaly_more/weapons_incident/000000535754_all__3.npy,weapons_incident
Pistachio/VAD/vit-features/train/normal/infrastructure_normal_less/hd01_all__0.npy,Normal
Pistachio/VAD/vit-features/train/normal/road_normal_less/000000040444_all__9.npy,Normal
Pistachio/VAD/vit-features/train/normal/outdoor_normal_less/hd584_all__3.npy,Normal
Pistachio/VAD/vit-features/train/anomaly/commercial_anomaly_more/weapons_incident/000000272845_all__4.npy,weapons_incident
Pistachio/VAD/vit-features/train/normal/commercial_normal_less/000000057180_all__2.npy,Normal
Pistachio/VAD/vit-features/train/anomaly/road_anomaly_more/weapons_incident/000000535754_all__4.npy,weapons_incident
Pistachio/VAD/vit-features/train/normal/infrastructure_normal_more/000000373944_all__9.npy,Normal
Pistachio/VAD/vit-features/train/normal/indoor_normal_less/000000219055_all__5.npy,Normal
Pistachio/VAD/vit-features/train/normal/industrial_normal_less/hd856_all__8.npy,Normal
Pistachio/VAD/vit-features/train/normal/industrial_normal_less/hd201_all__8.npy,Normal
Pistachio/VAD/vit-features/train/normal/outdoor_normal_less/hd622_all__8.npy,Normal
Pistachio/VAD/vit-features/train/anomaly/road_anomaly_less/weapons_incident/000000283834_all__5.npy,weapons_incident
Pistachio/VAD/vit-features/train/normal/commercial_normal_less/000000082378_all__0.npy,Normal
Pistachio/VAD/vit-features/train/normal/road_normal_less/000000039829_all__7.npy,Normal
Pistachio/VAD/vit-features/train/anomaly/outdoor_anomaly_less/weapons_incident/000000031330_all__7.npy,weapons_incident
Pistachio/VAD/vit-features/train/normal/commercial_normal_less/000000357778_all__9.npy,Normal
Pistachio/VAD/vit-features/train/anomaly/road_anomaly_less/weapons_incident/000000283834_all__6.npy,weapons_incident
Pistachio/VAD/vit-features/train/normal/commercial_normal_less/000000365399_all__5.npy,Normal
Pistachio/VAD/vit-features/train/anomaly/road_anomaly_more/weapons_incident/000000535754_all__5.npy,weapons_incident
Pistachio/VAD/vit-features/train/anomaly/commercial_anomaly_more/weapons_incident/000000005403_all__7.npy,weapons_incident
Pistachio/VAD/vit-features/train/anomaly/infrastructure_anomaly_less/weapons_incident/000000009347_all__7.npy,weapons_incident
Pistachio/VAD/vit-features/train/normal/industrial_normal_less/hd275_all__2.npy,Normal
Pistachio/VAD/vit-features/train/normal/indoor_normal_less/000000204330_all__4.npy,Normal
Pistachio/VAD/vit-features/train/anomaly/road_anomaly_less/weapons_incident/000000285576_all__9.npy,weapons_incident
Pistachio/VAD/vit-features/train/normal/commercial_normal_less/000000080292_all__8.npy,Normal
Pistachio/VAD/vit-features/train/normal/infrastructure_normal_less/000000466963_all__7.npy,Normal
Pistachio/VAD/vit-features/train/normal/commercial_normal_more/000000126031_all__0.npy,Normal
Pistachio/VAD/vit-features/train/normal/indoor_normal_less/000000029016_all__6.npy,Normal
Pistachio/VAD/vit-features/train/anomaly/commercial_anomaly_more/weapons_incident/000000005403_all__1.npy,weapons_incident
Pistachio/VAD/vit-features/train/anomaly/infrastructure_anomaly_less/weapons_incident/000000009390_all__8.npy,weapons_incident
Pistachio/VAD/vit-features/train/anomaly/commercial_anomaly_less/weapons_incident/000000319258_all__4.npy,weapons_incident
Pistachio/VAD/vit-features/train/normal/infrastructure_normal_more/000000513413_all__9.npy,Normal
Pistachio/VAD/vit-features/train/anomaly/commercial_anomaly_more/weapons_incident/000000005403_all__5.npy,weapons_incident
Pistachio/VAD/vit-features/train/anomaly/road_anomaly_less/weapons_incident/000000285576_all__2.npy,weapons_incident
Pistachio/VAD/vit-features/train/anomaly/road_anomaly_more/weapons_incident/000000518449_all__0.npy,weapons_incident
Pistachio/VAD/vit-features/train/anomaly/infrastructure_anomaly_less/weapons_incident/000000067402_all__9.npy,weapons_incident
Pistachio/VAD/vit-features/train/normal/infrastructure_normal_less/mk22_jpg.rf.e95d95be1381b6e4b098deeab46dbcb6_all__4.npy,Normal
Pistachio/VAD/vit-features/train/anomaly/road_anomaly_less/weapons_incident/000000285423_all__8.npy,weapons_incident
Pistachio/VAD/vit-features/train/anomaly/road_anomaly_less/weapons_incident/000000283791_all__0.npy,weapons_incident
Pistachio/VAD/vit-features/train/normal/road_normal_less/000000014786_all__2.npy,Normal
Pistachio/VAD/vit-features/train/normal/road_normal_more/000000134089_all__5.npy,Normal
Pistachio/VAD/vit-features/train/normal/infrastructure_normal_more/000000319498_all__3.npy,Normal
Pistachio/VAD/vit-features/train/anomaly/commercial_anomaly_less/weapons_incident/000000319258_all__2.npy,weapons_incident
Pistachio/VAD/vit-features/train/normal/outdoor_normal_less/000000009839_all__9.npy,Normal
Pistachio/VAD/vit-features/train/normal/industrial_normal_less/hd232_all__9.npy,Normal
Pistachio/VAD/vit-features/train/normal/infrastructure_normal_more/000000354152_all__2.npy,Normal
Pistachio/VAD/vit-features/train/normal/industrial_normal_less/hd445_all__6.npy,Normal
Pistachio/VAD/vit-features/train/anomaly/indoor_anomaly_less/weapons_incident/000000027847_all__2.npy,weapons_incident
Pistachio/VAD/vit-features/train/normal/industrial_normal_less/hd005_all__7.npy,Normal
Pistachio/VAD/vit-features/train/normal/road_normal_less/000000050441_all__2.npy,Normal
Pistachio/VAD/vit-features/train/normal/industrial_normal_less/hd376_all__1.npy,Normal
Pistachio/VAD/vit-features/train/normal/indoor_normal_less/000000022663_all__8.npy,Normal
Pistachio/VAD/vit-features/train/normal/road_normal_more/000000139884_all__9.npy,Normal
Pistachio/VAD/vit-features/train/anomaly/infrastructure_anomaly_more/weapons_incident/000000009347_all__4.npy,weapons_incident
Pistachio/VAD/vit-features/train/normal/road_normal_more/000000126092_all__2.npy,Normal
Pistachio/VAD/vit-features/train/anomaly/road_anomaly_more/weapons_incident/000000270837_all__0.npy,weapons_incident
Pistachio/VAD/vit-features/train/anomaly/commercial_anomaly_less/weapons_incident/000000377654_all__7.npy,weapons_incident
Pistachio/VAD/vit-features/train/normal/industrial_normal_less/hd278_all__3.npy,Normal
Pistachio/VAD/vit-features/train/normal/infrastructure_normal_less/000000517550_all__6.npy,Normal
Pistachio/VAD/vit-features/train/normal/outdoor_normal_less/000000009839_all__7.npy,Normal
Pistachio/VAD/vit-features/train/anomaly/commercial_anomaly_less/weapons_incident/000000319258_all__5.npy,weapons_incident
Pistachio/VAD/vit-features/train/anomaly/road_anomaly_less/weapons_incident/000000285576_all__8.npy,weapons_incident
Pistachio/VAD/vit-features/train/normal/road_normal_more/000000128416_all__9.npy,Normal
Pistachio/VAD/vit-features/train/normal/infrastructure_normal_more/000000566150_all__6.npy,Normal
Pistachio/VAD/vit-features/train/normal/commercial_normal_less/000000033865_all__6.npy,Normal
Pistachio/VAD/vit-features/train/normal/commercial_normal_less/000000363003_all__7.npy,Normal
Pistachio/VAD/vit-features/train/anomaly/road_anomaly_less/weapons_incident/000000285199_all__2.npy,weapons_incident
Pistachio/VAD/vit-features/train/anomaly/infrastructure_anomaly_more/weapons_incident/000000005771_all__1.npy,weapons_incident
Pistachio/VAD/vit-features/train/anomaly/infrastructure_anomaly_less/weapons_incident/000000063541_all__1.npy,weapons_incident
Pistachio/VAD/vit-features/train/normal/indoor_normal_less/000000226723_all__6.npy,Normal
Pistachio/VAD/vit-features/train/anomaly/infrastructure_anomaly_less/weapons_incident/000000009347_all__5.npy,weapons_incident
Pistachio/VAD/vit-features/train/anomaly/commercial_anomaly_less/weapons_incident/000000305847_all__3.npy,weapons_incident
Pistachio/VAD/vit-features/train/anomaly/infrastructure_anomaly_less/weapons_incident/000000009390_all__9.npy,weapons_incident
Pistachio/VAD/vit-features/train/anomaly/road_anomaly_less/weapons_incident/000000283791_all__5.npy,weapons_incident
Pistachio/VAD/vit-features/train/normal/indoor_normal_less/000000062268_all__6.npy,Normal
Pistachio/VAD/vit-features/train/normal/industrial_normal_less/hd363_all__7.npy,Normal
Pistachio/VAD/vit-features/train/anomaly/road_anomaly_less/weapons_incident/000000285447_all__7.npy,weapons_incident
Pistachio/VAD/vit-features/train/anomaly/road_anomaly_less/weapons_incident/000000284544_all__9.npy,weapons_incident
Pistachio/VAD/vit-features/train/normal/infrastructure_normal_less/000000309594_all__5.npy,Normal
Pistachio/VAD/vit-features/train/normal/infrastructure_normal_less/000000151427_all__1.npy,Normal
Pistachio/VAD/vit-features/train/anomaly/commercial_anomaly_less/weapons_incident/000000339762_all__2.npy,weapons_incident
Pistachio/VAD/vit-features/train/anomaly/commercial_anomaly_less/weapons_incident/000000377654_all__8.npy,weapons_incident
Pistachio/VAD/vit-features/train/normal/indoor_normal_more/000000331682_all__8.npy,Normal
Pistachio/VAD/vit-features/train/normal/outdoor_normal_less/B0YHKYV1YJ8Y_all__9.npy,Normal
Pistachio/VAD/vit-features/train/normal/outdoor_normal_more/000000295330_all__5.npy,Normal
Pistachio/VAD/vit-features/train/normal/industrial_normal_less/hd664_all__2.npy,Normal
Pistachio/VAD/vit-features/train/normal/indoor_normal_less/000000043638_all__3.npy,Normal
Pistachio/VAD/vit-features/train/normal/infrastructure_normal_less/SZFGZ40ITA88_all__8.npy,Normal
Pistachio/VAD/vit-features/train/normal/road_normal_less/000000021616_all__7.npy,Normal
Pistachio/VAD/vit-features/train/normal/road_normal_less/000000023959_all__3.npy,Normal
Pistachio/VAD/vit-features/train/normal/indoor_normal_less/000000241298_all__6.npy,Normal
Pistachio/VAD/vit-features/train/normal/road_normal_less/000000025375_all__3.npy,Normal
Pistachio/VAD/vit-features/train/anomaly/commercial_anomaly_less/weapons_incident/000000341180_all__2.npy,weapons_incident
Pistachio/VAD/vit-features/train/anomaly/road_anomaly_more/weapons_incident/000000270837_all__3.npy,weapons_incident
Pistachio/VAD/vit-features/train/normal/infrastructure_normal_less/HOMWLNAMSQU8_all__8.npy,Normal
Pistachio/VAD/vit-features/train/normal/road_normal_less/000000039845_all__3.npy,Normal
Pistachio/VAD/vit-features/train/normal/industrial_normal_less/000000574730_all__5.npy,Normal
Pistachio/VAD/vit-features/train/anomaly/road_anomaly_less/weapons_incident/000000283791_all__9.npy,weapons_incident
Pistachio/VAD/vit-features/train/anomaly/indoor_anomaly_less/weapons_incident/000000129127_all__8.npy,weapons_incident
Pistachio/VAD/vit-features/train/normal/industrial_normal_more/000000240103_all__8.npy,Normal
Pistachio/VAD/vit-features/train/normal/outdoor_normal_less/hd545_all__0.npy,Normal
Pistachio/VAD/vit-features/train/normal/road_normal_less/000000459818_all__8.npy,Normal
Pistachio/VAD/vit-features/train/normal/industrial_normal_more/hd445_all__7.npy,Normal
Pistachio/VAD/vit-features/train/anomaly/commercial_anomaly_more/weapons_incident/000000272909_all__9.npy,weapons_incident
Pistachio/VAD/vit-features/train/anomaly/road_anomaly_less/weapons_incident/000000283481_all__7.npy,weapons_incident
Pistachio/VAD/vit-features/train/normal/infrastructure_normal_less/2NIJZPF2XGRN_all__8.npy,Normal
Pistachio/VAD/vit-features/train/anomaly/infrastructure_anomaly_less/weapons_incident/000000291338_all__2.npy,weapons_incident
Pistachio/VAD/vit-features/train/normal/outdoor_normal_more/000000292458_all__7.npy,Normal
Pistachio/VAD/vit-features/train/normal/industrial_normal_less/000000495968_all__0.npy,Normal
Pistachio/VAD/vit-features/train/normal/road_normal_less/000000033662_all__8.npy,Normal
Pistachio/VAD/vit-features/train/anomaly/commercial_anomaly_less/weapons_incident/000000377654_all__2.npy,weapons_incident
Pistachio/VAD/vit-features/train/normal/outdoor_normal_less/000000023742_all__8.npy,Normal
Pistachio/VAD/vit-features/train/normal/infrastructure_normal_less/000000021274_all__6.npy,Normal
Pistachio/VAD/vit-features/train/normal/road_normal_less/000000012746_all__6.npy,Normal
Pistachio/VAD/vit-features/train/anomaly/road_anomaly_more/weapons_incident/000000270837_all__6.npy,weapons_incident
Pistachio/VAD/vit-features/train/anomaly/road_anomaly_less/weapons_incident/000000284952_all__9.npy,weapons_incident
Pistachio/VAD/vit-features/train/normal/infrastructure_normal_more/000000436832_all__9.npy,Normal
Pistachio/VAD/vit-features/train/anomaly/road_anomaly_less/weapons_incident/000000283834_all__8.npy,weapons_incident
Pistachio/VAD/vit-features/train/normal/indoor_normal_less/000000035386_all__5.npy,Normal
Pistachio/VAD/vit-features/train/anomaly/road_anomaly_more/weapons_incident/000000274838_all__4.npy,weapons_incident
Pistachio/VAD/vit-features/train/anomaly/road_anomaly_less/weapons_incident/000000283834_all__7.npy,weapons_incident
Pistachio/VAD/vit-features/train/normal/outdoor_normal_less/000000082446_all__6.npy,Normal
Pistachio/VAD/vit-features/train/anomaly/infrastructure_anomaly_less/weapons_incident/000000063541_all__5.npy,weapons_incident
Pistachio/VAD/vit-features/train/normal/indoor_normal_more/000000304795_all__7.npy,Normal
Pistachio/VAD/vit-features/train/anomaly/commercial_anomaly_less/weapons_incident/000000295913_all__2.npy,weapons_incident
Pistachio/VAD/vit-features/train/anomaly/indoor_anomaly_more/weapons_incident/000000009526_all__9.npy,weapons_incident
Pistachio/VAD/vit-features/train/anomaly/infrastructure_anomaly_less/weapons_incident/000000005771_all__7.npy,weapons_incident
Pistachio/VAD/vit-features/train/anomaly/commercial_anomaly_less/weapons_incident/000000341180_all__1.npy,weapons_incident
Pistachio/VAD/vit-features/train/normal/industrial_normal_less/hd437_all__1.npy,Normal
Pistachio/VAD/vit-features/train/normal/infrastructure_normal_more/000000222919_all__6.npy,Normal
Pistachio/VAD/vit-features/train/normal/outdoor_normal_less/hd548_all__9.npy,Normal
Pistachio/VAD/vit-features/train/anomaly/infrastructure_anomaly_more/weapons_incident/000000009390_all__0.npy,weapons_incident
Pistachio/VAD/vit-features/train/normal/infrastructure_normal_less/000000009995_all__9.npy,Normal
Pistachio/VAD/vit-features/train/normal/indoor_normal_less/000000137649_all__1.npy,Normal
Pistachio/VAD/vit-features/train/normal/industrial_normal_more/000000190725_all__3.npy,Normal
Pistachio/VAD/vit-features/train/normal/industrial_normal_less/hd198_all__2.npy,Normal
Pistachio/VAD/vit-features/train/anomaly/road_anomaly_less/weapons_incident/000000285576_all__7.npy,weapons_incident
Pistachio/VAD/vit-features/train/anomaly/commercial_anomaly_more/weapons_incident/000000012089_all__0.npy,weapons_incident
Pistachio/VAD/vit-features/train/normal/road_normal_less/000000028232_all__1.npy,Normal
Pistachio/VAD/vit-features/train/normal/infrastructure_normal_less/000000339037_all__5.npy,Normal
Pistachio/VAD/vit-features/train/normal/commercial_normal_less/000000052536_all__8.npy,Normal
Pistachio/VAD/vit-features/train/anomaly/commercial_anomaly_less/weapons_incident/000000295913_all__1.npy,weapons_incident
Pistachio/VAD/vit-features/train/normal/infrastructure_normal_less/UU6WXXLDWUYW_all__1.npy,Normal
Pistachio/VAD/vit-features/train/anomaly/road_anomaly_more/weapons_incident/000000284434_all__1.npy,weapons_incident
Pistachio/VAD/vit-features/train/anomaly/road_anomaly_less/weapons_incident/000000285715_all__4.npy,weapons_incident
Pistachio/VAD/vit-features/train/normal/industrial_normal_less/hd201_all__7.npy,Normal
Pistachio/VAD/vit-features/train/anomaly/road_anomaly_less/weapons_incident/000000284952_all__2.npy,weapons_incident
Pistachio/VAD/vit-features/train/normal/outdoor_normal_less/000000029549_all__6.npy,Normal
Pistachio/VAD/vit-features/train/anomaly/infrastructure_anomaly_less/weapons_incident/000000010550_all__9.npy,weapons_incident
Pistachio/VAD/vit-features/train/anomaly/road_anomaly_less/weapons_incident/000000284216_all__6.npy,weapons_incident
Pistachio/VAD/vit-features/train/normal/indoor_normal_less/000000219055_all__4.npy,Normal
Pistachio/VAD/vit-features/train/anomaly/infrastructure_anomaly_more/weapons_incident/000000009347_all__7.npy,weapons_incident
Pistachio/VAD/vit-features/train/anomaly/outdoor_anomaly_less/weapons_incident/000000034560_all__8.npy,weapons_incident
Pistachio/VAD/vit-features/train/normal/industrial_normal_more/hd434_all__9.npy,Normal
Pistachio/VAD/vit-features/train/normal/outdoor_normal_more/000000140837_all__4.npy,Normal
Pistachio/VAD/vit-features/train/anomaly/indoor_anomaly_less/weapons_incident/000000105378_all__5.npy,weapons_incident
Pistachio/VAD/vit-features/train/normal/outdoor_normal_less/B9VNOFMYGTUF_all__0.npy,Normal
Pistachio/VAD/vit-features/train/normal/infrastructure_normal_less/bv48_jpg.rf.98ac940d303b146dce29bd245768b756_all__4.npy,Normal
Pistachio/VAD/vit-features/train/normal/indoor_normal_less/000000246439_all__5.npy,Normal
Pistachio/VAD/vit-features/train/anomaly/road_anomaly_less/weapons_incident/000000285715_all__3.npy,weapons_incident
Pistachio/VAD/vit-features/train/normal/infrastructure_normal_more/000000081203_all__5.npy,Normal
Pistachio/VAD/vit-features/train/normal/commercial_normal_less/000000082193_all__0.npy,Normal
Pistachio/VAD/vit-features/train/normal/commercial_normal_more/000000134957_all__2.npy,Normal
Pistachio/VAD/vit-features/train/anomaly/outdoor_anomaly_less/weapons_incident/000000034560_all__4.npy,weapons_incident
Pistachio/VAD/vit-features/train/normal/outdoor_normal_less/000000010771_all__2.npy,Normal
Pistachio/VAD/vit-features/train/normal/commercial_normal_less/000000034150_all__0.npy,Normal
Pistachio/VAD/vit-features/train/normal/infrastructure_normal_less/000000373944_all__1.npy,Normal
Pistachio/VAD/vit-features/train/anomaly/infrastructure_anomaly_less/weapons_incident/000000011864_all__6.npy,weapons_incident
Pistachio/VAD/vit-features/train/anomaly/infrastructure_anomaly_more/weapons_incident/000000010934_all__4.npy,weapons_incident
Pistachio/VAD/vit-features/train/normal/indoor_normal_less/000000217493_all__1.npy,Normal
Pistachio/VAD/vit-features/train/normal/commercial_normal_less/000000080499_all__8.npy,Normal
Pistachio/VAD/vit-features/train/normal/commercial_normal_less/000000052633_all__0.npy,Normal
Pistachio/VAD/vit-features/train/anomaly/infrastructure_anomaly_less/weapons_incident/000000010934_all__3.npy,weapons_incident
Pistachio/VAD/vit-features/train/anomaly/road_anomaly_more/weapons_incident/000000284434_all__9.npy,weapons_incident
Pistachio/VAD/vit-features/train/normal/commercial_normal_less/000000045457_all__5.npy,Normal
Pistachio/VAD/vit-features/train/normal/outdoor_normal_less/FTPIEEF1OIVI_all__6.npy,Normal
Pistachio/VAD/vit-features/train/anomaly/road_anomaly_less/weapons_incident/000000285715_all__8.npy,weapons_incident
Pistachio/VAD/vit-features/train/normal/outdoor_normal_less/000000017141_all__6.npy,Normal
Pistachio/VAD/vit-features/train/normal/indoor_normal_more/000000311010_all__4.npy,Normal
Pistachio/VAD/vit-features/train/anomaly/commercial_anomaly_less/weapons_incident/000000366758_all__2.npy,weapons_incident
Pistachio/VAD/vit-features/train/anomaly/infrastructure_anomaly_more/weapons_incident/000000011864_all__2.npy,weapons_incident
Pistachio/VAD/vit-features/train/normal/commercial_normal_more/000000136327_all__3.npy,Normal
Pistachio/VAD/vit-features/train/normal/industrial_normal_more/000000012035_all__8.npy,Normal
Pistachio/VAD/vit-features/train/anomaly/road_anomaly_more/weapons_incident/000000535754_all__0.npy,weapons_incident
Pistachio/VAD/vit-features/train/anomaly/road_anomaly_less/weapons_incident/000000285715_all__2.npy,weapons_incident
Pistachio/VAD/vit-features/train/normal/indoor_normal_less/000000233125_all__1.npy,Normal
Pistachio/VAD/vit-features/train/anomaly/infrastructure_anomaly_less/weapons_incident/000000011864_all__8.npy,weapons_incident
Pistachio/VAD/vit-features/train/anomaly/road_anomaly_less/weapons_incident/000000285199_all__8.npy,weapons_incident
Pistachio/VAD/vit-features/train/anomaly/road_anomaly_less/weapons_incident/000000284216_all__4.npy,weapons_incident
Pistachio/VAD/vit-features/train/normal/outdoor_normal_less/000000020169_all__8.npy,Normal
Pistachio/VAD/vit-features/train/normal/infrastructure_normal_less/000000068419_all__4.npy,Normal
Pistachio/VAD/vit-features/train/normal/industrial_normal_less/hd618_all__0.npy,Normal
Pistachio/VAD/vit-features/train/anomaly/road_anomaly_more/weapons_incident/000000284434_all__6.npy,weapons_incident
Pistachio/VAD/vit-features/train/normal/outdoor_normal_less/hd624_all__4.npy,Normal
Pistachio/VAD/vit-features/train/normal/road_normal_less/000000284962_all__3.npy,Normal
Pistachio/VAD/vit-features/train/anomaly/commercial_anomaly_less/weapons_incident/000000350834_all__2.npy,weapons_incident
Pistachio/VAD/vit-features/train/normal/indoor_normal_less/000000213336_all__4.npy,Normal
Pistachio/VAD/vit-features/train/normal/road_normal_more/000000130246_all__7.npy,Normal
Pistachio/VAD/vit-features/train/anomaly/infrastructure_anomaly_less/weapons_incident/000000005771_all__5.npy,weapons_incident
Pistachio/VAD/vit-features/train/anomaly/infrastructure_anomaly_less/weapons_incident/000000010550_all__6.npy,weapons_incident
Pistachio/VAD/vit-features/train/normal/indoor_normal_less/000000042486_all__1.npy,Normal
Pistachio/VAD/vit-features/train/anomaly/road_anomaly_less/weapons_incident/000000285199_all__4.npy,weapons_incident
Pistachio/VAD/vit-features/train/normal/infrastructure_normal_more/000000477450_all__9.npy,Normal
Pistachio/VAD/vit-features/train/normal/commercial_normal_less/000000225515_all__4.npy,Normal
Pistachio/VAD/vit-features/train/anomaly/infrastructure_anomaly_less/weapons_incident/000000011864_all__2.npy,weapons_incident
Pistachio/VAD/vit-features/train/normal/indoor_normal_less/000000150747_all__5.npy,Normal
Pistachio/VAD/vit-features/train/normal/indoor_normal_less/000000061872_all__1.npy,Normal
Pistachio/VAD/vit-features/train/normal/infrastructure_normal_more/000000152752_all__3.npy,Normal
Pistachio/VAD/vit-features/train/anomaly/infrastructure_anomaly_more/weapons_incident/000000005771_all__9.npy,weapons_incident
Pistachio/VAD/vit-features/train/normal/industrial_normal_less/hd563_all__7.npy,Normal
Pistachio/VAD/vit-features/train/normal/outdoor_normal_less/GNWF0HAM4WT1_all__6.npy,Normal
Pistachio/VAD/vit-features/train/normal/indoor_normal_less/000000202325_all__5.npy,Normal
Pistachio/VAD/vit-features/train/anomaly/road_anomaly_less/weapons_incident/000000284474_all__7.npy,weapons_incident
Pistachio/VAD/vit-features/train/normal/industrial_normal_less/hd568_all__0.npy,Normal
Pistachio/VAD/vit-features/train/normal/road_normal_more/000000134957_all__2.npy,Normal
Pistachio/VAD/vit-features/train/normal/indoor_normal_less/000000240027_all__0.npy,Normal
Pistachio/VAD/vit-features/train/normal/outdoor_normal_less/000000036641_all__6.npy,Normal
Pistachio/VAD/vit-features/train/normal/indoor_normal_less/000000029887_all__5.npy,Normal
Pistachio/VAD/vit-features/train/normal/road_normal_less/000000019853_all__7.npy,Normal
Pistachio/VAD/vit-features/train/anomaly/road_anomaly_less/weapons_incident/000000285423_all__7.npy,weapons_incident
Pistachio/VAD/vit-features/train/normal/commercial_normal_less/000000048693_all__4.npy,Normal
Pistachio/VAD/vit-features/train/normal/indoor_normal_more/000000307769_all__5.npy,Normal
Pistachio/VAD/vit-features/train/anomaly/indoor_anomaly_less/weapons_incident/000000129127_all__3.npy,weapons_incident
Pistachio/VAD/vit-features/train/normal/infrastructure_normal_less/000000299142_all__7.npy,Normal
Pistachio/VAD/vit-features/train/normal/commercial_normal_more/000000126752_all__9.npy,Normal
Pistachio/VAD/vit-features/train/normal/indoor_normal_less/000000146285_all__6.npy,Normal
Pistachio/VAD/vit-features/train/normal/outdoor_normal_less/hd558_all__5.npy,Normal
Pistachio/VAD/vit-features/train/normal/road_normal_less/000000040104_all__6.npy,Normal
Pistachio/VAD/vit-features/train/normal/indoor_normal_less/000000215846_all__0.npy,Normal
Pistachio/VAD/vit-features/train/normal/industrial_normal_less/000000495968_all__1.npy,Normal
Pistachio/VAD/vit-features/train/normal/indoor_normal_more/000000330267_all__1.npy,Normal
Pistachio/VAD/vit-features/train/normal/industrial_normal_less/hd204_all__1.npy,Normal
Pistachio/VAD/vit-features/train/normal/indoor_normal_less/000000022568_all__3.npy,Normal
Pistachio/VAD/vit-features/train/normal/outdoor_normal_less/000000010055_all__8.npy,Normal
Pistachio/VAD/vit-features/train/normal/infrastructure_normal_less/000000341249_all__8.npy,Normal
Pistachio/VAD/vit-features/train/normal/commercial_normal_more/000000135637_all__2.npy,Normal
Pistachio/VAD/vit-features/train/normal/road_normal_less/000000019396_all__1.npy,Normal
Pistachio/VAD/vit-features/train/normal/road_normal_less/000000036375_all__6.npy,Normal
Pistachio/VAD/vit-features/train/anomaly/road_anomaly_less/weapons_incident/000000285715_all__7.npy,weapons_incident
Pistachio/VAD/vit-features/train/normal/outdoor_normal_more/000000294755_all__8.npy,Normal
Pistachio/VAD/vit-features/train/normal/commercial_normal_more/000000126752_all__8.npy,Normal
Pistachio/VAD/vit-features/train/normal/commercial_normal_less/000000064459_all__0.npy,Normal
Pistachio/VAD/vit-features/train/anomaly/commercial_anomaly_less/weapons_incident/000000366758_all__0.npy,weapons_incident
Pistachio/VAD/vit-features/train/normal/infrastructure_normal_more/000000501974_all__5.npy,Normal
Pistachio/VAD/vit-features/train/normal/infrastructure_normal_more/000000151014_all__4.npy,Normal
Pistachio/VAD/vit-features/train/anomaly/road_anomaly_less/weapons_incident/000000284544_all__8.npy,weapons_incident
Pistachio/VAD/vit-features/train/normal/infrastructure_normal_less/J63DX29OLQAP_all__4.npy,Normal
Pistachio/VAD/vit-features/train/normal/road_normal_less/000000020099_all__6.npy,Normal
Pistachio/VAD/vit-features/train/anomaly/road_anomaly_more/weapons_incident/000000284434_all__8.npy,weapons_incident
Pistachio/VAD/vit-features/train/anomaly/road_anomaly_more/weapons_incident/000000274838_all__7.npy,weapons_incident
Pistachio/VAD/vit-features/train/anomaly/indoor_anomaly_more/weapons_incident/000000005051_all__6.npy,weapons_incident
Pistachio/VAD/vit-features/train/normal/industrial_normal_more/hd126_all__5.npy,Normal
Pistachio/VAD/vit-features/train/anomaly/outdoor_anomaly_less/weapons_incident/000000031330_all__1.npy,weapons_incident
Pistachio/VAD/vit-features/train/normal/infrastructure_normal_more/000000222919_all__4.npy,Normal
Pistachio/VAD/vit-features/train/anomaly/road_anomaly_less/weapons_incident/000000285423_all__4.npy,weapons_incident
Pistachio/VAD/vit-features/train/normal/outdoor_normal_less/000000008247_all__9.npy,Normal
Pistachio/VAD/vit-features/train/normal/road_normal_less/000000050891_all__9.npy,Normal
Pistachio/VAD/vit-features/train/anomaly/commercial_anomaly_less/weapons_incident/000000339762_all__5.npy,weapons_incident
Pistachio/VAD/vit-features/train/normal/commercial_normal_less/000000285277_all__9.npy,Normal
Pistachio/VAD/vit-features/train/normal/indoor_normal_less/000000058228_all__5.npy,Normal
Pistachio/VAD/vit-features/train/normal/indoor_normal_more/000000314173_all__9.npy,Normal
Pistachio/VAD/vit-features/train/anomaly/infrastructure_anomaly_more/weapons_incident/000000067402_all__4.npy,weapons_incident
Pistachio/VAD/vit-features/train/normal/outdoor_normal_less/000000025255_all__2.npy,Normal
Pistachio/VAD/vit-features/train/normal/infrastructure_normal_less/ULMSNBL1WX44_all__7.npy,Normal
Pistachio/VAD/vit-features/train/normal/outdoor_normal_less/000000207300_all__0.npy,Normal
Pistachio/VAD/vit-features/train/anomaly/road_anomaly_less/weapons_incident/000000283034_all__9.npy,weapons_incident
Pistachio/VAD/vit-features/train/normal/indoor_normal_less/000000055082_all__6.npy,Normal
Pistachio/VAD/vit-features/train/normal/infrastructure_normal_more/000000436832_all__2.npy,Normal
Pistachio/VAD/vit-features/train/anomaly/infrastructure_anomaly_less/weapons_incident/000000067402_all__6.npy,weapons_incident
Pistachio/VAD/vit-features/train/anomaly/infrastructure_anomaly_less/weapons_incident/000000005771_all__2.npy,weapons_incident
Pistachio/VAD/vit-features/train/anomaly/infrastructure_anomaly_less/weapons_incident/000000009347_all__4.npy,weapons_incident
Pistachio/VAD/vit-features/train/anomaly/commercial_anomaly_less/weapons_incident/000000377654_all__1.npy,weapons_incident
Pistachio/VAD/vit-features/train/normal/industrial_normal_less/hd411_all__8.npy,Normal
Pistachio/VAD/vit-features/train/anomaly/indoor_anomaly_less/weapons_incident/000000027847_all__9.npy,weapons_incident
Pistachio/VAD/vit-features/train/normal/road_normal_less/000000027196_all__5.npy,Normal
Pistachio/VAD/vit-features/train/normal/outdoor_normal_less/000000008523_all__0.npy,Normal
Pistachio/VAD/vit-features/train/anomaly/indoor_anomaly_more/weapons_incident/000000007680_all__8.npy,weapons_incident
Pistachio/VAD/vit-features/train/normal/indoor_normal_more/000000302309_all__8.npy,Normal
Pistachio/VAD/vit-features/train/normal/industrial_normal_less/hd234_all__0.npy,Normal
Pistachio/VAD/vit-features/train/anomaly/road_anomaly_less/weapons_incident/000000284544_all__4.npy,weapons_incident
Pistachio/VAD/vit-features/train/normal/road_normal_less/000000040104_all__4.npy,Normal
Pistachio/VAD/vit-features/train/anomaly/infrastructure_anomaly_more/weapons_incident/000000063541_all__8.npy,weapons_incident
Pistachio/VAD/vit-features/train/anomaly/infrastructure_anomaly_more/weapons_incident/000000006923_all__9.npy,weapons_incident
Pistachio/VAD/vit-features/train/anomaly/indoor_anomaly_less/weapons_incident/000000105378_all__2.npy,weapons_incident
Pistachio/VAD/vit-features/train/normal/road_normal_less/000000024282_all__2.npy,Normal
Pistachio/VAD/vit-features/train/anomaly/commercial_anomaly_more/weapons_incident/000000272845_all__1.npy,weapons_incident
Pistachio/VAD/vit-features/train/normal/commercial_normal_less/000000082496_all__6.npy,Normal
Pistachio/VAD/vit-features/train/normal/infrastructure_normal_more/000000168496_all__6.npy,Normal
Pistachio/VAD/vit-features/train/normal/road_normal_more/000000135350_all__3.npy,Normal
Pistachio/VAD/vit-features/train/anomaly/infrastructure_anomaly_less/weapons_incident/000000009347_all__2.npy,weapons_incident
Pistachio/VAD/vit-features/train/anomaly/infrastructure_anomaly_more/weapons_incident/000000011864_all__1.npy,weapons_incident
Pistachio/VAD/vit-features/train/normal/indoor_normal_less/000000075279_all__4.npy,Normal
Pistachio/VAD/vit-features/train/normal/indoor_normal_less/000000151937_all__9.npy,Normal
Pistachio/VAD/vit-features/train/anomaly/road_anomaly_less/weapons_incident/000000285447_all__2.npy,weapons_incident
Pistachio/VAD/vit-features/train/anomaly/road_anomaly_more/weapons_incident/000000284434_all__5.npy,weapons_incident
Pistachio/VAD/vit-features/train/normal/commercial_normal_less/000000031336_all__3.npy,Normal
Pistachio/VAD/vit-features/train/normal/industrial_normal_less/hd430_all__1.npy,Normal
Pistachio/VAD/vit-features/train/normal/road_normal_less/000000194500_all__5.npy,Normal
Pistachio/VAD/vit-features/train/normal/industrial_normal_less/hd724_all__0.npy,Normal
Pistachio/VAD/vit-features/train/normal/infrastructure_normal_less/000000422220_all__2.npy,Normal
Pistachio/VAD/vit-features/train/normal/industrial_normal_less/hd735_all__0.npy,Normal
Pistachio/VAD/vit-features/train/normal/outdoor_normal_less/000000007881_all__8.npy,Normal
Pistachio/VAD/vit-features/train/anomaly/outdoor_anomaly_less/weapons_incident/000000030435_all__8.npy,weapons_incident
Pistachio/VAD/vit-features/train/normal/infrastructure_normal_more/000000152752_all__7.npy,Normal
Pistachio/VAD/vit-features/train/normal/commercial_normal_less/000000040528_all__5.npy,Normal
Pistachio/VAD/vit-features/train/normal/outdoor_normal_less/000000009181_all__7.npy,Normal
Pistachio/VAD/vit-features/train/anomaly/indoor_anomaly_less/weapons_incident/000000027847_all__7.npy,weapons_incident
Pistachio/VAD/vit-features/train/normal/industrial_normal_less/hd721_all__4.npy,Normal
Pistachio/VAD/vit-features/train/normal/indoor_normal_less/000000038356_all__0.npy,Normal
Pistachio/VAD/vit-features/train/normal/outdoor_normal_less/000000007764_all__6.npy,Normal
Pistachio/VAD/vit-features/train/normal/outdoor_normal_less/000000022647_all__7.npy,Normal
Pistachio/VAD/vit-features/train/normal/indoor_normal_less/000000056940_all__2.npy,Normal
Pistachio/VAD/vit-features/train/anomaly/indoor_anomaly_more/weapons_incident/000000007680_all__7.npy,weapons_incident
Pistachio/VAD/vit-features/train/normal/infrastructure_normal_less/000000281778_all__5.npy,Normal
Pistachio/VAD/vit-features/train/normal/indoor_normal_less/000000022663_all__0.npy,Normal
Pistachio/VAD/vit-features/train/normal/commercial_normal_less/000000049492_all__3.npy,Normal
Pistachio/VAD/vit-features/train/normal/indoor_normal_less/000000137791_all__3.npy,Normal
Pistachio/VAD/vit-features/train/normal/indoor_normal_less/000000022707_all__2.npy,Normal
Pistachio/VAD/vit-features/train/normal/road_normal_less/000000051350_all__6.npy,Normal
Pistachio/VAD/vit-features/train/anomaly/infrastructure_anomaly_more/weapons_incident/000000011864_all__3.npy,weapons_incident
Pistachio/VAD/vit-features/train/normal/indoor_normal_less/000000038356_all__8.npy,Normal
Pistachio/VAD/vit-features/train/normal/indoor_normal_more/000000336584_all__7.npy,Normal
Pistachio/VAD/vit-features/train/anomaly/road_anomaly_less/weapons_incident/000000284544_all__7.npy,weapons_incident
Pistachio/VAD/vit-features/train/normal/indoor_normal_more/000000323095_all__6.npy,Normal
Pistachio/VAD/vit-features/train/normal/industrial_normal_less/hd534_all__2.npy,Normal
Pistachio/VAD/vit-features/train/anomaly/outdoor_anomaly_less/weapons_incident/000000034560_all__6.npy,weapons_incident
Pistachio/VAD/vit-features/train/anomaly/commercial_anomaly_less/weapons_incident/000000350834_all__4.npy,weapons_incident
Pistachio/VAD/vit-features/train/normal/commercial_normal_less/000000025966_all__1.npy,Normal
Pistachio/VAD/vit-features/train/normal/indoor_normal_less/000000027580_all__3.npy,Normal
Pistachio/VAD/vit-features/train/normal/commercial_normal_less/000000287812_all__9.npy,Normal
Pistachio/VAD/vit-features/train/normal/infrastructure_normal_less/000000101291_all__3.npy,Normal
Pistachio/VAD/vit-features/train/anomaly/infrastructure_anomaly_more/weapons_incident/000000067402_all__7.npy,weapons_incident
Pistachio/VAD/vit-features/train/anomaly/commercial_anomaly_less/weapons_incident/000000350834_all__0.npy,weapons_incident
Pistachio/VAD/vit-features/train/normal/road_normal_less/000000025781_all__7.npy,Normal
Pistachio/VAD/vit-features/train/normal/industrial_normal_less/hd008_all__6.npy,Normal
Pistachio/VAD/vit-features/train/anomaly/road_anomaly_more/weapons_incident/000000284434_all__4.npy,weapons_incident
Pistachio/VAD/vit-features/train/normal/road_normal_less/000000035531_all__0.npy,Normal
Pistachio/VAD/vit-features/train/normal/industrial_normal_more/000000052552_all__6.npy,Normal
Pistachio/VAD/vit-features/train/anomaly/infrastructure_anomaly_less/weapons_incident/000000067402_all__7.npy,weapons_incident
Pistachio/VAD/vit-features/train/normal/industrial_normal_more/hd249_all__2.npy,Normal
Pistachio/VAD/vit-features/train/normal/industrial_normal_less/hd445_all__3.npy,Normal
Pistachio/VAD/vit-features/train/anomaly/infrastructure_anomaly_less/weapons_incident/000000011864_all__4.npy,weapons_incident
Pistachio/VAD/vit-features/train/anomaly/road_anomaly_more/weapons_incident/000000142049_all__9.npy,weapons_incident
Pistachio/VAD/vit-features/train/normal/commercial_normal_less/000000051069_all__4.npy,Normal
Pistachio/VAD/vit-features/train/normal/industrial_normal_less/hd555_all__9.npy,Normal
Pistachio/VAD/vit-features/train/normal/outdoor_normal_less/000000018855_all__5.npy,Normal
Pistachio/VAD/vit-features/train/normal/outdoor_normal_more/000000179196_all__3.npy,Normal
Pistachio/VAD/vit-features/train/normal/indoor_normal_less/000000233228_all__0.npy,Normal
Pistachio/VAD/vit-features/train/normal/outdoor_normal_less/hd515_all__1.npy,Normal
Pistachio/VAD/vit-features/train/normal/industrial_normal_less/hd797_all__5.npy,Normal
Pistachio/VAD/vit-features/train/normal/indoor_normal_more/000000341022_all__5.npy,Normal
Pistachio/VAD/vit-features/train/normal/indoor_normal_less/000000231620_all__9.npy,Normal
Pistachio/VAD/vit-features/train/normal/indoor_normal_more/000000574233_all__5.npy,Normal
Pistachio/VAD/vit-features/train/anomaly/infrastructure_anomaly_less/weapons_incident/000000067402_all__1.npy,weapons_incident
Pistachio/VAD/vit-features/train/anomaly/indoor_anomaly_more/weapons_incident/000000009526_all__0.npy,weapons_incident
Pistachio/VAD/vit-features/train/normal/road_normal_less/000000033724_all__9.npy,Normal
Pistachio/VAD/vit-features/train/anomaly/road_anomaly_less/weapons_incident/000000285051_all__5.npy,weapons_incident
Pistachio/VAD/vit-features/train/anomaly/road_anomaly_less/weapons_incident/000000283034_all__8.npy,weapons_incident
Pistachio/VAD/vit-features/train/normal/industrial_normal_less/hd572_all__1.npy,Normal
Pistachio/VAD/vit-features/train/normal/industrial_normal_less/hd437_all__6.npy,Normal
Pistachio/VAD/vit-features/train/anomaly/infrastructure_anomaly_less/weapons_incident/000000063541_all__3.npy,weapons_incident
Pistachio/VAD/vit-features/train/normal/road_normal_less/000000013846_all__3.npy,Normal
Pistachio/VAD/vit-features/train/normal/infrastructure_normal_more/000000414626_all__7.npy,Normal
Pistachio/VAD/vit-features/train/normal/indoor_normal_less/000000017211_all__2.npy,Normal
Pistachio/VAD/vit-features/train/normal/road_normal_more/000000138709_all__7.npy,Normal
Pistachio/VAD/vit-features/train/normal/outdoor_normal_more/000000140723_all__9.npy,Normal
Pistachio/VAD/vit-features/train/normal/outdoor_normal_more/000000139295_all__0.npy,Normal
Pistachio/VAD/vit-features/train/anomaly/infrastructure_anomaly_more/weapons_incident/000000011864_all__5.npy,weapons_incident
Pistachio/VAD/vit-features/train/anomaly/outdoor_anomaly_less/weapons_incident/000000030043_all__9.npy,weapons_incident
Pistachio/VAD/vit-features/train/normal/infrastructure_normal_less/000000240066_all__4.npy,Normal
Pistachio/VAD/vit-features/train/normal/road_normal_less/000000022247_all__2.npy,Normal
Pistachio/VAD/vit-features/train/anomaly/commercial_anomaly_more/weapons_incident/000000012089_all__9.npy,weapons_incident
Pistachio/VAD/vit-features/train/anomaly/commercial_anomaly_less/weapons_incident/000000377654_all__9.npy,weapons_incident
Pistachio/VAD/vit-features/train/normal/indoor_normal_less/000000020699_all__6.npy,Normal
Pistachio/VAD/vit-features/train/normal/infrastructure_normal_less/000000453081_all__2.npy,Normal
Pistachio/VAD/vit-features/train/anomaly/commercial_anomaly_more/weapons_incident/000000012089_all__2.npy,weapons_incident
Pistachio/VAD/vit-features/train/anomaly/road_anomaly_more/weapons_incident/000000518449_all__9.npy,weapons_incident
Pistachio/VAD/vit-features/train/normal/outdoor_normal_less/000000017857_all__4.npy,Normal
Pistachio/VAD/vit-features/train/anomaly/commercial_anomaly_less/weapons_incident/000000366758_all__6.npy,weapons_incident
Pistachio/VAD/vit-features/train/normal/indoor_normal_less/000000214422_all__7.npy,Normal
Pistachio/VAD/vit-features/train/anomaly/road_anomaly_less/weapons_incident/000000284549_all__9.npy,weapons_incident
Pistachio/VAD/vit-features/train/normal/industrial_normal_less/hd170_all__0.npy,Normal
Pistachio/VAD/vit-features/train/anomaly/infrastructure_anomaly_more/weapons_incident/000000011864_all__4.npy,weapons_incident
Pistachio/VAD/vit-features/train/normal/outdoor_normal_less/000000022243_all__6.npy,Normal
Pistachio/VAD/vit-features/train/normal/infrastructure_normal_less/237_jpg.rf.2903c7a88b98d94076c0183aad793639_all__8.npy,Normal
Pistachio/VAD/vit-features/train/normal/road_normal_less/000000024675_all__0.npy,Normal
Pistachio/VAD/vit-features/train/normal/indoor_normal_less/000000058228_all__8.npy,Normal
Pistachio/VAD/vit-features/train/normal/industrial_normal_less/hd681_all__1.npy,Normal
Pistachio/VAD/vit-features/train/anomaly/road_anomaly_more/weapons_incident/000000274838_all__9.npy,weapons_incident
Pistachio/VAD/vit-features/train/normal/outdoor_normal_less/4AROS76UZCFS_all__1.npy,Normal
Pistachio/VAD/vit-features/train/normal/commercial_normal_more/000000128593_all__4.npy,Normal
Pistachio/VAD/vit-features/train/normal/indoor_normal_less/000000204016_all__4.npy,Normal
Pistachio/VAD/vit-features/train/normal/industrial_normal_less/hd826_all__0.npy,Normal
Pistachio/VAD/vit-features/train/anomaly/outdoor_anomaly_less/weapons_incident/000000030435_all__1.npy,weapons_incident
Pistachio/VAD/vit-features/train/anomaly/infrastructure_anomaly_less/weapons_incident/000000067402_all__2.npy,weapons_incident
Pistachio/VAD/vit-features/train/normal/commercial_normal_more/000000138058_all__9.npy,Normal
Pistachio/VAD/vit-features/train/normal/road_normal_less/000000020099_all__8.npy,Normal
Pistachio/VAD/vit-features/train/anomaly/indoor_anomaly_less/weapons_incident/000000027847_all__8.npy,weapons_incident
Pistachio/VAD/vit-features/train/anomaly/indoor_anomaly_more/weapons_incident/000000007680_all__3.npy,weapons_incident
Pistachio/VAD/vit-features/train/normal/industrial_normal_less/hd388_all__9.npy,Normal
Pistachio/VAD/vit-features/train/anomaly/road_anomaly_less/weapons_incident/000000283834_all__4.npy,weapons_incident
Pistachio/VAD/vit-features/train/normal/infrastructure_normal_less/VQ4K4MGRDRZW_all__4.npy,Normal
Pistachio/VAD/vit-features/train/normal/infrastructure_normal_less/000000060652_all__5.npy,Normal
Pistachio/VAD/vit-features/train/anomaly/infrastructure_anomaly_less/weapons_incident/000000291338_all__9.npy,weapons_incident
Pistachio/VAD/vit-features/train/normal/infrastructure_normal_less/segnali-stradali-poster-didattico-indicazioni-ms52pl_jpg.rf.4adff320c0696df607be093f7df9443e_all__7.npy,Normal
Pistachio/VAD/vit-features/train/normal/commercial_normal_less/000000085256_all__7.npy,Normal
Pistachio/VAD/vit-features/train/anomaly/infrastructure_anomaly_more/weapons_incident/000000006923_all__8.npy,weapons_incident
Pistachio/VAD/vit-features/train/normal/infrastructure_normal_less/58W3GI4IA395_all__2.npy,Normal
Pistachio/VAD/vit-features/train/anomaly/road_anomaly_less/weapons_incident/000000283396_all__1.npy,weapons_incident
Pistachio/VAD/vit-features/train/normal/outdoor_normal_less/000000008326_all__4.npy,Normal
Pistachio/VAD/vit-features/train/normal/commercial_normal_more/000000136252_all__2.npy,Normal
Pistachio/VAD/vit-features/train/anomaly/outdoor_anomaly_less/weapons_incident/000000030435_all__3.npy,weapons_incident
Pistachio/VAD/vit-features/train/normal/infrastructure_normal_more/000000521522_all__5.npy,Normal
Pistachio/VAD/vit-features/train/normal/industrial_normal_less/hd662_all__4.npy,Normal
Pistachio/VAD/vit-features/train/anomaly/infrastructure_anomaly_more/weapons_incident/000000010934_all__8.npy,weapons_incident
Pistachio/VAD/vit-features/train/anomaly/infrastructure_anomaly_less/weapons_incident/000000006923_all__2.npy,weapons_incident
Pistachio/VAD/vit-features/train/normal/road_normal_less/000000045906_all__9.npy,Normal
Pistachio/VAD/vit-features/train/anomaly/indoor_anomaly_more/weapons_incident/000000007680_all__6.npy,weapons_incident
Pistachio/VAD/vit-features/train/normal/industrial_normal_less/hd333_all__2.npy,Normal
Pistachio/VAD/vit-features/train/normal/commercial_normal_less/000000357778_all__1.npy,Normal
Pistachio/VAD/vit-features/train/normal/infrastructure_normal_more/000000127354_all__9.npy,Normal
Pistachio/VAD/vit-features/train/anomaly/infrastructure_anomaly_less/weapons_incident/000000009390_all__1.npy,weapons_incident
Pistachio/VAD/vit-features/train/normal/infrastructure_normal_less/XPHMHH0I104I_all__6.npy,Normal
Pistachio/VAD/vit-features/train/normal/industrial_normal_less/hd019_all__6.npy,Normal
Pistachio/VAD/vit-features/train/normal/indoor_normal_more/000000332515_all__9.npy,Normal
Pistachio/VAD/vit-features/train/anomaly/commercial_anomaly_more/weapons_incident/000000272909_all__2.npy,weapons_incident
Pistachio/VAD/vit-features/train/anomaly/road_anomaly_less/weapons_incident/000000285447_all__9.npy,weapons_incident
Pistachio/VAD/vit-features/train/normal/industrial_normal_less/hd267_all__1.npy,Normal
Pistachio/VAD/vit-features/train/anomaly/road_anomaly_less/weapons_incident/000000283481_all__4.npy,weapons_incident
Pistachio/VAD/vit-features/train/normal/industrial_normal_more/hd244_all__2.npy,Normal
Pistachio/VAD/vit-features/train/normal/commercial_normal_less/000000068010_all__2.npy,Normal
Pistachio/VAD/vit-features/train/anomaly/infrastructure_anomaly_more/weapons_incident/000000067402_all__1.npy,weapons_incident
Pistachio/VAD/vit-features/train/normal/outdoor_normal_less/hd541_all__7.npy,Normal
Pistachio/VAD/vit-features/train/anomaly/road_anomaly_less/weapons_incident/000000284952_all__0.npy,weapons_incident
Pistachio/VAD/vit-features/train/anomaly/road_anomaly_more/weapons_incident/000000142049_all__2.npy,weapons_incident
Pistachio/VAD/vit-features/train/normal/road_normal_less/000000014786_all__6.npy,Normal
Pistachio/VAD/vit-features/train/anomaly/road_anomaly_more/weapons_incident/000000274838_all__5.npy,weapons_incident
Pistachio/VAD/vit-features/train/anomaly/outdoor_anomaly_less/weapons_incident/000000031330_all__8.npy,weapons_incident
Pistachio/VAD/vit-features/train/normal/infrastructure_normal_less/em3_jpg.rf.7e6bf512de9ef4c13a97be2f776e6783_all__0.npy,Normal
Pistachio/VAD/vit-features/train/normal/outdoor_normal_less/hd6781_all__2.npy,Normal
Pistachio/VAD/vit-features/train/anomaly/infrastructure_anomaly_less/weapons_incident/000000011864_all__7.npy,weapons_incident
Pistachio/VAD/vit-features/train/normal/commercial_normal_less/000000044249_all__3.npy,Normal
Pistachio/VAD/vit-features/train/normal/indoor_normal_more/000000336815_all__6.npy,Normal
Pistachio/VAD/vit-features/train/normal/road_normal_less/000000050390_all__1.npy,Normal
Pistachio/VAD/vit-features/train/normal/road_normal_more/000000138058_all__5.npy,Normal
Pistachio/VAD/vit-features/train/normal/commercial_normal_less/000000365992_all__3.npy,Normal
Pistachio/VAD/vit-features/train/normal/road_normal_less/000000050656_all__7.npy,Normal
Pistachio/VAD/vit-features/train/anomaly/commercial_anomaly_less/weapons_incident/000000366758_all__3.npy,weapons_incident
Pistachio/VAD/vit-features/train/anomaly/road_anomaly_less/weapons_incident/000000283791_all__3.npy,weapons_incident
Pistachio/VAD/vit-features/train/normal/industrial_normal_less/hd353_all__7.npy,Normal
Pistachio/VAD/vit-features/train/normal/road_normal_less/000000028055_all__9.npy,Normal
Pistachio/VAD/vit-features/train/normal/indoor_normal_more/000000341392_all__4.npy,Normal
Pistachio/VAD/vit-features/train/normal/commercial_normal_less/000000041177_all__6.npy,Normal
Pistachio/VAD/vit-features/train/normal/commercial_normal_less/000000231579_all__9.npy,Normal
Pistachio/VAD/vit-features/train/anomaly/commercial_anomaly_less/weapons_incident/000000350834_all__3.npy,weapons_incident
Pistachio/VAD/vit-features/train/anomaly/indoor_anomaly_less/weapons_incident/000000027847_all__1.npy,weapons_incident
Pistachio/VAD/vit-features/train/anomaly/road_anomaly_more/weapons_incident/000000270837_all__9.npy,weapons_incident
Pistachio/VAD/vit-features/train/normal/indoor_normal_more/000000308682_all__3.npy,Normal
Pistachio/VAD/vit-features/train/anomaly/outdoor_anomaly_less/weapons_incident/000000034560_all__9.npy,weapons_incident
Pistachio/VAD/vit-features/train/normal/road_normal_less/000000038459_all__1.npy,Normal
Pistachio/VAD/vit-features/train/anomaly/road_anomaly_less/weapons_incident/000000284549_all__1.npy,weapons_incident
Pistachio/VAD/vit-features/train/anomaly/outdoor_anomaly_less/weapons_incident/000000030043_all__7.npy,weapons_incident
Pistachio/VAD/vit-features/train/normal/infrastructure_normal_less/17O5K9IX2MS6_all__0.npy,Normal
Pistachio/VAD/vit-features/train/normal/industrial_normal_less/hd240_all__7.npy,Normal
Pistachio/VAD/vit-features/train/normal/infrastructure_normal_less/em5_jpg.rf.2d4f2bf19599f231160b073b57c09e08_all__6.npy,Normal
Pistachio/VAD/vit-features/train/normal/industrial_normal_less/hd422_all__4.npy,Normal
Pistachio/VAD/vit-features/train/normal/indoor_normal_less/000000222072_all__6.npy,Normal
Pistachio/VAD/vit-features/train/normal/outdoor_normal_less/PFGN1HYLZQUT_all__2.npy,Normal
Pistachio/VAD/vit-features/train/normal/commercial_normal_less/000000042660_all__4.npy,Normal
Pistachio/VAD/vit-features/train/normal/commercial_normal_more/000000132927_all__7.npy,Normal
Pistachio/VAD/vit-features/train/anomaly/road_anomaly_more/weapons_incident/000000518449_all__6.npy,weapons_incident
Pistachio/VAD/vit-features/train/anomaly/road_anomaly_less/weapons_incident/000000285576_all__5.npy,weapons_incident
Pistachio/VAD/vit-features/train/normal/industrial_normal_less/hd666_all__8.npy,Normal
Pistachio/VAD/vit-features/train/anomaly/road_anomaly_more/weapons_incident/000000274838_all__3.npy,weapons_incident
Pistachio/VAD/vit-features/train/normal/road_normal_less/000000019847_all__7.npy,Normal
Pistachio/VAD/vit-features/train/anomaly/infrastructure_anomaly_less/weapons_incident/000000006923_all__1.npy,weapons_incident
Pistachio/VAD/vit-features/train/anomaly/road_anomaly_less/weapons_incident/000000285051_all__7.npy,weapons_incident
Pistachio/VAD/vit-features/train/anomaly/infrastructure_anomaly_more/weapons_incident/000000010934_all__3.npy,weapons_incident
Pistachio/VAD/vit-features/train/normal/commercial_normal_more/000000133198_all__4.npy,Normal
Pistachio/VAD/vit-features/train/anomaly/road_anomaly_more/weapons_incident/000000142049_all__8.npy,weapons_incident
Pistachio/VAD/vit-features/train/anomaly/commercial_anomaly_more/weapons_incident/000000012089_all__6.npy,weapons_incident
Pistachio/VAD/vit-features/train/anomaly/road_anomaly_less/weapons_incident/000000283396_all__4.npy,weapons_incident
Pistachio/VAD/vit-features/train/anomaly/road_anomaly_less/weapons_incident/000000283834_all__3.npy,weapons_incident
Pistachio/VAD/vit-features/train/normal/industrial_normal_more/000000169542_all__6.npy,Normal
Pistachio/VAD/vit-features/train/normal/industrial_normal_more/000000070141_all__7.npy,Normal
Pistachio/VAD/vit-features/train/normal/industrial_normal_less/hd665_all__0.npy,Normal
Pistachio/VAD/vit-features/train/anomaly/outdoor_anomaly_less/weapons_incident/000000031330_all__5.npy,weapons_incident
Pistachio/VAD/vit-features/train/normal/outdoor_normal_less/000000008500_all__2.npy,Normal
Pistachio/VAD/vit-features/train/normal/industrial_normal_more/000000086028_all__9.npy,Normal
Pistachio/VAD/vit-features/train/normal/indoor_normal_less/000000075781_all__9.npy,Normal
Pistachio/VAD/vit-features/train/anomaly/infrastructure_anomaly_less/weapons_incident/000000009390_all__7.npy,weapons_incident
Pistachio/VAD/vit-features/train/anomaly/infrastructure_anomaly_more/weapons_incident/000000009347_all__8.npy,weapons_incident
Pistachio/VAD/vit-features/train/normal/road_normal_more/000000128416_all__0.npy,Normal
Pistachio/VAD/vit-features/train/anomaly/indoor_anomaly_less/weapons_incident/000000129127_all__9.npy,weapons_incident
Pistachio/VAD/vit-features/train/anomaly/commercial_anomaly_more/weapons_incident/000000005403_all__3.npy,weapons_incident
Pistachio/VAD/vit-features/train/normal/road_normal_less/000000033951_all__6.npy,Normal
Pistachio/VAD/vit-features/train/normal/indoor_normal_less/000000231336_all__8.npy,Normal
Pistachio/VAD/vit-features/train/anomaly/commercial_anomaly_more/weapons_incident/000000005403_all__8.npy,weapons_incident
Pistachio/VAD/vit-features/train/normal/infrastructure_normal_less/F5T5JW68O3T9_all__9.npy,Normal
Pistachio/VAD/vit-features/train/anomaly/road_anomaly_more/weapons_incident/000000518449_all__4.npy,weapons_incident
Pistachio/VAD/vit-features/train/normal/indoor_normal_more/000000304358_all__2.npy,Normal
Pistachio/VAD/vit-features/train/normal/road_normal_less/000000019988_all__2.npy,Normal
Pistachio/VAD/vit-features/train/anomaly/infrastructure_anomaly_less/weapons_incident/000000009347_all__8.npy,weapons_incident
Pistachio/VAD/vit-features/train/anomaly/indoor_anomaly_less/weapons_incident/000000105378_all__7.npy,weapons_incident
Pistachio/VAD/vit-features/train/normal/commercial_normal_less/000000080825_all__7.npy,Normal
Pistachio/VAD/vit-features/train/anomaly/road_anomaly_less/weapons_incident/000000284216_all__3.npy,weapons_incident
Pistachio/VAD/vit-features/train/normal/outdoor_normal_less/RGC4BKH6MAW3_all__8.npy,Normal
Pistachio/VAD/vit-features/train/normal/infrastructure_normal_less/805_jpg.rf.51253a124f83536436544f4a002805a3_all__4.npy,Normal
Pistachio/VAD/vit-features/train/normal/industrial_normal_less/hd378_all__5.npy,Normal
Pistachio/VAD/vit-features/train/normal/road_normal_less/000000033884_all__7.npy,Normal
Pistachio/VAD/vit-features/train/normal/infrastructure_normal_less/DE0XO9YJY2XZ_all__8.npy,Normal
Pistachio/VAD/vit-features/train/normal/indoor_normal_more/000000330983_all__0.npy,Normal
Pistachio/VAD/vit-features/train/normal/infrastructure_normal_less/SAJE1V99AWI0_all__6.npy,Normal
Pistachio/VAD/vit-features/train/anomaly/infrastructure_anomaly_more/weapons_incident/000000011864_all__9.npy,weapons_incident
Pistachio/VAD/vit-features/train/anomaly/infrastructure_anomaly_more/weapons_incident/000000009390_all__8.npy,weapons_incident
Pistachio/VAD/vit-features/train/anomaly/infrastructure_anomaly_more/weapons_incident/000000010550_all__6.npy,weapons_incident
Pistachio/VAD/vit-features/train/anomaly/infrastructure_anomaly_less/weapons_incident/000000010550_all__7.npy,weapons_incident
Pistachio/VAD/vit-features/train/normal/indoor_normal_more/000000341392_all__3.npy,Normal
Pistachio/VAD/vit-features/train/anomaly/road_anomaly_less/weapons_incident/000000283834_all__1.npy,weapons_incident
Pistachio/VAD/vit-features/train/anomaly/road_anomaly_less/weapons_incident/000000284474_all__6.npy,weapons_incident
Pistachio/VAD/vit-features/train/normal/commercial_normal_less/000000075098_all__2.npy,Normal
Pistachio/VAD/vit-features/train/normal/outdoor_normal_less/hd501_all__7.npy,Normal
Pistachio/VAD/vit-features/train/normal/road_normal_less/000000050693_all__6.npy,Normal
Pistachio/VAD/vit-features/train/normal/road_normal_less/000000193797_all__4.npy,Normal
Pistachio/VAD/vit-features/train/anomaly/commercial_anomaly_less/weapons_incident/000000377654_all__4.npy,weapons_incident
Pistachio/VAD/vit-features/train/anomaly/infrastructure_anomaly_more/weapons_incident/000000067402_all__5.npy,weapons_incident
Pistachio/VAD/vit-features/train/anomaly/commercial_anomaly_less/weapons_incident/000000305847_all__9.npy,weapons_incident
Pistachio/VAD/vit-features/train/anomaly/infrastructure_anomaly_less/weapons_incident/000000006923_all__3.npy,weapons_incident
Pistachio/VAD/vit-features/train/normal/outdoor_normal_less/000000025324_all__5.npy,Normal
Pistachio/VAD/vit-features/train/normal/infrastructure_normal_more/000000245394_all__0.npy,Normal
Pistachio/VAD/vit-features/train/normal/road_normal_less/000000044274_all__6.npy,Normal
Pistachio/VAD/vit-features/train/normal/indoor_normal_more/000000330565_all__2.npy,Normal
Pistachio/VAD/vit-features/train/normal/commercial_normal_less/000000047793_all__2.npy,Normal
Pistachio/VAD/vit-features/train/anomaly/commercial_anomaly_less/weapons_incident/000000319258_all__7.npy,weapons_incident
Pistachio/VAD/vit-features/train/anomaly/indoor_anomaly_more/weapons_incident/000000009526_all__6.npy,weapons_incident
Pistachio/VAD/vit-features/train/normal/industrial_normal_less/hd156_all__7.npy,Normal
Pistachio/VAD/vit-features/train/normal/indoor_normal_less/000000046354_all__7.npy,Normal
Pistachio/VAD/vit-features/train/normal/industrial_normal_less/hd426_all__1.npy,Normal
Pistachio/VAD/vit-features/train/normal/commercial_normal_less/000000077876_all__4.npy,Normal
Pistachio/VAD/vit-features/train/normal/commercial_normal_less/000000077295_all__5.npy,Normal
Pistachio/VAD/vit-features/train/anomaly/road_anomaly_less/weapons_incident/000000284216_all__5.npy,weapons_incident
Pistachio/VAD/vit-features/train/normal/commercial_normal_less/000000075238_all__8.npy,Normal
Pistachio/VAD/vit-features/train/normal/indoor_normal_more/000000331682_all__3.npy,Normal
Pistachio/VAD/vit-features/train/anomaly/infrastructure_anomaly_less/weapons_incident/000000010550_all__5.npy,weapons_incident
Pistachio/VAD/vit-features/train/anomaly/infrastructure_anomaly_more/weapons_incident/000000067402_all__0.npy,weapons_incident
Pistachio/VAD/vit-features/train/normal/industrial_normal_less/hd153_all__0.npy,Normal
Pistachio/VAD/vit-features/train/normal/infrastructure_normal_less/7Y22VZLPXV48_all__7.npy,Normal
Pistachio/VAD/vit-features/train/anomaly/road_anomaly_less/weapons_incident/000000285423_all__2.npy,weapons_incident
Pistachio/VAD/vit-features/train/normal/infrastructure_normal_less/U8K9WPG4NNL3_all__3.npy,Normal
Pistachio/VAD/vit-features/train/normal/infrastructure_normal_less/000000363918_all__0.npy,Normal
Pistachio/VAD/vit-features/train/normal/commercial_normal_less/000000038792_all__7.npy,Normal
Pistachio/VAD/vit-features/train/normal/infrastructure_normal_more/000000273585_all__7.npy,Normal
Pistachio/VAD/vit-features/train/normal/commercial_normal_less/000000049538_all__3.npy,Normal
Pistachio/VAD/vit-features/train/anomaly/commercial_anomaly_less/weapons_incident/000000319258_all__8.npy,weapons_incident
Pistachio/VAD/vit-features/train/anomaly/infrastructure_anomaly_less/weapons_incident/000000010550_all__3.npy,weapons_incident
Pistachio/VAD/vit-features/train/normal/outdoor_normal_less/G0EXB1SYMAYY_all__8.npy,Normal
Pistachio/VAD/vit-features/train/anomaly/infrastructure_anomaly_less/weapons_incident/000000063541_all__7.npy,weapons_incident
Pistachio/VAD/vit-features/train/anomaly/infrastructure_anomaly_less/weapons_incident/000000291338_all__3.npy,weapons_incident
Pistachio/VAD/vit-features/train/anomaly/infrastructure_anomaly_less/weapons_incident/000000009390_all__2.npy,weapons_incident
Pistachio/VAD/vit-features/train/anomaly/commercial_anomaly_more/weapons_incident/000000005403_all__0.npy,weapons_incident
Pistachio/VAD/vit-features/train/normal/indoor_normal_more/000000339542_all__7.npy,Normal
Pistachio/VAD/vit-features/train/normal/infrastructure_normal_less/000000019445_all__9.npy,Normal
Pistachio/VAD/vit-features/train/normal/outdoor_normal_less/000000556123_all__6.npy,Normal
Pistachio/VAD/vit-features/train/normal/outdoor_normal_less/hd572_all__5.npy,Normal
Pistachio/VAD/vit-features/train/anomaly/commercial_anomaly_less/weapons_incident/000000341180_all__4.npy,weapons_incident
Pistachio/VAD/vit-features/train/normal/infrastructure_normal_less/306_jpg.rf.78ee00167eef9655e2dc5fa8f6721c7c_all__1.npy,Normal
Pistachio/VAD/vit-features/train/normal/infrastructure_normal_less/nig2_jpg.rf.eaa9b8aa8a3e058086e602e647d1ee9d_all__9.npy,Normal
Pistachio/VAD/vit-features/train/normal/road_normal_less/000000027462_all__0.npy,Normal
Pistachio/VAD/vit-features/train/normal/road_normal_less/000000024868_all__1.npy,Normal
Pistachio/VAD/vit-features/train/normal/road_normal_less/000000053105_all__4.npy,Normal
Pistachio/VAD/vit-features/train/normal/industrial_normal_less/hd333_all__0.npy,Normal
Pistachio/VAD/vit-features/train/anomaly/road_anomaly_less/weapons_incident/000000285715_all__1.npy,weapons_incident
Pistachio/VAD/vit-features/train/normal/infrastructure_normal_less/AH78M6EFKGK2_all__3.npy,Normal
Pistachio/VAD/vit-features/train/anomaly/road_anomaly_less/weapons_incident/000000283396_all__9.npy,weapons_incident
Pistachio/VAD/vit-features/train/normal/road_normal_less/000000047934_all__6.npy,Normal
Pistachio/VAD/vit-features/train/anomaly/outdoor_anomaly_less/weapons_incident/000000030435_all__7.npy,weapons_incident
Pistachio/VAD/vit-features/train/normal/indoor_normal_less/000000041579_all__1.npy,Normal
Pistachio/VAD/vit-features/train/anomaly/road_anomaly_more/weapons_incident/000000284434_all__3.npy,weapons_incident
Pistachio/VAD/vit-features/train/normal/indoor_normal_less/000000022663_all__5.npy,Normal
Pistachio/VAD/vit-features/train/normal/infrastructure_normal_less/n34_jpg.rf.cde7e72bd4380b6161aa41e39b3de99c_all__2.npy,Normal
Pistachio/VAD/vit-features/train/anomaly/road_anomaly_less/weapons_incident/000000284216_all__9.npy,weapons_incident
Pistachio/VAD/vit-features/train/normal/outdoor_normal_less/hd6661_all__9.npy,Normal
Pistachio/VAD/vit-features/train/normal/commercial_normal_less/000000473796_all__3.npy,Normal
Pistachio/VAD/vit-features/train/normal/commercial_normal_less/000000027054_all__4.npy,Normal
Pistachio/VAD/vit-features/train/normal/commercial_normal_less/000000041495_all__6.npy,Normal
Pistachio/VAD/vit-features/train/normal/industrial_normal_more/hd232_all__6.npy,Normal
Pistachio/VAD/vit-features/train/normal/industrial_normal_less/hd137_all__0.npy,Normal
Pistachio/VAD/vit-features/train/anomaly/commercial_anomaly_more/weapons_incident/000000272845_all__9.npy,weapons_incident
Pistachio/VAD/vit-features/train/anomaly/infrastructure_anomaly_less/weapons_incident/000000291338_all__7.npy,weapons_incident
Pistachio/VAD/vit-features/train/normal/infrastructure_normal_more/000000207312_all__2.npy,Normal
Pistachio/VAD/vit-features/train/normal/industrial_normal_more/hd348_all__0.npy,Normal
Pistachio/VAD/vit-features/train/normal/commercial_normal_more/000000133600_all__1.npy,Normal
Pistachio/VAD/vit-features/train/normal/outdoor_normal_less/000000022800_all__8.npy,Normal
Pistachio/VAD/vit-features/train/normal/infrastructure_normal_less/000000088319_all__0.npy,Normal
Pistachio/VAD/vit-features/train/normal/road_normal_more/000000136112_all__5.npy,Normal
Pistachio/VAD/vit-features/train/anomaly/infrastructure_anomaly_more/weapons_incident/000000010550_all__8.npy,weapons_incident
Pistachio/VAD/vit-features/train/anomaly/infrastructure_anomaly_more/weapons_incident/000000009390_all__1.npy,weapons_incident
Pistachio/VAD/vit-features/train/normal/industrial_normal_less/hd654_all__1.npy,Normal
Pistachio/VAD/vit-features/train/normal/industrial_normal_less/hd653_all__1.npy,Normal
Pistachio/VAD/vit-features/train/normal/road_normal_less/000000024865_all__6.npy,Normal
Pistachio/VAD/vit-features/train/normal/road_normal_less/000000031399_all__9.npy,Normal
Pistachio/VAD/vit-features/train/normal/industrial_normal_less/hd351_all__2.npy,Normal
Pistachio/VAD/vit-features/train/normal/industrial_normal_less/hd397_all__8.npy,Normal
Pistachio/VAD/vit-features/train/anomaly/commercial_anomaly_less/weapons_incident/000000295913_all__9.npy,weapons_incident
Pistachio/VAD/vit-features/train/normal/industrial_normal_less/hd858_all__7.npy,Normal
Pistachio/VAD/vit-features/train/anomaly/road_anomaly_less/weapons_incident/000000283396_all__7.npy,weapons_incident
Pistachio/VAD/vit-features/train/anomaly/indoor_anomaly_more/weapons_incident/000000009526_all__5.npy,weapons_incident
Pistachio/VAD/vit-features/train/normal/infrastructure_normal_less/n8_jpg.rf.099017e8eb9f3d21228702fec663e0a5_all__2.npy,Normal
Pistachio/VAD/vit-features/train/normal/industrial_normal_less/hd584_all__4.npy,Normal
Pistachio/VAD/vit-features/train/anomaly/indoor_anomaly_less/weapons_incident/000000129127_all__6.npy,weapons_incident
Pistachio/VAD/vit-features/train/normal/outdoor_normal_less/hd6761_all__2.npy,Normal
Pistachio/VAD/vit-features/train/normal/industrial_normal_more/hd012_all__2.npy,Normal
Pistachio/VAD/vit-features/train/normal/commercial_normal_less/000000060555_all__5.npy,Normal
Pistachio/VAD/vit-features/train/anomaly/road_anomaly_less/weapons_incident/000000285423_all__3.npy,weapons_incident
Pistachio/VAD/vit-features/train/normal/road_normal_less/000000040976_all__6.npy,Normal
Pistachio/VAD/vit-features/train/normal/road_normal_less/000000046179_all__3.npy,Normal
Pistachio/VAD/vit-features/train/normal/indoor_normal_less/000000225292_all__4.npy,Normal
Pistachio/VAD/vit-features/train/normal/road_normal_more/000000136113_all__3.npy,Normal
Pistachio/VAD/vit-features/train/normal/indoor_normal_more/000000314230_all__8.npy,Normal
Pistachio/VAD/vit-features/train/normal/commercial_normal_less/000000052046_all__2.npy,Normal
Pistachio/VAD/vit-features/train/normal/outdoor_normal_less/000000556123_all__8.npy,Normal
Pistachio/VAD/vit-features/train/normal/commercial_normal_less/000000026412_all__2.npy,Normal
Pistachio/VAD/vit-features/train/normal/infrastructure_normal_more/000000311825_all__4.npy,Normal
Pistachio/VAD/vit-features/train/normal/commercial_normal_less/000000033865_all__7.npy,Normal
Pistachio/VAD/vit-features/train/normal/outdoor_normal_less/000000018985_all__9.npy,Normal
Pistachio/VAD/vit-features/train/normal/infrastructure_normal_less/LXI9W31DFZ4V_all__9.npy,Normal
Pistachio/VAD/vit-features/train/normal/outdoor_normal_more/000000015118_all__0.npy,Normal
Pistachio/VAD/vit-features/train/normal/industrial_normal_less/hd745_all__8.npy,Normal
Pistachio/VAD/vit-features/train/anomaly/commercial_anomaly_more/weapons_incident/000000272845_all__2.npy,weapons_incident
Pistachio/VAD/vit-features/train/anomaly/indoor_anomaly_less/weapons_incident/000000105378_all__4.npy,weapons_incident
Pistachio/VAD/vit-features/train/anomaly/infrastructure_anomaly_less/weapons_incident/000000009347_all__1.npy,weapons_incident
Pistachio/VAD/vit-features/train/anomaly/indoor_anomaly_more/weapons_incident/000000009526_all__3.npy,weapons_incident
Pistachio/VAD/vit-features/train/anomaly/commercial_anomaly_less/weapons_incident/000000339762_all__7.npy,weapons_incident
Pistachio/VAD/vit-features/train/normal/indoor_normal_less/000000058243_all__1.npy,Normal
Pistachio/VAD/vit-features/train/normal/infrastructure_normal_less/715_jpg.rf.eccb0a439fc8f365f5db4fb9a6299f07_all__6.npy,Normal
Pistachio/VAD/vit-features/train/anomaly/infrastructure_anomaly_more/weapons_incident/000000063541_all__1.npy,weapons_incident
Pistachio/VAD/vit-features/train/anomaly/infrastructure_anomaly_more/weapons_incident/000000005771_all__5.npy,weapons_incident
Pistachio/VAD/vit-features/train/normal/infrastructure_normal_less/000000437046_all__2.npy,Normal
Pistachio/VAD/vit-features/train/anomaly/road_anomaly_less/weapons_incident/000000285051_all__1.npy,weapons_incident
Pistachio/VAD/vit-features/train/normal/industrial_normal_less/hd638_all__6.npy,Normal
Pistachio/VAD/vit-features/train/normal/industrial_normal_more/hd941_all__1.npy,Normal
Pistachio/VAD/vit-features/train/normal/commercial_normal_less/000000080825_all__2.npy,Normal
Pistachio/VAD/vit-features/train/anomaly/outdoor_anomaly_less/weapons_incident/000000030043_all__5.npy,weapons_incident
Pistachio/VAD/vit-features/train/anomaly/road_anomaly_less/weapons_incident/000000283034_all__6.npy,weapons_incident
Pistachio/VAD/vit-features/train/normal/indoor_normal_more/000000310352_all__7.npy,Normal
Pistachio/VAD/vit-features/train/normal/infrastructure_normal_less/rect26_jpg.rf.3d845e40ca4a5fc7458186c465ee659d_all__4.npy,Normal
Pistachio/VAD/vit-features/train/normal/indoor_normal_less/000000065808_all__4.npy,Normal
Pistachio/VAD/vit-features/train/anomaly/commercial_anomaly_less/weapons_incident/000000295913_all__8.npy,weapons_incident
Pistachio/VAD/vit-features/train/anomaly/commercial_anomaly_less/weapons_incident/000000366758_all__8.npy,weapons_incident
Pistachio/VAD/vit-features/train/normal/road_normal_more/000000130359_all__5.npy,Normal
Pistachio/VAD/vit-features/train/normal/infrastructure_normal_more/000000576090_all__5.npy,Normal
Pistachio/VAD/vit-features/train/anomaly/outdoor_anomaly_less/weapons_incident/000000031330_all__9.npy,weapons_incident
Pistachio/VAD/vit-features/train/normal/infrastructure_normal_less/NCK8REL083BO_all__0.npy,Normal
Pistachio/VAD/vit-features/train/normal/outdoor_normal_less/hd624_all__1.npy,Normal
Pistachio/VAD/vit-features/train/normal/indoor_normal_more/000000325465_all__7.npy,Normal
Pistachio/VAD/vit-features/train/anomaly/infrastructure_anomaly_more/weapons_incident/000000005771_all__7.npy,weapons_incident
Pistachio/VAD/vit-features/train/normal/infrastructure_normal_more/000000311825_all__5.npy,Normal
Pistachio/VAD/vit-features/train/normal/infrastructure_normal_less/XVGACQ79YEYP_all__0.npy,Normal
Pistachio/VAD/vit-features/train/normal/outdoor_normal_less/hd623_all__9.npy,Normal
Pistachio/VAD/vit-features/train/anomaly/infrastructure_anomaly_less/weapons_incident/000000009347_all__6.npy,weapons_incident
Pistachio/VAD/vit-features/train/normal/industrial_normal_more/000000480067_all__4.npy,Normal
Pistachio/VAD/vit-features/train/normal/indoor_normal_less/000000205051_all__8.npy,Normal
Pistachio/VAD/vit-features/train/normal/commercial_normal_less/000000086603_all__3.npy,Normal
Pistachio/VAD/vit-features/train/normal/industrial_normal_less/hd647_all__6.npy,Normal
Pistachio/VAD/vit-features/train/normal/indoor_normal_more/000000339086_all__5.npy,Normal
Pistachio/VAD/vit-features/train/normal/outdoor_normal_less/000000020921_all__7.npy,Normal
Pistachio/VAD/vit-features/train/anomaly/commercial_anomaly_less/weapons_incident/000000319258_all__9.npy,weapons_incident
Pistachio/VAD/vit-features/train/normal/industrial_normal_less/hd198_all__6.npy,Normal
Pistachio/VAD/vit-features/train/normal/infrastructure_normal_less/bv48_jpg.rf.98ac940d303b146dce29bd245768b756_all__8.npy,Normal
Pistachio/VAD/vit-features/train/normal/indoor_normal_less/000000078634_all__0.npy,Normal
Pistachio/VAD/vit-features/train/anomaly/infrastructure_anomaly_less/weapons_incident/000000009347_all__3.npy,weapons_incident
Pistachio/VAD/vit-features/train/anomaly/commercial_anomaly_more/weapons_incident/000000272845_all__3.npy,weapons_incident
Pistachio/VAD/vit-features/train/normal/infrastructure_normal_less/n49_jpg.rf.fcca77dd136fcc3721851c4e5d079b44_all__4.npy,Normal
Pistachio/VAD/vit-features/train/normal/road_normal_less/000000036534_all__5.npy,Normal
Pistachio/VAD/vit-features/train/normal/road_normal_more/000000126069_all__2.npy,Normal
Pistachio/VAD/vit-features/train/normal/commercial_normal_less/000000030881_all__9.npy,Normal
Pistachio/VAD/vit-features/train/normal/road_normal_less/000000032596_all__8.npy,Normal
Pistachio/VAD/vit-features/train/anomaly/road_anomaly_less/weapons_incident/000000284474_all__3.npy,weapons_incident
Pistachio/VAD/vit-features/train/normal/infrastructure_normal_less/n34_jpg.rf.cde7e72bd4380b6161aa41e39b3de99c_all__9.npy,Normal
Pistachio/VAD/vit-features/train/anomaly/road_anomaly_less/weapons_incident/000000283791_all__2.npy,weapons_incident
Pistachio/VAD/vit-features/train/normal/outdoor_normal_less/000000016324_all__9.npy,Normal
Pistachio/VAD/vit-features/train/normal/industrial_normal_less/hd533_all__8.npy,Normal
Pistachio/VAD/vit-features/train/anomaly/road_anomaly_less/weapons_incident/000000283834_all__0.npy,weapons_incident
Pistachio/VAD/vit-features/train/anomaly/commercial_anomaly_less/weapons_incident/000000295913_all__3.npy,weapons_incident
Pistachio/VAD/vit-features/train/anomaly/road_anomaly_more/weapons_incident/000000270837_all__2.npy,weapons_incident
Pistachio/VAD/vit-features/train/anomaly/commercial_anomaly_less/weapons_incident/000000350834_all__9.npy,weapons_incident
Pistachio/VAD/vit-features/train/normal/road_normal_less/000000026511_all__2.npy,Normal
Pistachio/VAD/vit-features/train/normal/road_normal_less/000000027694_all__8.npy,Normal
Pistachio/VAD/vit-features/train/anomaly/road_anomaly_less/weapons_incident/000000284544_all__0.npy,weapons_incident
Pistachio/VAD/vit-features/train/normal/infrastructure_normal_less/300_jpg.rf.23049f32710ce72b78d133723844bb01_all__7.npy,Normal
Pistachio/VAD/vit-features/train/normal/commercial_normal_more/000000128062_all__4.npy,Normal
Pistachio/VAD/vit-features/train/anomaly/road_anomaly_less/weapons_incident/000000284474_all__4.npy,weapons_incident
Pistachio/VAD/vit-features/train/anomaly/commercial_anomaly_less/weapons_incident/000000295913_all__0.npy,weapons_incident
Pistachio/VAD/vit-features/train/normal/infrastructure_normal_less/V7EXKQ29VW99_all__1.npy,Normal
Pistachio/VAD/vit-features/train/anomaly/road_anomaly_less/weapons_incident/000000285576_all__1.npy,weapons_incident
Pistachio/VAD/vit-features/train/anomaly/commercial_anomaly_more/weapons_incident/000000272845_all__8.npy,weapons_incident
Pistachio/VAD/vit-features/train/anomaly/indoor_anomaly_less/weapons_incident/000000027847_all__4.npy,weapons_incident
Pistachio/VAD/vit-features/train/normal/industrial_normal_more/000000170258_all__8.npy,Normal
Pistachio/VAD/vit-features/train/anomaly/infrastructure_anomaly_less/weapons_incident/000000063541_all__6.npy,weapons_incident
Pistachio/VAD/vit-features/train/anomaly/commercial_anomaly_less/weapons_incident/000000295913_all__5.npy,weapons_incident
Pistachio/VAD/vit-features/train/anomaly/indoor_anomaly_less/weapons_incident/000000129127_all__2.npy,weapons_incident
Pistachio/VAD/vit-features/train/normal/outdoor_normal_less/000000017548_all__2.npy,Normal
Pistachio/VAD/vit-features/train/normal/industrial_normal_less/000000506818_all__8.npy,Normal
Pistachio/VAD/vit-features/train/anomaly/outdoor_anomaly_less/weapons_incident/000000030435_all__6.npy,weapons_incident
Pistachio/VAD/vit-features/train/normal/road_normal_less/000000046179_all__5.npy,Normal
Pistachio/VAD/vit-features/train/anomaly/outdoor_anomaly_less/weapons_incident/000000031330_all__3.npy,weapons_incident
Pistachio/VAD/vit-features/train/normal/indoor_normal_less/000000204019_all__4.npy,Normal
Pistachio/VAD/vit-features/train/anomaly/commercial_anomaly_more/weapons_incident/000000272845_all__6.npy,weapons_incident
Pistachio/VAD/vit-features/train/anomaly/indoor_anomaly_less/weapons_incident/000000105378_all__9.npy,weapons_incident
Pistachio/VAD/vit-features/train/normal/industrial_normal_more/000000008997_all__0.npy,Normal
Pistachio/VAD/vit-features/train/normal/road_normal_less/000000012355_all__1.npy,Normal
Pistachio/VAD/vit-features/train/normal/indoor_normal_more/000000332262_all__3.npy,Normal
Pistachio/VAD/vit-features/train/anomaly/road_anomaly_less/weapons_incident/000000284216_all__0.npy,weapons_incident
Pistachio/VAD/vit-features/train/anomaly/road_anomaly_less/weapons_incident/000000283034_all__0.npy,weapons_incident
Pistachio/VAD/vit-features/train/normal/outdoor_normal_more/000000124921_all__5.npy,Normal
Pistachio/VAD/vit-features/train/normal/commercial_normal_less/000000064549_all__8.npy,Normal
Pistachio/VAD/vit-features/train/normal/infrastructure_normal_less/000000269241_all__6.npy,Normal
Pistachio/VAD/vit-features/train/normal/industrial_normal_less/hd829_all__3.npy,Normal
Pistachio/VAD/vit-features/train/normal/industrial_normal_less/hd002_all__7.npy,Normal
Pistachio/VAD/vit-features/train/normal/infrastructure_normal_less/3IHJM5PWVCXP_all__7.npy,Normal
Pistachio/VAD/vit-features/train/normal/indoor_normal_less/000000058274_all__5.npy,Normal
Pistachio/VAD/vit-features/train/normal/industrial_normal_less/hd745_all__7.npy,Normal
Pistachio/VAD/vit-features/train/anomaly/commercial_anomaly_less/weapons_incident/000000341180_all__8.npy,weapons_incident
Pistachio/VAD/vit-features/train/anomaly/infrastructure_anomaly_less/weapons_incident/000000067402_all__3.npy,weapons_incident
Pistachio/VAD/vit-features/train/normal/industrial_normal_more/hd12_all__2.npy,Normal
Pistachio/VAD/vit-features/train/normal/commercial_normal_less/000000030688_all__5.npy,Normal
Pistachio/VAD/vit-features/train/normal/road_normal_less/000000035387_all__3.npy,Normal
Pistachio/VAD/vit-features/train/normal/commercial_normal_less/000000076706_all__8.npy,Normal
Pistachio/VAD/vit-features/train/anomaly/outdoor_anomaly_less/weapons_incident/000000030435_all__9.npy,weapons_incident
Pistachio/VAD/vit-features/train/normal/indoor_normal_more/000000315776_all__6.npy,Normal
Pistachio/VAD/vit-features/train/normal/industrial_normal_more/000000543187_all__5.npy,Normal
Pistachio/VAD/vit-features/train/normal/indoor_normal_less/000000028908_all__6.npy,Normal
Pistachio/VAD/vit-features/train/normal/road_normal_less/000000019556_all__5.npy,Normal
Pistachio/VAD/vit-features/train/normal/road_normal_less/000000029052_all__9.npy,Normal
Pistachio/VAD/vit-features/train/anomaly/road_anomaly_less/weapons_incident/000000284952_all__8.npy,weapons_incident
Pistachio/VAD/vit-features/train/normal/outdoor_normal_less/hd6691_all__2.npy,Normal
Pistachio/VAD/vit-features/train/normal/infrastructure_normal_more/000000424280_all__4.npy,Normal
Pistachio/VAD/vit-features/train/anomaly/road_anomaly_less/weapons_incident/000000284952_all__3.npy,weapons_incident
Pistachio/VAD/vit-features/train/normal/commercial_normal_more/000000124540_all__6.npy,Normal
Pistachio/VAD/vit-features/train/anomaly/infrastructure_anomaly_less/weapons_incident/000000006923_all__0.npy,weapons_incident
Pistachio/VAD/vit-features/train/normal/industrial_normal_less/hd001_all__8.npy,Normal
Pistachio/VAD/vit-features/train/normal/commercial_normal_less/000000062751_all__2.npy,Normal
Pistachio/VAD/vit-features/train/normal/indoor_normal_less/000000219055_all__1.npy,Normal
Pistachio/VAD/vit-features/train/anomaly/infrastructure_anomaly_more/weapons_incident/000000063541_all__3.npy,weapons_incident
Pistachio/VAD/vit-features/train/normal/indoor_normal_less/000000019379_all__5.npy,Normal
Pistachio/VAD/vit-features/train/normal/indoor_normal_less/000000075279_all__0.npy,Normal
Pistachio/VAD/vit-features/train/normal/outdoor_normal_less/000000579058_all__6.npy,Normal
Pistachio/VAD/vit-features/train/normal/infrastructure_normal_more/000000509284_all__6.npy,Normal
Pistachio/VAD/vit-features/train/normal/industrial_normal_less/hd67_all__8.npy,Normal
Pistachio/VAD/vit-features/train/anomaly/road_anomaly_less/weapons_incident/000000284474_all__9.npy,weapons_incident
Pistachio/VAD/vit-features/train/anomaly/infrastructure_anomaly_more/weapons_incident/000000005771_all__2.npy,weapons_incident
Pistachio/VAD/vit-features/train/anomaly/commercial_anomaly_less/weapons_incident/000000350834_all__5.npy,weapons_incident
Pistachio/VAD/vit-features/train/normal/road_normal_less/000000283132_all__6.npy,Normal
Pistachio/VAD/vit-features/train/anomaly/road_anomaly_less/weapons_incident/000000283481_all__0.npy,weapons_incident
Pistachio/VAD/vit-features/train/normal/outdoor_normal_more/000000039636_all__4.npy,Normal
Pistachio/VAD/vit-features/train/normal/road_normal_less/000000012697_all__9.npy,Normal
Pistachio/VAD/vit-features/train/normal/infrastructure_normal_less/R1WNRXI36H05_all__3.npy,Normal
Pistachio/VAD/vit-features/train/anomaly/road_anomaly_less/weapons_incident/000000283791_all__4.npy,weapons_incident
Pistachio/VAD/vit-features/train/normal/road_normal_less/000000020099_all__9.npy,Normal
Pistachio/VAD/vit-features/train/normal/indoor_normal_less/000000204065_all__7.npy,Normal
Pistachio/VAD/vit-features/train/anomaly/indoor_anomaly_more/weapons_incident/000000009526_all__1.npy,weapons_incident
Pistachio/VAD/vit-features/train/normal/indoor_normal_less/000000241713_all__4.npy,Normal
Pistachio/VAD/vit-features/train/normal/industrial_normal_less/hd377_all__4.npy,Normal
Pistachio/VAD/vit-features/train/normal/industrial_normal_less/hd479_all__4.npy,Normal
Pistachio/VAD/vit-features/train/normal/indoor_normal_less/000000037930_all__1.npy,Normal
Pistachio/VAD/vit-features/train/anomaly/commercial_anomaly_more/weapons_incident/000000272909_all__4.npy,weapons_incident
Pistachio/VAD/vit-features/train/anomaly/road_anomaly_more/weapons_incident/000000142049_all__6.npy,weapons_incident
Pistachio/VAD/vit-features/train/normal/indoor_normal_less/000000021519_all__4.npy,Normal
Pistachio/VAD/vit-features/train/anomaly/indoor_anomaly_less/weapons_incident/000000129127_all__4.npy,weapons_incident
Pistachio/VAD/vit-features/train/anomaly/road_anomaly_less/weapons_incident/000000285199_all__6.npy,weapons_incident
Pistachio/VAD/vit-features/train/normal/outdoor_normal_more/000000005896_all__5.npy,Normal
Pistachio/VAD/vit-features/train/anomaly/outdoor_anomaly_less/weapons_incident/000000031330_all__2.npy,weapons_incident
Pistachio/VAD/vit-features/train/normal/outdoor_normal_less/hd572_all__1.npy,Normal
Pistachio/VAD/vit-features/train/anomaly/road_anomaly_less/weapons_incident/000000283034_all__5.npy,weapons_incident
Pistachio/VAD/vit-features/train/normal/outdoor_normal_less/000000016923_all__3.npy,Normal
Pistachio/VAD/vit-features/train/normal/outdoor_normal_less/000000012246_all__3.npy,Normal
Pistachio/VAD/vit-features/train/normal/industrial_normal_less/hd575_all__5.npy,Normal
Pistachio/VAD/vit-features/train/normal/road_normal_less/000000035387_all__9.npy,Normal
Pistachio/VAD/vit-features/train/normal/indoor_normal_less/000000142224_all__2.npy,Normal
Pistachio/VAD/vit-features/train/normal/infrastructure_normal_less/VFIZZ8G78MHL_all__8.npy,Normal
Pistachio/VAD/vit-features/train/normal/outdoor_normal_less/hd527_all__7.npy,Normal
Pistachio/VAD/vit-features/train/normal/industrial_normal_less/hd754_all__4.npy,Normal
Pistachio/VAD/vit-features/train/normal/infrastructure_normal_less/230_jpg.rf.13822c014d133e7cae27792317c5ec1b_all__8.npy,Normal
Pistachio/VAD/vit-features/train/normal/outdoor_normal_less/G7NQUUNXYE9V_all__0.npy,Normal
Pistachio/VAD/vit-features/train/anomaly/road_anomaly_less/weapons_incident/000000285423_all__9.npy,weapons_incident
Pistachio/VAD/vit-features/train/anomaly/infrastructure_anomaly_more/weapons_incident/000000011864_all__6.npy,weapons_incident
Pistachio/VAD/vit-features/train/normal/outdoor_normal_less/4_jpg.rf.21e219a11c54a918cdf109b486ade97f_all__3.npy,Normal
Pistachio/VAD/vit-features/train/anomaly/road_anomaly_less/weapons_incident/000000284549_all__0.npy,weapons_incident
Pistachio/VAD/vit-features/train/normal/outdoor_normal_less/000000033101_all__2.npy,Normal
Pistachio/VAD/vit-features/train/normal/outdoor_normal_less/000000207300_all__6.npy,Normal
Pistachio/VAD/vit-features/train/anomaly/road_anomaly_less/weapons_incident/000000284549_all__5.npy,weapons_incident
Pistachio/VAD/vit-features/train/normal/indoor_normal_less/000000034288_all__7.npy,Normal
Pistachio/VAD/vit-features/train/normal/commercial_normal_more/000000126560_all__7.npy,Normal
Pistachio/VAD/vit-features/train/normal/infrastructure_normal_less/000000371297_all__2.npy,Normal
Pistachio/VAD/vit-features/train/anomaly/infrastructure_anomaly_more/weapons_incident/000000006923_all__2.npy,weapons_incident
Pistachio/VAD/vit-features/train/normal/road_normal_less/000000496971_all__0.npy,Normal
Pistachio/VAD/vit-features/train/anomaly/road_anomaly_less/weapons_incident/000000284474_all__2.npy,weapons_incident
Pistachio/VAD/vit-features/train/normal/infrastructure_normal_less/000000245394_all__8.npy,Normal
Pistachio/VAD/vit-features/train/anomaly/indoor_anomaly_less/weapons_incident/000000105378_all__0.npy,weapons_incident
Pistachio/VAD/vit-features/train/normal/commercial_normal_more/000000133524_all__2.npy,Normal
Pistachio/VAD/vit-features/train/normal/infrastructure_normal_less/000000403125_all__5.npy,Normal
Pistachio/VAD/vit-features/train/anomaly/commercial_anomaly_less/weapons_incident/000000319258_all__6.npy,weapons_incident
Pistachio/VAD/vit-features/train/anomaly/infrastructure_anomaly_more/weapons_incident/000000006923_all__7.npy,weapons_incident
Pistachio/VAD/vit-features/train/normal/commercial_normal_more/000000133932_all__3.npy,Normal
Pistachio/VAD/vit-features/train/normal/commercial_normal_less/000000050928_all__8.npy,Normal
Pistachio/VAD/vit-features/train/normal/road_normal_less/000000040444_all__2.npy,Normal
Pistachio/VAD/vit-features/train/normal/indoor_normal_less/000000026810_all__5.npy,Normal
Pistachio/VAD/vit-features/train/anomaly/infrastructure_anomaly_less/weapons_incident/000000009390_all__4.npy,weapons_incident
Pistachio/VAD/vit-features/train/normal/infrastructure_normal_more/000000308483_all__0.npy,Normal
Pistachio/VAD/vit-features/train/anomaly/road_anomaly_less/weapons_incident/000000285051_all__4.npy,weapons_incident
Pistachio/VAD/vit-features/train/normal/commercial_normal_less/000000067260_all__7.npy,Normal
Pistachio/VAD/vit-features/train/normal/infrastructure_normal_less/000000242456_all__6.npy,Normal
Pistachio/VAD/vit-features/train/normal/commercial_normal_more/000000124984_all__0.npy,Normal
Pistachio/VAD/vit-features/train/normal/industrial_normal_less/hd008_all__4.npy,Normal
Pistachio/VAD/vit-features/train/normal/industrial_normal_more/000000356497_all__3.npy,Normal
Pistachio/VAD/vit-features/train/normal/industrial_normal_more/hd934_all__9.npy,Normal
Pistachio/VAD/vit-features/train/anomaly/road_anomaly_less/weapons_incident/000000284216_all__2.npy,weapons_incident
Pistachio/VAD/vit-features/train/anomaly/commercial_anomaly_less/weapons_incident/000000319258_all__0.npy,weapons_incident
Pistachio/VAD/vit-features/train/normal/indoor_normal_less/000000029025_all__1.npy,Normal
Pistachio/VAD/vit-features/train/normal/outdoor_normal_less/000000016576_all__1.npy,Normal
Pistachio/VAD/vit-features/train/normal/road_normal_less/000000285594_all__4.npy,Normal
Pistachio/VAD/vit-features/train/normal/outdoor_normal_less/2E0B26JIRFNB_all__4.npy,Normal
Pistachio/VAD/vit-features/train/normal/road_normal_less/000000037435_all__4.npy,Normal
Pistachio/VAD/vit-features/train/normal/industrial_normal_less/hd489_all__0.npy,Normal
Pistachio/VAD/vit-features/train/anomaly/commercial_anomaly_less/weapons_incident/000000319258_all__3.npy,weapons_incident
Pistachio/VAD/vit-features/train/normal/commercial_normal_less/000000058183_all__2.npy,Normal
Pistachio/VAD/vit-features/train/normal/indoor_normal_less/000000022502_all__0.npy,Normal
Pistachio/VAD/vit-features/train/normal/commercial_normal_less/000000036799_all__7.npy,Normal
Pistachio/VAD/vit-features/train/anomaly/infrastructure_anomaly_more/weapons_incident/000000005771_all__4.npy,weapons_incident
Pistachio/VAD/vit-features/train/normal/indoor_normal_less/000000029168_all__4.npy,Normal
Pistachio/VAD/vit-features/train/anomaly/infrastructure_anomaly_more/weapons_incident/000000009390_all__9.npy,weapons_incident
Pistachio/VAD/vit-features/train/normal/outdoor_normal_less/000000080027_all__8.npy,Normal
Pistachio/VAD/vit-features/train/normal/road_normal_less/000000022247_all__0.npy,Normal
Pistachio/VAD/vit-features/train/anomaly/infrastructure_anomaly_more/weapons_incident/000000009347_all__3.npy,weapons_incident
Pistachio/VAD/vit-features/train/normal/outdoor_normal_less/hd541_all__5.npy,Normal
Pistachio/VAD/vit-features/train/normal/road_normal_less/000000036387_all__2.npy,Normal
Pistachio/VAD/vit-features/train/normal/indoor_normal_less/000000207226_all__6.npy,Normal
Pistachio/VAD/vit-features/train/normal/road_normal_less/000000044134_all__3.npy,Normal
Pistachio/VAD/vit-features/train/anomaly/indoor_anomaly_more/weapons_incident/000000007680_all__0.npy,weapons_incident
Pistachio/VAD/vit-features/train/normal/commercial_normal_more/000000132455_all__7.npy,Normal
Pistachio/VAD/vit-features/train/normal/industrial_normal_less/hd814_all__6.npy,Normal
Pistachio/VAD/vit-features/train/anomaly/outdoor_anomaly_less/weapons_incident/000000034560_all__7.npy,weapons_incident
Pistachio/VAD/vit-features/train/anomaly/indoor_anomaly_more/weapons_incident/000000007680_all__1.npy,weapons_incident
Pistachio/VAD/vit-features/train/anomaly/road_anomaly_more/weapons_incident/000000142049_all__0.npy,weapons_incident
Pistachio/VAD/vit-features/train/normal/infrastructure_normal_less/DE0XO9YJY2XZ_all__9.npy,Normal
Pistachio/VAD/vit-features/train/normal/outdoor_normal_more/000000138709_all__4.npy,Normal
Pistachio/VAD/vit-features/train/anomaly/infrastructure_anomaly_more/weapons_incident/000000063541_all__6.npy,weapons_incident
Pistachio/VAD/vit-features/train/normal/commercial_normal_less/000000037499_all__9.npy,Normal
Pistachio/VAD/vit-features/train/normal/infrastructure_normal_less/N57N5OV654XH_all__8.npy,Normal
Pistachio/VAD/vit-features/train/normal/infrastructure_normal_less/000000085583_all__1.npy,Normal
Pistachio/VAD/vit-features/train/normal/infrastructure_normal_less/000000297554_all__4.npy,Normal
Pistachio/VAD/vit-features/train/anomaly/road_anomaly_less/weapons_incident/000000285715_all__6.npy,weapons_incident
Pistachio/VAD/vit-features/train/anomaly/indoor_anomaly_more/weapons_incident/000000007680_all__5.npy,weapons_incident
Pistachio/VAD/vit-features/train/anomaly/road_anomaly_more/weapons_incident/000000142049_all__4.npy,weapons_incident
Pistachio/VAD/vit-features/train/normal/commercial_normal_less/000000042936_all__8.npy,Normal
Pistachio/VAD/vit-features/train/normal/indoor_normal_less/000000034914_all__5.npy,Normal
Pistachio/VAD/vit-features/train/anomaly/infrastructure_anomaly_less/weapons_incident/000000010934_all__5.npy,weapons_incident
Pistachio/VAD/vit-features/train/anomaly/commercial_anomaly_more/weapons_incident/000000005403_all__4.npy,weapons_incident
Pistachio/VAD/vit-features/train/normal/road_normal_less/000000038737_all__3.npy,Normal
Pistachio/VAD/vit-features/train/normal/infrastructure_normal_less/Q7QLKVOGF470_all__7.npy,Normal
Pistachio/VAD/vit-features/train/anomaly/commercial_anomaly_more/weapons_incident/000000272845_all__7.npy,weapons_incident
Pistachio/VAD/vit-features/train/normal/commercial_normal_less/000000059420_all__5.npy,Normal
Pistachio/VAD/vit-features/train/normal/road_normal_less/000000025099_all__4.npy,Normal
Pistachio/VAD/vit-features/train/normal/outdoor_normal_more/000000014465_all__8.npy,Normal
Pistachio/VAD/vit-features/train/normal/commercial_normal_less/000000049049_all__8.npy,Normal
Pistachio/VAD/vit-features/train/normal/outdoor_normal_less/000000017620_all__1.npy,Normal
Pistachio/VAD/vit-features/train/normal/indoor_normal_less/000000025726_all__7.npy,Normal
Pistachio/VAD/vit-features/train/anomaly/outdoor_anomaly_less/weapons_incident/000000034560_all__5.npy,weapons_incident
Pistachio/VAD/vit-features/train/normal/road_normal_less/000000051350_all__5.npy,Normal
Pistachio/VAD/vit-features/train/anomaly/road_anomaly_less/weapons_incident/000000285051_all__9.npy,weapons_incident
Pistachio/VAD/vit-features/train/normal/infrastructure_normal_less/n61_jpg.rf.8fe7c57864ab5f18b6c9a33b76fb9f8b_all__6.npy,Normal
Pistachio/VAD/vit-features/train/normal/road_normal_more/000000131158_all__2.npy,Normal
Pistachio/VAD/vit-features/train/normal/indoor_normal_less/000000072347_all__8.npy,Normal
Pistachio/VAD/vit-features/train/normal/industrial_normal_less/hd922_all__3.npy,Normal
Pistachio/VAD/vit-features/train/anomaly/outdoor_anomaly_less/weapons_incident/000000030043_all__3.npy,weapons_incident
Pistachio/VAD/vit-features/train/anomaly/road_anomaly_more/weapons_incident/000000535754_all__8.npy,weapons_incident
Pistachio/VAD/vit-features/train/normal/commercial_normal_less/000000071494_all__0.npy,Normal
Pistachio/VAD/vit-features/train/normal/infrastructure_normal_less/000000235892_all__1.npy,Normal
Pistachio/VAD/vit-features/train/anomaly/road_anomaly_more/weapons_incident/000000284434_all__2.npy,weapons_incident
Pistachio/VAD/vit-features/train/anomaly/commercial_anomaly_less/weapons_incident/000000341180_all__6.npy,weapons_incident
Pistachio/VAD/vit-features/train/normal/infrastructure_normal_less/000000412213_all__7.npy,Normal
Pistachio/VAD/vit-features/train/anomaly/road_anomaly_less/weapons_incident/000000283034_all__4.npy,weapons_incident
Pistachio/VAD/vit-features/train/normal/commercial_normal_less/000000040505_all__7.npy,Normal
Pistachio/VAD/vit-features/train/anomaly/infrastructure_anomaly_more/weapons_incident/000000009390_all__4.npy,weapons_incident
Pistachio/VAD/vit-features/train/normal/indoor_normal_less/000000058274_all__7.npy,Normal
Pistachio/VAD/vit-features/train/normal/indoor_normal_less/000000203961_all__8.npy,Normal
Pistachio/VAD/vit-features/train/normal/outdoor_normal_less/hd619_all__2.npy,Normal
Pistachio/VAD/vit-features/train/normal/industrial_normal_more/000000271995_all__4.npy,Normal
Pistachio/VAD/vit-features/train/normal/indoor_normal_less/000000092864_all__7.npy,Normal
Pistachio/VAD/vit-features/train/normal/commercial_normal_less/000000045686_all__8.npy,Normal
Pistachio/VAD/vit-features/train/normal/indoor_normal_more/000000322387_all__7.npy,Normal
Pistachio/VAD/vit-features/train/normal/outdoor_normal_less/000000012879_all__4.npy,Normal
Pistachio/VAD/vit-features/train/anomaly/infrastructure_anomaly_more/weapons_incident/000000010934_all__5.npy,weapons_incident
Pistachio/VAD/vit-features/train/normal/indoor_normal_less/000000019792_all__5.npy,Normal
Pistachio/VAD/vit-features/train/normal/road_normal_less/000000015758_all__8.npy,Normal
Pistachio/VAD/vit-features/train/normal/indoor_normal_less/000000036706_all__5.npy,Normal
Pistachio/VAD/vit-features/train/anomaly/commercial_anomaly_less/weapons_incident/000000341180_all__5.npy,weapons_incident
Pistachio/VAD/vit-features/train/anomaly/indoor_anomaly_less/weapons_incident/000000129127_all__0.npy,weapons_incident
Pistachio/VAD/vit-features/train/normal/commercial_normal_less/000000030111_all__0.npy,Normal
Pistachio/VAD/vit-features/train/anomaly/infrastructure_anomaly_less/weapons_incident/000000291338_all__0.npy,weapons_incident
Pistachio/VAD/vit-features/train/normal/infrastructure_normal_more/000000241627_all__6.npy,Normal
Pistachio/VAD/vit-features/train/anomaly/commercial_anomaly_less/weapons_incident/000000339762_all__3.npy,weapons_incident
Pistachio/VAD/vit-features/train/anomaly/road_anomaly_less/weapons_incident/000000285051_all__8.npy,weapons_incident
Pistachio/VAD/vit-features/train/anomaly/commercial_anomaly_more/weapons_incident/000000272909_all__6.npy,weapons_incident
Pistachio/VAD/vit-features/train/anomaly/road_anomaly_less/weapons_incident/000000285576_all__6.npy,weapons_incident
Pistachio/VAD/vit-features/train/anomaly/commercial_anomaly_more/weapons_incident/000000272909_all__7.npy,weapons_incident
Pistachio/VAD/vit-features/train/normal/road_normal_less/000000035600_all__4.npy,Normal
Pistachio/VAD/vit-features/train/normal/outdoor_normal_less/FSZVLQONATT2_all__7.npy,Normal
Pistachio/VAD/vit-features/train/normal/indoor_normal_more/000000322346_all__2.npy,Normal
Pistachio/VAD/vit-features/train/anomaly/infrastructure_anomaly_less/weapons_incident/000000006923_all__4.npy,weapons_incident
Pistachio/VAD/vit-features/train/normal/indoor_normal_less/000000018906_all__2.npy,Normal
Pistachio/VAD/vit-features/train/normal/industrial_normal_less/hd10_all__0.npy,Normal
Pistachio/VAD/vit-features/train/normal/indoor_normal_less/000000215846_all__9.npy,Normal
Pistachio/VAD/vit-features/train/anomaly/commercial_anomaly_less/weapons_incident/000000377654_all__0.npy,weapons_incident
Pistachio/VAD/vit-features/train/anomaly/road_anomaly_less/weapons_incident/000000283481_all__1.npy,weapons_incident
Pistachio/VAD/vit-features/train/normal/commercial_normal_less/000000040528_all__4.npy,Normal
Pistachio/VAD/vit-features/train/anomaly/road_anomaly_more/weapons_incident/000000270837_all__7.npy,weapons_incident
Pistachio/VAD/vit-features/train/anomaly/commercial_anomaly_less/weapons_incident/000000295913_all__7.npy,weapons_incident
Pistachio/VAD/vit-features/train/normal/industrial_normal_less/hd649_all__8.npy,Normal
Pistachio/VAD/vit-features/train/normal/outdoor_normal_more/000000124276_all__8.npy,Normal
Pistachio/VAD/vit-features/train/normal/indoor_normal_less/000000023543_all__0.npy,Normal
Pistachio/VAD/vit-features/train/normal/indoor_normal_more/000000311576_all__7.npy,Normal
Pistachio/VAD/vit-features/train/normal/infrastructure_normal_less/n71_jpeg.rf.c8265d2b9baaf1f6157a73a03b52f155_all__4.npy,Normal
Pistachio/VAD/vit-features/train/normal/indoor_normal_less/000000041579_all__4.npy,Normal
Pistachio/VAD/vit-features/train/normal/indoor_normal_less/000000059111_all__2.npy,Normal
Pistachio/VAD/vit-features/train/normal/indoor_normal_less/000000077021_all__1.npy,Normal
Pistachio/VAD/vit-features/train/anomaly/road_anomaly_less/weapons_incident/000000284952_all__7.npy,weapons_incident
Pistachio/VAD/vit-features/train/normal/outdoor_normal_less/000000021239_all__4.npy,Normal
Pistachio/VAD/vit-features/train/anomaly/outdoor_anomaly_less/weapons_incident/000000034560_all__1.npy,weapons_incident
Pistachio/VAD/vit-features/train/normal/industrial_normal_more/000000192404_all__5.npy,Normal
Pistachio/VAD/vit-features/train/anomaly/indoor_anomaly_less/weapons_incident/000000027847_all__0.npy,weapons_incident
Pistachio/VAD/vit-features/train/normal/commercial_normal_less/000000034767_all__3.npy,Normal
Pistachio/VAD/vit-features/train/normal/outdoor_normal_less/000000019077_all__5.npy,Normal
Pistachio/VAD/vit-features/train/anomaly/commercial_anomaly_less/weapons_incident/000000305847_all__5.npy,weapons_incident
Pistachio/VAD/vit-features/train/anomaly/commercial_anomaly_less/weapons_incident/000000295913_all__4.npy,weapons_incident
Pistachio/VAD/vit-features/train/anomaly/road_anomaly_less/weapons_incident/000000283396_all__8.npy,weapons_incident
Pistachio/VAD/vit-features/train/anomaly/infrastructure_anomaly_more/weapons_incident/000000010550_all__5.npy,weapons_incident
Pistachio/VAD/vit-features/train/anomaly/road_anomaly_less/weapons_incident/000000283396_all__0.npy,weapons_incident
Pistachio/VAD/vit-features/train/normal/industrial_normal_more/hd126_all__3.npy,Normal
Pistachio/VAD/vit-features/train/normal/outdoor_normal_less/000000017784_all__7.npy,Normal
Pistachio/VAD/vit-features/train/normal/commercial_normal_less/000000069674_all__6.npy,Normal
Pistachio/VAD/vit-features/train/anomaly/road_anomaly_less/weapons_incident/000000285423_all__6.npy,weapons_incident
Pistachio/VAD/vit-features/train/normal/road_normal_more/000000136794_all__4.npy,Normal
Pistachio/VAD/vit-features/train/normal/road_normal_less/000000041327_all__1.npy,Normal
Pistachio/VAD/vit-features/train/normal/indoor_normal_less/000000203757_all__7.npy,Normal
Pistachio/VAD/vit-features/train/normal/outdoor_normal_less/hd784_all__4.npy,Normal
Pistachio/VAD/vit-features/train/anomaly/commercial_anomaly_less/weapons_incident/000000350834_all__1.npy,weapons_incident
Pistachio/VAD/vit-features/train/anomaly/road_anomaly_less/weapons_incident/000000285199_all__0.npy,weapons_incident
Pistachio/VAD/vit-features/train/anomaly/infrastructure_anomaly_less/weapons_incident/000000291338_all__8.npy,weapons_incident
Pistachio/VAD/vit-features/train/normal/outdoor_normal_more/000000183278_all__9.npy,Normal
Pistachio/VAD/vit-features/train/normal/infrastructure_normal_less/000000152752_all__5.npy,Normal
Pistachio/VAD/vit-features/train/normal/indoor_normal_more/000000325675_all__0.npy,Normal
Pistachio/VAD/vit-features/train/normal/industrial_normal_less/hd714_all__3.npy,Normal
Pistachio/VAD/vit-features/train/normal/indoor_normal_more/000000336456_all__4.npy,Normal
Pistachio/VAD/vit-features/train/anomaly/infrastructure_anomaly_less/weapons_incident/000000010934_all__9.npy,weapons_incident
Pistachio/VAD/vit-features/train/normal/road_normal_more/000000129239_all__1.npy,Normal
Pistachio/VAD/vit-features/train/anomaly/road_anomaly_more/weapons_incident/000000535754_all__2.npy,weapons_incident
Pistachio/VAD/vit-features/train/normal/indoor_normal_less/000000143451_all__6.npy,Normal
Pistachio/VAD/vit-features/train/anomaly/indoor_anomaly_less/weapons_incident/000000105378_all__3.npy,weapons_incident
Pistachio/VAD/vit-features/train/normal/industrial_normal_less/hd756_all__6.npy,Normal
Pistachio/VAD/vit-features/train/normal/infrastructure_normal_less/FP60HGIUY1UB_all__0.npy,Normal
Pistachio/VAD/vit-features/train/anomaly/infrastructure_anomaly_less/weapons_incident/000000063541_all__0.npy,weapons_incident
Pistachio/VAD/vit-features/train/normal/indoor_normal_less/000000017615_all__6.npy,Normal
Pistachio/VAD/vit-features/train/normal/infrastructure_normal_less/000000119301_all__3.npy,Normal
Pistachio/VAD/vit-features/train/normal/indoor_normal_more/000000314191_all__4.npy,Normal
Pistachio/VAD/vit-features/train/anomaly/infrastructure_anomaly_more/weapons_incident/000000063541_all__7.npy,weapons_incident
Pistachio/VAD/vit-features/train/normal/commercial_normal_less/000000129830_all__7.npy,Normal
Pistachio/VAD/vit-features/train/normal/commercial_normal_less/000000034448_all__2.npy,Normal
Pistachio/VAD/vit-features/train/anomaly/infrastructure_anomaly_more/weapons_incident/000000011864_all__8.npy,weapons_incident
Pistachio/VAD/vit-features/train/anomaly/infrastructure_anomaly_more/weapons_incident/000000009347_all__1.npy,weapons_incident
Pistachio/VAD/vit-features/train/anomaly/infrastructure_anomaly_more/weapons_incident/000000067402_all__8.npy,weapons_incident
Pistachio/VAD/vit-features/train/normal/infrastructure_normal_less/rect27_jpg.rf.023f8fcc8731e3c84f161bb93b0f6b60_all__7.npy,Normal
Pistachio/VAD/vit-features/train/normal/infrastructure_normal_less/000000449568_all__5.npy,Normal
Pistachio/VAD/vit-features/train/normal/commercial_normal_less/000000058374_all__9.npy,Normal
Pistachio/VAD/vit-features/train/anomaly/road_anomaly_less/weapons_incident/000000283481_all__2.npy,weapons_incident
Pistachio/VAD/vit-features/train/normal/outdoor_normal_less/BPV1M1BUYJNC_all__1.npy,Normal
Pistachio/VAD/vit-features/train/normal/infrastructure_normal_less/000000065740_all__8.npy,Normal
Pistachio/VAD/vit-features/train/normal/indoor_normal_less/000000229162_all__2.npy,Normal
Pistachio/VAD/vit-features/train/normal/commercial_normal_less/000000026287_all__8.npy,Normal
Pistachio/VAD/vit-features/train/normal/industrial_normal_more/000000009152_all__6.npy,Normal
Pistachio/VAD/vit-features/train/normal/commercial_normal_less/000000039218_all__1.npy,Normal
Pistachio/VAD/vit-features/train/anomaly/commercial_anomaly_less/weapons_incident/000000339762_all__6.npy,weapons_incident
Pistachio/VAD/vit-features/train/normal/infrastructure_normal_more/000000151427_all__4.npy,Normal
Pistachio/VAD/vit-features/train/anomaly/commercial_anomaly_less/weapons_incident/000000366758_all__1.npy,weapons_incident
Pistachio/VAD/vit-features/train/normal/outdoor_normal_less/FSZVLQONATT2_all__6.npy,Normal
Pistachio/VAD/vit-features/train/anomaly/commercial_anomaly_more/weapons_incident/000000272909_all__8.npy,weapons_incident
Pistachio/VAD/vit-features/train/normal/commercial_normal_more/000000271550_all__3.npy,Normal
Pistachio/VAD/vit-features/train/anomaly/road_anomaly_less/weapons_incident/000000283791_all__8.npy,weapons_incident
Pistachio/VAD/vit-features/train/anomaly/infrastructure_anomaly_less/weapons_incident/000000067402_all__0.npy,weapons_incident
Pistachio/VAD/vit-features/train/anomaly/outdoor_anomaly_less/weapons_incident/000000030435_all__4.npy,weapons_incident
Pistachio/VAD/vit-features/train/anomaly/outdoor_anomaly_less/weapons_incident/000000030435_all__0.npy,weapons_incident
Pistachio/VAD/vit-features/train/normal/outdoor_normal_more/000000179196_all__9.npy,Normal
Pistachio/VAD/vit-features/train/anomaly/road_anomaly_less/weapons_incident/000000283034_all__7.npy,weapons_incident
Pistachio/VAD/vit-features/train/normal/road_normal_less/000000462363_all__0.npy,Normal
Pistachio/VAD/vit-features/train/anomaly/infrastructure_anomaly_less/weapons_incident/000000009390_all__6.npy,weapons_incident
Pistachio/VAD/vit-features/train/normal/indoor_normal_less/000000234838_all__1.npy,Normal
Pistachio/VAD/vit-features/train/normal/indoor_normal_less/000000034057_all__1.npy,Normal
Pistachio/VAD/vit-features/train/normal/infrastructure_normal_less/E3P5PA6S8YM2_all__2.npy,Normal
Pistachio/VAD/vit-features/train/anomaly/road_anomaly_less/weapons_incident/000000283481_all__3.npy,weapons_incident
Pistachio/VAD/vit-features/train/normal/road_normal_less/000000052144_all__6.npy,Normal
Pistachio/VAD/vit-features/train/anomaly/road_anomaly_more/weapons_incident/000000270837_all__4.npy,weapons_incident
Pistachio/VAD/vit-features/train/normal/infrastructure_normal_less/9_jpg.rf.fa059b3b174ca58070260348b217612b_all__3.npy,Normal
Pistachio/VAD/vit-features/train/normal/road_normal_less/000000052144_all__2.npy,Normal
Pistachio/VAD/vit-features/train/normal/infrastructure_normal_less/748_jpg.rf.8eb4928c7928d9144add6f2cf6bc2c8f_all__9.npy,Normal
Pistachio/VAD/vit-features/train/anomaly/commercial_anomaly_less/weapons_incident/000000339762_all__1.npy,weapons_incident
Pistachio/VAD/vit-features/train/anomaly/indoor_anomaly_less/weapons_incident/000000129127_all__1.npy,weapons_incident
Pistachio/VAD/vit-features/train/anomaly/infrastructure_anomaly_less/weapons_incident/000000063541_all__9.npy,weapons_incident
Pistachio/VAD/vit-features/train/anomaly/infrastructure_anomaly_more/weapons_incident/000000009347_all__6.npy,weapons_incident
Pistachio/VAD/vit-features/train/normal/road_normal_less/000000013669_all__0.npy,Normal
Pistachio/VAD/vit-features/train/anomaly/commercial_anomaly_more/weapons_incident/000000005403_all__6.npy,weapons_incident
Pistachio/VAD/vit-features/train/normal/road_normal_more/000000138421_all__5.npy,Normal
Pistachio/VAD/vit-features/train/anomaly/infrastructure_anomaly_less/weapons_incident/000000067402_all__4.npy,weapons_incident
Pistachio/VAD/vit-features/train/anomaly/outdoor_anomaly_less/weapons_incident/000000030435_all__5.npy,weapons_incident
Pistachio/VAD/vit-features/train/anomaly/infrastructure_anomaly_more/weapons_incident/000000010550_all__3.npy,weapons_incident
Pistachio/VAD/vit-features/train/normal/industrial_normal_less/hd435_all__2.npy,Normal
Pistachio/VAD/vit-features/train/anomaly/commercial_anomaly_more/weapons_incident/000000272909_all__1.npy,weapons_incident
Pistachio/VAD/vit-features/train/anomaly/commercial_anomaly_more/weapons_incident/000000272909_all__0.npy,weapons_incident
Pistachio/VAD/vit-features/train/normal/indoor_normal_less/000000233037_all__5.npy,Normal
Pistachio/VAD/vit-features/train/anomaly/infrastructure_anomaly_less/weapons_incident/000000011864_all__9.npy,weapons_incident
Pistachio/VAD/vit-features/train/normal/infrastructure_normal_less/rect27_jpg.rf.023f8fcc8731e3c84f161bb93b0f6b60_all__2.npy,Normal
Pistachio/VAD/vit-features/train/anomaly/road_anomaly_more/weapons_incident/000000142049_all__1.npy,weapons_incident
Pistachio/VAD/vit-features/train/normal/road_normal_less/000000043084_all__0.npy,Normal
Pistachio/VAD/vit-features/train/anomaly/infrastructure_anomaly_less/weapons_incident/000000005771_all__6.npy,weapons_incident
Pistachio/VAD/vit-features/train/normal/road_normal_less/000000028232_all__8.npy,Normal
Pistachio/VAD/vit-features/train/normal/commercial_normal_more/000000124921_all__2.npy,Normal
Pistachio/VAD/vit-features/train/normal/road_normal_less/000000046914_all__3.npy,Normal
Pistachio/VAD/vit-features/train/normal/road_normal_less/000000045305_all__9.npy,Normal
Pistachio/VAD/vit-features/train/normal/commercial_normal_more/000000124430_all__5.npy,Normal
Pistachio/VAD/vit-features/train/normal/industrial_normal_less/000000522313_all__1.npy,Normal
Pistachio/VAD/vit-features/train/normal/commercial_normal_less/000000040672_all__0.npy,Normal
Pistachio/VAD/vit-features/train/anomaly/infrastructure_anomaly_more/weapons_incident/000000063541_all__2.npy,weapons_incident
Pistachio/VAD/vit-features/train/anomaly/infrastructure_anomaly_more/weapons_incident/000000011864_all__0.npy,weapons_incident
Pistachio/VAD/vit-features/train/normal/industrial_normal_more/hd232_all__1.npy,Normal
Pistachio/VAD/vit-features/train/normal/infrastructure_normal_less/19_jpg.rf.a34610bc474c8e709e9976864eaaf4c4_all__5.npy,Normal
Pistachio/VAD/vit-features/train/anomaly/infrastructure_anomaly_less/weapons_incident/000000010934_all__2.npy,weapons_incident
Pistachio/VAD/vit-features/train/normal/industrial_normal_less/000000509894_all__5.npy,Normal
Pistachio/VAD/vit-features/train/anomaly/indoor_anomaly_less/weapons_incident/000000105378_all__8.npy,weapons_incident
Pistachio/VAD/vit-features/train/anomaly/infrastructure_anomaly_more/weapons_incident/000000010934_all__2.npy,weapons_incident
Pistachio/VAD/vit-features/train/anomaly/infrastructure_anomaly_more/weapons_incident/000000006923_all__5.npy,weapons_incident
Pistachio/VAD/vit-features/train/normal/indoor_normal_less/000000075820_all__4.npy,Normal
Pistachio/VAD/vit-features/train/normal/road_normal_less/000000046080_all__6.npy,Normal
Pistachio/VAD/vit-features/train/normal/road_normal_less/000000052144_all__7.npy,Normal
Pistachio/VAD/vit-features/train/anomaly/road_anomaly_less/weapons_incident/000000285423_all__0.npy,weapons_incident
Pistachio/VAD/vit-features/train/anomaly/indoor_anomaly_less/weapons_incident/000000129127_all__5.npy,weapons_incident
Pistachio/VAD/vit-features/train/normal/road_normal_less/000000022181_all__3.npy,Normal
Pistachio/VAD/vit-features/train/anomaly/commercial_anomaly_more/weapons_incident/000000012089_all__7.npy,weapons_incident
Pistachio/VAD/vit-features/train/anomaly/road_anomaly_less/weapons_incident/000000283791_all__6.npy,weapons_incident
Pistachio/VAD/vit-features/train/normal/infrastructure_normal_less/UYPDOJJR7ZTN_all__3.npy,Normal
Pistachio/VAD/vit-features/train/anomaly/indoor_anomaly_more/weapons_incident/000000009526_all__4.npy,weapons_incident
Pistachio/VAD/vit-features/train/normal/road_normal_less/000000013049_all__9.npy,Normal
Pistachio/VAD/vit-features/train/normal/outdoor_normal_less/000000581644_all__6.npy,Normal
Pistachio/VAD/vit-features/train/anomaly/indoor_anomaly_more/weapons_incident/000000007680_all__4.npy,weapons_incident
Pistachio/VAD/vit-features/train/anomaly/commercial_anomaly_more/weapons_incident/000000272909_all__3.npy,weapons_incident
Pistachio/VAD/vit-features/train/normal/commercial_normal_less/000000084848_all__1.npy,Normal
Pistachio/VAD/vit-features/train/normal/indoor_normal_less/000000068923_all__4.npy,Normal
Pistachio/VAD/vit-features/train/normal/indoor_normal_less/000000213336_all__8.npy,Normal
Pistachio/VAD/vit-features/train/normal/industrial_normal_less/hd833_all__3.npy,Normal
Pistachio/VAD/vit-features/train/normal/indoor_normal_less/000000034440_all__4.npy,Normal
Pistachio/VAD/vit-features/train/anomaly/road_anomaly_less/weapons_incident/000000285051_all__2.npy,weapons_incident
Pistachio/VAD/vit-features/train/normal/infrastructure_normal_less/229_jpg.rf.9166dab34364ca279be6473561bdd161_all__9.npy,Normal
Pistachio/VAD/vit-features/train/normal/commercial_normal_less/000000053314_all__1.npy,Normal
Pistachio/VAD/vit-features/train/normal/industrial_normal_less/hd185_all__0.npy,Normal
Pistachio/VAD/vit-features/train/anomaly/commercial_anomaly_less/weapons_incident/000000366758_all__5.npy,weapons_incident
Pistachio/VAD/vit-features/train/anomaly/road_anomaly_less/weapons_incident/000000283791_all__1.npy,weapons_incident
Pistachio/VAD/vit-features/train/normal/commercial_normal_less/000000039166_all__8.npy,Normal
Pistachio/VAD/vit-features/train/normal/commercial_normal_less/000000033929_all__4.npy,Normal
Pistachio/VAD/vit-features/train/normal/industrial_normal_less/hd597_all__5.npy,Normal
Pistachio/VAD/vit-features/train/normal/infrastructure_normal_less/Q862NZ1RDS5H_all__7.npy,Normal
Pistachio/VAD/vit-features/train/normal/infrastructure_normal_less/000000311772_all__0.npy,Normal
Pistachio/VAD/vit-features/train/normal/road_normal_less/000000015833_all__1.npy,Normal
Pistachio/VAD/vit-features/train/normal/road_normal_less/000000013669_all__8.npy,Normal
Pistachio/VAD/vit-features/train/normal/outdoor_normal_less/hd622_all__1.npy,Normal
Pistachio/VAD/vit-features/train/normal/industrial_normal_less/hd820_all__8.npy,Normal
Pistachio/VAD/vit-features/train/anomaly/infrastructure_anomaly_less/weapons_incident/000000011864_all__0.npy,weapons_incident
Pistachio/VAD/vit-features/train/anomaly/road_anomaly_more/weapons_incident/000000518449_all__2.npy,weapons_incident
Pistachio/VAD/vit-features/train/normal/industrial_normal_less/hd302_all__3.npy,Normal
Pistachio/VAD/vit-features/train/normal/outdoor_normal_less/000000023627_all__9.npy,Normal
Pistachio/VAD/vit-features/train/anomaly/infrastructure_anomaly_more/weapons_incident/000000063541_all__0.npy,weapons_incident
Pistachio/VAD/vit-features/train/anomaly/infrastructure_anomaly_more/weapons_incident/000000067402_all__9.npy,weapons_incident
Pistachio/VAD/vit-features/train/normal/indoor_normal_less/000000241713_all__6.npy,Normal
Pistachio/VAD/vit-features/train/normal/outdoor_normal_less/000000030323_all__8.npy,Normal
Pistachio/VAD/vit-features/train/anomaly/infrastructure_anomaly_more/weapons_incident/000000011864_all__7.npy,weapons_incident
Pistachio/VAD/vit-features/train/normal/industrial_normal_less/hd598_all__9.npy,Normal
Pistachio/VAD/vit-features/train/anomaly/commercial_anomaly_less/weapons_incident/000000377654_all__3.npy,weapons_incident
Pistachio/VAD/vit-features/train/normal/infrastructure_normal_more/000000363330_all__6.npy,Normal
Pistachio/VAD/vit-features/train/normal/road_normal_less/000000032210_all__4.npy,Normal
Pistachio/VAD/vit-features/train/normal/outdoor_normal_less/0VEJDO4MFOFE_all__1.npy,Normal
Pistachio/VAD/vit-features/train/anomaly/infrastructure_anomaly_less/weapons_incident/000000005771_all__9.npy,weapons_incident
Pistachio/VAD/vit-features/train/normal/industrial_normal_less/hd727_all__4.npy,Normal
Pistachio/VAD/vit-features/train/normal/outdoor_normal_less/G7NQUUNXYE9V_all__5.npy,Normal
Pistachio/VAD/vit-features/train/normal/industrial_normal_less/hd711_all__3.npy,Normal
Pistachio/VAD/vit-features/train/anomaly/indoor_anomaly_more/weapons_incident/000000005051_all__9.npy,weapons_incident
Pistachio/VAD/vit-features/train/normal/road_normal_less/000000041327_all__3.npy,Normal
Pistachio/VAD/vit-features/train/normal/indoor_normal_more/000000330267_all__2.npy,Normal
Pistachio/VAD/vit-features/train/anomaly/infrastructure_anomaly_less/weapons_incident/000000063541_all__8.npy,weapons_incident
Pistachio/VAD/vit-features/train/normal/infrastructure_normal_less/000000478520_all__2.npy,Normal
Pistachio/VAD/vit-features/train/normal/outdoor_normal_less/000000016012_all__4.npy,Normal
Pistachio/VAD/vit-features/train/normal/infrastructure_normal_less/000000450789_all__0.npy,Normal
Pistachio/VAD/vit-features/train/normal/road_normal_more/000000139770_all__7.npy,Normal
Pistachio/VAD/vit-features/train/anomaly/infrastructure_anomaly_more/weapons_incident/000000006923_all__4.npy,weapons_incident
Pistachio/VAD/vit-features/train/anomaly/outdoor_anomaly_less/weapons_incident/000000034560_all__2.npy,weapons_incident
Pistachio/VAD/vit-features/train/anomaly/road_anomaly_less/weapons_incident/000000284474_all__0.npy,weapons_incident
Pistachio/VAD/vit-features/train/normal/commercial_normal_more/000000136357_all__4.npy,Normal
Pistachio/VAD/vit-features/train/normal/commercial_normal_more/000000130964_all__8.npy,Normal
Pistachio/VAD/vit-features/train/normal/infrastructure_normal_less/000000049176_all__6.npy,Normal
Pistachio/VAD/vit-features/train/normal/industrial_normal_more/hd376_all__1.npy,Normal
Pistachio/VAD/vit-features/train/normal/road_normal_less/000000015308_all__0.npy,Normal
Pistachio/VAD/vit-features/train/normal/commercial_normal_less/000000029462_all__0.npy,Normal
Pistachio/VAD/vit-features/train/anomaly/road_anomaly_less/weapons_incident/000000283396_all__6.npy,weapons_incident
Pistachio/VAD/vit-features/train/normal/road_normal_less/000000036319_all__1.npy,Normal
Pistachio/VAD/vit-features/train/anomaly/commercial_anomaly_less/weapons_incident/000000366758_all__9.npy,weapons_incident
Pistachio/VAD/vit-features/train/normal/commercial_normal_less/000000080825_all__9.npy,Normal
Pistachio/VAD/vit-features/train/normal/outdoor_normal_less/000000025255_all__6.npy,Normal
Pistachio/VAD/vit-features/train/anomaly/infrastructure_anomaly_less/weapons_incident/000000009390_all__5.npy,weapons_incident
Pistachio/VAD/vit-features/train/normal/indoor_normal_less/000000066419_all__7.npy,Normal
Pistachio/VAD/vit-features/train/normal/road_normal_less/000000019229_all__6.npy,Normal
Pistachio/VAD/vit-features/train/normal/outdoor_normal_less/000000018315_all__8.npy,Normal
Pistachio/VAD/vit-features/train/normal/road_normal_less/000000038311_all__9.npy,Normal
Pistachio/VAD/vit-features/train/normal/outdoor_normal_more/000000183278_all__6.npy,Normal
Pistachio/VAD/vit-features/train/normal/infrastructure_normal_more/000000151128_all__0.npy,Normal
Pistachio/VAD/vit-features/train/normal/road_normal_more/000000128774_all__8.npy,Normal
Pistachio/VAD/vit-features/train/anomaly/infrastructure_anomaly_less/weapons_incident/000000010550_all__8.npy,weapons_incident
Pistachio/VAD/vit-features/train/normal/infrastructure_normal_less/301_jpg.rf.845cfee7ad07fe60c4da7188a6281f36_all__4.npy,Normal
Pistachio/VAD/vit-features/train/anomaly/infrastructure_anomaly_less/weapons_incident/000000006923_all__6.npy,weapons_incident
Pistachio/VAD/vit-features/train/normal/industrial_normal_less/hd546_all__4.npy,Normal
Pistachio/VAD/vit-features/train/normal/industrial_normal_less/hd676_all__1.npy,Normal
Pistachio/VAD/vit-features/train/normal/commercial_normal_less/000000041917_all__5.npy,Normal
Pistachio/VAD/vit-features/train/normal/industrial_normal_more/000000434801_all__5.npy,Normal
Pistachio/VAD/vit-features/train/anomaly/commercial_anomaly_less/weapons_incident/000000339762_all__8.npy,weapons_incident
Pistachio/VAD/vit-features/train/normal/road_normal_less/000000023321_all__9.npy,Normal
Pistachio/VAD/vit-features/train/anomaly/indoor_anomaly_more/weapons_incident/000000009526_all__2.npy,weapons_incident
Pistachio/VAD/vit-features/train/normal/outdoor_normal_more/000000049176_all__5.npy,Normal
Pistachio/VAD/vit-features/train/normal/indoor_normal_less/000000052117_all__0.npy,Normal
Pistachio/VAD/vit-features/train/normal/infrastructure_normal_less/000000262464_all__7.npy,Normal
Pistachio/VAD/vit-features/train/anomaly/road_anomaly_less/weapons_incident/000000285423_all__1.npy,weapons_incident
Pistachio/VAD/vit-features/train/anomaly/commercial_anomaly_less/weapons_incident/000000319258_all__1.npy,weapons_incident
Pistachio/VAD/vit-features/train/normal/infrastructure_normal_more/000000308483_all__2.npy,Normal
Pistachio/VAD/vit-features/train/normal/indoor_normal_less/000000234712_all__5.npy,Normal
Pistachio/VAD/vit-features/train/normal/infrastructure_normal_less/13_jpg.rf.967254318ab67809ebab25103d0857a4_all__6.npy,Normal
Pistachio/VAD/vit-features/train/anomaly/commercial_anomaly_less/weapons_incident/000000341180_all__9.npy,weapons_incident
Pistachio/VAD/vit-features/train/normal/commercial_normal_less/000000050142_all__6.npy,Normal
Pistachio/VAD/vit-features/train/anomaly/road_anomaly_less/weapons_incident/000000284549_all__8.npy,weapons_incident
Pistachio/VAD/vit-features/train/normal/commercial_normal_less/000000049492_all__2.npy,Normal
Pistachio/VAD/vit-features/train/normal/industrial_normal_less/hd305_all__2.npy,Normal
Pistachio/VAD/vit-features/train/normal/road_normal_less/000000012254_all__4.npy,Normal
Pistachio/VAD/vit-features/train/anomaly/infrastructure_anomaly_less/weapons_incident/000000291338_all__1.npy,weapons_incident
Pistachio/VAD/vit-features/train/anomaly/infrastructure_anomaly_less/weapons_incident/000000006923_all__8.npy,weapons_incident
Pistachio/VAD/vit-features/train/anomaly/road_anomaly_less/weapons_incident/000000285715_all__0.npy,weapons_incident
Pistachio/VAD/vit-features/train/anomaly/commercial_anomaly_less/weapons_incident/000000305847_all__0.npy,weapons_incident
Pistachio/VAD/vit-features/train/anomaly/infrastructure_anomaly_more/weapons_incident/000000063541_all__4.npy,weapons_incident
Pistachio/VAD/vit-features/train/normal/industrial_normal_less/hd488_all__7.npy,Normal
Pistachio/VAD/vit-features/train/anomaly/road_anomaly_more/weapons_incident/000000535754_all__7.npy,weapons_incident
Pistachio/VAD/vit-features/train/normal/outdoor_normal_less/000000247558_all__3.npy,Normal
Pistachio/VAD/vit-features/train/anomaly/infrastructure_anomaly_less/weapons_incident/000000067402_all__5.npy,weapons_incident
Pistachio/VAD/vit-features/train/normal/indoor_normal_less/000000068923_all__6.npy,Normal
Pistachio/VAD/vit-features/train/normal/outdoor_normal_less/000000024303_all__6.npy,Normal
Pistachio/VAD/vit-features/train/normal/outdoor_normal_less/000000576797_all__9.npy,Normal
Pistachio/VAD/vit-features/train/normal/commercial_normal_less/000000053692_all__6.npy,Normal
Pistachio/VAD/vit-features/train/normal/commercial_normal_less/000000057664_all__6.npy,Normal
Pistachio/VAD/vit-features/train/normal/road_normal_less/000000014309_all__7.npy,Normal
Pistachio/VAD/vit-features/train/anomaly/indoor_anomaly_more/weapons_incident/000000007680_all__2.npy,weapons_incident
Pistachio/VAD/vit-features/train/normal/commercial_normal_less/000000079372_all__5.npy,Normal
Pistachio/VAD/vit-features/train/normal/indoor_normal_less/000000054170_all__6.npy,Normal
Pistachio/VAD/vit-features/train/anomaly/infrastructure_anomaly_less/weapons_incident/000000010934_all__0.npy,weapons_incident
Pistachio/VAD/vit-features/train/normal/infrastructure_normal_less/n49_jpg.rf.fcca77dd136fcc3721851c4e5d079b44_all__1.npy,Normal
Pistachio/VAD/vit-features/train/normal/commercial_normal_less/000000074288_all__2.npy,Normal
Pistachio/VAD/vit-features/train/normal/outdoor_normal_more/000000062560_all__3.npy,Normal
Pistachio/VAD/vit-features/train/anomaly/road_anomaly_less/weapons_incident/000000284544_all__1.npy,weapons_incident
Pistachio/VAD/vit-features/train/anomaly/road_anomaly_less/weapons_incident/000000285715_all__9.npy,weapons_incident
Pistachio/VAD/vit-features/train/anomaly/infrastructure_anomaly_more/weapons_incident/000000010934_all__0.npy,weapons_incident
Pistachio/VAD/vit-features/train/normal/industrial_normal_less/hd201_all__6.npy,Normal
Pistachio/VAD/vit-features/train/normal/indoor_normal_less/000000075862_all__7.npy,Normal
Pistachio/VAD/vit-features/train/normal/road_normal_less/000000024180_all__9.npy,Normal
Pistachio/VAD/vit-features/train/normal/infrastructure_normal_more/000000361702_all__9.npy,Normal
Pistachio/VAD/vit-features/train/anomaly/infrastructure_anomaly_less/weapons_incident/000000011864_all__3.npy,weapons_incident
Pistachio/VAD/vit-features/train/anomaly/commercial_anomaly_less/weapons_incident/000000305847_all__2.npy,weapons_incident
Pistachio/VAD/vit-features/train/anomaly/infrastructure_anomaly_more/weapons_incident/000000010550_all__7.npy,weapons_incident
Pistachio/VAD/vit-features/train/normal/commercial_normal_less/000000068339_all__5.npy,Normal
Pistachio/VAD/vit-features/train/anomaly/infrastructure_anomaly_less/weapons_incident/000000009390_all__0.npy,weapons_incident
Pistachio/VAD/vit-features/train/anomaly/road_anomaly_more/weapons_incident/000000270837_all__8.npy,weapons_incident
Pistachio/VAD/vit-features/train/normal/indoor_normal_less/000000079542_all__8.npy,Normal
Pistachio/VAD/vit-features/train/normal/road_normal_less/000000046192_all__8.npy,Normal
Pistachio/VAD/vit-features/train/normal/infrastructure_normal_less/FUAMJIIDXTWD_all__4.npy,Normal
Pistachio/VAD/vit-features/train/anomaly/road_anomaly_less/weapons_incident/000000284549_all__7.npy,weapons_incident
Pistachio/VAD/vit-features/train/normal/outdoor_normal_less/000000019077_all__2.npy,Normal
Pistachio/VAD/vit-features/train/anomaly/infrastructure_anomaly_more/weapons_incident/000000005771_all__8.npy,weapons_incident
Pistachio/VAD/vit-features/train/anomaly/commercial_anomaly_less/weapons_incident/000000339762_all__0.npy,weapons_incident
Pistachio/VAD/vit-features/train/normal/industrial_normal_less/hd626_all__8.npy,Normal
Pistachio/VAD/vit-features/train/normal/outdoor_normal_less/000000025338_all__8.npy,Normal
Pistachio/VAD/vit-features/train/normal/outdoor_normal_less/hd6751_all__1.npy,Normal
Pistachio/VAD/vit-features/train/normal/infrastructure_normal_less/em3_jpg.rf.7e6bf512de9ef4c13a97be2f776e6783_all__8.npy,Normal
Pistachio/VAD/vit-features/train/normal/infrastructure_normal_less/000000283626_all__2.npy,Normal
Pistachio/VAD/vit-features/train/anomaly/outdoor_anomaly_less/weapons_incident/000000030043_all__6.npy,weapons_incident
Pistachio/VAD/vit-features/train/anomaly/infrastructure_anomaly_more/weapons_incident/000000009390_all__6.npy,weapons_incident
Pistachio/VAD/vit-features/train/anomaly/commercial_anomaly_less/weapons_incident/000000305847_all__7.npy,weapons_incident
Pistachio/VAD/vit-features/train/normal/infrastructure_normal_less/bv66_jpg.rf.55fbb2dd06a53fa5488405a5827322a5_all__4.npy,Normal
Pistachio/VAD/vit-features/train/normal/commercial_normal_less/000000357376_all__9.npy,Normal
Pistachio/VAD/vit-features/train/normal/commercial_normal_less/000000085967_all__7.npy,Normal
Pistachio/VAD/vit-features/train/normal/commercial_normal_more/000000126092_all__4.npy,Normal
Pistachio/VAD/vit-features/train/normal/infrastructure_normal_less/mk4_jpg.rf.086a58cd3b323709d741484aa19159ce_all__0.npy,Normal
Pistachio/VAD/vit-features/train/normal/indoor_normal_less/000000041996_all__3.npy,Normal
Pistachio/VAD/vit-features/train/normal/indoor_normal_more/000000306206_all__2.npy,Normal
Pistachio/VAD/vit-features/train/normal/commercial_normal_less/000000051736_all__2.npy,Normal
Pistachio/VAD/vit-features/train/anomaly/commercial_anomaly_more/weapons_incident/000000012089_all__3.npy,weapons_incident
Pistachio/VAD/vit-features/train/normal/commercial_normal_less/000000073532_all__8.npy,Normal
Pistachio/VAD/vit-features/train/anomaly/outdoor_anomaly_less/weapons_incident/000000031330_all__4.npy,weapons_incident
Pistachio/VAD/vit-features/train/anomaly/infrastructure_anomaly_more/weapons_incident/000000009390_all__2.npy,weapons_incident
Pistachio/VAD/vit-features/train/anomaly/road_anomaly_less/weapons_incident/000000284952_all__6.npy,weapons_incident
Pistachio/VAD/vit-features/train/normal/commercial_normal_less/000000063419_all__8.npy,Normal
Pistachio/VAD/vit-features/train/normal/infrastructure_normal_more/000000477450_all__0.npy,Normal
Pistachio/VAD/vit-features/train/normal/outdoor_normal_less/000000021230_all__1.npy,Normal
Pistachio/VAD/vit-features/train/normal/industrial_normal_more/hd917_all__5.npy,Normal
Pistachio/VAD/vit-features/train/anomaly/road_anomaly_less/weapons_incident/000000285447_all__8.npy,weapons_incident
Pistachio/VAD/vit-features/train/normal/outdoor_normal_less/3YOYVUJAGCFJ_all__8.npy,Normal
Pistachio/VAD/vit-features/train/normal/indoor_normal_more/000000325066_all__4.npy,Normal
Pistachio/VAD/vit-features/train/anomaly/commercial_anomaly_less/weapons_incident/000000350834_all__6.npy,weapons_incident
Pistachio/VAD/vit-features/train/normal/indoor_normal_more/000000330267_all__5.npy,Normal
Pistachio/VAD/vit-features/train/normal/commercial_normal_less/000000059938_all__8.npy,Normal
Pistachio/VAD/vit-features/train/anomaly/infrastructure_anomaly_more/weapons_incident/000000006923_all__1.npy,weapons_incident
Pistachio/VAD/vit-features/train/anomaly/road_anomaly_less/weapons_incident/000000284216_all__1.npy,weapons_incident
Pistachio/VAD/vit-features/train/normal/indoor_normal_less/000000029130_all__0.npy,Normal
Pistachio/VAD/vit-features/train/anomaly/infrastructure_anomaly_less/weapons_incident/000000010550_all__1.npy,weapons_incident
Pistachio/VAD/vit-features/train/normal/infrastructure_normal_more/000000297554_all__3.npy,Normal
Pistachio/VAD/vit-features/train/normal/outdoor_normal_less/FTPIEEF1OIVI_all__4.npy,Normal
Pistachio/VAD/vit-features/train/anomaly/commercial_anomaly_more/weapons_incident/000000005403_all__9.npy,weapons_incident
Pistachio/VAD/vit-features/train/anomaly/road_anomaly_more/weapons_incident/000000518449_all__3.npy,weapons_incident
Pistachio/VAD/vit-features/train/normal/infrastructure_normal_more/000000510443_all__5.npy,Normal
Pistachio/VAD/vit-features/train/normal/road_normal_less/000000194500_all__6.npy,Normal
Pistachio/VAD/vit-features/train/normal/industrial_normal_less/hd651_all__6.npy,Normal
Pistachio/VAD/vit-features/train/anomaly/road_anomaly_less/weapons_incident/000000285576_all__4.npy,weapons_incident
Pistachio/VAD/vit-features/train/anomaly/infrastructure_anomaly_less/weapons_incident/000000011864_all__1.npy,weapons_incident
Pistachio/VAD/vit-features/train/normal/outdoor_normal_less/hd6741_all__1.npy,Normal
Pistachio/VAD/vit-features/train/normal/infrastructure_normal_less/n49_jpg.rf.fcca77dd136fcc3721851c4e5d079b44_all__2.npy,Normal
Pistachio/VAD/vit-features/train/anomaly/commercial_anomaly_less/weapons_incident/000000341180_all__3.npy,weapons_incident
Pistachio/VAD/vit-features/train/normal/outdoor_normal_less/hd6651_all__3.npy,Normal
Pistachio/VAD/vit-features/train/normal/industrial_normal_more/hd245_all__7.npy,Normal
Pistachio/VAD/vit-features/train/normal/outdoor_normal_less/hd613_all__7.npy,Normal
Pistachio/VAD/vit-features/train/anomaly/road_anomaly_less/weapons_incident/000000283481_all__5.npy,weapons_incident
Pistachio/VAD/vit-features/train/normal/infrastructure_normal_less/3IHJM5PWVCXP_all__2.npy,Normal
Pistachio/VAD/vit-features/train/normal/industrial_normal_less/hd808_all__6.npy,Normal
Pistachio/VAD/vit-features/train/anomaly/commercial_anomaly_less/weapons_incident/000000366758_all__7.npy,weapons_incident
Pistachio/VAD/vit-features/train/normal/road_normal_less/000000025205_all__8.npy,Normal
Pistachio/VAD/vit-features/train/anomaly/outdoor_anomaly_less/weapons_incident/000000034560_all__0.npy,weapons_incident
Pistachio/VAD/vit-features/train/normal/industrial_normal_less/hd410_all__4.npy,Normal
Pistachio/VAD/vit-features/train/normal/indoor_normal_less/000000142983_all__2.npy,Normal
Pistachio/VAD/vit-features/train/normal/road_normal_less/000000039013_all__6.npy,Normal
Pistachio/VAD/vit-features/train/anomaly/infrastructure_anomaly_less/weapons_incident/000000005771_all__3.npy,weapons_incident
Pistachio/VAD/vit-features/train/normal/outdoor_normal_less/hd538_all__4.npy,Normal
Pistachio/VAD/vit-features/train/anomaly/road_anomaly_less/weapons_incident/000000284474_all__8.npy,weapons_incident
Pistachio/VAD/vit-features/train/normal/commercial_normal_more/000000271550_all__8.npy,Normal
Pistachio/VAD/vit-features/train/anomaly/infrastructure_anomaly_more/weapons_incident/000000009390_all__7.npy,weapons_incident
Pistachio/VAD/vit-features/train/anomaly/infrastructure_anomaly_more/weapons_incident/000000009347_all__9.npy,weapons_incident
Pistachio/VAD/vit-features/train/anomaly/indoor_anomaly_more/weapons_incident/000000005051_all__5.npy,weapons_incident
Pistachio/VAD/vit-features/train/anomaly/infrastructure_anomaly_less/weapons_incident/000000291338_all__4.npy,weapons_incident
Pistachio/VAD/vit-features/train/anomaly/road_anomaly_less/weapons_incident/000000283034_all__2.npy,weapons_incident
Pistachio/VAD/vit-features/train/normal/industrial_normal_less/hd734_all__6.npy,Normal
Pistachio/VAD/vit-features/train/normal/road_normal_less/000000025766_all__1.npy,Normal
Pistachio/VAD/vit-features/train/normal/commercial_normal_less/000000073750_all__7.npy,Normal
Pistachio/VAD/vit-features/train/anomaly/road_anomaly_less/weapons_incident/000000285051_all__0.npy,weapons_incident
Pistachio/VAD/vit-features/train/anomaly/road_anomaly_less/weapons_incident/000000285199_all__1.npy,weapons_incident
Pistachio/VAD/vit-features/train/normal/indoor_normal_more/000000326963_all__1.npy,Normal
Pistachio/VAD/vit-features/train/normal/commercial_normal_less/000000063659_all__8.npy,Normal
Pistachio/VAD/vit-features/train/normal/road_normal_more/000000031035_all__8.npy,Normal
Pistachio/VAD/vit-features/train/normal/infrastructure_normal_less/n32_jpeg.rf.eb9dab78556525a9fd02baf093e6436f_all__6.npy,Normal
Pistachio/VAD/vit-features/train/anomaly/road_anomaly_less/weapons_incident/000000284474_all__1.npy,weapons_incident
Pistachio/VAD/vit-features/train/normal/indoor_normal_more/000000341022_all__0.npy,Normal
Pistachio/VAD/vit-features/train/normal/commercial_normal_less/000000069674_all__9.npy,Normal
Pistachio/VAD/vit-features/train/anomaly/road_anomaly_less/weapons_incident/000000283834_all__2.npy,weapons_incident
Pistachio/VAD/vit-features/train/normal/commercial_normal_more/000000136113_all__2.npy,Normal
Pistachio/VAD/vit-features/train/normal/indoor_normal_less/000000035984_all__5.npy,Normal
Pistachio/VAD/vit-features/train/normal/industrial_normal_less/hd848_all__6.npy,Normal
Pistachio/VAD/vit-features/train/anomaly/road_anomaly_less/weapons_incident/000000285199_all__9.npy,weapons_incident
Pistachio/VAD/vit-features/train/anomaly/road_anomaly_more/weapons_incident/000000535754_all__6.npy,weapons_incident
Pistachio/VAD/vit-features/train/normal/industrial_normal_less/hd819_all__8.npy,Normal
Pistachio/VAD/vit-features/train/normal/commercial_normal_less/000000052046_all__9.npy,Normal
Pistachio/VAD/vit-features/train/normal/infrastructure_normal_more/000000319498_all__4.npy,Normal
Pistachio/VAD/vit-features/train/anomaly/road_anomaly_less/weapons_incident/000000284544_all__3.npy,weapons_incident
Pistachio/VAD/vit-features/train/normal/infrastructure_normal_less/st26_jpg.rf.06b1f88c479d81a34447853ab62e452e_all__9.npy,Normal
Pistachio/VAD/vit-features/train/anomaly/indoor_anomaly_more/weapons_incident/000000007680_all__9.npy,weapons_incident
Pistachio/VAD/vit-features/train/normal/road_normal_less/000000285658_all__6.npy,Normal
Pistachio/VAD/vit-features/train/anomaly/road_anomaly_less/weapons_incident/000000284952_all__5.npy,weapons_incident
Pistachio/VAD/vit-features/train/normal/road_normal_less/000000015443_all__9.npy,Normal
Pistachio/VAD/vit-features/train/normal/road_normal_less/000000041380_all__1.npy,Normal
Pistachio/VAD/vit-features/train/normal/industrial_normal_less/hd234_all__7.npy,Normal
Pistachio/VAD/vit-features/train/normal/road_normal_more/000000131158_all__8.npy,Normal
Pistachio/VAD/vit-features/train/normal/industrial_normal_less/hd448_all__3.npy,Normal
Pistachio/VAD/vit-features/train/normal/industrial_normal_less/hd851_all__5.npy,Normal
Pistachio/VAD/vit-features/train/normal/commercial_normal_less/000000053848_all__0.npy,Normal
Pistachio/VAD/vit-features/train/normal/road_normal_less/000000049469_all__8.npy,Normal
Pistachio/VAD/vit-features/train/anomaly/road_anomaly_more/weapons_incident/000000284434_all__7.npy,weapons_incident
Pistachio/VAD/vit-features/train/anomaly/road_anomaly_less/weapons_incident/000000284549_all__6.npy,weapons_incident
Pistachio/VAD/vit-features/train/normal/indoor_normal_less/000000203950_all__3.npy,Normal
Pistachio/VAD/vit-features/train/anomaly/indoor_anomaly_more/weapons_incident/000000005051_all__1.npy,weapons_incident
Pistachio/VAD/vit-features/train/anomaly/indoor_anomaly_less/weapons_incident/000000105378_all__1.npy,weapons_incident
Pistachio/VAD/vit-features/train/normal/industrial_normal_more/000000252663_all__2.npy,Normal
Pistachio/VAD/vit-features/train/normal/commercial_normal_less/000000029093_all__2.npy,Normal
Pistachio/VAD/vit-features/train/anomaly/road_anomaly_more/weapons_incident/000000142049_all__7.npy,weapons_incident
Pistachio/VAD/vit-features/train/normal/indoor_normal_more/000000314258_all__6.npy,Normal
Pistachio/VAD/vit-features/train/normal/road_normal_less/000000042933_all__6.npy,Normal
Pistachio/VAD/vit-features/train/anomaly/road_anomaly_less/weapons_incident/000000283034_all__1.npy,weapons_incident
Pistachio/VAD/vit-features/train/normal/infrastructure_normal_more/000000466963_all__1.npy,Normal
Pistachio/VAD/vit-features/train/normal/infrastructure_normal_less/KKL4LIRUO40H_all__3.npy,Normal
Pistachio/VAD/vit-features/train/normal/infrastructure_normal_less/802_jpg.rf.cc410bb21ffe1b2bf38cd8b3b16fff98_all__6.npy,Normal
Pistachio/VAD/vit-features/train/normal/industrial_normal_less/hd667_all__1.npy,Normal
Pistachio/VAD/vit-features/train/anomaly/infrastructure_anomaly_less/weapons_incident/000000010934_all__6.npy,weapons_incident
Pistachio/VAD/vit-features/train/anomaly/infrastructure_anomaly_less/weapons_incident/000000006923_all__5.npy,weapons_incident
Pistachio/VAD/vit-features/train/normal/infrastructure_normal_less/000000484611_all__7.npy,Normal
Pistachio/VAD/vit-features/train/normal/infrastructure_normal_less/000000101291_all__2.npy,Normal
Pistachio/VAD/vit-features/train/normal/road_normal_less/000000045906_all__8.npy,Normal
Pistachio/VAD/vit-features/train/normal/outdoor_normal_less/000000082707_all__4.npy,Normal
Pistachio/VAD/vit-features/train/anomaly/infrastructure_anomaly_more/weapons_incident/000000010934_all__1.npy,weapons_incident
Pistachio/VAD/vit-features/train/anomaly/infrastructure_anomaly_more/weapons_incident/000000063541_all__5.npy,weapons_incident
Pistachio/VAD/vit-features/train/normal/commercial_normal_less/000000225181_all__3.npy,Normal
Pistachio/VAD/vit-features/train/anomaly/indoor_anomaly_less/weapons_incident/000000129127_all__7.npy,weapons_incident
Pistachio/VAD/vit-features/train/normal/indoor_normal_less/000000153132_all__5.npy,Normal
Pistachio/VAD/vit-features/train/normal/industrial_normal_more/000000574730_all__5.npy,Normal
Pistachio/VAD/vit-features/train/normal/indoor_normal_less/000000142512_all__1.npy,Normal
Pistachio/VAD/vit-features/train/normal/indoor_normal_more/000000331938_all__4.npy,Normal
Pistachio/VAD/vit-features/train/normal/road_normal_less/000000044805_all__1.npy,Normal
Pistachio/VAD/vit-features/train/normal/outdoor_normal_less/hd491_all__8.npy,Normal
Pistachio/VAD/vit-features/train/anomaly/infrastructure_anomaly_less/weapons_incident/000000005771_all__8.npy,weapons_incident
Pistachio/VAD/vit-features/train/normal/commercial_normal_less/000000226911_all__8.npy,Normal
Pistachio/VAD/vit-features/train/anomaly/indoor_anomaly_more/weapons_incident/000000009526_all__8.npy,weapons_incident
Pistachio/VAD/vit-features/train/normal/indoor_normal_less/000000056862_all__8.npy,Normal
Pistachio/VAD/vit-features/train/normal/outdoor_normal_less/hd505_all__3.npy,Normal
Pistachio/VAD/vit-features/train/normal/infrastructure_normal_more/000000352798_all__7.npy,Normal
Pistachio/VAD/vit-features/train/normal/commercial_normal_less/000000035662_all__3.npy,Normal
Pistachio/VAD/vit-features/train/anomaly/indoor_anomaly_less/weapons_incident/000000105378_all__6.npy,weapons_incident
Pistachio/VAD/vit-features/train/anomaly/commercial_anomaly_less/weapons_incident/000000295913_all__6.npy,weapons_incident
Pistachio/VAD/vit-features/train/normal/industrial_normal_less/hd650_all__8.npy,Normal
Pistachio/VAD/vit-features/train/normal/indoor_normal_more/000000334300_all__0.npy,Normal
