path,label
Pistachio/VAD/vit-features/train/anomaly/commercial_anomaly_less/animal_abuse/000000041886_all__0.npy,animal_abuse
Pistachio/VAD/vit-features/train/anomaly/commercial_anomaly_less/animal_abuse/000000041886_all__1.npy,animal_abuse
Pistachio/VAD/vit-features/train/anomaly/commercial_anomaly_less/animal_abuse/000000041886_all__2.npy,animal_abuse
Pistachio/VAD/vit-features/train/anomaly/commercial_anomaly_less/animal_abuse/000000041886_all__3.npy,animal_abuse
Pistachio/VAD/vit-features/train/anomaly/commercial_anomaly_less/animal_abuse/000000041886_all__4.npy,animal_abuse
Pistachio/VAD/vit-features/train/anomaly/commercial_anomaly_less/animal_abuse/000000041886_all__5.npy,animal_abuse
Pistachio/VAD/vit-features/train/anomaly/commercial_anomaly_less/animal_abuse/000000041886_all__6.npy,animal_abuse
Pistachio/VAD/vit-features/train/anomaly/commercial_anomaly_less/animal_abuse/000000041886_all__7.npy,animal_abuse
Pistachio/VAD/vit-features/train/anomaly/commercial_anomaly_less/animal_abuse/000000041886_all__8.npy,animal_abuse
Pistachio/VAD/vit-features/train/anomaly/commercial_anomaly_less/animal_abuse/000000041886_all__9.npy,animal_abuse
Pistachio/VAD/vit-features/train/anomaly/commercial_anomaly_less/animal_abuse/000000056271_all__0.npy,animal_abuse
Pistachio/VAD/vit-features/train/anomaly/commercial_anomaly_less/animal_abuse/000000056271_all__1.npy,animal_abuse
Pistachio/VAD/vit-features/train/anomaly/commercial_anomaly_less/animal_abuse/000000056271_all__2.npy,animal_abuse
Pistachio/VAD/vit-features/train/anomaly/commercial_anomaly_less/animal_abuse/000000056271_all__3.npy,animal_abuse
Pistachio/VAD/vit-features/train/anomaly/commercial_anomaly_less/animal_abuse/000000056271_all__4.npy,animal_abuse
Pistachio/VAD/vit-features/train/anomaly/commercial_anomaly_less/animal_abuse/000000056271_all__5.npy,animal_abuse
Pistachio/VAD/vit-features/train/anomaly/commercial_anomaly_less/animal_abuse/000000056271_all__6.npy,animal_abuse
Pistachio/VAD/vit-features/train/anomaly/commercial_anomaly_less/animal_abuse/000000056271_all__7.npy,animal_abuse
Pistachio/VAD/vit-features/train/anomaly/commercial_anomaly_less/animal_abuse/000000056271_all__8.npy,animal_abuse
Pistachio/VAD/vit-features/train/anomaly/commercial_anomaly_less/animal_abuse/000000056271_all__9.npy,animal_abuse
Pistachio/VAD/vit-features/train/anomaly/commercial_anomaly_less/animal_abuse/000000062465_all__0.npy,animal_abuse
Pistachio/VAD/vit-features/train/anomaly/commercial_anomaly_less/animal_abuse/000000062465_all__1.npy,animal_abuse
Pistachio/VAD/vit-features/train/anomaly/commercial_anomaly_less/animal_abuse/000000062465_all__2.npy,animal_abuse
Pistachio/VAD/vit-features/train/anomaly/commercial_anomaly_less/animal_abuse/000000062465_all__3.npy,animal_abuse
Pistachio/VAD/vit-features/train/anomaly/commercial_anomaly_less/animal_abuse/000000062465_all__4.npy,animal_abuse
Pistachio/VAD/vit-features/train/anomaly/commercial_anomaly_less/animal_abuse/000000062465_all__5.npy,animal_abuse
Pistachio/VAD/vit-features/train/anomaly/commercial_anomaly_less/animal_abuse/000000062465_all__6.npy,animal_abuse
Pistachio/VAD/vit-features/train/anomaly/commercial_anomaly_less/animal_abuse/000000062465_all__7.npy,animal_abuse
Pistachio/VAD/vit-features/train/anomaly/commercial_anomaly_less/animal_abuse/000000062465_all__8.npy,animal_abuse
Pistachio/VAD/vit-features/train/anomaly/commercial_anomaly_less/animal_abuse/000000062465_all__9.npy,animal_abuse
Pistachio/VAD/vit-features/train/anomaly/commercial_anomaly_less/animal_abuse/000000102211_all__0.npy,animal_abuse
Pistachio/VAD/vit-features/train/anomaly/commercial_anomaly_less/animal_abuse/000000102211_all__1.npy,animal_abuse
Pistachio/VAD/vit-features/train/anomaly/commercial_anomaly_less/animal_abuse/000000102211_all__2.npy,animal_abuse
Pistachio/VAD/vit-features/train/anomaly/commercial_anomaly_less/animal_abuse/000000102211_all__3.npy,animal_abuse
Pistachio/VAD/vit-features/train/anomaly/commercial_anomaly_less/animal_abuse/000000102211_all__4.npy,animal_abuse
Pistachio/VAD/vit-features/train/anomaly/commercial_anomaly_less/animal_abuse/000000102211_all__5.npy,animal_abuse
Pistachio/VAD/vit-features/train/anomaly/commercial_anomaly_less/animal_abuse/000000102211_all__6.npy,animal_abuse
Pistachio/VAD/vit-features/train/anomaly/commercial_anomaly_less/animal_abuse/000000102211_all__7.npy,animal_abuse
Pistachio/VAD/vit-features/train/anomaly/commercial_anomaly_less/animal_abuse/000000102211_all__8.npy,animal_abuse
Pistachio/VAD/vit-features/train/anomaly/commercial_anomaly_less/animal_abuse/000000102211_all__9.npy,animal_abuse
Pistachio/VAD/vit-features/train/anomaly/commercial_anomaly_less/animal_abuse/000000105413_all__0.npy,animal_abuse
Pistachio/VAD/vit-features/train/anomaly/commercial_anomaly_less/animal_abuse/000000105413_all__1.npy,animal_abuse
Pistachio/VAD/vit-features/train/anomaly/commercial_anomaly_less/animal_abuse/000000105413_all__2.npy,animal_abuse
Pistachio/VAD/vit-features/train/anomaly/commercial_anomaly_less/animal_abuse/000000105413_all__3.npy,animal_abuse
Pistachio/VAD/vit-features/train/anomaly/commercial_anomaly_less/animal_abuse/000000105413_all__4.npy,animal_abuse
Pistachio/VAD/vit-features/train/anomaly/commercial_anomaly_less/animal_abuse/000000105413_all__5.npy,animal_abuse
Pistachio/VAD/vit-features/train/anomaly/commercial_anomaly_less/animal_abuse/000000105413_all__6.npy,animal_abuse
Pistachio/VAD/vit-features/train/anomaly/commercial_anomaly_less/animal_abuse/000000105413_all__7.npy,animal_abuse
Pistachio/VAD/vit-features/train/anomaly/commercial_anomaly_less/animal_abuse/000000105413_all__8.npy,animal_abuse
Pistachio/VAD/vit-features/train/anomaly/commercial_anomaly_less/animal_abuse/000000105413_all__9.npy,animal_abuse
Pistachio/VAD/vit-features/train/anomaly/commercial_anomaly_less/animal_abuse/000000116922_all__0.npy,animal_abuse
Pistachio/VAD/vit-features/train/anomaly/commercial_anomaly_less/animal_abuse/000000116922_all__1.npy,animal_abuse
Pistachio/VAD/vit-features/train/anomaly/commercial_anomaly_less/animal_abuse/000000116922_all__2.npy,animal_abuse
Pistachio/VAD/vit-features/train/anomaly/commercial_anomaly_less/animal_abuse/000000116922_all__3.npy,animal_abuse
Pistachio/VAD/vit-features/train/anomaly/commercial_anomaly_less/animal_abuse/000000116922_all__4.npy,animal_abuse
Pistachio/VAD/vit-features/train/anomaly/commercial_anomaly_less/animal_abuse/000000116922_all__5.npy,animal_abuse
Pistachio/VAD/vit-features/train/anomaly/commercial_anomaly_less/animal_abuse/000000116922_all__6.npy,animal_abuse
Pistachio/VAD/vit-features/train/anomaly/commercial_anomaly_less/animal_abuse/000000116922_all__7.npy,animal_abuse
Pistachio/VAD/vit-features/train/anomaly/commercial_anomaly_less/animal_abuse/000000116922_all__8.npy,animal_abuse
Pistachio/VAD/vit-features/train/anomaly/commercial_anomaly_less/animal_abuse/000000116922_all__9.npy,animal_abuse
Pistachio/VAD/vit-features/train/anomaly/commercial_anomaly_less/animal_abuse/000000127591_all__0.npy,animal_abuse
Pistachio/VAD/vit-features/train/anomaly/commercial_anomaly_less/animal_abuse/000000127591_all__1.npy,animal_abuse
Pistachio/VAD/vit-features/train/anomaly/commercial_anomaly_less/animal_abuse/000000127591_all__2.npy,animal_abuse
Pistachio/VAD/vit-features/train/anomaly/commercial_anomaly_less/animal_abuse/000000127591_all__3.npy,animal_abuse
Pistachio/VAD/vit-features/train/anomaly/commercial_anomaly_less/animal_abuse/000000127591_all__4.npy,animal_abuse
Pistachio/VAD/vit-features/train/anomaly/commercial_anomaly_less/animal_abuse/000000127591_all__5.npy,animal_abuse
Pistachio/VAD/vit-features/train/anomaly/commercial_anomaly_less/animal_abuse/000000127591_all__6.npy,animal_abuse
Pistachio/VAD/vit-features/train/anomaly/commercial_anomaly_less/animal_abuse/000000127591_all__7.npy,animal_abuse
Pistachio/VAD/vit-features/train/anomaly/commercial_anomaly_less/animal_abuse/000000127591_all__8.npy,animal_abuse
Pistachio/VAD/vit-features/train/anomaly/commercial_anomaly_less/animal_abuse/000000127591_all__9.npy,animal_abuse
Pistachio/VAD/vit-features/train/anomaly/commercial_anomaly_less/animal_abuse/000000156345_all__0.npy,animal_abuse
Pistachio/VAD/vit-features/train/anomaly/commercial_anomaly_less/animal_abuse/000000156345_all__1.npy,animal_abuse
Pistachio/VAD/vit-features/train/anomaly/commercial_anomaly_less/animal_abuse/000000156345_all__2.npy,animal_abuse
Pistachio/VAD/vit-features/train/anomaly/commercial_anomaly_less/animal_abuse/000000156345_all__3.npy,animal_abuse
Pistachio/VAD/vit-features/train/anomaly/commercial_anomaly_less/animal_abuse/000000156345_all__4.npy,animal_abuse
Pistachio/VAD/vit-features/train/anomaly/commercial_anomaly_less/animal_abuse/000000156345_all__5.npy,animal_abuse
Pistachio/VAD/vit-features/train/anomaly/commercial_anomaly_less/animal_abuse/000000156345_all__6.npy,animal_abuse
Pistachio/VAD/vit-features/train/anomaly/commercial_anomaly_less/animal_abuse/000000156345_all__7.npy,animal_abuse
Pistachio/VAD/vit-features/train/anomaly/commercial_anomaly_less/animal_abuse/000000156345_all__8.npy,animal_abuse
Pistachio/VAD/vit-features/train/anomaly/commercial_anomaly_less/animal_abuse/000000156345_all__9.npy,animal_abuse
Pistachio/VAD/vit-features/train/anomaly/commercial_anomaly_less/animal_abuse/000000157280_all__0.npy,animal_abuse
Pistachio/VAD/vit-features/train/anomaly/commercial_anomaly_less/animal_abuse/000000157280_all__1.npy,animal_abuse
Pistachio/VAD/vit-features/train/anomaly/commercial_anomaly_less/animal_abuse/000000157280_all__2.npy,animal_abuse
Pistachio/VAD/vit-features/train/anomaly/commercial_anomaly_less/animal_abuse/000000157280_all__3.npy,animal_abuse
Pistachio/VAD/vit-features/train/anomaly/commercial_anomaly_less/animal_abuse/000000157280_all__4.npy,animal_abuse
Pistachio/VAD/vit-features/train/anomaly/commercial_anomaly_less/animal_abuse/000000157280_all__5.npy,animal_abuse
Pistachio/VAD/vit-features/train/anomaly/commercial_anomaly_less/animal_abuse/000000157280_all__6.npy,animal_abuse
Pistachio/VAD/vit-features/train/anomaly/commercial_anomaly_less/animal_abuse/000000157280_all__7.npy,animal_abuse
Pistachio/VAD/vit-features/train/anomaly/commercial_anomaly_less/animal_abuse/000000157280_all__8.npy,animal_abuse
Pistachio/VAD/vit-features/train/anomaly/commercial_anomaly_less/animal_abuse/000000157280_all__9.npy,animal_abuse
Pistachio/VAD/vit-features/train/anomaly/commercial_anomaly_less/animal_attack_or_fight/000000050142_all__0.npy,animal_attack_or_fight
Pistachio/VAD/vit-features/train/anomaly/commercial_anomaly_less/animal_attack_or_fight/000000050142_all__1.npy,animal_attack_or_fight
Pistachio/VAD/vit-features/train/anomaly/commercial_anomaly_less/animal_attack_or_fight/000000050142_all__2.npy,animal_attack_or_fight
Pistachio/VAD/vit-features/train/anomaly/commercial_anomaly_less/animal_attack_or_fight/000000050142_all__3.npy,animal_attack_or_fight
Pistachio/VAD/vit-features/train/anomaly/commercial_anomaly_less/animal_attack_or_fight/000000050142_all__4.npy,animal_attack_or_fight
Pistachio/VAD/vit-features/train/anomaly/commercial_anomaly_less/animal_attack_or_fight/000000050142_all__5.npy,animal_attack_or_fight
Pistachio/VAD/vit-features/train/anomaly/commercial_anomaly_less/animal_attack_or_fight/000000050142_all__6.npy,animal_attack_or_fight
Pistachio/VAD/vit-features/train/anomaly/commercial_anomaly_less/animal_attack_or_fight/000000050142_all__7.npy,animal_attack_or_fight
Pistachio/VAD/vit-features/train/anomaly/commercial_anomaly_less/animal_attack_or_fight/000000050142_all__8.npy,animal_attack_or_fight
Pistachio/VAD/vit-features/train/anomaly/commercial_anomaly_less/animal_attack_or_fight/000000050142_all__9.npy,animal_attack_or_fight
Pistachio/VAD/vit-features/train/anomaly/commercial_anomaly_less/animal_attack_or_fight/000000053314_all__0.npy,animal_attack_or_fight
Pistachio/VAD/vit-features/train/anomaly/commercial_anomaly_less/animal_attack_or_fight/000000053314_all__1.npy,animal_attack_or_fight
Pistachio/VAD/vit-features/train/anomaly/commercial_anomaly_less/animal_attack_or_fight/000000053314_all__2.npy,animal_attack_or_fight
Pistachio/VAD/vit-features/train/anomaly/commercial_anomaly_less/animal_attack_or_fight/000000053314_all__3.npy,animal_attack_or_fight
Pistachio/VAD/vit-features/train/anomaly/commercial_anomaly_less/animal_attack_or_fight/000000053314_all__4.npy,animal_attack_or_fight
Pistachio/VAD/vit-features/train/anomaly/commercial_anomaly_less/animal_attack_or_fight/000000053314_all__5.npy,animal_attack_or_fight
Pistachio/VAD/vit-features/train/anomaly/commercial_anomaly_less/animal_attack_or_fight/000000053314_all__6.npy,animal_attack_or_fight
Pistachio/VAD/vit-features/train/anomaly/commercial_anomaly_less/animal_attack_or_fight/000000053314_all__7.npy,animal_attack_or_fight
Pistachio/VAD/vit-features/train/anomaly/commercial_anomaly_less/animal_attack_or_fight/000000053314_all__8.npy,animal_attack_or_fight
Pistachio/VAD/vit-features/train/anomaly/commercial_anomaly_less/animal_attack_or_fight/000000053314_all__9.npy,animal_attack_or_fight
Pistachio/VAD/vit-features/train/anomaly/commercial_anomaly_less/explosion/000000018288_all__0.npy,explosion
Pistachio/VAD/vit-features/train/anomaly/commercial_anomaly_less/explosion/000000018288_all__1.npy,explosion
Pistachio/VAD/vit-features/train/anomaly/commercial_anomaly_less/explosion/000000018288_all__2.npy,explosion
Pistachio/VAD/vit-features/train/anomaly/commercial_anomaly_less/explosion/000000018288_all__3.npy,explosion
Pistachio/VAD/vit-features/train/anomaly/commercial_anomaly_less/explosion/000000018288_all__4.npy,explosion
Pistachio/VAD/vit-features/train/anomaly/commercial_anomaly_less/explosion/000000018288_all__5.npy,explosion
Pistachio/VAD/vit-features/train/anomaly/commercial_anomaly_less/explosion/000000018288_all__6.npy,explosion
Pistachio/VAD/vit-features/train/anomaly/commercial_anomaly_less/explosion/000000018288_all__7.npy,explosion
Pistachio/VAD/vit-features/train/anomaly/commercial_anomaly_less/explosion/000000018288_all__8.npy,explosion
Pistachio/VAD/vit-features/train/anomaly/commercial_anomaly_less/explosion/000000018288_all__9.npy,explosion
Pistachio/VAD/vit-features/train/anomaly/commercial_anomaly_less/explosion/000000028726_all__0.npy,explosion
Pistachio/VAD/vit-features/train/anomaly/commercial_anomaly_less/explosion/000000028726_all__1.npy,explosion
Pistachio/VAD/vit-features/train/anomaly/commercial_anomaly_less/explosion/000000028726_all__2.npy,explosion
Pistachio/VAD/vit-features/train/anomaly/commercial_anomaly_less/explosion/000000028726_all__3.npy,explosion
Pistachio/VAD/vit-features/train/anomaly/commercial_anomaly_less/explosion/000000028726_all__4.npy,explosion
Pistachio/VAD/vit-features/train/anomaly/commercial_anomaly_less/explosion/000000028726_all__5.npy,explosion
Pistachio/VAD/vit-features/train/anomaly/commercial_anomaly_less/explosion/000000028726_all__6.npy,explosion
Pistachio/VAD/vit-features/train/anomaly/commercial_anomaly_less/explosion/000000028726_all__7.npy,explosion
Pistachio/VAD/vit-features/train/anomaly/commercial_anomaly_less/explosion/000000028726_all__8.npy,explosion
Pistachio/VAD/vit-features/train/anomaly/commercial_anomaly_less/explosion/000000028726_all__9.npy,explosion
Pistachio/VAD/vit-features/train/anomaly/commercial_anomaly_less/explosion/000000031096_all__0.npy,explosion
Pistachio/VAD/vit-features/train/anomaly/commercial_anomaly_less/explosion/000000031096_all__1.npy,explosion
Pistachio/VAD/vit-features/train/anomaly/commercial_anomaly_less/explosion/000000031096_all__2.npy,explosion
Pistachio/VAD/vit-features/train/anomaly/commercial_anomaly_less/explosion/000000031096_all__3.npy,explosion
Pistachio/VAD/vit-features/train/anomaly/commercial_anomaly_less/explosion/000000031096_all__4.npy,explosion
Pistachio/VAD/vit-features/train/anomaly/commercial_anomaly_less/explosion/000000031096_all__5.npy,explosion
Pistachio/VAD/vit-features/train/anomaly/commercial_anomaly_less/explosion/000000031096_all__6.npy,explosion
Pistachio/VAD/vit-features/train/anomaly/commercial_anomaly_less/explosion/000000031096_all__7.npy,explosion
Pistachio/VAD/vit-features/train/anomaly/commercial_anomaly_less/explosion/000000031096_all__8.npy,explosion
Pistachio/VAD/vit-features/train/anomaly/commercial_anomaly_less/explosion/000000031096_all__9.npy,explosion
Pistachio/VAD/vit-features/train/anomaly/commercial_anomaly_less/explosion/000000031336_all__0.npy,explosion
Pistachio/VAD/vit-features/train/anomaly/commercial_anomaly_less/explosion/000000031336_all__1.npy,explosion
Pistachio/VAD/vit-features/train/anomaly/commercial_anomaly_less/explosion/000000031336_all__2.npy,explosion
Pistachio/VAD/vit-features/train/anomaly/commercial_anomaly_less/explosion/000000031336_all__3.npy,explosion
Pistachio/VAD/vit-features/train/anomaly/commercial_anomaly_less/explosion/000000031336_all__4.npy,explosion
Pistachio/VAD/vit-features/train/anomaly/commercial_anomaly_less/explosion/000000031336_all__5.npy,explosion
Pistachio/VAD/vit-features/train/anomaly/commercial_anomaly_less/explosion/000000031336_all__6.npy,explosion
Pistachio/VAD/vit-features/train/anomaly/commercial_anomaly_less/explosion/000000031336_all__7.npy,explosion
Pistachio/VAD/vit-features/train/anomaly/commercial_anomaly_less/explosion/000000031336_all__8.npy,explosion
Pistachio/VAD/vit-features/train/anomaly/commercial_anomaly_less/explosion/000000031336_all__9.npy,explosion
Pistachio/VAD/vit-features/train/anomaly/commercial_anomaly_less/explosion/000000038011_all__0.npy,explosion
Pistachio/VAD/vit-features/train/anomaly/commercial_anomaly_less/explosion/000000038011_all__1.npy,explosion
Pistachio/VAD/vit-features/train/anomaly/commercial_anomaly_less/explosion/000000038011_all__2.npy,explosion
Pistachio/VAD/vit-features/train/anomaly/commercial_anomaly_less/explosion/000000038011_all__3.npy,explosion
Pistachio/VAD/vit-features/train/anomaly/commercial_anomaly_less/explosion/000000038011_all__4.npy,explosion
Pistachio/VAD/vit-features/train/anomaly/commercial_anomaly_less/explosion/000000038011_all__5.npy,explosion
Pistachio/VAD/vit-features/train/anomaly/commercial_anomaly_less/explosion/000000038011_all__6.npy,explosion
Pistachio/VAD/vit-features/train/anomaly/commercial_anomaly_less/explosion/000000038011_all__7.npy,explosion
Pistachio/VAD/vit-features/train/anomaly/commercial_anomaly_less/explosion/000000038011_all__8.npy,explosion
Pistachio/VAD/vit-features/train/anomaly/commercial_anomaly_less/explosion/000000038011_all__9.npy,explosion
Pistachio/VAD/vit-features/train/anomaly/commercial_anomaly_less/explosion/000000041792_all__0.npy,explosion
Pistachio/VAD/vit-features/train/anomaly/commercial_anomaly_less/explosion/000000041792_all__1.npy,explosion
Pistachio/VAD/vit-features/train/anomaly/commercial_anomaly_less/explosion/000000041792_all__2.npy,explosion
Pistachio/VAD/vit-features/train/anomaly/commercial_anomaly_less/explosion/000000041792_all__3.npy,explosion
Pistachio/VAD/vit-features/train/anomaly/commercial_anomaly_less/explosion/000000041792_all__4.npy,explosion
Pistachio/VAD/vit-features/train/anomaly/commercial_anomaly_less/explosion/000000041792_all__5.npy,explosion
Pistachio/VAD/vit-features/train/anomaly/commercial_anomaly_less/explosion/000000041792_all__6.npy,explosion
Pistachio/VAD/vit-features/train/anomaly/commercial_anomaly_less/explosion/000000041792_all__7.npy,explosion
Pistachio/VAD/vit-features/train/anomaly/commercial_anomaly_less/explosion/000000041792_all__8.npy,explosion
Pistachio/VAD/vit-features/train/anomaly/commercial_anomaly_less/explosion/000000041792_all__9.npy,explosion
Pistachio/VAD/vit-features/train/anomaly/commercial_anomaly_less/explosion/000000047793_all__0.npy,explosion
Pistachio/VAD/vit-features/train/anomaly/commercial_anomaly_less/explosion/000000047793_all__1.npy,explosion
Pistachio/VAD/vit-features/train/anomaly/commercial_anomaly_less/explosion/000000047793_all__2.npy,explosion
Pistachio/VAD/vit-features/train/anomaly/commercial_anomaly_less/explosion/000000047793_all__3.npy,explosion
Pistachio/VAD/vit-features/train/anomaly/commercial_anomaly_less/explosion/000000047793_all__4.npy,explosion
Pistachio/VAD/vit-features/train/anomaly/commercial_anomaly_less/explosion/000000047793_all__5.npy,explosion
Pistachio/VAD/vit-features/train/anomaly/commercial_anomaly_less/explosion/000000047793_all__6.npy,explosion
Pistachio/VAD/vit-features/train/anomaly/commercial_anomaly_less/explosion/000000047793_all__7.npy,explosion
Pistachio/VAD/vit-features/train/anomaly/commercial_anomaly_less/explosion/000000047793_all__8.npy,explosion
Pistachio/VAD/vit-features/train/anomaly/commercial_anomaly_less/explosion/000000047793_all__9.npy,explosion
Pistachio/VAD/vit-features/train/anomaly/commercial_anomaly_less/explosion/000000050949_all__0.npy,explosion
Pistachio/VAD/vit-features/train/anomaly/commercial_anomaly_less/explosion/000000050949_all__1.npy,explosion
Pistachio/VAD/vit-features/train/anomaly/commercial_anomaly_less/explosion/000000050949_all__2.npy,explosion
Pistachio/VAD/vit-features/train/anomaly/commercial_anomaly_less/explosion/000000050949_all__3.npy,explosion
Pistachio/VAD/vit-features/train/anomaly/commercial_anomaly_less/explosion/000000050949_all__4.npy,explosion
Pistachio/VAD/vit-features/train/anomaly/commercial_anomaly_less/explosion/000000050949_all__5.npy,explosion
Pistachio/VAD/vit-features/train/anomaly/commercial_anomaly_less/explosion/000000050949_all__6.npy,explosion
Pistachio/VAD/vit-features/train/anomaly/commercial_anomaly_less/explosion/000000050949_all__7.npy,explosion
Pistachio/VAD/vit-features/train/anomaly/commercial_anomaly_less/explosion/000000050949_all__8.npy,explosion
Pistachio/VAD/vit-features/train/anomaly/commercial_anomaly_less/explosion/000000050949_all__9.npy,explosion
Pistachio/VAD/vit-features/train/anomaly/commercial_anomaly_less/explosion/000000052171_all__0.npy,explosion
Pistachio/VAD/vit-features/train/anomaly/commercial_anomaly_less/explosion/000000052171_all__1.npy,explosion
Pistachio/VAD/vit-features/train/anomaly/commercial_anomaly_less/explosion/000000052171_all__2.npy,explosion
Pistachio/VAD/vit-features/train/anomaly/commercial_anomaly_less/explosion/000000052171_all__3.npy,explosion
Pistachio/VAD/vit-features/train/anomaly/commercial_anomaly_less/explosion/000000052171_all__4.npy,explosion
Pistachio/VAD/vit-features/train/anomaly/commercial_anomaly_less/explosion/000000052171_all__5.npy,explosion
Pistachio/VAD/vit-features/train/anomaly/commercial_anomaly_less/explosion/000000052171_all__6.npy,explosion
Pistachio/VAD/vit-features/train/anomaly/commercial_anomaly_less/explosion/000000052171_all__7.npy,explosion
Pistachio/VAD/vit-features/train/anomaly/commercial_anomaly_less/explosion/000000052171_all__8.npy,explosion
Pistachio/VAD/vit-features/train/anomaly/commercial_anomaly_less/explosion/000000052171_all__9.npy,explosion
Pistachio/VAD/vit-features/train/anomaly/commercial_anomaly_less/explosion/000000053377_all__0.npy,explosion
Pistachio/VAD/vit-features/train/anomaly/commercial_anomaly_less/explosion/000000053377_all__1.npy,explosion
Pistachio/VAD/vit-features/train/anomaly/commercial_anomaly_less/explosion/000000053377_all__2.npy,explosion
Pistachio/VAD/vit-features/train/anomaly/commercial_anomaly_less/explosion/000000053377_all__3.npy,explosion
Pistachio/VAD/vit-features/train/anomaly/commercial_anomaly_less/explosion/000000053377_all__4.npy,explosion
Pistachio/VAD/vit-features/train/anomaly/commercial_anomaly_less/explosion/000000053377_all__5.npy,explosion
Pistachio/VAD/vit-features/train/anomaly/commercial_anomaly_less/explosion/000000053377_all__6.npy,explosion
Pistachio/VAD/vit-features/train/anomaly/commercial_anomaly_less/explosion/000000053377_all__7.npy,explosion
Pistachio/VAD/vit-features/train/anomaly/commercial_anomaly_less/explosion/000000053377_all__8.npy,explosion
Pistachio/VAD/vit-features/train/anomaly/commercial_anomaly_less/explosion/000000053377_all__9.npy,explosion
Pistachio/VAD/vit-features/train/anomaly/commercial_anomaly_less/explosion/000000060067_all__0.npy,explosion
Pistachio/VAD/vit-features/train/anomaly/commercial_anomaly_less/explosion/000000060067_all__1.npy,explosion
Pistachio/VAD/vit-features/train/anomaly/commercial_anomaly_less/explosion/000000060067_all__2.npy,explosion
Pistachio/VAD/vit-features/train/anomaly/commercial_anomaly_less/explosion/000000060067_all__3.npy,explosion
Pistachio/VAD/vit-features/train/anomaly/commercial_anomaly_less/explosion/000000060067_all__4.npy,explosion
Pistachio/VAD/vit-features/train/anomaly/commercial_anomaly_less/explosion/000000060067_all__5.npy,explosion
Pistachio/VAD/vit-features/train/anomaly/commercial_anomaly_less/explosion/000000060067_all__6.npy,explosion
Pistachio/VAD/vit-features/train/anomaly/commercial_anomaly_less/explosion/000000060067_all__7.npy,explosion
Pistachio/VAD/vit-features/train/anomaly/commercial_anomaly_less/explosion/000000060067_all__8.npy,explosion
Pistachio/VAD/vit-features/train/anomaly/commercial_anomaly_less/explosion/000000060067_all__9.npy,explosion
Pistachio/VAD/vit-features/train/anomaly/commercial_anomaly_less/explosion/000000079109_all__0.npy,explosion
Pistachio/VAD/vit-features/train/anomaly/commercial_anomaly_less/explosion/000000079109_all__1.npy,explosion
Pistachio/VAD/vit-features/train/anomaly/commercial_anomaly_less/explosion/000000079109_all__2.npy,explosion
Pistachio/VAD/vit-features/train/anomaly/commercial_anomaly_less/explosion/000000079109_all__3.npy,explosion
Pistachio/VAD/vit-features/train/anomaly/commercial_anomaly_less/explosion/000000079109_all__4.npy,explosion
Pistachio/VAD/vit-features/train/anomaly/commercial_anomaly_less/explosion/000000079109_all__5.npy,explosion
Pistachio/VAD/vit-features/train/anomaly/commercial_anomaly_less/explosion/000000079109_all__6.npy,explosion
Pistachio/VAD/vit-features/train/anomaly/commercial_anomaly_less/explosion/000000079109_all__7.npy,explosion
Pistachio/VAD/vit-features/train/anomaly/commercial_anomaly_less/explosion/000000079109_all__8.npy,explosion
Pistachio/VAD/vit-features/train/anomaly/commercial_anomaly_less/explosion/000000079109_all__9.npy,explosion
Pistachio/VAD/vit-features/train/anomaly/commercial_anomaly_less/explosion/000000108172_all__0.npy,explosion
Pistachio/VAD/vit-features/train/anomaly/commercial_anomaly_less/explosion/000000108172_all__1.npy,explosion
Pistachio/VAD/vit-features/train/anomaly/commercial_anomaly_less/explosion/000000108172_all__2.npy,explosion
Pistachio/VAD/vit-features/train/anomaly/commercial_anomaly_less/explosion/000000108172_all__3.npy,explosion
Pistachio/VAD/vit-features/train/anomaly/commercial_anomaly_less/explosion/000000108172_all__4.npy,explosion
Pistachio/VAD/vit-features/train/anomaly/commercial_anomaly_less/explosion/000000108172_all__5.npy,explosion
Pistachio/VAD/vit-features/train/anomaly/commercial_anomaly_less/explosion/000000108172_all__6.npy,explosion
Pistachio/VAD/vit-features/train/anomaly/commercial_anomaly_less/explosion/000000108172_all__7.npy,explosion
Pistachio/VAD/vit-features/train/anomaly/commercial_anomaly_less/explosion/000000108172_all__8.npy,explosion
Pistachio/VAD/vit-features/train/anomaly/commercial_anomaly_less/explosion/000000108172_all__9.npy,explosion
Pistachio/VAD/vit-features/train/anomaly/commercial_anomaly_less/explosion/000000154998_all__0.npy,explosion
Pistachio/VAD/vit-features/train/anomaly/commercial_anomaly_less/explosion/000000154998_all__1.npy,explosion
Pistachio/VAD/vit-features/train/anomaly/commercial_anomaly_less/explosion/000000154998_all__2.npy,explosion
Pistachio/VAD/vit-features/train/anomaly/commercial_anomaly_less/explosion/000000154998_all__3.npy,explosion
Pistachio/VAD/vit-features/train/anomaly/commercial_anomaly_less/explosion/000000154998_all__4.npy,explosion
Pistachio/VAD/vit-features/train/anomaly/commercial_anomaly_less/explosion/000000154998_all__5.npy,explosion
Pistachio/VAD/vit-features/train/anomaly/commercial_anomaly_less/explosion/000000154998_all__6.npy,explosion
Pistachio/VAD/vit-features/train/anomaly/commercial_anomaly_less/explosion/000000154998_all__7.npy,explosion
Pistachio/VAD/vit-features/train/anomaly/commercial_anomaly_less/explosion/000000154998_all__8.npy,explosion
Pistachio/VAD/vit-features/train/anomaly/commercial_anomaly_less/explosion/000000154998_all__9.npy,explosion
Pistachio/VAD/vit-features/train/anomaly/commercial_anomaly_less/explosion/000000161684_all__0.npy,explosion
Pistachio/VAD/vit-features/train/anomaly/commercial_anomaly_less/explosion/000000161684_all__1.npy,explosion
Pistachio/VAD/vit-features/train/anomaly/commercial_anomaly_less/explosion/000000161684_all__2.npy,explosion
Pistachio/VAD/vit-features/train/anomaly/commercial_anomaly_less/explosion/000000161684_all__3.npy,explosion
Pistachio/VAD/vit-features/train/anomaly/commercial_anomaly_less/explosion/000000161684_all__4.npy,explosion
Pistachio/VAD/vit-features/train/anomaly/commercial_anomaly_less/explosion/000000161684_all__5.npy,explosion
Pistachio/VAD/vit-features/train/anomaly/commercial_anomaly_less/explosion/000000161684_all__6.npy,explosion
Pistachio/VAD/vit-features/train/anomaly/commercial_anomaly_less/explosion/000000161684_all__7.npy,explosion
Pistachio/VAD/vit-features/train/anomaly/commercial_anomaly_less/explosion/000000161684_all__8.npy,explosion
Pistachio/VAD/vit-features/train/anomaly/commercial_anomaly_less/explosion/000000161684_all__9.npy,explosion
Pistachio/VAD/vit-features/train/anomaly/commercial_anomaly_less/explosion/000000196284_all__0.npy,explosion
Pistachio/VAD/vit-features/train/anomaly/commercial_anomaly_less/explosion/000000196284_all__1.npy,explosion
Pistachio/VAD/vit-features/train/anomaly/commercial_anomaly_less/explosion/000000196284_all__2.npy,explosion
Pistachio/VAD/vit-features/train/anomaly/commercial_anomaly_less/explosion/000000196284_all__3.npy,explosion
Pistachio/VAD/vit-features/train/anomaly/commercial_anomaly_less/explosion/000000196284_all__4.npy,explosion
Pistachio/VAD/vit-features/train/anomaly/commercial_anomaly_less/explosion/000000196284_all__5.npy,explosion
Pistachio/VAD/vit-features/train/anomaly/commercial_anomaly_less/explosion/000000196284_all__6.npy,explosion
Pistachio/VAD/vit-features/train/anomaly/commercial_anomaly_less/explosion/000000196284_all__7.npy,explosion
Pistachio/VAD/vit-features/train/anomaly/commercial_anomaly_less/explosion/000000196284_all__8.npy,explosion
Pistachio/VAD/vit-features/train/anomaly/commercial_anomaly_less/explosion/000000196284_all__9.npy,explosion
Pistachio/VAD/vit-features/train/anomaly/commercial_anomaly_less/explosion/000000198842_all__0.npy,explosion
Pistachio/VAD/vit-features/train/anomaly/commercial_anomaly_less/explosion/000000198842_all__1.npy,explosion
Pistachio/VAD/vit-features/train/anomaly/commercial_anomaly_less/explosion/000000198842_all__2.npy,explosion
Pistachio/VAD/vit-features/train/anomaly/commercial_anomaly_less/explosion/000000198842_all__3.npy,explosion
Pistachio/VAD/vit-features/train/anomaly/commercial_anomaly_less/explosion/000000198842_all__4.npy,explosion
Pistachio/VAD/vit-features/train/anomaly/commercial_anomaly_less/explosion/000000198842_all__5.npy,explosion
Pistachio/VAD/vit-features/train/anomaly/commercial_anomaly_less/explosion/000000198842_all__6.npy,explosion
Pistachio/VAD/vit-features/train/anomaly/commercial_anomaly_less/explosion/000000198842_all__7.npy,explosion
Pistachio/VAD/vit-features/train/anomaly/commercial_anomaly_less/explosion/000000198842_all__8.npy,explosion
Pistachio/VAD/vit-features/train/anomaly/commercial_anomaly_less/explosion/000000198842_all__9.npy,explosion
Pistachio/VAD/vit-features/train/anomaly/commercial_anomaly_less/explosion/000000363967_all__0.npy,explosion
Pistachio/VAD/vit-features/train/anomaly/commercial_anomaly_less/explosion/000000363967_all__1.npy,explosion
Pistachio/VAD/vit-features/train/anomaly/commercial_anomaly_less/explosion/000000363967_all__2.npy,explosion
Pistachio/VAD/vit-features/train/anomaly/commercial_anomaly_less/explosion/000000363967_all__3.npy,explosion
Pistachio/VAD/vit-features/train/anomaly/commercial_anomaly_less/explosion/000000363967_all__4.npy,explosion
Pistachio/VAD/vit-features/train/anomaly/commercial_anomaly_less/explosion/000000363967_all__5.npy,explosion
Pistachio/VAD/vit-features/train/anomaly/commercial_anomaly_less/explosion/000000363967_all__6.npy,explosion
Pistachio/VAD/vit-features/train/anomaly/commercial_anomaly_less/explosion/000000363967_all__7.npy,explosion
Pistachio/VAD/vit-features/train/anomaly/commercial_anomaly_less/explosion/000000363967_all__8.npy,explosion
Pistachio/VAD/vit-features/train/anomaly/commercial_anomaly_less/explosion/000000363967_all__9.npy,explosion
Pistachio/VAD/vit-features/train/anomaly/commercial_anomaly_less/falling_object_and_collapse/000000016498_all__0.npy,falling_object_and_collapse
Pistachio/VAD/vit-features/train/anomaly/commercial_anomaly_less/falling_object_and_collapse/000000016498_all__1.npy,falling_object_and_collapse
Pistachio/VAD/vit-features/train/anomaly/commercial_anomaly_less/falling_object_and_collapse/000000016498_all__2.npy,falling_object_and_collapse
Pistachio/VAD/vit-features/train/anomaly/commercial_anomaly_less/falling_object_and_collapse/000000016498_all__3.npy,falling_object_and_collapse
Pistachio/VAD/vit-features/train/anomaly/commercial_anomaly_less/falling_object_and_collapse/000000016498_all__4.npy,falling_object_and_collapse
Pistachio/VAD/vit-features/train/anomaly/commercial_anomaly_less/falling_object_and_collapse/000000016498_all__5.npy,falling_object_and_collapse
Pistachio/VAD/vit-features/train/anomaly/commercial_anomaly_less/falling_object_and_collapse/000000016498_all__6.npy,falling_object_and_collapse
Pistachio/VAD/vit-features/train/anomaly/commercial_anomaly_less/falling_object_and_collapse/000000016498_all__7.npy,falling_object_and_collapse
Pistachio/VAD/vit-features/train/anomaly/commercial_anomaly_less/falling_object_and_collapse/000000016498_all__8.npy,falling_object_and_collapse
Pistachio/VAD/vit-features/train/anomaly/commercial_anomaly_less/falling_object_and_collapse/000000016498_all__9.npy,falling_object_and_collapse
Pistachio/VAD/vit-features/train/anomaly/commercial_anomaly_less/falling_object_and_collapse/000000016866_all__0.npy,falling_object_and_collapse
Pistachio/VAD/vit-features/train/anomaly/commercial_anomaly_less/falling_object_and_collapse/000000016866_all__1.npy,falling_object_and_collapse
Pistachio/VAD/vit-features/train/anomaly/commercial_anomaly_less/falling_object_and_collapse/000000016866_all__2.npy,falling_object_and_collapse
Pistachio/VAD/vit-features/train/anomaly/commercial_anomaly_less/falling_object_and_collapse/000000016866_all__3.npy,falling_object_and_collapse
Pistachio/VAD/vit-features/train/anomaly/commercial_anomaly_less/falling_object_and_collapse/000000016866_all__4.npy,falling_object_and_collapse
Pistachio/VAD/vit-features/train/anomaly/commercial_anomaly_less/falling_object_and_collapse/000000016866_all__5.npy,falling_object_and_collapse
Pistachio/VAD/vit-features/train/anomaly/commercial_anomaly_less/falling_object_and_collapse/000000016866_all__6.npy,falling_object_and_collapse
Pistachio/VAD/vit-features/train/anomaly/commercial_anomaly_less/falling_object_and_collapse/000000016866_all__7.npy,falling_object_and_collapse
Pistachio/VAD/vit-features/train/anomaly/commercial_anomaly_less/falling_object_and_collapse/000000016866_all__8.npy,falling_object_and_collapse
Pistachio/VAD/vit-features/train/anomaly/commercial_anomaly_less/falling_object_and_collapse/000000016866_all__9.npy,falling_object_and_collapse
Pistachio/VAD/vit-features/train/anomaly/commercial_anomaly_less/falling_object_and_collapse/000000016936_all__0.npy,falling_object_and_collapse
Pistachio/VAD/vit-features/train/anomaly/commercial_anomaly_less/falling_object_and_collapse/000000016936_all__1.npy,falling_object_and_collapse
Pistachio/VAD/vit-features/train/anomaly/commercial_anomaly_less/falling_object_and_collapse/000000016936_all__2.npy,falling_object_and_collapse
Pistachio/VAD/vit-features/train/anomaly/commercial_anomaly_less/falling_object_and_collapse/000000016936_all__3.npy,falling_object_and_collapse
Pistachio/VAD/vit-features/train/anomaly/commercial_anomaly_less/falling_object_and_collapse/000000016936_all__4.npy,falling_object_and_collapse
Pistachio/VAD/vit-features/train/anomaly/commercial_anomaly_less/falling_object_and_collapse/000000016936_all__5.npy,falling_object_and_collapse
Pistachio/VAD/vit-features/train/anomaly/commercial_anomaly_less/falling_object_and_collapse/000000016936_all__6.npy,falling_object_and_collapse
Pistachio/VAD/vit-features/train/anomaly/commercial_anomaly_less/falling_object_and_collapse/000000016936_all__7.npy,falling_object_and_collapse
Pistachio/VAD/vit-features/train/anomaly/commercial_anomaly_less/falling_object_and_collapse/000000016936_all__8.npy,falling_object_and_collapse
Pistachio/VAD/vit-features/train/anomaly/commercial_anomaly_less/falling_object_and_collapse/000000016936_all__9.npy,falling_object_and_collapse
Pistachio/VAD/vit-features/train/anomaly/commercial_anomaly_less/falling_object_and_collapse/000000017857_all__0.npy,falling_object_and_collapse
Pistachio/VAD/vit-features/train/anomaly/commercial_anomaly_less/falling_object_and_collapse/000000017857_all__1.npy,falling_object_and_collapse
Pistachio/VAD/vit-features/train/anomaly/commercial_anomaly_less/falling_object_and_collapse/000000017857_all__2.npy,falling_object_and_collapse
Pistachio/VAD/vit-features/train/anomaly/commercial_anomaly_less/falling_object_and_collapse/000000017857_all__3.npy,falling_object_and_collapse
Pistachio/VAD/vit-features/train/anomaly/commercial_anomaly_less/falling_object_and_collapse/000000017857_all__4.npy,falling_object_and_collapse
Pistachio/VAD/vit-features/train/anomaly/commercial_anomaly_less/falling_object_and_collapse/000000017857_all__5.npy,falling_object_and_collapse
Pistachio/VAD/vit-features/train/anomaly/commercial_anomaly_less/falling_object_and_collapse/000000017857_all__6.npy,falling_object_and_collapse
Pistachio/VAD/vit-features/train/anomaly/commercial_anomaly_less/falling_object_and_collapse/000000017857_all__7.npy,falling_object_and_collapse
Pistachio/VAD/vit-features/train/anomaly/commercial_anomaly_less/falling_object_and_collapse/000000017857_all__8.npy,falling_object_and_collapse
Pistachio/VAD/vit-features/train/anomaly/commercial_anomaly_less/falling_object_and_collapse/000000017857_all__9.npy,falling_object_and_collapse
Pistachio/VAD/vit-features/train/anomaly/commercial_anomaly_less/falling_object_and_collapse/000000018500_all__0.npy,falling_object_and_collapse
Pistachio/VAD/vit-features/train/anomaly/commercial_anomaly_less/falling_object_and_collapse/000000018500_all__1.npy,falling_object_and_collapse
Pistachio/VAD/vit-features/train/anomaly/commercial_anomaly_less/falling_object_and_collapse/000000018500_all__2.npy,falling_object_and_collapse
Pistachio/VAD/vit-features/train/anomaly/commercial_anomaly_less/falling_object_and_collapse/000000018500_all__3.npy,falling_object_and_collapse
Pistachio/VAD/vit-features/train/anomaly/commercial_anomaly_less/falling_object_and_collapse/000000018500_all__4.npy,falling_object_and_collapse
Pistachio/VAD/vit-features/train/anomaly/commercial_anomaly_less/falling_object_and_collapse/000000018500_all__5.npy,falling_object_and_collapse
Pistachio/VAD/vit-features/train/anomaly/commercial_anomaly_less/falling_object_and_collapse/000000018500_all__6.npy,falling_object_and_collapse
Pistachio/VAD/vit-features/train/anomaly/commercial_anomaly_less/falling_object_and_collapse/000000018500_all__7.npy,falling_object_and_collapse
Pistachio/VAD/vit-features/train/anomaly/commercial_anomaly_less/falling_object_and_collapse/000000018500_all__8.npy,falling_object_and_collapse
Pistachio/VAD/vit-features/train/anomaly/commercial_anomaly_less/falling_object_and_collapse/000000018500_all__9.npy,falling_object_and_collapse
Pistachio/VAD/vit-features/train/anomaly/commercial_anomaly_less/falling_object_and_collapse/000000024461_all__0.npy,falling_object_and_collapse
Pistachio/VAD/vit-features/train/anomaly/commercial_anomaly_less/falling_object_and_collapse/000000024461_all__1.npy,falling_object_and_collapse
Pistachio/VAD/vit-features/train/anomaly/commercial_anomaly_less/falling_object_and_collapse/000000024461_all__2.npy,falling_object_and_collapse
Pistachio/VAD/vit-features/train/anomaly/commercial_anomaly_less/falling_object_and_collapse/000000024461_all__3.npy,falling_object_and_collapse
Pistachio/VAD/vit-features/train/anomaly/commercial_anomaly_less/falling_object_and_collapse/000000024461_all__4.npy,falling_object_and_collapse
Pistachio/VAD/vit-features/train/anomaly/commercial_anomaly_less/falling_object_and_collapse/000000024461_all__5.npy,falling_object_and_collapse
Pistachio/VAD/vit-features/train/anomaly/commercial_anomaly_less/falling_object_and_collapse/000000024461_all__6.npy,falling_object_and_collapse
Pistachio/VAD/vit-features/train/anomaly/commercial_anomaly_less/falling_object_and_collapse/000000024461_all__7.npy,falling_object_and_collapse
Pistachio/VAD/vit-features/train/anomaly/commercial_anomaly_less/falling_object_and_collapse/000000024461_all__8.npy,falling_object_and_collapse
Pistachio/VAD/vit-features/train/anomaly/commercial_anomaly_less/falling_object_and_collapse/000000024461_all__9.npy,falling_object_and_collapse
Pistachio/VAD/vit-features/train/anomaly/commercial_anomaly_less/falling_object_and_collapse/000000025707_all__0.npy,falling_object_and_collapse
Pistachio/VAD/vit-features/train/anomaly/commercial_anomaly_less/falling_object_and_collapse/000000025707_all__1.npy,falling_object_and_collapse
Pistachio/VAD/vit-features/train/anomaly/commercial_anomaly_less/falling_object_and_collapse/000000025707_all__2.npy,falling_object_and_collapse
Pistachio/VAD/vit-features/train/anomaly/commercial_anomaly_less/falling_object_and_collapse/000000025707_all__3.npy,falling_object_and_collapse
Pistachio/VAD/vit-features/train/anomaly/commercial_anomaly_less/falling_object_and_collapse/000000025707_all__4.npy,falling_object_and_collapse
Pistachio/VAD/vit-features/train/anomaly/commercial_anomaly_less/falling_object_and_collapse/000000025707_all__5.npy,falling_object_and_collapse
Pistachio/VAD/vit-features/train/anomaly/commercial_anomaly_less/falling_object_and_collapse/000000025707_all__6.npy,falling_object_and_collapse
Pistachio/VAD/vit-features/train/anomaly/commercial_anomaly_less/falling_object_and_collapse/000000025707_all__7.npy,falling_object_and_collapse
Pistachio/VAD/vit-features/train/anomaly/commercial_anomaly_less/falling_object_and_collapse/000000025707_all__8.npy,falling_object_and_collapse
Pistachio/VAD/vit-features/train/anomaly/commercial_anomaly_less/falling_object_and_collapse/000000025707_all__9.npy,falling_object_and_collapse
Pistachio/VAD/vit-features/train/anomaly/commercial_anomaly_less/falling_object_and_collapse/000000032062_all__0.npy,falling_object_and_collapse
Pistachio/VAD/vit-features/train/anomaly/commercial_anomaly_less/falling_object_and_collapse/000000032062_all__1.npy,falling_object_and_collapse
Pistachio/VAD/vit-features/train/anomaly/commercial_anomaly_less/falling_object_and_collapse/000000032062_all__2.npy,falling_object_and_collapse
Pistachio/VAD/vit-features/train/anomaly/commercial_anomaly_less/falling_object_and_collapse/000000032062_all__3.npy,falling_object_and_collapse
Pistachio/VAD/vit-features/train/anomaly/commercial_anomaly_less/falling_object_and_collapse/000000032062_all__4.npy,falling_object_and_collapse
Pistachio/VAD/vit-features/train/anomaly/commercial_anomaly_less/falling_object_and_collapse/000000032062_all__5.npy,falling_object_and_collapse
Pistachio/VAD/vit-features/train/anomaly/commercial_anomaly_less/falling_object_and_collapse/000000032062_all__6.npy,falling_object_and_collapse
Pistachio/VAD/vit-features/train/anomaly/commercial_anomaly_less/falling_object_and_collapse/000000032062_all__7.npy,falling_object_and_collapse
Pistachio/VAD/vit-features/train/anomaly/commercial_anomaly_less/falling_object_and_collapse/000000032062_all__8.npy,falling_object_and_collapse
Pistachio/VAD/vit-features/train/anomaly/commercial_anomaly_less/falling_object_and_collapse/000000032062_all__9.npy,falling_object_and_collapse
Pistachio/VAD/vit-features/train/anomaly/commercial_anomaly_less/falling_object_and_collapse/000000033819_all__0.npy,falling_object_and_collapse
Pistachio/VAD/vit-features/train/anomaly/commercial_anomaly_less/falling_object_and_collapse/000000033819_all__1.npy,falling_object_and_collapse
Pistachio/VAD/vit-features/train/anomaly/commercial_anomaly_less/falling_object_and_collapse/000000033819_all__2.npy,falling_object_and_collapse
Pistachio/VAD/vit-features/train/anomaly/commercial_anomaly_less/falling_object_and_collapse/000000033819_all__3.npy,falling_object_and_collapse
Pistachio/VAD/vit-features/train/anomaly/commercial_anomaly_less/falling_object_and_collapse/000000033819_all__4.npy,falling_object_and_collapse
Pistachio/VAD/vit-features/train/anomaly/commercial_anomaly_less/falling_object_and_collapse/000000033819_all__5.npy,falling_object_and_collapse
Pistachio/VAD/vit-features/train/anomaly/commercial_anomaly_less/falling_object_and_collapse/000000033819_all__6.npy,falling_object_and_collapse
Pistachio/VAD/vit-features/train/anomaly/commercial_anomaly_less/falling_object_and_collapse/000000033819_all__7.npy,falling_object_and_collapse
Pistachio/VAD/vit-features/train/anomaly/commercial_anomaly_less/falling_object_and_collapse/000000033819_all__8.npy,falling_object_and_collapse
Pistachio/VAD/vit-features/train/anomaly/commercial_anomaly_less/falling_object_and_collapse/000000033819_all__9.npy,falling_object_and_collapse
Pistachio/VAD/vit-features/train/anomaly/commercial_anomaly_less/falling_object_and_collapse/000000037034_all__0.npy,falling_object_and_collapse
Pistachio/VAD/vit-features/train/anomaly/commercial_anomaly_less/falling_object_and_collapse/000000037034_all__1.npy,falling_object_and_collapse
Pistachio/VAD/vit-features/train/anomaly/commercial_anomaly_less/falling_object_and_collapse/000000037034_all__2.npy,falling_object_and_collapse
Pistachio/VAD/vit-features/train/anomaly/commercial_anomaly_less/falling_object_and_collapse/000000037034_all__3.npy,falling_object_and_collapse
Pistachio/VAD/vit-features/train/anomaly/commercial_anomaly_less/falling_object_and_collapse/000000037034_all__4.npy,falling_object_and_collapse
Pistachio/VAD/vit-features/train/anomaly/commercial_anomaly_less/falling_object_and_collapse/000000037034_all__5.npy,falling_object_and_collapse
Pistachio/VAD/vit-features/train/anomaly/commercial_anomaly_less/falling_object_and_collapse/000000037034_all__6.npy,falling_object_and_collapse
Pistachio/VAD/vit-features/train/anomaly/commercial_anomaly_less/falling_object_and_collapse/000000037034_all__7.npy,falling_object_and_collapse
Pistachio/VAD/vit-features/train/anomaly/commercial_anomaly_less/falling_object_and_collapse/000000037034_all__8.npy,falling_object_and_collapse
Pistachio/VAD/vit-features/train/anomaly/commercial_anomaly_less/falling_object_and_collapse/000000037034_all__9.npy,falling_object_and_collapse
Pistachio/VAD/vit-features/train/anomaly/commercial_anomaly_less/falling_object_and_collapse/000000039294_all__0.npy,falling_object_and_collapse
Pistachio/VAD/vit-features/train/anomaly/commercial_anomaly_less/falling_object_and_collapse/000000039294_all__1.npy,falling_object_and_collapse
Pistachio/VAD/vit-features/train/anomaly/commercial_anomaly_less/falling_object_and_collapse/000000039294_all__2.npy,falling_object_and_collapse
Pistachio/VAD/vit-features/train/anomaly/commercial_anomaly_less/falling_object_and_collapse/000000039294_all__3.npy,falling_object_and_collapse
Pistachio/VAD/vit-features/train/anomaly/commercial_anomaly_less/falling_object_and_collapse/000000039294_all__4.npy,falling_object_and_collapse
Pistachio/VAD/vit-features/train/anomaly/commercial_anomaly_less/falling_object_and_collapse/000000039294_all__5.npy,falling_object_and_collapse
Pistachio/VAD/vit-features/train/anomaly/commercial_anomaly_less/falling_object_and_collapse/000000039294_all__6.npy,falling_object_and_collapse
Pistachio/VAD/vit-features/train/anomaly/commercial_anomaly_less/falling_object_and_collapse/000000039294_all__7.npy,falling_object_and_collapse
Pistachio/VAD/vit-features/train/anomaly/commercial_anomaly_less/falling_object_and_collapse/000000039294_all__8.npy,falling_object_and_collapse
Pistachio/VAD/vit-features/train/anomaly/commercial_anomaly_less/falling_object_and_collapse/000000039294_all__9.npy,falling_object_and_collapse
Pistachio/VAD/vit-features/train/anomaly/commercial_anomaly_less/falling_object_and_collapse/000000039370_all__0.npy,falling_object_and_collapse
Pistachio/VAD/vit-features/train/anomaly/commercial_anomaly_less/falling_object_and_collapse/000000039370_all__1.npy,falling_object_and_collapse
Pistachio/VAD/vit-features/train/anomaly/commercial_anomaly_less/falling_object_and_collapse/000000039370_all__2.npy,falling_object_and_collapse
Pistachio/VAD/vit-features/train/anomaly/commercial_anomaly_less/falling_object_and_collapse/000000039370_all__3.npy,falling_object_and_collapse
Pistachio/VAD/vit-features/train/anomaly/commercial_anomaly_less/falling_object_and_collapse/000000039370_all__4.npy,falling_object_and_collapse
Pistachio/VAD/vit-features/train/anomaly/commercial_anomaly_less/falling_object_and_collapse/000000039370_all__5.npy,falling_object_and_collapse
Pistachio/VAD/vit-features/train/anomaly/commercial_anomaly_less/falling_object_and_collapse/000000039370_all__6.npy,falling_object_and_collapse
Pistachio/VAD/vit-features/train/anomaly/commercial_anomaly_less/falling_object_and_collapse/000000039370_all__7.npy,falling_object_and_collapse
Pistachio/VAD/vit-features/train/anomaly/commercial_anomaly_less/falling_object_and_collapse/000000039370_all__8.npy,falling_object_and_collapse
Pistachio/VAD/vit-features/train/anomaly/commercial_anomaly_less/falling_object_and_collapse/000000039370_all__9.npy,falling_object_and_collapse
Pistachio/VAD/vit-features/train/anomaly/commercial_anomaly_less/falling_object_and_collapse/000000040253_all__0.npy,falling_object_and_collapse
Pistachio/VAD/vit-features/train/anomaly/commercial_anomaly_less/falling_object_and_collapse/000000040253_all__1.npy,falling_object_and_collapse
Pistachio/VAD/vit-features/train/anomaly/commercial_anomaly_less/falling_object_and_collapse/000000040253_all__2.npy,falling_object_and_collapse
Pistachio/VAD/vit-features/train/anomaly/commercial_anomaly_less/falling_object_and_collapse/000000040253_all__3.npy,falling_object_and_collapse
Pistachio/VAD/vit-features/train/anomaly/commercial_anomaly_less/falling_object_and_collapse/000000040253_all__4.npy,falling_object_and_collapse
Pistachio/VAD/vit-features/train/anomaly/commercial_anomaly_less/falling_object_and_collapse/000000040253_all__5.npy,falling_object_and_collapse
Pistachio/VAD/vit-features/train/anomaly/commercial_anomaly_less/falling_object_and_collapse/000000040253_all__6.npy,falling_object_and_collapse
Pistachio/VAD/vit-features/train/anomaly/commercial_anomaly_less/falling_object_and_collapse/000000040253_all__7.npy,falling_object_and_collapse
Pistachio/VAD/vit-features/train/anomaly/commercial_anomaly_less/falling_object_and_collapse/000000040253_all__8.npy,falling_object_and_collapse
Pistachio/VAD/vit-features/train/anomaly/commercial_anomaly_less/falling_object_and_collapse/000000040253_all__9.npy,falling_object_and_collapse
Pistachio/VAD/vit-features/train/anomaly/commercial_anomaly_less/falling_object_and_collapse/000000041928_all__0.npy,falling_object_and_collapse
Pistachio/VAD/vit-features/train/anomaly/commercial_anomaly_less/falling_object_and_collapse/000000041928_all__1.npy,falling_object_and_collapse
Pistachio/VAD/vit-features/train/anomaly/commercial_anomaly_less/falling_object_and_collapse/000000041928_all__2.npy,falling_object_and_collapse
Pistachio/VAD/vit-features/train/anomaly/commercial_anomaly_less/falling_object_and_collapse/000000041928_all__3.npy,falling_object_and_collapse
Pistachio/VAD/vit-features/train/anomaly/commercial_anomaly_less/falling_object_and_collapse/000000041928_all__4.npy,falling_object_and_collapse
Pistachio/VAD/vit-features/train/anomaly/commercial_anomaly_less/falling_object_and_collapse/000000041928_all__5.npy,falling_object_and_collapse
Pistachio/VAD/vit-features/train/anomaly/commercial_anomaly_less/falling_object_and_collapse/000000041928_all__6.npy,falling_object_and_collapse
Pistachio/VAD/vit-features/train/anomaly/commercial_anomaly_less/falling_object_and_collapse/000000041928_all__7.npy,falling_object_and_collapse
Pistachio/VAD/vit-features/train/anomaly/commercial_anomaly_less/falling_object_and_collapse/000000041928_all__8.npy,falling_object_and_collapse
Pistachio/VAD/vit-features/train/anomaly/commercial_anomaly_less/falling_object_and_collapse/000000041928_all__9.npy,falling_object_and_collapse
Pistachio/VAD/vit-features/train/anomaly/commercial_anomaly_less/falling_object_and_collapse/000000042379_all__0.npy,falling_object_and_collapse
Pistachio/VAD/vit-features/train/anomaly/commercial_anomaly_less/falling_object_and_collapse/000000042379_all__1.npy,falling_object_and_collapse
Pistachio/VAD/vit-features/train/anomaly/commercial_anomaly_less/falling_object_and_collapse/000000042379_all__2.npy,falling_object_and_collapse
Pistachio/VAD/vit-features/train/anomaly/commercial_anomaly_less/falling_object_and_collapse/000000042379_all__3.npy,falling_object_and_collapse
Pistachio/VAD/vit-features/train/anomaly/commercial_anomaly_less/falling_object_and_collapse/000000042379_all__4.npy,falling_object_and_collapse
Pistachio/VAD/vit-features/train/anomaly/commercial_anomaly_less/falling_object_and_collapse/000000042379_all__5.npy,falling_object_and_collapse
Pistachio/VAD/vit-features/train/anomaly/commercial_anomaly_less/falling_object_and_collapse/000000042379_all__6.npy,falling_object_and_collapse
Pistachio/VAD/vit-features/train/anomaly/commercial_anomaly_less/falling_object_and_collapse/000000042379_all__7.npy,falling_object_and_collapse
Pistachio/VAD/vit-features/train/anomaly/commercial_anomaly_less/falling_object_and_collapse/000000042379_all__8.npy,falling_object_and_collapse
Pistachio/VAD/vit-features/train/anomaly/commercial_anomaly_less/falling_object_and_collapse/000000042379_all__9.npy,falling_object_and_collapse
Pistachio/VAD/vit-features/train/anomaly/commercial_anomaly_less/falling_object_and_collapse/000000367777_all__0.npy,falling_object_and_collapse
Pistachio/VAD/vit-features/train/anomaly/commercial_anomaly_less/falling_object_and_collapse/000000367777_all__1.npy,falling_object_and_collapse
Pistachio/VAD/vit-features/train/anomaly/commercial_anomaly_less/falling_object_and_collapse/000000367777_all__2.npy,falling_object_and_collapse
Pistachio/VAD/vit-features/train/anomaly/commercial_anomaly_less/falling_object_and_collapse/000000367777_all__3.npy,falling_object_and_collapse
Pistachio/VAD/vit-features/train/anomaly/commercial_anomaly_less/falling_object_and_collapse/000000367777_all__4.npy,falling_object_and_collapse
Pistachio/VAD/vit-features/train/anomaly/commercial_anomaly_less/falling_object_and_collapse/000000367777_all__5.npy,falling_object_and_collapse
Pistachio/VAD/vit-features/train/anomaly/commercial_anomaly_less/falling_object_and_collapse/000000367777_all__6.npy,falling_object_and_collapse
Pistachio/VAD/vit-features/train/anomaly/commercial_anomaly_less/falling_object_and_collapse/000000367777_all__7.npy,falling_object_and_collapse
Pistachio/VAD/vit-features/train/anomaly/commercial_anomaly_less/falling_object_and_collapse/000000367777_all__8.npy,falling_object_and_collapse
Pistachio/VAD/vit-features/train/anomaly/commercial_anomaly_less/falling_object_and_collapse/000000367777_all__9.npy,falling_object_and_collapse
Pistachio/VAD/vit-features/train/anomaly/commercial_anomaly_less/falling_object_and_collapse/000000372006_all__0.npy,falling_object_and_collapse
Pistachio/VAD/vit-features/train/anomaly/commercial_anomaly_less/falling_object_and_collapse/000000372006_all__1.npy,falling_object_and_collapse
Pistachio/VAD/vit-features/train/anomaly/commercial_anomaly_less/falling_object_and_collapse/000000372006_all__2.npy,falling_object_and_collapse
Pistachio/VAD/vit-features/train/anomaly/commercial_anomaly_less/falling_object_and_collapse/000000372006_all__3.npy,falling_object_and_collapse
Pistachio/VAD/vit-features/train/anomaly/commercial_anomaly_less/falling_object_and_collapse/000000372006_all__4.npy,falling_object_and_collapse
Pistachio/VAD/vit-features/train/anomaly/commercial_anomaly_less/falling_object_and_collapse/000000372006_all__5.npy,falling_object_and_collapse
Pistachio/VAD/vit-features/train/anomaly/commercial_anomaly_less/falling_object_and_collapse/000000372006_all__6.npy,falling_object_and_collapse
Pistachio/VAD/vit-features/train/anomaly/commercial_anomaly_less/falling_object_and_collapse/000000372006_all__7.npy,falling_object_and_collapse
Pistachio/VAD/vit-features/train/anomaly/commercial_anomaly_less/falling_object_and_collapse/000000372006_all__8.npy,falling_object_and_collapse
Pistachio/VAD/vit-features/train/anomaly/commercial_anomaly_less/falling_object_and_collapse/000000372006_all__9.npy,falling_object_and_collapse
Pistachio/VAD/vit-features/train/anomaly/commercial_anomaly_less/fighting_and_physical_conflict/000000028376_all__0.npy,fighting_and_physical_conflict
Pistachio/VAD/vit-features/train/anomaly/commercial_anomaly_less/fighting_and_physical_conflict/000000028376_all__1.npy,fighting_and_physical_conflict
Pistachio/VAD/vit-features/train/anomaly/commercial_anomaly_less/fighting_and_physical_conflict/000000028376_all__2.npy,fighting_and_physical_conflict
Pistachio/VAD/vit-features/train/anomaly/commercial_anomaly_less/fighting_and_physical_conflict/000000028376_all__3.npy,fighting_and_physical_conflict
Pistachio/VAD/vit-features/train/anomaly/commercial_anomaly_less/fighting_and_physical_conflict/000000028376_all__4.npy,fighting_and_physical_conflict
Pistachio/VAD/vit-features/train/anomaly/commercial_anomaly_less/fighting_and_physical_conflict/000000028376_all__5.npy,fighting_and_physical_conflict
Pistachio/VAD/vit-features/train/anomaly/commercial_anomaly_less/fighting_and_physical_conflict/000000028376_all__6.npy,fighting_and_physical_conflict
Pistachio/VAD/vit-features/train/anomaly/commercial_anomaly_less/fighting_and_physical_conflict/000000028376_all__7.npy,fighting_and_physical_conflict
Pistachio/VAD/vit-features/train/anomaly/commercial_anomaly_less/fighting_and_physical_conflict/000000028376_all__8.npy,fighting_and_physical_conflict
Pistachio/VAD/vit-features/train/anomaly/commercial_anomaly_less/fighting_and_physical_conflict/000000028376_all__9.npy,fighting_and_physical_conflict
Pistachio/VAD/vit-features/train/anomaly/commercial_anomaly_less/fighting_and_physical_conflict/000000030164_all__0.npy,fighting_and_physical_conflict
Pistachio/VAD/vit-features/train/anomaly/commercial_anomaly_less/fighting_and_physical_conflict/000000030164_all__1.npy,fighting_and_physical_conflict
Pistachio/VAD/vit-features/train/anomaly/commercial_anomaly_less/fighting_and_physical_conflict/000000030164_all__2.npy,fighting_and_physical_conflict
Pistachio/VAD/vit-features/train/anomaly/commercial_anomaly_less/fighting_and_physical_conflict/000000030164_all__3.npy,fighting_and_physical_conflict
Pistachio/VAD/vit-features/train/anomaly/commercial_anomaly_less/fighting_and_physical_conflict/000000030164_all__4.npy,fighting_and_physical_conflict
Pistachio/VAD/vit-features/train/anomaly/commercial_anomaly_less/fighting_and_physical_conflict/000000030164_all__5.npy,fighting_and_physical_conflict
Pistachio/VAD/vit-features/train/anomaly/commercial_anomaly_less/fighting_and_physical_conflict/000000030164_all__6.npy,fighting_and_physical_conflict
Pistachio/VAD/vit-features/train/anomaly/commercial_anomaly_less/fighting_and_physical_conflict/000000030164_all__7.npy,fighting_and_physical_conflict
Pistachio/VAD/vit-features/train/anomaly/commercial_anomaly_less/fighting_and_physical_conflict/000000030164_all__8.npy,fighting_and_physical_conflict
Pistachio/VAD/vit-features/train/anomaly/commercial_anomaly_less/fighting_and_physical_conflict/000000030164_all__9.npy,fighting_and_physical_conflict
Pistachio/VAD/vit-features/train/anomaly/commercial_anomaly_less/fighting_and_physical_conflict/000000043667_all__0.npy,fighting_and_physical_conflict
Pistachio/VAD/vit-features/train/anomaly/commercial_anomaly_less/fighting_and_physical_conflict/000000043667_all__1.npy,fighting_and_physical_conflict
Pistachio/VAD/vit-features/train/anomaly/commercial_anomaly_less/fighting_and_physical_conflict/000000043667_all__2.npy,fighting_and_physical_conflict
Pistachio/VAD/vit-features/train/anomaly/commercial_anomaly_less/fighting_and_physical_conflict/000000043667_all__3.npy,fighting_and_physical_conflict
Pistachio/VAD/vit-features/train/anomaly/commercial_anomaly_less/fighting_and_physical_conflict/000000043667_all__4.npy,fighting_and_physical_conflict
Pistachio/VAD/vit-features/train/anomaly/commercial_anomaly_less/fighting_and_physical_conflict/000000043667_all__5.npy,fighting_and_physical_conflict
Pistachio/VAD/vit-features/train/anomaly/commercial_anomaly_less/fighting_and_physical_conflict/000000043667_all__6.npy,fighting_and_physical_conflict
Pistachio/VAD/vit-features/train/anomaly/commercial_anomaly_less/fighting_and_physical_conflict/000000043667_all__7.npy,fighting_and_physical_conflict
Pistachio/VAD/vit-features/train/anomaly/commercial_anomaly_less/fighting_and_physical_conflict/000000043667_all__8.npy,fighting_and_physical_conflict
Pistachio/VAD/vit-features/train/anomaly/commercial_anomaly_less/fighting_and_physical_conflict/000000043667_all__9.npy,fighting_and_physical_conflict
Pistachio/VAD/vit-features/train/anomaly/commercial_anomaly_less/fighting_and_physical_conflict/000000046931_all__0.npy,fighting_and_physical_conflict
Pistachio/VAD/vit-features/train/anomaly/commercial_anomaly_less/fighting_and_physical_conflict/000000046931_all__1.npy,fighting_and_physical_conflict
Pistachio/VAD/vit-features/train/anomaly/commercial_anomaly_less/fighting_and_physical_conflict/000000046931_all__2.npy,fighting_and_physical_conflict
Pistachio/VAD/vit-features/train/anomaly/commercial_anomaly_less/fighting_and_physical_conflict/000000046931_all__3.npy,fighting_and_physical_conflict
Pistachio/VAD/vit-features/train/anomaly/commercial_anomaly_less/fighting_and_physical_conflict/000000046931_all__4.npy,fighting_and_physical_conflict
Pistachio/VAD/vit-features/train/anomaly/commercial_anomaly_less/fighting_and_physical_conflict/000000046931_all__5.npy,fighting_and_physical_conflict
Pistachio/VAD/vit-features/train/anomaly/commercial_anomaly_less/fighting_and_physical_conflict/000000046931_all__6.npy,fighting_and_physical_conflict
Pistachio/VAD/vit-features/train/anomaly/commercial_anomaly_less/fighting_and_physical_conflict/000000046931_all__7.npy,fighting_and_physical_conflict
Pistachio/VAD/vit-features/train/anomaly/commercial_anomaly_less/fighting_and_physical_conflict/000000046931_all__8.npy,fighting_and_physical_conflict
Pistachio/VAD/vit-features/train/anomaly/commercial_anomaly_less/fighting_and_physical_conflict/000000046931_all__9.npy,fighting_and_physical_conflict
Pistachio/VAD/vit-features/train/anomaly/commercial_anomaly_less/fighting_and_physical_conflict/000000095040_all__0.npy,fighting_and_physical_conflict
Pistachio/VAD/vit-features/train/anomaly/commercial_anomaly_less/fighting_and_physical_conflict/000000095040_all__1.npy,fighting_and_physical_conflict
Pistachio/VAD/vit-features/train/anomaly/commercial_anomaly_less/fighting_and_physical_conflict/000000095040_all__2.npy,fighting_and_physical_conflict
Pistachio/VAD/vit-features/train/anomaly/commercial_anomaly_less/fighting_and_physical_conflict/000000095040_all__3.npy,fighting_and_physical_conflict
Pistachio/VAD/vit-features/train/anomaly/commercial_anomaly_less/fighting_and_physical_conflict/000000095040_all__4.npy,fighting_and_physical_conflict
Pistachio/VAD/vit-features/train/anomaly/commercial_anomaly_less/fighting_and_physical_conflict/000000095040_all__5.npy,fighting_and_physical_conflict
Pistachio/VAD/vit-features/train/anomaly/commercial_anomaly_less/fighting_and_physical_conflict/000000095040_all__6.npy,fighting_and_physical_conflict
Pistachio/VAD/vit-features/train/anomaly/commercial_anomaly_less/fighting_and_physical_conflict/000000095040_all__7.npy,fighting_and_physical_conflict
Pistachio/VAD/vit-features/train/anomaly/commercial_anomaly_less/fighting_and_physical_conflict/000000095040_all__8.npy,fighting_and_physical_conflict
Pistachio/VAD/vit-features/train/anomaly/commercial_anomaly_less/fighting_and_physical_conflict/000000095040_all__9.npy,fighting_and_physical_conflict
Pistachio/VAD/vit-features/train/anomaly/commercial_anomaly_less/fighting_and_physical_conflict/000000095252_all__0.npy,fighting_and_physical_conflict
Pistachio/VAD/vit-features/train/anomaly/commercial_anomaly_less/fighting_and_physical_conflict/000000095252_all__1.npy,fighting_and_physical_conflict
Pistachio/VAD/vit-features/train/anomaly/commercial_anomaly_less/fighting_and_physical_conflict/000000095252_all__2.npy,fighting_and_physical_conflict
Pistachio/VAD/vit-features/train/anomaly/commercial_anomaly_less/fighting_and_physical_conflict/000000095252_all__3.npy,fighting_and_physical_conflict
Pistachio/VAD/vit-features/train/anomaly/commercial_anomaly_less/fighting_and_physical_conflict/000000095252_all__4.npy,fighting_and_physical_conflict
Pistachio/VAD/vit-features/train/anomaly/commercial_anomaly_less/fighting_and_physical_conflict/000000095252_all__5.npy,fighting_and_physical_conflict
Pistachio/VAD/vit-features/train/anomaly/commercial_anomaly_less/fighting_and_physical_conflict/000000095252_all__6.npy,fighting_and_physical_conflict
Pistachio/VAD/vit-features/train/anomaly/commercial_anomaly_less/fighting_and_physical_conflict/000000095252_all__7.npy,fighting_and_physical_conflict
Pistachio/VAD/vit-features/train/anomaly/commercial_anomaly_less/fighting_and_physical_conflict/000000095252_all__8.npy,fighting_and_physical_conflict
Pistachio/VAD/vit-features/train/anomaly/commercial_anomaly_less/fighting_and_physical_conflict/000000095252_all__9.npy,fighting_and_physical_conflict
Pistachio/VAD/vit-features/train/anomaly/commercial_anomaly_less/fighting_and_physical_conflict/000000337605_all__0.npy,fighting_and_physical_conflict
Pistachio/VAD/vit-features/train/anomaly/commercial_anomaly_less/fighting_and_physical_conflict/000000337605_all__1.npy,fighting_and_physical_conflict
Pistachio/VAD/vit-features/train/anomaly/commercial_anomaly_less/fighting_and_physical_conflict/000000337605_all__2.npy,fighting_and_physical_conflict
Pistachio/VAD/vit-features/train/anomaly/commercial_anomaly_less/fighting_and_physical_conflict/000000337605_all__3.npy,fighting_and_physical_conflict
Pistachio/VAD/vit-features/train/anomaly/commercial_anomaly_less/fighting_and_physical_conflict/000000337605_all__4.npy,fighting_and_physical_conflict
Pistachio/VAD/vit-features/train/anomaly/commercial_anomaly_less/fighting_and_physical_conflict/000000337605_all__5.npy,fighting_and_physical_conflict
Pistachio/VAD/vit-features/train/anomaly/commercial_anomaly_less/fighting_and_physical_conflict/000000337605_all__6.npy,fighting_and_physical_conflict
Pistachio/VAD/vit-features/train/anomaly/commercial_anomaly_less/fighting_and_physical_conflict/000000337605_all__7.npy,fighting_and_physical_conflict
Pistachio/VAD/vit-features/train/anomaly/commercial_anomaly_less/fighting_and_physical_conflict/000000337605_all__8.npy,fighting_and_physical_conflict
Pistachio/VAD/vit-features/train/anomaly/commercial_anomaly_less/fighting_and_physical_conflict/000000337605_all__9.npy,fighting_and_physical_conflict
Pistachio/VAD/vit-features/train/anomaly/commercial_anomaly_less/fighting_and_physical_conflict/000000353689_all__0.npy,fighting_and_physical_conflict
Pistachio/VAD/vit-features/train/anomaly/commercial_anomaly_less/fighting_and_physical_conflict/000000353689_all__1.npy,fighting_and_physical_conflict
Pistachio/VAD/vit-features/train/anomaly/commercial_anomaly_less/fighting_and_physical_conflict/000000353689_all__2.npy,fighting_and_physical_conflict
Pistachio/VAD/vit-features/train/anomaly/commercial_anomaly_less/fighting_and_physical_conflict/000000353689_all__3.npy,fighting_and_physical_conflict
Pistachio/VAD/vit-features/train/anomaly/commercial_anomaly_less/fighting_and_physical_conflict/000000353689_all__4.npy,fighting_and_physical_conflict
Pistachio/VAD/vit-features/train/anomaly/commercial_anomaly_less/fighting_and_physical_conflict/000000353689_all__5.npy,fighting_and_physical_conflict
Pistachio/VAD/vit-features/train/anomaly/commercial_anomaly_less/fighting_and_physical_conflict/000000353689_all__6.npy,fighting_and_physical_conflict
Pistachio/VAD/vit-features/train/anomaly/commercial_anomaly_less/fighting_and_physical_conflict/000000353689_all__7.npy,fighting_and_physical_conflict
Pistachio/VAD/vit-features/train/anomaly/commercial_anomaly_less/fighting_and_physical_conflict/000000353689_all__8.npy,fighting_and_physical_conflict
Pistachio/VAD/vit-features/train/anomaly/commercial_anomaly_less/fighting_and_physical_conflict/000000353689_all__9.npy,fighting_and_physical_conflict
Pistachio/VAD/vit-features/train/anomaly/commercial_anomaly_less/fire/000000038607_all__0.npy,fire
Pistachio/VAD/vit-features/train/anomaly/commercial_anomaly_less/fire/000000038607_all__1.npy,fire
Pistachio/VAD/vit-features/train/anomaly/commercial_anomaly_less/fire/000000038607_all__2.npy,fire
Pistachio/VAD/vit-features/train/anomaly/commercial_anomaly_less/fire/000000038607_all__3.npy,fire
Pistachio/VAD/vit-features/train/anomaly/commercial_anomaly_less/fire/000000038607_all__4.npy,fire
Pistachio/VAD/vit-features/train/anomaly/commercial_anomaly_less/fire/000000038607_all__5.npy,fire
Pistachio/VAD/vit-features/train/anomaly/commercial_anomaly_less/fire/000000038607_all__6.npy,fire
Pistachio/VAD/vit-features/train/anomaly/commercial_anomaly_less/fire/000000038607_all__7.npy,fire
Pistachio/VAD/vit-features/train/anomaly/commercial_anomaly_less/fire/000000038607_all__8.npy,fire
Pistachio/VAD/vit-features/train/anomaly/commercial_anomaly_less/fire/000000038607_all__9.npy,fire
Pistachio/VAD/vit-features/train/anomaly/commercial_anomaly_less/fire/000000040631_all__0.npy,fire
Pistachio/VAD/vit-features/train/anomaly/commercial_anomaly_less/fire/000000040631_all__1.npy,fire
Pistachio/VAD/vit-features/train/anomaly/commercial_anomaly_less/fire/000000040631_all__2.npy,fire
Pistachio/VAD/vit-features/train/anomaly/commercial_anomaly_less/fire/000000040631_all__3.npy,fire
Pistachio/VAD/vit-features/train/anomaly/commercial_anomaly_less/fire/000000040631_all__4.npy,fire
Pistachio/VAD/vit-features/train/anomaly/commercial_anomaly_less/fire/000000040631_all__5.npy,fire
Pistachio/VAD/vit-features/train/anomaly/commercial_anomaly_less/fire/000000040631_all__6.npy,fire
Pistachio/VAD/vit-features/train/anomaly/commercial_anomaly_less/fire/000000040631_all__7.npy,fire
Pistachio/VAD/vit-features/train/anomaly/commercial_anomaly_less/fire/000000040631_all__8.npy,fire
Pistachio/VAD/vit-features/train/anomaly/commercial_anomaly_less/fire/000000040631_all__9.npy,fire
Pistachio/VAD/vit-features/train/anomaly/commercial_anomaly_less/fire/000000092538_all__0.npy,fire
Pistachio/VAD/vit-features/train/anomaly/commercial_anomaly_less/fire/000000092538_all__1.npy,fire
Pistachio/VAD/vit-features/train/anomaly/commercial_anomaly_less/fire/000000092538_all__2.npy,fire
Pistachio/VAD/vit-features/train/anomaly/commercial_anomaly_less/fire/000000092538_all__3.npy,fire
Pistachio/VAD/vit-features/train/anomaly/commercial_anomaly_less/fire/000000092538_all__4.npy,fire
Pistachio/VAD/vit-features/train/anomaly/commercial_anomaly_less/fire/000000092538_all__5.npy,fire
Pistachio/VAD/vit-features/train/anomaly/commercial_anomaly_less/fire/000000092538_all__6.npy,fire
Pistachio/VAD/vit-features/train/anomaly/commercial_anomaly_less/fire/000000092538_all__7.npy,fire
Pistachio/VAD/vit-features/train/anomaly/commercial_anomaly_less/fire/000000092538_all__8.npy,fire
Pistachio/VAD/vit-features/train/anomaly/commercial_anomaly_less/fire/000000092538_all__9.npy,fire
Pistachio/VAD/vit-features/train/anomaly/commercial_anomaly_less/fire/000000113575_all__0.npy,fire
Pistachio/VAD/vit-features/train/anomaly/commercial_anomaly_less/fire/000000113575_all__1.npy,fire
Pistachio/VAD/vit-features/train/anomaly/commercial_anomaly_less/fire/000000113575_all__2.npy,fire
Pistachio/VAD/vit-features/train/anomaly/commercial_anomaly_less/fire/000000113575_all__3.npy,fire
Pistachio/VAD/vit-features/train/anomaly/commercial_anomaly_less/fire/000000113575_all__4.npy,fire
Pistachio/VAD/vit-features/train/anomaly/commercial_anomaly_less/fire/000000113575_all__5.npy,fire
Pistachio/VAD/vit-features/train/anomaly/commercial_anomaly_less/fire/000000113575_all__6.npy,fire
Pistachio/VAD/vit-features/train/anomaly/commercial_anomaly_less/fire/000000113575_all__7.npy,fire
Pistachio/VAD/vit-features/train/anomaly/commercial_anomaly_less/fire/000000113575_all__8.npy,fire
Pistachio/VAD/vit-features/train/anomaly/commercial_anomaly_less/fire/000000113575_all__9.npy,fire
Pistachio/VAD/vit-features/train/anomaly/commercial_anomaly_less/fire/000000125381_all__0.npy,fire
Pistachio/VAD/vit-features/train/anomaly/commercial_anomaly_less/fire/000000125381_all__1.npy,fire
Pistachio/VAD/vit-features/train/anomaly/commercial_anomaly_less/fire/000000125381_all__2.npy,fire
Pistachio/VAD/vit-features/train/anomaly/commercial_anomaly_less/fire/000000125381_all__3.npy,fire
Pistachio/VAD/vit-features/train/anomaly/commercial_anomaly_less/fire/000000125381_all__4.npy,fire
Pistachio/VAD/vit-features/train/anomaly/commercial_anomaly_less/fire/000000125381_all__5.npy,fire
Pistachio/VAD/vit-features/train/anomaly/commercial_anomaly_less/fire/000000125381_all__6.npy,fire
Pistachio/VAD/vit-features/train/anomaly/commercial_anomaly_less/fire/000000125381_all__7.npy,fire
Pistachio/VAD/vit-features/train/anomaly/commercial_anomaly_less/fire/000000125381_all__8.npy,fire
Pistachio/VAD/vit-features/train/anomaly/commercial_anomaly_less/fire/000000125381_all__9.npy,fire
Pistachio/VAD/vit-features/train/anomaly/commercial_anomaly_less/fire/000000154327_all__0.npy,fire
Pistachio/VAD/vit-features/train/anomaly/commercial_anomaly_less/fire/000000154327_all__1.npy,fire
Pistachio/VAD/vit-features/train/anomaly/commercial_anomaly_less/fire/000000154327_all__2.npy,fire
Pistachio/VAD/vit-features/train/anomaly/commercial_anomaly_less/fire/000000154327_all__3.npy,fire
Pistachio/VAD/vit-features/train/anomaly/commercial_anomaly_less/fire/000000154327_all__4.npy,fire
Pistachio/VAD/vit-features/train/anomaly/commercial_anomaly_less/fire/000000154327_all__5.npy,fire
Pistachio/VAD/vit-features/train/anomaly/commercial_anomaly_less/fire/000000154327_all__6.npy,fire
Pistachio/VAD/vit-features/train/anomaly/commercial_anomaly_less/fire/000000154327_all__7.npy,fire
Pistachio/VAD/vit-features/train/anomaly/commercial_anomaly_less/fire/000000154327_all__8.npy,fire
Pistachio/VAD/vit-features/train/anomaly/commercial_anomaly_less/fire/000000154327_all__9.npy,fire
Pistachio/VAD/vit-features/train/anomaly/commercial_anomaly_less/fire/000000267208_all__0.npy,fire
Pistachio/VAD/vit-features/train/anomaly/commercial_anomaly_less/fire/000000267208_all__1.npy,fire
Pistachio/VAD/vit-features/train/anomaly/commercial_anomaly_less/fire/000000267208_all__2.npy,fire
Pistachio/VAD/vit-features/train/anomaly/commercial_anomaly_less/fire/000000267208_all__3.npy,fire
Pistachio/VAD/vit-features/train/anomaly/commercial_anomaly_less/fire/000000267208_all__4.npy,fire
Pistachio/VAD/vit-features/train/anomaly/commercial_anomaly_less/fire/000000267208_all__5.npy,fire
Pistachio/VAD/vit-features/train/anomaly/commercial_anomaly_less/fire/000000267208_all__6.npy,fire
Pistachio/VAD/vit-features/train/anomaly/commercial_anomaly_less/fire/000000267208_all__7.npy,fire
Pistachio/VAD/vit-features/train/anomaly/commercial_anomaly_less/fire/000000267208_all__8.npy,fire
Pistachio/VAD/vit-features/train/anomaly/commercial_anomaly_less/fire/000000267208_all__9.npy,fire
Pistachio/VAD/vit-features/train/anomaly/commercial_anomaly_less/fire/000000303278_all__0.npy,fire
Pistachio/VAD/vit-features/train/anomaly/commercial_anomaly_less/fire/000000303278_all__1.npy,fire
Pistachio/VAD/vit-features/train/anomaly/commercial_anomaly_less/fire/000000303278_all__2.npy,fire
Pistachio/VAD/vit-features/train/anomaly/commercial_anomaly_less/fire/000000303278_all__3.npy,fire
Pistachio/VAD/vit-features/train/anomaly/commercial_anomaly_less/fire/000000303278_all__4.npy,fire
Pistachio/VAD/vit-features/train/anomaly/commercial_anomaly_less/fire/000000303278_all__5.npy,fire
Pistachio/VAD/vit-features/train/anomaly/commercial_anomaly_less/fire/000000303278_all__6.npy,fire
Pistachio/VAD/vit-features/train/anomaly/commercial_anomaly_less/fire/000000303278_all__7.npy,fire
Pistachio/VAD/vit-features/train/anomaly/commercial_anomaly_less/fire/000000303278_all__8.npy,fire
Pistachio/VAD/vit-features/train/anomaly/commercial_anomaly_less/fire/000000303278_all__9.npy,fire
Pistachio/VAD/vit-features/train/anomaly/commercial_anomaly_less/fire/000000360977_all__0.npy,fire
Pistachio/VAD/vit-features/train/anomaly/commercial_anomaly_less/fire/000000360977_all__1.npy,fire
Pistachio/VAD/vit-features/train/anomaly/commercial_anomaly_less/fire/000000360977_all__2.npy,fire
Pistachio/VAD/vit-features/train/anomaly/commercial_anomaly_less/fire/000000360977_all__3.npy,fire
Pistachio/VAD/vit-features/train/anomaly/commercial_anomaly_less/fire/000000360977_all__4.npy,fire
Pistachio/VAD/vit-features/train/anomaly/commercial_anomaly_less/fire/000000360977_all__5.npy,fire
Pistachio/VAD/vit-features/train/anomaly/commercial_anomaly_less/fire/000000360977_all__6.npy,fire
Pistachio/VAD/vit-features/train/anomaly/commercial_anomaly_less/fire/000000360977_all__7.npy,fire
Pistachio/VAD/vit-features/train/anomaly/commercial_anomaly_less/fire/000000360977_all__8.npy,fire
Pistachio/VAD/vit-features/train/anomaly/commercial_anomaly_less/fire/000000360977_all__9.npy,fire
Pistachio/VAD/vit-features/train/anomaly/commercial_anomaly_less/fire/000000362277_all__0.npy,fire
Pistachio/VAD/vit-features/train/anomaly/commercial_anomaly_less/fire/000000362277_all__1.npy,fire
Pistachio/VAD/vit-features/train/anomaly/commercial_anomaly_less/fire/000000362277_all__2.npy,fire
Pistachio/VAD/vit-features/train/anomaly/commercial_anomaly_less/fire/000000362277_all__3.npy,fire
Pistachio/VAD/vit-features/train/anomaly/commercial_anomaly_less/fire/000000362277_all__4.npy,fire
Pistachio/VAD/vit-features/train/anomaly/commercial_anomaly_less/fire/000000362277_all__5.npy,fire
Pistachio/VAD/vit-features/train/anomaly/commercial_anomaly_less/fire/000000362277_all__6.npy,fire
Pistachio/VAD/vit-features/train/anomaly/commercial_anomaly_less/fire/000000362277_all__7.npy,fire
Pistachio/VAD/vit-features/train/anomaly/commercial_anomaly_less/fire/000000362277_all__8.npy,fire
Pistachio/VAD/vit-features/train/anomaly/commercial_anomaly_less/fire/000000362277_all__9.npy,fire
Pistachio/VAD/vit-features/train/anomaly/commercial_anomaly_less/fire/000000363062_all__0.npy,fire
Pistachio/VAD/vit-features/train/anomaly/commercial_anomaly_less/fire/000000363062_all__1.npy,fire
Pistachio/VAD/vit-features/train/anomaly/commercial_anomaly_less/fire/000000363062_all__2.npy,fire
Pistachio/VAD/vit-features/train/anomaly/commercial_anomaly_less/fire/000000363062_all__3.npy,fire
Pistachio/VAD/vit-features/train/anomaly/commercial_anomaly_less/fire/000000363062_all__4.npy,fire
Pistachio/VAD/vit-features/train/anomaly/commercial_anomaly_less/fire/000000363062_all__5.npy,fire
Pistachio/VAD/vit-features/train/anomaly/commercial_anomaly_less/fire/000000363062_all__6.npy,fire
Pistachio/VAD/vit-features/train/anomaly/commercial_anomaly_less/fire/000000363062_all__7.npy,fire
Pistachio/VAD/vit-features/train/anomaly/commercial_anomaly_less/fire/000000363062_all__8.npy,fire
Pistachio/VAD/vit-features/train/anomaly/commercial_anomaly_less/fire/000000363062_all__9.npy,fire
Pistachio/VAD/vit-features/train/anomaly/commercial_anomaly_less/fire/000000363282_all__0.npy,fire
Pistachio/VAD/vit-features/train/anomaly/commercial_anomaly_less/fire/000000363282_all__1.npy,fire
Pistachio/VAD/vit-features/train/anomaly/commercial_anomaly_less/fire/000000363282_all__2.npy,fire
Pistachio/VAD/vit-features/train/anomaly/commercial_anomaly_less/fire/000000363282_all__3.npy,fire
Pistachio/VAD/vit-features/train/anomaly/commercial_anomaly_less/fire/000000363282_all__4.npy,fire
Pistachio/VAD/vit-features/train/anomaly/commercial_anomaly_less/fire/000000363282_all__5.npy,fire
Pistachio/VAD/vit-features/train/anomaly/commercial_anomaly_less/fire/000000363282_all__6.npy,fire
Pistachio/VAD/vit-features/train/anomaly/commercial_anomaly_less/fire/000000363282_all__7.npy,fire
Pistachio/VAD/vit-features/train/anomaly/commercial_anomaly_less/fire/000000363282_all__8.npy,fire
Pistachio/VAD/vit-features/train/anomaly/commercial_anomaly_less/fire/000000363282_all__9.npy,fire
Pistachio/VAD/vit-features/train/anomaly/commercial_anomaly_less/fire/000000363556_all__0.npy,fire
Pistachio/VAD/vit-features/train/anomaly/commercial_anomaly_less/fire/000000363556_all__1.npy,fire
Pistachio/VAD/vit-features/train/anomaly/commercial_anomaly_less/fire/000000363556_all__2.npy,fire
Pistachio/VAD/vit-features/train/anomaly/commercial_anomaly_less/fire/000000363556_all__3.npy,fire
Pistachio/VAD/vit-features/train/anomaly/commercial_anomaly_less/fire/000000363556_all__4.npy,fire
Pistachio/VAD/vit-features/train/anomaly/commercial_anomaly_less/fire/000000363556_all__5.npy,fire
Pistachio/VAD/vit-features/train/anomaly/commercial_anomaly_less/fire/000000363556_all__6.npy,fire
Pistachio/VAD/vit-features/train/anomaly/commercial_anomaly_less/fire/000000363556_all__7.npy,fire
Pistachio/VAD/vit-features/train/anomaly/commercial_anomaly_less/fire/000000363556_all__8.npy,fire
Pistachio/VAD/vit-features/train/anomaly/commercial_anomaly_less/fire/000000363556_all__9.npy,fire
Pistachio/VAD/vit-features/train/anomaly/commercial_anomaly_less/fire/000000363855_all__0.npy,fire
Pistachio/VAD/vit-features/train/anomaly/commercial_anomaly_less/fire/000000363855_all__1.npy,fire
Pistachio/VAD/vit-features/train/anomaly/commercial_anomaly_less/fire/000000363855_all__2.npy,fire
Pistachio/VAD/vit-features/train/anomaly/commercial_anomaly_less/fire/000000363855_all__3.npy,fire
Pistachio/VAD/vit-features/train/anomaly/commercial_anomaly_less/fire/000000363855_all__4.npy,fire
Pistachio/VAD/vit-features/train/anomaly/commercial_anomaly_less/fire/000000363855_all__5.npy,fire
Pistachio/VAD/vit-features/train/anomaly/commercial_anomaly_less/fire/000000363855_all__6.npy,fire
Pistachio/VAD/vit-features/train/anomaly/commercial_anomaly_less/fire/000000363855_all__7.npy,fire
Pistachio/VAD/vit-features/train/anomaly/commercial_anomaly_less/fire/000000363855_all__8.npy,fire
Pistachio/VAD/vit-features/train/anomaly/commercial_anomaly_less/fire/000000363855_all__9.npy,fire
Pistachio/VAD/vit-features/train/anomaly/commercial_anomaly_less/fire/000000367916_all__0.npy,fire
Pistachio/VAD/vit-features/train/anomaly/commercial_anomaly_less/fire/000000367916_all__1.npy,fire
Pistachio/VAD/vit-features/train/anomaly/commercial_anomaly_less/fire/000000367916_all__2.npy,fire
Pistachio/VAD/vit-features/train/anomaly/commercial_anomaly_less/fire/000000367916_all__3.npy,fire
Pistachio/VAD/vit-features/train/anomaly/commercial_anomaly_less/fire/000000367916_all__4.npy,fire
Pistachio/VAD/vit-features/train/anomaly/commercial_anomaly_less/fire/000000367916_all__5.npy,fire
Pistachio/VAD/vit-features/train/anomaly/commercial_anomaly_less/fire/000000367916_all__6.npy,fire
Pistachio/VAD/vit-features/train/anomaly/commercial_anomaly_less/fire/000000367916_all__7.npy,fire
Pistachio/VAD/vit-features/train/anomaly/commercial_anomaly_less/fire/000000367916_all__8.npy,fire
Pistachio/VAD/vit-features/train/anomaly/commercial_anomaly_less/fire/000000367916_all__9.npy,fire
Pistachio/VAD/vit-features/train/anomaly/commercial_anomaly_less/fire/000000477236_all__0.npy,fire
Pistachio/VAD/vit-features/train/anomaly/commercial_anomaly_less/fire/000000477236_all__1.npy,fire
Pistachio/VAD/vit-features/train/anomaly/commercial_anomaly_less/fire/000000477236_all__2.npy,fire
Pistachio/VAD/vit-features/train/anomaly/commercial_anomaly_less/fire/000000477236_all__3.npy,fire
Pistachio/VAD/vit-features/train/anomaly/commercial_anomaly_less/fire/000000477236_all__4.npy,fire
Pistachio/VAD/vit-features/train/anomaly/commercial_anomaly_less/fire/000000477236_all__5.npy,fire
Pistachio/VAD/vit-features/train/anomaly/commercial_anomaly_less/fire/000000477236_all__6.npy,fire
Pistachio/VAD/vit-features/train/anomaly/commercial_anomaly_less/fire/000000477236_all__7.npy,fire
Pistachio/VAD/vit-features/train/anomaly/commercial_anomaly_less/fire/000000477236_all__8.npy,fire
Pistachio/VAD/vit-features/train/anomaly/commercial_anomaly_less/fire/000000477236_all__9.npy,fire
Pistachio/VAD/vit-features/train/anomaly/commercial_anomaly_less/pushing_conflict/000000040672_all__0.npy,pushing_conflict
Pistachio/VAD/vit-features/train/anomaly/commercial_anomaly_less/pushing_conflict/000000040672_all__1.npy,pushing_conflict
Pistachio/VAD/vit-features/train/anomaly/commercial_anomaly_less/pushing_conflict/000000040672_all__2.npy,pushing_conflict
Pistachio/VAD/vit-features/train/anomaly/commercial_anomaly_less/pushing_conflict/000000040672_all__3.npy,pushing_conflict
Pistachio/VAD/vit-features/train/anomaly/commercial_anomaly_less/pushing_conflict/000000040672_all__4.npy,pushing_conflict
Pistachio/VAD/vit-features/train/anomaly/commercial_anomaly_less/pushing_conflict/000000040672_all__5.npy,pushing_conflict
Pistachio/VAD/vit-features/train/anomaly/commercial_anomaly_less/pushing_conflict/000000040672_all__6.npy,pushing_conflict
Pistachio/VAD/vit-features/train/anomaly/commercial_anomaly_less/pushing_conflict/000000040672_all__7.npy,pushing_conflict
Pistachio/VAD/vit-features/train/anomaly/commercial_anomaly_less/pushing_conflict/000000040672_all__8.npy,pushing_conflict
Pistachio/VAD/vit-features/train/anomaly/commercial_anomaly_less/pushing_conflict/000000040672_all__9.npy,pushing_conflict
Pistachio/VAD/vit-features/train/anomaly/commercial_anomaly_less/pushing_conflict/000000043224_all__0.npy,pushing_conflict
Pistachio/VAD/vit-features/train/anomaly/commercial_anomaly_less/pushing_conflict/000000043224_all__1.npy,pushing_conflict
Pistachio/VAD/vit-features/train/anomaly/commercial_anomaly_less/pushing_conflict/000000043224_all__2.npy,pushing_conflict
Pistachio/VAD/vit-features/train/anomaly/commercial_anomaly_less/pushing_conflict/000000043224_all__3.npy,pushing_conflict
Pistachio/VAD/vit-features/train/anomaly/commercial_anomaly_less/pushing_conflict/000000043224_all__4.npy,pushing_conflict
Pistachio/VAD/vit-features/train/anomaly/commercial_anomaly_less/pushing_conflict/000000043224_all__5.npy,pushing_conflict
Pistachio/VAD/vit-features/train/anomaly/commercial_anomaly_less/pushing_conflict/000000043224_all__6.npy,pushing_conflict
Pistachio/VAD/vit-features/train/anomaly/commercial_anomaly_less/pushing_conflict/000000043224_all__7.npy,pushing_conflict
Pistachio/VAD/vit-features/train/anomaly/commercial_anomaly_less/pushing_conflict/000000043224_all__8.npy,pushing_conflict
Pistachio/VAD/vit-features/train/anomaly/commercial_anomaly_less/pushing_conflict/000000043224_all__9.npy,pushing_conflict
Pistachio/VAD/vit-features/train/anomaly/commercial_anomaly_less/pushing_conflict/000000075238_all__0.npy,pushing_conflict
Pistachio/VAD/vit-features/train/anomaly/commercial_anomaly_less/pushing_conflict/000000075238_all__1.npy,pushing_conflict
Pistachio/VAD/vit-features/train/anomaly/commercial_anomaly_less/pushing_conflict/000000075238_all__2.npy,pushing_conflict
Pistachio/VAD/vit-features/train/anomaly/commercial_anomaly_less/pushing_conflict/000000075238_all__3.npy,pushing_conflict
Pistachio/VAD/vit-features/train/anomaly/commercial_anomaly_less/pushing_conflict/000000075238_all__4.npy,pushing_conflict
Pistachio/VAD/vit-features/train/anomaly/commercial_anomaly_less/pushing_conflict/000000075238_all__5.npy,pushing_conflict
Pistachio/VAD/vit-features/train/anomaly/commercial_anomaly_less/pushing_conflict/000000075238_all__6.npy,pushing_conflict
Pistachio/VAD/vit-features/train/anomaly/commercial_anomaly_less/pushing_conflict/000000075238_all__7.npy,pushing_conflict
Pistachio/VAD/vit-features/train/anomaly/commercial_anomaly_less/pushing_conflict/000000075238_all__8.npy,pushing_conflict
Pistachio/VAD/vit-features/train/anomaly/commercial_anomaly_less/pushing_conflict/000000075238_all__9.npy,pushing_conflict
Pistachio/VAD/vit-features/train/anomaly/commercial_anomaly_less/pushing_conflict/000000092334_all__0.npy,pushing_conflict
Pistachio/VAD/vit-features/train/anomaly/commercial_anomaly_less/pushing_conflict/000000092334_all__1.npy,pushing_conflict
Pistachio/VAD/vit-features/train/anomaly/commercial_anomaly_less/pushing_conflict/000000092334_all__2.npy,pushing_conflict
Pistachio/VAD/vit-features/train/anomaly/commercial_anomaly_less/pushing_conflict/000000092334_all__3.npy,pushing_conflict
Pistachio/VAD/vit-features/train/anomaly/commercial_anomaly_less/pushing_conflict/000000092334_all__4.npy,pushing_conflict
Pistachio/VAD/vit-features/train/anomaly/commercial_anomaly_less/pushing_conflict/000000092334_all__5.npy,pushing_conflict
Pistachio/VAD/vit-features/train/anomaly/commercial_anomaly_less/pushing_conflict/000000092334_all__6.npy,pushing_conflict
Pistachio/VAD/vit-features/train/anomaly/commercial_anomaly_less/pushing_conflict/000000092334_all__7.npy,pushing_conflict
Pistachio/VAD/vit-features/train/anomaly/commercial_anomaly_less/pushing_conflict/000000092334_all__8.npy,pushing_conflict
Pistachio/VAD/vit-features/train/anomaly/commercial_anomaly_less/pushing_conflict/000000092334_all__9.npy,pushing_conflict
Pistachio/VAD/vit-features/train/anomaly/commercial_anomaly_less/pushing_conflict/000000128749_all__0.npy,pushing_conflict
Pistachio/VAD/vit-features/train/anomaly/commercial_anomaly_less/pushing_conflict/000000128749_all__1.npy,pushing_conflict
Pistachio/VAD/vit-features/train/anomaly/commercial_anomaly_less/pushing_conflict/000000128749_all__2.npy,pushing_conflict
Pistachio/VAD/vit-features/train/anomaly/commercial_anomaly_less/pushing_conflict/000000128749_all__3.npy,pushing_conflict
Pistachio/VAD/vit-features/train/anomaly/commercial_anomaly_less/pushing_conflict/000000128749_all__4.npy,pushing_conflict
Pistachio/VAD/vit-features/train/anomaly/commercial_anomaly_less/pushing_conflict/000000128749_all__5.npy,pushing_conflict
Pistachio/VAD/vit-features/train/anomaly/commercial_anomaly_less/pushing_conflict/000000128749_all__6.npy,pushing_conflict
Pistachio/VAD/vit-features/train/anomaly/commercial_anomaly_less/pushing_conflict/000000128749_all__7.npy,pushing_conflict
Pistachio/VAD/vit-features/train/anomaly/commercial_anomaly_less/pushing_conflict/000000128749_all__8.npy,pushing_conflict
Pistachio/VAD/vit-features/train/anomaly/commercial_anomaly_less/pushing_conflict/000000128749_all__9.npy,pushing_conflict
Pistachio/VAD/vit-features/train/anomaly/commercial_anomaly_less/pushing_conflict/000000129946_all__0.npy,pushing_conflict
Pistachio/VAD/vit-features/train/anomaly/commercial_anomaly_less/pushing_conflict/000000129946_all__1.npy,pushing_conflict
Pistachio/VAD/vit-features/train/anomaly/commercial_anomaly_less/pushing_conflict/000000129946_all__2.npy,pushing_conflict
Pistachio/VAD/vit-features/train/anomaly/commercial_anomaly_less/pushing_conflict/000000129946_all__3.npy,pushing_conflict
Pistachio/VAD/vit-features/train/anomaly/commercial_anomaly_less/pushing_conflict/000000129946_all__4.npy,pushing_conflict
Pistachio/VAD/vit-features/train/anomaly/commercial_anomaly_less/pushing_conflict/000000129946_all__5.npy,pushing_conflict
Pistachio/VAD/vit-features/train/anomaly/commercial_anomaly_less/pushing_conflict/000000129946_all__6.npy,pushing_conflict
Pistachio/VAD/vit-features/train/anomaly/commercial_anomaly_less/pushing_conflict/000000129946_all__7.npy,pushing_conflict
Pistachio/VAD/vit-features/train/anomaly/commercial_anomaly_less/pushing_conflict/000000129946_all__8.npy,pushing_conflict
Pistachio/VAD/vit-features/train/anomaly/commercial_anomaly_less/pushing_conflict/000000129946_all__9.npy,pushing_conflict
Pistachio/VAD/vit-features/train/anomaly/commercial_anomaly_less/pushing_conflict/000000196533_all__0.npy,pushing_conflict
Pistachio/VAD/vit-features/train/anomaly/commercial_anomaly_less/pushing_conflict/000000196533_all__1.npy,pushing_conflict
Pistachio/VAD/vit-features/train/anomaly/commercial_anomaly_less/pushing_conflict/000000196533_all__2.npy,pushing_conflict
Pistachio/VAD/vit-features/train/anomaly/commercial_anomaly_less/pushing_conflict/000000196533_all__3.npy,pushing_conflict
Pistachio/VAD/vit-features/train/anomaly/commercial_anomaly_less/pushing_conflict/000000196533_all__4.npy,pushing_conflict
Pistachio/VAD/vit-features/train/anomaly/commercial_anomaly_less/pushing_conflict/000000196533_all__5.npy,pushing_conflict
Pistachio/VAD/vit-features/train/anomaly/commercial_anomaly_less/pushing_conflict/000000196533_all__6.npy,pushing_conflict
Pistachio/VAD/vit-features/train/anomaly/commercial_anomaly_less/pushing_conflict/000000196533_all__7.npy,pushing_conflict
Pistachio/VAD/vit-features/train/anomaly/commercial_anomaly_less/pushing_conflict/000000196533_all__8.npy,pushing_conflict
Pistachio/VAD/vit-features/train/anomaly/commercial_anomaly_less/pushing_conflict/000000196533_all__9.npy,pushing_conflict
Pistachio/VAD/vit-features/train/anomaly/commercial_anomaly_less/pushing_conflict/000000225117_all__0.npy,pushing_conflict
Pistachio/VAD/vit-features/train/anomaly/commercial_anomaly_less/pushing_conflict/000000225117_all__1.npy,pushing_conflict
Pistachio/VAD/vit-features/train/anomaly/commercial_anomaly_less/pushing_conflict/000000225117_all__2.npy,pushing_conflict
Pistachio/VAD/vit-features/train/anomaly/commercial_anomaly_less/pushing_conflict/000000225117_all__3.npy,pushing_conflict
Pistachio/VAD/vit-features/train/anomaly/commercial_anomaly_less/pushing_conflict/000000225117_all__4.npy,pushing_conflict
Pistachio/VAD/vit-features/train/anomaly/commercial_anomaly_less/pushing_conflict/000000225117_all__5.npy,pushing_conflict
Pistachio/VAD/vit-features/train/anomaly/commercial_anomaly_less/pushing_conflict/000000225117_all__6.npy,pushing_conflict
Pistachio/VAD/vit-features/train/anomaly/commercial_anomaly_less/pushing_conflict/000000225117_all__7.npy,pushing_conflict
Pistachio/VAD/vit-features/train/anomaly/commercial_anomaly_less/pushing_conflict/000000225117_all__8.npy,pushing_conflict
Pistachio/VAD/vit-features/train/anomaly/commercial_anomaly_less/pushing_conflict/000000225117_all__9.npy,pushing_conflict
Pistachio/VAD/vit-features/train/anomaly/commercial_anomaly_less/pushing_conflict/000000353129_all__0.npy,pushing_conflict
Pistachio/VAD/vit-features/train/anomaly/commercial_anomaly_less/pushing_conflict/000000353129_all__1.npy,pushing_conflict
Pistachio/VAD/vit-features/train/anomaly/commercial_anomaly_less/pushing_conflict/000000353129_all__2.npy,pushing_conflict
Pistachio/VAD/vit-features/train/anomaly/commercial_anomaly_less/pushing_conflict/000000353129_all__3.npy,pushing_conflict
Pistachio/VAD/vit-features/train/anomaly/commercial_anomaly_less/pushing_conflict/000000353129_all__4.npy,pushing_conflict
Pistachio/VAD/vit-features/train/anomaly/commercial_anomaly_less/pushing_conflict/000000353129_all__5.npy,pushing_conflict
Pistachio/VAD/vit-features/train/anomaly/commercial_anomaly_less/pushing_conflict/000000353129_all__6.npy,pushing_conflict
Pistachio/VAD/vit-features/train/anomaly/commercial_anomaly_less/pushing_conflict/000000353129_all__7.npy,pushing_conflict
Pistachio/VAD/vit-features/train/anomaly/commercial_anomaly_less/pushing_conflict/000000353129_all__8.npy,pushing_conflict
Pistachio/VAD/vit-features/train/anomaly/commercial_anomaly_less/pushing_conflict/000000353129_all__9.npy,pushing_conflict
Pistachio/VAD/vit-features/train/anomaly/commercial_anomaly_less/robbery/000000098266_all__0.npy,robbery
Pistachio/VAD/vit-features/train/anomaly/commercial_anomaly_less/robbery/000000098266_all__1.npy,robbery
Pistachio/VAD/vit-features/train/anomaly/commercial_anomaly_less/robbery/000000098266_all__2.npy,robbery
Pistachio/VAD/vit-features/train/anomaly/commercial_anomaly_less/robbery/000000098266_all__3.npy,robbery
Pistachio/VAD/vit-features/train/anomaly/commercial_anomaly_less/robbery/000000098266_all__4.npy,robbery
Pistachio/VAD/vit-features/train/anomaly/commercial_anomaly_less/robbery/000000098266_all__5.npy,robbery
Pistachio/VAD/vit-features/train/anomaly/commercial_anomaly_less/robbery/000000098266_all__6.npy,robbery
Pistachio/VAD/vit-features/train/anomaly/commercial_anomaly_less/robbery/000000098266_all__7.npy,robbery
Pistachio/VAD/vit-features/train/anomaly/commercial_anomaly_less/robbery/000000098266_all__8.npy,robbery
Pistachio/VAD/vit-features/train/anomaly/commercial_anomaly_less/robbery/000000098266_all__9.npy,robbery
Pistachio/VAD/vit-features/train/anomaly/commercial_anomaly_less/robbery/000000125074_all__0.npy,robbery
Pistachio/VAD/vit-features/train/anomaly/commercial_anomaly_less/robbery/000000125074_all__1.npy,robbery
Pistachio/VAD/vit-features/train/anomaly/commercial_anomaly_less/robbery/000000125074_all__2.npy,robbery
Pistachio/VAD/vit-features/train/anomaly/commercial_anomaly_less/robbery/000000125074_all__3.npy,robbery
Pistachio/VAD/vit-features/train/anomaly/commercial_anomaly_less/robbery/000000125074_all__4.npy,robbery
Pistachio/VAD/vit-features/train/anomaly/commercial_anomaly_less/robbery/000000125074_all__5.npy,robbery
Pistachio/VAD/vit-features/train/anomaly/commercial_anomaly_less/robbery/000000125074_all__6.npy,robbery
Pistachio/VAD/vit-features/train/anomaly/commercial_anomaly_less/robbery/000000125074_all__7.npy,robbery
Pistachio/VAD/vit-features/train/anomaly/commercial_anomaly_less/robbery/000000125074_all__8.npy,robbery
Pistachio/VAD/vit-features/train/anomaly/commercial_anomaly_less/robbery/000000125074_all__9.npy,robbery
Pistachio/VAD/vit-features/train/anomaly/commercial_anomaly_less/robbery/000000224789_all__0.npy,robbery
Pistachio/VAD/vit-features/train/anomaly/commercial_anomaly_less/robbery/000000224789_all__1.npy,robbery
Pistachio/VAD/vit-features/train/anomaly/commercial_anomaly_less/robbery/000000224789_all__2.npy,robbery
Pistachio/VAD/vit-features/train/anomaly/commercial_anomaly_less/robbery/000000224789_all__3.npy,robbery
Pistachio/VAD/vit-features/train/anomaly/commercial_anomaly_less/robbery/000000224789_all__4.npy,robbery
Pistachio/VAD/vit-features/train/anomaly/commercial_anomaly_less/robbery/000000224789_all__5.npy,robbery
Pistachio/VAD/vit-features/train/anomaly/commercial_anomaly_less/robbery/000000224789_all__6.npy,robbery
Pistachio/VAD/vit-features/train/anomaly/commercial_anomaly_less/robbery/000000224789_all__7.npy,robbery
Pistachio/VAD/vit-features/train/anomaly/commercial_anomaly_less/robbery/000000224789_all__8.npy,robbery
Pistachio/VAD/vit-features/train/anomaly/commercial_anomaly_less/robbery/000000224789_all__9.npy,robbery
Pistachio/VAD/vit-features/train/anomaly/commercial_anomaly_less/robbery/000000225208_all__0.npy,robbery
Pistachio/VAD/vit-features/train/anomaly/commercial_anomaly_less/robbery/000000225208_all__1.npy,robbery
Pistachio/VAD/vit-features/train/anomaly/commercial_anomaly_less/robbery/000000225208_all__2.npy,robbery
Pistachio/VAD/vit-features/train/anomaly/commercial_anomaly_less/robbery/000000225208_all__3.npy,robbery
Pistachio/VAD/vit-features/train/anomaly/commercial_anomaly_less/robbery/000000225208_all__4.npy,robbery
Pistachio/VAD/vit-features/train/anomaly/commercial_anomaly_less/robbery/000000225208_all__5.npy,robbery
Pistachio/VAD/vit-features/train/anomaly/commercial_anomaly_less/robbery/000000225208_all__6.npy,robbery
Pistachio/VAD/vit-features/train/anomaly/commercial_anomaly_less/robbery/000000225208_all__7.npy,robbery
Pistachio/VAD/vit-features/train/anomaly/commercial_anomaly_less/robbery/000000225208_all__8.npy,robbery
Pistachio/VAD/vit-features/train/anomaly/commercial_anomaly_less/robbery/000000225208_all__9.npy,robbery
Pistachio/VAD/vit-features/train/anomaly/commercial_anomaly_less/robbery/000000231243_all__0.npy,robbery
Pistachio/VAD/vit-features/train/anomaly/commercial_anomaly_less/robbery/000000231243_all__1.npy,robbery
Pistachio/VAD/vit-features/train/anomaly/commercial_anomaly_less/robbery/000000231243_all__2.npy,robbery
Pistachio/VAD/vit-features/train/anomaly/commercial_anomaly_less/robbery/000000231243_all__3.npy,robbery
Pistachio/VAD/vit-features/train/anomaly/commercial_anomaly_less/robbery/000000231243_all__4.npy,robbery
Pistachio/VAD/vit-features/train/anomaly/commercial_anomaly_less/robbery/000000231243_all__5.npy,robbery
Pistachio/VAD/vit-features/train/anomaly/commercial_anomaly_less/robbery/000000231243_all__6.npy,robbery
Pistachio/VAD/vit-features/train/anomaly/commercial_anomaly_less/robbery/000000231243_all__7.npy,robbery
Pistachio/VAD/vit-features/train/anomaly/commercial_anomaly_less/robbery/000000231243_all__8.npy,robbery
Pistachio/VAD/vit-features/train/anomaly/commercial_anomaly_less/robbery/000000231243_all__9.npy,robbery
Pistachio/VAD/vit-features/train/anomaly/commercial_anomaly_less/robbery/000000231435_all__0.npy,robbery
Pistachio/VAD/vit-features/train/anomaly/commercial_anomaly_less/robbery/000000231435_all__1.npy,robbery
Pistachio/VAD/vit-features/train/anomaly/commercial_anomaly_less/robbery/000000231435_all__2.npy,robbery
Pistachio/VAD/vit-features/train/anomaly/commercial_anomaly_less/robbery/000000231435_all__3.npy,robbery
Pistachio/VAD/vit-features/train/anomaly/commercial_anomaly_less/robbery/000000231435_all__4.npy,robbery
Pistachio/VAD/vit-features/train/anomaly/commercial_anomaly_less/robbery/000000231435_all__5.npy,robbery
Pistachio/VAD/vit-features/train/anomaly/commercial_anomaly_less/robbery/000000231435_all__6.npy,robbery
Pistachio/VAD/vit-features/train/anomaly/commercial_anomaly_less/robbery/000000231435_all__7.npy,robbery
Pistachio/VAD/vit-features/train/anomaly/commercial_anomaly_less/robbery/000000231435_all__8.npy,robbery
Pistachio/VAD/vit-features/train/anomaly/commercial_anomaly_less/robbery/000000231435_all__9.npy,robbery
Pistachio/VAD/vit-features/train/anomaly/commercial_anomaly_less/slip_and_fall_accident/000000016012_all__0.npy,slip_and_fall_accident
Pistachio/VAD/vit-features/train/anomaly/commercial_anomaly_less/slip_and_fall_accident/000000016012_all__1.npy,slip_and_fall_accident
Pistachio/VAD/vit-features/train/anomaly/commercial_anomaly_less/slip_and_fall_accident/000000016012_all__2.npy,slip_and_fall_accident
Pistachio/VAD/vit-features/train/anomaly/commercial_anomaly_less/slip_and_fall_accident/000000016012_all__3.npy,slip_and_fall_accident
Pistachio/VAD/vit-features/train/anomaly/commercial_anomaly_less/slip_and_fall_accident/000000016012_all__4.npy,slip_and_fall_accident
Pistachio/VAD/vit-features/train/anomaly/commercial_anomaly_less/slip_and_fall_accident/000000016012_all__5.npy,slip_and_fall_accident
Pistachio/VAD/vit-features/train/anomaly/commercial_anomaly_less/slip_and_fall_accident/000000016012_all__6.npy,slip_and_fall_accident
Pistachio/VAD/vit-features/train/anomaly/commercial_anomaly_less/slip_and_fall_accident/000000016012_all__7.npy,slip_and_fall_accident
Pistachio/VAD/vit-features/train/anomaly/commercial_anomaly_less/slip_and_fall_accident/000000016012_all__8.npy,slip_and_fall_accident
Pistachio/VAD/vit-features/train/anomaly/commercial_anomaly_less/slip_and_fall_accident/000000016012_all__9.npy,slip_and_fall_accident
Pistachio/VAD/vit-features/train/anomaly/commercial_anomaly_less/slip_and_fall_accident/000000016443_all__0.npy,slip_and_fall_accident
Pistachio/VAD/vit-features/train/anomaly/commercial_anomaly_less/slip_and_fall_accident/000000016443_all__1.npy,slip_and_fall_accident
Pistachio/VAD/vit-features/train/anomaly/commercial_anomaly_less/slip_and_fall_accident/000000016443_all__2.npy,slip_and_fall_accident
Pistachio/VAD/vit-features/train/anomaly/commercial_anomaly_less/slip_and_fall_accident/000000016443_all__3.npy,slip_and_fall_accident
Pistachio/VAD/vit-features/train/anomaly/commercial_anomaly_less/slip_and_fall_accident/000000016443_all__4.npy,slip_and_fall_accident
Pistachio/VAD/vit-features/train/anomaly/commercial_anomaly_less/slip_and_fall_accident/000000016443_all__5.npy,slip_and_fall_accident
Pistachio/VAD/vit-features/train/anomaly/commercial_anomaly_less/slip_and_fall_accident/000000016443_all__6.npy,slip_and_fall_accident
Pistachio/VAD/vit-features/train/anomaly/commercial_anomaly_less/slip_and_fall_accident/000000016443_all__7.npy,slip_and_fall_accident
Pistachio/VAD/vit-features/train/anomaly/commercial_anomaly_less/slip_and_fall_accident/000000016443_all__8.npy,slip_and_fall_accident
Pistachio/VAD/vit-features/train/anomaly/commercial_anomaly_less/slip_and_fall_accident/000000016443_all__9.npy,slip_and_fall_accident
Pistachio/VAD/vit-features/train/anomaly/commercial_anomaly_less/slip_and_fall_accident/000000016921_all__0.npy,slip_and_fall_accident
Pistachio/VAD/vit-features/train/anomaly/commercial_anomaly_less/slip_and_fall_accident/000000016921_all__1.npy,slip_and_fall_accident
Pistachio/VAD/vit-features/train/anomaly/commercial_anomaly_less/slip_and_fall_accident/000000016921_all__2.npy,slip_and_fall_accident
Pistachio/VAD/vit-features/train/anomaly/commercial_anomaly_less/slip_and_fall_accident/000000016921_all__3.npy,slip_and_fall_accident
Pistachio/VAD/vit-features/train/anomaly/commercial_anomaly_less/slip_and_fall_accident/000000016921_all__4.npy,slip_and_fall_accident
Pistachio/VAD/vit-features/train/anomaly/commercial_anomaly_less/slip_and_fall_accident/000000016921_all__5.npy,slip_and_fall_accident
Pistachio/VAD/vit-features/train/anomaly/commercial_anomaly_less/slip_and_fall_accident/000000016921_all__6.npy,slip_and_fall_accident
Pistachio/VAD/vit-features/train/anomaly/commercial_anomaly_less/slip_and_fall_accident/000000016921_all__7.npy,slip_and_fall_accident
Pistachio/VAD/vit-features/train/anomaly/commercial_anomaly_less/slip_and_fall_accident/000000016921_all__8.npy,slip_and_fall_accident
Pistachio/VAD/vit-features/train/anomaly/commercial_anomaly_less/slip_and_fall_accident/000000016921_all__9.npy,slip_and_fall_accident
Pistachio/VAD/vit-features/train/anomaly/commercial_anomaly_less/slip_and_fall_accident/000000017141_all__0.npy,slip_and_fall_accident
Pistachio/VAD/vit-features/train/anomaly/commercial_anomaly_less/slip_and_fall_accident/000000017141_all__1.npy,slip_and_fall_accident
Pistachio/VAD/vit-features/train/anomaly/commercial_anomaly_less/slip_and_fall_accident/000000017141_all__2.npy,slip_and_fall_accident
Pistachio/VAD/vit-features/train/anomaly/commercial_anomaly_less/slip_and_fall_accident/000000017141_all__3.npy,slip_and_fall_accident
Pistachio/VAD/vit-features/train/anomaly/commercial_anomaly_less/slip_and_fall_accident/000000017141_all__4.npy,slip_and_fall_accident
Pistachio/VAD/vit-features/train/anomaly/commercial_anomaly_less/slip_and_fall_accident/000000017141_all__5.npy,slip_and_fall_accident
Pistachio/VAD/vit-features/train/anomaly/commercial_anomaly_less/slip_and_fall_accident/000000017141_all__6.npy,slip_and_fall_accident
Pistachio/VAD/vit-features/train/anomaly/commercial_anomaly_less/slip_and_fall_accident/000000017141_all__7.npy,slip_and_fall_accident
Pistachio/VAD/vit-features/train/anomaly/commercial_anomaly_less/slip_and_fall_accident/000000017141_all__8.npy,slip_and_fall_accident
Pistachio/VAD/vit-features/train/anomaly/commercial_anomaly_less/slip_and_fall_accident/000000017141_all__9.npy,slip_and_fall_accident
Pistachio/VAD/vit-features/train/anomaly/commercial_anomaly_less/slip_and_fall_accident/000000017557_all__0.npy,slip_and_fall_accident
Pistachio/VAD/vit-features/train/anomaly/commercial_anomaly_less/slip_and_fall_accident/000000017557_all__1.npy,slip_and_fall_accident
Pistachio/VAD/vit-features/train/anomaly/commercial_anomaly_less/slip_and_fall_accident/000000017557_all__2.npy,slip_and_fall_accident
Pistachio/VAD/vit-features/train/anomaly/commercial_anomaly_less/slip_and_fall_accident/000000017557_all__3.npy,slip_and_fall_accident
Pistachio/VAD/vit-features/train/anomaly/commercial_anomaly_less/slip_and_fall_accident/000000017557_all__4.npy,slip_and_fall_accident
Pistachio/VAD/vit-features/train/anomaly/commercial_anomaly_less/slip_and_fall_accident/000000017557_all__5.npy,slip_and_fall_accident
Pistachio/VAD/vit-features/train/anomaly/commercial_anomaly_less/slip_and_fall_accident/000000017557_all__6.npy,slip_and_fall_accident
Pistachio/VAD/vit-features/train/anomaly/commercial_anomaly_less/slip_and_fall_accident/000000017557_all__7.npy,slip_and_fall_accident
Pistachio/VAD/vit-features/train/anomaly/commercial_anomaly_less/slip_and_fall_accident/000000017557_all__8.npy,slip_and_fall_accident
Pistachio/VAD/vit-features/train/anomaly/commercial_anomaly_less/slip_and_fall_accident/000000017557_all__9.npy,slip_and_fall_accident
Pistachio/VAD/vit-features/train/anomaly/commercial_anomaly_less/slip_and_fall_accident/000000017937_all__0.npy,slip_and_fall_accident
Pistachio/VAD/vit-features/train/anomaly/commercial_anomaly_less/slip_and_fall_accident/000000017937_all__1.npy,slip_and_fall_accident
Pistachio/VAD/vit-features/train/anomaly/commercial_anomaly_less/slip_and_fall_accident/000000017937_all__2.npy,slip_and_fall_accident
Pistachio/VAD/vit-features/train/anomaly/commercial_anomaly_less/slip_and_fall_accident/000000017937_all__3.npy,slip_and_fall_accident
Pistachio/VAD/vit-features/train/anomaly/commercial_anomaly_less/slip_and_fall_accident/000000017937_all__4.npy,slip_and_fall_accident
Pistachio/VAD/vit-features/train/anomaly/commercial_anomaly_less/slip_and_fall_accident/000000017937_all__5.npy,slip_and_fall_accident
Pistachio/VAD/vit-features/train/anomaly/commercial_anomaly_less/slip_and_fall_accident/000000017937_all__6.npy,slip_and_fall_accident
Pistachio/VAD/vit-features/train/anomaly/commercial_anomaly_less/slip_and_fall_accident/000000017937_all__7.npy,slip_and_fall_accident
Pistachio/VAD/vit-features/train/anomaly/commercial_anomaly_less/slip_and_fall_accident/000000017937_all__8.npy,slip_and_fall_accident
Pistachio/VAD/vit-features/train/anomaly/commercial_anomaly_less/slip_and_fall_accident/000000017937_all__9.npy,slip_and_fall_accident
Pistachio/VAD/vit-features/train/anomaly/commercial_anomaly_less/slip_and_fall_accident/000000018016_all__0.npy,slip_and_fall_accident
Pistachio/VAD/vit-features/train/anomaly/commercial_anomaly_less/slip_and_fall_accident/000000018016_all__1.npy,slip_and_fall_accident
Pistachio/VAD/vit-features/train/anomaly/commercial_anomaly_less/slip_and_fall_accident/000000018016_all__2.npy,slip_and_fall_accident
Pistachio/VAD/vit-features/train/anomaly/commercial_anomaly_less/slip_and_fall_accident/000000018016_all__3.npy,slip_and_fall_accident
Pistachio/VAD/vit-features/train/anomaly/commercial_anomaly_less/slip_and_fall_accident/000000018016_all__4.npy,slip_and_fall_accident
Pistachio/VAD/vit-features/train/anomaly/commercial_anomaly_less/slip_and_fall_accident/000000018016_all__5.npy,slip_and_fall_accident
Pistachio/VAD/vit-features/train/anomaly/commercial_anomaly_less/slip_and_fall_accident/000000018016_all__6.npy,slip_and_fall_accident
Pistachio/VAD/vit-features/train/anomaly/commercial_anomaly_less/slip_and_fall_accident/000000018016_all__7.npy,slip_and_fall_accident
Pistachio/VAD/vit-features/train/anomaly/commercial_anomaly_less/slip_and_fall_accident/000000018016_all__8.npy,slip_and_fall_accident
Pistachio/VAD/vit-features/train/anomaly/commercial_anomaly_less/slip_and_fall_accident/000000018016_all__9.npy,slip_and_fall_accident
Pistachio/VAD/vit-features/train/anomaly/commercial_anomaly_less/slip_and_fall_accident/000000019274_all__0.npy,slip_and_fall_accident
Pistachio/VAD/vit-features/train/anomaly/commercial_anomaly_less/slip_and_fall_accident/000000019274_all__1.npy,slip_and_fall_accident
Pistachio/VAD/vit-features/train/anomaly/commercial_anomaly_less/slip_and_fall_accident/000000019274_all__2.npy,slip_and_fall_accident
Pistachio/VAD/vit-features/train/anomaly/commercial_anomaly_less/slip_and_fall_accident/000000019274_all__3.npy,slip_and_fall_accident
Pistachio/VAD/vit-features/train/anomaly/commercial_anomaly_less/slip_and_fall_accident/000000019274_all__4.npy,slip_and_fall_accident
Pistachio/VAD/vit-features/train/anomaly/commercial_anomaly_less/slip_and_fall_accident/000000019274_all__5.npy,slip_and_fall_accident
Pistachio/VAD/vit-features/train/anomaly/commercial_anomaly_less/slip_and_fall_accident/000000019274_all__6.npy,slip_and_fall_accident
Pistachio/VAD/vit-features/train/anomaly/commercial_anomaly_less/slip_and_fall_accident/000000019274_all__7.npy,slip_and_fall_accident
Pistachio/VAD/vit-features/train/anomaly/commercial_anomaly_less/slip_and_fall_accident/000000019274_all__8.npy,slip_and_fall_accident
Pistachio/VAD/vit-features/train/anomaly/commercial_anomaly_less/slip_and_fall_accident/000000019274_all__9.npy,slip_and_fall_accident
Pistachio/VAD/vit-features/train/anomaly/commercial_anomaly_less/slip_and_fall_accident/000000019345_all__0.npy,slip_and_fall_accident
Pistachio/VAD/vit-features/train/anomaly/commercial_anomaly_less/slip_and_fall_accident/000000019345_all__1.npy,slip_and_fall_accident
Pistachio/VAD/vit-features/train/anomaly/commercial_anomaly_less/slip_and_fall_accident/000000019345_all__2.npy,slip_and_fall_accident
Pistachio/VAD/vit-features/train/anomaly/commercial_anomaly_less/slip_and_fall_accident/000000019345_all__3.npy,slip_and_fall_accident
Pistachio/VAD/vit-features/train/anomaly/commercial_anomaly_less/slip_and_fall_accident/000000019345_all__4.npy,slip_and_fall_accident
Pistachio/VAD/vit-features/train/anomaly/commercial_anomaly_less/slip_and_fall_accident/000000019345_all__5.npy,slip_and_fall_accident
Pistachio/VAD/vit-features/train/anomaly/commercial_anomaly_less/slip_and_fall_accident/000000019345_all__6.npy,slip_and_fall_accident
Pistachio/VAD/vit-features/train/anomaly/commercial_anomaly_less/slip_and_fall_accident/000000019345_all__7.npy,slip_and_fall_accident
Pistachio/VAD/vit-features/train/anomaly/commercial_anomaly_less/slip_and_fall_accident/000000019345_all__8.npy,slip_and_fall_accident
Pistachio/VAD/vit-features/train/anomaly/commercial_anomaly_less/slip_and_fall_accident/000000019345_all__9.npy,slip_and_fall_accident
Pistachio/VAD/vit-features/train/anomaly/commercial_anomaly_less/slip_and_fall_accident/000000040935_all__0.npy,slip_and_fall_accident
Pistachio/VAD/vit-features/train/anomaly/commercial_anomaly_less/slip_and_fall_accident/000000040935_all__1.npy,slip_and_fall_accident
Pistachio/VAD/vit-features/train/anomaly/commercial_anomaly_less/slip_and_fall_accident/000000040935_all__2.npy,slip_and_fall_accident
Pistachio/VAD/vit-features/train/anomaly/commercial_anomaly_less/slip_and_fall_accident/000000040935_all__3.npy,slip_and_fall_accident
Pistachio/VAD/vit-features/train/anomaly/commercial_anomaly_less/slip_and_fall_accident/000000040935_all__4.npy,slip_and_fall_accident
Pistachio/VAD/vit-features/train/anomaly/commercial_anomaly_less/slip_and_fall_accident/000000040935_all__5.npy,slip_and_fall_accident
Pistachio/VAD/vit-features/train/anomaly/commercial_anomaly_less/slip_and_fall_accident/000000040935_all__6.npy,slip_and_fall_accident
Pistachio/VAD/vit-features/train/anomaly/commercial_anomaly_less/slip_and_fall_accident/000000040935_all__7.npy,slip_and_fall_accident
Pistachio/VAD/vit-features/train/anomaly/commercial_anomaly_less/slip_and_fall_accident/000000040935_all__8.npy,slip_and_fall_accident
Pistachio/VAD/vit-features/train/anomaly/commercial_anomaly_less/slip_and_fall_accident/000000040935_all__9.npy,slip_and_fall_accident
Pistachio/VAD/vit-features/train/anomaly/commercial_anomaly_less/slip_and_fall_accident/000000043741_all__0.npy,slip_and_fall_accident
Pistachio/VAD/vit-features/train/anomaly/commercial_anomaly_less/slip_and_fall_accident/000000043741_all__1.npy,slip_and_fall_accident
Pistachio/VAD/vit-features/train/anomaly/commercial_anomaly_less/slip_and_fall_accident/000000043741_all__2.npy,slip_and_fall_accident
Pistachio/VAD/vit-features/train/anomaly/commercial_anomaly_less/slip_and_fall_accident/000000043741_all__3.npy,slip_and_fall_accident
Pistachio/VAD/vit-features/train/anomaly/commercial_anomaly_less/slip_and_fall_accident/000000043741_all__4.npy,slip_and_fall_accident
Pistachio/VAD/vit-features/train/anomaly/commercial_anomaly_less/slip_and_fall_accident/000000043741_all__5.npy,slip_and_fall_accident
Pistachio/VAD/vit-features/train/anomaly/commercial_anomaly_less/slip_and_fall_accident/000000043741_all__6.npy,slip_and_fall_accident
Pistachio/VAD/vit-features/train/anomaly/commercial_anomaly_less/slip_and_fall_accident/000000043741_all__7.npy,slip_and_fall_accident
Pistachio/VAD/vit-features/train/anomaly/commercial_anomaly_less/slip_and_fall_accident/000000043741_all__8.npy,slip_and_fall_accident
Pistachio/VAD/vit-features/train/anomaly/commercial_anomaly_less/slip_and_fall_accident/000000043741_all__9.npy,slip_and_fall_accident
Pistachio/VAD/vit-features/train/anomaly/commercial_anomaly_less/slip_and_fall_accident/000000048184_all__0.npy,slip_and_fall_accident
Pistachio/VAD/vit-features/train/anomaly/commercial_anomaly_less/slip_and_fall_accident/000000048184_all__1.npy,slip_and_fall_accident
Pistachio/VAD/vit-features/train/anomaly/commercial_anomaly_less/slip_and_fall_accident/000000048184_all__2.npy,slip_and_fall_accident
Pistachio/VAD/vit-features/train/anomaly/commercial_anomaly_less/slip_and_fall_accident/000000048184_all__3.npy,slip_and_fall_accident
Pistachio/VAD/vit-features/train/anomaly/commercial_anomaly_less/slip_and_fall_accident/000000048184_all__4.npy,slip_and_fall_accident
Pistachio/VAD/vit-features/train/anomaly/commercial_anomaly_less/slip_and_fall_accident/000000048184_all__5.npy,slip_and_fall_accident
Pistachio/VAD/vit-features/train/anomaly/commercial_anomaly_less/slip_and_fall_accident/000000048184_all__6.npy,slip_and_fall_accident
Pistachio/VAD/vit-features/train/anomaly/commercial_anomaly_less/slip_and_fall_accident/000000048184_all__7.npy,slip_and_fall_accident
Pistachio/VAD/vit-features/train/anomaly/commercial_anomaly_less/slip_and_fall_accident/000000048184_all__8.npy,slip_and_fall_accident
Pistachio/VAD/vit-features/train/anomaly/commercial_anomaly_less/slip_and_fall_accident/000000048184_all__9.npy,slip_and_fall_accident
Pistachio/VAD/vit-features/train/anomaly/commercial_anomaly_less/slip_and_fall_accident/000000092466_all__0.npy,slip_and_fall_accident
Pistachio/VAD/vit-features/train/anomaly/commercial_anomaly_less/slip_and_fall_accident/000000092466_all__1.npy,slip_and_fall_accident
Pistachio/VAD/vit-features/train/anomaly/commercial_anomaly_less/slip_and_fall_accident/000000092466_all__2.npy,slip_and_fall_accident
Pistachio/VAD/vit-features/train/anomaly/commercial_anomaly_less/slip_and_fall_accident/000000092466_all__3.npy,slip_and_fall_accident
Pistachio/VAD/vit-features/train/anomaly/commercial_anomaly_less/slip_and_fall_accident/000000092466_all__4.npy,slip_and_fall_accident
Pistachio/VAD/vit-features/train/anomaly/commercial_anomaly_less/slip_and_fall_accident/000000092466_all__5.npy,slip_and_fall_accident
Pistachio/VAD/vit-features/train/anomaly/commercial_anomaly_less/slip_and_fall_accident/000000092466_all__6.npy,slip_and_fall_accident
Pistachio/VAD/vit-features/train/anomaly/commercial_anomaly_less/slip_and_fall_accident/000000092466_all__7.npy,slip_and_fall_accident
Pistachio/VAD/vit-features/train/anomaly/commercial_anomaly_less/slip_and_fall_accident/000000092466_all__8.npy,slip_and_fall_accident
Pistachio/VAD/vit-features/train/anomaly/commercial_anomaly_less/slip_and_fall_accident/000000092466_all__9.npy,slip_and_fall_accident
Pistachio/VAD/vit-features/train/anomaly/commercial_anomaly_less/slip_and_fall_accident/000000098176_all__0.npy,slip_and_fall_accident
Pistachio/VAD/vit-features/train/anomaly/commercial_anomaly_less/slip_and_fall_accident/000000098176_all__1.npy,slip_and_fall_accident
Pistachio/VAD/vit-features/train/anomaly/commercial_anomaly_less/slip_and_fall_accident/000000098176_all__2.npy,slip_and_fall_accident
Pistachio/VAD/vit-features/train/anomaly/commercial_anomaly_less/slip_and_fall_accident/000000098176_all__3.npy,slip_and_fall_accident
Pistachio/VAD/vit-features/train/anomaly/commercial_anomaly_less/slip_and_fall_accident/000000098176_all__4.npy,slip_and_fall_accident
Pistachio/VAD/vit-features/train/anomaly/commercial_anomaly_less/slip_and_fall_accident/000000098176_all__5.npy,slip_and_fall_accident
Pistachio/VAD/vit-features/train/anomaly/commercial_anomaly_less/slip_and_fall_accident/000000098176_all__6.npy,slip_and_fall_accident
Pistachio/VAD/vit-features/train/anomaly/commercial_anomaly_less/slip_and_fall_accident/000000098176_all__7.npy,slip_and_fall_accident
Pistachio/VAD/vit-features/train/anomaly/commercial_anomaly_less/slip_and_fall_accident/000000098176_all__8.npy,slip_and_fall_accident
Pistachio/VAD/vit-features/train/anomaly/commercial_anomaly_less/slip_and_fall_accident/000000098176_all__9.npy,slip_and_fall_accident
Pistachio/VAD/vit-features/train/anomaly/commercial_anomaly_less/slip_and_fall_accident/000000111666_all__0.npy,slip_and_fall_accident
Pistachio/VAD/vit-features/train/anomaly/commercial_anomaly_less/slip_and_fall_accident/000000111666_all__1.npy,slip_and_fall_accident
Pistachio/VAD/vit-features/train/anomaly/commercial_anomaly_less/slip_and_fall_accident/000000111666_all__2.npy,slip_and_fall_accident
Pistachio/VAD/vit-features/train/anomaly/commercial_anomaly_less/slip_and_fall_accident/000000111666_all__3.npy,slip_and_fall_accident
Pistachio/VAD/vit-features/train/anomaly/commercial_anomaly_less/slip_and_fall_accident/000000111666_all__4.npy,slip_and_fall_accident
Pistachio/VAD/vit-features/train/anomaly/commercial_anomaly_less/slip_and_fall_accident/000000111666_all__5.npy,slip_and_fall_accident
Pistachio/VAD/vit-features/train/anomaly/commercial_anomaly_less/slip_and_fall_accident/000000111666_all__6.npy,slip_and_fall_accident
Pistachio/VAD/vit-features/train/anomaly/commercial_anomaly_less/slip_and_fall_accident/000000111666_all__7.npy,slip_and_fall_accident
Pistachio/VAD/vit-features/train/anomaly/commercial_anomaly_less/slip_and_fall_accident/000000111666_all__8.npy,slip_and_fall_accident
Pistachio/VAD/vit-features/train/anomaly/commercial_anomaly_less/slip_and_fall_accident/000000111666_all__9.npy,slip_and_fall_accident
Pistachio/VAD/vit-features/train/anomaly/commercial_anomaly_less/slip_and_fall_accident/000000128702_all__0.npy,slip_and_fall_accident
Pistachio/VAD/vit-features/train/anomaly/commercial_anomaly_less/slip_and_fall_accident/000000128702_all__1.npy,slip_and_fall_accident
Pistachio/VAD/vit-features/train/anomaly/commercial_anomaly_less/slip_and_fall_accident/000000128702_all__2.npy,slip_and_fall_accident
Pistachio/VAD/vit-features/train/anomaly/commercial_anomaly_less/slip_and_fall_accident/000000128702_all__3.npy,slip_and_fall_accident
Pistachio/VAD/vit-features/train/anomaly/commercial_anomaly_less/slip_and_fall_accident/000000128702_all__4.npy,slip_and_fall_accident
Pistachio/VAD/vit-features/train/anomaly/commercial_anomaly_less/slip_and_fall_accident/000000128702_all__5.npy,slip_and_fall_accident
Pistachio/VAD/vit-features/train/anomaly/commercial_anomaly_less/slip_and_fall_accident/000000128702_all__6.npy,slip_and_fall_accident
Pistachio/VAD/vit-features/train/anomaly/commercial_anomaly_less/slip_and_fall_accident/000000128702_all__7.npy,slip_and_fall_accident
Pistachio/VAD/vit-features/train/anomaly/commercial_anomaly_less/slip_and_fall_accident/000000128702_all__8.npy,slip_and_fall_accident
Pistachio/VAD/vit-features/train/anomaly/commercial_anomaly_less/slip_and_fall_accident/000000128702_all__9.npy,slip_and_fall_accident
Pistachio/VAD/vit-features/train/anomaly/commercial_anomaly_less/slip_and_fall_accident/000000132364_all__0.npy,slip_and_fall_accident
Pistachio/VAD/vit-features/train/anomaly/commercial_anomaly_less/slip_and_fall_accident/000000132364_all__1.npy,slip_and_fall_accident
Pistachio/VAD/vit-features/train/anomaly/commercial_anomaly_less/slip_and_fall_accident/000000132364_all__2.npy,slip_and_fall_accident
Pistachio/VAD/vit-features/train/anomaly/commercial_anomaly_less/slip_and_fall_accident/000000132364_all__3.npy,slip_and_fall_accident
Pistachio/VAD/vit-features/train/anomaly/commercial_anomaly_less/slip_and_fall_accident/000000132364_all__4.npy,slip_and_fall_accident
Pistachio/VAD/vit-features/train/anomaly/commercial_anomaly_less/slip_and_fall_accident/000000132364_all__5.npy,slip_and_fall_accident
Pistachio/VAD/vit-features/train/anomaly/commercial_anomaly_less/slip_and_fall_accident/000000132364_all__6.npy,slip_and_fall_accident
Pistachio/VAD/vit-features/train/anomaly/commercial_anomaly_less/slip_and_fall_accident/000000132364_all__7.npy,slip_and_fall_accident
Pistachio/VAD/vit-features/train/anomaly/commercial_anomaly_less/slip_and_fall_accident/000000132364_all__8.npy,slip_and_fall_accident
Pistachio/VAD/vit-features/train/anomaly/commercial_anomaly_less/slip_and_fall_accident/000000132364_all__9.npy,slip_and_fall_accident
Pistachio/VAD/vit-features/train/anomaly/commercial_anomaly_less/slip_and_fall_accident/000000162412_all__0.npy,slip_and_fall_accident
Pistachio/VAD/vit-features/train/anomaly/commercial_anomaly_less/slip_and_fall_accident/000000162412_all__1.npy,slip_and_fall_accident
Pistachio/VAD/vit-features/train/anomaly/commercial_anomaly_less/slip_and_fall_accident/000000162412_all__2.npy,slip_and_fall_accident
Pistachio/VAD/vit-features/train/anomaly/commercial_anomaly_less/slip_and_fall_accident/000000162412_all__3.npy,slip_and_fall_accident
Pistachio/VAD/vit-features/train/anomaly/commercial_anomaly_less/slip_and_fall_accident/000000162412_all__4.npy,slip_and_fall_accident
Pistachio/VAD/vit-features/train/anomaly/commercial_anomaly_less/slip_and_fall_accident/000000162412_all__5.npy,slip_and_fall_accident
Pistachio/VAD/vit-features/train/anomaly/commercial_anomaly_less/slip_and_fall_accident/000000162412_all__6.npy,slip_and_fall_accident
Pistachio/VAD/vit-features/train/anomaly/commercial_anomaly_less/slip_and_fall_accident/000000162412_all__7.npy,slip_and_fall_accident
Pistachio/VAD/vit-features/train/anomaly/commercial_anomaly_less/slip_and_fall_accident/000000162412_all__8.npy,slip_and_fall_accident
Pistachio/VAD/vit-features/train/anomaly/commercial_anomaly_less/slip_and_fall_accident/000000162412_all__9.npy,slip_and_fall_accident
Pistachio/VAD/vit-features/train/anomaly/commercial_anomaly_less/slip_and_fall_accident/000000234167_all__0.npy,slip_and_fall_accident
Pistachio/VAD/vit-features/train/anomaly/commercial_anomaly_less/slip_and_fall_accident/000000234167_all__1.npy,slip_and_fall_accident
Pistachio/VAD/vit-features/train/anomaly/commercial_anomaly_less/slip_and_fall_accident/000000234167_all__2.npy,slip_and_fall_accident
Pistachio/VAD/vit-features/train/anomaly/commercial_anomaly_less/slip_and_fall_accident/000000234167_all__3.npy,slip_and_fall_accident
Pistachio/VAD/vit-features/train/anomaly/commercial_anomaly_less/slip_and_fall_accident/000000234167_all__4.npy,slip_and_fall_accident
Pistachio/VAD/vit-features/train/anomaly/commercial_anomaly_less/slip_and_fall_accident/000000234167_all__5.npy,slip_and_fall_accident
Pistachio/VAD/vit-features/train/anomaly/commercial_anomaly_less/slip_and_fall_accident/000000234167_all__6.npy,slip_and_fall_accident
Pistachio/VAD/vit-features/train/anomaly/commercial_anomaly_less/slip_and_fall_accident/000000234167_all__7.npy,slip_and_fall_accident
Pistachio/VAD/vit-features/train/anomaly/commercial_anomaly_less/slip_and_fall_accident/000000234167_all__8.npy,slip_and_fall_accident
Pistachio/VAD/vit-features/train/anomaly/commercial_anomaly_less/slip_and_fall_accident/000000234167_all__9.npy,slip_and_fall_accident
Pistachio/VAD/vit-features/train/anomaly/commercial_anomaly_less/slip_and_fall_accident/000000241167_all__0.npy,slip_and_fall_accident
Pistachio/VAD/vit-features/train/anomaly/commercial_anomaly_less/slip_and_fall_accident/000000241167_all__1.npy,slip_and_fall_accident
Pistachio/VAD/vit-features/train/anomaly/commercial_anomaly_less/slip_and_fall_accident/000000241167_all__2.npy,slip_and_fall_accident
Pistachio/VAD/vit-features/train/anomaly/commercial_anomaly_less/slip_and_fall_accident/000000241167_all__3.npy,slip_and_fall_accident
Pistachio/VAD/vit-features/train/anomaly/commercial_anomaly_less/slip_and_fall_accident/000000241167_all__4.npy,slip_and_fall_accident
Pistachio/VAD/vit-features/train/anomaly/commercial_anomaly_less/slip_and_fall_accident/000000241167_all__5.npy,slip_and_fall_accident
Pistachio/VAD/vit-features/train/anomaly/commercial_anomaly_less/slip_and_fall_accident/000000241167_all__6.npy,slip_and_fall_accident
Pistachio/VAD/vit-features/train/anomaly/commercial_anomaly_less/slip_and_fall_accident/000000241167_all__7.npy,slip_and_fall_accident
Pistachio/VAD/vit-features/train/anomaly/commercial_anomaly_less/slip_and_fall_accident/000000241167_all__8.npy,slip_and_fall_accident
Pistachio/VAD/vit-features/train/anomaly/commercial_anomaly_less/slip_and_fall_accident/000000241167_all__9.npy,slip_and_fall_accident
Pistachio/VAD/vit-features/train/anomaly/commercial_anomaly_less/slip_and_fall_accident/000000255136_all__0.npy,slip_and_fall_accident
Pistachio/VAD/vit-features/train/anomaly/commercial_anomaly_less/slip_and_fall_accident/000000255136_all__1.npy,slip_and_fall_accident
Pistachio/VAD/vit-features/train/anomaly/commercial_anomaly_less/slip_and_fall_accident/000000255136_all__2.npy,slip_and_fall_accident
Pistachio/VAD/vit-features/train/anomaly/commercial_anomaly_less/slip_and_fall_accident/000000255136_all__3.npy,slip_and_fall_accident
Pistachio/VAD/vit-features/train/anomaly/commercial_anomaly_less/slip_and_fall_accident/000000255136_all__4.npy,slip_and_fall_accident
Pistachio/VAD/vit-features/train/anomaly/commercial_anomaly_less/slip_and_fall_accident/000000255136_all__5.npy,slip_and_fall_accident
Pistachio/VAD/vit-features/train/anomaly/commercial_anomaly_less/slip_and_fall_accident/000000255136_all__6.npy,slip_and_fall_accident
Pistachio/VAD/vit-features/train/anomaly/commercial_anomaly_less/slip_and_fall_accident/000000255136_all__7.npy,slip_and_fall_accident
Pistachio/VAD/vit-features/train/anomaly/commercial_anomaly_less/slip_and_fall_accident/000000255136_all__8.npy,slip_and_fall_accident
Pistachio/VAD/vit-features/train/anomaly/commercial_anomaly_less/slip_and_fall_accident/000000255136_all__9.npy,slip_and_fall_accident
Pistachio/VAD/vit-features/train/anomaly/commercial_anomaly_less/slip_and_fall_accident/000000255801_all__0.npy,slip_and_fall_accident
Pistachio/VAD/vit-features/train/anomaly/commercial_anomaly_less/slip_and_fall_accident/000000255801_all__1.npy,slip_and_fall_accident
Pistachio/VAD/vit-features/train/anomaly/commercial_anomaly_less/slip_and_fall_accident/000000255801_all__2.npy,slip_and_fall_accident
Pistachio/VAD/vit-features/train/anomaly/commercial_anomaly_less/slip_and_fall_accident/000000255801_all__3.npy,slip_and_fall_accident
Pistachio/VAD/vit-features/train/anomaly/commercial_anomaly_less/slip_and_fall_accident/000000255801_all__4.npy,slip_and_fall_accident
Pistachio/VAD/vit-features/train/anomaly/commercial_anomaly_less/slip_and_fall_accident/000000255801_all__5.npy,slip_and_fall_accident
Pistachio/VAD/vit-features/train/anomaly/commercial_anomaly_less/slip_and_fall_accident/000000255801_all__6.npy,slip_and_fall_accident
Pistachio/VAD/vit-features/train/anomaly/commercial_anomaly_less/slip_and_fall_accident/000000255801_all__7.npy,slip_and_fall_accident
Pistachio/VAD/vit-features/train/anomaly/commercial_anomaly_less/slip_and_fall_accident/000000255801_all__8.npy,slip_and_fall_accident
Pistachio/VAD/vit-features/train/anomaly/commercial_anomaly_less/slip_and_fall_accident/000000255801_all__9.npy,slip_and_fall_accident
Pistachio/VAD/vit-features/train/anomaly/commercial_anomaly_less/slip_and_fall_accident/000000255846_all__0.npy,slip_and_fall_accident
Pistachio/VAD/vit-features/train/anomaly/commercial_anomaly_less/slip_and_fall_accident/000000255846_all__1.npy,slip_and_fall_accident
Pistachio/VAD/vit-features/train/anomaly/commercial_anomaly_less/slip_and_fall_accident/000000255846_all__2.npy,slip_and_fall_accident
Pistachio/VAD/vit-features/train/anomaly/commercial_anomaly_less/slip_and_fall_accident/000000255846_all__3.npy,slip_and_fall_accident
Pistachio/VAD/vit-features/train/anomaly/commercial_anomaly_less/slip_and_fall_accident/000000255846_all__4.npy,slip_and_fall_accident
Pistachio/VAD/vit-features/train/anomaly/commercial_anomaly_less/slip_and_fall_accident/000000255846_all__5.npy,slip_and_fall_accident
Pistachio/VAD/vit-features/train/anomaly/commercial_anomaly_less/slip_and_fall_accident/000000255846_all__6.npy,slip_and_fall_accident
Pistachio/VAD/vit-features/train/anomaly/commercial_anomaly_less/slip_and_fall_accident/000000255846_all__7.npy,slip_and_fall_accident
Pistachio/VAD/vit-features/train/anomaly/commercial_anomaly_less/slip_and_fall_accident/000000255846_all__8.npy,slip_and_fall_accident
Pistachio/VAD/vit-features/train/anomaly/commercial_anomaly_less/slip_and_fall_accident/000000255846_all__9.npy,slip_and_fall_accident
Pistachio/VAD/vit-features/train/anomaly/commercial_anomaly_less/slip_and_fall_accident/000000259236_all__0.npy,slip_and_fall_accident
Pistachio/VAD/vit-features/train/anomaly/commercial_anomaly_less/slip_and_fall_accident/000000259236_all__1.npy,slip_and_fall_accident
Pistachio/VAD/vit-features/train/anomaly/commercial_anomaly_less/slip_and_fall_accident/000000259236_all__2.npy,slip_and_fall_accident
Pistachio/VAD/vit-features/train/anomaly/commercial_anomaly_less/slip_and_fall_accident/000000259236_all__3.npy,slip_and_fall_accident
Pistachio/VAD/vit-features/train/anomaly/commercial_anomaly_less/slip_and_fall_accident/000000259236_all__4.npy,slip_and_fall_accident
Pistachio/VAD/vit-features/train/anomaly/commercial_anomaly_less/slip_and_fall_accident/000000259236_all__5.npy,slip_and_fall_accident
Pistachio/VAD/vit-features/train/anomaly/commercial_anomaly_less/slip_and_fall_accident/000000259236_all__6.npy,slip_and_fall_accident
Pistachio/VAD/vit-features/train/anomaly/commercial_anomaly_less/slip_and_fall_accident/000000259236_all__7.npy,slip_and_fall_accident
Pistachio/VAD/vit-features/train/anomaly/commercial_anomaly_less/slip_and_fall_accident/000000259236_all__8.npy,slip_and_fall_accident
Pistachio/VAD/vit-features/train/anomaly/commercial_anomaly_less/slip_and_fall_accident/000000259236_all__9.npy,slip_and_fall_accident
Pistachio/VAD/vit-features/train/anomaly/commercial_anomaly_less/slip_and_fall_accident/000000273021_all__0.npy,slip_and_fall_accident
Pistachio/VAD/vit-features/train/anomaly/commercial_anomaly_less/slip_and_fall_accident/000000273021_all__1.npy,slip_and_fall_accident
Pistachio/VAD/vit-features/train/anomaly/commercial_anomaly_less/slip_and_fall_accident/000000273021_all__2.npy,slip_and_fall_accident
Pistachio/VAD/vit-features/train/anomaly/commercial_anomaly_less/slip_and_fall_accident/000000273021_all__3.npy,slip_and_fall_accident
Pistachio/VAD/vit-features/train/anomaly/commercial_anomaly_less/slip_and_fall_accident/000000273021_all__4.npy,slip_and_fall_accident
Pistachio/VAD/vit-features/train/anomaly/commercial_anomaly_less/slip_and_fall_accident/000000273021_all__5.npy,slip_and_fall_accident
Pistachio/VAD/vit-features/train/anomaly/commercial_anomaly_less/slip_and_fall_accident/000000273021_all__6.npy,slip_and_fall_accident
Pistachio/VAD/vit-features/train/anomaly/commercial_anomaly_less/slip_and_fall_accident/000000273021_all__7.npy,slip_and_fall_accident
Pistachio/VAD/vit-features/train/anomaly/commercial_anomaly_less/slip_and_fall_accident/000000273021_all__8.npy,slip_and_fall_accident
Pistachio/VAD/vit-features/train/anomaly/commercial_anomaly_less/slip_and_fall_accident/000000273021_all__9.npy,slip_and_fall_accident
Pistachio/VAD/vit-features/train/anomaly/commercial_anomaly_less/slip_and_fall_accident/000000273221_all__0.npy,slip_and_fall_accident
Pistachio/VAD/vit-features/train/anomaly/commercial_anomaly_less/slip_and_fall_accident/000000273221_all__1.npy,slip_and_fall_accident
Pistachio/VAD/vit-features/train/anomaly/commercial_anomaly_less/slip_and_fall_accident/000000273221_all__2.npy,slip_and_fall_accident
Pistachio/VAD/vit-features/train/anomaly/commercial_anomaly_less/slip_and_fall_accident/000000273221_all__3.npy,slip_and_fall_accident
Pistachio/VAD/vit-features/train/anomaly/commercial_anomaly_less/slip_and_fall_accident/000000273221_all__4.npy,slip_and_fall_accident
Pistachio/VAD/vit-features/train/anomaly/commercial_anomaly_less/slip_and_fall_accident/000000273221_all__5.npy,slip_and_fall_accident
Pistachio/VAD/vit-features/train/anomaly/commercial_anomaly_less/slip_and_fall_accident/000000273221_all__6.npy,slip_and_fall_accident
Pistachio/VAD/vit-features/train/anomaly/commercial_anomaly_less/slip_and_fall_accident/000000273221_all__7.npy,slip_and_fall_accident
Pistachio/VAD/vit-features/train/anomaly/commercial_anomaly_less/slip_and_fall_accident/000000273221_all__8.npy,slip_and_fall_accident
Pistachio/VAD/vit-features/train/anomaly/commercial_anomaly_less/slip_and_fall_accident/000000273221_all__9.npy,slip_and_fall_accident
Pistachio/VAD/vit-features/train/anomaly/commercial_anomaly_less/slip_and_fall_accident/000000273238_all__0.npy,slip_and_fall_accident
Pistachio/VAD/vit-features/train/anomaly/commercial_anomaly_less/slip_and_fall_accident/000000273238_all__1.npy,slip_and_fall_accident
Pistachio/VAD/vit-features/train/anomaly/commercial_anomaly_less/slip_and_fall_accident/000000273238_all__2.npy,slip_and_fall_accident
Pistachio/VAD/vit-features/train/anomaly/commercial_anomaly_less/slip_and_fall_accident/000000273238_all__3.npy,slip_and_fall_accident
Pistachio/VAD/vit-features/train/anomaly/commercial_anomaly_less/slip_and_fall_accident/000000273238_all__4.npy,slip_and_fall_accident
Pistachio/VAD/vit-features/train/anomaly/commercial_anomaly_less/slip_and_fall_accident/000000273238_all__5.npy,slip_and_fall_accident
Pistachio/VAD/vit-features/train/anomaly/commercial_anomaly_less/slip_and_fall_accident/000000273238_all__6.npy,slip_and_fall_accident
Pistachio/VAD/vit-features/train/anomaly/commercial_anomaly_less/slip_and_fall_accident/000000273238_all__7.npy,slip_and_fall_accident
Pistachio/VAD/vit-features/train/anomaly/commercial_anomaly_less/slip_and_fall_accident/000000273238_all__8.npy,slip_and_fall_accident
Pistachio/VAD/vit-features/train/anomaly/commercial_anomaly_less/slip_and_fall_accident/000000273238_all__9.npy,slip_and_fall_accident
Pistachio/VAD/vit-features/train/anomaly/commercial_anomaly_less/slip_and_fall_accident/000000307096_all__0.npy,slip_and_fall_accident
Pistachio/VAD/vit-features/train/anomaly/commercial_anomaly_less/slip_and_fall_accident/000000307096_all__1.npy,slip_and_fall_accident
Pistachio/VAD/vit-features/train/anomaly/commercial_anomaly_less/slip_and_fall_accident/000000307096_all__2.npy,slip_and_fall_accident
Pistachio/VAD/vit-features/train/anomaly/commercial_anomaly_less/slip_and_fall_accident/000000307096_all__3.npy,slip_and_fall_accident
Pistachio/VAD/vit-features/train/anomaly/commercial_anomaly_less/slip_and_fall_accident/000000307096_all__4.npy,slip_and_fall_accident
Pistachio/VAD/vit-features/train/anomaly/commercial_anomaly_less/slip_and_fall_accident/000000307096_all__5.npy,slip_and_fall_accident
Pistachio/VAD/vit-features/train/anomaly/commercial_anomaly_less/slip_and_fall_accident/000000307096_all__6.npy,slip_and_fall_accident
Pistachio/VAD/vit-features/train/anomaly/commercial_anomaly_less/slip_and_fall_accident/000000307096_all__7.npy,slip_and_fall_accident
Pistachio/VAD/vit-features/train/anomaly/commercial_anomaly_less/slip_and_fall_accident/000000307096_all__8.npy,slip_and_fall_accident
Pistachio/VAD/vit-features/train/anomaly/commercial_anomaly_less/slip_and_fall_accident/000000307096_all__9.npy,slip_and_fall_accident
Pistachio/VAD/vit-features/train/anomaly/commercial_anomaly_less/slip_and_fall_accident/000000316863_all__0.npy,slip_and_fall_accident
Pistachio/VAD/vit-features/train/anomaly/commercial_anomaly_less/slip_and_fall_accident/000000316863_all__1.npy,slip_and_fall_accident
Pistachio/VAD/vit-features/train/anomaly/commercial_anomaly_less/slip_and_fall_accident/000000316863_all__2.npy,slip_and_fall_accident
Pistachio/VAD/vit-features/train/anomaly/commercial_anomaly_less/slip_and_fall_accident/000000316863_all__3.npy,slip_and_fall_accident
Pistachio/VAD/vit-features/train/anomaly/commercial_anomaly_less/slip_and_fall_accident/000000316863_all__4.npy,slip_and_fall_accident
Pistachio/VAD/vit-features/train/anomaly/commercial_anomaly_less/slip_and_fall_accident/000000316863_all__5.npy,slip_and_fall_accident
Pistachio/VAD/vit-features/train/anomaly/commercial_anomaly_less/slip_and_fall_accident/000000316863_all__6.npy,slip_and_fall_accident
Pistachio/VAD/vit-features/train/anomaly/commercial_anomaly_less/slip_and_fall_accident/000000316863_all__7.npy,slip_and_fall_accident
Pistachio/VAD/vit-features/train/anomaly/commercial_anomaly_less/slip_and_fall_accident/000000316863_all__8.npy,slip_and_fall_accident
Pistachio/VAD/vit-features/train/anomaly/commercial_anomaly_less/slip_and_fall_accident/000000316863_all__9.npy,slip_and_fall_accident
Pistachio/VAD/vit-features/train/anomaly/commercial_anomaly_less/slip_and_fall_accident/000000360187_all__0.npy,slip_and_fall_accident
Pistachio/VAD/vit-features/train/anomaly/commercial_anomaly_less/slip_and_fall_accident/000000360187_all__1.npy,slip_and_fall_accident
Pistachio/VAD/vit-features/train/anomaly/commercial_anomaly_less/slip_and_fall_accident/000000360187_all__2.npy,slip_and_fall_accident
Pistachio/VAD/vit-features/train/anomaly/commercial_anomaly_less/slip_and_fall_accident/000000360187_all__3.npy,slip_and_fall_accident
Pistachio/VAD/vit-features/train/anomaly/commercial_anomaly_less/slip_and_fall_accident/000000360187_all__4.npy,slip_and_fall_accident
Pistachio/VAD/vit-features/train/anomaly/commercial_anomaly_less/slip_and_fall_accident/000000360187_all__5.npy,slip_and_fall_accident
Pistachio/VAD/vit-features/train/anomaly/commercial_anomaly_less/slip_and_fall_accident/000000360187_all__6.npy,slip_and_fall_accident
Pistachio/VAD/vit-features/train/anomaly/commercial_anomaly_less/slip_and_fall_accident/000000360187_all__7.npy,slip_and_fall_accident
Pistachio/VAD/vit-features/train/anomaly/commercial_anomaly_less/slip_and_fall_accident/000000360187_all__8.npy,slip_and_fall_accident
Pistachio/VAD/vit-features/train/anomaly/commercial_anomaly_less/slip_and_fall_accident/000000360187_all__9.npy,slip_and_fall_accident
Pistachio/VAD/vit-features/train/anomaly/commercial_anomaly_less/sudden_illness_seizure/000000016658_all__0.npy,sudden_illness_seizure
Pistachio/VAD/vit-features/train/anomaly/commercial_anomaly_less/sudden_illness_seizure/000000016658_all__1.npy,sudden_illness_seizure
Pistachio/VAD/vit-features/train/anomaly/commercial_anomaly_less/sudden_illness_seizure/000000016658_all__2.npy,sudden_illness_seizure
Pistachio/VAD/vit-features/train/anomaly/commercial_anomaly_less/sudden_illness_seizure/000000016658_all__3.npy,sudden_illness_seizure
Pistachio/VAD/vit-features/train/anomaly/commercial_anomaly_less/sudden_illness_seizure/000000016658_all__4.npy,sudden_illness_seizure
Pistachio/VAD/vit-features/train/anomaly/commercial_anomaly_less/sudden_illness_seizure/000000016658_all__5.npy,sudden_illness_seizure
Pistachio/VAD/vit-features/train/anomaly/commercial_anomaly_less/sudden_illness_seizure/000000016658_all__6.npy,sudden_illness_seizure
Pistachio/VAD/vit-features/train/anomaly/commercial_anomaly_less/sudden_illness_seizure/000000016658_all__7.npy,sudden_illness_seizure
Pistachio/VAD/vit-features/train/anomaly/commercial_anomaly_less/sudden_illness_seizure/000000016658_all__8.npy,sudden_illness_seizure
Pistachio/VAD/vit-features/train/anomaly/commercial_anomaly_less/sudden_illness_seizure/000000016658_all__9.npy,sudden_illness_seizure
Pistachio/VAD/vit-features/train/anomaly/commercial_anomaly_less/sudden_illness_seizure/000000029462_all__0.npy,sudden_illness_seizure
Pistachio/VAD/vit-features/train/anomaly/commercial_anomaly_less/sudden_illness_seizure/000000029462_all__1.npy,sudden_illness_seizure
Pistachio/VAD/vit-features/train/anomaly/commercial_anomaly_less/sudden_illness_seizure/000000029462_all__2.npy,sudden_illness_seizure
Pistachio/VAD/vit-features/train/anomaly/commercial_anomaly_less/sudden_illness_seizure/000000029462_all__3.npy,sudden_illness_seizure
Pistachio/VAD/vit-features/train/anomaly/commercial_anomaly_less/sudden_illness_seizure/000000029462_all__4.npy,sudden_illness_seizure
Pistachio/VAD/vit-features/train/anomaly/commercial_anomaly_less/sudden_illness_seizure/000000029462_all__5.npy,sudden_illness_seizure
Pistachio/VAD/vit-features/train/anomaly/commercial_anomaly_less/sudden_illness_seizure/000000029462_all__6.npy,sudden_illness_seizure
Pistachio/VAD/vit-features/train/anomaly/commercial_anomaly_less/sudden_illness_seizure/000000029462_all__7.npy,sudden_illness_seizure
Pistachio/VAD/vit-features/train/anomaly/commercial_anomaly_less/sudden_illness_seizure/000000029462_all__8.npy,sudden_illness_seizure
Pistachio/VAD/vit-features/train/anomaly/commercial_anomaly_less/sudden_illness_seizure/000000029462_all__9.npy,sudden_illness_seizure
Pistachio/VAD/vit-features/train/anomaly/commercial_anomaly_less/sudden_illness_seizure/000000069674_all__0.npy,sudden_illness_seizure
Pistachio/VAD/vit-features/train/anomaly/commercial_anomaly_less/sudden_illness_seizure/000000069674_all__1.npy,sudden_illness_seizure
Pistachio/VAD/vit-features/train/anomaly/commercial_anomaly_less/sudden_illness_seizure/000000069674_all__2.npy,sudden_illness_seizure
Pistachio/VAD/vit-features/train/anomaly/commercial_anomaly_less/sudden_illness_seizure/000000069674_all__3.npy,sudden_illness_seizure
Pistachio/VAD/vit-features/train/anomaly/commercial_anomaly_less/sudden_illness_seizure/000000069674_all__4.npy,sudden_illness_seizure
Pistachio/VAD/vit-features/train/anomaly/commercial_anomaly_less/sudden_illness_seizure/000000069674_all__5.npy,sudden_illness_seizure
Pistachio/VAD/vit-features/train/anomaly/commercial_anomaly_less/sudden_illness_seizure/000000069674_all__6.npy,sudden_illness_seizure
Pistachio/VAD/vit-features/train/anomaly/commercial_anomaly_less/sudden_illness_seizure/000000069674_all__7.npy,sudden_illness_seizure
Pistachio/VAD/vit-features/train/anomaly/commercial_anomaly_less/sudden_illness_seizure/000000069674_all__8.npy,sudden_illness_seizure
Pistachio/VAD/vit-features/train/anomaly/commercial_anomaly_less/sudden_illness_seizure/000000069674_all__9.npy,sudden_illness_seizure
Pistachio/VAD/vit-features/train/anomaly/commercial_anomaly_less/theft/000000074685_all__0.npy,theft
Pistachio/VAD/vit-features/train/anomaly/commercial_anomaly_less/theft/000000074685_all__1.npy,theft
Pistachio/VAD/vit-features/train/anomaly/commercial_anomaly_less/theft/000000074685_all__2.npy,theft
Pistachio/VAD/vit-features/train/anomaly/commercial_anomaly_less/theft/000000074685_all__3.npy,theft
Pistachio/VAD/vit-features/train/anomaly/commercial_anomaly_less/theft/000000074685_all__4.npy,theft
Pistachio/VAD/vit-features/train/anomaly/commercial_anomaly_less/theft/000000074685_all__5.npy,theft
Pistachio/VAD/vit-features/train/anomaly/commercial_anomaly_less/theft/000000074685_all__6.npy,theft
Pistachio/VAD/vit-features/train/anomaly/commercial_anomaly_less/theft/000000074685_all__7.npy,theft
Pistachio/VAD/vit-features/train/anomaly/commercial_anomaly_less/theft/000000074685_all__8.npy,theft
Pistachio/VAD/vit-features/train/anomaly/commercial_anomaly_less/theft/000000074685_all__9.npy,theft
Pistachio/VAD/vit-features/train/anomaly/commercial_anomaly_less/theft/000000087994_all__0.npy,theft
Pistachio/VAD/vit-features/train/anomaly/commercial_anomaly_less/theft/000000087994_all__1.npy,theft
Pistachio/VAD/vit-features/train/anomaly/commercial_anomaly_less/theft/000000087994_all__2.npy,theft
Pistachio/VAD/vit-features/train/anomaly/commercial_anomaly_less/theft/000000087994_all__3.npy,theft
Pistachio/VAD/vit-features/train/anomaly/commercial_anomaly_less/theft/000000087994_all__4.npy,theft
Pistachio/VAD/vit-features/train/anomaly/commercial_anomaly_less/theft/000000087994_all__5.npy,theft
Pistachio/VAD/vit-features/train/anomaly/commercial_anomaly_less/theft/000000087994_all__6.npy,theft
Pistachio/VAD/vit-features/train/anomaly/commercial_anomaly_less/theft/000000087994_all__7.npy,theft
Pistachio/VAD/vit-features/train/anomaly/commercial_anomaly_less/theft/000000087994_all__8.npy,theft
Pistachio/VAD/vit-features/train/anomaly/commercial_anomaly_less/theft/000000087994_all__9.npy,theft
Pistachio/VAD/vit-features/train/anomaly/commercial_anomaly_less/theft/000000342904_all__0.npy,theft
Pistachio/VAD/vit-features/train/anomaly/commercial_anomaly_less/theft/000000342904_all__1.npy,theft
Pistachio/VAD/vit-features/train/anomaly/commercial_anomaly_less/theft/000000342904_all__2.npy,theft
Pistachio/VAD/vit-features/train/anomaly/commercial_anomaly_less/theft/000000342904_all__3.npy,theft
Pistachio/VAD/vit-features/train/anomaly/commercial_anomaly_less/theft/000000342904_all__4.npy,theft
Pistachio/VAD/vit-features/train/anomaly/commercial_anomaly_less/theft/000000342904_all__5.npy,theft
Pistachio/VAD/vit-features/train/anomaly/commercial_anomaly_less/theft/000000342904_all__6.npy,theft
Pistachio/VAD/vit-features/train/anomaly/commercial_anomaly_less/theft/000000342904_all__7.npy,theft
Pistachio/VAD/vit-features/train/anomaly/commercial_anomaly_less/theft/000000342904_all__8.npy,theft
Pistachio/VAD/vit-features/train/anomaly/commercial_anomaly_less/theft/000000342904_all__9.npy,theft
Pistachio/VAD/vit-features/train/anomaly/commercial_anomaly_less/theft/000000349749_all__0.npy,theft
Pistachio/VAD/vit-features/train/anomaly/commercial_anomaly_less/theft/000000349749_all__1.npy,theft
Pistachio/VAD/vit-features/train/anomaly/commercial_anomaly_less/theft/000000349749_all__2.npy,theft
Pistachio/VAD/vit-features/train/anomaly/commercial_anomaly_less/theft/000000349749_all__3.npy,theft
Pistachio/VAD/vit-features/train/anomaly/commercial_anomaly_less/theft/000000349749_all__4.npy,theft
Pistachio/VAD/vit-features/train/anomaly/commercial_anomaly_less/theft/000000349749_all__5.npy,theft
Pistachio/VAD/vit-features/train/anomaly/commercial_anomaly_less/theft/000000349749_all__6.npy,theft
Pistachio/VAD/vit-features/train/anomaly/commercial_anomaly_less/theft/000000349749_all__7.npy,theft
Pistachio/VAD/vit-features/train/anomaly/commercial_anomaly_less/theft/000000349749_all__8.npy,theft
Pistachio/VAD/vit-features/train/anomaly/commercial_anomaly_less/theft/000000349749_all__9.npy,theft
Pistachio/VAD/vit-features/train/anomaly/commercial_anomaly_less/theft/000000350666_all__0.npy,theft
Pistachio/VAD/vit-features/train/anomaly/commercial_anomaly_less/theft/000000350666_all__1.npy,theft
Pistachio/VAD/vit-features/train/anomaly/commercial_anomaly_less/theft/000000350666_all__2.npy,theft
Pistachio/VAD/vit-features/train/anomaly/commercial_anomaly_less/theft/000000350666_all__3.npy,theft
Pistachio/VAD/vit-features/train/anomaly/commercial_anomaly_less/theft/000000350666_all__4.npy,theft
Pistachio/VAD/vit-features/train/anomaly/commercial_anomaly_less/theft/000000350666_all__5.npy,theft
Pistachio/VAD/vit-features/train/anomaly/commercial_anomaly_less/theft/000000350666_all__6.npy,theft
Pistachio/VAD/vit-features/train/anomaly/commercial_anomaly_less/theft/000000350666_all__7.npy,theft
Pistachio/VAD/vit-features/train/anomaly/commercial_anomaly_less/theft/000000350666_all__8.npy,theft
Pistachio/VAD/vit-features/train/anomaly/commercial_anomaly_less/theft/000000350666_all__9.npy,theft
Pistachio/VAD/vit-features/train/anomaly/commercial_anomaly_less/theft/000000377124_all__0.npy,theft
Pistachio/VAD/vit-features/train/anomaly/commercial_anomaly_less/theft/000000377124_all__1.npy,theft
Pistachio/VAD/vit-features/train/anomaly/commercial_anomaly_less/theft/000000377124_all__2.npy,theft
Pistachio/VAD/vit-features/train/anomaly/commercial_anomaly_less/theft/000000377124_all__3.npy,theft
Pistachio/VAD/vit-features/train/anomaly/commercial_anomaly_less/theft/000000377124_all__4.npy,theft
Pistachio/VAD/vit-features/train/anomaly/commercial_anomaly_less/theft/000000377124_all__5.npy,theft
Pistachio/VAD/vit-features/train/anomaly/commercial_anomaly_less/theft/000000377124_all__6.npy,theft
Pistachio/VAD/vit-features/train/anomaly/commercial_anomaly_less/theft/000000377124_all__7.npy,theft
Pistachio/VAD/vit-features/train/anomaly/commercial_anomaly_less/theft/000000377124_all__8.npy,theft
Pistachio/VAD/vit-features/train/anomaly/commercial_anomaly_less/theft/000000377124_all__9.npy,theft
Pistachio/VAD/vit-features/train/anomaly/commercial_anomaly_less/vandalism/000000017571_all__0.npy,vandalism
Pistachio/VAD/vit-features/train/anomaly/commercial_anomaly_less/vandalism/000000017571_all__1.npy,vandalism
Pistachio/VAD/vit-features/train/anomaly/commercial_anomaly_less/vandalism/000000017571_all__2.npy,vandalism
Pistachio/VAD/vit-features/train/anomaly/commercial_anomaly_less/vandalism/000000017571_all__3.npy,vandalism
Pistachio/VAD/vit-features/train/anomaly/commercial_anomaly_less/vandalism/000000017571_all__4.npy,vandalism
Pistachio/VAD/vit-features/train/anomaly/commercial_anomaly_less/vandalism/000000017571_all__5.npy,vandalism
Pistachio/VAD/vit-features/train/anomaly/commercial_anomaly_less/vandalism/000000017571_all__6.npy,vandalism
Pistachio/VAD/vit-features/train/anomaly/commercial_anomaly_less/vandalism/000000017571_all__7.npy,vandalism
Pistachio/VAD/vit-features/train/anomaly/commercial_anomaly_less/vandalism/000000017571_all__8.npy,vandalism
Pistachio/VAD/vit-features/train/anomaly/commercial_anomaly_less/vandalism/000000017571_all__9.npy,vandalism
Pistachio/VAD/vit-features/train/anomaly/commercial_anomaly_less/vandalism/000000029946_all__0.npy,vandalism
Pistachio/VAD/vit-features/train/anomaly/commercial_anomaly_less/vandalism/000000029946_all__1.npy,vandalism
Pistachio/VAD/vit-features/train/anomaly/commercial_anomaly_less/vandalism/000000029946_all__2.npy,vandalism
Pistachio/VAD/vit-features/train/anomaly/commercial_anomaly_less/vandalism/000000029946_all__3.npy,vandalism
Pistachio/VAD/vit-features/train/anomaly/commercial_anomaly_less/vandalism/000000029946_all__4.npy,vandalism
Pistachio/VAD/vit-features/train/anomaly/commercial_anomaly_less/vandalism/000000029946_all__5.npy,vandalism
Pistachio/VAD/vit-features/train/anomaly/commercial_anomaly_less/vandalism/000000029946_all__6.npy,vandalism
Pistachio/VAD/vit-features/train/anomaly/commercial_anomaly_less/vandalism/000000029946_all__7.npy,vandalism
Pistachio/VAD/vit-features/train/anomaly/commercial_anomaly_less/vandalism/000000029946_all__8.npy,vandalism
Pistachio/VAD/vit-features/train/anomaly/commercial_anomaly_less/vandalism/000000029946_all__9.npy,vandalism
Pistachio/VAD/vit-features/train/anomaly/commercial_anomaly_less/vandalism/000000041194_all__0.npy,vandalism
Pistachio/VAD/vit-features/train/anomaly/commercial_anomaly_less/vandalism/000000041194_all__1.npy,vandalism
Pistachio/VAD/vit-features/train/anomaly/commercial_anomaly_less/vandalism/000000041194_all__2.npy,vandalism
Pistachio/VAD/vit-features/train/anomaly/commercial_anomaly_less/vandalism/000000041194_all__3.npy,vandalism
Pistachio/VAD/vit-features/train/anomaly/commercial_anomaly_less/vandalism/000000041194_all__4.npy,vandalism
Pistachio/VAD/vit-features/train/anomaly/commercial_anomaly_less/vandalism/000000041194_all__5.npy,vandalism
Pistachio/VAD/vit-features/train/anomaly/commercial_anomaly_less/vandalism/000000041194_all__6.npy,vandalism
Pistachio/VAD/vit-features/train/anomaly/commercial_anomaly_less/vandalism/000000041194_all__7.npy,vandalism
Pistachio/VAD/vit-features/train/anomaly/commercial_anomaly_less/vandalism/000000041194_all__8.npy,vandalism
Pistachio/VAD/vit-features/train/anomaly/commercial_anomaly_less/vandalism/000000041194_all__9.npy,vandalism
Pistachio/VAD/vit-features/train/anomaly/commercial_anomaly_less/vandalism/000000199652_all__0.npy,vandalism
Pistachio/VAD/vit-features/train/anomaly/commercial_anomaly_less/vandalism/000000199652_all__1.npy,vandalism
Pistachio/VAD/vit-features/train/anomaly/commercial_anomaly_less/vandalism/000000199652_all__2.npy,vandalism
Pistachio/VAD/vit-features/train/anomaly/commercial_anomaly_less/vandalism/000000199652_all__3.npy,vandalism
Pistachio/VAD/vit-features/train/anomaly/commercial_anomaly_less/vandalism/000000199652_all__4.npy,vandalism
Pistachio/VAD/vit-features/train/anomaly/commercial_anomaly_less/vandalism/000000199652_all__5.npy,vandalism
Pistachio/VAD/vit-features/train/anomaly/commercial_anomaly_less/vandalism/000000199652_all__6.npy,vandalism
Pistachio/VAD/vit-features/train/anomaly/commercial_anomaly_less/vandalism/000000199652_all__7.npy,vandalism
Pistachio/VAD/vit-features/train/anomaly/commercial_anomaly_less/vandalism/000000199652_all__8.npy,vandalism
Pistachio/VAD/vit-features/train/anomaly/commercial_anomaly_less/vandalism/000000199652_all__9.npy,vandalism
Pistachio/VAD/vit-features/train/anomaly/commercial_anomaly_less/vandalism/000000225412_all__0.npy,vandalism
Pistachio/VAD/vit-features/train/anomaly/commercial_anomaly_less/vandalism/000000225412_all__1.npy,vandalism
Pistachio/VAD/vit-features/train/anomaly/commercial_anomaly_less/vandalism/000000225412_all__2.npy,vandalism
Pistachio/VAD/vit-features/train/anomaly/commercial_anomaly_less/vandalism/000000225412_all__3.npy,vandalism
Pistachio/VAD/vit-features/train/anomaly/commercial_anomaly_less/vandalism/000000225412_all__4.npy,vandalism
Pistachio/VAD/vit-features/train/anomaly/commercial_anomaly_less/vandalism/000000225412_all__5.npy,vandalism
Pistachio/VAD/vit-features/train/anomaly/commercial_anomaly_less/vandalism/000000225412_all__6.npy,vandalism
Pistachio/VAD/vit-features/train/anomaly/commercial_anomaly_less/vandalism/000000225412_all__7.npy,vandalism
Pistachio/VAD/vit-features/train/anomaly/commercial_anomaly_less/vandalism/000000225412_all__8.npy,vandalism
Pistachio/VAD/vit-features/train/anomaly/commercial_anomaly_less/vandalism/000000225412_all__9.npy,vandalism
Pistachio/VAD/vit-features/train/anomaly/commercial_anomaly_less/vandalism/000000264483_all__0.npy,vandalism
Pistachio/VAD/vit-features/train/anomaly/commercial_anomaly_less/vandalism/000000264483_all__1.npy,vandalism
Pistachio/VAD/vit-features/train/anomaly/commercial_anomaly_less/vandalism/000000264483_all__2.npy,vandalism
Pistachio/VAD/vit-features/train/anomaly/commercial_anomaly_less/vandalism/000000264483_all__3.npy,vandalism
Pistachio/VAD/vit-features/train/anomaly/commercial_anomaly_less/vandalism/000000264483_all__4.npy,vandalism
Pistachio/VAD/vit-features/train/anomaly/commercial_anomaly_less/vandalism/000000264483_all__5.npy,vandalism
Pistachio/VAD/vit-features/train/anomaly/commercial_anomaly_less/vandalism/000000264483_all__6.npy,vandalism
Pistachio/VAD/vit-features/train/anomaly/commercial_anomaly_less/vandalism/000000264483_all__7.npy,vandalism
Pistachio/VAD/vit-features/train/anomaly/commercial_anomaly_less/vandalism/000000264483_all__8.npy,vandalism
Pistachio/VAD/vit-features/train/anomaly/commercial_anomaly_less/vandalism/000000264483_all__9.npy,vandalism
Pistachio/VAD/vit-features/train/anomaly/commercial_anomaly_less/vandalism/000000281638_all__0.npy,vandalism
Pistachio/VAD/vit-features/train/anomaly/commercial_anomaly_less/vandalism/000000281638_all__1.npy,vandalism
Pistachio/VAD/vit-features/train/anomaly/commercial_anomaly_less/vandalism/000000281638_all__2.npy,vandalism
Pistachio/VAD/vit-features/train/anomaly/commercial_anomaly_less/vandalism/000000281638_all__3.npy,vandalism
Pistachio/VAD/vit-features/train/anomaly/commercial_anomaly_less/vandalism/000000281638_all__4.npy,vandalism
Pistachio/VAD/vit-features/train/anomaly/commercial_anomaly_less/vandalism/000000281638_all__5.npy,vandalism
Pistachio/VAD/vit-features/train/anomaly/commercial_anomaly_less/vandalism/000000281638_all__6.npy,vandalism
Pistachio/VAD/vit-features/train/anomaly/commercial_anomaly_less/vandalism/000000281638_all__7.npy,vandalism
Pistachio/VAD/vit-features/train/anomaly/commercial_anomaly_less/vandalism/000000281638_all__8.npy,vandalism
Pistachio/VAD/vit-features/train/anomaly/commercial_anomaly_less/vandalism/000000281638_all__9.npy,vandalism
Pistachio/VAD/vit-features/train/anomaly/commercial_anomaly_less/vandalism/000000286744_all__0.npy,vandalism
Pistachio/VAD/vit-features/train/anomaly/commercial_anomaly_less/vandalism/000000286744_all__1.npy,vandalism
Pistachio/VAD/vit-features/train/anomaly/commercial_anomaly_less/vandalism/000000286744_all__2.npy,vandalism
Pistachio/VAD/vit-features/train/anomaly/commercial_anomaly_less/vandalism/000000286744_all__3.npy,vandalism
Pistachio/VAD/vit-features/train/anomaly/commercial_anomaly_less/vandalism/000000286744_all__4.npy,vandalism
Pistachio/VAD/vit-features/train/anomaly/commercial_anomaly_less/vandalism/000000286744_all__5.npy,vandalism
Pistachio/VAD/vit-features/train/anomaly/commercial_anomaly_less/vandalism/000000286744_all__6.npy,vandalism
Pistachio/VAD/vit-features/train/anomaly/commercial_anomaly_less/vandalism/000000286744_all__7.npy,vandalism
Pistachio/VAD/vit-features/train/anomaly/commercial_anomaly_less/vandalism/000000286744_all__8.npy,vandalism
Pistachio/VAD/vit-features/train/anomaly/commercial_anomaly_less/vandalism/000000286744_all__9.npy,vandalism
Pistachio/VAD/vit-features/train/anomaly/commercial_anomaly_less/vandalism/000000298309_all__0.npy,vandalism
Pistachio/VAD/vit-features/train/anomaly/commercial_anomaly_less/vandalism/000000298309_all__1.npy,vandalism
Pistachio/VAD/vit-features/train/anomaly/commercial_anomaly_less/vandalism/000000298309_all__2.npy,vandalism
Pistachio/VAD/vit-features/train/anomaly/commercial_anomaly_less/vandalism/000000298309_all__3.npy,vandalism
Pistachio/VAD/vit-features/train/anomaly/commercial_anomaly_less/vandalism/000000298309_all__4.npy,vandalism
Pistachio/VAD/vit-features/train/anomaly/commercial_anomaly_less/vandalism/000000298309_all__5.npy,vandalism
Pistachio/VAD/vit-features/train/anomaly/commercial_anomaly_less/vandalism/000000298309_all__6.npy,vandalism
Pistachio/VAD/vit-features/train/anomaly/commercial_anomaly_less/vandalism/000000298309_all__7.npy,vandalism
Pistachio/VAD/vit-features/train/anomaly/commercial_anomaly_less/vandalism/000000298309_all__8.npy,vandalism
Pistachio/VAD/vit-features/train/anomaly/commercial_anomaly_less/vandalism/000000298309_all__9.npy,vandalism
Pistachio/VAD/vit-features/train/anomaly/commercial_anomaly_less/vandalism/000000303200_all__0.npy,vandalism
Pistachio/VAD/vit-features/train/anomaly/commercial_anomaly_less/vandalism/000000303200_all__1.npy,vandalism
Pistachio/VAD/vit-features/train/anomaly/commercial_anomaly_less/vandalism/000000303200_all__2.npy,vandalism
Pistachio/VAD/vit-features/train/anomaly/commercial_anomaly_less/vandalism/000000303200_all__3.npy,vandalism
Pistachio/VAD/vit-features/train/anomaly/commercial_anomaly_less/vandalism/000000303200_all__4.npy,vandalism
Pistachio/VAD/vit-features/train/anomaly/commercial_anomaly_less/vandalism/000000303200_all__5.npy,vandalism
Pistachio/VAD/vit-features/train/anomaly/commercial_anomaly_less/vandalism/000000303200_all__6.npy,vandalism
Pistachio/VAD/vit-features/train/anomaly/commercial_anomaly_less/vandalism/000000303200_all__7.npy,vandalism
Pistachio/VAD/vit-features/train/anomaly/commercial_anomaly_less/vandalism/000000303200_all__8.npy,vandalism
Pistachio/VAD/vit-features/train/anomaly/commercial_anomaly_less/vandalism/000000303200_all__9.npy,vandalism
Pistachio/VAD/vit-features/train/anomaly/commercial_anomaly_less/vandalism/000000325700_all__0.npy,vandalism
Pistachio/VAD/vit-features/train/anomaly/commercial_anomaly_less/vandalism/000000325700_all__1.npy,vandalism
Pistachio/VAD/vit-features/train/anomaly/commercial_anomaly_less/vandalism/000000325700_all__2.npy,vandalism
Pistachio/VAD/vit-features/train/anomaly/commercial_anomaly_less/vandalism/000000325700_all__3.npy,vandalism
Pistachio/VAD/vit-features/train/anomaly/commercial_anomaly_less/vandalism/000000325700_all__4.npy,vandalism
Pistachio/VAD/vit-features/train/anomaly/commercial_anomaly_less/vandalism/000000325700_all__5.npy,vandalism
Pistachio/VAD/vit-features/train/anomaly/commercial_anomaly_less/vandalism/000000325700_all__6.npy,vandalism
Pistachio/VAD/vit-features/train/anomaly/commercial_anomaly_less/vandalism/000000325700_all__7.npy,vandalism
Pistachio/VAD/vit-features/train/anomaly/commercial_anomaly_less/vandalism/000000325700_all__8.npy,vandalism
Pistachio/VAD/vit-features/train/anomaly/commercial_anomaly_less/vandalism/000000325700_all__9.npy,vandalism
Pistachio/VAD/vit-features/train/anomaly/commercial_anomaly_less/vandalism/000000338232_all__0.npy,vandalism
Pistachio/VAD/vit-features/train/anomaly/commercial_anomaly_less/vandalism/000000338232_all__1.npy,vandalism
Pistachio/VAD/vit-features/train/anomaly/commercial_anomaly_less/vandalism/000000338232_all__2.npy,vandalism
Pistachio/VAD/vit-features/train/anomaly/commercial_anomaly_less/vandalism/000000338232_all__3.npy,vandalism
Pistachio/VAD/vit-features/train/anomaly/commercial_anomaly_less/vandalism/000000338232_all__4.npy,vandalism
Pistachio/VAD/vit-features/train/anomaly/commercial_anomaly_less/vandalism/000000338232_all__5.npy,vandalism
Pistachio/VAD/vit-features/train/anomaly/commercial_anomaly_less/vandalism/000000338232_all__6.npy,vandalism
Pistachio/VAD/vit-features/train/anomaly/commercial_anomaly_less/vandalism/000000338232_all__7.npy,vandalism
Pistachio/VAD/vit-features/train/anomaly/commercial_anomaly_less/vandalism/000000338232_all__8.npy,vandalism
Pistachio/VAD/vit-features/train/anomaly/commercial_anomaly_less/vandalism/000000338232_all__9.npy,vandalism
Pistachio/VAD/vit-features/train/anomaly/commercial_anomaly_less/vandalism/000000339996_all__0.npy,vandalism
Pistachio/VAD/vit-features/train/anomaly/commercial_anomaly_less/vandalism/000000339996_all__1.npy,vandalism
Pistachio/VAD/vit-features/train/anomaly/commercial_anomaly_less/vandalism/000000339996_all__2.npy,vandalism
Pistachio/VAD/vit-features/train/anomaly/commercial_anomaly_less/vandalism/000000339996_all__3.npy,vandalism
Pistachio/VAD/vit-features/train/anomaly/commercial_anomaly_less/vandalism/000000339996_all__4.npy,vandalism
Pistachio/VAD/vit-features/train/anomaly/commercial_anomaly_less/vandalism/000000339996_all__5.npy,vandalism
Pistachio/VAD/vit-features/train/anomaly/commercial_anomaly_less/vandalism/000000339996_all__6.npy,vandalism
Pistachio/VAD/vit-features/train/anomaly/commercial_anomaly_less/vandalism/000000339996_all__7.npy,vandalism
Pistachio/VAD/vit-features/train/anomaly/commercial_anomaly_less/vandalism/000000339996_all__8.npy,vandalism
Pistachio/VAD/vit-features/train/anomaly/commercial_anomaly_less/vandalism/000000339996_all__9.npy,vandalism
Pistachio/VAD/vit-features/train/anomaly/commercial_anomaly_less/vandalism/000000351689_all__0.npy,vandalism
Pistachio/VAD/vit-features/train/anomaly/commercial_anomaly_less/vandalism/000000351689_all__1.npy,vandalism
Pistachio/VAD/vit-features/train/anomaly/commercial_anomaly_less/vandalism/000000351689_all__2.npy,vandalism
Pistachio/VAD/vit-features/train/anomaly/commercial_anomaly_less/vandalism/000000351689_all__3.npy,vandalism
Pistachio/VAD/vit-features/train/anomaly/commercial_anomaly_less/vandalism/000000351689_all__4.npy,vandalism
Pistachio/VAD/vit-features/train/anomaly/commercial_anomaly_less/vandalism/000000351689_all__5.npy,vandalism
Pistachio/VAD/vit-features/train/anomaly/commercial_anomaly_less/vandalism/000000351689_all__6.npy,vandalism
Pistachio/VAD/vit-features/train/anomaly/commercial_anomaly_less/vandalism/000000351689_all__7.npy,vandalism
Pistachio/VAD/vit-features/train/anomaly/commercial_anomaly_less/vandalism/000000351689_all__8.npy,vandalism
Pistachio/VAD/vit-features/train/anomaly/commercial_anomaly_less/vandalism/000000351689_all__9.npy,vandalism
Pistachio/VAD/vit-features/train/anomaly/commercial_anomaly_less/vandalism/000000358316_all__0.npy,vandalism
Pistachio/VAD/vit-features/train/anomaly/commercial_anomaly_less/vandalism/000000358316_all__1.npy,vandalism
Pistachio/VAD/vit-features/train/anomaly/commercial_anomaly_less/vandalism/000000358316_all__2.npy,vandalism
Pistachio/VAD/vit-features/train/anomaly/commercial_anomaly_less/vandalism/000000358316_all__3.npy,vandalism
Pistachio/VAD/vit-features/train/anomaly/commercial_anomaly_less/vandalism/000000358316_all__4.npy,vandalism
Pistachio/VAD/vit-features/train/anomaly/commercial_anomaly_less/vandalism/000000358316_all__5.npy,vandalism
Pistachio/VAD/vit-features/train/anomaly/commercial_anomaly_less/vandalism/000000358316_all__6.npy,vandalism
Pistachio/VAD/vit-features/train/anomaly/commercial_anomaly_less/vandalism/000000358316_all__7.npy,vandalism
Pistachio/VAD/vit-features/train/anomaly/commercial_anomaly_less/vandalism/000000358316_all__8.npy,vandalism
Pistachio/VAD/vit-features/train/anomaly/commercial_anomaly_less/vandalism/000000358316_all__9.npy,vandalism
Pistachio/VAD/vit-features/train/anomaly/commercial_anomaly_less/vandalism/000000366318_all__0.npy,vandalism
Pistachio/VAD/vit-features/train/anomaly/commercial_anomaly_less/vandalism/000000366318_all__1.npy,vandalism
Pistachio/VAD/vit-features/train/anomaly/commercial_anomaly_less/vandalism/000000366318_all__2.npy,vandalism
Pistachio/VAD/vit-features/train/anomaly/commercial_anomaly_less/vandalism/000000366318_all__3.npy,vandalism
Pistachio/VAD/vit-features/train/anomaly/commercial_anomaly_less/vandalism/000000366318_all__4.npy,vandalism
Pistachio/VAD/vit-features/train/anomaly/commercial_anomaly_less/vandalism/000000366318_all__5.npy,vandalism
Pistachio/VAD/vit-features/train/anomaly/commercial_anomaly_less/vandalism/000000366318_all__6.npy,vandalism
Pistachio/VAD/vit-features/train/anomaly/commercial_anomaly_less/vandalism/000000366318_all__7.npy,vandalism
Pistachio/VAD/vit-features/train/anomaly/commercial_anomaly_less/vandalism/000000366318_all__8.npy,vandalism
Pistachio/VAD/vit-features/train/anomaly/commercial_anomaly_less/vandalism/000000366318_all__9.npy,vandalism
Pistachio/VAD/vit-features/train/anomaly/commercial_anomaly_less/vandalism/000000367658_all__0.npy,vandalism
Pistachio/VAD/vit-features/train/anomaly/commercial_anomaly_less/vandalism/000000367658_all__1.npy,vandalism
Pistachio/VAD/vit-features/train/anomaly/commercial_anomaly_less/vandalism/000000367658_all__2.npy,vandalism
Pistachio/VAD/vit-features/train/anomaly/commercial_anomaly_less/vandalism/000000367658_all__3.npy,vandalism
Pistachio/VAD/vit-features/train/anomaly/commercial_anomaly_less/vandalism/000000367658_all__4.npy,vandalism
Pistachio/VAD/vit-features/train/anomaly/commercial_anomaly_less/vandalism/000000367658_all__5.npy,vandalism
Pistachio/VAD/vit-features/train/anomaly/commercial_anomaly_less/vandalism/000000367658_all__6.npy,vandalism
Pistachio/VAD/vit-features/train/anomaly/commercial_anomaly_less/vandalism/000000367658_all__7.npy,vandalism
Pistachio/VAD/vit-features/train/anomaly/commercial_anomaly_less/vandalism/000000367658_all__8.npy,vandalism
Pistachio/VAD/vit-features/train/anomaly/commercial_anomaly_less/vandalism/000000367658_all__9.npy,vandalism
Pistachio/VAD/vit-features/train/anomaly/commercial_anomaly_less/vandalism/000000372806_all__0.npy,vandalism
Pistachio/VAD/vit-features/train/anomaly/commercial_anomaly_less/vandalism/000000372806_all__1.npy,vandalism
Pistachio/VAD/vit-features/train/anomaly/commercial_anomaly_less/vandalism/000000372806_all__2.npy,vandalism
Pistachio/VAD/vit-features/train/anomaly/commercial_anomaly_less/vandalism/000000372806_all__3.npy,vandalism
Pistachio/VAD/vit-features/train/anomaly/commercial_anomaly_less/vandalism/000000372806_all__4.npy,vandalism
Pistachio/VAD/vit-features/train/anomaly/commercial_anomaly_less/vandalism/000000372806_all__5.npy,vandalism
Pistachio/VAD/vit-features/train/anomaly/commercial_anomaly_less/vandalism/000000372806_all__6.npy,vandalism
Pistachio/VAD/vit-features/train/anomaly/commercial_anomaly_less/vandalism/000000372806_all__7.npy,vandalism
Pistachio/VAD/vit-features/train/anomaly/commercial_anomaly_less/vandalism/000000372806_all__8.npy,vandalism
Pistachio/VAD/vit-features/train/anomaly/commercial_anomaly_less/vandalism/000000372806_all__9.npy,vandalism
Pistachio/VAD/vit-features/train/anomaly/commercial_anomaly_less/weapons_incident/000000295913_all__0.npy,weapons_incident
Pistachio/VAD/vit-features/train/anomaly/commercial_anomaly_less/weapons_incident/000000295913_all__1.npy,weapons_incident
Pistachio/VAD/vit-features/train/anomaly/commercial_anomaly_less/weapons_incident/000000295913_all__2.npy,weapons_incident
Pistachio/VAD/vit-features/train/anomaly/commercial_anomaly_less/weapons_incident/000000295913_all__3.npy,weapons_incident
Pistachio/VAD/vit-features/train/anomaly/commercial_anomaly_less/weapons_incident/000000295913_all__4.npy,weapons_incident
Pistachio/VAD/vit-features/train/anomaly/commercial_anomaly_less/weapons_incident/000000295913_all__5.npy,weapons_incident
Pistachio/VAD/vit-features/train/anomaly/commercial_anomaly_less/weapons_incident/000000295913_all__6.npy,weapons_incident
Pistachio/VAD/vit-features/train/anomaly/commercial_anomaly_less/weapons_incident/000000295913_all__7.npy,weapons_incident
Pistachio/VAD/vit-features/train/anomaly/commercial_anomaly_less/weapons_incident/000000295913_all__8.npy,weapons_incident
Pistachio/VAD/vit-features/train/anomaly/commercial_anomaly_less/weapons_incident/000000295913_all__9.npy,weapons_incident
Pistachio/VAD/vit-features/train/anomaly/commercial_anomaly_less/weapons_incident/000000305847_all__0.npy,weapons_incident
Pistachio/VAD/vit-features/train/anomaly/commercial_anomaly_less/weapons_incident/000000305847_all__1.npy,weapons_incident
Pistachio/VAD/vit-features/train/anomaly/commercial_anomaly_less/weapons_incident/000000305847_all__2.npy,weapons_incident
Pistachio/VAD/vit-features/train/anomaly/commercial_anomaly_less/weapons_incident/000000305847_all__3.npy,weapons_incident
Pistachio/VAD/vit-features/train/anomaly/commercial_anomaly_less/weapons_incident/000000305847_all__4.npy,weapons_incident
Pistachio/VAD/vit-features/train/anomaly/commercial_anomaly_less/weapons_incident/000000305847_all__5.npy,weapons_incident
Pistachio/VAD/vit-features/train/anomaly/commercial_anomaly_less/weapons_incident/000000305847_all__6.npy,weapons_incident
Pistachio/VAD/vit-features/train/anomaly/commercial_anomaly_less/weapons_incident/000000305847_all__7.npy,weapons_incident
Pistachio/VAD/vit-features/train/anomaly/commercial_anomaly_less/weapons_incident/000000305847_all__8.npy,weapons_incident
Pistachio/VAD/vit-features/train/anomaly/commercial_anomaly_less/weapons_incident/000000305847_all__9.npy,weapons_incident
Pistachio/VAD/vit-features/train/anomaly/commercial_anomaly_less/weapons_incident/000000319258_all__0.npy,weapons_incident
Pistachio/VAD/vit-features/train/anomaly/commercial_anomaly_less/weapons_incident/000000319258_all__1.npy,weapons_incident
Pistachio/VAD/vit-features/train/anomaly/commercial_anomaly_less/weapons_incident/000000319258_all__2.npy,weapons_incident
Pistachio/VAD/vit-features/train/anomaly/commercial_anomaly_less/weapons_incident/000000319258_all__3.npy,weapons_incident
Pistachio/VAD/vit-features/train/anomaly/commercial_anomaly_less/weapons_incident/000000319258_all__4.npy,weapons_incident
Pistachio/VAD/vit-features/train/anomaly/commercial_anomaly_less/weapons_incident/000000319258_all__5.npy,weapons_incident
Pistachio/VAD/vit-features/train/anomaly/commercial_anomaly_less/weapons_incident/000000319258_all__6.npy,weapons_incident
Pistachio/VAD/vit-features/train/anomaly/commercial_anomaly_less/weapons_incident/000000319258_all__7.npy,weapons_incident
Pistachio/VAD/vit-features/train/anomaly/commercial_anomaly_less/weapons_incident/000000319258_all__8.npy,weapons_incident
Pistachio/VAD/vit-features/train/anomaly/commercial_anomaly_less/weapons_incident/000000319258_all__9.npy,weapons_incident
Pistachio/VAD/vit-features/train/anomaly/commercial_anomaly_less/weapons_incident/000000339762_all__0.npy,weapons_incident
Pistachio/VAD/vit-features/train/anomaly/commercial_anomaly_less/weapons_incident/000000339762_all__1.npy,weapons_incident
Pistachio/VAD/vit-features/train/anomaly/commercial_anomaly_less/weapons_incident/000000339762_all__2.npy,weapons_incident
Pistachio/VAD/vit-features/train/anomaly/commercial_anomaly_less/weapons_incident/000000339762_all__3.npy,weapons_incident
Pistachio/VAD/vit-features/train/anomaly/commercial_anomaly_less/weapons_incident/000000339762_all__4.npy,weapons_incident
Pistachio/VAD/vit-features/train/anomaly/commercial_anomaly_less/weapons_incident/000000339762_all__5.npy,weapons_incident
Pistachio/VAD/vit-features/train/anomaly/commercial_anomaly_less/weapons_incident/000000339762_all__6.npy,weapons_incident
Pistachio/VAD/vit-features/train/anomaly/commercial_anomaly_less/weapons_incident/000000339762_all__7.npy,weapons_incident
Pistachio/VAD/vit-features/train/anomaly/commercial_anomaly_less/weapons_incident/000000339762_all__8.npy,weapons_incident
Pistachio/VAD/vit-features/train/anomaly/commercial_anomaly_less/weapons_incident/000000339762_all__9.npy,weapons_incident
Pistachio/VAD/vit-features/train/anomaly/commercial_anomaly_less/weapons_incident/000000341180_all__0.npy,weapons_incident
Pistachio/VAD/vit-features/train/anomaly/commercial_anomaly_less/weapons_incident/000000341180_all__1.npy,weapons_incident
Pistachio/VAD/vit-features/train/anomaly/commercial_anomaly_less/weapons_incident/000000341180_all__2.npy,weapons_incident
Pistachio/VAD/vit-features/train/anomaly/commercial_anomaly_less/weapons_incident/000000341180_all__3.npy,weapons_incident
Pistachio/VAD/vit-features/train/anomaly/commercial_anomaly_less/weapons_incident/000000341180_all__4.npy,weapons_incident
Pistachio/VAD/vit-features/train/anomaly/commercial_anomaly_less/weapons_incident/000000341180_all__5.npy,weapons_incident
Pistachio/VAD/vit-features/train/anomaly/commercial_anomaly_less/weapons_incident/000000341180_all__6.npy,weapons_incident
Pistachio/VAD/vit-features/train/anomaly/commercial_anomaly_less/weapons_incident/000000341180_all__7.npy,weapons_incident
Pistachio/VAD/vit-features/train/anomaly/commercial_anomaly_less/weapons_incident/000000341180_all__8.npy,weapons_incident
Pistachio/VAD/vit-features/train/anomaly/commercial_anomaly_less/weapons_incident/000000341180_all__9.npy,weapons_incident
Pistachio/VAD/vit-features/train/anomaly/commercial_anomaly_less/weapons_incident/000000350834_all__0.npy,weapons_incident
Pistachio/VAD/vit-features/train/anomaly/commercial_anomaly_less/weapons_incident/000000350834_all__1.npy,weapons_incident
Pistachio/VAD/vit-features/train/anomaly/commercial_anomaly_less/weapons_incident/000000350834_all__2.npy,weapons_incident
Pistachio/VAD/vit-features/train/anomaly/commercial_anomaly_less/weapons_incident/000000350834_all__3.npy,weapons_incident
Pistachio/VAD/vit-features/train/anomaly/commercial_anomaly_less/weapons_incident/000000350834_all__4.npy,weapons_incident
Pistachio/VAD/vit-features/train/anomaly/commercial_anomaly_less/weapons_incident/000000350834_all__5.npy,weapons_incident
Pistachio/VAD/vit-features/train/anomaly/commercial_anomaly_less/weapons_incident/000000350834_all__6.npy,weapons_incident
Pistachio/VAD/vit-features/train/anomaly/commercial_anomaly_less/weapons_incident/000000350834_all__7.npy,weapons_incident
Pistachio/VAD/vit-features/train/anomaly/commercial_anomaly_less/weapons_incident/000000350834_all__8.npy,weapons_incident
Pistachio/VAD/vit-features/train/anomaly/commercial_anomaly_less/weapons_incident/000000350834_all__9.npy,weapons_incident
Pistachio/VAD/vit-features/train/anomaly/commercial_anomaly_less/weapons_incident/000000366758_all__0.npy,weapons_incident
Pistachio/VAD/vit-features/train/anomaly/commercial_anomaly_less/weapons_incident/000000366758_all__1.npy,weapons_incident
Pistachio/VAD/vit-features/train/anomaly/commercial_anomaly_less/weapons_incident/000000366758_all__2.npy,weapons_incident
Pistachio/VAD/vit-features/train/anomaly/commercial_anomaly_less/weapons_incident/000000366758_all__3.npy,weapons_incident
Pistachio/VAD/vit-features/train/anomaly/commercial_anomaly_less/weapons_incident/000000366758_all__4.npy,weapons_incident
Pistachio/VAD/vit-features/train/anomaly/commercial_anomaly_less/weapons_incident/000000366758_all__5.npy,weapons_incident
Pistachio/VAD/vit-features/train/anomaly/commercial_anomaly_less/weapons_incident/000000366758_all__6.npy,weapons_incident
Pistachio/VAD/vit-features/train/anomaly/commercial_anomaly_less/weapons_incident/000000366758_all__7.npy,weapons_incident
Pistachio/VAD/vit-features/train/anomaly/commercial_anomaly_less/weapons_incident/000000366758_all__8.npy,weapons_incident
Pistachio/VAD/vit-features/train/anomaly/commercial_anomaly_less/weapons_incident/000000366758_all__9.npy,weapons_incident
Pistachio/VAD/vit-features/train/anomaly/commercial_anomaly_less/weapons_incident/000000377654_all__0.npy,weapons_incident
Pistachio/VAD/vit-features/train/anomaly/commercial_anomaly_less/weapons_incident/000000377654_all__1.npy,weapons_incident
Pistachio/VAD/vit-features/train/anomaly/commercial_anomaly_less/weapons_incident/000000377654_all__2.npy,weapons_incident
Pistachio/VAD/vit-features/train/anomaly/commercial_anomaly_less/weapons_incident/000000377654_all__3.npy,weapons_incident
Pistachio/VAD/vit-features/train/anomaly/commercial_anomaly_less/weapons_incident/000000377654_all__4.npy,weapons_incident
Pistachio/VAD/vit-features/train/anomaly/commercial_anomaly_less/weapons_incident/000000377654_all__5.npy,weapons_incident
Pistachio/VAD/vit-features/train/anomaly/commercial_anomaly_less/weapons_incident/000000377654_all__6.npy,weapons_incident
Pistachio/VAD/vit-features/train/anomaly/commercial_anomaly_less/weapons_incident/000000377654_all__7.npy,weapons_incident
Pistachio/VAD/vit-features/train/anomaly/commercial_anomaly_less/weapons_incident/000000377654_all__8.npy,weapons_incident
Pistachio/VAD/vit-features/train/anomaly/commercial_anomaly_less/weapons_incident/000000377654_all__9.npy,weapons_incident
Pistachio/VAD/vit-features/train/anomaly/commercial_anomaly_less/wild_large_animal_intrusion/000000143639_all__0.npy,wild_large_animal_intrusion
Pistachio/VAD/vit-features/train/anomaly/commercial_anomaly_less/wild_large_animal_intrusion/000000143639_all__1.npy,wild_large_animal_intrusion
Pistachio/VAD/vit-features/train/anomaly/commercial_anomaly_less/wild_large_animal_intrusion/000000143639_all__2.npy,wild_large_animal_intrusion
Pistachio/VAD/vit-features/train/anomaly/commercial_anomaly_less/wild_large_animal_intrusion/000000143639_all__3.npy,wild_large_animal_intrusion
Pistachio/VAD/vit-features/train/anomaly/commercial_anomaly_less/wild_large_animal_intrusion/000000143639_all__4.npy,wild_large_animal_intrusion
Pistachio/VAD/vit-features/train/anomaly/commercial_anomaly_less/wild_large_animal_intrusion/000000143639_all__5.npy,wild_large_animal_intrusion
Pistachio/VAD/vit-features/train/anomaly/commercial_anomaly_less/wild_large_animal_intrusion/000000143639_all__6.npy,wild_large_animal_intrusion
Pistachio/VAD/vit-features/train/anomaly/commercial_anomaly_less/wild_large_animal_intrusion/000000143639_all__7.npy,wild_large_animal_intrusion
Pistachio/VAD/vit-features/train/anomaly/commercial_anomaly_less/wild_large_animal_intrusion/000000143639_all__8.npy,wild_large_animal_intrusion
Pistachio/VAD/vit-features/train/anomaly/commercial_anomaly_less/wild_large_animal_intrusion/000000143639_all__9.npy,wild_large_animal_intrusion
Pistachio/VAD/vit-features/train/anomaly/commercial_anomaly_less/wild_large_animal_intrusion/000000193532_all__0.npy,wild_large_animal_intrusion
Pistachio/VAD/vit-features/train/anomaly/commercial_anomaly_less/wild_large_animal_intrusion/000000193532_all__1.npy,wild_large_animal_intrusion
Pistachio/VAD/vit-features/train/anomaly/commercial_anomaly_less/wild_large_animal_intrusion/000000193532_all__2.npy,wild_large_animal_intrusion
Pistachio/VAD/vit-features/train/anomaly/commercial_anomaly_less/wild_large_animal_intrusion/000000193532_all__3.npy,wild_large_animal_intrusion
Pistachio/VAD/vit-features/train/anomaly/commercial_anomaly_less/wild_large_animal_intrusion/000000193532_all__4.npy,wild_large_animal_intrusion
Pistachio/VAD/vit-features/train/anomaly/commercial_anomaly_less/wild_large_animal_intrusion/000000193532_all__5.npy,wild_large_animal_intrusion
Pistachio/VAD/vit-features/train/anomaly/commercial_anomaly_less/wild_large_animal_intrusion/000000193532_all__6.npy,wild_large_animal_intrusion
Pistachio/VAD/vit-features/train/anomaly/commercial_anomaly_less/wild_large_animal_intrusion/000000193532_all__7.npy,wild_large_animal_intrusion
Pistachio/VAD/vit-features/train/anomaly/commercial_anomaly_less/wild_large_animal_intrusion/000000193532_all__8.npy,wild_large_animal_intrusion
Pistachio/VAD/vit-features/train/anomaly/commercial_anomaly_less/wild_large_animal_intrusion/000000193532_all__9.npy,wild_large_animal_intrusion
Pistachio/VAD/vit-features/train/anomaly/commercial_anomaly_less/wild_large_animal_intrusion/000000282607_all__0.npy,wild_large_animal_intrusion
Pistachio/VAD/vit-features/train/anomaly/commercial_anomaly_less/wild_large_animal_intrusion/000000282607_all__1.npy,wild_large_animal_intrusion
Pistachio/VAD/vit-features/train/anomaly/commercial_anomaly_less/wild_large_animal_intrusion/000000282607_all__2.npy,wild_large_animal_intrusion
Pistachio/VAD/vit-features/train/anomaly/commercial_anomaly_less/wild_large_animal_intrusion/000000282607_all__3.npy,wild_large_animal_intrusion
Pistachio/VAD/vit-features/train/anomaly/commercial_anomaly_less/wild_large_animal_intrusion/000000282607_all__4.npy,wild_large_animal_intrusion
Pistachio/VAD/vit-features/train/anomaly/commercial_anomaly_less/wild_large_animal_intrusion/000000282607_all__5.npy,wild_large_animal_intrusion
Pistachio/VAD/vit-features/train/anomaly/commercial_anomaly_less/wild_large_animal_intrusion/000000282607_all__6.npy,wild_large_animal_intrusion
Pistachio/VAD/vit-features/train/anomaly/commercial_anomaly_less/wild_large_animal_intrusion/000000282607_all__7.npy,wild_large_animal_intrusion
Pistachio/VAD/vit-features/train/anomaly/commercial_anomaly_less/wild_large_animal_intrusion/000000282607_all__8.npy,wild_large_animal_intrusion
Pistachio/VAD/vit-features/train/anomaly/commercial_anomaly_less/wild_large_animal_intrusion/000000282607_all__9.npy,wild_large_animal_intrusion
Pistachio/VAD/vit-features/train/anomaly/commercial_anomaly_less/wild_large_animal_intrusion/000000374283_all__0.npy,wild_large_animal_intrusion
Pistachio/VAD/vit-features/train/anomaly/commercial_anomaly_less/wild_large_animal_intrusion/000000374283_all__1.npy,wild_large_animal_intrusion
Pistachio/VAD/vit-features/train/anomaly/commercial_anomaly_less/wild_large_animal_intrusion/000000374283_all__2.npy,wild_large_animal_intrusion
Pistachio/VAD/vit-features/train/anomaly/commercial_anomaly_less/wild_large_animal_intrusion/000000374283_all__3.npy,wild_large_animal_intrusion
Pistachio/VAD/vit-features/train/anomaly/commercial_anomaly_less/wild_large_animal_intrusion/000000374283_all__4.npy,wild_large_animal_intrusion
Pistachio/VAD/vit-features/train/anomaly/commercial_anomaly_less/wild_large_animal_intrusion/000000374283_all__5.npy,wild_large_animal_intrusion
Pistachio/VAD/vit-features/train/anomaly/commercial_anomaly_less/wild_large_animal_intrusion/000000374283_all__6.npy,wild_large_animal_intrusion
Pistachio/VAD/vit-features/train/anomaly/commercial_anomaly_less/wild_large_animal_intrusion/000000374283_all__7.npy,wild_large_animal_intrusion
Pistachio/VAD/vit-features/train/anomaly/commercial_anomaly_less/wild_large_animal_intrusion/000000374283_all__8.npy,wild_large_animal_intrusion
Pistachio/VAD/vit-features/train/anomaly/commercial_anomaly_less/wild_large_animal_intrusion/000000374283_all__9.npy,wild_large_animal_intrusion
Pistachio/VAD/vit-features/train/anomaly/commercial_anomaly_less/wild_large_animal_intrusion/000000378442_all__0.npy,wild_large_animal_intrusion
Pistachio/VAD/vit-features/train/anomaly/commercial_anomaly_less/wild_large_animal_intrusion/000000378442_all__1.npy,wild_large_animal_intrusion
Pistachio/VAD/vit-features/train/anomaly/commercial_anomaly_less/wild_large_animal_intrusion/000000378442_all__2.npy,wild_large_animal_intrusion
Pistachio/VAD/vit-features/train/anomaly/commercial_anomaly_less/wild_large_animal_intrusion/000000378442_all__3.npy,wild_large_animal_intrusion
Pistachio/VAD/vit-features/train/anomaly/commercial_anomaly_less/wild_large_animal_intrusion/000000378442_all__4.npy,wild_large_animal_intrusion
Pistachio/VAD/vit-features/train/anomaly/commercial_anomaly_less/wild_large_animal_intrusion/000000378442_all__5.npy,wild_large_animal_intrusion
Pistachio/VAD/vit-features/train/anomaly/commercial_anomaly_less/wild_large_animal_intrusion/000000378442_all__6.npy,wild_large_animal_intrusion
Pistachio/VAD/vit-features/train/anomaly/commercial_anomaly_less/wild_large_animal_intrusion/000000378442_all__7.npy,wild_large_animal_intrusion
Pistachio/VAD/vit-features/train/anomaly/commercial_anomaly_less/wild_large_animal_intrusion/000000378442_all__8.npy,wild_large_animal_intrusion
Pistachio/VAD/vit-features/train/anomaly/commercial_anomaly_less/wild_large_animal_intrusion/000000378442_all__9.npy,wild_large_animal_intrusion
Pistachio/VAD/vit-features/train/anomaly/commercial_anomaly_less/wild_large_animal_intrusion/000000547924_all__0.npy,wild_large_animal_intrusion
Pistachio/VAD/vit-features/train/anomaly/commercial_anomaly_less/wild_large_animal_intrusion/000000547924_all__1.npy,wild_large_animal_intrusion
Pistachio/VAD/vit-features/train/anomaly/commercial_anomaly_less/wild_large_animal_intrusion/000000547924_all__2.npy,wild_large_animal_intrusion
Pistachio/VAD/vit-features/train/anomaly/commercial_anomaly_less/wild_large_animal_intrusion/000000547924_all__3.npy,wild_large_animal_intrusion
Pistachio/VAD/vit-features/train/anomaly/commercial_anomaly_less/wild_large_animal_intrusion/000000547924_all__4.npy,wild_large_animal_intrusion
Pistachio/VAD/vit-features/train/anomaly/commercial_anomaly_less/wild_large_animal_intrusion/000000547924_all__5.npy,wild_large_animal_intrusion
Pistachio/VAD/vit-features/train/anomaly/commercial_anomaly_less/wild_large_animal_intrusion/000000547924_all__6.npy,wild_large_animal_intrusion
Pistachio/VAD/vit-features/train/anomaly/commercial_anomaly_less/wild_large_animal_intrusion/000000547924_all__7.npy,wild_large_animal_intrusion
Pistachio/VAD/vit-features/train/anomaly/commercial_anomaly_less/wild_large_animal_intrusion/000000547924_all__8.npy,wild_large_animal_intrusion
Pistachio/VAD/vit-features/train/anomaly/commercial_anomaly_less/wild_large_animal_intrusion/000000547924_all__9.npy,wild_large_animal_intrusion
Pistachio/VAD/vit-features/train/anomaly/commercial_anomaly_more/animal_abuse/000000010373_all__0.npy,animal_abuse
Pistachio/VAD/vit-features/train/anomaly/commercial_anomaly_more/animal_abuse/000000010373_all__1.npy,animal_abuse
Pistachio/VAD/vit-features/train/anomaly/commercial_anomaly_more/animal_abuse/000000010373_all__2.npy,animal_abuse
Pistachio/VAD/vit-features/train/anomaly/commercial_anomaly_more/animal_abuse/000000010373_all__3.npy,animal_abuse
Pistachio/VAD/vit-features/train/anomaly/commercial_anomaly_more/animal_abuse/000000010373_all__4.npy,animal_abuse
Pistachio/VAD/vit-features/train/anomaly/commercial_anomaly_more/animal_abuse/000000010373_all__5.npy,animal_abuse
Pistachio/VAD/vit-features/train/anomaly/commercial_anomaly_more/animal_abuse/000000010373_all__6.npy,animal_abuse
Pistachio/VAD/vit-features/train/anomaly/commercial_anomaly_more/animal_abuse/000000010373_all__7.npy,animal_abuse
Pistachio/VAD/vit-features/train/anomaly/commercial_anomaly_more/animal_abuse/000000010373_all__8.npy,animal_abuse
Pistachio/VAD/vit-features/train/anomaly/commercial_anomaly_more/animal_abuse/000000010373_all__9.npy,animal_abuse
Pistachio/VAD/vit-features/train/anomaly/commercial_anomaly_more/animal_abuse/000000064989_all__0.npy,animal_abuse
Pistachio/VAD/vit-features/train/anomaly/commercial_anomaly_more/animal_abuse/000000064989_all__1.npy,animal_abuse
Pistachio/VAD/vit-features/train/anomaly/commercial_anomaly_more/animal_abuse/000000064989_all__2.npy,animal_abuse
Pistachio/VAD/vit-features/train/anomaly/commercial_anomaly_more/animal_abuse/000000064989_all__3.npy,animal_abuse
Pistachio/VAD/vit-features/train/anomaly/commercial_anomaly_more/animal_abuse/000000064989_all__4.npy,animal_abuse
Pistachio/VAD/vit-features/train/anomaly/commercial_anomaly_more/animal_abuse/000000064989_all__5.npy,animal_abuse
Pistachio/VAD/vit-features/train/anomaly/commercial_anomaly_more/animal_abuse/000000064989_all__6.npy,animal_abuse
Pistachio/VAD/vit-features/train/anomaly/commercial_anomaly_more/animal_abuse/000000064989_all__7.npy,animal_abuse
Pistachio/VAD/vit-features/train/anomaly/commercial_anomaly_more/animal_abuse/000000064989_all__8.npy,animal_abuse
Pistachio/VAD/vit-features/train/anomaly/commercial_anomaly_more/animal_abuse/000000064989_all__9.npy,animal_abuse
Pistachio/VAD/vit-features/train/anomaly/commercial_anomaly_more/animal_abuse/000000102211_all__0.npy,animal_abuse
Pistachio/VAD/vit-features/train/anomaly/commercial_anomaly_more/animal_abuse/000000102211_all__1.npy,animal_abuse
Pistachio/VAD/vit-features/train/anomaly/commercial_anomaly_more/animal_abuse/000000102211_all__2.npy,animal_abuse
Pistachio/VAD/vit-features/train/anomaly/commercial_anomaly_more/animal_abuse/000000102211_all__3.npy,animal_abuse
Pistachio/VAD/vit-features/train/anomaly/commercial_anomaly_more/animal_abuse/000000102211_all__4.npy,animal_abuse
Pistachio/VAD/vit-features/train/anomaly/commercial_anomaly_more/animal_abuse/000000102211_all__5.npy,animal_abuse
Pistachio/VAD/vit-features/train/anomaly/commercial_anomaly_more/animal_abuse/000000102211_all__6.npy,animal_abuse
Pistachio/VAD/vit-features/train/anomaly/commercial_anomaly_more/animal_abuse/000000102211_all__7.npy,animal_abuse
Pistachio/VAD/vit-features/train/anomaly/commercial_anomaly_more/animal_abuse/000000102211_all__8.npy,animal_abuse
Pistachio/VAD/vit-features/train/anomaly/commercial_anomaly_more/animal_abuse/000000102211_all__9.npy,animal_abuse
Pistachio/VAD/vit-features/train/anomaly/commercial_anomaly_more/animal_abuse/000000156345_all__0.npy,animal_abuse
Pistachio/VAD/vit-features/train/anomaly/commercial_anomaly_more/animal_abuse/000000156345_all__1.npy,animal_abuse
Pistachio/VAD/vit-features/train/anomaly/commercial_anomaly_more/animal_abuse/000000156345_all__2.npy,animal_abuse
Pistachio/VAD/vit-features/train/anomaly/commercial_anomaly_more/animal_abuse/000000156345_all__3.npy,animal_abuse
Pistachio/VAD/vit-features/train/anomaly/commercial_anomaly_more/animal_abuse/000000156345_all__4.npy,animal_abuse
Pistachio/VAD/vit-features/train/anomaly/commercial_anomaly_more/animal_abuse/000000156345_all__5.npy,animal_abuse
Pistachio/VAD/vit-features/train/anomaly/commercial_anomaly_more/animal_abuse/000000156345_all__6.npy,animal_abuse
Pistachio/VAD/vit-features/train/anomaly/commercial_anomaly_more/animal_abuse/000000156345_all__7.npy,animal_abuse
Pistachio/VAD/vit-features/train/anomaly/commercial_anomaly_more/animal_abuse/000000156345_all__8.npy,animal_abuse
Pistachio/VAD/vit-features/train/anomaly/commercial_anomaly_more/animal_abuse/000000156345_all__9.npy,animal_abuse
Pistachio/VAD/vit-features/train/anomaly/commercial_anomaly_more/animal_abuse/000000246445_all__0.npy,animal_abuse
Pistachio/VAD/vit-features/train/anomaly/commercial_anomaly_more/animal_abuse/000000246445_all__1.npy,animal_abuse
Pistachio/VAD/vit-features/train/anomaly/commercial_anomaly_more/animal_abuse/000000246445_all__2.npy,animal_abuse
Pistachio/VAD/vit-features/train/anomaly/commercial_anomaly_more/animal_abuse/000000246445_all__3.npy,animal_abuse
Pistachio/VAD/vit-features/train/anomaly/commercial_anomaly_more/animal_abuse/000000246445_all__4.npy,animal_abuse
Pistachio/VAD/vit-features/train/anomaly/commercial_anomaly_more/animal_abuse/000000246445_all__5.npy,animal_abuse
Pistachio/VAD/vit-features/train/anomaly/commercial_anomaly_more/animal_abuse/000000246445_all__6.npy,animal_abuse
Pistachio/VAD/vit-features/train/anomaly/commercial_anomaly_more/animal_abuse/000000246445_all__7.npy,animal_abuse
Pistachio/VAD/vit-features/train/anomaly/commercial_anomaly_more/animal_abuse/000000246445_all__8.npy,animal_abuse
Pistachio/VAD/vit-features/train/anomaly/commercial_anomaly_more/animal_abuse/000000246445_all__9.npy,animal_abuse
Pistachio/VAD/vit-features/train/anomaly/commercial_anomaly_more/animal_abuse/000000413422_all__0.npy,animal_abuse
Pistachio/VAD/vit-features/train/anomaly/commercial_anomaly_more/animal_abuse/000000413422_all__1.npy,animal_abuse
Pistachio/VAD/vit-features/train/anomaly/commercial_anomaly_more/animal_abuse/000000413422_all__2.npy,animal_abuse
Pistachio/VAD/vit-features/train/anomaly/commercial_anomaly_more/animal_abuse/000000413422_all__3.npy,animal_abuse
Pistachio/VAD/vit-features/train/anomaly/commercial_anomaly_more/animal_abuse/000000413422_all__4.npy,animal_abuse
Pistachio/VAD/vit-features/train/anomaly/commercial_anomaly_more/animal_abuse/000000413422_all__5.npy,animal_abuse
Pistachio/VAD/vit-features/train/anomaly/commercial_anomaly_more/animal_abuse/000000413422_all__6.npy,animal_abuse
Pistachio/VAD/vit-features/train/anomaly/commercial_anomaly_more/animal_abuse/000000413422_all__7.npy,animal_abuse
Pistachio/VAD/vit-features/train/anomaly/commercial_anomaly_more/animal_abuse/000000413422_all__8.npy,animal_abuse
Pistachio/VAD/vit-features/train/anomaly/commercial_anomaly_more/animal_abuse/000000413422_all__9.npy,animal_abuse
Pistachio/VAD/vit-features/train/anomaly/commercial_anomaly_more/animal_abuse/000000541190_all__0.npy,animal_abuse
Pistachio/VAD/vit-features/train/anomaly/commercial_anomaly_more/animal_abuse/000000541190_all__1.npy,animal_abuse
Pistachio/VAD/vit-features/train/anomaly/commercial_anomaly_more/animal_abuse/000000541190_all__2.npy,animal_abuse
Pistachio/VAD/vit-features/train/anomaly/commercial_anomaly_more/animal_abuse/000000541190_all__3.npy,animal_abuse
Pistachio/VAD/vit-features/train/anomaly/commercial_anomaly_more/animal_abuse/000000541190_all__4.npy,animal_abuse
Pistachio/VAD/vit-features/train/anomaly/commercial_anomaly_more/animal_abuse/000000541190_all__5.npy,animal_abuse
Pistachio/VAD/vit-features/train/anomaly/commercial_anomaly_more/animal_abuse/000000541190_all__6.npy,animal_abuse
Pistachio/VAD/vit-features/train/anomaly/commercial_anomaly_more/animal_abuse/000000541190_all__7.npy,animal_abuse
Pistachio/VAD/vit-features/train/anomaly/commercial_anomaly_more/animal_abuse/000000541190_all__8.npy,animal_abuse
Pistachio/VAD/vit-features/train/anomaly/commercial_anomaly_more/animal_abuse/000000541190_all__9.npy,animal_abuse
Pistachio/VAD/vit-features/train/anomaly/commercial_anomaly_more/animal_attack_or_fight/000000011447_all__0.npy,animal_attack_or_fight
Pistachio/VAD/vit-features/train/anomaly/commercial_anomaly_more/animal_attack_or_fight/000000011447_all__1.npy,animal_attack_or_fight
Pistachio/VAD/vit-features/train/anomaly/commercial_anomaly_more/animal_attack_or_fight/000000011447_all__2.npy,animal_attack_or_fight
Pistachio/VAD/vit-features/train/anomaly/commercial_anomaly_more/animal_attack_or_fight/000000011447_all__3.npy,animal_attack_or_fight
Pistachio/VAD/vit-features/train/anomaly/commercial_anomaly_more/animal_attack_or_fight/000000011447_all__4.npy,animal_attack_or_fight
Pistachio/VAD/vit-features/train/anomaly/commercial_anomaly_more/animal_attack_or_fight/000000011447_all__5.npy,animal_attack_or_fight
Pistachio/VAD/vit-features/train/anomaly/commercial_anomaly_more/animal_attack_or_fight/000000011447_all__6.npy,animal_attack_or_fight
Pistachio/VAD/vit-features/train/anomaly/commercial_anomaly_more/animal_attack_or_fight/000000011447_all__7.npy,animal_attack_or_fight
Pistachio/VAD/vit-features/train/anomaly/commercial_anomaly_more/animal_attack_or_fight/000000011447_all__8.npy,animal_attack_or_fight
Pistachio/VAD/vit-features/train/anomaly/commercial_anomaly_more/animal_attack_or_fight/000000011447_all__9.npy,animal_attack_or_fight
Pistachio/VAD/vit-features/train/anomaly/commercial_anomaly_more/animal_attack_or_fight/000000303796_all__0.npy,animal_attack_or_fight
Pistachio/VAD/vit-features/train/anomaly/commercial_anomaly_more/animal_attack_or_fight/000000303796_all__1.npy,animal_attack_or_fight
Pistachio/VAD/vit-features/train/anomaly/commercial_anomaly_more/animal_attack_or_fight/000000303796_all__2.npy,animal_attack_or_fight
Pistachio/VAD/vit-features/train/anomaly/commercial_anomaly_more/animal_attack_or_fight/000000303796_all__3.npy,animal_attack_or_fight
Pistachio/VAD/vit-features/train/anomaly/commercial_anomaly_more/animal_attack_or_fight/000000303796_all__4.npy,animal_attack_or_fight
Pistachio/VAD/vit-features/train/anomaly/commercial_anomaly_more/animal_attack_or_fight/000000303796_all__5.npy,animal_attack_or_fight
Pistachio/VAD/vit-features/train/anomaly/commercial_anomaly_more/animal_attack_or_fight/000000303796_all__6.npy,animal_attack_or_fight
Pistachio/VAD/vit-features/train/anomaly/commercial_anomaly_more/animal_attack_or_fight/000000303796_all__7.npy,animal_attack_or_fight
Pistachio/VAD/vit-features/train/anomaly/commercial_anomaly_more/animal_attack_or_fight/000000303796_all__8.npy,animal_attack_or_fight
Pistachio/VAD/vit-features/train/anomaly/commercial_anomaly_more/animal_attack_or_fight/000000303796_all__9.npy,animal_attack_or_fight
Pistachio/VAD/vit-features/train/anomaly/commercial_anomaly_more/animal_attack_or_fight/000000449597_all__0.npy,animal_attack_or_fight
Pistachio/VAD/vit-features/train/anomaly/commercial_anomaly_more/animal_attack_or_fight/000000449597_all__1.npy,animal_attack_or_fight
Pistachio/VAD/vit-features/train/anomaly/commercial_anomaly_more/animal_attack_or_fight/000000449597_all__2.npy,animal_attack_or_fight
Pistachio/VAD/vit-features/train/anomaly/commercial_anomaly_more/animal_attack_or_fight/000000449597_all__3.npy,animal_attack_or_fight
Pistachio/VAD/vit-features/train/anomaly/commercial_anomaly_more/animal_attack_or_fight/000000449597_all__4.npy,animal_attack_or_fight
Pistachio/VAD/vit-features/train/anomaly/commercial_anomaly_more/animal_attack_or_fight/000000449597_all__5.npy,animal_attack_or_fight
Pistachio/VAD/vit-features/train/anomaly/commercial_anomaly_more/animal_attack_or_fight/000000449597_all__6.npy,animal_attack_or_fight
Pistachio/VAD/vit-features/train/anomaly/commercial_anomaly_more/animal_attack_or_fight/000000449597_all__7.npy,animal_attack_or_fight
Pistachio/VAD/vit-features/train/anomaly/commercial_anomaly_more/animal_attack_or_fight/000000449597_all__8.npy,animal_attack_or_fight
Pistachio/VAD/vit-features/train/anomaly/commercial_anomaly_more/animal_attack_or_fight/000000449597_all__9.npy,animal_attack_or_fight
Pistachio/VAD/vit-features/train/anomaly/commercial_anomaly_more/explosion/000000018288_all__0.npy,explosion
Pistachio/VAD/vit-features/train/anomaly/commercial_anomaly_more/explosion/000000018288_all__1.npy,explosion
Pistachio/VAD/vit-features/train/anomaly/commercial_anomaly_more/explosion/000000018288_all__2.npy,explosion
Pistachio/VAD/vit-features/train/anomaly/commercial_anomaly_more/explosion/000000018288_all__3.npy,explosion
Pistachio/VAD/vit-features/train/anomaly/commercial_anomaly_more/explosion/000000018288_all__4.npy,explosion
Pistachio/VAD/vit-features/train/anomaly/commercial_anomaly_more/explosion/000000018288_all__5.npy,explosion
Pistachio/VAD/vit-features/train/anomaly/commercial_anomaly_more/explosion/000000018288_all__6.npy,explosion
Pistachio/VAD/vit-features/train/anomaly/commercial_anomaly_more/explosion/000000018288_all__7.npy,explosion
Pistachio/VAD/vit-features/train/anomaly/commercial_anomaly_more/explosion/000000018288_all__8.npy,explosion
Pistachio/VAD/vit-features/train/anomaly/commercial_anomaly_more/explosion/000000018288_all__9.npy,explosion
Pistachio/VAD/vit-features/train/anomaly/commercial_anomaly_more/explosion/000000154998_all__0.npy,explosion
Pistachio/VAD/vit-features/train/anomaly/commercial_anomaly_more/explosion/000000154998_all__1.npy,explosion
Pistachio/VAD/vit-features/train/anomaly/commercial_anomaly_more/explosion/000000154998_all__2.npy,explosion
Pistachio/VAD/vit-features/train/anomaly/commercial_anomaly_more/explosion/000000154998_all__3.npy,explosion
Pistachio/VAD/vit-features/train/anomaly/commercial_anomaly_more/explosion/000000154998_all__4.npy,explosion
Pistachio/VAD/vit-features/train/anomaly/commercial_anomaly_more/explosion/000000154998_all__5.npy,explosion
Pistachio/VAD/vit-features/train/anomaly/commercial_anomaly_more/explosion/000000154998_all__6.npy,explosion
Pistachio/VAD/vit-features/train/anomaly/commercial_anomaly_more/explosion/000000154998_all__7.npy,explosion
Pistachio/VAD/vit-features/train/anomaly/commercial_anomaly_more/explosion/000000154998_all__8.npy,explosion
Pistachio/VAD/vit-features/train/anomaly/commercial_anomaly_more/explosion/000000154998_all__9.npy,explosion
Pistachio/VAD/vit-features/train/anomaly/commercial_anomaly_more/explosion/000000249568_all__0.npy,explosion
Pistachio/VAD/vit-features/train/anomaly/commercial_anomaly_more/explosion/000000249568_all__1.npy,explosion
Pistachio/VAD/vit-features/train/anomaly/commercial_anomaly_more/explosion/000000249568_all__2.npy,explosion
Pistachio/VAD/vit-features/train/anomaly/commercial_anomaly_more/explosion/000000249568_all__3.npy,explosion
Pistachio/VAD/vit-features/train/anomaly/commercial_anomaly_more/explosion/000000249568_all__4.npy,explosion
Pistachio/VAD/vit-features/train/anomaly/commercial_anomaly_more/explosion/000000249568_all__5.npy,explosion
Pistachio/VAD/vit-features/train/anomaly/commercial_anomaly_more/explosion/000000249568_all__6.npy,explosion
Pistachio/VAD/vit-features/train/anomaly/commercial_anomaly_more/explosion/000000249568_all__7.npy,explosion
Pistachio/VAD/vit-features/train/anomaly/commercial_anomaly_more/explosion/000000249568_all__8.npy,explosion
Pistachio/VAD/vit-features/train/anomaly/commercial_anomaly_more/explosion/000000249568_all__9.npy,explosion
Pistachio/VAD/vit-features/train/anomaly/commercial_anomaly_more/explosion/000000301872_all__0.npy,explosion
Pistachio/VAD/vit-features/train/anomaly/commercial_anomaly_more/explosion/000000301872_all__1.npy,explosion
Pistachio/VAD/vit-features/train/anomaly/commercial_anomaly_more/explosion/000000301872_all__2.npy,explosion
Pistachio/VAD/vit-features/train/anomaly/commercial_anomaly_more/explosion/000000301872_all__3.npy,explosion
Pistachio/VAD/vit-features/train/anomaly/commercial_anomaly_more/explosion/000000301872_all__4.npy,explosion
Pistachio/VAD/vit-features/train/anomaly/commercial_anomaly_more/explosion/000000301872_all__5.npy,explosion
Pistachio/VAD/vit-features/train/anomaly/commercial_anomaly_more/explosion/000000301872_all__6.npy,explosion
Pistachio/VAD/vit-features/train/anomaly/commercial_anomaly_more/explosion/000000301872_all__7.npy,explosion
Pistachio/VAD/vit-features/train/anomaly/commercial_anomaly_more/explosion/000000301872_all__8.npy,explosion
Pistachio/VAD/vit-features/train/anomaly/commercial_anomaly_more/explosion/000000301872_all__9.npy,explosion
Pistachio/VAD/vit-features/train/anomaly/commercial_anomaly_more/explosion/000000301892_all__0.npy,explosion
Pistachio/VAD/vit-features/train/anomaly/commercial_anomaly_more/explosion/000000301892_all__1.npy,explosion
Pistachio/VAD/vit-features/train/anomaly/commercial_anomaly_more/explosion/000000301892_all__2.npy,explosion
Pistachio/VAD/vit-features/train/anomaly/commercial_anomaly_more/explosion/000000301892_all__3.npy,explosion
Pistachio/VAD/vit-features/train/anomaly/commercial_anomaly_more/explosion/000000301892_all__4.npy,explosion
Pistachio/VAD/vit-features/train/anomaly/commercial_anomaly_more/explosion/000000301892_all__5.npy,explosion
Pistachio/VAD/vit-features/train/anomaly/commercial_anomaly_more/explosion/000000301892_all__6.npy,explosion
Pistachio/VAD/vit-features/train/anomaly/commercial_anomaly_more/explosion/000000301892_all__7.npy,explosion
Pistachio/VAD/vit-features/train/anomaly/commercial_anomaly_more/explosion/000000301892_all__8.npy,explosion
Pistachio/VAD/vit-features/train/anomaly/commercial_anomaly_more/explosion/000000301892_all__9.npy,explosion
Pistachio/VAD/vit-features/train/anomaly/commercial_anomaly_more/explosion/000000301940_all__0.npy,explosion
Pistachio/VAD/vit-features/train/anomaly/commercial_anomaly_more/explosion/000000301940_all__1.npy,explosion
Pistachio/VAD/vit-features/train/anomaly/commercial_anomaly_more/explosion/000000301940_all__2.npy,explosion
Pistachio/VAD/vit-features/train/anomaly/commercial_anomaly_more/explosion/000000301940_all__3.npy,explosion
Pistachio/VAD/vit-features/train/anomaly/commercial_anomaly_more/explosion/000000301940_all__4.npy,explosion
Pistachio/VAD/vit-features/train/anomaly/commercial_anomaly_more/explosion/000000301940_all__5.npy,explosion
Pistachio/VAD/vit-features/train/anomaly/commercial_anomaly_more/explosion/000000301940_all__6.npy,explosion
Pistachio/VAD/vit-features/train/anomaly/commercial_anomaly_more/explosion/000000301940_all__7.npy,explosion
Pistachio/VAD/vit-features/train/anomaly/commercial_anomaly_more/explosion/000000301940_all__8.npy,explosion
Pistachio/VAD/vit-features/train/anomaly/commercial_anomaly_more/explosion/000000301940_all__9.npy,explosion
Pistachio/VAD/vit-features/train/anomaly/commercial_anomaly_more/explosion/000000336188_all__0.npy,explosion
Pistachio/VAD/vit-features/train/anomaly/commercial_anomaly_more/explosion/000000336188_all__1.npy,explosion
Pistachio/VAD/vit-features/train/anomaly/commercial_anomaly_more/explosion/000000336188_all__2.npy,explosion
Pistachio/VAD/vit-features/train/anomaly/commercial_anomaly_more/explosion/000000336188_all__3.npy,explosion
Pistachio/VAD/vit-features/train/anomaly/commercial_anomaly_more/explosion/000000336188_all__4.npy,explosion
Pistachio/VAD/vit-features/train/anomaly/commercial_anomaly_more/explosion/000000336188_all__5.npy,explosion
Pistachio/VAD/vit-features/train/anomaly/commercial_anomaly_more/explosion/000000336188_all__6.npy,explosion
Pistachio/VAD/vit-features/train/anomaly/commercial_anomaly_more/explosion/000000336188_all__7.npy,explosion
Pistachio/VAD/vit-features/train/anomaly/commercial_anomaly_more/explosion/000000336188_all__8.npy,explosion
Pistachio/VAD/vit-features/train/anomaly/commercial_anomaly_more/explosion/000000336188_all__9.npy,explosion
Pistachio/VAD/vit-features/train/anomaly/commercial_anomaly_more/explosion/000000534100_all__0.npy,explosion
Pistachio/VAD/vit-features/train/anomaly/commercial_anomaly_more/explosion/000000534100_all__1.npy,explosion
Pistachio/VAD/vit-features/train/anomaly/commercial_anomaly_more/explosion/000000534100_all__2.npy,explosion
Pistachio/VAD/vit-features/train/anomaly/commercial_anomaly_more/explosion/000000534100_all__3.npy,explosion
Pistachio/VAD/vit-features/train/anomaly/commercial_anomaly_more/explosion/000000534100_all__4.npy,explosion
Pistachio/VAD/vit-features/train/anomaly/commercial_anomaly_more/explosion/000000534100_all__5.npy,explosion
Pistachio/VAD/vit-features/train/anomaly/commercial_anomaly_more/explosion/000000534100_all__6.npy,explosion
Pistachio/VAD/vit-features/train/anomaly/commercial_anomaly_more/explosion/000000534100_all__7.npy,explosion
Pistachio/VAD/vit-features/train/anomaly/commercial_anomaly_more/explosion/000000534100_all__8.npy,explosion
Pistachio/VAD/vit-features/train/anomaly/commercial_anomaly_more/explosion/000000534100_all__9.npy,explosion
Pistachio/VAD/vit-features/train/anomaly/commercial_anomaly_more/falling_object_and_collapse/000000265365_all__0.npy,falling_object_and_collapse
Pistachio/VAD/vit-features/train/anomaly/commercial_anomaly_more/falling_object_and_collapse/000000265365_all__1.npy,falling_object_and_collapse
Pistachio/VAD/vit-features/train/anomaly/commercial_anomaly_more/falling_object_and_collapse/000000265365_all__2.npy,falling_object_and_collapse
Pistachio/VAD/vit-features/train/anomaly/commercial_anomaly_more/falling_object_and_collapse/000000265365_all__3.npy,falling_object_and_collapse
Pistachio/VAD/vit-features/train/anomaly/commercial_anomaly_more/falling_object_and_collapse/000000265365_all__4.npy,falling_object_and_collapse
Pistachio/VAD/vit-features/train/anomaly/commercial_anomaly_more/falling_object_and_collapse/000000265365_all__5.npy,falling_object_and_collapse
Pistachio/VAD/vit-features/train/anomaly/commercial_anomaly_more/falling_object_and_collapse/000000265365_all__6.npy,falling_object_and_collapse
Pistachio/VAD/vit-features/train/anomaly/commercial_anomaly_more/falling_object_and_collapse/000000265365_all__7.npy,falling_object_and_collapse
Pistachio/VAD/vit-features/train/anomaly/commercial_anomaly_more/falling_object_and_collapse/000000265365_all__8.npy,falling_object_and_collapse
Pistachio/VAD/vit-features/train/anomaly/commercial_anomaly_more/falling_object_and_collapse/000000265365_all__9.npy,falling_object_and_collapse
Pistachio/VAD/vit-features/train/anomaly/commercial_anomaly_more/falling_object_and_collapse/000000265379_all__0.npy,falling_object_and_collapse
Pistachio/VAD/vit-features/train/anomaly/commercial_anomaly_more/falling_object_and_collapse/000000265379_all__1.npy,falling_object_and_collapse
Pistachio/VAD/vit-features/train/anomaly/commercial_anomaly_more/falling_object_and_collapse/000000265379_all__2.npy,falling_object_and_collapse
Pistachio/VAD/vit-features/train/anomaly/commercial_anomaly_more/falling_object_and_collapse/000000265379_all__3.npy,falling_object_and_collapse
Pistachio/VAD/vit-features/train/anomaly/commercial_anomaly_more/falling_object_and_collapse/000000265379_all__4.npy,falling_object_and_collapse
Pistachio/VAD/vit-features/train/anomaly/commercial_anomaly_more/falling_object_and_collapse/000000265379_all__5.npy,falling_object_and_collapse
Pistachio/VAD/vit-features/train/anomaly/commercial_anomaly_more/falling_object_and_collapse/000000265379_all__6.npy,falling_object_and_collapse
Pistachio/VAD/vit-features/train/anomaly/commercial_anomaly_more/falling_object_and_collapse/000000265379_all__7.npy,falling_object_and_collapse
Pistachio/VAD/vit-features/train/anomaly/commercial_anomaly_more/falling_object_and_collapse/000000265379_all__8.npy,falling_object_and_collapse
Pistachio/VAD/vit-features/train/anomaly/commercial_anomaly_more/falling_object_and_collapse/000000265379_all__9.npy,falling_object_and_collapse
Pistachio/VAD/vit-features/train/anomaly/commercial_anomaly_more/falling_object_and_collapse/000000265633_all__0.npy,falling_object_and_collapse
Pistachio/VAD/vit-features/train/anomaly/commercial_anomaly_more/falling_object_and_collapse/000000265633_all__1.npy,falling_object_and_collapse
Pistachio/VAD/vit-features/train/anomaly/commercial_anomaly_more/falling_object_and_collapse/000000265633_all__2.npy,falling_object_and_collapse
Pistachio/VAD/vit-features/train/anomaly/commercial_anomaly_more/falling_object_and_collapse/000000265633_all__3.npy,falling_object_and_collapse
Pistachio/VAD/vit-features/train/anomaly/commercial_anomaly_more/falling_object_and_collapse/000000265633_all__4.npy,falling_object_and_collapse
Pistachio/VAD/vit-features/train/anomaly/commercial_anomaly_more/falling_object_and_collapse/000000265633_all__5.npy,falling_object_and_collapse
Pistachio/VAD/vit-features/train/anomaly/commercial_anomaly_more/falling_object_and_collapse/000000265633_all__6.npy,falling_object_and_collapse
Pistachio/VAD/vit-features/train/anomaly/commercial_anomaly_more/falling_object_and_collapse/000000265633_all__7.npy,falling_object_and_collapse
Pistachio/VAD/vit-features/train/anomaly/commercial_anomaly_more/falling_object_and_collapse/000000265633_all__8.npy,falling_object_and_collapse
Pistachio/VAD/vit-features/train/anomaly/commercial_anomaly_more/falling_object_and_collapse/000000265633_all__9.npy,falling_object_and_collapse
Pistachio/VAD/vit-features/train/anomaly/commercial_anomaly_more/falling_object_and_collapse/000000266201_all__0.npy,falling_object_and_collapse
Pistachio/VAD/vit-features/train/anomaly/commercial_anomaly_more/falling_object_and_collapse/000000266201_all__1.npy,falling_object_and_collapse
Pistachio/VAD/vit-features/train/anomaly/commercial_anomaly_more/falling_object_and_collapse/000000266201_all__2.npy,falling_object_and_collapse
Pistachio/VAD/vit-features/train/anomaly/commercial_anomaly_more/falling_object_and_collapse/000000266201_all__3.npy,falling_object_and_collapse
Pistachio/VAD/vit-features/train/anomaly/commercial_anomaly_more/falling_object_and_collapse/000000266201_all__4.npy,falling_object_and_collapse
Pistachio/VAD/vit-features/train/anomaly/commercial_anomaly_more/falling_object_and_collapse/000000266201_all__5.npy,falling_object_and_collapse
Pistachio/VAD/vit-features/train/anomaly/commercial_anomaly_more/falling_object_and_collapse/000000266201_all__6.npy,falling_object_and_collapse
Pistachio/VAD/vit-features/train/anomaly/commercial_anomaly_more/falling_object_and_collapse/000000266201_all__7.npy,falling_object_and_collapse
Pistachio/VAD/vit-features/train/anomaly/commercial_anomaly_more/falling_object_and_collapse/000000266201_all__8.npy,falling_object_and_collapse
Pistachio/VAD/vit-features/train/anomaly/commercial_anomaly_more/falling_object_and_collapse/000000266201_all__9.npy,falling_object_and_collapse
Pistachio/VAD/vit-features/train/anomaly/commercial_anomaly_more/falling_object_and_collapse/000000266283_all__0.npy,falling_object_and_collapse
Pistachio/VAD/vit-features/train/anomaly/commercial_anomaly_more/falling_object_and_collapse/000000266283_all__1.npy,falling_object_and_collapse
Pistachio/VAD/vit-features/train/anomaly/commercial_anomaly_more/falling_object_and_collapse/000000266283_all__2.npy,falling_object_and_collapse
Pistachio/VAD/vit-features/train/anomaly/commercial_anomaly_more/falling_object_and_collapse/000000266283_all__3.npy,falling_object_and_collapse
Pistachio/VAD/vit-features/train/anomaly/commercial_anomaly_more/falling_object_and_collapse/000000266283_all__4.npy,falling_object_and_collapse
Pistachio/VAD/vit-features/train/anomaly/commercial_anomaly_more/falling_object_and_collapse/000000266283_all__5.npy,falling_object_and_collapse
Pistachio/VAD/vit-features/train/anomaly/commercial_anomaly_more/falling_object_and_collapse/000000266283_all__6.npy,falling_object_and_collapse
Pistachio/VAD/vit-features/train/anomaly/commercial_anomaly_more/falling_object_and_collapse/000000266283_all__7.npy,falling_object_and_collapse
Pistachio/VAD/vit-features/train/anomaly/commercial_anomaly_more/falling_object_and_collapse/000000266283_all__8.npy,falling_object_and_collapse
Pistachio/VAD/vit-features/train/anomaly/commercial_anomaly_more/falling_object_and_collapse/000000266283_all__9.npy,falling_object_and_collapse
Pistachio/VAD/vit-features/train/anomaly/commercial_anomaly_more/falling_object_and_collapse/000000267208_all__0.npy,falling_object_and_collapse
Pistachio/VAD/vit-features/train/anomaly/commercial_anomaly_more/falling_object_and_collapse/000000267208_all__1.npy,falling_object_and_collapse
Pistachio/VAD/vit-features/train/anomaly/commercial_anomaly_more/falling_object_and_collapse/000000267208_all__2.npy,falling_object_and_collapse
Pistachio/VAD/vit-features/train/anomaly/commercial_anomaly_more/falling_object_and_collapse/000000267208_all__3.npy,falling_object_and_collapse
Pistachio/VAD/vit-features/train/anomaly/commercial_anomaly_more/falling_object_and_collapse/000000267208_all__4.npy,falling_object_and_collapse
Pistachio/VAD/vit-features/train/anomaly/commercial_anomaly_more/falling_object_and_collapse/000000267208_all__5.npy,falling_object_and_collapse
Pistachio/VAD/vit-features/train/anomaly/commercial_anomaly_more/falling_object_and_collapse/000000267208_all__6.npy,falling_object_and_collapse
Pistachio/VAD/vit-features/train/anomaly/commercial_anomaly_more/falling_object_and_collapse/000000267208_all__7.npy,falling_object_and_collapse
Pistachio/VAD/vit-features/train/anomaly/commercial_anomaly_more/falling_object_and_collapse/000000267208_all__8.npy,falling_object_and_collapse
Pistachio/VAD/vit-features/train/anomaly/commercial_anomaly_more/falling_object_and_collapse/000000267208_all__9.npy,falling_object_and_collapse
Pistachio/VAD/vit-features/train/anomaly/commercial_anomaly_more/fighting_and_physical_conflict/000000010592_all__0.npy,fighting_and_physical_conflict
Pistachio/VAD/vit-features/train/anomaly/commercial_anomaly_more/fighting_and_physical_conflict/000000010592_all__1.npy,fighting_and_physical_conflict
Pistachio/VAD/vit-features/train/anomaly/commercial_anomaly_more/fighting_and_physical_conflict/000000010592_all__2.npy,fighting_and_physical_conflict
Pistachio/VAD/vit-features/train/anomaly/commercial_anomaly_more/fighting_and_physical_conflict/000000010592_all__3.npy,fighting_and_physical_conflict
Pistachio/VAD/vit-features/train/anomaly/commercial_anomaly_more/fighting_and_physical_conflict/000000010592_all__4.npy,fighting_and_physical_conflict
Pistachio/VAD/vit-features/train/anomaly/commercial_anomaly_more/fighting_and_physical_conflict/000000010592_all__5.npy,fighting_and_physical_conflict
Pistachio/VAD/vit-features/train/anomaly/commercial_anomaly_more/fighting_and_physical_conflict/000000010592_all__6.npy,fighting_and_physical_conflict
Pistachio/VAD/vit-features/train/anomaly/commercial_anomaly_more/fighting_and_physical_conflict/000000010592_all__7.npy,fighting_and_physical_conflict
Pistachio/VAD/vit-features/train/anomaly/commercial_anomaly_more/fighting_and_physical_conflict/000000010592_all__8.npy,fighting_and_physical_conflict
Pistachio/VAD/vit-features/train/anomaly/commercial_anomaly_more/fighting_and_physical_conflict/000000010592_all__9.npy,fighting_and_physical_conflict
Pistachio/VAD/vit-features/train/anomaly/commercial_anomaly_more/fighting_and_physical_conflict/000000011215_all__0.npy,fighting_and_physical_conflict
Pistachio/VAD/vit-features/train/anomaly/commercial_anomaly_more/fighting_and_physical_conflict/000000011215_all__1.npy,fighting_and_physical_conflict
Pistachio/VAD/vit-features/train/anomaly/commercial_anomaly_more/fighting_and_physical_conflict/000000011215_all__2.npy,fighting_and_physical_conflict
Pistachio/VAD/vit-features/train/anomaly/commercial_anomaly_more/fighting_and_physical_conflict/000000011215_all__3.npy,fighting_and_physical_conflict
Pistachio/VAD/vit-features/train/anomaly/commercial_anomaly_more/fighting_and_physical_conflict/000000011215_all__4.npy,fighting_and_physical_conflict
Pistachio/VAD/vit-features/train/anomaly/commercial_anomaly_more/fighting_and_physical_conflict/000000011215_all__5.npy,fighting_and_physical_conflict
Pistachio/VAD/vit-features/train/anomaly/commercial_anomaly_more/fighting_and_physical_conflict/000000011215_all__6.npy,fighting_and_physical_conflict
Pistachio/VAD/vit-features/train/anomaly/commercial_anomaly_more/fighting_and_physical_conflict/000000011215_all__7.npy,fighting_and_physical_conflict
Pistachio/VAD/vit-features/train/anomaly/commercial_anomaly_more/fighting_and_physical_conflict/000000011215_all__8.npy,fighting_and_physical_conflict
Pistachio/VAD/vit-features/train/anomaly/commercial_anomaly_more/fighting_and_physical_conflict/000000011215_all__9.npy,fighting_and_physical_conflict
Pistachio/VAD/vit-features/train/anomaly/commercial_anomaly_more/fighting_and_physical_conflict/000000267389_all__0.npy,fighting_and_physical_conflict
Pistachio/VAD/vit-features/train/anomaly/commercial_anomaly_more/fighting_and_physical_conflict/000000267389_all__1.npy,fighting_and_physical_conflict
Pistachio/VAD/vit-features/train/anomaly/commercial_anomaly_more/fighting_and_physical_conflict/000000267389_all__2.npy,fighting_and_physical_conflict
Pistachio/VAD/vit-features/train/anomaly/commercial_anomaly_more/fighting_and_physical_conflict/000000267389_all__3.npy,fighting_and_physical_conflict
Pistachio/VAD/vit-features/train/anomaly/commercial_anomaly_more/fighting_and_physical_conflict/000000267389_all__4.npy,fighting_and_physical_conflict
Pistachio/VAD/vit-features/train/anomaly/commercial_anomaly_more/fighting_and_physical_conflict/000000267389_all__5.npy,fighting_and_physical_conflict
Pistachio/VAD/vit-features/train/anomaly/commercial_anomaly_more/fighting_and_physical_conflict/000000267389_all__6.npy,fighting_and_physical_conflict
Pistachio/VAD/vit-features/train/anomaly/commercial_anomaly_more/fighting_and_physical_conflict/000000267389_all__7.npy,fighting_and_physical_conflict
Pistachio/VAD/vit-features/train/anomaly/commercial_anomaly_more/fighting_and_physical_conflict/000000267389_all__8.npy,fighting_and_physical_conflict
Pistachio/VAD/vit-features/train/anomaly/commercial_anomaly_more/fighting_and_physical_conflict/000000267389_all__9.npy,fighting_and_physical_conflict
Pistachio/VAD/vit-features/train/anomaly/commercial_anomaly_more/fighting_and_physical_conflict/000000267617_all__0.npy,fighting_and_physical_conflict
Pistachio/VAD/vit-features/train/anomaly/commercial_anomaly_more/fighting_and_physical_conflict/000000267617_all__1.npy,fighting_and_physical_conflict
Pistachio/VAD/vit-features/train/anomaly/commercial_anomaly_more/fighting_and_physical_conflict/000000267617_all__2.npy,fighting_and_physical_conflict
Pistachio/VAD/vit-features/train/anomaly/commercial_anomaly_more/fighting_and_physical_conflict/000000267617_all__3.npy,fighting_and_physical_conflict
Pistachio/VAD/vit-features/train/anomaly/commercial_anomaly_more/fighting_and_physical_conflict/000000267617_all__4.npy,fighting_and_physical_conflict
Pistachio/VAD/vit-features/train/anomaly/commercial_anomaly_more/fighting_and_physical_conflict/000000267617_all__5.npy,fighting_and_physical_conflict
Pistachio/VAD/vit-features/train/anomaly/commercial_anomaly_more/fighting_and_physical_conflict/000000267617_all__6.npy,fighting_and_physical_conflict
Pistachio/VAD/vit-features/train/anomaly/commercial_anomaly_more/fighting_and_physical_conflict/000000267617_all__7.npy,fighting_and_physical_conflict
Pistachio/VAD/vit-features/train/anomaly/commercial_anomaly_more/fighting_and_physical_conflict/000000267617_all__8.npy,fighting_and_physical_conflict
Pistachio/VAD/vit-features/train/anomaly/commercial_anomaly_more/fighting_and_physical_conflict/000000267617_all__9.npy,fighting_and_physical_conflict
Pistachio/VAD/vit-features/train/anomaly/commercial_anomaly_more/fighting_and_physical_conflict/000000267703_all__0.npy,fighting_and_physical_conflict
Pistachio/VAD/vit-features/train/anomaly/commercial_anomaly_more/fighting_and_physical_conflict/000000267703_all__1.npy,fighting_and_physical_conflict
Pistachio/VAD/vit-features/train/anomaly/commercial_anomaly_more/fighting_and_physical_conflict/000000267703_all__2.npy,fighting_and_physical_conflict
Pistachio/VAD/vit-features/train/anomaly/commercial_anomaly_more/fighting_and_physical_conflict/000000267703_all__3.npy,fighting_and_physical_conflict
Pistachio/VAD/vit-features/train/anomaly/commercial_anomaly_more/fighting_and_physical_conflict/000000267703_all__4.npy,fighting_and_physical_conflict
Pistachio/VAD/vit-features/train/anomaly/commercial_anomaly_more/fighting_and_physical_conflict/000000267703_all__5.npy,fighting_and_physical_conflict
Pistachio/VAD/vit-features/train/anomaly/commercial_anomaly_more/fighting_and_physical_conflict/000000267703_all__6.npy,fighting_and_physical_conflict
Pistachio/VAD/vit-features/train/anomaly/commercial_anomaly_more/fighting_and_physical_conflict/000000267703_all__7.npy,fighting_and_physical_conflict
Pistachio/VAD/vit-features/train/anomaly/commercial_anomaly_more/fighting_and_physical_conflict/000000267703_all__8.npy,fighting_and_physical_conflict
Pistachio/VAD/vit-features/train/anomaly/commercial_anomaly_more/fighting_and_physical_conflict/000000267703_all__9.npy,fighting_and_physical_conflict
Pistachio/VAD/vit-features/train/anomaly/commercial_anomaly_more/fighting_and_physical_conflict/000000267764_all__0.npy,fighting_and_physical_conflict
Pistachio/VAD/vit-features/train/anomaly/commercial_anomaly_more/fighting_and_physical_conflict/000000267764_all__1.npy,fighting_and_physical_conflict
Pistachio/VAD/vit-features/train/anomaly/commercial_anomaly_more/fighting_and_physical_conflict/000000267764_all__2.npy,fighting_and_physical_conflict
Pistachio/VAD/vit-features/train/anomaly/commercial_anomaly_more/fighting_and_physical_conflict/000000267764_all__3.npy,fighting_and_physical_conflict
Pistachio/VAD/vit-features/train/anomaly/commercial_anomaly_more/fighting_and_physical_conflict/000000267764_all__4.npy,fighting_and_physical_conflict
Pistachio/VAD/vit-features/train/anomaly/commercial_anomaly_more/fighting_and_physical_conflict/000000267764_all__5.npy,fighting_and_physical_conflict
Pistachio/VAD/vit-features/train/anomaly/commercial_anomaly_more/fighting_and_physical_conflict/000000267764_all__6.npy,fighting_and_physical_conflict
Pistachio/VAD/vit-features/train/anomaly/commercial_anomaly_more/fighting_and_physical_conflict/000000267764_all__7.npy,fighting_and_physical_conflict
Pistachio/VAD/vit-features/train/anomaly/commercial_anomaly_more/fighting_and_physical_conflict/000000267764_all__8.npy,fighting_and_physical_conflict
Pistachio/VAD/vit-features/train/anomaly/commercial_anomaly_more/fighting_and_physical_conflict/000000267764_all__9.npy,fighting_and_physical_conflict
Pistachio/VAD/vit-features/train/anomaly/commercial_anomaly_more/fighting_and_physical_conflict/000000267838_all__0.npy,fighting_and_physical_conflict
Pistachio/VAD/vit-features/train/anomaly/commercial_anomaly_more/fighting_and_physical_conflict/000000267838_all__1.npy,fighting_and_physical_conflict
Pistachio/VAD/vit-features/train/anomaly/commercial_anomaly_more/fighting_and_physical_conflict/000000267838_all__2.npy,fighting_and_physical_conflict
Pistachio/VAD/vit-features/train/anomaly/commercial_anomaly_more/fighting_and_physical_conflict/000000267838_all__3.npy,fighting_and_physical_conflict
Pistachio/VAD/vit-features/train/anomaly/commercial_anomaly_more/fighting_and_physical_conflict/000000267838_all__4.npy,fighting_and_physical_conflict
Pistachio/VAD/vit-features/train/anomaly/commercial_anomaly_more/fighting_and_physical_conflict/000000267838_all__5.npy,fighting_and_physical_conflict
Pistachio/VAD/vit-features/train/anomaly/commercial_anomaly_more/fighting_and_physical_conflict/000000267838_all__6.npy,fighting_and_physical_conflict
Pistachio/VAD/vit-features/train/anomaly/commercial_anomaly_more/fighting_and_physical_conflict/000000267838_all__7.npy,fighting_and_physical_conflict
Pistachio/VAD/vit-features/train/anomaly/commercial_anomaly_more/fighting_and_physical_conflict/000000267838_all__8.npy,fighting_and_physical_conflict
Pistachio/VAD/vit-features/train/anomaly/commercial_anomaly_more/fighting_and_physical_conflict/000000267838_all__9.npy,fighting_and_physical_conflict
Pistachio/VAD/vit-features/train/anomaly/commercial_anomaly_more/fire/000000007578_all__0.npy,fire
Pistachio/VAD/vit-features/train/anomaly/commercial_anomaly_more/fire/000000007578_all__1.npy,fire
Pistachio/VAD/vit-features/train/anomaly/commercial_anomaly_more/fire/000000007578_all__2.npy,fire
Pistachio/VAD/vit-features/train/anomaly/commercial_anomaly_more/fire/000000007578_all__3.npy,fire
Pistachio/VAD/vit-features/train/anomaly/commercial_anomaly_more/fire/000000007578_all__4.npy,fire
Pistachio/VAD/vit-features/train/anomaly/commercial_anomaly_more/fire/000000007578_all__5.npy,fire
Pistachio/VAD/vit-features/train/anomaly/commercial_anomaly_more/fire/000000007578_all__6.npy,fire
Pistachio/VAD/vit-features/train/anomaly/commercial_anomaly_more/fire/000000007578_all__7.npy,fire
Pistachio/VAD/vit-features/train/anomaly/commercial_anomaly_more/fire/000000007578_all__8.npy,fire
Pistachio/VAD/vit-features/train/anomaly/commercial_anomaly_more/fire/000000007578_all__9.npy,fire
Pistachio/VAD/vit-features/train/anomaly/commercial_anomaly_more/fire/000000009264_all__0.npy,fire
Pistachio/VAD/vit-features/train/anomaly/commercial_anomaly_more/fire/000000009264_all__1.npy,fire
Pistachio/VAD/vit-features/train/anomaly/commercial_anomaly_more/fire/000000009264_all__2.npy,fire
Pistachio/VAD/vit-features/train/anomaly/commercial_anomaly_more/fire/000000009264_all__3.npy,fire
Pistachio/VAD/vit-features/train/anomaly/commercial_anomaly_more/fire/000000009264_all__4.npy,fire
Pistachio/VAD/vit-features/train/anomaly/commercial_anomaly_more/fire/000000009264_all__5.npy,fire
Pistachio/VAD/vit-features/train/anomaly/commercial_anomaly_more/fire/000000009264_all__6.npy,fire
Pistachio/VAD/vit-features/train/anomaly/commercial_anomaly_more/fire/000000009264_all__7.npy,fire
Pistachio/VAD/vit-features/train/anomaly/commercial_anomaly_more/fire/000000009264_all__8.npy,fire
Pistachio/VAD/vit-features/train/anomaly/commercial_anomaly_more/fire/000000009264_all__9.npy,fire
Pistachio/VAD/vit-features/train/anomaly/commercial_anomaly_more/fire/000000012032_all__0.npy,fire
Pistachio/VAD/vit-features/train/anomaly/commercial_anomaly_more/fire/000000012032_all__1.npy,fire
Pistachio/VAD/vit-features/train/anomaly/commercial_anomaly_more/fire/000000012032_all__2.npy,fire
Pistachio/VAD/vit-features/train/anomaly/commercial_anomaly_more/fire/000000012032_all__3.npy,fire
Pistachio/VAD/vit-features/train/anomaly/commercial_anomaly_more/fire/000000012032_all__4.npy,fire
Pistachio/VAD/vit-features/train/anomaly/commercial_anomaly_more/fire/000000012032_all__5.npy,fire
Pistachio/VAD/vit-features/train/anomaly/commercial_anomaly_more/fire/000000012032_all__6.npy,fire
Pistachio/VAD/vit-features/train/anomaly/commercial_anomaly_more/fire/000000012032_all__7.npy,fire
Pistachio/VAD/vit-features/train/anomaly/commercial_anomaly_more/fire/000000012032_all__8.npy,fire
Pistachio/VAD/vit-features/train/anomaly/commercial_anomaly_more/fire/000000012032_all__9.npy,fire
Pistachio/VAD/vit-features/train/anomaly/commercial_anomaly_more/fire/000000012889_all__0.npy,fire
Pistachio/VAD/vit-features/train/anomaly/commercial_anomaly_more/fire/000000012889_all__1.npy,fire
Pistachio/VAD/vit-features/train/anomaly/commercial_anomaly_more/fire/000000012889_all__2.npy,fire
Pistachio/VAD/vit-features/train/anomaly/commercial_anomaly_more/fire/000000012889_all__3.npy,fire
Pistachio/VAD/vit-features/train/anomaly/commercial_anomaly_more/fire/000000012889_all__4.npy,fire
Pistachio/VAD/vit-features/train/anomaly/commercial_anomaly_more/fire/000000012889_all__5.npy,fire
Pistachio/VAD/vit-features/train/anomaly/commercial_anomaly_more/fire/000000012889_all__6.npy,fire
Pistachio/VAD/vit-features/train/anomaly/commercial_anomaly_more/fire/000000012889_all__7.npy,fire
Pistachio/VAD/vit-features/train/anomaly/commercial_anomaly_more/fire/000000012889_all__8.npy,fire
Pistachio/VAD/vit-features/train/anomaly/commercial_anomaly_more/fire/000000012889_all__9.npy,fire
Pistachio/VAD/vit-features/train/anomaly/commercial_anomaly_more/fire/000000013041_all__0.npy,fire
Pistachio/VAD/vit-features/train/anomaly/commercial_anomaly_more/fire/000000013041_all__1.npy,fire
Pistachio/VAD/vit-features/train/anomaly/commercial_anomaly_more/fire/000000013041_all__2.npy,fire
Pistachio/VAD/vit-features/train/anomaly/commercial_anomaly_more/fire/000000013041_all__3.npy,fire
Pistachio/VAD/vit-features/train/anomaly/commercial_anomaly_more/fire/000000013041_all__4.npy,fire
Pistachio/VAD/vit-features/train/anomaly/commercial_anomaly_more/fire/000000013041_all__5.npy,fire
Pistachio/VAD/vit-features/train/anomaly/commercial_anomaly_more/fire/000000013041_all__6.npy,fire
Pistachio/VAD/vit-features/train/anomaly/commercial_anomaly_more/fire/000000013041_all__7.npy,fire
Pistachio/VAD/vit-features/train/anomaly/commercial_anomaly_more/fire/000000013041_all__8.npy,fire
Pistachio/VAD/vit-features/train/anomaly/commercial_anomaly_more/fire/000000013041_all__9.npy,fire
Pistachio/VAD/vit-features/train/anomaly/commercial_anomaly_more/pushing_conflict/000000009502_all__0.npy,pushing_conflict
Pistachio/VAD/vit-features/train/anomaly/commercial_anomaly_more/pushing_conflict/000000009502_all__1.npy,pushing_conflict
Pistachio/VAD/vit-features/train/anomaly/commercial_anomaly_more/pushing_conflict/000000009502_all__2.npy,pushing_conflict
Pistachio/VAD/vit-features/train/anomaly/commercial_anomaly_more/pushing_conflict/000000009502_all__3.npy,pushing_conflict
Pistachio/VAD/vit-features/train/anomaly/commercial_anomaly_more/pushing_conflict/000000009502_all__4.npy,pushing_conflict
Pistachio/VAD/vit-features/train/anomaly/commercial_anomaly_more/pushing_conflict/000000009502_all__5.npy,pushing_conflict
Pistachio/VAD/vit-features/train/anomaly/commercial_anomaly_more/pushing_conflict/000000009502_all__6.npy,pushing_conflict
Pistachio/VAD/vit-features/train/anomaly/commercial_anomaly_more/pushing_conflict/000000009502_all__7.npy,pushing_conflict
Pistachio/VAD/vit-features/train/anomaly/commercial_anomaly_more/pushing_conflict/000000009502_all__8.npy,pushing_conflict
Pistachio/VAD/vit-features/train/anomaly/commercial_anomaly_more/pushing_conflict/000000009502_all__9.npy,pushing_conflict
Pistachio/VAD/vit-features/train/anomaly/commercial_anomaly_more/pushing_conflict/000000013138_all__0.npy,pushing_conflict
Pistachio/VAD/vit-features/train/anomaly/commercial_anomaly_more/pushing_conflict/000000013138_all__1.npy,pushing_conflict
Pistachio/VAD/vit-features/train/anomaly/commercial_anomaly_more/pushing_conflict/000000013138_all__2.npy,pushing_conflict
Pistachio/VAD/vit-features/train/anomaly/commercial_anomaly_more/pushing_conflict/000000013138_all__3.npy,pushing_conflict
Pistachio/VAD/vit-features/train/anomaly/commercial_anomaly_more/pushing_conflict/000000013138_all__4.npy,pushing_conflict
Pistachio/VAD/vit-features/train/anomaly/commercial_anomaly_more/pushing_conflict/000000013138_all__5.npy,pushing_conflict
Pistachio/VAD/vit-features/train/anomaly/commercial_anomaly_more/pushing_conflict/000000013138_all__6.npy,pushing_conflict
Pistachio/VAD/vit-features/train/anomaly/commercial_anomaly_more/pushing_conflict/000000013138_all__7.npy,pushing_conflict
Pistachio/VAD/vit-features/train/anomaly/commercial_anomaly_more/pushing_conflict/000000013138_all__8.npy,pushing_conflict
Pistachio/VAD/vit-features/train/anomaly/commercial_anomaly_more/pushing_conflict/000000013138_all__9.npy,pushing_conflict
Pistachio/VAD/vit-features/train/anomaly/commercial_anomaly_more/pushing_conflict/000000267838_all__0.npy,pushing_conflict
Pistachio/VAD/vit-features/train/anomaly/commercial_anomaly_more/pushing_conflict/000000267838_all__1.npy,pushing_conflict
Pistachio/VAD/vit-features/train/anomaly/commercial_anomaly_more/pushing_conflict/000000267838_all__2.npy,pushing_conflict
Pistachio/VAD/vit-features/train/anomaly/commercial_anomaly_more/pushing_conflict/000000267838_all__3.npy,pushing_conflict
Pistachio/VAD/vit-features/train/anomaly/commercial_anomaly_more/pushing_conflict/000000267838_all__4.npy,pushing_conflict
Pistachio/VAD/vit-features/train/anomaly/commercial_anomaly_more/pushing_conflict/000000267838_all__5.npy,pushing_conflict
Pistachio/VAD/vit-features/train/anomaly/commercial_anomaly_more/pushing_conflict/000000267838_all__6.npy,pushing_conflict
Pistachio/VAD/vit-features/train/anomaly/commercial_anomaly_more/pushing_conflict/000000267838_all__7.npy,pushing_conflict
Pistachio/VAD/vit-features/train/anomaly/commercial_anomaly_more/pushing_conflict/000000267838_all__8.npy,pushing_conflict
Pistachio/VAD/vit-features/train/anomaly/commercial_anomaly_more/pushing_conflict/000000267838_all__9.npy,pushing_conflict
Pistachio/VAD/vit-features/train/anomaly/commercial_anomaly_more/pushing_conflict/000000268031_all__0.npy,pushing_conflict
Pistachio/VAD/vit-features/train/anomaly/commercial_anomaly_more/pushing_conflict/000000268031_all__1.npy,pushing_conflict
Pistachio/VAD/vit-features/train/anomaly/commercial_anomaly_more/pushing_conflict/000000268031_all__2.npy,pushing_conflict
Pistachio/VAD/vit-features/train/anomaly/commercial_anomaly_more/pushing_conflict/000000268031_all__3.npy,pushing_conflict
Pistachio/VAD/vit-features/train/anomaly/commercial_anomaly_more/pushing_conflict/000000268031_all__4.npy,pushing_conflict
Pistachio/VAD/vit-features/train/anomaly/commercial_anomaly_more/pushing_conflict/000000268031_all__5.npy,pushing_conflict
Pistachio/VAD/vit-features/train/anomaly/commercial_anomaly_more/pushing_conflict/000000268031_all__6.npy,pushing_conflict
Pistachio/VAD/vit-features/train/anomaly/commercial_anomaly_more/pushing_conflict/000000268031_all__7.npy,pushing_conflict
Pistachio/VAD/vit-features/train/anomaly/commercial_anomaly_more/pushing_conflict/000000268031_all__8.npy,pushing_conflict
Pistachio/VAD/vit-features/train/anomaly/commercial_anomaly_more/pushing_conflict/000000268031_all__9.npy,pushing_conflict
Pistachio/VAD/vit-features/train/anomaly/commercial_anomaly_more/robbery/000000269067_all__0.npy,robbery
Pistachio/VAD/vit-features/train/anomaly/commercial_anomaly_more/robbery/000000269067_all__1.npy,robbery
Pistachio/VAD/vit-features/train/anomaly/commercial_anomaly_more/robbery/000000269067_all__2.npy,robbery
Pistachio/VAD/vit-features/train/anomaly/commercial_anomaly_more/robbery/000000269067_all__3.npy,robbery
Pistachio/VAD/vit-features/train/anomaly/commercial_anomaly_more/robbery/000000269067_all__4.npy,robbery
Pistachio/VAD/vit-features/train/anomaly/commercial_anomaly_more/robbery/000000269067_all__5.npy,robbery
Pistachio/VAD/vit-features/train/anomaly/commercial_anomaly_more/robbery/000000269067_all__6.npy,robbery
Pistachio/VAD/vit-features/train/anomaly/commercial_anomaly_more/robbery/000000269067_all__7.npy,robbery
Pistachio/VAD/vit-features/train/anomaly/commercial_anomaly_more/robbery/000000269067_all__8.npy,robbery
Pistachio/VAD/vit-features/train/anomaly/commercial_anomaly_more/robbery/000000269067_all__9.npy,robbery
Pistachio/VAD/vit-features/train/anomaly/commercial_anomaly_more/robbery/000000269552_all__0.npy,robbery
Pistachio/VAD/vit-features/train/anomaly/commercial_anomaly_more/robbery/000000269552_all__1.npy,robbery
Pistachio/VAD/vit-features/train/anomaly/commercial_anomaly_more/robbery/000000269552_all__2.npy,robbery
Pistachio/VAD/vit-features/train/anomaly/commercial_anomaly_more/robbery/000000269552_all__3.npy,robbery
Pistachio/VAD/vit-features/train/anomaly/commercial_anomaly_more/robbery/000000269552_all__4.npy,robbery
Pistachio/VAD/vit-features/train/anomaly/commercial_anomaly_more/robbery/000000269552_all__5.npy,robbery
Pistachio/VAD/vit-features/train/anomaly/commercial_anomaly_more/robbery/000000269552_all__6.npy,robbery
Pistachio/VAD/vit-features/train/anomaly/commercial_anomaly_more/robbery/000000269552_all__7.npy,robbery
Pistachio/VAD/vit-features/train/anomaly/commercial_anomaly_more/robbery/000000269552_all__8.npy,robbery
Pistachio/VAD/vit-features/train/anomaly/commercial_anomaly_more/robbery/000000269552_all__9.npy,robbery
Pistachio/VAD/vit-features/train/anomaly/commercial_anomaly_more/robbery/000000269647_all__0.npy,robbery
Pistachio/VAD/vit-features/train/anomaly/commercial_anomaly_more/robbery/000000269647_all__1.npy,robbery
Pistachio/VAD/vit-features/train/anomaly/commercial_anomaly_more/robbery/000000269647_all__2.npy,robbery
Pistachio/VAD/vit-features/train/anomaly/commercial_anomaly_more/robbery/000000269647_all__3.npy,robbery
Pistachio/VAD/vit-features/train/anomaly/commercial_anomaly_more/robbery/000000269647_all__4.npy,robbery
Pistachio/VAD/vit-features/train/anomaly/commercial_anomaly_more/robbery/000000269647_all__5.npy,robbery
Pistachio/VAD/vit-features/train/anomaly/commercial_anomaly_more/robbery/000000269647_all__6.npy,robbery
Pistachio/VAD/vit-features/train/anomaly/commercial_anomaly_more/robbery/000000269647_all__7.npy,robbery
Pistachio/VAD/vit-features/train/anomaly/commercial_anomaly_more/robbery/000000269647_all__8.npy,robbery
Pistachio/VAD/vit-features/train/anomaly/commercial_anomaly_more/robbery/000000269647_all__9.npy,robbery
Pistachio/VAD/vit-features/train/anomaly/commercial_anomaly_more/robbery/000000269706_all__0.npy,robbery
Pistachio/VAD/vit-features/train/anomaly/commercial_anomaly_more/robbery/000000269706_all__1.npy,robbery
Pistachio/VAD/vit-features/train/anomaly/commercial_anomaly_more/robbery/000000269706_all__2.npy,robbery
Pistachio/VAD/vit-features/train/anomaly/commercial_anomaly_more/robbery/000000269706_all__3.npy,robbery
Pistachio/VAD/vit-features/train/anomaly/commercial_anomaly_more/robbery/000000269706_all__4.npy,robbery
Pistachio/VAD/vit-features/train/anomaly/commercial_anomaly_more/robbery/000000269706_all__5.npy,robbery
Pistachio/VAD/vit-features/train/anomaly/commercial_anomaly_more/robbery/000000269706_all__6.npy,robbery
Pistachio/VAD/vit-features/train/anomaly/commercial_anomaly_more/robbery/000000269706_all__7.npy,robbery
Pistachio/VAD/vit-features/train/anomaly/commercial_anomaly_more/robbery/000000269706_all__8.npy,robbery
Pistachio/VAD/vit-features/train/anomaly/commercial_anomaly_more/robbery/000000269706_all__9.npy,robbery
Pistachio/VAD/vit-features/train/anomaly/commercial_anomaly_more/robbery/000000269948_all__0.npy,robbery
Pistachio/VAD/vit-features/train/anomaly/commercial_anomaly_more/robbery/000000269948_all__1.npy,robbery
Pistachio/VAD/vit-features/train/anomaly/commercial_anomaly_more/robbery/000000269948_all__2.npy,robbery
Pistachio/VAD/vit-features/train/anomaly/commercial_anomaly_more/robbery/000000269948_all__3.npy,robbery
Pistachio/VAD/vit-features/train/anomaly/commercial_anomaly_more/robbery/000000269948_all__4.npy,robbery
Pistachio/VAD/vit-features/train/anomaly/commercial_anomaly_more/robbery/000000269948_all__5.npy,robbery
Pistachio/VAD/vit-features/train/anomaly/commercial_anomaly_more/robbery/000000269948_all__6.npy,robbery
Pistachio/VAD/vit-features/train/anomaly/commercial_anomaly_more/robbery/000000269948_all__7.npy,robbery
Pistachio/VAD/vit-features/train/anomaly/commercial_anomaly_more/robbery/000000269948_all__8.npy,robbery
Pistachio/VAD/vit-features/train/anomaly/commercial_anomaly_more/robbery/000000269948_all__9.npy,robbery
Pistachio/VAD/vit-features/train/anomaly/commercial_anomaly_more/robbery/000000270319_all__0.npy,robbery
Pistachio/VAD/vit-features/train/anomaly/commercial_anomaly_more/robbery/000000270319_all__1.npy,robbery
Pistachio/VAD/vit-features/train/anomaly/commercial_anomaly_more/robbery/000000270319_all__2.npy,robbery
Pistachio/VAD/vit-features/train/anomaly/commercial_anomaly_more/robbery/000000270319_all__3.npy,robbery
Pistachio/VAD/vit-features/train/anomaly/commercial_anomaly_more/robbery/000000270319_all__4.npy,robbery
Pistachio/VAD/vit-features/train/anomaly/commercial_anomaly_more/robbery/000000270319_all__5.npy,robbery
Pistachio/VAD/vit-features/train/anomaly/commercial_anomaly_more/robbery/000000270319_all__6.npy,robbery
Pistachio/VAD/vit-features/train/anomaly/commercial_anomaly_more/robbery/000000270319_all__7.npy,robbery
Pistachio/VAD/vit-features/train/anomaly/commercial_anomaly_more/robbery/000000270319_all__8.npy,robbery
Pistachio/VAD/vit-features/train/anomaly/commercial_anomaly_more/robbery/000000270319_all__9.npy,robbery
Pistachio/VAD/vit-features/train/anomaly/commercial_anomaly_more/slip_and_fall_accident/000000005886_all__0.npy,slip_and_fall_accident
Pistachio/VAD/vit-features/train/anomaly/commercial_anomaly_more/slip_and_fall_accident/000000005886_all__1.npy,slip_and_fall_accident
Pistachio/VAD/vit-features/train/anomaly/commercial_anomaly_more/slip_and_fall_accident/000000005886_all__2.npy,slip_and_fall_accident
Pistachio/VAD/vit-features/train/anomaly/commercial_anomaly_more/slip_and_fall_accident/000000005886_all__3.npy,slip_and_fall_accident
Pistachio/VAD/vit-features/train/anomaly/commercial_anomaly_more/slip_and_fall_accident/000000005886_all__4.npy,slip_and_fall_accident
Pistachio/VAD/vit-features/train/anomaly/commercial_anomaly_more/slip_and_fall_accident/000000005886_all__5.npy,slip_and_fall_accident
Pistachio/VAD/vit-features/train/anomaly/commercial_anomaly_more/slip_and_fall_accident/000000005886_all__6.npy,slip_and_fall_accident
Pistachio/VAD/vit-features/train/anomaly/commercial_anomaly_more/slip_and_fall_accident/000000005886_all__7.npy,slip_and_fall_accident
Pistachio/VAD/vit-features/train/anomaly/commercial_anomaly_more/slip_and_fall_accident/000000005886_all__8.npy,slip_and_fall_accident
Pistachio/VAD/vit-features/train/anomaly/commercial_anomaly_more/slip_and_fall_accident/000000005886_all__9.npy,slip_and_fall_accident
Pistachio/VAD/vit-features/train/anomaly/commercial_anomaly_more/slip_and_fall_accident/000000007537_all__0.npy,slip_and_fall_accident
Pistachio/VAD/vit-features/train/anomaly/commercial_anomaly_more/slip_and_fall_accident/000000007537_all__1.npy,slip_and_fall_accident
Pistachio/VAD/vit-features/train/anomaly/commercial_anomaly_more/slip_and_fall_accident/000000007537_all__2.npy,slip_and_fall_accident
Pistachio/VAD/vit-features/train/anomaly/commercial_anomaly_more/slip_and_fall_accident/000000007537_all__3.npy,slip_and_fall_accident
Pistachio/VAD/vit-features/train/anomaly/commercial_anomaly_more/slip_and_fall_accident/000000007537_all__4.npy,slip_and_fall_accident
Pistachio/VAD/vit-features/train/anomaly/commercial_anomaly_more/slip_and_fall_accident/000000007537_all__5.npy,slip_and_fall_accident
Pistachio/VAD/vit-features/train/anomaly/commercial_anomaly_more/slip_and_fall_accident/000000007537_all__6.npy,slip_and_fall_accident
Pistachio/VAD/vit-features/train/anomaly/commercial_anomaly_more/slip_and_fall_accident/000000007537_all__7.npy,slip_and_fall_accident
Pistachio/VAD/vit-features/train/anomaly/commercial_anomaly_more/slip_and_fall_accident/000000007537_all__8.npy,slip_and_fall_accident
Pistachio/VAD/vit-features/train/anomaly/commercial_anomaly_more/slip_and_fall_accident/000000007537_all__9.npy,slip_and_fall_accident
Pistachio/VAD/vit-features/train/anomaly/commercial_anomaly_more/slip_and_fall_accident/000000008601_all__0.npy,slip_and_fall_accident
Pistachio/VAD/vit-features/train/anomaly/commercial_anomaly_more/slip_and_fall_accident/000000008601_all__1.npy,slip_and_fall_accident
Pistachio/VAD/vit-features/train/anomaly/commercial_anomaly_more/slip_and_fall_accident/000000008601_all__2.npy,slip_and_fall_accident
Pistachio/VAD/vit-features/train/anomaly/commercial_anomaly_more/slip_and_fall_accident/000000008601_all__3.npy,slip_and_fall_accident
Pistachio/VAD/vit-features/train/anomaly/commercial_anomaly_more/slip_and_fall_accident/000000008601_all__4.npy,slip_and_fall_accident
Pistachio/VAD/vit-features/train/anomaly/commercial_anomaly_more/slip_and_fall_accident/000000008601_all__5.npy,slip_and_fall_accident
Pistachio/VAD/vit-features/train/anomaly/commercial_anomaly_more/slip_and_fall_accident/000000008601_all__6.npy,slip_and_fall_accident
Pistachio/VAD/vit-features/train/anomaly/commercial_anomaly_more/slip_and_fall_accident/000000008601_all__7.npy,slip_and_fall_accident
Pistachio/VAD/vit-features/train/anomaly/commercial_anomaly_more/slip_and_fall_accident/000000008601_all__8.npy,slip_and_fall_accident
Pistachio/VAD/vit-features/train/anomaly/commercial_anomaly_more/slip_and_fall_accident/000000008601_all__9.npy,slip_and_fall_accident
Pistachio/VAD/vit-features/train/anomaly/commercial_anomaly_more/slip_and_fall_accident/000000010194_all__0.npy,slip_and_fall_accident
Pistachio/VAD/vit-features/train/anomaly/commercial_anomaly_more/slip_and_fall_accident/000000010194_all__1.npy,slip_and_fall_accident
Pistachio/VAD/vit-features/train/anomaly/commercial_anomaly_more/slip_and_fall_accident/000000010194_all__2.npy,slip_and_fall_accident
Pistachio/VAD/vit-features/train/anomaly/commercial_anomaly_more/slip_and_fall_accident/000000010194_all__3.npy,slip_and_fall_accident
Pistachio/VAD/vit-features/train/anomaly/commercial_anomaly_more/slip_and_fall_accident/000000010194_all__4.npy,slip_and_fall_accident
Pistachio/VAD/vit-features/train/anomaly/commercial_anomaly_more/slip_and_fall_accident/000000010194_all__5.npy,slip_and_fall_accident
Pistachio/VAD/vit-features/train/anomaly/commercial_anomaly_more/slip_and_fall_accident/000000010194_all__6.npy,slip_and_fall_accident
Pistachio/VAD/vit-features/train/anomaly/commercial_anomaly_more/slip_and_fall_accident/000000010194_all__7.npy,slip_and_fall_accident
Pistachio/VAD/vit-features/train/anomaly/commercial_anomaly_more/slip_and_fall_accident/000000010194_all__8.npy,slip_and_fall_accident
Pistachio/VAD/vit-features/train/anomaly/commercial_anomaly_more/slip_and_fall_accident/000000010194_all__9.npy,slip_and_fall_accident
Pistachio/VAD/vit-features/train/anomaly/commercial_anomaly_more/slip_and_fall_accident/000000010930_all__0.npy,slip_and_fall_accident
Pistachio/VAD/vit-features/train/anomaly/commercial_anomaly_more/slip_and_fall_accident/000000010930_all__1.npy,slip_and_fall_accident
Pistachio/VAD/vit-features/train/anomaly/commercial_anomaly_more/slip_and_fall_accident/000000010930_all__2.npy,slip_and_fall_accident
Pistachio/VAD/vit-features/train/anomaly/commercial_anomaly_more/slip_and_fall_accident/000000010930_all__3.npy,slip_and_fall_accident
Pistachio/VAD/vit-features/train/anomaly/commercial_anomaly_more/slip_and_fall_accident/000000010930_all__4.npy,slip_and_fall_accident
Pistachio/VAD/vit-features/train/anomaly/commercial_anomaly_more/slip_and_fall_accident/000000010930_all__5.npy,slip_and_fall_accident
Pistachio/VAD/vit-features/train/anomaly/commercial_anomaly_more/slip_and_fall_accident/000000010930_all__6.npy,slip_and_fall_accident
Pistachio/VAD/vit-features/train/anomaly/commercial_anomaly_more/slip_and_fall_accident/000000010930_all__7.npy,slip_and_fall_accident
Pistachio/VAD/vit-features/train/anomaly/commercial_anomaly_more/slip_and_fall_accident/000000010930_all__8.npy,slip_and_fall_accident
Pistachio/VAD/vit-features/train/anomaly/commercial_anomaly_more/slip_and_fall_accident/000000010930_all__9.npy,slip_and_fall_accident
Pistachio/VAD/vit-features/train/anomaly/commercial_anomaly_more/slip_and_fall_accident/000000012202_all__0.npy,slip_and_fall_accident
Pistachio/VAD/vit-features/train/anomaly/commercial_anomaly_more/slip_and_fall_accident/000000012202_all__1.npy,slip_and_fall_accident
Pistachio/VAD/vit-features/train/anomaly/commercial_anomaly_more/slip_and_fall_accident/000000012202_all__2.npy,slip_and_fall_accident
Pistachio/VAD/vit-features/train/anomaly/commercial_anomaly_more/slip_and_fall_accident/000000012202_all__3.npy,slip_and_fall_accident
Pistachio/VAD/vit-features/train/anomaly/commercial_anomaly_more/slip_and_fall_accident/000000012202_all__4.npy,slip_and_fall_accident
Pistachio/VAD/vit-features/train/anomaly/commercial_anomaly_more/slip_and_fall_accident/000000012202_all__5.npy,slip_and_fall_accident
Pistachio/VAD/vit-features/train/anomaly/commercial_anomaly_more/slip_and_fall_accident/000000012202_all__6.npy,slip_and_fall_accident
Pistachio/VAD/vit-features/train/anomaly/commercial_anomaly_more/slip_and_fall_accident/000000012202_all__7.npy,slip_and_fall_accident
Pistachio/VAD/vit-features/train/anomaly/commercial_anomaly_more/slip_and_fall_accident/000000012202_all__8.npy,slip_and_fall_accident
Pistachio/VAD/vit-features/train/anomaly/commercial_anomaly_more/slip_and_fall_accident/000000012202_all__9.npy,slip_and_fall_accident
Pistachio/VAD/vit-features/train/anomaly/commercial_anomaly_more/slip_and_fall_accident/000000012272_all__0.npy,slip_and_fall_accident
Pistachio/VAD/vit-features/train/anomaly/commercial_anomaly_more/slip_and_fall_accident/000000012272_all__1.npy,slip_and_fall_accident
Pistachio/VAD/vit-features/train/anomaly/commercial_anomaly_more/slip_and_fall_accident/000000012272_all__2.npy,slip_and_fall_accident
Pistachio/VAD/vit-features/train/anomaly/commercial_anomaly_more/slip_and_fall_accident/000000012272_all__3.npy,slip_and_fall_accident
Pistachio/VAD/vit-features/train/anomaly/commercial_anomaly_more/slip_and_fall_accident/000000012272_all__4.npy,slip_and_fall_accident
Pistachio/VAD/vit-features/train/anomaly/commercial_anomaly_more/slip_and_fall_accident/000000012272_all__5.npy,slip_and_fall_accident
Pistachio/VAD/vit-features/train/anomaly/commercial_anomaly_more/slip_and_fall_accident/000000012272_all__6.npy,slip_and_fall_accident
Pistachio/VAD/vit-features/train/anomaly/commercial_anomaly_more/slip_and_fall_accident/000000012272_all__7.npy,slip_and_fall_accident
Pistachio/VAD/vit-features/train/anomaly/commercial_anomaly_more/slip_and_fall_accident/000000012272_all__8.npy,slip_and_fall_accident
Pistachio/VAD/vit-features/train/anomaly/commercial_anomaly_more/slip_and_fall_accident/000000012272_all__9.npy,slip_and_fall_accident
Pistachio/VAD/vit-features/train/anomaly/commercial_anomaly_more/slip_and_fall_accident/000000012632_all__0.npy,slip_and_fall_accident
Pistachio/VAD/vit-features/train/anomaly/commercial_anomaly_more/slip_and_fall_accident/000000012632_all__1.npy,slip_and_fall_accident
Pistachio/VAD/vit-features/train/anomaly/commercial_anomaly_more/slip_and_fall_accident/000000012632_all__2.npy,slip_and_fall_accident
Pistachio/VAD/vit-features/train/anomaly/commercial_anomaly_more/slip_and_fall_accident/000000012632_all__3.npy,slip_and_fall_accident
Pistachio/VAD/vit-features/train/anomaly/commercial_anomaly_more/slip_and_fall_accident/000000012632_all__4.npy,slip_and_fall_accident
Pistachio/VAD/vit-features/train/anomaly/commercial_anomaly_more/slip_and_fall_accident/000000012632_all__5.npy,slip_and_fall_accident
Pistachio/VAD/vit-features/train/anomaly/commercial_anomaly_more/slip_and_fall_accident/000000012632_all__6.npy,slip_and_fall_accident
Pistachio/VAD/vit-features/train/anomaly/commercial_anomaly_more/slip_and_fall_accident/000000012632_all__7.npy,slip_and_fall_accident
Pistachio/VAD/vit-features/train/anomaly/commercial_anomaly_more/slip_and_fall_accident/000000012632_all__8.npy,slip_and_fall_accident
Pistachio/VAD/vit-features/train/anomaly/commercial_anomaly_more/slip_and_fall_accident/000000012632_all__9.npy,slip_and_fall_accident
Pistachio/VAD/vit-features/train/anomaly/commercial_anomaly_more/slip_and_fall_accident/000000013288_all__0.npy,slip_and_fall_accident
Pistachio/VAD/vit-features/train/anomaly/commercial_anomaly_more/slip_and_fall_accident/000000013288_all__1.npy,slip_and_fall_accident
Pistachio/VAD/vit-features/train/anomaly/commercial_anomaly_more/slip_and_fall_accident/000000013288_all__2.npy,slip_and_fall_accident
Pistachio/VAD/vit-features/train/anomaly/commercial_anomaly_more/slip_and_fall_accident/000000013288_all__3.npy,slip_and_fall_accident
Pistachio/VAD/vit-features/train/anomaly/commercial_anomaly_more/slip_and_fall_accident/000000013288_all__4.npy,slip_and_fall_accident
Pistachio/VAD/vit-features/train/anomaly/commercial_anomaly_more/slip_and_fall_accident/000000013288_all__5.npy,slip_and_fall_accident
Pistachio/VAD/vit-features/train/anomaly/commercial_anomaly_more/slip_and_fall_accident/000000013288_all__6.npy,slip_and_fall_accident
Pistachio/VAD/vit-features/train/anomaly/commercial_anomaly_more/slip_and_fall_accident/000000013288_all__7.npy,slip_and_fall_accident
Pistachio/VAD/vit-features/train/anomaly/commercial_anomaly_more/slip_and_fall_accident/000000013288_all__8.npy,slip_and_fall_accident
Pistachio/VAD/vit-features/train/anomaly/commercial_anomaly_more/slip_and_fall_accident/000000013288_all__9.npy,slip_and_fall_accident
Pistachio/VAD/vit-features/train/anomaly/commercial_anomaly_more/slip_and_fall_accident/000000013981_all__0.npy,slip_and_fall_accident
Pistachio/VAD/vit-features/train/anomaly/commercial_anomaly_more/slip_and_fall_accident/000000013981_all__1.npy,slip_and_fall_accident
Pistachio/VAD/vit-features/train/anomaly/commercial_anomaly_more/slip_and_fall_accident/000000013981_all__2.npy,slip_and_fall_accident
Pistachio/VAD/vit-features/train/anomaly/commercial_anomaly_more/slip_and_fall_accident/000000013981_all__3.npy,slip_and_fall_accident
Pistachio/VAD/vit-features/train/anomaly/commercial_anomaly_more/slip_and_fall_accident/000000013981_all__4.npy,slip_and_fall_accident
Pistachio/VAD/vit-features/train/anomaly/commercial_anomaly_more/slip_and_fall_accident/000000013981_all__5.npy,slip_and_fall_accident
Pistachio/VAD/vit-features/train/anomaly/commercial_anomaly_more/slip_and_fall_accident/000000013981_all__6.npy,slip_and_fall_accident
Pistachio/VAD/vit-features/train/anomaly/commercial_anomaly_more/slip_and_fall_accident/000000013981_all__7.npy,slip_and_fall_accident
Pistachio/VAD/vit-features/train/anomaly/commercial_anomaly_more/slip_and_fall_accident/000000013981_all__8.npy,slip_and_fall_accident
Pistachio/VAD/vit-features/train/anomaly/commercial_anomaly_more/slip_and_fall_accident/000000013981_all__9.npy,slip_and_fall_accident
Pistachio/VAD/vit-features/train/anomaly/commercial_anomaly_more/slip_and_fall_accident/000000014024_all__0.npy,slip_and_fall_accident
Pistachio/VAD/vit-features/train/anomaly/commercial_anomaly_more/slip_and_fall_accident/000000014024_all__1.npy,slip_and_fall_accident
Pistachio/VAD/vit-features/train/anomaly/commercial_anomaly_more/slip_and_fall_accident/000000014024_all__2.npy,slip_and_fall_accident
Pistachio/VAD/vit-features/train/anomaly/commercial_anomaly_more/slip_and_fall_accident/000000014024_all__3.npy,slip_and_fall_accident
Pistachio/VAD/vit-features/train/anomaly/commercial_anomaly_more/slip_and_fall_accident/000000014024_all__4.npy,slip_and_fall_accident
Pistachio/VAD/vit-features/train/anomaly/commercial_anomaly_more/slip_and_fall_accident/000000014024_all__5.npy,slip_and_fall_accident
Pistachio/VAD/vit-features/train/anomaly/commercial_anomaly_more/slip_and_fall_accident/000000014024_all__6.npy,slip_and_fall_accident
Pistachio/VAD/vit-features/train/anomaly/commercial_anomaly_more/slip_and_fall_accident/000000014024_all__7.npy,slip_and_fall_accident
Pistachio/VAD/vit-features/train/anomaly/commercial_anomaly_more/slip_and_fall_accident/000000014024_all__8.npy,slip_and_fall_accident
Pistachio/VAD/vit-features/train/anomaly/commercial_anomaly_more/slip_and_fall_accident/000000014024_all__9.npy,slip_and_fall_accident
Pistachio/VAD/vit-features/train/anomaly/commercial_anomaly_more/slip_and_fall_accident/000000269539_all__0.npy,slip_and_fall_accident
Pistachio/VAD/vit-features/train/anomaly/commercial_anomaly_more/slip_and_fall_accident/000000269539_all__1.npy,slip_and_fall_accident
Pistachio/VAD/vit-features/train/anomaly/commercial_anomaly_more/slip_and_fall_accident/000000269539_all__2.npy,slip_and_fall_accident
Pistachio/VAD/vit-features/train/anomaly/commercial_anomaly_more/slip_and_fall_accident/000000269539_all__3.npy,slip_and_fall_accident
Pistachio/VAD/vit-features/train/anomaly/commercial_anomaly_more/slip_and_fall_accident/000000269539_all__4.npy,slip_and_fall_accident
Pistachio/VAD/vit-features/train/anomaly/commercial_anomaly_more/slip_and_fall_accident/000000269539_all__5.npy,slip_and_fall_accident
Pistachio/VAD/vit-features/train/anomaly/commercial_anomaly_more/slip_and_fall_accident/000000269539_all__6.npy,slip_and_fall_accident
Pistachio/VAD/vit-features/train/anomaly/commercial_anomaly_more/slip_and_fall_accident/000000269539_all__7.npy,slip_and_fall_accident
Pistachio/VAD/vit-features/train/anomaly/commercial_anomaly_more/slip_and_fall_accident/000000269539_all__8.npy,slip_and_fall_accident
Pistachio/VAD/vit-features/train/anomaly/commercial_anomaly_more/slip_and_fall_accident/000000269539_all__9.npy,slip_and_fall_accident
Pistachio/VAD/vit-features/train/anomaly/commercial_anomaly_more/sudden_illness_and_seizure/000000007295_all__0.npy,sudden_illness_and_seizure
Pistachio/VAD/vit-features/train/anomaly/commercial_anomaly_more/sudden_illness_and_seizure/000000007295_all__1.npy,sudden_illness_and_seizure
Pistachio/VAD/vit-features/train/anomaly/commercial_anomaly_more/sudden_illness_and_seizure/000000007295_all__2.npy,sudden_illness_and_seizure
Pistachio/VAD/vit-features/train/anomaly/commercial_anomaly_more/sudden_illness_and_seizure/000000007295_all__3.npy,sudden_illness_and_seizure
Pistachio/VAD/vit-features/train/anomaly/commercial_anomaly_more/sudden_illness_and_seizure/000000007295_all__4.npy,sudden_illness_and_seizure
Pistachio/VAD/vit-features/train/anomaly/commercial_anomaly_more/sudden_illness_and_seizure/000000007295_all__5.npy,sudden_illness_and_seizure
Pistachio/VAD/vit-features/train/anomaly/commercial_anomaly_more/sudden_illness_and_seizure/000000007295_all__6.npy,sudden_illness_and_seizure
Pistachio/VAD/vit-features/train/anomaly/commercial_anomaly_more/sudden_illness_and_seizure/000000007295_all__7.npy,sudden_illness_and_seizure
Pistachio/VAD/vit-features/train/anomaly/commercial_anomaly_more/sudden_illness_and_seizure/000000007295_all__8.npy,sudden_illness_and_seizure
Pistachio/VAD/vit-features/train/anomaly/commercial_anomaly_more/sudden_illness_and_seizure/000000007295_all__9.npy,sudden_illness_and_seizure
Pistachio/VAD/vit-features/train/anomaly/commercial_anomaly_more/sudden_illness_and_seizure/000000009104_all__0.npy,sudden_illness_and_seizure
Pistachio/VAD/vit-features/train/anomaly/commercial_anomaly_more/sudden_illness_and_seizure/000000009104_all__1.npy,sudden_illness_and_seizure
Pistachio/VAD/vit-features/train/anomaly/commercial_anomaly_more/sudden_illness_and_seizure/000000009104_all__2.npy,sudden_illness_and_seizure
Pistachio/VAD/vit-features/train/anomaly/commercial_anomaly_more/sudden_illness_and_seizure/000000009104_all__3.npy,sudden_illness_and_seizure
Pistachio/VAD/vit-features/train/anomaly/commercial_anomaly_more/sudden_illness_and_seizure/000000009104_all__4.npy,sudden_illness_and_seizure
Pistachio/VAD/vit-features/train/anomaly/commercial_anomaly_more/sudden_illness_and_seizure/000000009104_all__5.npy,sudden_illness_and_seizure
Pistachio/VAD/vit-features/train/anomaly/commercial_anomaly_more/sudden_illness_and_seizure/000000009104_all__6.npy,sudden_illness_and_seizure
Pistachio/VAD/vit-features/train/anomaly/commercial_anomaly_more/sudden_illness_and_seizure/000000009104_all__7.npy,sudden_illness_and_seizure
Pistachio/VAD/vit-features/train/anomaly/commercial_anomaly_more/sudden_illness_and_seizure/000000009104_all__8.npy,sudden_illness_and_seizure
Pistachio/VAD/vit-features/train/anomaly/commercial_anomaly_more/sudden_illness_and_seizure/000000009104_all__9.npy,sudden_illness_and_seizure
Pistachio/VAD/vit-features/train/anomaly/commercial_anomaly_more/theft/000000271816_all__0.npy,theft
Pistachio/VAD/vit-features/train/anomaly/commercial_anomaly_more/theft/000000271816_all__1.npy,theft
Pistachio/VAD/vit-features/train/anomaly/commercial_anomaly_more/theft/000000271816_all__2.npy,theft
Pistachio/VAD/vit-features/train/anomaly/commercial_anomaly_more/theft/000000271816_all__3.npy,theft
Pistachio/VAD/vit-features/train/anomaly/commercial_anomaly_more/theft/000000271816_all__4.npy,theft
Pistachio/VAD/vit-features/train/anomaly/commercial_anomaly_more/theft/000000271816_all__5.npy,theft
Pistachio/VAD/vit-features/train/anomaly/commercial_anomaly_more/theft/000000271816_all__6.npy,theft
Pistachio/VAD/vit-features/train/anomaly/commercial_anomaly_more/theft/000000271816_all__7.npy,theft
Pistachio/VAD/vit-features/train/anomaly/commercial_anomaly_more/theft/000000271816_all__8.npy,theft
Pistachio/VAD/vit-features/train/anomaly/commercial_anomaly_more/theft/000000271816_all__9.npy,theft
Pistachio/VAD/vit-features/train/anomaly/commercial_anomaly_more/theft/000000272037_all__0.npy,theft
Pistachio/VAD/vit-features/train/anomaly/commercial_anomaly_more/theft/000000272037_all__1.npy,theft
Pistachio/VAD/vit-features/train/anomaly/commercial_anomaly_more/theft/000000272037_all__2.npy,theft
Pistachio/VAD/vit-features/train/anomaly/commercial_anomaly_more/theft/000000272037_all__3.npy,theft
Pistachio/VAD/vit-features/train/anomaly/commercial_anomaly_more/theft/000000272037_all__4.npy,theft
Pistachio/VAD/vit-features/train/anomaly/commercial_anomaly_more/theft/000000272037_all__5.npy,theft
Pistachio/VAD/vit-features/train/anomaly/commercial_anomaly_more/theft/000000272037_all__6.npy,theft
Pistachio/VAD/vit-features/train/anomaly/commercial_anomaly_more/theft/000000272037_all__7.npy,theft
Pistachio/VAD/vit-features/train/anomaly/commercial_anomaly_more/theft/000000272037_all__8.npy,theft
Pistachio/VAD/vit-features/train/anomaly/commercial_anomaly_more/theft/000000272037_all__9.npy,theft
Pistachio/VAD/vit-features/train/anomaly/commercial_anomaly_more/vandalism/000000005148_all__0.npy,vandalism
Pistachio/VAD/vit-features/train/anomaly/commercial_anomaly_more/vandalism/000000005148_all__1.npy,vandalism
Pistachio/VAD/vit-features/train/anomaly/commercial_anomaly_more/vandalism/000000005148_all__2.npy,vandalism
Pistachio/VAD/vit-features/train/anomaly/commercial_anomaly_more/vandalism/000000005148_all__3.npy,vandalism
Pistachio/VAD/vit-features/train/anomaly/commercial_anomaly_more/vandalism/000000005148_all__4.npy,vandalism
Pistachio/VAD/vit-features/train/anomaly/commercial_anomaly_more/vandalism/000000005148_all__5.npy,vandalism
Pistachio/VAD/vit-features/train/anomaly/commercial_anomaly_more/vandalism/000000005148_all__6.npy,vandalism
Pistachio/VAD/vit-features/train/anomaly/commercial_anomaly_more/vandalism/000000005148_all__7.npy,vandalism
Pistachio/VAD/vit-features/train/anomaly/commercial_anomaly_more/vandalism/000000005148_all__8.npy,vandalism
Pistachio/VAD/vit-features/train/anomaly/commercial_anomaly_more/vandalism/000000005148_all__9.npy,vandalism
Pistachio/VAD/vit-features/train/anomaly/commercial_anomaly_more/vandalism/000000006044_all__0.npy,vandalism
Pistachio/VAD/vit-features/train/anomaly/commercial_anomaly_more/vandalism/000000006044_all__1.npy,vandalism
Pistachio/VAD/vit-features/train/anomaly/commercial_anomaly_more/vandalism/000000006044_all__2.npy,vandalism
Pistachio/VAD/vit-features/train/anomaly/commercial_anomaly_more/vandalism/000000006044_all__3.npy,vandalism
Pistachio/VAD/vit-features/train/anomaly/commercial_anomaly_more/vandalism/000000006044_all__4.npy,vandalism
Pistachio/VAD/vit-features/train/anomaly/commercial_anomaly_more/vandalism/000000006044_all__5.npy,vandalism
Pistachio/VAD/vit-features/train/anomaly/commercial_anomaly_more/vandalism/000000006044_all__6.npy,vandalism
Pistachio/VAD/vit-features/train/anomaly/commercial_anomaly_more/vandalism/000000006044_all__7.npy,vandalism
Pistachio/VAD/vit-features/train/anomaly/commercial_anomaly_more/vandalism/000000006044_all__8.npy,vandalism
Pistachio/VAD/vit-features/train/anomaly/commercial_anomaly_more/vandalism/000000006044_all__9.npy,vandalism
Pistachio/VAD/vit-features/train/anomaly/commercial_anomaly_more/vandalism/000000009410_all__0.npy,vandalism
Pistachio/VAD/vit-features/train/anomaly/commercial_anomaly_more/vandalism/000000009410_all__1.npy,vandalism
Pistachio/VAD/vit-features/train/anomaly/commercial_anomaly_more/vandalism/000000009410_all__2.npy,vandalism
Pistachio/VAD/vit-features/train/anomaly/commercial_anomaly_more/vandalism/000000009410_all__3.npy,vandalism
Pistachio/VAD/vit-features/train/anomaly/commercial_anomaly_more/vandalism/000000009410_all__4.npy,vandalism
Pistachio/VAD/vit-features/train/anomaly/commercial_anomaly_more/vandalism/000000009410_all__5.npy,vandalism
Pistachio/VAD/vit-features/train/anomaly/commercial_anomaly_more/vandalism/000000009410_all__6.npy,vandalism
Pistachio/VAD/vit-features/train/anomaly/commercial_anomaly_more/vandalism/000000009410_all__7.npy,vandalism
Pistachio/VAD/vit-features/train/anomaly/commercial_anomaly_more/vandalism/000000009410_all__8.npy,vandalism
Pistachio/VAD/vit-features/train/anomaly/commercial_anomaly_more/vandalism/000000009410_all__9.npy,vandalism
Pistachio/VAD/vit-features/train/anomaly/commercial_anomaly_more/vandalism/000000013069_lj_Glass_shattered__0.npy,vandalism
Pistachio/VAD/vit-features/train/anomaly/commercial_anomaly_more/vandalism/000000013069_lj_Glass_shattered__1.npy,vandalism
Pistachio/VAD/vit-features/train/anomaly/commercial_anomaly_more/vandalism/000000013069_lj_Glass_shattered__2.npy,vandalism
Pistachio/VAD/vit-features/train/anomaly/commercial_anomaly_more/vandalism/000000013069_lj_Glass_shattered__3.npy,vandalism
Pistachio/VAD/vit-features/train/anomaly/commercial_anomaly_more/vandalism/000000013069_lj_Glass_shattered__4.npy,vandalism
Pistachio/VAD/vit-features/train/anomaly/commercial_anomaly_more/vandalism/000000013069_lj_Glass_shattered__5.npy,vandalism
Pistachio/VAD/vit-features/train/anomaly/commercial_anomaly_more/vandalism/000000013069_lj_Glass_shattered__6.npy,vandalism
Pistachio/VAD/vit-features/train/anomaly/commercial_anomaly_more/vandalism/000000013069_lj_Glass_shattered__7.npy,vandalism
Pistachio/VAD/vit-features/train/anomaly/commercial_anomaly_more/vandalism/000000013069_lj_Glass_shattered__8.npy,vandalism
Pistachio/VAD/vit-features/train/anomaly/commercial_anomaly_more/vandalism/000000013069_lj_Glass_shattered__9.npy,vandalism
Pistachio/VAD/vit-features/train/anomaly/commercial_anomaly_more/weapons_incident/000000005403_all__0.npy,weapons_incident
Pistachio/VAD/vit-features/train/anomaly/commercial_anomaly_more/weapons_incident/000000005403_all__1.npy,weapons_incident
Pistachio/VAD/vit-features/train/anomaly/commercial_anomaly_more/weapons_incident/000000005403_all__2.npy,weapons_incident
Pistachio/VAD/vit-features/train/anomaly/commercial_anomaly_more/weapons_incident/000000005403_all__3.npy,weapons_incident
Pistachio/VAD/vit-features/train/anomaly/commercial_anomaly_more/weapons_incident/000000005403_all__4.npy,weapons_incident
Pistachio/VAD/vit-features/train/anomaly/commercial_anomaly_more/weapons_incident/000000005403_all__5.npy,weapons_incident
Pistachio/VAD/vit-features/train/anomaly/commercial_anomaly_more/weapons_incident/000000005403_all__6.npy,weapons_incident
Pistachio/VAD/vit-features/train/anomaly/commercial_anomaly_more/weapons_incident/000000005403_all__7.npy,weapons_incident
Pistachio/VAD/vit-features/train/anomaly/commercial_anomaly_more/weapons_incident/000000005403_all__8.npy,weapons_incident
Pistachio/VAD/vit-features/train/anomaly/commercial_anomaly_more/weapons_incident/000000005403_all__9.npy,weapons_incident
Pistachio/VAD/vit-features/train/anomaly/commercial_anomaly_more/weapons_incident/000000012089_all__0.npy,weapons_incident
Pistachio/VAD/vit-features/train/anomaly/commercial_anomaly_more/weapons_incident/000000012089_all__1.npy,weapons_incident
Pistachio/VAD/vit-features/train/anomaly/commercial_anomaly_more/weapons_incident/000000012089_all__2.npy,weapons_incident
Pistachio/VAD/vit-features/train/anomaly/commercial_anomaly_more/weapons_incident/000000012089_all__3.npy,weapons_incident
Pistachio/VAD/vit-features/train/anomaly/commercial_anomaly_more/weapons_incident/000000012089_all__4.npy,weapons_incident
Pistachio/VAD/vit-features/train/anomaly/commercial_anomaly_more/weapons_incident/000000012089_all__5.npy,weapons_incident
Pistachio/VAD/vit-features/train/anomaly/commercial_anomaly_more/weapons_incident/000000012089_all__6.npy,weapons_incident
Pistachio/VAD/vit-features/train/anomaly/commercial_anomaly_more/weapons_incident/000000012089_all__7.npy,weapons_incident
Pistachio/VAD/vit-features/train/anomaly/commercial_anomaly_more/weapons_incident/000000012089_all__8.npy,weapons_incident
Pistachio/VAD/vit-features/train/anomaly/commercial_anomaly_more/weapons_incident/000000012089_all__9.npy,weapons_incident
Pistachio/VAD/vit-features/train/anomaly/commercial_anomaly_more/weapons_incident/000000272845_all__0.npy,weapons_incident
Pistachio/VAD/vit-features/train/anomaly/commercial_anomaly_more/weapons_incident/000000272845_all__1.npy,weapons_incident
Pistachio/VAD/vit-features/train/anomaly/commercial_anomaly_more/weapons_incident/000000272845_all__2.npy,weapons_incident
Pistachio/VAD/vit-features/train/anomaly/commercial_anomaly_more/weapons_incident/000000272845_all__3.npy,weapons_incident
Pistachio/VAD/vit-features/train/anomaly/commercial_anomaly_more/weapons_incident/000000272845_all__4.npy,weapons_incident
Pistachio/VAD/vit-features/train/anomaly/commercial_anomaly_more/weapons_incident/000000272845_all__5.npy,weapons_incident
Pistachio/VAD/vit-features/train/anomaly/commercial_anomaly_more/weapons_incident/000000272845_all__6.npy,weapons_incident
Pistachio/VAD/vit-features/train/anomaly/commercial_anomaly_more/weapons_incident/000000272845_all__7.npy,weapons_incident
Pistachio/VAD/vit-features/train/anomaly/commercial_anomaly_more/weapons_incident/000000272845_all__8.npy,weapons_incident
Pistachio/VAD/vit-features/train/anomaly/commercial_anomaly_more/weapons_incident/000000272845_all__9.npy,weapons_incident
Pistachio/VAD/vit-features/train/anomaly/commercial_anomaly_more/weapons_incident/000000272909_all__0.npy,weapons_incident
Pistachio/VAD/vit-features/train/anomaly/commercial_anomaly_more/weapons_incident/000000272909_all__1.npy,weapons_incident
Pistachio/VAD/vit-features/train/anomaly/commercial_anomaly_more/weapons_incident/000000272909_all__2.npy,weapons_incident
Pistachio/VAD/vit-features/train/anomaly/commercial_anomaly_more/weapons_incident/000000272909_all__3.npy,weapons_incident
Pistachio/VAD/vit-features/train/anomaly/commercial_anomaly_more/weapons_incident/000000272909_all__4.npy,weapons_incident
Pistachio/VAD/vit-features/train/anomaly/commercial_anomaly_more/weapons_incident/000000272909_all__5.npy,weapons_incident
Pistachio/VAD/vit-features/train/anomaly/commercial_anomaly_more/weapons_incident/000000272909_all__6.npy,weapons_incident
Pistachio/VAD/vit-features/train/anomaly/commercial_anomaly_more/weapons_incident/000000272909_all__7.npy,weapons_incident
Pistachio/VAD/vit-features/train/anomaly/commercial_anomaly_more/weapons_incident/000000272909_all__8.npy,weapons_incident
Pistachio/VAD/vit-features/train/anomaly/commercial_anomaly_more/weapons_incident/000000272909_all__9.npy,weapons_incident
Pistachio/VAD/vit-features/train/anomaly/commercial_anomaly_more/wild_large_animal_intrusion/000000273437_all__0.npy,wild_large_animal_intrusion
Pistachio/VAD/vit-features/train/anomaly/commercial_anomaly_more/wild_large_animal_intrusion/000000273437_all__1.npy,wild_large_animal_intrusion
Pistachio/VAD/vit-features/train/anomaly/commercial_anomaly_more/wild_large_animal_intrusion/000000273437_all__2.npy,wild_large_animal_intrusion
Pistachio/VAD/vit-features/train/anomaly/commercial_anomaly_more/wild_large_animal_intrusion/000000273437_all__3.npy,wild_large_animal_intrusion
Pistachio/VAD/vit-features/train/anomaly/commercial_anomaly_more/wild_large_animal_intrusion/000000273437_all__4.npy,wild_large_animal_intrusion
Pistachio/VAD/vit-features/train/anomaly/commercial_anomaly_more/wild_large_animal_intrusion/000000273437_all__5.npy,wild_large_animal_intrusion
Pistachio/VAD/vit-features/train/anomaly/commercial_anomaly_more/wild_large_animal_intrusion/000000273437_all__6.npy,wild_large_animal_intrusion
Pistachio/VAD/vit-features/train/anomaly/commercial_anomaly_more/wild_large_animal_intrusion/000000273437_all__7.npy,wild_large_animal_intrusion
Pistachio/VAD/vit-features/train/anomaly/commercial_anomaly_more/wild_large_animal_intrusion/000000273437_all__8.npy,wild_large_animal_intrusion
Pistachio/VAD/vit-features/train/anomaly/commercial_anomaly_more/wild_large_animal_intrusion/000000273437_all__9.npy,wild_large_animal_intrusion
Pistachio/VAD/vit-features/train/anomaly/commercial_anomaly_more/wild_large_animal_intrusion/000000273843_all__0.npy,wild_large_animal_intrusion
Pistachio/VAD/vit-features/train/anomaly/commercial_anomaly_more/wild_large_animal_intrusion/000000273843_all__1.npy,wild_large_animal_intrusion
Pistachio/VAD/vit-features/train/anomaly/commercial_anomaly_more/wild_large_animal_intrusion/000000273843_all__2.npy,wild_large_animal_intrusion
Pistachio/VAD/vit-features/train/anomaly/commercial_anomaly_more/wild_large_animal_intrusion/000000273843_all__3.npy,wild_large_animal_intrusion
Pistachio/VAD/vit-features/train/anomaly/commercial_anomaly_more/wild_large_animal_intrusion/000000273843_all__4.npy,wild_large_animal_intrusion
Pistachio/VAD/vit-features/train/anomaly/commercial_anomaly_more/wild_large_animal_intrusion/000000273843_all__5.npy,wild_large_animal_intrusion
Pistachio/VAD/vit-features/train/anomaly/commercial_anomaly_more/wild_large_animal_intrusion/000000273843_all__6.npy,wild_large_animal_intrusion
Pistachio/VAD/vit-features/train/anomaly/commercial_anomaly_more/wild_large_animal_intrusion/000000273843_all__7.npy,wild_large_animal_intrusion
Pistachio/VAD/vit-features/train/anomaly/commercial_anomaly_more/wild_large_animal_intrusion/000000273843_all__8.npy,wild_large_animal_intrusion
Pistachio/VAD/vit-features/train/anomaly/commercial_anomaly_more/wild_large_animal_intrusion/000000273843_all__9.npy,wild_large_animal_intrusion
Pistachio/VAD/vit-features/train/anomaly/commercial_anomaly_more/wild_large_animal_intrusion/000000274182_all__0.npy,wild_large_animal_intrusion
Pistachio/VAD/vit-features/train/anomaly/commercial_anomaly_more/wild_large_animal_intrusion/000000274182_all__1.npy,wild_large_animal_intrusion
Pistachio/VAD/vit-features/train/anomaly/commercial_anomaly_more/wild_large_animal_intrusion/000000274182_all__2.npy,wild_large_animal_intrusion
Pistachio/VAD/vit-features/train/anomaly/commercial_anomaly_more/wild_large_animal_intrusion/000000274182_all__3.npy,wild_large_animal_intrusion
Pistachio/VAD/vit-features/train/anomaly/commercial_anomaly_more/wild_large_animal_intrusion/000000274182_all__4.npy,wild_large_animal_intrusion
Pistachio/VAD/vit-features/train/anomaly/commercial_anomaly_more/wild_large_animal_intrusion/000000274182_all__5.npy,wild_large_animal_intrusion
Pistachio/VAD/vit-features/train/anomaly/commercial_anomaly_more/wild_large_animal_intrusion/000000274182_all__6.npy,wild_large_animal_intrusion
Pistachio/VAD/vit-features/train/anomaly/commercial_anomaly_more/wild_large_animal_intrusion/000000274182_all__7.npy,wild_large_animal_intrusion
Pistachio/VAD/vit-features/train/anomaly/commercial_anomaly_more/wild_large_animal_intrusion/000000274182_all__8.npy,wild_large_animal_intrusion
Pistachio/VAD/vit-features/train/anomaly/commercial_anomaly_more/wild_large_animal_intrusion/000000274182_all__9.npy,wild_large_animal_intrusion
Pistachio/VAD/vit-features/train/anomaly/commercial_anomaly_more/wild_large_animal_intrusion/000000274206_all__0.npy,wild_large_animal_intrusion
Pistachio/VAD/vit-features/train/anomaly/commercial_anomaly_more/wild_large_animal_intrusion/000000274206_all__1.npy,wild_large_animal_intrusion
Pistachio/VAD/vit-features/train/anomaly/commercial_anomaly_more/wild_large_animal_intrusion/000000274206_all__2.npy,wild_large_animal_intrusion
Pistachio/VAD/vit-features/train/anomaly/commercial_anomaly_more/wild_large_animal_intrusion/000000274206_all__3.npy,wild_large_animal_intrusion
Pistachio/VAD/vit-features/train/anomaly/commercial_anomaly_more/wild_large_animal_intrusion/000000274206_all__4.npy,wild_large_animal_intrusion
Pistachio/VAD/vit-features/train/anomaly/commercial_anomaly_more/wild_large_animal_intrusion/000000274206_all__5.npy,wild_large_animal_intrusion
Pistachio/VAD/vit-features/train/anomaly/commercial_anomaly_more/wild_large_animal_intrusion/000000274206_all__6.npy,wild_large_animal_intrusion
Pistachio/VAD/vit-features/train/anomaly/commercial_anomaly_more/wild_large_animal_intrusion/000000274206_all__7.npy,wild_large_animal_intrusion
Pistachio/VAD/vit-features/train/anomaly/commercial_anomaly_more/wild_large_animal_intrusion/000000274206_all__8.npy,wild_large_animal_intrusion
Pistachio/VAD/vit-features/train/anomaly/commercial_anomaly_more/wild_large_animal_intrusion/000000274206_all__9.npy,wild_large_animal_intrusion
Pistachio/VAD/vit-features/train/anomaly/commercial_anomaly_more/wild_large_animal_intrusion/000000274278_all__0.npy,wild_large_animal_intrusion
Pistachio/VAD/vit-features/train/anomaly/commercial_anomaly_more/wild_large_animal_intrusion/000000274278_all__1.npy,wild_large_animal_intrusion
Pistachio/VAD/vit-features/train/anomaly/commercial_anomaly_more/wild_large_animal_intrusion/000000274278_all__2.npy,wild_large_animal_intrusion
Pistachio/VAD/vit-features/train/anomaly/commercial_anomaly_more/wild_large_animal_intrusion/000000274278_all__3.npy,wild_large_animal_intrusion
Pistachio/VAD/vit-features/train/anomaly/commercial_anomaly_more/wild_large_animal_intrusion/000000274278_all__4.npy,wild_large_animal_intrusion
Pistachio/VAD/vit-features/train/anomaly/commercial_anomaly_more/wild_large_animal_intrusion/000000274278_all__5.npy,wild_large_animal_intrusion
Pistachio/VAD/vit-features/train/anomaly/commercial_anomaly_more/wild_large_animal_intrusion/000000274278_all__6.npy,wild_large_animal_intrusion
Pistachio/VAD/vit-features/train/anomaly/commercial_anomaly_more/wild_large_animal_intrusion/000000274278_all__7.npy,wild_large_animal_intrusion
Pistachio/VAD/vit-features/train/anomaly/commercial_anomaly_more/wild_large_animal_intrusion/000000274278_all__8.npy,wild_large_animal_intrusion
Pistachio/VAD/vit-features/train/anomaly/commercial_anomaly_more/wild_large_animal_intrusion/000000274278_all__9.npy,wild_large_animal_intrusion
Pistachio/VAD/vit-features/train/normal/commercial_normal_less/000000018288_all__0.npy,Normal
Pistachio/VAD/vit-features/train/normal/commercial_normal_less/000000018288_all__1.npy,Normal
Pistachio/VAD/vit-features/train/normal/commercial_normal_less/000000018288_all__2.npy,Normal
Pistachio/VAD/vit-features/train/normal/commercial_normal_less/000000018288_all__3.npy,Normal
Pistachio/VAD/vit-features/train/normal/commercial_normal_less/000000018288_all__4.npy,Normal
Pistachio/VAD/vit-features/train/normal/commercial_normal_less/000000018288_all__5.npy,Normal
Pistachio/VAD/vit-features/train/normal/commercial_normal_less/000000018288_all__6.npy,Normal
Pistachio/VAD/vit-features/train/normal/commercial_normal_less/000000018288_all__7.npy,Normal
Pistachio/VAD/vit-features/train/normal/commercial_normal_less/000000018288_all__8.npy,Normal
Pistachio/VAD/vit-features/train/normal/commercial_normal_less/000000018288_all__9.npy,Normal
Pistachio/VAD/vit-features/train/normal/commercial_normal_less/000000025526_all__0.npy,Normal
Pistachio/VAD/vit-features/train/normal/commercial_normal_less/000000025526_all__1.npy,Normal
Pistachio/VAD/vit-features/train/normal/commercial_normal_less/000000025526_all__2.npy,Normal
Pistachio/VAD/vit-features/train/normal/commercial_normal_less/000000025526_all__3.npy,Normal
Pistachio/VAD/vit-features/train/normal/commercial_normal_less/000000025526_all__4.npy,Normal
Pistachio/VAD/vit-features/train/normal/commercial_normal_less/000000025526_all__5.npy,Normal
Pistachio/VAD/vit-features/train/normal/commercial_normal_less/000000025526_all__6.npy,Normal
Pistachio/VAD/vit-features/train/normal/commercial_normal_less/000000025526_all__7.npy,Normal
Pistachio/VAD/vit-features/train/normal/commercial_normal_less/000000025526_all__8.npy,Normal
Pistachio/VAD/vit-features/train/normal/commercial_normal_less/000000025526_all__9.npy,Normal
Pistachio/VAD/vit-features/train/normal/commercial_normal_less/000000025707_all__0.npy,Normal
Pistachio/VAD/vit-features/train/normal/commercial_normal_less/000000025707_all__1.npy,Normal
Pistachio/VAD/vit-features/train/normal/commercial_normal_less/000000025707_all__2.npy,Normal
Pistachio/VAD/vit-features/train/normal/commercial_normal_less/000000025707_all__3.npy,Normal
Pistachio/VAD/vit-features/train/normal/commercial_normal_less/000000025707_all__4.npy,Normal
Pistachio/VAD/vit-features/train/normal/commercial_normal_less/000000025707_all__5.npy,Normal
Pistachio/VAD/vit-features/train/normal/commercial_normal_less/000000025707_all__6.npy,Normal
Pistachio/VAD/vit-features/train/normal/commercial_normal_less/000000025707_all__7.npy,Normal
Pistachio/VAD/vit-features/train/normal/commercial_normal_less/000000025707_all__8.npy,Normal
Pistachio/VAD/vit-features/train/normal/commercial_normal_less/000000025707_all__9.npy,Normal
Pistachio/VAD/vit-features/train/normal/commercial_normal_less/000000025966_all__0.npy,Normal
Pistachio/VAD/vit-features/train/normal/commercial_normal_less/000000025966_all__1.npy,Normal
Pistachio/VAD/vit-features/train/normal/commercial_normal_less/000000025966_all__2.npy,Normal
Pistachio/VAD/vit-features/train/normal/commercial_normal_less/000000025966_all__3.npy,Normal
Pistachio/VAD/vit-features/train/normal/commercial_normal_less/000000025966_all__4.npy,Normal
Pistachio/VAD/vit-features/train/normal/commercial_normal_less/000000025966_all__5.npy,Normal
Pistachio/VAD/vit-features/train/normal/commercial_normal_less/000000025966_all__6.npy,Normal
Pistachio/VAD/vit-features/train/normal/commercial_normal_less/000000025966_all__7.npy,Normal
Pistachio/VAD/vit-features/train/normal/commercial_normal_less/000000025966_all__8.npy,Normal
Pistachio/VAD/vit-features/train/normal/commercial_normal_less/000000025966_all__9.npy,Normal
Pistachio/VAD/vit-features/train/normal/commercial_normal_less/000000026142_all__0.npy,Normal
Pistachio/VAD/vit-features/train/normal/commercial_normal_less/000000026142_all__1.npy,Normal
Pistachio/VAD/vit-features/train/normal/commercial_normal_less/000000026142_all__2.npy,Normal
Pistachio/VAD/vit-features/train/normal/commercial_normal_less/000000026142_all__3.npy,Normal
Pistachio/VAD/vit-features/train/normal/commercial_normal_less/000000026142_all__4.npy,Normal
Pistachio/VAD/vit-features/train/normal/commercial_normal_less/000000026142_all__5.npy,Normal
Pistachio/VAD/vit-features/train/normal/commercial_normal_less/000000026142_all__6.npy,Normal
Pistachio/VAD/vit-features/train/normal/commercial_normal_less/000000026142_all__7.npy,Normal
Pistachio/VAD/vit-features/train/normal/commercial_normal_less/000000026142_all__8.npy,Normal
Pistachio/VAD/vit-features/train/normal/commercial_normal_less/000000026142_all__9.npy,Normal
Pistachio/VAD/vit-features/train/normal/commercial_normal_less/000000026205_all__0.npy,Normal
Pistachio/VAD/vit-features/train/normal/commercial_normal_less/000000026205_all__1.npy,Normal
Pistachio/VAD/vit-features/train/normal/commercial_normal_less/000000026205_all__2.npy,Normal
Pistachio/VAD/vit-features/train/normal/commercial_normal_less/000000026205_all__3.npy,Normal
Pistachio/VAD/vit-features/train/normal/commercial_normal_less/000000026205_all__4.npy,Normal
Pistachio/VAD/vit-features/train/normal/commercial_normal_less/000000026205_all__5.npy,Normal
Pistachio/VAD/vit-features/train/normal/commercial_normal_less/000000026205_all__6.npy,Normal
Pistachio/VAD/vit-features/train/normal/commercial_normal_less/000000026205_all__7.npy,Normal
Pistachio/VAD/vit-features/train/normal/commercial_normal_less/000000026205_all__8.npy,Normal
Pistachio/VAD/vit-features/train/normal/commercial_normal_less/000000026205_all__9.npy,Normal
Pistachio/VAD/vit-features/train/normal/commercial_normal_less/000000026287_all__0.npy,Normal
Pistachio/VAD/vit-features/train/normal/commercial_normal_less/000000026287_all__1.npy,Normal
Pistachio/VAD/vit-features/train/normal/commercial_normal_less/000000026287_all__2.npy,Normal
Pistachio/VAD/vit-features/train/normal/commercial_normal_less/000000026287_all__3.npy,Normal
Pistachio/VAD/vit-features/train/normal/commercial_normal_less/000000026287_all__4.npy,Normal
Pistachio/VAD/vit-features/train/normal/commercial_normal_less/000000026287_all__5.npy,Normal
Pistachio/VAD/vit-features/train/normal/commercial_normal_less/000000026287_all__6.npy,Normal
Pistachio/VAD/vit-features/train/normal/commercial_normal_less/000000026287_all__7.npy,Normal
Pistachio/VAD/vit-features/train/normal/commercial_normal_less/000000026287_all__8.npy,Normal
Pistachio/VAD/vit-features/train/normal/commercial_normal_less/000000026287_all__9.npy,Normal
Pistachio/VAD/vit-features/train/normal/commercial_normal_less/000000026412_all__0.npy,Normal
Pistachio/VAD/vit-features/train/normal/commercial_normal_less/000000026412_all__1.npy,Normal
Pistachio/VAD/vit-features/train/normal/commercial_normal_less/000000026412_all__2.npy,Normal
Pistachio/VAD/vit-features/train/normal/commercial_normal_less/000000026412_all__3.npy,Normal
Pistachio/VAD/vit-features/train/normal/commercial_normal_less/000000026412_all__4.npy,Normal
Pistachio/VAD/vit-features/train/normal/commercial_normal_less/000000026412_all__5.npy,Normal
Pistachio/VAD/vit-features/train/normal/commercial_normal_less/000000026412_all__6.npy,Normal
Pistachio/VAD/vit-features/train/normal/commercial_normal_less/000000026412_all__7.npy,Normal
Pistachio/VAD/vit-features/train/normal/commercial_normal_less/000000026412_all__8.npy,Normal
Pistachio/VAD/vit-features/train/normal/commercial_normal_less/000000026412_all__9.npy,Normal
Pistachio/VAD/vit-features/train/normal/commercial_normal_less/000000026580_all__0.npy,Normal
Pistachio/VAD/vit-features/train/normal/commercial_normal_less/000000026580_all__1.npy,Normal
Pistachio/VAD/vit-features/train/normal/commercial_normal_less/000000026580_all__2.npy,Normal
Pistachio/VAD/vit-features/train/normal/commercial_normal_less/000000026580_all__3.npy,Normal
Pistachio/VAD/vit-features/train/normal/commercial_normal_less/000000026580_all__4.npy,Normal
Pistachio/VAD/vit-features/train/normal/commercial_normal_less/000000026580_all__5.npy,Normal
Pistachio/VAD/vit-features/train/normal/commercial_normal_less/000000026580_all__6.npy,Normal
Pistachio/VAD/vit-features/train/normal/commercial_normal_less/000000026580_all__7.npy,Normal
Pistachio/VAD/vit-features/train/normal/commercial_normal_less/000000026580_all__8.npy,Normal
Pistachio/VAD/vit-features/train/normal/commercial_normal_less/000000026580_all__9.npy,Normal
Pistachio/VAD/vit-features/train/normal/commercial_normal_less/000000026770_all__0.npy,Normal
Pistachio/VAD/vit-features/train/normal/commercial_normal_less/000000026770_all__1.npy,Normal
Pistachio/VAD/vit-features/train/normal/commercial_normal_less/000000026770_all__2.npy,Normal
Pistachio/VAD/vit-features/train/normal/commercial_normal_less/000000026770_all__3.npy,Normal
Pistachio/VAD/vit-features/train/normal/commercial_normal_less/000000026770_all__4.npy,Normal
Pistachio/VAD/vit-features/train/normal/commercial_normal_less/000000026770_all__5.npy,Normal
Pistachio/VAD/vit-features/train/normal/commercial_normal_less/000000026770_all__6.npy,Normal
Pistachio/VAD/vit-features/train/normal/commercial_normal_less/000000026770_all__7.npy,Normal
Pistachio/VAD/vit-features/train/normal/commercial_normal_less/000000026770_all__8.npy,Normal
Pistachio/VAD/vit-features/train/normal/commercial_normal_less/000000026770_all__9.npy,Normal
Pistachio/VAD/vit-features/train/normal/commercial_normal_less/000000026814_all__0.npy,Normal
Pistachio/VAD/vit-features/train/normal/commercial_normal_less/000000026814_all__1.npy,Normal
Pistachio/VAD/vit-features/train/normal/commercial_normal_less/000000026814_all__2.npy,Normal
Pistachio/VAD/vit-features/train/normal/commercial_normal_less/000000026814_all__3.npy,Normal
Pistachio/VAD/vit-features/train/normal/commercial_normal_less/000000026814_all__4.npy,Normal
Pistachio/VAD/vit-features/train/normal/commercial_normal_less/000000026814_all__5.npy,Normal
Pistachio/VAD/vit-features/train/normal/commercial_normal_less/000000026814_all__6.npy,Normal
Pistachio/VAD/vit-features/train/normal/commercial_normal_less/000000026814_all__7.npy,Normal
Pistachio/VAD/vit-features/train/normal/commercial_normal_less/000000026814_all__8.npy,Normal
Pistachio/VAD/vit-features/train/normal/commercial_normal_less/000000026814_all__9.npy,Normal
Pistachio/VAD/vit-features/train/normal/commercial_normal_less/000000027054_all__0.npy,Normal
Pistachio/VAD/vit-features/train/normal/commercial_normal_less/000000027054_all__1.npy,Normal
Pistachio/VAD/vit-features/train/normal/commercial_normal_less/000000027054_all__2.npy,Normal
Pistachio/VAD/vit-features/train/normal/commercial_normal_less/000000027054_all__3.npy,Normal
Pistachio/VAD/vit-features/train/normal/commercial_normal_less/000000027054_all__4.npy,Normal
Pistachio/VAD/vit-features/train/normal/commercial_normal_less/000000027054_all__5.npy,Normal
Pistachio/VAD/vit-features/train/normal/commercial_normal_less/000000027054_all__6.npy,Normal
Pistachio/VAD/vit-features/train/normal/commercial_normal_less/000000027054_all__7.npy,Normal
Pistachio/VAD/vit-features/train/normal/commercial_normal_less/000000027054_all__8.npy,Normal
Pistachio/VAD/vit-features/train/normal/commercial_normal_less/000000027054_all__9.npy,Normal
Pistachio/VAD/vit-features/train/normal/commercial_normal_less/000000027107_all__0.npy,Normal
Pistachio/VAD/vit-features/train/normal/commercial_normal_less/000000027107_all__1.npy,Normal
Pistachio/VAD/vit-features/train/normal/commercial_normal_less/000000027107_all__2.npy,Normal
Pistachio/VAD/vit-features/train/normal/commercial_normal_less/000000027107_all__3.npy,Normal
Pistachio/VAD/vit-features/train/normal/commercial_normal_less/000000027107_all__4.npy,Normal
Pistachio/VAD/vit-features/train/normal/commercial_normal_less/000000027107_all__5.npy,Normal
Pistachio/VAD/vit-features/train/normal/commercial_normal_less/000000027107_all__6.npy,Normal
Pistachio/VAD/vit-features/train/normal/commercial_normal_less/000000027107_all__7.npy,Normal
Pistachio/VAD/vit-features/train/normal/commercial_normal_less/000000027107_all__8.npy,Normal
Pistachio/VAD/vit-features/train/normal/commercial_normal_less/000000027107_all__9.npy,Normal
Pistachio/VAD/vit-features/train/normal/commercial_normal_less/000000027308_all__0.npy,Normal
Pistachio/VAD/vit-features/train/normal/commercial_normal_less/000000027308_all__1.npy,Normal
Pistachio/VAD/vit-features/train/normal/commercial_normal_less/000000027308_all__2.npy,Normal
Pistachio/VAD/vit-features/train/normal/commercial_normal_less/000000027308_all__3.npy,Normal
Pistachio/VAD/vit-features/train/normal/commercial_normal_less/000000027308_all__4.npy,Normal
Pistachio/VAD/vit-features/train/normal/commercial_normal_less/000000027308_all__5.npy,Normal
Pistachio/VAD/vit-features/train/normal/commercial_normal_less/000000027308_all__6.npy,Normal
Pistachio/VAD/vit-features/train/normal/commercial_normal_less/000000027308_all__7.npy,Normal
Pistachio/VAD/vit-features/train/normal/commercial_normal_less/000000027308_all__8.npy,Normal
Pistachio/VAD/vit-features/train/normal/commercial_normal_less/000000027308_all__9.npy,Normal
Pistachio/VAD/vit-features/train/normal/commercial_normal_less/000000027411_all__0.npy,Normal
Pistachio/VAD/vit-features/train/normal/commercial_normal_less/000000027411_all__1.npy,Normal
Pistachio/VAD/vit-features/train/normal/commercial_normal_less/000000027411_all__2.npy,Normal
Pistachio/VAD/vit-features/train/normal/commercial_normal_less/000000027411_all__3.npy,Normal
Pistachio/VAD/vit-features/train/normal/commercial_normal_less/000000027411_all__4.npy,Normal
Pistachio/VAD/vit-features/train/normal/commercial_normal_less/000000027411_all__5.npy,Normal
Pistachio/VAD/vit-features/train/normal/commercial_normal_less/000000027411_all__6.npy,Normal
Pistachio/VAD/vit-features/train/normal/commercial_normal_less/000000027411_all__7.npy,Normal
Pistachio/VAD/vit-features/train/normal/commercial_normal_less/000000027411_all__8.npy,Normal
Pistachio/VAD/vit-features/train/normal/commercial_normal_less/000000027411_all__9.npy,Normal
Pistachio/VAD/vit-features/train/normal/commercial_normal_less/000000027505_all__0.npy,Normal
Pistachio/VAD/vit-features/train/normal/commercial_normal_less/000000027505_all__1.npy,Normal
Pistachio/VAD/vit-features/train/normal/commercial_normal_less/000000027505_all__2.npy,Normal
Pistachio/VAD/vit-features/train/normal/commercial_normal_less/000000027505_all__3.npy,Normal
Pistachio/VAD/vit-features/train/normal/commercial_normal_less/000000027505_all__4.npy,Normal
Pistachio/VAD/vit-features/train/normal/commercial_normal_less/000000027505_all__5.npy,Normal
Pistachio/VAD/vit-features/train/normal/commercial_normal_less/000000027505_all__6.npy,Normal
Pistachio/VAD/vit-features/train/normal/commercial_normal_less/000000027505_all__7.npy,Normal
Pistachio/VAD/vit-features/train/normal/commercial_normal_less/000000027505_all__8.npy,Normal
Pistachio/VAD/vit-features/train/normal/commercial_normal_less/000000027505_all__9.npy,Normal
Pistachio/VAD/vit-features/train/normal/commercial_normal_less/000000027505_all__0.npy,Normal
Pistachio/VAD/vit-features/train/normal/commercial_normal_less/000000027505_all__1.npy,Normal
Pistachio/VAD/vit-features/train/normal/commercial_normal_less/000000027505_all__2.npy,Normal
Pistachio/VAD/vit-features/train/normal/commercial_normal_less/000000027505_all__3.npy,Normal
Pistachio/VAD/vit-features/train/normal/commercial_normal_less/000000027505_all__4.npy,Normal
Pistachio/VAD/vit-features/train/normal/commercial_normal_less/000000027505_all__5.npy,Normal
Pistachio/VAD/vit-features/train/normal/commercial_normal_less/000000027505_all__6.npy,Normal
Pistachio/VAD/vit-features/train/normal/commercial_normal_less/000000027505_all__7.npy,Normal
Pistachio/VAD/vit-features/train/normal/commercial_normal_less/000000027505_all__8.npy,Normal
Pistachio/VAD/vit-features/train/normal/commercial_normal_less/000000027505_all__9.npy,Normal
Pistachio/VAD/vit-features/train/normal/commercial_normal_less/000000027788_all__0.npy,Normal
Pistachio/VAD/vit-features/train/normal/commercial_normal_less/000000027788_all__1.npy,Normal
Pistachio/VAD/vit-features/train/normal/commercial_normal_less/000000027788_all__2.npy,Normal
Pistachio/VAD/vit-features/train/normal/commercial_normal_less/000000027788_all__3.npy,Normal
Pistachio/VAD/vit-features/train/normal/commercial_normal_less/000000027788_all__4.npy,Normal
Pistachio/VAD/vit-features/train/normal/commercial_normal_less/000000027788_all__5.npy,Normal
Pistachio/VAD/vit-features/train/normal/commercial_normal_less/000000027788_all__6.npy,Normal
Pistachio/VAD/vit-features/train/normal/commercial_normal_less/000000027788_all__7.npy,Normal
Pistachio/VAD/vit-features/train/normal/commercial_normal_less/000000027788_all__8.npy,Normal
Pistachio/VAD/vit-features/train/normal/commercial_normal_less/000000027788_all__9.npy,Normal
Pistachio/VAD/vit-features/train/normal/commercial_normal_less/000000028074_all__0.npy,Normal
Pistachio/VAD/vit-features/train/normal/commercial_normal_less/000000028074_all__1.npy,Normal
Pistachio/VAD/vit-features/train/normal/commercial_normal_less/000000028074_all__2.npy,Normal
Pistachio/VAD/vit-features/train/normal/commercial_normal_less/000000028074_all__3.npy,Normal
Pistachio/VAD/vit-features/train/normal/commercial_normal_less/000000028074_all__4.npy,Normal
Pistachio/VAD/vit-features/train/normal/commercial_normal_less/000000028074_all__5.npy,Normal
Pistachio/VAD/vit-features/train/normal/commercial_normal_less/000000028074_all__6.npy,Normal
Pistachio/VAD/vit-features/train/normal/commercial_normal_less/000000028074_all__7.npy,Normal
Pistachio/VAD/vit-features/train/normal/commercial_normal_less/000000028074_all__8.npy,Normal
Pistachio/VAD/vit-features/train/normal/commercial_normal_less/000000028074_all__9.npy,Normal
Pistachio/VAD/vit-features/train/normal/commercial_normal_less/000000028074_all__0.npy,Normal
Pistachio/VAD/vit-features/train/normal/commercial_normal_less/000000028074_all__1.npy,Normal
Pistachio/VAD/vit-features/train/normal/commercial_normal_less/000000028074_all__2.npy,Normal
Pistachio/VAD/vit-features/train/normal/commercial_normal_less/000000028074_all__3.npy,Normal
Pistachio/VAD/vit-features/train/normal/commercial_normal_less/000000028074_all__4.npy,Normal
Pistachio/VAD/vit-features/train/normal/commercial_normal_less/000000028074_all__5.npy,Normal
Pistachio/VAD/vit-features/train/normal/commercial_normal_less/000000028074_all__6.npy,Normal
Pistachio/VAD/vit-features/train/normal/commercial_normal_less/000000028074_all__7.npy,Normal
Pistachio/VAD/vit-features/train/normal/commercial_normal_less/000000028074_all__8.npy,Normal
Pistachio/VAD/vit-features/train/normal/commercial_normal_less/000000028074_all__9.npy,Normal
Pistachio/VAD/vit-features/train/normal/commercial_normal_less/000000028376_all__0.npy,Normal
Pistachio/VAD/vit-features/train/normal/commercial_normal_less/000000028376_all__1.npy,Normal
Pistachio/VAD/vit-features/train/normal/commercial_normal_less/000000028376_all__2.npy,Normal
Pistachio/VAD/vit-features/train/normal/commercial_normal_less/000000028376_all__3.npy,Normal
Pistachio/VAD/vit-features/train/normal/commercial_normal_less/000000028376_all__4.npy,Normal
Pistachio/VAD/vit-features/train/normal/commercial_normal_less/000000028376_all__5.npy,Normal
Pistachio/VAD/vit-features/train/normal/commercial_normal_less/000000028376_all__6.npy,Normal
Pistachio/VAD/vit-features/train/normal/commercial_normal_less/000000028376_all__7.npy,Normal
Pistachio/VAD/vit-features/train/normal/commercial_normal_less/000000028376_all__8.npy,Normal
Pistachio/VAD/vit-features/train/normal/commercial_normal_less/000000028376_all__9.npy,Normal
Pistachio/VAD/vit-features/train/normal/commercial_normal_less/000000028391_all__0.npy,Normal
Pistachio/VAD/vit-features/train/normal/commercial_normal_less/000000028391_all__1.npy,Normal
Pistachio/VAD/vit-features/train/normal/commercial_normal_less/000000028391_all__2.npy,Normal
Pistachio/VAD/vit-features/train/normal/commercial_normal_less/000000028391_all__3.npy,Normal
Pistachio/VAD/vit-features/train/normal/commercial_normal_less/000000028391_all__4.npy,Normal
Pistachio/VAD/vit-features/train/normal/commercial_normal_less/000000028391_all__5.npy,Normal
Pistachio/VAD/vit-features/train/normal/commercial_normal_less/000000028391_all__6.npy,Normal
Pistachio/VAD/vit-features/train/normal/commercial_normal_less/000000028391_all__7.npy,Normal
Pistachio/VAD/vit-features/train/normal/commercial_normal_less/000000028391_all__8.npy,Normal
Pistachio/VAD/vit-features/train/normal/commercial_normal_less/000000028391_all__9.npy,Normal
Pistachio/VAD/vit-features/train/normal/commercial_normal_less/000000028678_all__0.npy,Normal
Pistachio/VAD/vit-features/train/normal/commercial_normal_less/000000028678_all__1.npy,Normal
Pistachio/VAD/vit-features/train/normal/commercial_normal_less/000000028678_all__2.npy,Normal
Pistachio/VAD/vit-features/train/normal/commercial_normal_less/000000028678_all__3.npy,Normal
Pistachio/VAD/vit-features/train/normal/commercial_normal_less/000000028678_all__4.npy,Normal
Pistachio/VAD/vit-features/train/normal/commercial_normal_less/000000028678_all__5.npy,Normal
Pistachio/VAD/vit-features/train/normal/commercial_normal_less/000000028678_all__6.npy,Normal
Pistachio/VAD/vit-features/train/normal/commercial_normal_less/000000028678_all__7.npy,Normal
Pistachio/VAD/vit-features/train/normal/commercial_normal_less/000000028678_all__8.npy,Normal
Pistachio/VAD/vit-features/train/normal/commercial_normal_less/000000028678_all__9.npy,Normal
Pistachio/VAD/vit-features/train/normal/commercial_normal_less/000000028726_all__0.npy,Normal
Pistachio/VAD/vit-features/train/normal/commercial_normal_less/000000028726_all__1.npy,Normal
Pistachio/VAD/vit-features/train/normal/commercial_normal_less/000000028726_all__2.npy,Normal
Pistachio/VAD/vit-features/train/normal/commercial_normal_less/000000028726_all__3.npy,Normal
Pistachio/VAD/vit-features/train/normal/commercial_normal_less/000000028726_all__4.npy,Normal
Pistachio/VAD/vit-features/train/normal/commercial_normal_less/000000028726_all__5.npy,Normal
Pistachio/VAD/vit-features/train/normal/commercial_normal_less/000000028726_all__6.npy,Normal
Pistachio/VAD/vit-features/train/normal/commercial_normal_less/000000028726_all__7.npy,Normal
Pistachio/VAD/vit-features/train/normal/commercial_normal_less/000000028726_all__8.npy,Normal
Pistachio/VAD/vit-features/train/normal/commercial_normal_less/000000028726_all__9.npy,Normal
Pistachio/VAD/vit-features/train/normal/commercial_normal_less/000000029093_all__0.npy,Normal
Pistachio/VAD/vit-features/train/normal/commercial_normal_less/000000029093_all__1.npy,Normal
Pistachio/VAD/vit-features/train/normal/commercial_normal_less/000000029093_all__2.npy,Normal
Pistachio/VAD/vit-features/train/normal/commercial_normal_less/000000029093_all__3.npy,Normal
Pistachio/VAD/vit-features/train/normal/commercial_normal_less/000000029093_all__4.npy,Normal
Pistachio/VAD/vit-features/train/normal/commercial_normal_less/000000029093_all__5.npy,Normal
Pistachio/VAD/vit-features/train/normal/commercial_normal_less/000000029093_all__6.npy,Normal
Pistachio/VAD/vit-features/train/normal/commercial_normal_less/000000029093_all__7.npy,Normal
Pistachio/VAD/vit-features/train/normal/commercial_normal_less/000000029093_all__8.npy,Normal
Pistachio/VAD/vit-features/train/normal/commercial_normal_less/000000029093_all__9.npy,Normal
Pistachio/VAD/vit-features/train/normal/commercial_normal_less/000000029164_all__0.npy,Normal
Pistachio/VAD/vit-features/train/normal/commercial_normal_less/000000029164_all__1.npy,Normal
Pistachio/VAD/vit-features/train/normal/commercial_normal_less/000000029164_all__2.npy,Normal
Pistachio/VAD/vit-features/train/normal/commercial_normal_less/000000029164_all__3.npy,Normal
Pistachio/VAD/vit-features/train/normal/commercial_normal_less/000000029164_all__4.npy,Normal
Pistachio/VAD/vit-features/train/normal/commercial_normal_less/000000029164_all__5.npy,Normal
Pistachio/VAD/vit-features/train/normal/commercial_normal_less/000000029164_all__6.npy,Normal
Pistachio/VAD/vit-features/train/normal/commercial_normal_less/000000029164_all__7.npy,Normal
Pistachio/VAD/vit-features/train/normal/commercial_normal_less/000000029164_all__8.npy,Normal
Pistachio/VAD/vit-features/train/normal/commercial_normal_less/000000029164_all__9.npy,Normal
Pistachio/VAD/vit-features/train/normal/commercial_normal_less/000000029167_all__0.npy,Normal
Pistachio/VAD/vit-features/train/normal/commercial_normal_less/000000029167_all__1.npy,Normal
Pistachio/VAD/vit-features/train/normal/commercial_normal_less/000000029167_all__2.npy,Normal
Pistachio/VAD/vit-features/train/normal/commercial_normal_less/000000029167_all__3.npy,Normal
Pistachio/VAD/vit-features/train/normal/commercial_normal_less/000000029167_all__4.npy,Normal
Pistachio/VAD/vit-features/train/normal/commercial_normal_less/000000029167_all__5.npy,Normal
Pistachio/VAD/vit-features/train/normal/commercial_normal_less/000000029167_all__6.npy,Normal
Pistachio/VAD/vit-features/train/normal/commercial_normal_less/000000029167_all__7.npy,Normal
Pistachio/VAD/vit-features/train/normal/commercial_normal_less/000000029167_all__8.npy,Normal
Pistachio/VAD/vit-features/train/normal/commercial_normal_less/000000029167_all__9.npy,Normal
Pistachio/VAD/vit-features/train/normal/commercial_normal_less/000000029167_all__0.npy,Normal
Pistachio/VAD/vit-features/train/normal/commercial_normal_less/000000029167_all__1.npy,Normal
Pistachio/VAD/vit-features/train/normal/commercial_normal_less/000000029167_all__2.npy,Normal
Pistachio/VAD/vit-features/train/normal/commercial_normal_less/000000029167_all__3.npy,Normal
Pistachio/VAD/vit-features/train/normal/commercial_normal_less/000000029167_all__4.npy,Normal
Pistachio/VAD/vit-features/train/normal/commercial_normal_less/000000029167_all__5.npy,Normal
Pistachio/VAD/vit-features/train/normal/commercial_normal_less/000000029167_all__6.npy,Normal
Pistachio/VAD/vit-features/train/normal/commercial_normal_less/000000029167_all__7.npy,Normal
Pistachio/VAD/vit-features/train/normal/commercial_normal_less/000000029167_all__8.npy,Normal
Pistachio/VAD/vit-features/train/normal/commercial_normal_less/000000029167_all__9.npy,Normal
Pistachio/VAD/vit-features/train/normal/commercial_normal_less/000000029396_all__0.npy,Normal
Pistachio/VAD/vit-features/train/normal/commercial_normal_less/000000029396_all__1.npy,Normal
Pistachio/VAD/vit-features/train/normal/commercial_normal_less/000000029396_all__2.npy,Normal
Pistachio/VAD/vit-features/train/normal/commercial_normal_less/000000029396_all__3.npy,Normal
Pistachio/VAD/vit-features/train/normal/commercial_normal_less/000000029396_all__4.npy,Normal
Pistachio/VAD/vit-features/train/normal/commercial_normal_less/000000029396_all__5.npy,Normal
Pistachio/VAD/vit-features/train/normal/commercial_normal_less/000000029396_all__6.npy,Normal
Pistachio/VAD/vit-features/train/normal/commercial_normal_less/000000029396_all__7.npy,Normal
Pistachio/VAD/vit-features/train/normal/commercial_normal_less/000000029396_all__8.npy,Normal
Pistachio/VAD/vit-features/train/normal/commercial_normal_less/000000029396_all__9.npy,Normal
Pistachio/VAD/vit-features/train/normal/commercial_normal_less/000000029429_all__0.npy,Normal
Pistachio/VAD/vit-features/train/normal/commercial_normal_less/000000029429_all__1.npy,Normal
Pistachio/VAD/vit-features/train/normal/commercial_normal_less/000000029429_all__2.npy,Normal
Pistachio/VAD/vit-features/train/normal/commercial_normal_less/000000029429_all__3.npy,Normal
Pistachio/VAD/vit-features/train/normal/commercial_normal_less/000000029429_all__4.npy,Normal
Pistachio/VAD/vit-features/train/normal/commercial_normal_less/000000029429_all__5.npy,Normal
Pistachio/VAD/vit-features/train/normal/commercial_normal_less/000000029429_all__6.npy,Normal
Pistachio/VAD/vit-features/train/normal/commercial_normal_less/000000029429_all__7.npy,Normal
Pistachio/VAD/vit-features/train/normal/commercial_normal_less/000000029429_all__8.npy,Normal
Pistachio/VAD/vit-features/train/normal/commercial_normal_less/000000029429_all__9.npy,Normal
Pistachio/VAD/vit-features/train/normal/commercial_normal_less/000000029462_all__0.npy,Normal
Pistachio/VAD/vit-features/train/normal/commercial_normal_less/000000029462_all__1.npy,Normal
Pistachio/VAD/vit-features/train/normal/commercial_normal_less/000000029462_all__2.npy,Normal
Pistachio/VAD/vit-features/train/normal/commercial_normal_less/000000029462_all__3.npy,Normal
Pistachio/VAD/vit-features/train/normal/commercial_normal_less/000000029462_all__4.npy,Normal
Pistachio/VAD/vit-features/train/normal/commercial_normal_less/000000029462_all__5.npy,Normal
Pistachio/VAD/vit-features/train/normal/commercial_normal_less/000000029462_all__6.npy,Normal
Pistachio/VAD/vit-features/train/normal/commercial_normal_less/000000029462_all__7.npy,Normal
Pistachio/VAD/vit-features/train/normal/commercial_normal_less/000000029462_all__8.npy,Normal
Pistachio/VAD/vit-features/train/normal/commercial_normal_less/000000029462_all__9.npy,Normal
Pistachio/VAD/vit-features/train/normal/commercial_normal_less/000000029649_all__0.npy,Normal
Pistachio/VAD/vit-features/train/normal/commercial_normal_less/000000029649_all__1.npy,Normal
Pistachio/VAD/vit-features/train/normal/commercial_normal_less/000000029649_all__2.npy,Normal
Pistachio/VAD/vit-features/train/normal/commercial_normal_less/000000029649_all__3.npy,Normal
Pistachio/VAD/vit-features/train/normal/commercial_normal_less/000000029649_all__4.npy,Normal
Pistachio/VAD/vit-features/train/normal/commercial_normal_less/000000029649_all__5.npy,Normal
Pistachio/VAD/vit-features/train/normal/commercial_normal_less/000000029649_all__6.npy,Normal
Pistachio/VAD/vit-features/train/normal/commercial_normal_less/000000029649_all__7.npy,Normal
Pistachio/VAD/vit-features/train/normal/commercial_normal_less/000000029649_all__8.npy,Normal
Pistachio/VAD/vit-features/train/normal/commercial_normal_less/000000029649_all__9.npy,Normal
Pistachio/VAD/vit-features/train/normal/commercial_normal_less/000000029649_all__0.npy,Normal
Pistachio/VAD/vit-features/train/normal/commercial_normal_less/000000029649_all__1.npy,Normal
Pistachio/VAD/vit-features/train/normal/commercial_normal_less/000000029649_all__2.npy,Normal
Pistachio/VAD/vit-features/train/normal/commercial_normal_less/000000029649_all__3.npy,Normal
Pistachio/VAD/vit-features/train/normal/commercial_normal_less/000000029649_all__4.npy,Normal
Pistachio/VAD/vit-features/train/normal/commercial_normal_less/000000029649_all__5.npy,Normal
Pistachio/VAD/vit-features/train/normal/commercial_normal_less/000000029649_all__6.npy,Normal
Pistachio/VAD/vit-features/train/normal/commercial_normal_less/000000029649_all__7.npy,Normal
Pistachio/VAD/vit-features/train/normal/commercial_normal_less/000000029649_all__8.npy,Normal
Pistachio/VAD/vit-features/train/normal/commercial_normal_less/000000029649_all__9.npy,Normal
Pistachio/VAD/vit-features/train/normal/commercial_normal_less/000000029849_all__0.npy,Normal
Pistachio/VAD/vit-features/train/normal/commercial_normal_less/000000029849_all__1.npy,Normal
Pistachio/VAD/vit-features/train/normal/commercial_normal_less/000000029849_all__2.npy,Normal
Pistachio/VAD/vit-features/train/normal/commercial_normal_less/000000029849_all__3.npy,Normal
Pistachio/VAD/vit-features/train/normal/commercial_normal_less/000000029849_all__4.npy,Normal
Pistachio/VAD/vit-features/train/normal/commercial_normal_less/000000029849_all__5.npy,Normal
Pistachio/VAD/vit-features/train/normal/commercial_normal_less/000000029849_all__6.npy,Normal
Pistachio/VAD/vit-features/train/normal/commercial_normal_less/000000029849_all__7.npy,Normal
Pistachio/VAD/vit-features/train/normal/commercial_normal_less/000000029849_all__8.npy,Normal
Pistachio/VAD/vit-features/train/normal/commercial_normal_less/000000029849_all__9.npy,Normal
Pistachio/VAD/vit-features/train/normal/commercial_normal_less/000000029877_all__0.npy,Normal
Pistachio/VAD/vit-features/train/normal/commercial_normal_less/000000029877_all__1.npy,Normal
Pistachio/VAD/vit-features/train/normal/commercial_normal_less/000000029877_all__2.npy,Normal
Pistachio/VAD/vit-features/train/normal/commercial_normal_less/000000029877_all__3.npy,Normal
Pistachio/VAD/vit-features/train/normal/commercial_normal_less/000000029877_all__4.npy,Normal
Pistachio/VAD/vit-features/train/normal/commercial_normal_less/000000029877_all__5.npy,Normal
Pistachio/VAD/vit-features/train/normal/commercial_normal_less/000000029877_all__6.npy,Normal
Pistachio/VAD/vit-features/train/normal/commercial_normal_less/000000029877_all__7.npy,Normal
Pistachio/VAD/vit-features/train/normal/commercial_normal_less/000000029877_all__8.npy,Normal
Pistachio/VAD/vit-features/train/normal/commercial_normal_less/000000029877_all__9.npy,Normal
Pistachio/VAD/vit-features/train/normal/commercial_normal_less/000000029946_all__0.npy,Normal
Pistachio/VAD/vit-features/train/normal/commercial_normal_less/000000029946_all__1.npy,Normal
Pistachio/VAD/vit-features/train/normal/commercial_normal_less/000000029946_all__2.npy,Normal
Pistachio/VAD/vit-features/train/normal/commercial_normal_less/000000029946_all__3.npy,Normal
Pistachio/VAD/vit-features/train/normal/commercial_normal_less/000000029946_all__4.npy,Normal
Pistachio/VAD/vit-features/train/normal/commercial_normal_less/000000029946_all__5.npy,Normal
Pistachio/VAD/vit-features/train/normal/commercial_normal_less/000000029946_all__6.npy,Normal
Pistachio/VAD/vit-features/train/normal/commercial_normal_less/000000029946_all__7.npy,Normal
Pistachio/VAD/vit-features/train/normal/commercial_normal_less/000000029946_all__8.npy,Normal
Pistachio/VAD/vit-features/train/normal/commercial_normal_less/000000029946_all__9.npy,Normal
Pistachio/VAD/vit-features/train/normal/commercial_normal_less/000000030111_all__0.npy,Normal
Pistachio/VAD/vit-features/train/normal/commercial_normal_less/000000030111_all__1.npy,Normal
Pistachio/VAD/vit-features/train/normal/commercial_normal_less/000000030111_all__2.npy,Normal
Pistachio/VAD/vit-features/train/normal/commercial_normal_less/000000030111_all__3.npy,Normal
Pistachio/VAD/vit-features/train/normal/commercial_normal_less/000000030111_all__4.npy,Normal
Pistachio/VAD/vit-features/train/normal/commercial_normal_less/000000030111_all__5.npy,Normal
Pistachio/VAD/vit-features/train/normal/commercial_normal_less/000000030111_all__6.npy,Normal
Pistachio/VAD/vit-features/train/normal/commercial_normal_less/000000030111_all__7.npy,Normal
Pistachio/VAD/vit-features/train/normal/commercial_normal_less/000000030111_all__8.npy,Normal
Pistachio/VAD/vit-features/train/normal/commercial_normal_less/000000030111_all__9.npy,Normal
Pistachio/VAD/vit-features/train/normal/commercial_normal_less/000000030164_all__0.npy,Normal
Pistachio/VAD/vit-features/train/normal/commercial_normal_less/000000030164_all__1.npy,Normal
Pistachio/VAD/vit-features/train/normal/commercial_normal_less/000000030164_all__2.npy,Normal
Pistachio/VAD/vit-features/train/normal/commercial_normal_less/000000030164_all__3.npy,Normal
Pistachio/VAD/vit-features/train/normal/commercial_normal_less/000000030164_all__4.npy,Normal
Pistachio/VAD/vit-features/train/normal/commercial_normal_less/000000030164_all__5.npy,Normal
Pistachio/VAD/vit-features/train/normal/commercial_normal_less/000000030164_all__6.npy,Normal
Pistachio/VAD/vit-features/train/normal/commercial_normal_less/000000030164_all__7.npy,Normal
Pistachio/VAD/vit-features/train/normal/commercial_normal_less/000000030164_all__8.npy,Normal
Pistachio/VAD/vit-features/train/normal/commercial_normal_less/000000030164_all__9.npy,Normal
Pistachio/VAD/vit-features/train/normal/commercial_normal_less/000000030425_all__0.npy,Normal
Pistachio/VAD/vit-features/train/normal/commercial_normal_less/000000030425_all__1.npy,Normal
Pistachio/VAD/vit-features/train/normal/commercial_normal_less/000000030425_all__2.npy,Normal
Pistachio/VAD/vit-features/train/normal/commercial_normal_less/000000030425_all__3.npy,Normal
Pistachio/VAD/vit-features/train/normal/commercial_normal_less/000000030425_all__4.npy,Normal
Pistachio/VAD/vit-features/train/normal/commercial_normal_less/000000030425_all__5.npy,Normal
Pistachio/VAD/vit-features/train/normal/commercial_normal_less/000000030425_all__6.npy,Normal
Pistachio/VAD/vit-features/train/normal/commercial_normal_less/000000030425_all__7.npy,Normal
Pistachio/VAD/vit-features/train/normal/commercial_normal_less/000000030425_all__8.npy,Normal
Pistachio/VAD/vit-features/train/normal/commercial_normal_less/000000030425_all__9.npy,Normal
Pistachio/VAD/vit-features/train/normal/commercial_normal_less/000000030425_all__0.npy,Normal
Pistachio/VAD/vit-features/train/normal/commercial_normal_less/000000030425_all__1.npy,Normal
Pistachio/VAD/vit-features/train/normal/commercial_normal_less/000000030425_all__2.npy,Normal
Pistachio/VAD/vit-features/train/normal/commercial_normal_less/000000030425_all__3.npy,Normal
Pistachio/VAD/vit-features/train/normal/commercial_normal_less/000000030425_all__4.npy,Normal
Pistachio/VAD/vit-features/train/normal/commercial_normal_less/000000030425_all__5.npy,Normal
Pistachio/VAD/vit-features/train/normal/commercial_normal_less/000000030425_all__6.npy,Normal
Pistachio/VAD/vit-features/train/normal/commercial_normal_less/000000030425_all__7.npy,Normal
Pistachio/VAD/vit-features/train/normal/commercial_normal_less/000000030425_all__8.npy,Normal
Pistachio/VAD/vit-features/train/normal/commercial_normal_less/000000030425_all__9.npy,Normal
Pistachio/VAD/vit-features/train/normal/commercial_normal_less/000000030666_all__0.npy,Normal
Pistachio/VAD/vit-features/train/normal/commercial_normal_less/000000030666_all__1.npy,Normal
Pistachio/VAD/vit-features/train/normal/commercial_normal_less/000000030666_all__2.npy,Normal
Pistachio/VAD/vit-features/train/normal/commercial_normal_less/000000030666_all__3.npy,Normal
Pistachio/VAD/vit-features/train/normal/commercial_normal_less/000000030666_all__4.npy,Normal
Pistachio/VAD/vit-features/train/normal/commercial_normal_less/000000030666_all__5.npy,Normal
Pistachio/VAD/vit-features/train/normal/commercial_normal_less/000000030666_all__6.npy,Normal
Pistachio/VAD/vit-features/train/normal/commercial_normal_less/000000030666_all__7.npy,Normal
Pistachio/VAD/vit-features/train/normal/commercial_normal_less/000000030666_all__8.npy,Normal
Pistachio/VAD/vit-features/train/normal/commercial_normal_less/000000030666_all__9.npy,Normal
Pistachio/VAD/vit-features/train/normal/commercial_normal_less/000000030688_all__0.npy,Normal
Pistachio/VAD/vit-features/train/normal/commercial_normal_less/000000030688_all__1.npy,Normal
Pistachio/VAD/vit-features/train/normal/commercial_normal_less/000000030688_all__2.npy,Normal
Pistachio/VAD/vit-features/train/normal/commercial_normal_less/000000030688_all__3.npy,Normal
Pistachio/VAD/vit-features/train/normal/commercial_normal_less/000000030688_all__4.npy,Normal
Pistachio/VAD/vit-features/train/normal/commercial_normal_less/000000030688_all__5.npy,Normal
Pistachio/VAD/vit-features/train/normal/commercial_normal_less/000000030688_all__6.npy,Normal
Pistachio/VAD/vit-features/train/normal/commercial_normal_less/000000030688_all__7.npy,Normal
Pistachio/VAD/vit-features/train/normal/commercial_normal_less/000000030688_all__8.npy,Normal
Pistachio/VAD/vit-features/train/normal/commercial_normal_less/000000030688_all__9.npy,Normal
Pistachio/VAD/vit-features/train/normal/commercial_normal_less/000000030833_all__0.npy,Normal
Pistachio/VAD/vit-features/train/normal/commercial_normal_less/000000030833_all__1.npy,Normal
Pistachio/VAD/vit-features/train/normal/commercial_normal_less/000000030833_all__2.npy,Normal
Pistachio/VAD/vit-features/train/normal/commercial_normal_less/000000030833_all__3.npy,Normal
Pistachio/VAD/vit-features/train/normal/commercial_normal_less/000000030833_all__4.npy,Normal
Pistachio/VAD/vit-features/train/normal/commercial_normal_less/000000030833_all__5.npy,Normal
Pistachio/VAD/vit-features/train/normal/commercial_normal_less/000000030833_all__6.npy,Normal
Pistachio/VAD/vit-features/train/normal/commercial_normal_less/000000030833_all__7.npy,Normal
Pistachio/VAD/vit-features/train/normal/commercial_normal_less/000000030833_all__8.npy,Normal
Pistachio/VAD/vit-features/train/normal/commercial_normal_less/000000030833_all__9.npy,Normal
Pistachio/VAD/vit-features/train/normal/commercial_normal_less/000000030881_all__0.npy,Normal
Pistachio/VAD/vit-features/train/normal/commercial_normal_less/000000030881_all__1.npy,Normal
Pistachio/VAD/vit-features/train/normal/commercial_normal_less/000000030881_all__2.npy,Normal
Pistachio/VAD/vit-features/train/normal/commercial_normal_less/000000030881_all__3.npy,Normal
Pistachio/VAD/vit-features/train/normal/commercial_normal_less/000000030881_all__4.npy,Normal
Pistachio/VAD/vit-features/train/normal/commercial_normal_less/000000030881_all__5.npy,Normal
Pistachio/VAD/vit-features/train/normal/commercial_normal_less/000000030881_all__6.npy,Normal
Pistachio/VAD/vit-features/train/normal/commercial_normal_less/000000030881_all__7.npy,Normal
Pistachio/VAD/vit-features/train/normal/commercial_normal_less/000000030881_all__8.npy,Normal
Pistachio/VAD/vit-features/train/normal/commercial_normal_less/000000030881_all__9.npy,Normal
Pistachio/VAD/vit-features/train/normal/commercial_normal_less/000000030881_all__0.npy,Normal
Pistachio/VAD/vit-features/train/normal/commercial_normal_less/000000030881_all__1.npy,Normal
Pistachio/VAD/vit-features/train/normal/commercial_normal_less/000000030881_all__2.npy,Normal
Pistachio/VAD/vit-features/train/normal/commercial_normal_less/000000030881_all__3.npy,Normal
Pistachio/VAD/vit-features/train/normal/commercial_normal_less/000000030881_all__4.npy,Normal
Pistachio/VAD/vit-features/train/normal/commercial_normal_less/000000030881_all__5.npy,Normal
Pistachio/VAD/vit-features/train/normal/commercial_normal_less/000000030881_all__6.npy,Normal
Pistachio/VAD/vit-features/train/normal/commercial_normal_less/000000030881_all__7.npy,Normal
Pistachio/VAD/vit-features/train/normal/commercial_normal_less/000000030881_all__8.npy,Normal
Pistachio/VAD/vit-features/train/normal/commercial_normal_less/000000030881_all__9.npy,Normal
Pistachio/VAD/vit-features/train/normal/commercial_normal_less/000000031008_all__0.npy,Normal
Pistachio/VAD/vit-features/train/normal/commercial_normal_less/000000031008_all__1.npy,Normal
Pistachio/VAD/vit-features/train/normal/commercial_normal_less/000000031008_all__2.npy,Normal
Pistachio/VAD/vit-features/train/normal/commercial_normal_less/000000031008_all__3.npy,Normal
Pistachio/VAD/vit-features/train/normal/commercial_normal_less/000000031008_all__4.npy,Normal
Pistachio/VAD/vit-features/train/normal/commercial_normal_less/000000031008_all__5.npy,Normal
Pistachio/VAD/vit-features/train/normal/commercial_normal_less/000000031008_all__6.npy,Normal
Pistachio/VAD/vit-features/train/normal/commercial_normal_less/000000031008_all__7.npy,Normal
Pistachio/VAD/vit-features/train/normal/commercial_normal_less/000000031008_all__8.npy,Normal
Pistachio/VAD/vit-features/train/normal/commercial_normal_less/000000031008_all__9.npy,Normal
Pistachio/VAD/vit-features/train/normal/commercial_normal_less/000000031096_all__0.npy,Normal
Pistachio/VAD/vit-features/train/normal/commercial_normal_less/000000031096_all__1.npy,Normal
Pistachio/VAD/vit-features/train/normal/commercial_normal_less/000000031096_all__2.npy,Normal
Pistachio/VAD/vit-features/train/normal/commercial_normal_less/000000031096_all__3.npy,Normal
Pistachio/VAD/vit-features/train/normal/commercial_normal_less/000000031096_all__4.npy,Normal
Pistachio/VAD/vit-features/train/normal/commercial_normal_less/000000031096_all__5.npy,Normal
Pistachio/VAD/vit-features/train/normal/commercial_normal_less/000000031096_all__6.npy,Normal
Pistachio/VAD/vit-features/train/normal/commercial_normal_less/000000031096_all__7.npy,Normal
Pistachio/VAD/vit-features/train/normal/commercial_normal_less/000000031096_all__8.npy,Normal
Pistachio/VAD/vit-features/train/normal/commercial_normal_less/000000031096_all__9.npy,Normal
Pistachio/VAD/vit-features/train/normal/commercial_normal_less/000000031200_all__0.npy,Normal
Pistachio/VAD/vit-features/train/normal/commercial_normal_less/000000031200_all__1.npy,Normal
Pistachio/VAD/vit-features/train/normal/commercial_normal_less/000000031200_all__2.npy,Normal
Pistachio/VAD/vit-features/train/normal/commercial_normal_less/000000031200_all__3.npy,Normal
Pistachio/VAD/vit-features/train/normal/commercial_normal_less/000000031200_all__4.npy,Normal
Pistachio/VAD/vit-features/train/normal/commercial_normal_less/000000031200_all__5.npy,Normal
Pistachio/VAD/vit-features/train/normal/commercial_normal_less/000000031200_all__6.npy,Normal
Pistachio/VAD/vit-features/train/normal/commercial_normal_less/000000031200_all__7.npy,Normal
Pistachio/VAD/vit-features/train/normal/commercial_normal_less/000000031200_all__8.npy,Normal
Pistachio/VAD/vit-features/train/normal/commercial_normal_less/000000031200_all__9.npy,Normal
Pistachio/VAD/vit-features/train/normal/commercial_normal_less/000000031336_all__0.npy,Normal
Pistachio/VAD/vit-features/train/normal/commercial_normal_less/000000031336_all__1.npy,Normal
Pistachio/VAD/vit-features/train/normal/commercial_normal_less/000000031336_all__2.npy,Normal
Pistachio/VAD/vit-features/train/normal/commercial_normal_less/000000031336_all__3.npy,Normal
Pistachio/VAD/vit-features/train/normal/commercial_normal_less/000000031336_all__4.npy,Normal
Pistachio/VAD/vit-features/train/normal/commercial_normal_less/000000031336_all__5.npy,Normal
Pistachio/VAD/vit-features/train/normal/commercial_normal_less/000000031336_all__6.npy,Normal
Pistachio/VAD/vit-features/train/normal/commercial_normal_less/000000031336_all__7.npy,Normal
Pistachio/VAD/vit-features/train/normal/commercial_normal_less/000000031336_all__8.npy,Normal
Pistachio/VAD/vit-features/train/normal/commercial_normal_less/000000031336_all__9.npy,Normal
Pistachio/VAD/vit-features/train/normal/commercial_normal_less/000000031949_all__0.npy,Normal
Pistachio/VAD/vit-features/train/normal/commercial_normal_less/000000031949_all__1.npy,Normal
Pistachio/VAD/vit-features/train/normal/commercial_normal_less/000000031949_all__2.npy,Normal
Pistachio/VAD/vit-features/train/normal/commercial_normal_less/000000031949_all__3.npy,Normal
Pistachio/VAD/vit-features/train/normal/commercial_normal_less/000000031949_all__4.npy,Normal
Pistachio/VAD/vit-features/train/normal/commercial_normal_less/000000031949_all__5.npy,Normal
Pistachio/VAD/vit-features/train/normal/commercial_normal_less/000000031949_all__6.npy,Normal
Pistachio/VAD/vit-features/train/normal/commercial_normal_less/000000031949_all__7.npy,Normal
Pistachio/VAD/vit-features/train/normal/commercial_normal_less/000000031949_all__8.npy,Normal
Pistachio/VAD/vit-features/train/normal/commercial_normal_less/000000031949_all__9.npy,Normal
Pistachio/VAD/vit-features/train/normal/commercial_normal_less/000000032062_all__0.npy,Normal
Pistachio/VAD/vit-features/train/normal/commercial_normal_less/000000032062_all__1.npy,Normal
Pistachio/VAD/vit-features/train/normal/commercial_normal_less/000000032062_all__2.npy,Normal
Pistachio/VAD/vit-features/train/normal/commercial_normal_less/000000032062_all__3.npy,Normal
Pistachio/VAD/vit-features/train/normal/commercial_normal_less/000000032062_all__4.npy,Normal
Pistachio/VAD/vit-features/train/normal/commercial_normal_less/000000032062_all__5.npy,Normal
Pistachio/VAD/vit-features/train/normal/commercial_normal_less/000000032062_all__6.npy,Normal
Pistachio/VAD/vit-features/train/normal/commercial_normal_less/000000032062_all__7.npy,Normal
Pistachio/VAD/vit-features/train/normal/commercial_normal_less/000000032062_all__8.npy,Normal
Pistachio/VAD/vit-features/train/normal/commercial_normal_less/000000032062_all__9.npy,Normal
Pistachio/VAD/vit-features/train/normal/commercial_normal_less/000000032076_all__0.npy,Normal
Pistachio/VAD/vit-features/train/normal/commercial_normal_less/000000032076_all__1.npy,Normal
Pistachio/VAD/vit-features/train/normal/commercial_normal_less/000000032076_all__2.npy,Normal
Pistachio/VAD/vit-features/train/normal/commercial_normal_less/000000032076_all__3.npy,Normal
Pistachio/VAD/vit-features/train/normal/commercial_normal_less/000000032076_all__4.npy,Normal
Pistachio/VAD/vit-features/train/normal/commercial_normal_less/000000032076_all__5.npy,Normal
Pistachio/VAD/vit-features/train/normal/commercial_normal_less/000000032076_all__6.npy,Normal
Pistachio/VAD/vit-features/train/normal/commercial_normal_less/000000032076_all__7.npy,Normal
Pistachio/VAD/vit-features/train/normal/commercial_normal_less/000000032076_all__8.npy,Normal
Pistachio/VAD/vit-features/train/normal/commercial_normal_less/000000032076_all__9.npy,Normal
Pistachio/VAD/vit-features/train/normal/commercial_normal_less/000000032150_all__0.npy,Normal
Pistachio/VAD/vit-features/train/normal/commercial_normal_less/000000032150_all__1.npy,Normal
Pistachio/VAD/vit-features/train/normal/commercial_normal_less/000000032150_all__2.npy,Normal
Pistachio/VAD/vit-features/train/normal/commercial_normal_less/000000032150_all__3.npy,Normal
Pistachio/VAD/vit-features/train/normal/commercial_normal_less/000000032150_all__4.npy,Normal
Pistachio/VAD/vit-features/train/normal/commercial_normal_less/000000032150_all__5.npy,Normal
Pistachio/VAD/vit-features/train/normal/commercial_normal_less/000000032150_all__6.npy,Normal
Pistachio/VAD/vit-features/train/normal/commercial_normal_less/000000032150_all__7.npy,Normal
Pistachio/VAD/vit-features/train/normal/commercial_normal_less/000000032150_all__8.npy,Normal
Pistachio/VAD/vit-features/train/normal/commercial_normal_less/000000032150_all__9.npy,Normal
Pistachio/VAD/vit-features/train/normal/commercial_normal_less/000000032561_all__0.npy,Normal
Pistachio/VAD/vit-features/train/normal/commercial_normal_less/000000032561_all__1.npy,Normal
Pistachio/VAD/vit-features/train/normal/commercial_normal_less/000000032561_all__2.npy,Normal
Pistachio/VAD/vit-features/train/normal/commercial_normal_less/000000032561_all__3.npy,Normal
Pistachio/VAD/vit-features/train/normal/commercial_normal_less/000000032561_all__4.npy,Normal
Pistachio/VAD/vit-features/train/normal/commercial_normal_less/000000032561_all__5.npy,Normal
Pistachio/VAD/vit-features/train/normal/commercial_normal_less/000000032561_all__6.npy,Normal
Pistachio/VAD/vit-features/train/normal/commercial_normal_less/000000032561_all__7.npy,Normal
Pistachio/VAD/vit-features/train/normal/commercial_normal_less/000000032561_all__8.npy,Normal
Pistachio/VAD/vit-features/train/normal/commercial_normal_less/000000032561_all__9.npy,Normal
Pistachio/VAD/vit-features/train/normal/commercial_normal_less/000000032833_all__0.npy,Normal
Pistachio/VAD/vit-features/train/normal/commercial_normal_less/000000032833_all__1.npy,Normal
Pistachio/VAD/vit-features/train/normal/commercial_normal_less/000000032833_all__2.npy,Normal
Pistachio/VAD/vit-features/train/normal/commercial_normal_less/000000032833_all__3.npy,Normal
Pistachio/VAD/vit-features/train/normal/commercial_normal_less/000000032833_all__4.npy,Normal
Pistachio/VAD/vit-features/train/normal/commercial_normal_less/000000032833_all__5.npy,Normal
Pistachio/VAD/vit-features/train/normal/commercial_normal_less/000000032833_all__6.npy,Normal
Pistachio/VAD/vit-features/train/normal/commercial_normal_less/000000032833_all__7.npy,Normal
Pistachio/VAD/vit-features/train/normal/commercial_normal_less/000000032833_all__8.npy,Normal
Pistachio/VAD/vit-features/train/normal/commercial_normal_less/000000032833_all__9.npy,Normal
Pistachio/VAD/vit-features/train/normal/commercial_normal_less/000000032834_all__0.npy,Normal
Pistachio/VAD/vit-features/train/normal/commercial_normal_less/000000032834_all__1.npy,Normal
Pistachio/VAD/vit-features/train/normal/commercial_normal_less/000000032834_all__2.npy,Normal
Pistachio/VAD/vit-features/train/normal/commercial_normal_less/000000032834_all__3.npy,Normal
Pistachio/VAD/vit-features/train/normal/commercial_normal_less/000000032834_all__4.npy,Normal
Pistachio/VAD/vit-features/train/normal/commercial_normal_less/000000032834_all__5.npy,Normal
Pistachio/VAD/vit-features/train/normal/commercial_normal_less/000000032834_all__6.npy,Normal
Pistachio/VAD/vit-features/train/normal/commercial_normal_less/000000032834_all__7.npy,Normal
Pistachio/VAD/vit-features/train/normal/commercial_normal_less/000000032834_all__8.npy,Normal
Pistachio/VAD/vit-features/train/normal/commercial_normal_less/000000032834_all__9.npy,Normal
Pistachio/VAD/vit-features/train/normal/commercial_normal_less/000000033819_all__0.npy,Normal
Pistachio/VAD/vit-features/train/normal/commercial_normal_less/000000033819_all__1.npy,Normal
Pistachio/VAD/vit-features/train/normal/commercial_normal_less/000000033819_all__2.npy,Normal
Pistachio/VAD/vit-features/train/normal/commercial_normal_less/000000033819_all__3.npy,Normal
Pistachio/VAD/vit-features/train/normal/commercial_normal_less/000000033819_all__4.npy,Normal
Pistachio/VAD/vit-features/train/normal/commercial_normal_less/000000033819_all__5.npy,Normal
Pistachio/VAD/vit-features/train/normal/commercial_normal_less/000000033819_all__6.npy,Normal
Pistachio/VAD/vit-features/train/normal/commercial_normal_less/000000033819_all__7.npy,Normal
Pistachio/VAD/vit-features/train/normal/commercial_normal_less/000000033819_all__8.npy,Normal
Pistachio/VAD/vit-features/train/normal/commercial_normal_less/000000033819_all__9.npy,Normal
Pistachio/VAD/vit-features/train/normal/commercial_normal_less/000000033865_all__0.npy,Normal
Pistachio/VAD/vit-features/train/normal/commercial_normal_less/000000033865_all__1.npy,Normal
Pistachio/VAD/vit-features/train/normal/commercial_normal_less/000000033865_all__2.npy,Normal
Pistachio/VAD/vit-features/train/normal/commercial_normal_less/000000033865_all__3.npy,Normal
Pistachio/VAD/vit-features/train/normal/commercial_normal_less/000000033865_all__4.npy,Normal
Pistachio/VAD/vit-features/train/normal/commercial_normal_less/000000033865_all__5.npy,Normal
Pistachio/VAD/vit-features/train/normal/commercial_normal_less/000000033865_all__6.npy,Normal
Pistachio/VAD/vit-features/train/normal/commercial_normal_less/000000033865_all__7.npy,Normal
Pistachio/VAD/vit-features/train/normal/commercial_normal_less/000000033865_all__8.npy,Normal
Pistachio/VAD/vit-features/train/normal/commercial_normal_less/000000033865_all__9.npy,Normal
Pistachio/VAD/vit-features/train/normal/commercial_normal_less/000000033929_all__0.npy,Normal
Pistachio/VAD/vit-features/train/normal/commercial_normal_less/000000033929_all__1.npy,Normal
Pistachio/VAD/vit-features/train/normal/commercial_normal_less/000000033929_all__2.npy,Normal
Pistachio/VAD/vit-features/train/normal/commercial_normal_less/000000033929_all__3.npy,Normal
Pistachio/VAD/vit-features/train/normal/commercial_normal_less/000000033929_all__4.npy,Normal
Pistachio/VAD/vit-features/train/normal/commercial_normal_less/000000033929_all__5.npy,Normal
Pistachio/VAD/vit-features/train/normal/commercial_normal_less/000000033929_all__6.npy,Normal
Pistachio/VAD/vit-features/train/normal/commercial_normal_less/000000033929_all__7.npy,Normal
Pistachio/VAD/vit-features/train/normal/commercial_normal_less/000000033929_all__8.npy,Normal
Pistachio/VAD/vit-features/train/normal/commercial_normal_less/000000033929_all__9.npy,Normal
Pistachio/VAD/vit-features/train/normal/commercial_normal_less/000000033977_all__0.npy,Normal
Pistachio/VAD/vit-features/train/normal/commercial_normal_less/000000033977_all__1.npy,Normal
Pistachio/VAD/vit-features/train/normal/commercial_normal_less/000000033977_all__2.npy,Normal
Pistachio/VAD/vit-features/train/normal/commercial_normal_less/000000033977_all__3.npy,Normal
Pistachio/VAD/vit-features/train/normal/commercial_normal_less/000000033977_all__4.npy,Normal
Pistachio/VAD/vit-features/train/normal/commercial_normal_less/000000033977_all__5.npy,Normal
Pistachio/VAD/vit-features/train/normal/commercial_normal_less/000000033977_all__6.npy,Normal
Pistachio/VAD/vit-features/train/normal/commercial_normal_less/000000033977_all__7.npy,Normal
Pistachio/VAD/vit-features/train/normal/commercial_normal_less/000000033977_all__8.npy,Normal
Pistachio/VAD/vit-features/train/normal/commercial_normal_less/000000033977_all__9.npy,Normal
Pistachio/VAD/vit-features/train/normal/commercial_normal_less/000000034125_all__0.npy,Normal
Pistachio/VAD/vit-features/train/normal/commercial_normal_less/000000034125_all__1.npy,Normal
Pistachio/VAD/vit-features/train/normal/commercial_normal_less/000000034125_all__2.npy,Normal
Pistachio/VAD/vit-features/train/normal/commercial_normal_less/000000034125_all__3.npy,Normal
Pistachio/VAD/vit-features/train/normal/commercial_normal_less/000000034125_all__4.npy,Normal
Pistachio/VAD/vit-features/train/normal/commercial_normal_less/000000034125_all__5.npy,Normal
Pistachio/VAD/vit-features/train/normal/commercial_normal_less/000000034125_all__6.npy,Normal
Pistachio/VAD/vit-features/train/normal/commercial_normal_less/000000034125_all__7.npy,Normal
Pistachio/VAD/vit-features/train/normal/commercial_normal_less/000000034125_all__8.npy,Normal
Pistachio/VAD/vit-features/train/normal/commercial_normal_less/000000034125_all__9.npy,Normal
Pistachio/VAD/vit-features/train/normal/commercial_normal_less/000000034150_all__0.npy,Normal
Pistachio/VAD/vit-features/train/normal/commercial_normal_less/000000034150_all__1.npy,Normal
Pistachio/VAD/vit-features/train/normal/commercial_normal_less/000000034150_all__2.npy,Normal
Pistachio/VAD/vit-features/train/normal/commercial_normal_less/000000034150_all__3.npy,Normal
Pistachio/VAD/vit-features/train/normal/commercial_normal_less/000000034150_all__4.npy,Normal
Pistachio/VAD/vit-features/train/normal/commercial_normal_less/000000034150_all__5.npy,Normal
Pistachio/VAD/vit-features/train/normal/commercial_normal_less/000000034150_all__6.npy,Normal
Pistachio/VAD/vit-features/train/normal/commercial_normal_less/000000034150_all__7.npy,Normal
Pistachio/VAD/vit-features/train/normal/commercial_normal_less/000000034150_all__8.npy,Normal
Pistachio/VAD/vit-features/train/normal/commercial_normal_less/000000034150_all__9.npy,Normal
Pistachio/VAD/vit-features/train/normal/commercial_normal_less/000000034448_all__0.npy,Normal
Pistachio/VAD/vit-features/train/normal/commercial_normal_less/000000034448_all__1.npy,Normal
Pistachio/VAD/vit-features/train/normal/commercial_normal_less/000000034448_all__2.npy,Normal
Pistachio/VAD/vit-features/train/normal/commercial_normal_less/000000034448_all__3.npy,Normal
Pistachio/VAD/vit-features/train/normal/commercial_normal_less/000000034448_all__4.npy,Normal
Pistachio/VAD/vit-features/train/normal/commercial_normal_less/000000034448_all__5.npy,Normal
Pistachio/VAD/vit-features/train/normal/commercial_normal_less/000000034448_all__6.npy,Normal
Pistachio/VAD/vit-features/train/normal/commercial_normal_less/000000034448_all__7.npy,Normal
Pistachio/VAD/vit-features/train/normal/commercial_normal_less/000000034448_all__8.npy,Normal
Pistachio/VAD/vit-features/train/normal/commercial_normal_less/000000034448_all__9.npy,Normal
Pistachio/VAD/vit-features/train/normal/commercial_normal_less/000000034676_all__0.npy,Normal
Pistachio/VAD/vit-features/train/normal/commercial_normal_less/000000034676_all__1.npy,Normal
Pistachio/VAD/vit-features/train/normal/commercial_normal_less/000000034676_all__2.npy,Normal
Pistachio/VAD/vit-features/train/normal/commercial_normal_less/000000034676_all__3.npy,Normal
Pistachio/VAD/vit-features/train/normal/commercial_normal_less/000000034676_all__4.npy,Normal
Pistachio/VAD/vit-features/train/normal/commercial_normal_less/000000034676_all__5.npy,Normal
Pistachio/VAD/vit-features/train/normal/commercial_normal_less/000000034676_all__6.npy,Normal
Pistachio/VAD/vit-features/train/normal/commercial_normal_less/000000034676_all__7.npy,Normal
Pistachio/VAD/vit-features/train/normal/commercial_normal_less/000000034676_all__8.npy,Normal
Pistachio/VAD/vit-features/train/normal/commercial_normal_less/000000034676_all__9.npy,Normal
Pistachio/VAD/vit-features/train/normal/commercial_normal_less/000000034767_all__0.npy,Normal
Pistachio/VAD/vit-features/train/normal/commercial_normal_less/000000034767_all__1.npy,Normal
Pistachio/VAD/vit-features/train/normal/commercial_normal_less/000000034767_all__2.npy,Normal
Pistachio/VAD/vit-features/train/normal/commercial_normal_less/000000034767_all__3.npy,Normal
Pistachio/VAD/vit-features/train/normal/commercial_normal_less/000000034767_all__4.npy,Normal
Pistachio/VAD/vit-features/train/normal/commercial_normal_less/000000034767_all__5.npy,Normal
Pistachio/VAD/vit-features/train/normal/commercial_normal_less/000000034767_all__6.npy,Normal
Pistachio/VAD/vit-features/train/normal/commercial_normal_less/000000034767_all__7.npy,Normal
Pistachio/VAD/vit-features/train/normal/commercial_normal_less/000000034767_all__8.npy,Normal
Pistachio/VAD/vit-features/train/normal/commercial_normal_less/000000034767_all__9.npy,Normal
Pistachio/VAD/vit-features/train/normal/commercial_normal_less/000000035510_all__0.npy,Normal
Pistachio/VAD/vit-features/train/normal/commercial_normal_less/000000035510_all__1.npy,Normal
Pistachio/VAD/vit-features/train/normal/commercial_normal_less/000000035510_all__2.npy,Normal
Pistachio/VAD/vit-features/train/normal/commercial_normal_less/000000035510_all__3.npy,Normal
Pistachio/VAD/vit-features/train/normal/commercial_normal_less/000000035510_all__4.npy,Normal
Pistachio/VAD/vit-features/train/normal/commercial_normal_less/000000035510_all__5.npy,Normal
Pistachio/VAD/vit-features/train/normal/commercial_normal_less/000000035510_all__6.npy,Normal
Pistachio/VAD/vit-features/train/normal/commercial_normal_less/000000035510_all__7.npy,Normal
Pistachio/VAD/vit-features/train/normal/commercial_normal_less/000000035510_all__8.npy,Normal
Pistachio/VAD/vit-features/train/normal/commercial_normal_less/000000035510_all__9.npy,Normal
Pistachio/VAD/vit-features/train/normal/commercial_normal_less/000000035536_all__0.npy,Normal
Pistachio/VAD/vit-features/train/normal/commercial_normal_less/000000035536_all__1.npy,Normal
Pistachio/VAD/vit-features/train/normal/commercial_normal_less/000000035536_all__2.npy,Normal
Pistachio/VAD/vit-features/train/normal/commercial_normal_less/000000035536_all__3.npy,Normal
Pistachio/VAD/vit-features/train/normal/commercial_normal_less/000000035536_all__4.npy,Normal
Pistachio/VAD/vit-features/train/normal/commercial_normal_less/000000035536_all__5.npy,Normal
Pistachio/VAD/vit-features/train/normal/commercial_normal_less/000000035536_all__6.npy,Normal
Pistachio/VAD/vit-features/train/normal/commercial_normal_less/000000035536_all__7.npy,Normal
Pistachio/VAD/vit-features/train/normal/commercial_normal_less/000000035536_all__8.npy,Normal
Pistachio/VAD/vit-features/train/normal/commercial_normal_less/000000035536_all__9.npy,Normal
Pistachio/VAD/vit-features/train/normal/commercial_normal_less/000000035662_all__0.npy,Normal
Pistachio/VAD/vit-features/train/normal/commercial_normal_less/000000035662_all__1.npy,Normal
Pistachio/VAD/vit-features/train/normal/commercial_normal_less/000000035662_all__2.npy,Normal
Pistachio/VAD/vit-features/train/normal/commercial_normal_less/000000035662_all__3.npy,Normal
Pistachio/VAD/vit-features/train/normal/commercial_normal_less/000000035662_all__4.npy,Normal
Pistachio/VAD/vit-features/train/normal/commercial_normal_less/000000035662_all__5.npy,Normal
Pistachio/VAD/vit-features/train/normal/commercial_normal_less/000000035662_all__6.npy,Normal
Pistachio/VAD/vit-features/train/normal/commercial_normal_less/000000035662_all__7.npy,Normal
Pistachio/VAD/vit-features/train/normal/commercial_normal_less/000000035662_all__8.npy,Normal
Pistachio/VAD/vit-features/train/normal/commercial_normal_less/000000035662_all__9.npy,Normal
Pistachio/VAD/vit-features/train/normal/commercial_normal_less/000000036760_all__0.npy,Normal
Pistachio/VAD/vit-features/train/normal/commercial_normal_less/000000036760_all__1.npy,Normal
Pistachio/VAD/vit-features/train/normal/commercial_normal_less/000000036760_all__2.npy,Normal
Pistachio/VAD/vit-features/train/normal/commercial_normal_less/000000036760_all__3.npy,Normal
Pistachio/VAD/vit-features/train/normal/commercial_normal_less/000000036760_all__4.npy,Normal
Pistachio/VAD/vit-features/train/normal/commercial_normal_less/000000036760_all__5.npy,Normal
Pistachio/VAD/vit-features/train/normal/commercial_normal_less/000000036760_all__6.npy,Normal
Pistachio/VAD/vit-features/train/normal/commercial_normal_less/000000036760_all__7.npy,Normal
Pistachio/VAD/vit-features/train/normal/commercial_normal_less/000000036760_all__8.npy,Normal
Pistachio/VAD/vit-features/train/normal/commercial_normal_less/000000036760_all__9.npy,Normal
Pistachio/VAD/vit-features/train/normal/commercial_normal_less/000000036799_all__0.npy,Normal
Pistachio/VAD/vit-features/train/normal/commercial_normal_less/000000036799_all__1.npy,Normal
Pistachio/VAD/vit-features/train/normal/commercial_normal_less/000000036799_all__2.npy,Normal
Pistachio/VAD/vit-features/train/normal/commercial_normal_less/000000036799_all__3.npy,Normal
Pistachio/VAD/vit-features/train/normal/commercial_normal_less/000000036799_all__4.npy,Normal
Pistachio/VAD/vit-features/train/normal/commercial_normal_less/000000036799_all__5.npy,Normal
Pistachio/VAD/vit-features/train/normal/commercial_normal_less/000000036799_all__6.npy,Normal
Pistachio/VAD/vit-features/train/normal/commercial_normal_less/000000036799_all__7.npy,Normal
Pistachio/VAD/vit-features/train/normal/commercial_normal_less/000000036799_all__8.npy,Normal
Pistachio/VAD/vit-features/train/normal/commercial_normal_less/000000036799_all__9.npy,Normal
Pistachio/VAD/vit-features/train/normal/commercial_normal_less/000000037034_all__0.npy,Normal
Pistachio/VAD/vit-features/train/normal/commercial_normal_less/000000037034_all__1.npy,Normal
Pistachio/VAD/vit-features/train/normal/commercial_normal_less/000000037034_all__2.npy,Normal
Pistachio/VAD/vit-features/train/normal/commercial_normal_less/000000037034_all__3.npy,Normal
Pistachio/VAD/vit-features/train/normal/commercial_normal_less/000000037034_all__4.npy,Normal
Pistachio/VAD/vit-features/train/normal/commercial_normal_less/000000037034_all__5.npy,Normal
Pistachio/VAD/vit-features/train/normal/commercial_normal_less/000000037034_all__6.npy,Normal
Pistachio/VAD/vit-features/train/normal/commercial_normal_less/000000037034_all__7.npy,Normal
Pistachio/VAD/vit-features/train/normal/commercial_normal_less/000000037034_all__8.npy,Normal
Pistachio/VAD/vit-features/train/normal/commercial_normal_less/000000037034_all__9.npy,Normal
Pistachio/VAD/vit-features/train/normal/commercial_normal_less/000000037305_all__0.npy,Normal
Pistachio/VAD/vit-features/train/normal/commercial_normal_less/000000037305_all__1.npy,Normal
Pistachio/VAD/vit-features/train/normal/commercial_normal_less/000000037305_all__2.npy,Normal
Pistachio/VAD/vit-features/train/normal/commercial_normal_less/000000037305_all__3.npy,Normal
Pistachio/VAD/vit-features/train/normal/commercial_normal_less/000000037305_all__4.npy,Normal
Pistachio/VAD/vit-features/train/normal/commercial_normal_less/000000037305_all__5.npy,Normal
Pistachio/VAD/vit-features/train/normal/commercial_normal_less/000000037305_all__6.npy,Normal
Pistachio/VAD/vit-features/train/normal/commercial_normal_less/000000037305_all__7.npy,Normal
Pistachio/VAD/vit-features/train/normal/commercial_normal_less/000000037305_all__8.npy,Normal
Pistachio/VAD/vit-features/train/normal/commercial_normal_less/000000037305_all__9.npy,Normal
Pistachio/VAD/vit-features/train/normal/commercial_normal_less/000000037409_all__0.npy,Normal
Pistachio/VAD/vit-features/train/normal/commercial_normal_less/000000037409_all__1.npy,Normal
Pistachio/VAD/vit-features/train/normal/commercial_normal_less/000000037409_all__2.npy,Normal
Pistachio/VAD/vit-features/train/normal/commercial_normal_less/000000037409_all__3.npy,Normal
Pistachio/VAD/vit-features/train/normal/commercial_normal_less/000000037409_all__4.npy,Normal
Pistachio/VAD/vit-features/train/normal/commercial_normal_less/000000037409_all__5.npy,Normal
Pistachio/VAD/vit-features/train/normal/commercial_normal_less/000000037409_all__6.npy,Normal
Pistachio/VAD/vit-features/train/normal/commercial_normal_less/000000037409_all__7.npy,Normal
Pistachio/VAD/vit-features/train/normal/commercial_normal_less/000000037409_all__8.npy,Normal
Pistachio/VAD/vit-features/train/normal/commercial_normal_less/000000037409_all__9.npy,Normal
Pistachio/VAD/vit-features/train/normal/commercial_normal_less/000000037471_all__0.npy,Normal
Pistachio/VAD/vit-features/train/normal/commercial_normal_less/000000037471_all__1.npy,Normal
Pistachio/VAD/vit-features/train/normal/commercial_normal_less/000000037471_all__2.npy,Normal
Pistachio/VAD/vit-features/train/normal/commercial_normal_less/000000037471_all__3.npy,Normal
Pistachio/VAD/vit-features/train/normal/commercial_normal_less/000000037471_all__4.npy,Normal
Pistachio/VAD/vit-features/train/normal/commercial_normal_less/000000037471_all__5.npy,Normal
Pistachio/VAD/vit-features/train/normal/commercial_normal_less/000000037471_all__6.npy,Normal
Pistachio/VAD/vit-features/train/normal/commercial_normal_less/000000037471_all__7.npy,Normal
Pistachio/VAD/vit-features/train/normal/commercial_normal_less/000000037471_all__8.npy,Normal
Pistachio/VAD/vit-features/train/normal/commercial_normal_less/000000037471_all__9.npy,Normal
Pistachio/VAD/vit-features/train/normal/commercial_normal_less/000000037499_all__0.npy,Normal
Pistachio/VAD/vit-features/train/normal/commercial_normal_less/000000037499_all__1.npy,Normal
Pistachio/VAD/vit-features/train/normal/commercial_normal_less/000000037499_all__2.npy,Normal
Pistachio/VAD/vit-features/train/normal/commercial_normal_less/000000037499_all__3.npy,Normal
Pistachio/VAD/vit-features/train/normal/commercial_normal_less/000000037499_all__4.npy,Normal
Pistachio/VAD/vit-features/train/normal/commercial_normal_less/000000037499_all__5.npy,Normal
Pistachio/VAD/vit-features/train/normal/commercial_normal_less/000000037499_all__6.npy,Normal
Pistachio/VAD/vit-features/train/normal/commercial_normal_less/000000037499_all__7.npy,Normal
Pistachio/VAD/vit-features/train/normal/commercial_normal_less/000000037499_all__8.npy,Normal
Pistachio/VAD/vit-features/train/normal/commercial_normal_less/000000037499_all__9.npy,Normal
Pistachio/VAD/vit-features/train/normal/commercial_normal_less/000000037946_all__0.npy,Normal
Pistachio/VAD/vit-features/train/normal/commercial_normal_less/000000037946_all__1.npy,Normal
Pistachio/VAD/vit-features/train/normal/commercial_normal_less/000000037946_all__2.npy,Normal
Pistachio/VAD/vit-features/train/normal/commercial_normal_less/000000037946_all__3.npy,Normal
Pistachio/VAD/vit-features/train/normal/commercial_normal_less/000000037946_all__4.npy,Normal
Pistachio/VAD/vit-features/train/normal/commercial_normal_less/000000037946_all__5.npy,Normal
Pistachio/VAD/vit-features/train/normal/commercial_normal_less/000000037946_all__6.npy,Normal
Pistachio/VAD/vit-features/train/normal/commercial_normal_less/000000037946_all__7.npy,Normal
Pistachio/VAD/vit-features/train/normal/commercial_normal_less/000000037946_all__8.npy,Normal
Pistachio/VAD/vit-features/train/normal/commercial_normal_less/000000037946_all__9.npy,Normal
Pistachio/VAD/vit-features/train/normal/commercial_normal_less/000000038011_all__0.npy,Normal
Pistachio/VAD/vit-features/train/normal/commercial_normal_less/000000038011_all__1.npy,Normal
Pistachio/VAD/vit-features/train/normal/commercial_normal_less/000000038011_all__2.npy,Normal
Pistachio/VAD/vit-features/train/normal/commercial_normal_less/000000038011_all__3.npy,Normal
Pistachio/VAD/vit-features/train/normal/commercial_normal_less/000000038011_all__4.npy,Normal
Pistachio/VAD/vit-features/train/normal/commercial_normal_less/000000038011_all__5.npy,Normal
Pistachio/VAD/vit-features/train/normal/commercial_normal_less/000000038011_all__6.npy,Normal
Pistachio/VAD/vit-features/train/normal/commercial_normal_less/000000038011_all__7.npy,Normal
Pistachio/VAD/vit-features/train/normal/commercial_normal_less/000000038011_all__8.npy,Normal
Pistachio/VAD/vit-features/train/normal/commercial_normal_less/000000038011_all__9.npy,Normal
Pistachio/VAD/vit-features/train/normal/commercial_normal_less/000000038281_all__0.npy,Normal
Pistachio/VAD/vit-features/train/normal/commercial_normal_less/000000038281_all__1.npy,Normal
Pistachio/VAD/vit-features/train/normal/commercial_normal_less/000000038281_all__2.npy,Normal
Pistachio/VAD/vit-features/train/normal/commercial_normal_less/000000038281_all__3.npy,Normal
Pistachio/VAD/vit-features/train/normal/commercial_normal_less/000000038281_all__4.npy,Normal
Pistachio/VAD/vit-features/train/normal/commercial_normal_less/000000038281_all__5.npy,Normal
Pistachio/VAD/vit-features/train/normal/commercial_normal_less/000000038281_all__6.npy,Normal
Pistachio/VAD/vit-features/train/normal/commercial_normal_less/000000038281_all__7.npy,Normal
Pistachio/VAD/vit-features/train/normal/commercial_normal_less/000000038281_all__8.npy,Normal
Pistachio/VAD/vit-features/train/normal/commercial_normal_less/000000038281_all__9.npy,Normal
Pistachio/VAD/vit-features/train/normal/commercial_normal_less/000000038312_all__0.npy,Normal
Pistachio/VAD/vit-features/train/normal/commercial_normal_less/000000038312_all__1.npy,Normal
Pistachio/VAD/vit-features/train/normal/commercial_normal_less/000000038312_all__2.npy,Normal
Pistachio/VAD/vit-features/train/normal/commercial_normal_less/000000038312_all__3.npy,Normal
Pistachio/VAD/vit-features/train/normal/commercial_normal_less/000000038312_all__4.npy,Normal
Pistachio/VAD/vit-features/train/normal/commercial_normal_less/000000038312_all__5.npy,Normal
Pistachio/VAD/vit-features/train/normal/commercial_normal_less/000000038312_all__6.npy,Normal
Pistachio/VAD/vit-features/train/normal/commercial_normal_less/000000038312_all__7.npy,Normal
Pistachio/VAD/vit-features/train/normal/commercial_normal_less/000000038312_all__8.npy,Normal
Pistachio/VAD/vit-features/train/normal/commercial_normal_less/000000038312_all__9.npy,Normal
Pistachio/VAD/vit-features/train/normal/commercial_normal_less/000000038607_all__0.npy,Normal
Pistachio/VAD/vit-features/train/normal/commercial_normal_less/000000038607_all__1.npy,Normal
Pistachio/VAD/vit-features/train/normal/commercial_normal_less/000000038607_all__2.npy,Normal
Pistachio/VAD/vit-features/train/normal/commercial_normal_less/000000038607_all__3.npy,Normal
Pistachio/VAD/vit-features/train/normal/commercial_normal_less/000000038607_all__4.npy,Normal
Pistachio/VAD/vit-features/train/normal/commercial_normal_less/000000038607_all__5.npy,Normal
Pistachio/VAD/vit-features/train/normal/commercial_normal_less/000000038607_all__6.npy,Normal
Pistachio/VAD/vit-features/train/normal/commercial_normal_less/000000038607_all__7.npy,Normal
Pistachio/VAD/vit-features/train/normal/commercial_normal_less/000000038607_all__8.npy,Normal
Pistachio/VAD/vit-features/train/normal/commercial_normal_less/000000038607_all__9.npy,Normal
Pistachio/VAD/vit-features/train/normal/commercial_normal_less/000000038657_all__0.npy,Normal
Pistachio/VAD/vit-features/train/normal/commercial_normal_less/000000038657_all__1.npy,Normal
Pistachio/VAD/vit-features/train/normal/commercial_normal_less/000000038657_all__2.npy,Normal
Pistachio/VAD/vit-features/train/normal/commercial_normal_less/000000038657_all__3.npy,Normal
Pistachio/VAD/vit-features/train/normal/commercial_normal_less/000000038657_all__4.npy,Normal
Pistachio/VAD/vit-features/train/normal/commercial_normal_less/000000038657_all__5.npy,Normal
Pistachio/VAD/vit-features/train/normal/commercial_normal_less/000000038657_all__6.npy,Normal
Pistachio/VAD/vit-features/train/normal/commercial_normal_less/000000038657_all__7.npy,Normal
Pistachio/VAD/vit-features/train/normal/commercial_normal_less/000000038657_all__8.npy,Normal
Pistachio/VAD/vit-features/train/normal/commercial_normal_less/000000038657_all__9.npy,Normal
Pistachio/VAD/vit-features/train/normal/commercial_normal_less/000000038792_all__0.npy,Normal
Pistachio/VAD/vit-features/train/normal/commercial_normal_less/000000038792_all__1.npy,Normal
Pistachio/VAD/vit-features/train/normal/commercial_normal_less/000000038792_all__2.npy,Normal
Pistachio/VAD/vit-features/train/normal/commercial_normal_less/000000038792_all__3.npy,Normal
Pistachio/VAD/vit-features/train/normal/commercial_normal_less/000000038792_all__4.npy,Normal
Pistachio/VAD/vit-features/train/normal/commercial_normal_less/000000038792_all__5.npy,Normal
Pistachio/VAD/vit-features/train/normal/commercial_normal_less/000000038792_all__6.npy,Normal
Pistachio/VAD/vit-features/train/normal/commercial_normal_less/000000038792_all__7.npy,Normal
Pistachio/VAD/vit-features/train/normal/commercial_normal_less/000000038792_all__8.npy,Normal
Pistachio/VAD/vit-features/train/normal/commercial_normal_less/000000038792_all__9.npy,Normal
Pistachio/VAD/vit-features/train/normal/commercial_normal_less/000000039050_all__0.npy,Normal
Pistachio/VAD/vit-features/train/normal/commercial_normal_less/000000039050_all__1.npy,Normal
Pistachio/VAD/vit-features/train/normal/commercial_normal_less/000000039050_all__2.npy,Normal
Pistachio/VAD/vit-features/train/normal/commercial_normal_less/000000039050_all__3.npy,Normal
Pistachio/VAD/vit-features/train/normal/commercial_normal_less/000000039050_all__4.npy,Normal
Pistachio/VAD/vit-features/train/normal/commercial_normal_less/000000039050_all__5.npy,Normal
Pistachio/VAD/vit-features/train/normal/commercial_normal_less/000000039050_all__6.npy,Normal
Pistachio/VAD/vit-features/train/normal/commercial_normal_less/000000039050_all__7.npy,Normal
Pistachio/VAD/vit-features/train/normal/commercial_normal_less/000000039050_all__8.npy,Normal
Pistachio/VAD/vit-features/train/normal/commercial_normal_less/000000039050_all__9.npy,Normal
Pistachio/VAD/vit-features/train/normal/commercial_normal_less/000000039166_all__0.npy,Normal
Pistachio/VAD/vit-features/train/normal/commercial_normal_less/000000039166_all__1.npy,Normal
Pistachio/VAD/vit-features/train/normal/commercial_normal_less/000000039166_all__2.npy,Normal
Pistachio/VAD/vit-features/train/normal/commercial_normal_less/000000039166_all__3.npy,Normal
Pistachio/VAD/vit-features/train/normal/commercial_normal_less/000000039166_all__4.npy,Normal
Pistachio/VAD/vit-features/train/normal/commercial_normal_less/000000039166_all__5.npy,Normal
Pistachio/VAD/vit-features/train/normal/commercial_normal_less/000000039166_all__6.npy,Normal
Pistachio/VAD/vit-features/train/normal/commercial_normal_less/000000039166_all__7.npy,Normal
Pistachio/VAD/vit-features/train/normal/commercial_normal_less/000000039166_all__8.npy,Normal
Pistachio/VAD/vit-features/train/normal/commercial_normal_less/000000039166_all__9.npy,Normal
Pistachio/VAD/vit-features/train/normal/commercial_normal_less/000000039218_all__0.npy,Normal
Pistachio/VAD/vit-features/train/normal/commercial_normal_less/000000039218_all__1.npy,Normal
Pistachio/VAD/vit-features/train/normal/commercial_normal_less/000000039218_all__2.npy,Normal
Pistachio/VAD/vit-features/train/normal/commercial_normal_less/000000039218_all__3.npy,Normal
Pistachio/VAD/vit-features/train/normal/commercial_normal_less/000000039218_all__4.npy,Normal
Pistachio/VAD/vit-features/train/normal/commercial_normal_less/000000039218_all__5.npy,Normal
Pistachio/VAD/vit-features/train/normal/commercial_normal_less/000000039218_all__6.npy,Normal
Pistachio/VAD/vit-features/train/normal/commercial_normal_less/000000039218_all__7.npy,Normal
Pistachio/VAD/vit-features/train/normal/commercial_normal_less/000000039218_all__8.npy,Normal
Pistachio/VAD/vit-features/train/normal/commercial_normal_less/000000039218_all__9.npy,Normal
Pistachio/VAD/vit-features/train/normal/commercial_normal_less/000000039218_all__0.npy,Normal
Pistachio/VAD/vit-features/train/normal/commercial_normal_less/000000039218_all__1.npy,Normal
Pistachio/VAD/vit-features/train/normal/commercial_normal_less/000000039218_all__2.npy,Normal
Pistachio/VAD/vit-features/train/normal/commercial_normal_less/000000039218_all__3.npy,Normal
Pistachio/VAD/vit-features/train/normal/commercial_normal_less/000000039218_all__4.npy,Normal
Pistachio/VAD/vit-features/train/normal/commercial_normal_less/000000039218_all__5.npy,Normal
Pistachio/VAD/vit-features/train/normal/commercial_normal_less/000000039218_all__6.npy,Normal
Pistachio/VAD/vit-features/train/normal/commercial_normal_less/000000039218_all__7.npy,Normal
Pistachio/VAD/vit-features/train/normal/commercial_normal_less/000000039218_all__8.npy,Normal
Pistachio/VAD/vit-features/train/normal/commercial_normal_less/000000039218_all__9.npy,Normal
Pistachio/VAD/vit-features/train/normal/commercial_normal_less/000000039294_all__0.npy,Normal
Pistachio/VAD/vit-features/train/normal/commercial_normal_less/000000039294_all__1.npy,Normal
Pistachio/VAD/vit-features/train/normal/commercial_normal_less/000000039294_all__2.npy,Normal
Pistachio/VAD/vit-features/train/normal/commercial_normal_less/000000039294_all__3.npy,Normal
Pistachio/VAD/vit-features/train/normal/commercial_normal_less/000000039294_all__4.npy,Normal
Pistachio/VAD/vit-features/train/normal/commercial_normal_less/000000039294_all__5.npy,Normal
Pistachio/VAD/vit-features/train/normal/commercial_normal_less/000000039294_all__6.npy,Normal
Pistachio/VAD/vit-features/train/normal/commercial_normal_less/000000039294_all__7.npy,Normal
Pistachio/VAD/vit-features/train/normal/commercial_normal_less/000000039294_all__8.npy,Normal
Pistachio/VAD/vit-features/train/normal/commercial_normal_less/000000039294_all__9.npy,Normal
Pistachio/VAD/vit-features/train/normal/commercial_normal_less/000000039370_all__0.npy,Normal
Pistachio/VAD/vit-features/train/normal/commercial_normal_less/000000039370_all__1.npy,Normal
Pistachio/VAD/vit-features/train/normal/commercial_normal_less/000000039370_all__2.npy,Normal
Pistachio/VAD/vit-features/train/normal/commercial_normal_less/000000039370_all__3.npy,Normal
Pistachio/VAD/vit-features/train/normal/commercial_normal_less/000000039370_all__4.npy,Normal
Pistachio/VAD/vit-features/train/normal/commercial_normal_less/000000039370_all__5.npy,Normal
Pistachio/VAD/vit-features/train/normal/commercial_normal_less/000000039370_all__6.npy,Normal
Pistachio/VAD/vit-features/train/normal/commercial_normal_less/000000039370_all__7.npy,Normal
Pistachio/VAD/vit-features/train/normal/commercial_normal_less/000000039370_all__8.npy,Normal
Pistachio/VAD/vit-features/train/normal/commercial_normal_less/000000039370_all__9.npy,Normal
Pistachio/VAD/vit-features/train/normal/commercial_normal_less/000000039461_all__0.npy,Normal
Pistachio/VAD/vit-features/train/normal/commercial_normal_less/000000039461_all__1.npy,Normal
Pistachio/VAD/vit-features/train/normal/commercial_normal_less/000000039461_all__2.npy,Normal
Pistachio/VAD/vit-features/train/normal/commercial_normal_less/000000039461_all__3.npy,Normal
Pistachio/VAD/vit-features/train/normal/commercial_normal_less/000000039461_all__4.npy,Normal
Pistachio/VAD/vit-features/train/normal/commercial_normal_less/000000039461_all__5.npy,Normal
Pistachio/VAD/vit-features/train/normal/commercial_normal_less/000000039461_all__6.npy,Normal
Pistachio/VAD/vit-features/train/normal/commercial_normal_less/000000039461_all__7.npy,Normal
Pistachio/VAD/vit-features/train/normal/commercial_normal_less/000000039461_all__8.npy,Normal
Pistachio/VAD/vit-features/train/normal/commercial_normal_less/000000039461_all__9.npy,Normal
Pistachio/VAD/vit-features/train/normal/commercial_normal_less/000000039719_all__0.npy,Normal
Pistachio/VAD/vit-features/train/normal/commercial_normal_less/000000039719_all__1.npy,Normal
Pistachio/VAD/vit-features/train/normal/commercial_normal_less/000000039719_all__2.npy,Normal
Pistachio/VAD/vit-features/train/normal/commercial_normal_less/000000039719_all__3.npy,Normal
Pistachio/VAD/vit-features/train/normal/commercial_normal_less/000000039719_all__4.npy,Normal
Pistachio/VAD/vit-features/train/normal/commercial_normal_less/000000039719_all__5.npy,Normal
Pistachio/VAD/vit-features/train/normal/commercial_normal_less/000000039719_all__6.npy,Normal
Pistachio/VAD/vit-features/train/normal/commercial_normal_less/000000039719_all__7.npy,Normal
Pistachio/VAD/vit-features/train/normal/commercial_normal_less/000000039719_all__8.npy,Normal
Pistachio/VAD/vit-features/train/normal/commercial_normal_less/000000039719_all__9.npy,Normal
Pistachio/VAD/vit-features/train/normal/commercial_normal_less/000000039719_all__0.npy,Normal
Pistachio/VAD/vit-features/train/normal/commercial_normal_less/000000039719_all__1.npy,Normal
Pistachio/VAD/vit-features/train/normal/commercial_normal_less/000000039719_all__2.npy,Normal
Pistachio/VAD/vit-features/train/normal/commercial_normal_less/000000039719_all__3.npy,Normal
Pistachio/VAD/vit-features/train/normal/commercial_normal_less/000000039719_all__4.npy,Normal
Pistachio/VAD/vit-features/train/normal/commercial_normal_less/000000039719_all__5.npy,Normal
Pistachio/VAD/vit-features/train/normal/commercial_normal_less/000000039719_all__6.npy,Normal
Pistachio/VAD/vit-features/train/normal/commercial_normal_less/000000039719_all__7.npy,Normal
Pistachio/VAD/vit-features/train/normal/commercial_normal_less/000000039719_all__8.npy,Normal
Pistachio/VAD/vit-features/train/normal/commercial_normal_less/000000039719_all__9.npy,Normal
Pistachio/VAD/vit-features/train/normal/commercial_normal_less/000000039787_all__0.npy,Normal
Pistachio/VAD/vit-features/train/normal/commercial_normal_less/000000039787_all__1.npy,Normal
Pistachio/VAD/vit-features/train/normal/commercial_normal_less/000000039787_all__2.npy,Normal
Pistachio/VAD/vit-features/train/normal/commercial_normal_less/000000039787_all__3.npy,Normal
Pistachio/VAD/vit-features/train/normal/commercial_normal_less/000000039787_all__4.npy,Normal
Pistachio/VAD/vit-features/train/normal/commercial_normal_less/000000039787_all__5.npy,Normal
Pistachio/VAD/vit-features/train/normal/commercial_normal_less/000000039787_all__6.npy,Normal
Pistachio/VAD/vit-features/train/normal/commercial_normal_less/000000039787_all__7.npy,Normal
Pistachio/VAD/vit-features/train/normal/commercial_normal_less/000000039787_all__8.npy,Normal
Pistachio/VAD/vit-features/train/normal/commercial_normal_less/000000039787_all__9.npy,Normal
Pistachio/VAD/vit-features/train/normal/commercial_normal_less/000000039787_all__0.npy,Normal
Pistachio/VAD/vit-features/train/normal/commercial_normal_less/000000039787_all__1.npy,Normal
Pistachio/VAD/vit-features/train/normal/commercial_normal_less/000000039787_all__2.npy,Normal
Pistachio/VAD/vit-features/train/normal/commercial_normal_less/000000039787_all__3.npy,Normal
Pistachio/VAD/vit-features/train/normal/commercial_normal_less/000000039787_all__4.npy,Normal
Pistachio/VAD/vit-features/train/normal/commercial_normal_less/000000039787_all__5.npy,Normal
Pistachio/VAD/vit-features/train/normal/commercial_normal_less/000000039787_all__6.npy,Normal
Pistachio/VAD/vit-features/train/normal/commercial_normal_less/000000039787_all__7.npy,Normal
Pistachio/VAD/vit-features/train/normal/commercial_normal_less/000000039787_all__8.npy,Normal
Pistachio/VAD/vit-features/train/normal/commercial_normal_less/000000039787_all__9.npy,Normal
Pistachio/VAD/vit-features/train/normal/commercial_normal_less/000000039850_all__0.npy,Normal
Pistachio/VAD/vit-features/train/normal/commercial_normal_less/000000039850_all__1.npy,Normal
Pistachio/VAD/vit-features/train/normal/commercial_normal_less/000000039850_all__2.npy,Normal
Pistachio/VAD/vit-features/train/normal/commercial_normal_less/000000039850_all__3.npy,Normal
Pistachio/VAD/vit-features/train/normal/commercial_normal_less/000000039850_all__4.npy,Normal
Pistachio/VAD/vit-features/train/normal/commercial_normal_less/000000039850_all__5.npy,Normal
Pistachio/VAD/vit-features/train/normal/commercial_normal_less/000000039850_all__6.npy,Normal
Pistachio/VAD/vit-features/train/normal/commercial_normal_less/000000039850_all__7.npy,Normal
Pistachio/VAD/vit-features/train/normal/commercial_normal_less/000000039850_all__8.npy,Normal
Pistachio/VAD/vit-features/train/normal/commercial_normal_less/000000039850_all__9.npy,Normal
Pistachio/VAD/vit-features/train/normal/commercial_normal_less/000000039957_all__0.npy,Normal
Pistachio/VAD/vit-features/train/normal/commercial_normal_less/000000039957_all__1.npy,Normal
Pistachio/VAD/vit-features/train/normal/commercial_normal_less/000000039957_all__2.npy,Normal
Pistachio/VAD/vit-features/train/normal/commercial_normal_less/000000039957_all__3.npy,Normal
Pistachio/VAD/vit-features/train/normal/commercial_normal_less/000000039957_all__4.npy,Normal
Pistachio/VAD/vit-features/train/normal/commercial_normal_less/000000039957_all__5.npy,Normal
Pistachio/VAD/vit-features/train/normal/commercial_normal_less/000000039957_all__6.npy,Normal
Pistachio/VAD/vit-features/train/normal/commercial_normal_less/000000039957_all__7.npy,Normal
Pistachio/VAD/vit-features/train/normal/commercial_normal_less/000000039957_all__8.npy,Normal
Pistachio/VAD/vit-features/train/normal/commercial_normal_less/000000039957_all__9.npy,Normal
Pistachio/VAD/vit-features/train/normal/commercial_normal_less/000000040159_all__0.npy,Normal
Pistachio/VAD/vit-features/train/normal/commercial_normal_less/000000040159_all__1.npy,Normal
Pistachio/VAD/vit-features/train/normal/commercial_normal_less/000000040159_all__2.npy,Normal
Pistachio/VAD/vit-features/train/normal/commercial_normal_less/000000040159_all__3.npy,Normal
Pistachio/VAD/vit-features/train/normal/commercial_normal_less/000000040159_all__4.npy,Normal
Pistachio/VAD/vit-features/train/normal/commercial_normal_less/000000040159_all__5.npy,Normal
Pistachio/VAD/vit-features/train/normal/commercial_normal_less/000000040159_all__6.npy,Normal
Pistachio/VAD/vit-features/train/normal/commercial_normal_less/000000040159_all__7.npy,Normal
Pistachio/VAD/vit-features/train/normal/commercial_normal_less/000000040159_all__8.npy,Normal
Pistachio/VAD/vit-features/train/normal/commercial_normal_less/000000040159_all__9.npy,Normal
Pistachio/VAD/vit-features/train/normal/commercial_normal_less/000000040253_all__0.npy,Normal
Pistachio/VAD/vit-features/train/normal/commercial_normal_less/000000040253_all__1.npy,Normal
Pistachio/VAD/vit-features/train/normal/commercial_normal_less/000000040253_all__2.npy,Normal
Pistachio/VAD/vit-features/train/normal/commercial_normal_less/000000040253_all__3.npy,Normal
Pistachio/VAD/vit-features/train/normal/commercial_normal_less/000000040253_all__4.npy,Normal
Pistachio/VAD/vit-features/train/normal/commercial_normal_less/000000040253_all__5.npy,Normal
Pistachio/VAD/vit-features/train/normal/commercial_normal_less/000000040253_all__6.npy,Normal
Pistachio/VAD/vit-features/train/normal/commercial_normal_less/000000040253_all__7.npy,Normal
Pistachio/VAD/vit-features/train/normal/commercial_normal_less/000000040253_all__8.npy,Normal
Pistachio/VAD/vit-features/train/normal/commercial_normal_less/000000040253_all__9.npy,Normal
Pistachio/VAD/vit-features/train/normal/commercial_normal_less/000000040505_all__0.npy,Normal
Pistachio/VAD/vit-features/train/normal/commercial_normal_less/000000040505_all__1.npy,Normal
Pistachio/VAD/vit-features/train/normal/commercial_normal_less/000000040505_all__2.npy,Normal
Pistachio/VAD/vit-features/train/normal/commercial_normal_less/000000040505_all__3.npy,Normal
Pistachio/VAD/vit-features/train/normal/commercial_normal_less/000000040505_all__4.npy,Normal
Pistachio/VAD/vit-features/train/normal/commercial_normal_less/000000040505_all__5.npy,Normal
Pistachio/VAD/vit-features/train/normal/commercial_normal_less/000000040505_all__6.npy,Normal
Pistachio/VAD/vit-features/train/normal/commercial_normal_less/000000040505_all__7.npy,Normal
Pistachio/VAD/vit-features/train/normal/commercial_normal_less/000000040505_all__8.npy,Normal
Pistachio/VAD/vit-features/train/normal/commercial_normal_less/000000040505_all__9.npy,Normal
Pistachio/VAD/vit-features/train/normal/commercial_normal_less/000000040516_all__0.npy,Normal
Pistachio/VAD/vit-features/train/normal/commercial_normal_less/000000040516_all__1.npy,Normal
Pistachio/VAD/vit-features/train/normal/commercial_normal_less/000000040516_all__2.npy,Normal
Pistachio/VAD/vit-features/train/normal/commercial_normal_less/000000040516_all__3.npy,Normal
Pistachio/VAD/vit-features/train/normal/commercial_normal_less/000000040516_all__4.npy,Normal
Pistachio/VAD/vit-features/train/normal/commercial_normal_less/000000040516_all__5.npy,Normal
Pistachio/VAD/vit-features/train/normal/commercial_normal_less/000000040516_all__6.npy,Normal
Pistachio/VAD/vit-features/train/normal/commercial_normal_less/000000040516_all__7.npy,Normal
Pistachio/VAD/vit-features/train/normal/commercial_normal_less/000000040516_all__8.npy,Normal
Pistachio/VAD/vit-features/train/normal/commercial_normal_less/000000040516_all__9.npy,Normal
Pistachio/VAD/vit-features/train/normal/commercial_normal_less/000000040528_all__0.npy,Normal
Pistachio/VAD/vit-features/train/normal/commercial_normal_less/000000040528_all__1.npy,Normal
Pistachio/VAD/vit-features/train/normal/commercial_normal_less/000000040528_all__2.npy,Normal
Pistachio/VAD/vit-features/train/normal/commercial_normal_less/000000040528_all__3.npy,Normal
Pistachio/VAD/vit-features/train/normal/commercial_normal_less/000000040528_all__4.npy,Normal
Pistachio/VAD/vit-features/train/normal/commercial_normal_less/000000040528_all__5.npy,Normal
Pistachio/VAD/vit-features/train/normal/commercial_normal_less/000000040528_all__6.npy,Normal
Pistachio/VAD/vit-features/train/normal/commercial_normal_less/000000040528_all__7.npy,Normal
Pistachio/VAD/vit-features/train/normal/commercial_normal_less/000000040528_all__8.npy,Normal
Pistachio/VAD/vit-features/train/normal/commercial_normal_less/000000040528_all__9.npy,Normal
Pistachio/VAD/vit-features/train/normal/commercial_normal_less/000000040528_all__0.npy,Normal
Pistachio/VAD/vit-features/train/normal/commercial_normal_less/000000040528_all__1.npy,Normal
Pistachio/VAD/vit-features/train/normal/commercial_normal_less/000000040528_all__2.npy,Normal
Pistachio/VAD/vit-features/train/normal/commercial_normal_less/000000040528_all__3.npy,Normal
Pistachio/VAD/vit-features/train/normal/commercial_normal_less/000000040528_all__4.npy,Normal
Pistachio/VAD/vit-features/train/normal/commercial_normal_less/000000040528_all__5.npy,Normal
Pistachio/VAD/vit-features/train/normal/commercial_normal_less/000000040528_all__6.npy,Normal
Pistachio/VAD/vit-features/train/normal/commercial_normal_less/000000040528_all__7.npy,Normal
Pistachio/VAD/vit-features/train/normal/commercial_normal_less/000000040528_all__8.npy,Normal
Pistachio/VAD/vit-features/train/normal/commercial_normal_less/000000040528_all__9.npy,Normal
Pistachio/VAD/vit-features/train/normal/commercial_normal_less/000000040631_all__0.npy,Normal
Pistachio/VAD/vit-features/train/normal/commercial_normal_less/000000040631_all__1.npy,Normal
Pistachio/VAD/vit-features/train/normal/commercial_normal_less/000000040631_all__2.npy,Normal
Pistachio/VAD/vit-features/train/normal/commercial_normal_less/000000040631_all__3.npy,Normal
Pistachio/VAD/vit-features/train/normal/commercial_normal_less/000000040631_all__4.npy,Normal
Pistachio/VAD/vit-features/train/normal/commercial_normal_less/000000040631_all__5.npy,Normal
Pistachio/VAD/vit-features/train/normal/commercial_normal_less/000000040631_all__6.npy,Normal
Pistachio/VAD/vit-features/train/normal/commercial_normal_less/000000040631_all__7.npy,Normal
Pistachio/VAD/vit-features/train/normal/commercial_normal_less/000000040631_all__8.npy,Normal
Pistachio/VAD/vit-features/train/normal/commercial_normal_less/000000040631_all__9.npy,Normal
Pistachio/VAD/vit-features/train/normal/commercial_normal_less/000000040672_all__0.npy,Normal
Pistachio/VAD/vit-features/train/normal/commercial_normal_less/000000040672_all__1.npy,Normal
Pistachio/VAD/vit-features/train/normal/commercial_normal_less/000000040672_all__2.npy,Normal
Pistachio/VAD/vit-features/train/normal/commercial_normal_less/000000040672_all__3.npy,Normal
Pistachio/VAD/vit-features/train/normal/commercial_normal_less/000000040672_all__4.npy,Normal
Pistachio/VAD/vit-features/train/normal/commercial_normal_less/000000040672_all__5.npy,Normal
Pistachio/VAD/vit-features/train/normal/commercial_normal_less/000000040672_all__6.npy,Normal
Pistachio/VAD/vit-features/train/normal/commercial_normal_less/000000040672_all__7.npy,Normal
Pistachio/VAD/vit-features/train/normal/commercial_normal_less/000000040672_all__8.npy,Normal
Pistachio/VAD/vit-features/train/normal/commercial_normal_less/000000040672_all__9.npy,Normal
Pistachio/VAD/vit-features/train/normal/commercial_normal_less/000000040935_all__0.npy,Normal
Pistachio/VAD/vit-features/train/normal/commercial_normal_less/000000040935_all__1.npy,Normal
Pistachio/VAD/vit-features/train/normal/commercial_normal_less/000000040935_all__2.npy,Normal
Pistachio/VAD/vit-features/train/normal/commercial_normal_less/000000040935_all__3.npy,Normal
Pistachio/VAD/vit-features/train/normal/commercial_normal_less/000000040935_all__4.npy,Normal
Pistachio/VAD/vit-features/train/normal/commercial_normal_less/000000040935_all__5.npy,Normal
Pistachio/VAD/vit-features/train/normal/commercial_normal_less/000000040935_all__6.npy,Normal
Pistachio/VAD/vit-features/train/normal/commercial_normal_less/000000040935_all__7.npy,Normal
Pistachio/VAD/vit-features/train/normal/commercial_normal_less/000000040935_all__8.npy,Normal
Pistachio/VAD/vit-features/train/normal/commercial_normal_less/000000040935_all__9.npy,Normal
Pistachio/VAD/vit-features/train/normal/commercial_normal_less/000000040979_all__0.npy,Normal
Pistachio/VAD/vit-features/train/normal/commercial_normal_less/000000040979_all__1.npy,Normal
Pistachio/VAD/vit-features/train/normal/commercial_normal_less/000000040979_all__2.npy,Normal
Pistachio/VAD/vit-features/train/normal/commercial_normal_less/000000040979_all__3.npy,Normal
Pistachio/VAD/vit-features/train/normal/commercial_normal_less/000000040979_all__4.npy,Normal
Pistachio/VAD/vit-features/train/normal/commercial_normal_less/000000040979_all__5.npy,Normal
Pistachio/VAD/vit-features/train/normal/commercial_normal_less/000000040979_all__6.npy,Normal
Pistachio/VAD/vit-features/train/normal/commercial_normal_less/000000040979_all__7.npy,Normal
Pistachio/VAD/vit-features/train/normal/commercial_normal_less/000000040979_all__8.npy,Normal
Pistachio/VAD/vit-features/train/normal/commercial_normal_less/000000040979_all__9.npy,Normal
Pistachio/VAD/vit-features/train/normal/commercial_normal_less/000000040994_all__0.npy,Normal
Pistachio/VAD/vit-features/train/normal/commercial_normal_less/000000040994_all__1.npy,Normal
Pistachio/VAD/vit-features/train/normal/commercial_normal_less/000000040994_all__2.npy,Normal
Pistachio/VAD/vit-features/train/normal/commercial_normal_less/000000040994_all__3.npy,Normal
Pistachio/VAD/vit-features/train/normal/commercial_normal_less/000000040994_all__4.npy,Normal
Pistachio/VAD/vit-features/train/normal/commercial_normal_less/000000040994_all__5.npy,Normal
Pistachio/VAD/vit-features/train/normal/commercial_normal_less/000000040994_all__6.npy,Normal
Pistachio/VAD/vit-features/train/normal/commercial_normal_less/000000040994_all__7.npy,Normal
Pistachio/VAD/vit-features/train/normal/commercial_normal_less/000000040994_all__8.npy,Normal
Pistachio/VAD/vit-features/train/normal/commercial_normal_less/000000040994_all__9.npy,Normal
Pistachio/VAD/vit-features/train/normal/commercial_normal_less/000000041177_all__0.npy,Normal
Pistachio/VAD/vit-features/train/normal/commercial_normal_less/000000041177_all__1.npy,Normal
Pistachio/VAD/vit-features/train/normal/commercial_normal_less/000000041177_all__2.npy,Normal
Pistachio/VAD/vit-features/train/normal/commercial_normal_less/000000041177_all__3.npy,Normal
Pistachio/VAD/vit-features/train/normal/commercial_normal_less/000000041177_all__4.npy,Normal
Pistachio/VAD/vit-features/train/normal/commercial_normal_less/000000041177_all__5.npy,Normal
Pistachio/VAD/vit-features/train/normal/commercial_normal_less/000000041177_all__6.npy,Normal
Pistachio/VAD/vit-features/train/normal/commercial_normal_less/000000041177_all__7.npy,Normal
Pistachio/VAD/vit-features/train/normal/commercial_normal_less/000000041177_all__8.npy,Normal
Pistachio/VAD/vit-features/train/normal/commercial_normal_less/000000041177_all__9.npy,Normal
Pistachio/VAD/vit-features/train/normal/commercial_normal_less/000000041194_all__0.npy,Normal
Pistachio/VAD/vit-features/train/normal/commercial_normal_less/000000041194_all__1.npy,Normal
Pistachio/VAD/vit-features/train/normal/commercial_normal_less/000000041194_all__2.npy,Normal
Pistachio/VAD/vit-features/train/normal/commercial_normal_less/000000041194_all__3.npy,Normal
Pistachio/VAD/vit-features/train/normal/commercial_normal_less/000000041194_all__4.npy,Normal
Pistachio/VAD/vit-features/train/normal/commercial_normal_less/000000041194_all__5.npy,Normal
Pistachio/VAD/vit-features/train/normal/commercial_normal_less/000000041194_all__6.npy,Normal
Pistachio/VAD/vit-features/train/normal/commercial_normal_less/000000041194_all__7.npy,Normal
Pistachio/VAD/vit-features/train/normal/commercial_normal_less/000000041194_all__8.npy,Normal
Pistachio/VAD/vit-features/train/normal/commercial_normal_less/000000041194_all__9.npy,Normal
Pistachio/VAD/vit-features/train/normal/commercial_normal_less/000000041262_all__0.npy,Normal
Pistachio/VAD/vit-features/train/normal/commercial_normal_less/000000041262_all__1.npy,Normal
Pistachio/VAD/vit-features/train/normal/commercial_normal_less/000000041262_all__2.npy,Normal
Pistachio/VAD/vit-features/train/normal/commercial_normal_less/000000041262_all__3.npy,Normal
Pistachio/VAD/vit-features/train/normal/commercial_normal_less/000000041262_all__4.npy,Normal
Pistachio/VAD/vit-features/train/normal/commercial_normal_less/000000041262_all__5.npy,Normal
Pistachio/VAD/vit-features/train/normal/commercial_normal_less/000000041262_all__6.npy,Normal
Pistachio/VAD/vit-features/train/normal/commercial_normal_less/000000041262_all__7.npy,Normal
Pistachio/VAD/vit-features/train/normal/commercial_normal_less/000000041262_all__8.npy,Normal
Pistachio/VAD/vit-features/train/normal/commercial_normal_less/000000041262_all__9.npy,Normal
Pistachio/VAD/vit-features/train/normal/commercial_normal_less/000000041495_all__0.npy,Normal
Pistachio/VAD/vit-features/train/normal/commercial_normal_less/000000041495_all__1.npy,Normal
Pistachio/VAD/vit-features/train/normal/commercial_normal_less/000000041495_all__2.npy,Normal
Pistachio/VAD/vit-features/train/normal/commercial_normal_less/000000041495_all__3.npy,Normal
Pistachio/VAD/vit-features/train/normal/commercial_normal_less/000000041495_all__4.npy,Normal
Pistachio/VAD/vit-features/train/normal/commercial_normal_less/000000041495_all__5.npy,Normal
Pistachio/VAD/vit-features/train/normal/commercial_normal_less/000000041495_all__6.npy,Normal
Pistachio/VAD/vit-features/train/normal/commercial_normal_less/000000041495_all__7.npy,Normal
Pistachio/VAD/vit-features/train/normal/commercial_normal_less/000000041495_all__8.npy,Normal
Pistachio/VAD/vit-features/train/normal/commercial_normal_less/000000041495_all__9.npy,Normal
Pistachio/VAD/vit-features/train/normal/commercial_normal_less/000000041788_all__0.npy,Normal
Pistachio/VAD/vit-features/train/normal/commercial_normal_less/000000041788_all__1.npy,Normal
Pistachio/VAD/vit-features/train/normal/commercial_normal_less/000000041788_all__2.npy,Normal
Pistachio/VAD/vit-features/train/normal/commercial_normal_less/000000041788_all__3.npy,Normal
Pistachio/VAD/vit-features/train/normal/commercial_normal_less/000000041788_all__4.npy,Normal
Pistachio/VAD/vit-features/train/normal/commercial_normal_less/000000041788_all__5.npy,Normal
Pistachio/VAD/vit-features/train/normal/commercial_normal_less/000000041788_all__6.npy,Normal
Pistachio/VAD/vit-features/train/normal/commercial_normal_less/000000041788_all__7.npy,Normal
Pistachio/VAD/vit-features/train/normal/commercial_normal_less/000000041788_all__8.npy,Normal
Pistachio/VAD/vit-features/train/normal/commercial_normal_less/000000041788_all__9.npy,Normal
Pistachio/VAD/vit-features/train/normal/commercial_normal_less/000000041792_all__0.npy,Normal
Pistachio/VAD/vit-features/train/normal/commercial_normal_less/000000041792_all__1.npy,Normal
Pistachio/VAD/vit-features/train/normal/commercial_normal_less/000000041792_all__2.npy,Normal
Pistachio/VAD/vit-features/train/normal/commercial_normal_less/000000041792_all__3.npy,Normal
Pistachio/VAD/vit-features/train/normal/commercial_normal_less/000000041792_all__4.npy,Normal
Pistachio/VAD/vit-features/train/normal/commercial_normal_less/000000041792_all__5.npy,Normal
Pistachio/VAD/vit-features/train/normal/commercial_normal_less/000000041792_all__6.npy,Normal
Pistachio/VAD/vit-features/train/normal/commercial_normal_less/000000041792_all__7.npy,Normal
Pistachio/VAD/vit-features/train/normal/commercial_normal_less/000000041792_all__8.npy,Normal
Pistachio/VAD/vit-features/train/normal/commercial_normal_less/000000041792_all__9.npy,Normal
Pistachio/VAD/vit-features/train/normal/commercial_normal_less/000000041886_all__0.npy,Normal
Pistachio/VAD/vit-features/train/normal/commercial_normal_less/000000041886_all__1.npy,Normal
Pistachio/VAD/vit-features/train/normal/commercial_normal_less/000000041886_all__2.npy,Normal
Pistachio/VAD/vit-features/train/normal/commercial_normal_less/000000041886_all__3.npy,Normal
Pistachio/VAD/vit-features/train/normal/commercial_normal_less/000000041886_all__4.npy,Normal
Pistachio/VAD/vit-features/train/normal/commercial_normal_less/000000041886_all__5.npy,Normal
Pistachio/VAD/vit-features/train/normal/commercial_normal_less/000000041886_all__6.npy,Normal
Pistachio/VAD/vit-features/train/normal/commercial_normal_less/000000041886_all__7.npy,Normal
Pistachio/VAD/vit-features/train/normal/commercial_normal_less/000000041886_all__8.npy,Normal
Pistachio/VAD/vit-features/train/normal/commercial_normal_less/000000041886_all__9.npy,Normal
Pistachio/VAD/vit-features/train/normal/commercial_normal_less/000000041917_all__0.npy,Normal
Pistachio/VAD/vit-features/train/normal/commercial_normal_less/000000041917_all__1.npy,Normal
Pistachio/VAD/vit-features/train/normal/commercial_normal_less/000000041917_all__2.npy,Normal
Pistachio/VAD/vit-features/train/normal/commercial_normal_less/000000041917_all__3.npy,Normal
Pistachio/VAD/vit-features/train/normal/commercial_normal_less/000000041917_all__4.npy,Normal
Pistachio/VAD/vit-features/train/normal/commercial_normal_less/000000041917_all__5.npy,Normal
Pistachio/VAD/vit-features/train/normal/commercial_normal_less/000000041917_all__6.npy,Normal
Pistachio/VAD/vit-features/train/normal/commercial_normal_less/000000041917_all__7.npy,Normal
Pistachio/VAD/vit-features/train/normal/commercial_normal_less/000000041917_all__8.npy,Normal
Pistachio/VAD/vit-features/train/normal/commercial_normal_less/000000041917_all__9.npy,Normal
Pistachio/VAD/vit-features/train/normal/commercial_normal_less/000000041928_all__0.npy,Normal
Pistachio/VAD/vit-features/train/normal/commercial_normal_less/000000041928_all__1.npy,Normal
Pistachio/VAD/vit-features/train/normal/commercial_normal_less/000000041928_all__2.npy,Normal
Pistachio/VAD/vit-features/train/normal/commercial_normal_less/000000041928_all__3.npy,Normal
Pistachio/VAD/vit-features/train/normal/commercial_normal_less/000000041928_all__4.npy,Normal
Pistachio/VAD/vit-features/train/normal/commercial_normal_less/000000041928_all__5.npy,Normal
Pistachio/VAD/vit-features/train/normal/commercial_normal_less/000000041928_all__6.npy,Normal
Pistachio/VAD/vit-features/train/normal/commercial_normal_less/000000041928_all__7.npy,Normal
Pistachio/VAD/vit-features/train/normal/commercial_normal_less/000000041928_all__8.npy,Normal
Pistachio/VAD/vit-features/train/normal/commercial_normal_less/000000041928_all__9.npy,Normal
Pistachio/VAD/vit-features/train/normal/commercial_normal_less/000000042311_all__0.npy,Normal
Pistachio/VAD/vit-features/train/normal/commercial_normal_less/000000042311_all__1.npy,Normal
Pistachio/VAD/vit-features/train/normal/commercial_normal_less/000000042311_all__2.npy,Normal
Pistachio/VAD/vit-features/train/normal/commercial_normal_less/000000042311_all__3.npy,Normal
Pistachio/VAD/vit-features/train/normal/commercial_normal_less/000000042311_all__4.npy,Normal
Pistachio/VAD/vit-features/train/normal/commercial_normal_less/000000042311_all__5.npy,Normal
Pistachio/VAD/vit-features/train/normal/commercial_normal_less/000000042311_all__6.npy,Normal
Pistachio/VAD/vit-features/train/normal/commercial_normal_less/000000042311_all__7.npy,Normal
Pistachio/VAD/vit-features/train/normal/commercial_normal_less/000000042311_all__8.npy,Normal
Pistachio/VAD/vit-features/train/normal/commercial_normal_less/000000042311_all__9.npy,Normal
Pistachio/VAD/vit-features/train/normal/commercial_normal_less/000000042331_all__0.npy,Normal
Pistachio/VAD/vit-features/train/normal/commercial_normal_less/000000042331_all__1.npy,Normal
Pistachio/VAD/vit-features/train/normal/commercial_normal_less/000000042331_all__2.npy,Normal
Pistachio/VAD/vit-features/train/normal/commercial_normal_less/000000042331_all__3.npy,Normal
Pistachio/VAD/vit-features/train/normal/commercial_normal_less/000000042331_all__4.npy,Normal
Pistachio/VAD/vit-features/train/normal/commercial_normal_less/000000042331_all__5.npy,Normal
Pistachio/VAD/vit-features/train/normal/commercial_normal_less/000000042331_all__6.npy,Normal
Pistachio/VAD/vit-features/train/normal/commercial_normal_less/000000042331_all__7.npy,Normal
Pistachio/VAD/vit-features/train/normal/commercial_normal_less/000000042331_all__8.npy,Normal
Pistachio/VAD/vit-features/train/normal/commercial_normal_less/000000042331_all__9.npy,Normal
Pistachio/VAD/vit-features/train/normal/commercial_normal_less/000000042379_all__0.npy,Normal
Pistachio/VAD/vit-features/train/normal/commercial_normal_less/000000042379_all__1.npy,Normal
Pistachio/VAD/vit-features/train/normal/commercial_normal_less/000000042379_all__2.npy,Normal
Pistachio/VAD/vit-features/train/normal/commercial_normal_less/000000042379_all__3.npy,Normal
Pistachio/VAD/vit-features/train/normal/commercial_normal_less/000000042379_all__4.npy,Normal
Pistachio/VAD/vit-features/train/normal/commercial_normal_less/000000042379_all__5.npy,Normal
Pistachio/VAD/vit-features/train/normal/commercial_normal_less/000000042379_all__6.npy,Normal
Pistachio/VAD/vit-features/train/normal/commercial_normal_less/000000042379_all__7.npy,Normal
Pistachio/VAD/vit-features/train/normal/commercial_normal_less/000000042379_all__8.npy,Normal
Pistachio/VAD/vit-features/train/normal/commercial_normal_less/000000042379_all__9.npy,Normal
Pistachio/VAD/vit-features/train/normal/commercial_normal_less/000000042583_all__0.npy,Normal
Pistachio/VAD/vit-features/train/normal/commercial_normal_less/000000042583_all__1.npy,Normal
Pistachio/VAD/vit-features/train/normal/commercial_normal_less/000000042583_all__2.npy,Normal
Pistachio/VAD/vit-features/train/normal/commercial_normal_less/000000042583_all__3.npy,Normal
Pistachio/VAD/vit-features/train/normal/commercial_normal_less/000000042583_all__4.npy,Normal
Pistachio/VAD/vit-features/train/normal/commercial_normal_less/000000042583_all__5.npy,Normal
Pistachio/VAD/vit-features/train/normal/commercial_normal_less/000000042583_all__6.npy,Normal
Pistachio/VAD/vit-features/train/normal/commercial_normal_less/000000042583_all__7.npy,Normal
Pistachio/VAD/vit-features/train/normal/commercial_normal_less/000000042583_all__8.npy,Normal
Pistachio/VAD/vit-features/train/normal/commercial_normal_less/000000042583_all__9.npy,Normal
Pistachio/VAD/vit-features/train/normal/commercial_normal_less/000000042660_all__0.npy,Normal
Pistachio/VAD/vit-features/train/normal/commercial_normal_less/000000042660_all__1.npy,Normal
Pistachio/VAD/vit-features/train/normal/commercial_normal_less/000000042660_all__2.npy,Normal
Pistachio/VAD/vit-features/train/normal/commercial_normal_less/000000042660_all__3.npy,Normal
Pistachio/VAD/vit-features/train/normal/commercial_normal_less/000000042660_all__4.npy,Normal
Pistachio/VAD/vit-features/train/normal/commercial_normal_less/000000042660_all__5.npy,Normal
Pistachio/VAD/vit-features/train/normal/commercial_normal_less/000000042660_all__6.npy,Normal
Pistachio/VAD/vit-features/train/normal/commercial_normal_less/000000042660_all__7.npy,Normal
Pistachio/VAD/vit-features/train/normal/commercial_normal_less/000000042660_all__8.npy,Normal
Pistachio/VAD/vit-features/train/normal/commercial_normal_less/000000042660_all__9.npy,Normal
Pistachio/VAD/vit-features/train/normal/commercial_normal_less/000000042936_all__0.npy,Normal
Pistachio/VAD/vit-features/train/normal/commercial_normal_less/000000042936_all__1.npy,Normal
Pistachio/VAD/vit-features/train/normal/commercial_normal_less/000000042936_all__2.npy,Normal
Pistachio/VAD/vit-features/train/normal/commercial_normal_less/000000042936_all__3.npy,Normal
Pistachio/VAD/vit-features/train/normal/commercial_normal_less/000000042936_all__4.npy,Normal
Pistachio/VAD/vit-features/train/normal/commercial_normal_less/000000042936_all__5.npy,Normal
Pistachio/VAD/vit-features/train/normal/commercial_normal_less/000000042936_all__6.npy,Normal
Pistachio/VAD/vit-features/train/normal/commercial_normal_less/000000042936_all__7.npy,Normal
Pistachio/VAD/vit-features/train/normal/commercial_normal_less/000000042936_all__8.npy,Normal
Pistachio/VAD/vit-features/train/normal/commercial_normal_less/000000042936_all__9.npy,Normal
Pistachio/VAD/vit-features/train/normal/commercial_normal_less/000000043224_all__0.npy,Normal
Pistachio/VAD/vit-features/train/normal/commercial_normal_less/000000043224_all__1.npy,Normal
Pistachio/VAD/vit-features/train/normal/commercial_normal_less/000000043224_all__2.npy,Normal
Pistachio/VAD/vit-features/train/normal/commercial_normal_less/000000043224_all__3.npy,Normal
Pistachio/VAD/vit-features/train/normal/commercial_normal_less/000000043224_all__4.npy,Normal
Pistachio/VAD/vit-features/train/normal/commercial_normal_less/000000043224_all__5.npy,Normal
Pistachio/VAD/vit-features/train/normal/commercial_normal_less/000000043224_all__6.npy,Normal
Pistachio/VAD/vit-features/train/normal/commercial_normal_less/000000043224_all__7.npy,Normal
Pistachio/VAD/vit-features/train/normal/commercial_normal_less/000000043224_all__8.npy,Normal
Pistachio/VAD/vit-features/train/normal/commercial_normal_less/000000043224_all__9.npy,Normal
Pistachio/VAD/vit-features/train/normal/commercial_normal_less/000000043667_all__0.npy,Normal
Pistachio/VAD/vit-features/train/normal/commercial_normal_less/000000043667_all__1.npy,Normal
Pistachio/VAD/vit-features/train/normal/commercial_normal_less/000000043667_all__2.npy,Normal
Pistachio/VAD/vit-features/train/normal/commercial_normal_less/000000043667_all__3.npy,Normal
Pistachio/VAD/vit-features/train/normal/commercial_normal_less/000000043667_all__4.npy,Normal
Pistachio/VAD/vit-features/train/normal/commercial_normal_less/000000043667_all__5.npy,Normal
Pistachio/VAD/vit-features/train/normal/commercial_normal_less/000000043667_all__6.npy,Normal
Pistachio/VAD/vit-features/train/normal/commercial_normal_less/000000043667_all__7.npy,Normal
Pistachio/VAD/vit-features/train/normal/commercial_normal_less/000000043667_all__8.npy,Normal
Pistachio/VAD/vit-features/train/normal/commercial_normal_less/000000043667_all__9.npy,Normal
Pistachio/VAD/vit-features/train/normal/commercial_normal_less/000000043741_all__0.npy,Normal
Pistachio/VAD/vit-features/train/normal/commercial_normal_less/000000043741_all__1.npy,Normal
Pistachio/VAD/vit-features/train/normal/commercial_normal_less/000000043741_all__2.npy,Normal
Pistachio/VAD/vit-features/train/normal/commercial_normal_less/000000043741_all__3.npy,Normal
Pistachio/VAD/vit-features/train/normal/commercial_normal_less/000000043741_all__4.npy,Normal
Pistachio/VAD/vit-features/train/normal/commercial_normal_less/000000043741_all__5.npy,Normal
Pistachio/VAD/vit-features/train/normal/commercial_normal_less/000000043741_all__6.npy,Normal
Pistachio/VAD/vit-features/train/normal/commercial_normal_less/000000043741_all__7.npy,Normal
Pistachio/VAD/vit-features/train/normal/commercial_normal_less/000000043741_all__8.npy,Normal
Pistachio/VAD/vit-features/train/normal/commercial_normal_less/000000043741_all__9.npy,Normal
Pistachio/VAD/vit-features/train/normal/commercial_normal_less/000000043890_all__0.npy,Normal
Pistachio/VAD/vit-features/train/normal/commercial_normal_less/000000043890_all__1.npy,Normal
Pistachio/VAD/vit-features/train/normal/commercial_normal_less/000000043890_all__2.npy,Normal
Pistachio/VAD/vit-features/train/normal/commercial_normal_less/000000043890_all__3.npy,Normal
Pistachio/VAD/vit-features/train/normal/commercial_normal_less/000000043890_all__4.npy,Normal
Pistachio/VAD/vit-features/train/normal/commercial_normal_less/000000043890_all__5.npy,Normal
Pistachio/VAD/vit-features/train/normal/commercial_normal_less/000000043890_all__6.npy,Normal
Pistachio/VAD/vit-features/train/normal/commercial_normal_less/000000043890_all__7.npy,Normal
Pistachio/VAD/vit-features/train/normal/commercial_normal_less/000000043890_all__8.npy,Normal
Pistachio/VAD/vit-features/train/normal/commercial_normal_less/000000043890_all__9.npy,Normal
Pistachio/VAD/vit-features/train/normal/commercial_normal_less/000000044249_all__0.npy,Normal
Pistachio/VAD/vit-features/train/normal/commercial_normal_less/000000044249_all__1.npy,Normal
Pistachio/VAD/vit-features/train/normal/commercial_normal_less/000000044249_all__2.npy,Normal
Pistachio/VAD/vit-features/train/normal/commercial_normal_less/000000044249_all__3.npy,Normal
Pistachio/VAD/vit-features/train/normal/commercial_normal_less/000000044249_all__4.npy,Normal
Pistachio/VAD/vit-features/train/normal/commercial_normal_less/000000044249_all__5.npy,Normal
Pistachio/VAD/vit-features/train/normal/commercial_normal_less/000000044249_all__6.npy,Normal
Pistachio/VAD/vit-features/train/normal/commercial_normal_less/000000044249_all__7.npy,Normal
Pistachio/VAD/vit-features/train/normal/commercial_normal_less/000000044249_all__8.npy,Normal
Pistachio/VAD/vit-features/train/normal/commercial_normal_less/000000044249_all__9.npy,Normal
Pistachio/VAD/vit-features/train/normal/commercial_normal_less/000000044249_all__0.npy,Normal
Pistachio/VAD/vit-features/train/normal/commercial_normal_less/000000044249_all__1.npy,Normal
Pistachio/VAD/vit-features/train/normal/commercial_normal_less/000000044249_all__2.npy,Normal
Pistachio/VAD/vit-features/train/normal/commercial_normal_less/000000044249_all__3.npy,Normal
Pistachio/VAD/vit-features/train/normal/commercial_normal_less/000000044249_all__4.npy,Normal
Pistachio/VAD/vit-features/train/normal/commercial_normal_less/000000044249_all__5.npy,Normal
Pistachio/VAD/vit-features/train/normal/commercial_normal_less/000000044249_all__6.npy,Normal
Pistachio/VAD/vit-features/train/normal/commercial_normal_less/000000044249_all__7.npy,Normal
Pistachio/VAD/vit-features/train/normal/commercial_normal_less/000000044249_all__8.npy,Normal
Pistachio/VAD/vit-features/train/normal/commercial_normal_less/000000044249_all__9.npy,Normal
Pistachio/VAD/vit-features/train/normal/commercial_normal_less/000000044373_all__0.npy,Normal
Pistachio/VAD/vit-features/train/normal/commercial_normal_less/000000044373_all__1.npy,Normal
Pistachio/VAD/vit-features/train/normal/commercial_normal_less/000000044373_all__2.npy,Normal
Pistachio/VAD/vit-features/train/normal/commercial_normal_less/000000044373_all__3.npy,Normal
Pistachio/VAD/vit-features/train/normal/commercial_normal_less/000000044373_all__4.npy,Normal
Pistachio/VAD/vit-features/train/normal/commercial_normal_less/000000044373_all__5.npy,Normal
Pistachio/VAD/vit-features/train/normal/commercial_normal_less/000000044373_all__6.npy,Normal
Pistachio/VAD/vit-features/train/normal/commercial_normal_less/000000044373_all__7.npy,Normal
Pistachio/VAD/vit-features/train/normal/commercial_normal_less/000000044373_all__8.npy,Normal
Pistachio/VAD/vit-features/train/normal/commercial_normal_less/000000044373_all__9.npy,Normal
Pistachio/VAD/vit-features/train/normal/commercial_normal_less/000000044790_all__0.npy,Normal
Pistachio/VAD/vit-features/train/normal/commercial_normal_less/000000044790_all__1.npy,Normal
Pistachio/VAD/vit-features/train/normal/commercial_normal_less/000000044790_all__2.npy,Normal
Pistachio/VAD/vit-features/train/normal/commercial_normal_less/000000044790_all__3.npy,Normal
Pistachio/VAD/vit-features/train/normal/commercial_normal_less/000000044790_all__4.npy,Normal
Pistachio/VAD/vit-features/train/normal/commercial_normal_less/000000044790_all__5.npy,Normal
Pistachio/VAD/vit-features/train/normal/commercial_normal_less/000000044790_all__6.npy,Normal
Pistachio/VAD/vit-features/train/normal/commercial_normal_less/000000044790_all__7.npy,Normal
Pistachio/VAD/vit-features/train/normal/commercial_normal_less/000000044790_all__8.npy,Normal
Pistachio/VAD/vit-features/train/normal/commercial_normal_less/000000044790_all__9.npy,Normal
Pistachio/VAD/vit-features/train/normal/commercial_normal_less/000000045113_all__0.npy,Normal
Pistachio/VAD/vit-features/train/normal/commercial_normal_less/000000045113_all__1.npy,Normal
Pistachio/VAD/vit-features/train/normal/commercial_normal_less/000000045113_all__2.npy,Normal
Pistachio/VAD/vit-features/train/normal/commercial_normal_less/000000045113_all__3.npy,Normal
Pistachio/VAD/vit-features/train/normal/commercial_normal_less/000000045113_all__4.npy,Normal
Pistachio/VAD/vit-features/train/normal/commercial_normal_less/000000045113_all__5.npy,Normal
Pistachio/VAD/vit-features/train/normal/commercial_normal_less/000000045113_all__6.npy,Normal
Pistachio/VAD/vit-features/train/normal/commercial_normal_less/000000045113_all__7.npy,Normal
Pistachio/VAD/vit-features/train/normal/commercial_normal_less/000000045113_all__8.npy,Normal
Pistachio/VAD/vit-features/train/normal/commercial_normal_less/000000045113_all__9.npy,Normal
Pistachio/VAD/vit-features/train/normal/commercial_normal_less/000000045115_all__0.npy,Normal
Pistachio/VAD/vit-features/train/normal/commercial_normal_less/000000045115_all__1.npy,Normal
Pistachio/VAD/vit-features/train/normal/commercial_normal_less/000000045115_all__2.npy,Normal
Pistachio/VAD/vit-features/train/normal/commercial_normal_less/000000045115_all__3.npy,Normal
Pistachio/VAD/vit-features/train/normal/commercial_normal_less/000000045115_all__4.npy,Normal
Pistachio/VAD/vit-features/train/normal/commercial_normal_less/000000045115_all__5.npy,Normal
Pistachio/VAD/vit-features/train/normal/commercial_normal_less/000000045115_all__6.npy,Normal
Pistachio/VAD/vit-features/train/normal/commercial_normal_less/000000045115_all__7.npy,Normal
Pistachio/VAD/vit-features/train/normal/commercial_normal_less/000000045115_all__8.npy,Normal
Pistachio/VAD/vit-features/train/normal/commercial_normal_less/000000045115_all__9.npy,Normal
Pistachio/VAD/vit-features/train/normal/commercial_normal_less/000000045263_all__0.npy,Normal
Pistachio/VAD/vit-features/train/normal/commercial_normal_less/000000045263_all__1.npy,Normal
Pistachio/VAD/vit-features/train/normal/commercial_normal_less/000000045263_all__2.npy,Normal
Pistachio/VAD/vit-features/train/normal/commercial_normal_less/000000045263_all__3.npy,Normal
Pistachio/VAD/vit-features/train/normal/commercial_normal_less/000000045263_all__4.npy,Normal
Pistachio/VAD/vit-features/train/normal/commercial_normal_less/000000045263_all__5.npy,Normal
Pistachio/VAD/vit-features/train/normal/commercial_normal_less/000000045263_all__6.npy,Normal
Pistachio/VAD/vit-features/train/normal/commercial_normal_less/000000045263_all__7.npy,Normal
Pistachio/VAD/vit-features/train/normal/commercial_normal_less/000000045263_all__8.npy,Normal
Pistachio/VAD/vit-features/train/normal/commercial_normal_less/000000045263_all__9.npy,Normal
Pistachio/VAD/vit-features/train/normal/commercial_normal_less/000000045457_all__0.npy,Normal
Pistachio/VAD/vit-features/train/normal/commercial_normal_less/000000045457_all__1.npy,Normal
Pistachio/VAD/vit-features/train/normal/commercial_normal_less/000000045457_all__2.npy,Normal
Pistachio/VAD/vit-features/train/normal/commercial_normal_less/000000045457_all__3.npy,Normal
Pistachio/VAD/vit-features/train/normal/commercial_normal_less/000000045457_all__4.npy,Normal
Pistachio/VAD/vit-features/train/normal/commercial_normal_less/000000045457_all__5.npy,Normal
Pistachio/VAD/vit-features/train/normal/commercial_normal_less/000000045457_all__6.npy,Normal
Pistachio/VAD/vit-features/train/normal/commercial_normal_less/000000045457_all__7.npy,Normal
Pistachio/VAD/vit-features/train/normal/commercial_normal_less/000000045457_all__8.npy,Normal
Pistachio/VAD/vit-features/train/normal/commercial_normal_less/000000045457_all__9.npy,Normal
Pistachio/VAD/vit-features/train/normal/commercial_normal_less/000000045522_all__0.npy,Normal
Pistachio/VAD/vit-features/train/normal/commercial_normal_less/000000045522_all__1.npy,Normal
Pistachio/VAD/vit-features/train/normal/commercial_normal_less/000000045522_all__2.npy,Normal
Pistachio/VAD/vit-features/train/normal/commercial_normal_less/000000045522_all__3.npy,Normal
Pistachio/VAD/vit-features/train/normal/commercial_normal_less/000000045522_all__4.npy,Normal
Pistachio/VAD/vit-features/train/normal/commercial_normal_less/000000045522_all__5.npy,Normal
Pistachio/VAD/vit-features/train/normal/commercial_normal_less/000000045522_all__6.npy,Normal
Pistachio/VAD/vit-features/train/normal/commercial_normal_less/000000045522_all__7.npy,Normal
Pistachio/VAD/vit-features/train/normal/commercial_normal_less/000000045522_all__8.npy,Normal
Pistachio/VAD/vit-features/train/normal/commercial_normal_less/000000045522_all__9.npy,Normal
Pistachio/VAD/vit-features/train/normal/commercial_normal_less/000000045686_all__0.npy,Normal
Pistachio/VAD/vit-features/train/normal/commercial_normal_less/000000045686_all__1.npy,Normal
Pistachio/VAD/vit-features/train/normal/commercial_normal_less/000000045686_all__2.npy,Normal
Pistachio/VAD/vit-features/train/normal/commercial_normal_less/000000045686_all__3.npy,Normal
Pistachio/VAD/vit-features/train/normal/commercial_normal_less/000000045686_all__4.npy,Normal
Pistachio/VAD/vit-features/train/normal/commercial_normal_less/000000045686_all__5.npy,Normal
Pistachio/VAD/vit-features/train/normal/commercial_normal_less/000000045686_all__6.npy,Normal
Pistachio/VAD/vit-features/train/normal/commercial_normal_less/000000045686_all__7.npy,Normal
Pistachio/VAD/vit-features/train/normal/commercial_normal_less/000000045686_all__8.npy,Normal
Pistachio/VAD/vit-features/train/normal/commercial_normal_less/000000045686_all__9.npy,Normal
Pistachio/VAD/vit-features/train/normal/commercial_normal_less/000000045916_all__0.npy,Normal
Pistachio/VAD/vit-features/train/normal/commercial_normal_less/000000045916_all__1.npy,Normal
Pistachio/VAD/vit-features/train/normal/commercial_normal_less/000000045916_all__2.npy,Normal
Pistachio/VAD/vit-features/train/normal/commercial_normal_less/000000045916_all__3.npy,Normal
Pistachio/VAD/vit-features/train/normal/commercial_normal_less/000000045916_all__4.npy,Normal
Pistachio/VAD/vit-features/train/normal/commercial_normal_less/000000045916_all__5.npy,Normal
Pistachio/VAD/vit-features/train/normal/commercial_normal_less/000000045916_all__6.npy,Normal
Pistachio/VAD/vit-features/train/normal/commercial_normal_less/000000045916_all__7.npy,Normal
Pistachio/VAD/vit-features/train/normal/commercial_normal_less/000000045916_all__8.npy,Normal
Pistachio/VAD/vit-features/train/normal/commercial_normal_less/000000045916_all__9.npy,Normal
Pistachio/VAD/vit-features/train/normal/commercial_normal_less/000000046593_all__0.npy,Normal
Pistachio/VAD/vit-features/train/normal/commercial_normal_less/000000046593_all__1.npy,Normal
Pistachio/VAD/vit-features/train/normal/commercial_normal_less/000000046593_all__2.npy,Normal
Pistachio/VAD/vit-features/train/normal/commercial_normal_less/000000046593_all__3.npy,Normal
Pistachio/VAD/vit-features/train/normal/commercial_normal_less/000000046593_all__4.npy,Normal
Pistachio/VAD/vit-features/train/normal/commercial_normal_less/000000046593_all__5.npy,Normal
Pistachio/VAD/vit-features/train/normal/commercial_normal_less/000000046593_all__6.npy,Normal
Pistachio/VAD/vit-features/train/normal/commercial_normal_less/000000046593_all__7.npy,Normal
Pistachio/VAD/vit-features/train/normal/commercial_normal_less/000000046593_all__8.npy,Normal
Pistachio/VAD/vit-features/train/normal/commercial_normal_less/000000046593_all__9.npy,Normal
Pistachio/VAD/vit-features/train/normal/commercial_normal_less/000000046645_all__0.npy,Normal
Pistachio/VAD/vit-features/train/normal/commercial_normal_less/000000046645_all__1.npy,Normal
Pistachio/VAD/vit-features/train/normal/commercial_normal_less/000000046645_all__2.npy,Normal
Pistachio/VAD/vit-features/train/normal/commercial_normal_less/000000046645_all__3.npy,Normal
Pistachio/VAD/vit-features/train/normal/commercial_normal_less/000000046645_all__4.npy,Normal
Pistachio/VAD/vit-features/train/normal/commercial_normal_less/000000046645_all__5.npy,Normal
Pistachio/VAD/vit-features/train/normal/commercial_normal_less/000000046645_all__6.npy,Normal
Pistachio/VAD/vit-features/train/normal/commercial_normal_less/000000046645_all__7.npy,Normal
Pistachio/VAD/vit-features/train/normal/commercial_normal_less/000000046645_all__8.npy,Normal
Pistachio/VAD/vit-features/train/normal/commercial_normal_less/000000046645_all__9.npy,Normal
Pistachio/VAD/vit-features/train/normal/commercial_normal_less/000000046751_all__0.npy,Normal
Pistachio/VAD/vit-features/train/normal/commercial_normal_less/000000046751_all__1.npy,Normal
Pistachio/VAD/vit-features/train/normal/commercial_normal_less/000000046751_all__2.npy,Normal
Pistachio/VAD/vit-features/train/normal/commercial_normal_less/000000046751_all__3.npy,Normal
Pistachio/VAD/vit-features/train/normal/commercial_normal_less/000000046751_all__4.npy,Normal
Pistachio/VAD/vit-features/train/normal/commercial_normal_less/000000046751_all__5.npy,Normal
Pistachio/VAD/vit-features/train/normal/commercial_normal_less/000000046751_all__6.npy,Normal
Pistachio/VAD/vit-features/train/normal/commercial_normal_less/000000046751_all__7.npy,Normal
Pistachio/VAD/vit-features/train/normal/commercial_normal_less/000000046751_all__8.npy,Normal
Pistachio/VAD/vit-features/train/normal/commercial_normal_less/000000046751_all__9.npy,Normal
Pistachio/VAD/vit-features/train/normal/commercial_normal_less/000000046874_all__0.npy,Normal
Pistachio/VAD/vit-features/train/normal/commercial_normal_less/000000046874_all__1.npy,Normal
Pistachio/VAD/vit-features/train/normal/commercial_normal_less/000000046874_all__2.npy,Normal
Pistachio/VAD/vit-features/train/normal/commercial_normal_less/000000046874_all__3.npy,Normal
Pistachio/VAD/vit-features/train/normal/commercial_normal_less/000000046874_all__4.npy,Normal
Pistachio/VAD/vit-features/train/normal/commercial_normal_less/000000046874_all__5.npy,Normal
Pistachio/VAD/vit-features/train/normal/commercial_normal_less/000000046874_all__6.npy,Normal
Pistachio/VAD/vit-features/train/normal/commercial_normal_less/000000046874_all__7.npy,Normal
Pistachio/VAD/vit-features/train/normal/commercial_normal_less/000000046874_all__8.npy,Normal
Pistachio/VAD/vit-features/train/normal/commercial_normal_less/000000046874_all__9.npy,Normal
Pistachio/VAD/vit-features/train/normal/commercial_normal_less/000000046874_all__0.npy,Normal
Pistachio/VAD/vit-features/train/normal/commercial_normal_less/000000046874_all__1.npy,Normal
Pistachio/VAD/vit-features/train/normal/commercial_normal_less/000000046874_all__2.npy,Normal
Pistachio/VAD/vit-features/train/normal/commercial_normal_less/000000046874_all__3.npy,Normal
Pistachio/VAD/vit-features/train/normal/commercial_normal_less/000000046874_all__4.npy,Normal
Pistachio/VAD/vit-features/train/normal/commercial_normal_less/000000046874_all__5.npy,Normal
Pistachio/VAD/vit-features/train/normal/commercial_normal_less/000000046874_all__6.npy,Normal
Pistachio/VAD/vit-features/train/normal/commercial_normal_less/000000046874_all__7.npy,Normal
Pistachio/VAD/vit-features/train/normal/commercial_normal_less/000000046874_all__8.npy,Normal
Pistachio/VAD/vit-features/train/normal/commercial_normal_less/000000046874_all__9.npy,Normal
Pistachio/VAD/vit-features/train/normal/commercial_normal_less/000000046931_all__0.npy,Normal
Pistachio/VAD/vit-features/train/normal/commercial_normal_less/000000046931_all__1.npy,Normal
Pistachio/VAD/vit-features/train/normal/commercial_normal_less/000000046931_all__2.npy,Normal
Pistachio/VAD/vit-features/train/normal/commercial_normal_less/000000046931_all__3.npy,Normal
Pistachio/VAD/vit-features/train/normal/commercial_normal_less/000000046931_all__4.npy,Normal
Pistachio/VAD/vit-features/train/normal/commercial_normal_less/000000046931_all__5.npy,Normal
Pistachio/VAD/vit-features/train/normal/commercial_normal_less/000000046931_all__6.npy,Normal
Pistachio/VAD/vit-features/train/normal/commercial_normal_less/000000046931_all__7.npy,Normal
Pistachio/VAD/vit-features/train/normal/commercial_normal_less/000000046931_all__8.npy,Normal
Pistachio/VAD/vit-features/train/normal/commercial_normal_less/000000046931_all__9.npy,Normal
Pistachio/VAD/vit-features/train/normal/commercial_normal_less/000000047310_all__0.npy,Normal
Pistachio/VAD/vit-features/train/normal/commercial_normal_less/000000047310_all__1.npy,Normal
Pistachio/VAD/vit-features/train/normal/commercial_normal_less/000000047310_all__2.npy,Normal
Pistachio/VAD/vit-features/train/normal/commercial_normal_less/000000047310_all__3.npy,Normal
Pistachio/VAD/vit-features/train/normal/commercial_normal_less/000000047310_all__4.npy,Normal
Pistachio/VAD/vit-features/train/normal/commercial_normal_less/000000047310_all__5.npy,Normal
Pistachio/VAD/vit-features/train/normal/commercial_normal_less/000000047310_all__6.npy,Normal
Pistachio/VAD/vit-features/train/normal/commercial_normal_less/000000047310_all__7.npy,Normal
Pistachio/VAD/vit-features/train/normal/commercial_normal_less/000000047310_all__8.npy,Normal
Pistachio/VAD/vit-features/train/normal/commercial_normal_less/000000047310_all__9.npy,Normal
Pistachio/VAD/vit-features/train/normal/commercial_normal_less/000000047793_all__0.npy,Normal
Pistachio/VAD/vit-features/train/normal/commercial_normal_less/000000047793_all__1.npy,Normal
Pistachio/VAD/vit-features/train/normal/commercial_normal_less/000000047793_all__2.npy,Normal
Pistachio/VAD/vit-features/train/normal/commercial_normal_less/000000047793_all__3.npy,Normal
Pistachio/VAD/vit-features/train/normal/commercial_normal_less/000000047793_all__4.npy,Normal
Pistachio/VAD/vit-features/train/normal/commercial_normal_less/000000047793_all__5.npy,Normal
Pistachio/VAD/vit-features/train/normal/commercial_normal_less/000000047793_all__6.npy,Normal
Pistachio/VAD/vit-features/train/normal/commercial_normal_less/000000047793_all__7.npy,Normal
Pistachio/VAD/vit-features/train/normal/commercial_normal_less/000000047793_all__8.npy,Normal
Pistachio/VAD/vit-features/train/normal/commercial_normal_less/000000047793_all__9.npy,Normal
Pistachio/VAD/vit-features/train/normal/commercial_normal_less/000000048146_all__0.npy,Normal
Pistachio/VAD/vit-features/train/normal/commercial_normal_less/000000048146_all__1.npy,Normal
Pistachio/VAD/vit-features/train/normal/commercial_normal_less/000000048146_all__2.npy,Normal
Pistachio/VAD/vit-features/train/normal/commercial_normal_less/000000048146_all__3.npy,Normal
Pistachio/VAD/vit-features/train/normal/commercial_normal_less/000000048146_all__4.npy,Normal
Pistachio/VAD/vit-features/train/normal/commercial_normal_less/000000048146_all__5.npy,Normal
Pistachio/VAD/vit-features/train/normal/commercial_normal_less/000000048146_all__6.npy,Normal
Pistachio/VAD/vit-features/train/normal/commercial_normal_less/000000048146_all__7.npy,Normal
Pistachio/VAD/vit-features/train/normal/commercial_normal_less/000000048146_all__8.npy,Normal
Pistachio/VAD/vit-features/train/normal/commercial_normal_less/000000048146_all__9.npy,Normal
Pistachio/VAD/vit-features/train/normal/commercial_normal_less/000000048466_all__0.npy,Normal
Pistachio/VAD/vit-features/train/normal/commercial_normal_less/000000048466_all__1.npy,Normal
Pistachio/VAD/vit-features/train/normal/commercial_normal_less/000000048466_all__2.npy,Normal
Pistachio/VAD/vit-features/train/normal/commercial_normal_less/000000048466_all__3.npy,Normal
Pistachio/VAD/vit-features/train/normal/commercial_normal_less/000000048466_all__4.npy,Normal
Pistachio/VAD/vit-features/train/normal/commercial_normal_less/000000048466_all__5.npy,Normal
Pistachio/VAD/vit-features/train/normal/commercial_normal_less/000000048466_all__6.npy,Normal
Pistachio/VAD/vit-features/train/normal/commercial_normal_less/000000048466_all__7.npy,Normal
Pistachio/VAD/vit-features/train/normal/commercial_normal_less/000000048466_all__8.npy,Normal
Pistachio/VAD/vit-features/train/normal/commercial_normal_less/000000048466_all__9.npy,Normal
Pistachio/VAD/vit-features/train/normal/commercial_normal_less/000000048693_all__0.npy,Normal
Pistachio/VAD/vit-features/train/normal/commercial_normal_less/000000048693_all__1.npy,Normal
Pistachio/VAD/vit-features/train/normal/commercial_normal_less/000000048693_all__2.npy,Normal
Pistachio/VAD/vit-features/train/normal/commercial_normal_less/000000048693_all__3.npy,Normal
Pistachio/VAD/vit-features/train/normal/commercial_normal_less/000000048693_all__4.npy,Normal
Pistachio/VAD/vit-features/train/normal/commercial_normal_less/000000048693_all__5.npy,Normal
Pistachio/VAD/vit-features/train/normal/commercial_normal_less/000000048693_all__6.npy,Normal
Pistachio/VAD/vit-features/train/normal/commercial_normal_less/000000048693_all__7.npy,Normal
Pistachio/VAD/vit-features/train/normal/commercial_normal_less/000000048693_all__8.npy,Normal
Pistachio/VAD/vit-features/train/normal/commercial_normal_less/000000048693_all__9.npy,Normal
Pistachio/VAD/vit-features/train/normal/commercial_normal_less/000000048875_all__0.npy,Normal
Pistachio/VAD/vit-features/train/normal/commercial_normal_less/000000048875_all__1.npy,Normal
Pistachio/VAD/vit-features/train/normal/commercial_normal_less/000000048875_all__2.npy,Normal
Pistachio/VAD/vit-features/train/normal/commercial_normal_less/000000048875_all__3.npy,Normal
Pistachio/VAD/vit-features/train/normal/commercial_normal_less/000000048875_all__4.npy,Normal
Pistachio/VAD/vit-features/train/normal/commercial_normal_less/000000048875_all__5.npy,Normal
Pistachio/VAD/vit-features/train/normal/commercial_normal_less/000000048875_all__6.npy,Normal
Pistachio/VAD/vit-features/train/normal/commercial_normal_less/000000048875_all__7.npy,Normal
Pistachio/VAD/vit-features/train/normal/commercial_normal_less/000000048875_all__8.npy,Normal
Pistachio/VAD/vit-features/train/normal/commercial_normal_less/000000048875_all__9.npy,Normal
Pistachio/VAD/vit-features/train/normal/commercial_normal_less/000000049049_all__0.npy,Normal
Pistachio/VAD/vit-features/train/normal/commercial_normal_less/000000049049_all__1.npy,Normal
Pistachio/VAD/vit-features/train/normal/commercial_normal_less/000000049049_all__2.npy,Normal
Pistachio/VAD/vit-features/train/normal/commercial_normal_less/000000049049_all__3.npy,Normal
Pistachio/VAD/vit-features/train/normal/commercial_normal_less/000000049049_all__4.npy,Normal
Pistachio/VAD/vit-features/train/normal/commercial_normal_less/000000049049_all__5.npy,Normal
Pistachio/VAD/vit-features/train/normal/commercial_normal_less/000000049049_all__6.npy,Normal
Pistachio/VAD/vit-features/train/normal/commercial_normal_less/000000049049_all__7.npy,Normal
Pistachio/VAD/vit-features/train/normal/commercial_normal_less/000000049049_all__8.npy,Normal
Pistachio/VAD/vit-features/train/normal/commercial_normal_less/000000049049_all__9.npy,Normal
Pistachio/VAD/vit-features/train/normal/commercial_normal_less/000000049129_all__0.npy,Normal
Pistachio/VAD/vit-features/train/normal/commercial_normal_less/000000049129_all__1.npy,Normal
Pistachio/VAD/vit-features/train/normal/commercial_normal_less/000000049129_all__2.npy,Normal
Pistachio/VAD/vit-features/train/normal/commercial_normal_less/000000049129_all__3.npy,Normal
Pistachio/VAD/vit-features/train/normal/commercial_normal_less/000000049129_all__4.npy,Normal
Pistachio/VAD/vit-features/train/normal/commercial_normal_less/000000049129_all__5.npy,Normal
Pistachio/VAD/vit-features/train/normal/commercial_normal_less/000000049129_all__6.npy,Normal
Pistachio/VAD/vit-features/train/normal/commercial_normal_less/000000049129_all__7.npy,Normal
Pistachio/VAD/vit-features/train/normal/commercial_normal_less/000000049129_all__8.npy,Normal
Pistachio/VAD/vit-features/train/normal/commercial_normal_less/000000049129_all__9.npy,Normal
Pistachio/VAD/vit-features/train/normal/commercial_normal_less/000000049215_all__0.npy,Normal
Pistachio/VAD/vit-features/train/normal/commercial_normal_less/000000049215_all__1.npy,Normal
Pistachio/VAD/vit-features/train/normal/commercial_normal_less/000000049215_all__2.npy,Normal
Pistachio/VAD/vit-features/train/normal/commercial_normal_less/000000049215_all__3.npy,Normal
Pistachio/VAD/vit-features/train/normal/commercial_normal_less/000000049215_all__4.npy,Normal
Pistachio/VAD/vit-features/train/normal/commercial_normal_less/000000049215_all__5.npy,Normal
Pistachio/VAD/vit-features/train/normal/commercial_normal_less/000000049215_all__6.npy,Normal
Pistachio/VAD/vit-features/train/normal/commercial_normal_less/000000049215_all__7.npy,Normal
Pistachio/VAD/vit-features/train/normal/commercial_normal_less/000000049215_all__8.npy,Normal
Pistachio/VAD/vit-features/train/normal/commercial_normal_less/000000049215_all__9.npy,Normal
Pistachio/VAD/vit-features/train/normal/commercial_normal_less/000000049389_all__0.npy,Normal
Pistachio/VAD/vit-features/train/normal/commercial_normal_less/000000049389_all__1.npy,Normal
Pistachio/VAD/vit-features/train/normal/commercial_normal_less/000000049389_all__2.npy,Normal
Pistachio/VAD/vit-features/train/normal/commercial_normal_less/000000049389_all__3.npy,Normal
Pistachio/VAD/vit-features/train/normal/commercial_normal_less/000000049389_all__4.npy,Normal
Pistachio/VAD/vit-features/train/normal/commercial_normal_less/000000049389_all__5.npy,Normal
Pistachio/VAD/vit-features/train/normal/commercial_normal_less/000000049389_all__6.npy,Normal
Pistachio/VAD/vit-features/train/normal/commercial_normal_less/000000049389_all__7.npy,Normal
Pistachio/VAD/vit-features/train/normal/commercial_normal_less/000000049389_all__8.npy,Normal
Pistachio/VAD/vit-features/train/normal/commercial_normal_less/000000049389_all__9.npy,Normal
Pistachio/VAD/vit-features/train/normal/commercial_normal_less/000000049492_all__0.npy,Normal
Pistachio/VAD/vit-features/train/normal/commercial_normal_less/000000049492_all__1.npy,Normal
Pistachio/VAD/vit-features/train/normal/commercial_normal_less/000000049492_all__2.npy,Normal
Pistachio/VAD/vit-features/train/normal/commercial_normal_less/000000049492_all__3.npy,Normal
Pistachio/VAD/vit-features/train/normal/commercial_normal_less/000000049492_all__4.npy,Normal
Pistachio/VAD/vit-features/train/normal/commercial_normal_less/000000049492_all__5.npy,Normal
Pistachio/VAD/vit-features/train/normal/commercial_normal_less/000000049492_all__6.npy,Normal
Pistachio/VAD/vit-features/train/normal/commercial_normal_less/000000049492_all__7.npy,Normal
Pistachio/VAD/vit-features/train/normal/commercial_normal_less/000000049492_all__8.npy,Normal
Pistachio/VAD/vit-features/train/normal/commercial_normal_less/000000049492_all__9.npy,Normal
Pistachio/VAD/vit-features/train/normal/commercial_normal_less/000000049538_all__0.npy,Normal
Pistachio/VAD/vit-features/train/normal/commercial_normal_less/000000049538_all__1.npy,Normal
Pistachio/VAD/vit-features/train/normal/commercial_normal_less/000000049538_all__2.npy,Normal
Pistachio/VAD/vit-features/train/normal/commercial_normal_less/000000049538_all__3.npy,Normal
Pistachio/VAD/vit-features/train/normal/commercial_normal_less/000000049538_all__4.npy,Normal
Pistachio/VAD/vit-features/train/normal/commercial_normal_less/000000049538_all__5.npy,Normal
Pistachio/VAD/vit-features/train/normal/commercial_normal_less/000000049538_all__6.npy,Normal
Pistachio/VAD/vit-features/train/normal/commercial_normal_less/000000049538_all__7.npy,Normal
Pistachio/VAD/vit-features/train/normal/commercial_normal_less/000000049538_all__8.npy,Normal
Pistachio/VAD/vit-features/train/normal/commercial_normal_less/000000049538_all__9.npy,Normal
Pistachio/VAD/vit-features/train/normal/commercial_normal_less/000000049619_all__0.npy,Normal
Pistachio/VAD/vit-features/train/normal/commercial_normal_less/000000049619_all__1.npy,Normal
Pistachio/VAD/vit-features/train/normal/commercial_normal_less/000000049619_all__2.npy,Normal
Pistachio/VAD/vit-features/train/normal/commercial_normal_less/000000049619_all__3.npy,Normal
Pistachio/VAD/vit-features/train/normal/commercial_normal_less/000000049619_all__4.npy,Normal
Pistachio/VAD/vit-features/train/normal/commercial_normal_less/000000049619_all__5.npy,Normal
Pistachio/VAD/vit-features/train/normal/commercial_normal_less/000000049619_all__6.npy,Normal
Pistachio/VAD/vit-features/train/normal/commercial_normal_less/000000049619_all__7.npy,Normal
Pistachio/VAD/vit-features/train/normal/commercial_normal_less/000000049619_all__8.npy,Normal
Pistachio/VAD/vit-features/train/normal/commercial_normal_less/000000049619_all__9.npy,Normal
Pistachio/VAD/vit-features/train/normal/commercial_normal_less/000000050032_all__0.npy,Normal
Pistachio/VAD/vit-features/train/normal/commercial_normal_less/000000050032_all__1.npy,Normal
Pistachio/VAD/vit-features/train/normal/commercial_normal_less/000000050032_all__2.npy,Normal
Pistachio/VAD/vit-features/train/normal/commercial_normal_less/000000050032_all__3.npy,Normal
Pistachio/VAD/vit-features/train/normal/commercial_normal_less/000000050032_all__4.npy,Normal
Pistachio/VAD/vit-features/train/normal/commercial_normal_less/000000050032_all__5.npy,Normal
Pistachio/VAD/vit-features/train/normal/commercial_normal_less/000000050032_all__6.npy,Normal
Pistachio/VAD/vit-features/train/normal/commercial_normal_less/000000050032_all__7.npy,Normal
Pistachio/VAD/vit-features/train/normal/commercial_normal_less/000000050032_all__8.npy,Normal
Pistachio/VAD/vit-features/train/normal/commercial_normal_less/000000050032_all__9.npy,Normal
Pistachio/VAD/vit-features/train/normal/commercial_normal_less/000000050042_all__0.npy,Normal
Pistachio/VAD/vit-features/train/normal/commercial_normal_less/000000050042_all__1.npy,Normal
Pistachio/VAD/vit-features/train/normal/commercial_normal_less/000000050042_all__2.npy,Normal
Pistachio/VAD/vit-features/train/normal/commercial_normal_less/000000050042_all__3.npy,Normal
Pistachio/VAD/vit-features/train/normal/commercial_normal_less/000000050042_all__4.npy,Normal
Pistachio/VAD/vit-features/train/normal/commercial_normal_less/000000050042_all__5.npy,Normal
Pistachio/VAD/vit-features/train/normal/commercial_normal_less/000000050042_all__6.npy,Normal
Pistachio/VAD/vit-features/train/normal/commercial_normal_less/000000050042_all__7.npy,Normal
Pistachio/VAD/vit-features/train/normal/commercial_normal_less/000000050042_all__8.npy,Normal
Pistachio/VAD/vit-features/train/normal/commercial_normal_less/000000050042_all__9.npy,Normal
Pistachio/VAD/vit-features/train/normal/commercial_normal_less/000000050142_all__0.npy,Normal
Pistachio/VAD/vit-features/train/normal/commercial_normal_less/000000050142_all__1.npy,Normal
Pistachio/VAD/vit-features/train/normal/commercial_normal_less/000000050142_all__2.npy,Normal
Pistachio/VAD/vit-features/train/normal/commercial_normal_less/000000050142_all__3.npy,Normal
Pistachio/VAD/vit-features/train/normal/commercial_normal_less/000000050142_all__4.npy,Normal
Pistachio/VAD/vit-features/train/normal/commercial_normal_less/000000050142_all__5.npy,Normal
Pistachio/VAD/vit-features/train/normal/commercial_normal_less/000000050142_all__6.npy,Normal
Pistachio/VAD/vit-features/train/normal/commercial_normal_less/000000050142_all__7.npy,Normal
Pistachio/VAD/vit-features/train/normal/commercial_normal_less/000000050142_all__8.npy,Normal
Pistachio/VAD/vit-features/train/normal/commercial_normal_less/000000050142_all__9.npy,Normal
Pistachio/VAD/vit-features/train/normal/commercial_normal_less/000000050595_all__0.npy,Normal
Pistachio/VAD/vit-features/train/normal/commercial_normal_less/000000050595_all__1.npy,Normal
Pistachio/VAD/vit-features/train/normal/commercial_normal_less/000000050595_all__2.npy,Normal
Pistachio/VAD/vit-features/train/normal/commercial_normal_less/000000050595_all__3.npy,Normal
Pistachio/VAD/vit-features/train/normal/commercial_normal_less/000000050595_all__4.npy,Normal
Pistachio/VAD/vit-features/train/normal/commercial_normal_less/000000050595_all__5.npy,Normal
Pistachio/VAD/vit-features/train/normal/commercial_normal_less/000000050595_all__6.npy,Normal
Pistachio/VAD/vit-features/train/normal/commercial_normal_less/000000050595_all__7.npy,Normal
Pistachio/VAD/vit-features/train/normal/commercial_normal_less/000000050595_all__8.npy,Normal
Pistachio/VAD/vit-features/train/normal/commercial_normal_less/000000050595_all__9.npy,Normal
Pistachio/VAD/vit-features/train/normal/commercial_normal_less/000000050774_all__0.npy,Normal
Pistachio/VAD/vit-features/train/normal/commercial_normal_less/000000050774_all__1.npy,Normal
Pistachio/VAD/vit-features/train/normal/commercial_normal_less/000000050774_all__2.npy,Normal
Pistachio/VAD/vit-features/train/normal/commercial_normal_less/000000050774_all__3.npy,Normal
Pistachio/VAD/vit-features/train/normal/commercial_normal_less/000000050774_all__4.npy,Normal
Pistachio/VAD/vit-features/train/normal/commercial_normal_less/000000050774_all__5.npy,Normal
Pistachio/VAD/vit-features/train/normal/commercial_normal_less/000000050774_all__6.npy,Normal
Pistachio/VAD/vit-features/train/normal/commercial_normal_less/000000050774_all__7.npy,Normal
Pistachio/VAD/vit-features/train/normal/commercial_normal_less/000000050774_all__8.npy,Normal
Pistachio/VAD/vit-features/train/normal/commercial_normal_less/000000050774_all__9.npy,Normal
Pistachio/VAD/vit-features/train/normal/commercial_normal_less/000000050928_all__0.npy,Normal
Pistachio/VAD/vit-features/train/normal/commercial_normal_less/000000050928_all__1.npy,Normal
Pistachio/VAD/vit-features/train/normal/commercial_normal_less/000000050928_all__2.npy,Normal
Pistachio/VAD/vit-features/train/normal/commercial_normal_less/000000050928_all__3.npy,Normal
Pistachio/VAD/vit-features/train/normal/commercial_normal_less/000000050928_all__4.npy,Normal
Pistachio/VAD/vit-features/train/normal/commercial_normal_less/000000050928_all__5.npy,Normal
Pistachio/VAD/vit-features/train/normal/commercial_normal_less/000000050928_all__6.npy,Normal
Pistachio/VAD/vit-features/train/normal/commercial_normal_less/000000050928_all__7.npy,Normal
Pistachio/VAD/vit-features/train/normal/commercial_normal_less/000000050928_all__8.npy,Normal
Pistachio/VAD/vit-features/train/normal/commercial_normal_less/000000050928_all__9.npy,Normal
Pistachio/VAD/vit-features/train/normal/commercial_normal_less/000000050949_all__0.npy,Normal
Pistachio/VAD/vit-features/train/normal/commercial_normal_less/000000050949_all__1.npy,Normal
Pistachio/VAD/vit-features/train/normal/commercial_normal_less/000000050949_all__2.npy,Normal
Pistachio/VAD/vit-features/train/normal/commercial_normal_less/000000050949_all__3.npy,Normal
Pistachio/VAD/vit-features/train/normal/commercial_normal_less/000000050949_all__4.npy,Normal
Pistachio/VAD/vit-features/train/normal/commercial_normal_less/000000050949_all__5.npy,Normal
Pistachio/VAD/vit-features/train/normal/commercial_normal_less/000000050949_all__6.npy,Normal
Pistachio/VAD/vit-features/train/normal/commercial_normal_less/000000050949_all__7.npy,Normal
Pistachio/VAD/vit-features/train/normal/commercial_normal_less/000000050949_all__8.npy,Normal
Pistachio/VAD/vit-features/train/normal/commercial_normal_less/000000050949_all__9.npy,Normal
Pistachio/VAD/vit-features/train/normal/commercial_normal_less/000000051069_all__0.npy,Normal
Pistachio/VAD/vit-features/train/normal/commercial_normal_less/000000051069_all__1.npy,Normal
Pistachio/VAD/vit-features/train/normal/commercial_normal_less/000000051069_all__2.npy,Normal
Pistachio/VAD/vit-features/train/normal/commercial_normal_less/000000051069_all__3.npy,Normal
Pistachio/VAD/vit-features/train/normal/commercial_normal_less/000000051069_all__4.npy,Normal
Pistachio/VAD/vit-features/train/normal/commercial_normal_less/000000051069_all__5.npy,Normal
Pistachio/VAD/vit-features/train/normal/commercial_normal_less/000000051069_all__6.npy,Normal
Pistachio/VAD/vit-features/train/normal/commercial_normal_less/000000051069_all__7.npy,Normal
Pistachio/VAD/vit-features/train/normal/commercial_normal_less/000000051069_all__8.npy,Normal
Pistachio/VAD/vit-features/train/normal/commercial_normal_less/000000051069_all__9.npy,Normal
Pistachio/VAD/vit-features/train/normal/commercial_normal_less/000000051105_all__0.npy,Normal
Pistachio/VAD/vit-features/train/normal/commercial_normal_less/000000051105_all__1.npy,Normal
Pistachio/VAD/vit-features/train/normal/commercial_normal_less/000000051105_all__2.npy,Normal
Pistachio/VAD/vit-features/train/normal/commercial_normal_less/000000051105_all__3.npy,Normal
Pistachio/VAD/vit-features/train/normal/commercial_normal_less/000000051105_all__4.npy,Normal
Pistachio/VAD/vit-features/train/normal/commercial_normal_less/000000051105_all__5.npy,Normal
Pistachio/VAD/vit-features/train/normal/commercial_normal_less/000000051105_all__6.npy,Normal
Pistachio/VAD/vit-features/train/normal/commercial_normal_less/000000051105_all__7.npy,Normal
Pistachio/VAD/vit-features/train/normal/commercial_normal_less/000000051105_all__8.npy,Normal
Pistachio/VAD/vit-features/train/normal/commercial_normal_less/000000051105_all__9.npy,Normal
Pistachio/VAD/vit-features/train/normal/commercial_normal_less/000000051190_all__0.npy,Normal
Pistachio/VAD/vit-features/train/normal/commercial_normal_less/000000051190_all__1.npy,Normal
Pistachio/VAD/vit-features/train/normal/commercial_normal_less/000000051190_all__2.npy,Normal
Pistachio/VAD/vit-features/train/normal/commercial_normal_less/000000051190_all__3.npy,Normal
Pistachio/VAD/vit-features/train/normal/commercial_normal_less/000000051190_all__4.npy,Normal
Pistachio/VAD/vit-features/train/normal/commercial_normal_less/000000051190_all__5.npy,Normal
Pistachio/VAD/vit-features/train/normal/commercial_normal_less/000000051190_all__6.npy,Normal
Pistachio/VAD/vit-features/train/normal/commercial_normal_less/000000051190_all__7.npy,Normal
Pistachio/VAD/vit-features/train/normal/commercial_normal_less/000000051190_all__8.npy,Normal
Pistachio/VAD/vit-features/train/normal/commercial_normal_less/000000051190_all__9.npy,Normal
Pistachio/VAD/vit-features/train/normal/commercial_normal_less/000000051460_all__0.npy,Normal
Pistachio/VAD/vit-features/train/normal/commercial_normal_less/000000051460_all__1.npy,Normal
Pistachio/VAD/vit-features/train/normal/commercial_normal_less/000000051460_all__2.npy,Normal
Pistachio/VAD/vit-features/train/normal/commercial_normal_less/000000051460_all__3.npy,Normal
Pistachio/VAD/vit-features/train/normal/commercial_normal_less/000000051460_all__4.npy,Normal
Pistachio/VAD/vit-features/train/normal/commercial_normal_less/000000051460_all__5.npy,Normal
Pistachio/VAD/vit-features/train/normal/commercial_normal_less/000000051460_all__6.npy,Normal
Pistachio/VAD/vit-features/train/normal/commercial_normal_less/000000051460_all__7.npy,Normal
Pistachio/VAD/vit-features/train/normal/commercial_normal_less/000000051460_all__8.npy,Normal
Pistachio/VAD/vit-features/train/normal/commercial_normal_less/000000051460_all__9.npy,Normal
Pistachio/VAD/vit-features/train/normal/commercial_normal_less/000000051491_all__0.npy,Normal
Pistachio/VAD/vit-features/train/normal/commercial_normal_less/000000051491_all__1.npy,Normal
Pistachio/VAD/vit-features/train/normal/commercial_normal_less/000000051491_all__2.npy,Normal
Pistachio/VAD/vit-features/train/normal/commercial_normal_less/000000051491_all__3.npy,Normal
Pistachio/VAD/vit-features/train/normal/commercial_normal_less/000000051491_all__4.npy,Normal
Pistachio/VAD/vit-features/train/normal/commercial_normal_less/000000051491_all__5.npy,Normal
Pistachio/VAD/vit-features/train/normal/commercial_normal_less/000000051491_all__6.npy,Normal
Pistachio/VAD/vit-features/train/normal/commercial_normal_less/000000051491_all__7.npy,Normal
Pistachio/VAD/vit-features/train/normal/commercial_normal_less/000000051491_all__8.npy,Normal
Pistachio/VAD/vit-features/train/normal/commercial_normal_less/000000051491_all__9.npy,Normal
Pistachio/VAD/vit-features/train/normal/commercial_normal_less/000000051496_all__0.npy,Normal
Pistachio/VAD/vit-features/train/normal/commercial_normal_less/000000051496_all__1.npy,Normal
Pistachio/VAD/vit-features/train/normal/commercial_normal_less/000000051496_all__2.npy,Normal
Pistachio/VAD/vit-features/train/normal/commercial_normal_less/000000051496_all__3.npy,Normal
Pistachio/VAD/vit-features/train/normal/commercial_normal_less/000000051496_all__4.npy,Normal
Pistachio/VAD/vit-features/train/normal/commercial_normal_less/000000051496_all__5.npy,Normal
Pistachio/VAD/vit-features/train/normal/commercial_normal_less/000000051496_all__6.npy,Normal
Pistachio/VAD/vit-features/train/normal/commercial_normal_less/000000051496_all__7.npy,Normal
Pistachio/VAD/vit-features/train/normal/commercial_normal_less/000000051496_all__8.npy,Normal
Pistachio/VAD/vit-features/train/normal/commercial_normal_less/000000051496_all__9.npy,Normal
Pistachio/VAD/vit-features/train/normal/commercial_normal_less/000000051665_all__0.npy,Normal
Pistachio/VAD/vit-features/train/normal/commercial_normal_less/000000051665_all__1.npy,Normal
Pistachio/VAD/vit-features/train/normal/commercial_normal_less/000000051665_all__2.npy,Normal
Pistachio/VAD/vit-features/train/normal/commercial_normal_less/000000051665_all__3.npy,Normal
Pistachio/VAD/vit-features/train/normal/commercial_normal_less/000000051665_all__4.npy,Normal
Pistachio/VAD/vit-features/train/normal/commercial_normal_less/000000051665_all__5.npy,Normal
Pistachio/VAD/vit-features/train/normal/commercial_normal_less/000000051665_all__6.npy,Normal
Pistachio/VAD/vit-features/train/normal/commercial_normal_less/000000051665_all__7.npy,Normal
Pistachio/VAD/vit-features/train/normal/commercial_normal_less/000000051665_all__8.npy,Normal
Pistachio/VAD/vit-features/train/normal/commercial_normal_less/000000051665_all__9.npy,Normal
Pistachio/VAD/vit-features/train/normal/commercial_normal_less/000000051736_all__0.npy,Normal
Pistachio/VAD/vit-features/train/normal/commercial_normal_less/000000051736_all__1.npy,Normal
Pistachio/VAD/vit-features/train/normal/commercial_normal_less/000000051736_all__2.npy,Normal
Pistachio/VAD/vit-features/train/normal/commercial_normal_less/000000051736_all__3.npy,Normal
Pistachio/VAD/vit-features/train/normal/commercial_normal_less/000000051736_all__4.npy,Normal
Pistachio/VAD/vit-features/train/normal/commercial_normal_less/000000051736_all__5.npy,Normal
Pistachio/VAD/vit-features/train/normal/commercial_normal_less/000000051736_all__6.npy,Normal
Pistachio/VAD/vit-features/train/normal/commercial_normal_less/000000051736_all__7.npy,Normal
Pistachio/VAD/vit-features/train/normal/commercial_normal_less/000000051736_all__8.npy,Normal
Pistachio/VAD/vit-features/train/normal/commercial_normal_less/000000051736_all__9.npy,Normal
Pistachio/VAD/vit-features/train/normal/commercial_normal_less/000000052046_all__0.npy,Normal
Pistachio/VAD/vit-features/train/normal/commercial_normal_less/000000052046_all__1.npy,Normal
Pistachio/VAD/vit-features/train/normal/commercial_normal_less/000000052046_all__2.npy,Normal
Pistachio/VAD/vit-features/train/normal/commercial_normal_less/000000052046_all__3.npy,Normal
Pistachio/VAD/vit-features/train/normal/commercial_normal_less/000000052046_all__4.npy,Normal
Pistachio/VAD/vit-features/train/normal/commercial_normal_less/000000052046_all__5.npy,Normal
Pistachio/VAD/vit-features/train/normal/commercial_normal_less/000000052046_all__6.npy,Normal
Pistachio/VAD/vit-features/train/normal/commercial_normal_less/000000052046_all__7.npy,Normal
Pistachio/VAD/vit-features/train/normal/commercial_normal_less/000000052046_all__8.npy,Normal
Pistachio/VAD/vit-features/train/normal/commercial_normal_less/000000052046_all__9.npy,Normal
Pistachio/VAD/vit-features/train/normal/commercial_normal_less/000000052046_all__0.npy,Normal
Pistachio/VAD/vit-features/train/normal/commercial_normal_less/000000052046_all__1.npy,Normal
Pistachio/VAD/vit-features/train/normal/commercial_normal_less/000000052046_all__2.npy,Normal
Pistachio/VAD/vit-features/train/normal/commercial_normal_less/000000052046_all__3.npy,Normal
Pistachio/VAD/vit-features/train/normal/commercial_normal_less/000000052046_all__4.npy,Normal
Pistachio/VAD/vit-features/train/normal/commercial_normal_less/000000052046_all__5.npy,Normal
Pistachio/VAD/vit-features/train/normal/commercial_normal_less/000000052046_all__6.npy,Normal
Pistachio/VAD/vit-features/train/normal/commercial_normal_less/000000052046_all__7.npy,Normal
Pistachio/VAD/vit-features/train/normal/commercial_normal_less/000000052046_all__8.npy,Normal
Pistachio/VAD/vit-features/train/normal/commercial_normal_less/000000052046_all__9.npy,Normal
Pistachio/VAD/vit-features/train/normal/commercial_normal_less/000000052095_all__0.npy,Normal
Pistachio/VAD/vit-features/train/normal/commercial_normal_less/000000052095_all__1.npy,Normal
Pistachio/VAD/vit-features/train/normal/commercial_normal_less/000000052095_all__2.npy,Normal
Pistachio/VAD/vit-features/train/normal/commercial_normal_less/000000052095_all__3.npy,Normal
Pistachio/VAD/vit-features/train/normal/commercial_normal_less/000000052095_all__4.npy,Normal
Pistachio/VAD/vit-features/train/normal/commercial_normal_less/000000052095_all__5.npy,Normal
Pistachio/VAD/vit-features/train/normal/commercial_normal_less/000000052095_all__6.npy,Normal
Pistachio/VAD/vit-features/train/normal/commercial_normal_less/000000052095_all__7.npy,Normal
Pistachio/VAD/vit-features/train/normal/commercial_normal_less/000000052095_all__8.npy,Normal
Pistachio/VAD/vit-features/train/normal/commercial_normal_less/000000052095_all__9.npy,Normal
Pistachio/VAD/vit-features/train/normal/commercial_normal_less/000000052171_all__0.npy,Normal
Pistachio/VAD/vit-features/train/normal/commercial_normal_less/000000052171_all__1.npy,Normal
Pistachio/VAD/vit-features/train/normal/commercial_normal_less/000000052171_all__2.npy,Normal
Pistachio/VAD/vit-features/train/normal/commercial_normal_less/000000052171_all__3.npy,Normal
Pistachio/VAD/vit-features/train/normal/commercial_normal_less/000000052171_all__4.npy,Normal
Pistachio/VAD/vit-features/train/normal/commercial_normal_less/000000052171_all__5.npy,Normal
Pistachio/VAD/vit-features/train/normal/commercial_normal_less/000000052171_all__6.npy,Normal
Pistachio/VAD/vit-features/train/normal/commercial_normal_less/000000052171_all__7.npy,Normal
Pistachio/VAD/vit-features/train/normal/commercial_normal_less/000000052171_all__8.npy,Normal
Pistachio/VAD/vit-features/train/normal/commercial_normal_less/000000052171_all__9.npy,Normal
Pistachio/VAD/vit-features/train/normal/commercial_normal_less/000000052536_all__0.npy,Normal
Pistachio/VAD/vit-features/train/normal/commercial_normal_less/000000052536_all__1.npy,Normal
Pistachio/VAD/vit-features/train/normal/commercial_normal_less/000000052536_all__2.npy,Normal
Pistachio/VAD/vit-features/train/normal/commercial_normal_less/000000052536_all__3.npy,Normal
Pistachio/VAD/vit-features/train/normal/commercial_normal_less/000000052536_all__4.npy,Normal
Pistachio/VAD/vit-features/train/normal/commercial_normal_less/000000052536_all__5.npy,Normal
Pistachio/VAD/vit-features/train/normal/commercial_normal_less/000000052536_all__6.npy,Normal
Pistachio/VAD/vit-features/train/normal/commercial_normal_less/000000052536_all__7.npy,Normal
Pistachio/VAD/vit-features/train/normal/commercial_normal_less/000000052536_all__8.npy,Normal
Pistachio/VAD/vit-features/train/normal/commercial_normal_less/000000052536_all__9.npy,Normal
Pistachio/VAD/vit-features/train/normal/commercial_normal_less/000000052536_all__0.npy,Normal
Pistachio/VAD/vit-features/train/normal/commercial_normal_less/000000052536_all__1.npy,Normal
Pistachio/VAD/vit-features/train/normal/commercial_normal_less/000000052536_all__2.npy,Normal
Pistachio/VAD/vit-features/train/normal/commercial_normal_less/000000052536_all__3.npy,Normal
Pistachio/VAD/vit-features/train/normal/commercial_normal_less/000000052536_all__4.npy,Normal
Pistachio/VAD/vit-features/train/normal/commercial_normal_less/000000052536_all__5.npy,Normal
Pistachio/VAD/vit-features/train/normal/commercial_normal_less/000000052536_all__6.npy,Normal
Pistachio/VAD/vit-features/train/normal/commercial_normal_less/000000052536_all__7.npy,Normal
Pistachio/VAD/vit-features/train/normal/commercial_normal_less/000000052536_all__8.npy,Normal
Pistachio/VAD/vit-features/train/normal/commercial_normal_less/000000052536_all__9.npy,Normal
Pistachio/VAD/vit-features/train/normal/commercial_normal_less/000000052633_all__0.npy,Normal
Pistachio/VAD/vit-features/train/normal/commercial_normal_less/000000052633_all__1.npy,Normal
Pistachio/VAD/vit-features/train/normal/commercial_normal_less/000000052633_all__2.npy,Normal
Pistachio/VAD/vit-features/train/normal/commercial_normal_less/000000052633_all__3.npy,Normal
Pistachio/VAD/vit-features/train/normal/commercial_normal_less/000000052633_all__4.npy,Normal
Pistachio/VAD/vit-features/train/normal/commercial_normal_less/000000052633_all__5.npy,Normal
Pistachio/VAD/vit-features/train/normal/commercial_normal_less/000000052633_all__6.npy,Normal
Pistachio/VAD/vit-features/train/normal/commercial_normal_less/000000052633_all__7.npy,Normal
Pistachio/VAD/vit-features/train/normal/commercial_normal_less/000000052633_all__8.npy,Normal
Pistachio/VAD/vit-features/train/normal/commercial_normal_less/000000052633_all__9.npy,Normal
Pistachio/VAD/vit-features/train/normal/commercial_normal_less/000000052694_all__0.npy,Normal
Pistachio/VAD/vit-features/train/normal/commercial_normal_less/000000052694_all__1.npy,Normal
Pistachio/VAD/vit-features/train/normal/commercial_normal_less/000000052694_all__2.npy,Normal
Pistachio/VAD/vit-features/train/normal/commercial_normal_less/000000052694_all__3.npy,Normal
Pistachio/VAD/vit-features/train/normal/commercial_normal_less/000000052694_all__4.npy,Normal
Pistachio/VAD/vit-features/train/normal/commercial_normal_less/000000052694_all__5.npy,Normal
Pistachio/VAD/vit-features/train/normal/commercial_normal_less/000000052694_all__6.npy,Normal
Pistachio/VAD/vit-features/train/normal/commercial_normal_less/000000052694_all__7.npy,Normal
Pistachio/VAD/vit-features/train/normal/commercial_normal_less/000000052694_all__8.npy,Normal
Pistachio/VAD/vit-features/train/normal/commercial_normal_less/000000052694_all__9.npy,Normal
Pistachio/VAD/vit-features/train/normal/commercial_normal_less/000000052809_all__0.npy,Normal
Pistachio/VAD/vit-features/train/normal/commercial_normal_less/000000052809_all__1.npy,Normal
Pistachio/VAD/vit-features/train/normal/commercial_normal_less/000000052809_all__2.npy,Normal
Pistachio/VAD/vit-features/train/normal/commercial_normal_less/000000052809_all__3.npy,Normal
Pistachio/VAD/vit-features/train/normal/commercial_normal_less/000000052809_all__4.npy,Normal
Pistachio/VAD/vit-features/train/normal/commercial_normal_less/000000052809_all__5.npy,Normal
Pistachio/VAD/vit-features/train/normal/commercial_normal_less/000000052809_all__6.npy,Normal
Pistachio/VAD/vit-features/train/normal/commercial_normal_less/000000052809_all__7.npy,Normal
Pistachio/VAD/vit-features/train/normal/commercial_normal_less/000000052809_all__8.npy,Normal
Pistachio/VAD/vit-features/train/normal/commercial_normal_less/000000052809_all__9.npy,Normal
Pistachio/VAD/vit-features/train/normal/commercial_normal_less/000000053029_all__0.npy,Normal
Pistachio/VAD/vit-features/train/normal/commercial_normal_less/000000053029_all__1.npy,Normal
Pistachio/VAD/vit-features/train/normal/commercial_normal_less/000000053029_all__2.npy,Normal
Pistachio/VAD/vit-features/train/normal/commercial_normal_less/000000053029_all__3.npy,Normal
Pistachio/VAD/vit-features/train/normal/commercial_normal_less/000000053029_all__4.npy,Normal
Pistachio/VAD/vit-features/train/normal/commercial_normal_less/000000053029_all__5.npy,Normal
Pistachio/VAD/vit-features/train/normal/commercial_normal_less/000000053029_all__6.npy,Normal
Pistachio/VAD/vit-features/train/normal/commercial_normal_less/000000053029_all__7.npy,Normal
Pistachio/VAD/vit-features/train/normal/commercial_normal_less/000000053029_all__8.npy,Normal
Pistachio/VAD/vit-features/train/normal/commercial_normal_less/000000053029_all__9.npy,Normal
Pistachio/VAD/vit-features/train/normal/commercial_normal_less/000000053144_all__0.npy,Normal
Pistachio/VAD/vit-features/train/normal/commercial_normal_less/000000053144_all__1.npy,Normal
Pistachio/VAD/vit-features/train/normal/commercial_normal_less/000000053144_all__2.npy,Normal
Pistachio/VAD/vit-features/train/normal/commercial_normal_less/000000053144_all__3.npy,Normal
Pistachio/VAD/vit-features/train/normal/commercial_normal_less/000000053144_all__4.npy,Normal
Pistachio/VAD/vit-features/train/normal/commercial_normal_less/000000053144_all__5.npy,Normal
Pistachio/VAD/vit-features/train/normal/commercial_normal_less/000000053144_all__6.npy,Normal
Pistachio/VAD/vit-features/train/normal/commercial_normal_less/000000053144_all__7.npy,Normal
Pistachio/VAD/vit-features/train/normal/commercial_normal_less/000000053144_all__8.npy,Normal
Pistachio/VAD/vit-features/train/normal/commercial_normal_less/000000053144_all__9.npy,Normal
Pistachio/VAD/vit-features/train/normal/commercial_normal_less/000000053303_all__0.npy,Normal
Pistachio/VAD/vit-features/train/normal/commercial_normal_less/000000053303_all__1.npy,Normal
Pistachio/VAD/vit-features/train/normal/commercial_normal_less/000000053303_all__2.npy,Normal
Pistachio/VAD/vit-features/train/normal/commercial_normal_less/000000053303_all__3.npy,Normal
Pistachio/VAD/vit-features/train/normal/commercial_normal_less/000000053303_all__4.npy,Normal
Pistachio/VAD/vit-features/train/normal/commercial_normal_less/000000053303_all__5.npy,Normal
Pistachio/VAD/vit-features/train/normal/commercial_normal_less/000000053303_all__6.npy,Normal
Pistachio/VAD/vit-features/train/normal/commercial_normal_less/000000053303_all__7.npy,Normal
Pistachio/VAD/vit-features/train/normal/commercial_normal_less/000000053303_all__8.npy,Normal
Pistachio/VAD/vit-features/train/normal/commercial_normal_less/000000053303_all__9.npy,Normal
Pistachio/VAD/vit-features/train/normal/commercial_normal_less/000000053314_all__0.npy,Normal
Pistachio/VAD/vit-features/train/normal/commercial_normal_less/000000053314_all__1.npy,Normal
Pistachio/VAD/vit-features/train/normal/commercial_normal_less/000000053314_all__2.npy,Normal
Pistachio/VAD/vit-features/train/normal/commercial_normal_less/000000053314_all__3.npy,Normal
Pistachio/VAD/vit-features/train/normal/commercial_normal_less/000000053314_all__4.npy,Normal
Pistachio/VAD/vit-features/train/normal/commercial_normal_less/000000053314_all__5.npy,Normal
Pistachio/VAD/vit-features/train/normal/commercial_normal_less/000000053314_all__6.npy,Normal
Pistachio/VAD/vit-features/train/normal/commercial_normal_less/000000053314_all__7.npy,Normal
Pistachio/VAD/vit-features/train/normal/commercial_normal_less/000000053314_all__8.npy,Normal
Pistachio/VAD/vit-features/train/normal/commercial_normal_less/000000053314_all__9.npy,Normal
Pistachio/VAD/vit-features/train/normal/commercial_normal_less/000000053372_all__0.npy,Normal
Pistachio/VAD/vit-features/train/normal/commercial_normal_less/000000053372_all__1.npy,Normal
Pistachio/VAD/vit-features/train/normal/commercial_normal_less/000000053372_all__2.npy,Normal
Pistachio/VAD/vit-features/train/normal/commercial_normal_less/000000053372_all__3.npy,Normal
Pistachio/VAD/vit-features/train/normal/commercial_normal_less/000000053372_all__4.npy,Normal
Pistachio/VAD/vit-features/train/normal/commercial_normal_less/000000053372_all__5.npy,Normal
Pistachio/VAD/vit-features/train/normal/commercial_normal_less/000000053372_all__6.npy,Normal
Pistachio/VAD/vit-features/train/normal/commercial_normal_less/000000053372_all__7.npy,Normal
Pistachio/VAD/vit-features/train/normal/commercial_normal_less/000000053372_all__8.npy,Normal
Pistachio/VAD/vit-features/train/normal/commercial_normal_less/000000053372_all__9.npy,Normal
Pistachio/VAD/vit-features/train/normal/commercial_normal_less/000000053372_all__0.npy,Normal
Pistachio/VAD/vit-features/train/normal/commercial_normal_less/000000053372_all__1.npy,Normal
Pistachio/VAD/vit-features/train/normal/commercial_normal_less/000000053372_all__2.npy,Normal
Pistachio/VAD/vit-features/train/normal/commercial_normal_less/000000053372_all__3.npy,Normal
Pistachio/VAD/vit-features/train/normal/commercial_normal_less/000000053372_all__4.npy,Normal
Pistachio/VAD/vit-features/train/normal/commercial_normal_less/000000053372_all__5.npy,Normal
Pistachio/VAD/vit-features/train/normal/commercial_normal_less/000000053372_all__6.npy,Normal
Pistachio/VAD/vit-features/train/normal/commercial_normal_less/000000053372_all__7.npy,Normal
Pistachio/VAD/vit-features/train/normal/commercial_normal_less/000000053372_all__8.npy,Normal
Pistachio/VAD/vit-features/train/normal/commercial_normal_less/000000053372_all__9.npy,Normal
Pistachio/VAD/vit-features/train/normal/commercial_normal_less/000000053377_all__0.npy,Normal
Pistachio/VAD/vit-features/train/normal/commercial_normal_less/000000053377_all__1.npy,Normal
Pistachio/VAD/vit-features/train/normal/commercial_normal_less/000000053377_all__2.npy,Normal
Pistachio/VAD/vit-features/train/normal/commercial_normal_less/000000053377_all__3.npy,Normal
Pistachio/VAD/vit-features/train/normal/commercial_normal_less/000000053377_all__4.npy,Normal
Pistachio/VAD/vit-features/train/normal/commercial_normal_less/000000053377_all__5.npy,Normal
Pistachio/VAD/vit-features/train/normal/commercial_normal_less/000000053377_all__6.npy,Normal
Pistachio/VAD/vit-features/train/normal/commercial_normal_less/000000053377_all__7.npy,Normal
Pistachio/VAD/vit-features/train/normal/commercial_normal_less/000000053377_all__8.npy,Normal
Pistachio/VAD/vit-features/train/normal/commercial_normal_less/000000053377_all__9.npy,Normal
Pistachio/VAD/vit-features/train/normal/commercial_normal_less/000000053659_all__0.npy,Normal
Pistachio/VAD/vit-features/train/normal/commercial_normal_less/000000053659_all__1.npy,Normal
Pistachio/VAD/vit-features/train/normal/commercial_normal_less/000000053659_all__2.npy,Normal
Pistachio/VAD/vit-features/train/normal/commercial_normal_less/000000053659_all__3.npy,Normal
Pistachio/VAD/vit-features/train/normal/commercial_normal_less/000000053659_all__4.npy,Normal
Pistachio/VAD/vit-features/train/normal/commercial_normal_less/000000053659_all__5.npy,Normal
Pistachio/VAD/vit-features/train/normal/commercial_normal_less/000000053659_all__6.npy,Normal
Pistachio/VAD/vit-features/train/normal/commercial_normal_less/000000053659_all__7.npy,Normal
Pistachio/VAD/vit-features/train/normal/commercial_normal_less/000000053659_all__8.npy,Normal
Pistachio/VAD/vit-features/train/normal/commercial_normal_less/000000053659_all__9.npy,Normal
Pistachio/VAD/vit-features/train/normal/commercial_normal_less/000000053692_all__0.npy,Normal
Pistachio/VAD/vit-features/train/normal/commercial_normal_less/000000053692_all__1.npy,Normal
Pistachio/VAD/vit-features/train/normal/commercial_normal_less/000000053692_all__2.npy,Normal
Pistachio/VAD/vit-features/train/normal/commercial_normal_less/000000053692_all__3.npy,Normal
Pistachio/VAD/vit-features/train/normal/commercial_normal_less/000000053692_all__4.npy,Normal
Pistachio/VAD/vit-features/train/normal/commercial_normal_less/000000053692_all__5.npy,Normal
Pistachio/VAD/vit-features/train/normal/commercial_normal_less/000000053692_all__6.npy,Normal
Pistachio/VAD/vit-features/train/normal/commercial_normal_less/000000053692_all__7.npy,Normal
Pistachio/VAD/vit-features/train/normal/commercial_normal_less/000000053692_all__8.npy,Normal
Pistachio/VAD/vit-features/train/normal/commercial_normal_less/000000053692_all__9.npy,Normal
Pistachio/VAD/vit-features/train/normal/commercial_normal_less/000000053782_all__0.npy,Normal
Pistachio/VAD/vit-features/train/normal/commercial_normal_less/000000053782_all__1.npy,Normal
Pistachio/VAD/vit-features/train/normal/commercial_normal_less/000000053782_all__2.npy,Normal
Pistachio/VAD/vit-features/train/normal/commercial_normal_less/000000053782_all__3.npy,Normal
Pistachio/VAD/vit-features/train/normal/commercial_normal_less/000000053782_all__4.npy,Normal
Pistachio/VAD/vit-features/train/normal/commercial_normal_less/000000053782_all__5.npy,Normal
Pistachio/VAD/vit-features/train/normal/commercial_normal_less/000000053782_all__6.npy,Normal
Pistachio/VAD/vit-features/train/normal/commercial_normal_less/000000053782_all__7.npy,Normal
Pistachio/VAD/vit-features/train/normal/commercial_normal_less/000000053782_all__8.npy,Normal
Pistachio/VAD/vit-features/train/normal/commercial_normal_less/000000053782_all__9.npy,Normal
Pistachio/VAD/vit-features/train/normal/commercial_normal_less/000000053832_all__0.npy,Normal
Pistachio/VAD/vit-features/train/normal/commercial_normal_less/000000053832_all__1.npy,Normal
Pistachio/VAD/vit-features/train/normal/commercial_normal_less/000000053832_all__2.npy,Normal
Pistachio/VAD/vit-features/train/normal/commercial_normal_less/000000053832_all__3.npy,Normal
Pistachio/VAD/vit-features/train/normal/commercial_normal_less/000000053832_all__4.npy,Normal
Pistachio/VAD/vit-features/train/normal/commercial_normal_less/000000053832_all__5.npy,Normal
Pistachio/VAD/vit-features/train/normal/commercial_normal_less/000000053832_all__6.npy,Normal
Pistachio/VAD/vit-features/train/normal/commercial_normal_less/000000053832_all__7.npy,Normal
Pistachio/VAD/vit-features/train/normal/commercial_normal_less/000000053832_all__8.npy,Normal
Pistachio/VAD/vit-features/train/normal/commercial_normal_less/000000053832_all__9.npy,Normal
Pistachio/VAD/vit-features/train/normal/commercial_normal_less/000000053848_all__0.npy,Normal
Pistachio/VAD/vit-features/train/normal/commercial_normal_less/000000053848_all__1.npy,Normal
Pistachio/VAD/vit-features/train/normal/commercial_normal_less/000000053848_all__2.npy,Normal
Pistachio/VAD/vit-features/train/normal/commercial_normal_less/000000053848_all__3.npy,Normal
Pistachio/VAD/vit-features/train/normal/commercial_normal_less/000000053848_all__4.npy,Normal
Pistachio/VAD/vit-features/train/normal/commercial_normal_less/000000053848_all__5.npy,Normal
Pistachio/VAD/vit-features/train/normal/commercial_normal_less/000000053848_all__6.npy,Normal
Pistachio/VAD/vit-features/train/normal/commercial_normal_less/000000053848_all__7.npy,Normal
Pistachio/VAD/vit-features/train/normal/commercial_normal_less/000000053848_all__8.npy,Normal
Pistachio/VAD/vit-features/train/normal/commercial_normal_less/000000053848_all__9.npy,Normal
Pistachio/VAD/vit-features/train/normal/commercial_normal_less/000000053944_all__0.npy,Normal
Pistachio/VAD/vit-features/train/normal/commercial_normal_less/000000053944_all__1.npy,Normal
Pistachio/VAD/vit-features/train/normal/commercial_normal_less/000000053944_all__2.npy,Normal
Pistachio/VAD/vit-features/train/normal/commercial_normal_less/000000053944_all__3.npy,Normal
Pistachio/VAD/vit-features/train/normal/commercial_normal_less/000000053944_all__4.npy,Normal
Pistachio/VAD/vit-features/train/normal/commercial_normal_less/000000053944_all__5.npy,Normal
Pistachio/VAD/vit-features/train/normal/commercial_normal_less/000000053944_all__6.npy,Normal
Pistachio/VAD/vit-features/train/normal/commercial_normal_less/000000053944_all__7.npy,Normal
Pistachio/VAD/vit-features/train/normal/commercial_normal_less/000000053944_all__8.npy,Normal
Pistachio/VAD/vit-features/train/normal/commercial_normal_less/000000053944_all__9.npy,Normal
Pistachio/VAD/vit-features/train/normal/commercial_normal_less/000000053948_all__0.npy,Normal
Pistachio/VAD/vit-features/train/normal/commercial_normal_less/000000053948_all__1.npy,Normal
Pistachio/VAD/vit-features/train/normal/commercial_normal_less/000000053948_all__2.npy,Normal
Pistachio/VAD/vit-features/train/normal/commercial_normal_less/000000053948_all__3.npy,Normal
Pistachio/VAD/vit-features/train/normal/commercial_normal_less/000000053948_all__4.npy,Normal
Pistachio/VAD/vit-features/train/normal/commercial_normal_less/000000053948_all__5.npy,Normal
Pistachio/VAD/vit-features/train/normal/commercial_normal_less/000000053948_all__6.npy,Normal
Pistachio/VAD/vit-features/train/normal/commercial_normal_less/000000053948_all__7.npy,Normal
Pistachio/VAD/vit-features/train/normal/commercial_normal_less/000000053948_all__8.npy,Normal
Pistachio/VAD/vit-features/train/normal/commercial_normal_less/000000053948_all__9.npy,Normal
Pistachio/VAD/vit-features/train/normal/commercial_normal_less/000000054112_all__0.npy,Normal
Pistachio/VAD/vit-features/train/normal/commercial_normal_less/000000054112_all__1.npy,Normal
Pistachio/VAD/vit-features/train/normal/commercial_normal_less/000000054112_all__2.npy,Normal
Pistachio/VAD/vit-features/train/normal/commercial_normal_less/000000054112_all__3.npy,Normal
Pistachio/VAD/vit-features/train/normal/commercial_normal_less/000000054112_all__4.npy,Normal
Pistachio/VAD/vit-features/train/normal/commercial_normal_less/000000054112_all__5.npy,Normal
Pistachio/VAD/vit-features/train/normal/commercial_normal_less/000000054112_all__6.npy,Normal
Pistachio/VAD/vit-features/train/normal/commercial_normal_less/000000054112_all__7.npy,Normal
Pistachio/VAD/vit-features/train/normal/commercial_normal_less/000000054112_all__8.npy,Normal
Pistachio/VAD/vit-features/train/normal/commercial_normal_less/000000054112_all__9.npy,Normal
Pistachio/VAD/vit-features/train/normal/commercial_normal_less/000000054126_all__0.npy,Normal
Pistachio/VAD/vit-features/train/normal/commercial_normal_less/000000054126_all__1.npy,Normal
Pistachio/VAD/vit-features/train/normal/commercial_normal_less/000000054126_all__2.npy,Normal
Pistachio/VAD/vit-features/train/normal/commercial_normal_less/000000054126_all__3.npy,Normal
Pistachio/VAD/vit-features/train/normal/commercial_normal_less/000000054126_all__4.npy,Normal
Pistachio/VAD/vit-features/train/normal/commercial_normal_less/000000054126_all__5.npy,Normal
Pistachio/VAD/vit-features/train/normal/commercial_normal_less/000000054126_all__6.npy,Normal
Pistachio/VAD/vit-features/train/normal/commercial_normal_less/000000054126_all__7.npy,Normal
Pistachio/VAD/vit-features/train/normal/commercial_normal_less/000000054126_all__8.npy,Normal
Pistachio/VAD/vit-features/train/normal/commercial_normal_less/000000054126_all__9.npy,Normal
Pistachio/VAD/vit-features/train/normal/commercial_normal_less/000000054255_all__0.npy,Normal
Pistachio/VAD/vit-features/train/normal/commercial_normal_less/000000054255_all__1.npy,Normal
Pistachio/VAD/vit-features/train/normal/commercial_normal_less/000000054255_all__2.npy,Normal
Pistachio/VAD/vit-features/train/normal/commercial_normal_less/000000054255_all__3.npy,Normal
Pistachio/VAD/vit-features/train/normal/commercial_normal_less/000000054255_all__4.npy,Normal
Pistachio/VAD/vit-features/train/normal/commercial_normal_less/000000054255_all__5.npy,Normal
Pistachio/VAD/vit-features/train/normal/commercial_normal_less/000000054255_all__6.npy,Normal
Pistachio/VAD/vit-features/train/normal/commercial_normal_less/000000054255_all__7.npy,Normal
Pistachio/VAD/vit-features/train/normal/commercial_normal_less/000000054255_all__8.npy,Normal
Pistachio/VAD/vit-features/train/normal/commercial_normal_less/000000054255_all__9.npy,Normal
Pistachio/VAD/vit-features/train/normal/commercial_normal_less/000000054263_all__0.npy,Normal
Pistachio/VAD/vit-features/train/normal/commercial_normal_less/000000054263_all__1.npy,Normal
Pistachio/VAD/vit-features/train/normal/commercial_normal_less/000000054263_all__2.npy,Normal
Pistachio/VAD/vit-features/train/normal/commercial_normal_less/000000054263_all__3.npy,Normal
Pistachio/VAD/vit-features/train/normal/commercial_normal_less/000000054263_all__4.npy,Normal
Pistachio/VAD/vit-features/train/normal/commercial_normal_less/000000054263_all__5.npy,Normal
Pistachio/VAD/vit-features/train/normal/commercial_normal_less/000000054263_all__6.npy,Normal
Pistachio/VAD/vit-features/train/normal/commercial_normal_less/000000054263_all__7.npy,Normal
Pistachio/VAD/vit-features/train/normal/commercial_normal_less/000000054263_all__8.npy,Normal
Pistachio/VAD/vit-features/train/normal/commercial_normal_less/000000054263_all__9.npy,Normal
Pistachio/VAD/vit-features/train/normal/commercial_normal_less/000000054372_all__0.npy,Normal
Pistachio/VAD/vit-features/train/normal/commercial_normal_less/000000054372_all__1.npy,Normal
Pistachio/VAD/vit-features/train/normal/commercial_normal_less/000000054372_all__2.npy,Normal
Pistachio/VAD/vit-features/train/normal/commercial_normal_less/000000054372_all__3.npy,Normal
Pistachio/VAD/vit-features/train/normal/commercial_normal_less/000000054372_all__4.npy,Normal
Pistachio/VAD/vit-features/train/normal/commercial_normal_less/000000054372_all__5.npy,Normal
Pistachio/VAD/vit-features/train/normal/commercial_normal_less/000000054372_all__6.npy,Normal
Pistachio/VAD/vit-features/train/normal/commercial_normal_less/000000054372_all__7.npy,Normal
Pistachio/VAD/vit-features/train/normal/commercial_normal_less/000000054372_all__8.npy,Normal
Pistachio/VAD/vit-features/train/normal/commercial_normal_less/000000054372_all__9.npy,Normal
Pistachio/VAD/vit-features/train/normal/commercial_normal_less/000000054673_all__0.npy,Normal
Pistachio/VAD/vit-features/train/normal/commercial_normal_less/000000054673_all__1.npy,Normal
Pistachio/VAD/vit-features/train/normal/commercial_normal_less/000000054673_all__2.npy,Normal
Pistachio/VAD/vit-features/train/normal/commercial_normal_less/000000054673_all__3.npy,Normal
Pistachio/VAD/vit-features/train/normal/commercial_normal_less/000000054673_all__4.npy,Normal
Pistachio/VAD/vit-features/train/normal/commercial_normal_less/000000054673_all__5.npy,Normal
Pistachio/VAD/vit-features/train/normal/commercial_normal_less/000000054673_all__6.npy,Normal
Pistachio/VAD/vit-features/train/normal/commercial_normal_less/000000054673_all__7.npy,Normal
Pistachio/VAD/vit-features/train/normal/commercial_normal_less/000000054673_all__8.npy,Normal
Pistachio/VAD/vit-features/train/normal/commercial_normal_less/000000054673_all__9.npy,Normal
Pistachio/VAD/vit-features/train/normal/commercial_normal_less/000000054676_all__0.npy,Normal
Pistachio/VAD/vit-features/train/normal/commercial_normal_less/000000054676_all__1.npy,Normal
Pistachio/VAD/vit-features/train/normal/commercial_normal_less/000000054676_all__2.npy,Normal
Pistachio/VAD/vit-features/train/normal/commercial_normal_less/000000054676_all__3.npy,Normal
Pistachio/VAD/vit-features/train/normal/commercial_normal_less/000000054676_all__4.npy,Normal
Pistachio/VAD/vit-features/train/normal/commercial_normal_less/000000054676_all__5.npy,Normal
Pistachio/VAD/vit-features/train/normal/commercial_normal_less/000000054676_all__6.npy,Normal
Pistachio/VAD/vit-features/train/normal/commercial_normal_less/000000054676_all__7.npy,Normal
Pistachio/VAD/vit-features/train/normal/commercial_normal_less/000000054676_all__8.npy,Normal
Pistachio/VAD/vit-features/train/normal/commercial_normal_less/000000054676_all__9.npy,Normal
Pistachio/VAD/vit-features/train/normal/commercial_normal_less/000000055203_all__0.npy,Normal
Pistachio/VAD/vit-features/train/normal/commercial_normal_less/000000055203_all__1.npy,Normal
Pistachio/VAD/vit-features/train/normal/commercial_normal_less/000000055203_all__2.npy,Normal
Pistachio/VAD/vit-features/train/normal/commercial_normal_less/000000055203_all__3.npy,Normal
Pistachio/VAD/vit-features/train/normal/commercial_normal_less/000000055203_all__4.npy,Normal
Pistachio/VAD/vit-features/train/normal/commercial_normal_less/000000055203_all__5.npy,Normal
Pistachio/VAD/vit-features/train/normal/commercial_normal_less/000000055203_all__6.npy,Normal
Pistachio/VAD/vit-features/train/normal/commercial_normal_less/000000055203_all__7.npy,Normal
Pistachio/VAD/vit-features/train/normal/commercial_normal_less/000000055203_all__8.npy,Normal
Pistachio/VAD/vit-features/train/normal/commercial_normal_less/000000055203_all__9.npy,Normal
Pistachio/VAD/vit-features/train/normal/commercial_normal_less/000000055778_all__0.npy,Normal
Pistachio/VAD/vit-features/train/normal/commercial_normal_less/000000055778_all__1.npy,Normal
Pistachio/VAD/vit-features/train/normal/commercial_normal_less/000000055778_all__2.npy,Normal
Pistachio/VAD/vit-features/train/normal/commercial_normal_less/000000055778_all__3.npy,Normal
Pistachio/VAD/vit-features/train/normal/commercial_normal_less/000000055778_all__4.npy,Normal
Pistachio/VAD/vit-features/train/normal/commercial_normal_less/000000055778_all__5.npy,Normal
Pistachio/VAD/vit-features/train/normal/commercial_normal_less/000000055778_all__6.npy,Normal
Pistachio/VAD/vit-features/train/normal/commercial_normal_less/000000055778_all__7.npy,Normal
Pistachio/VAD/vit-features/train/normal/commercial_normal_less/000000055778_all__8.npy,Normal
Pistachio/VAD/vit-features/train/normal/commercial_normal_less/000000055778_all__9.npy,Normal
Pistachio/VAD/vit-features/train/normal/commercial_normal_less/000000055892_all__0.npy,Normal
Pistachio/VAD/vit-features/train/normal/commercial_normal_less/000000055892_all__1.npy,Normal
Pistachio/VAD/vit-features/train/normal/commercial_normal_less/000000055892_all__2.npy,Normal
Pistachio/VAD/vit-features/train/normal/commercial_normal_less/000000055892_all__3.npy,Normal
Pistachio/VAD/vit-features/train/normal/commercial_normal_less/000000055892_all__4.npy,Normal
Pistachio/VAD/vit-features/train/normal/commercial_normal_less/000000055892_all__5.npy,Normal
Pistachio/VAD/vit-features/train/normal/commercial_normal_less/000000055892_all__6.npy,Normal
Pistachio/VAD/vit-features/train/normal/commercial_normal_less/000000055892_all__7.npy,Normal
Pistachio/VAD/vit-features/train/normal/commercial_normal_less/000000055892_all__8.npy,Normal
Pistachio/VAD/vit-features/train/normal/commercial_normal_less/000000055892_all__9.npy,Normal
Pistachio/VAD/vit-features/train/normal/commercial_normal_less/000000056153_all__0.npy,Normal
Pistachio/VAD/vit-features/train/normal/commercial_normal_less/000000056153_all__1.npy,Normal
Pistachio/VAD/vit-features/train/normal/commercial_normal_less/000000056153_all__2.npy,Normal
Pistachio/VAD/vit-features/train/normal/commercial_normal_less/000000056153_all__3.npy,Normal
Pistachio/VAD/vit-features/train/normal/commercial_normal_less/000000056153_all__4.npy,Normal
Pistachio/VAD/vit-features/train/normal/commercial_normal_less/000000056153_all__5.npy,Normal
Pistachio/VAD/vit-features/train/normal/commercial_normal_less/000000056153_all__6.npy,Normal
Pistachio/VAD/vit-features/train/normal/commercial_normal_less/000000056153_all__7.npy,Normal
Pistachio/VAD/vit-features/train/normal/commercial_normal_less/000000056153_all__8.npy,Normal
Pistachio/VAD/vit-features/train/normal/commercial_normal_less/000000056153_all__9.npy,Normal
Pistachio/VAD/vit-features/train/normal/commercial_normal_less/000000056180_all__0.npy,Normal
Pistachio/VAD/vit-features/train/normal/commercial_normal_less/000000056180_all__1.npy,Normal
Pistachio/VAD/vit-features/train/normal/commercial_normal_less/000000056180_all__2.npy,Normal
Pistachio/VAD/vit-features/train/normal/commercial_normal_less/000000056180_all__3.npy,Normal
Pistachio/VAD/vit-features/train/normal/commercial_normal_less/000000056180_all__4.npy,Normal
Pistachio/VAD/vit-features/train/normal/commercial_normal_less/000000056180_all__5.npy,Normal
Pistachio/VAD/vit-features/train/normal/commercial_normal_less/000000056180_all__6.npy,Normal
Pistachio/VAD/vit-features/train/normal/commercial_normal_less/000000056180_all__7.npy,Normal
Pistachio/VAD/vit-features/train/normal/commercial_normal_less/000000056180_all__8.npy,Normal
Pistachio/VAD/vit-features/train/normal/commercial_normal_less/000000056180_all__9.npy,Normal
Pistachio/VAD/vit-features/train/normal/commercial_normal_less/000000056215_all__0.npy,Normal
Pistachio/VAD/vit-features/train/normal/commercial_normal_less/000000056215_all__1.npy,Normal
Pistachio/VAD/vit-features/train/normal/commercial_normal_less/000000056215_all__2.npy,Normal
Pistachio/VAD/vit-features/train/normal/commercial_normal_less/000000056215_all__3.npy,Normal
Pistachio/VAD/vit-features/train/normal/commercial_normal_less/000000056215_all__4.npy,Normal
Pistachio/VAD/vit-features/train/normal/commercial_normal_less/000000056215_all__5.npy,Normal
Pistachio/VAD/vit-features/train/normal/commercial_normal_less/000000056215_all__6.npy,Normal
Pistachio/VAD/vit-features/train/normal/commercial_normal_less/000000056215_all__7.npy,Normal
Pistachio/VAD/vit-features/train/normal/commercial_normal_less/000000056215_all__8.npy,Normal
Pistachio/VAD/vit-features/train/normal/commercial_normal_less/000000056215_all__9.npy,Normal
Pistachio/VAD/vit-features/train/normal/commercial_normal_less/000000056271_all__0.npy,Normal
Pistachio/VAD/vit-features/train/normal/commercial_normal_less/000000056271_all__1.npy,Normal
Pistachio/VAD/vit-features/train/normal/commercial_normal_less/000000056271_all__2.npy,Normal
Pistachio/VAD/vit-features/train/normal/commercial_normal_less/000000056271_all__3.npy,Normal
Pistachio/VAD/vit-features/train/normal/commercial_normal_less/000000056271_all__4.npy,Normal
Pistachio/VAD/vit-features/train/normal/commercial_normal_less/000000056271_all__5.npy,Normal
Pistachio/VAD/vit-features/train/normal/commercial_normal_less/000000056271_all__6.npy,Normal
Pistachio/VAD/vit-features/train/normal/commercial_normal_less/000000056271_all__7.npy,Normal
Pistachio/VAD/vit-features/train/normal/commercial_normal_less/000000056271_all__8.npy,Normal
Pistachio/VAD/vit-features/train/normal/commercial_normal_less/000000056271_all__9.npy,Normal
Pistachio/VAD/vit-features/train/normal/commercial_normal_less/000000056408_all__0.npy,Normal
Pistachio/VAD/vit-features/train/normal/commercial_normal_less/000000056408_all__1.npy,Normal
Pistachio/VAD/vit-features/train/normal/commercial_normal_less/000000056408_all__2.npy,Normal
Pistachio/VAD/vit-features/train/normal/commercial_normal_less/000000056408_all__3.npy,Normal
Pistachio/VAD/vit-features/train/normal/commercial_normal_less/000000056408_all__4.npy,Normal
Pistachio/VAD/vit-features/train/normal/commercial_normal_less/000000056408_all__5.npy,Normal
Pistachio/VAD/vit-features/train/normal/commercial_normal_less/000000056408_all__6.npy,Normal
Pistachio/VAD/vit-features/train/normal/commercial_normal_less/000000056408_all__7.npy,Normal
Pistachio/VAD/vit-features/train/normal/commercial_normal_less/000000056408_all__8.npy,Normal
Pistachio/VAD/vit-features/train/normal/commercial_normal_less/000000056408_all__9.npy,Normal
Pistachio/VAD/vit-features/train/normal/commercial_normal_less/000000056524_all__0.npy,Normal
Pistachio/VAD/vit-features/train/normal/commercial_normal_less/000000056524_all__1.npy,Normal
Pistachio/VAD/vit-features/train/normal/commercial_normal_less/000000056524_all__2.npy,Normal
Pistachio/VAD/vit-features/train/normal/commercial_normal_less/000000056524_all__3.npy,Normal
Pistachio/VAD/vit-features/train/normal/commercial_normal_less/000000056524_all__4.npy,Normal
Pistachio/VAD/vit-features/train/normal/commercial_normal_less/000000056524_all__5.npy,Normal
Pistachio/VAD/vit-features/train/normal/commercial_normal_less/000000056524_all__6.npy,Normal
Pistachio/VAD/vit-features/train/normal/commercial_normal_less/000000056524_all__7.npy,Normal
Pistachio/VAD/vit-features/train/normal/commercial_normal_less/000000056524_all__8.npy,Normal
Pistachio/VAD/vit-features/train/normal/commercial_normal_less/000000056524_all__9.npy,Normal
Pistachio/VAD/vit-features/train/normal/commercial_normal_less/000000056683_all__0.npy,Normal
Pistachio/VAD/vit-features/train/normal/commercial_normal_less/000000056683_all__1.npy,Normal
Pistachio/VAD/vit-features/train/normal/commercial_normal_less/000000056683_all__2.npy,Normal
Pistachio/VAD/vit-features/train/normal/commercial_normal_less/000000056683_all__3.npy,Normal
Pistachio/VAD/vit-features/train/normal/commercial_normal_less/000000056683_all__4.npy,Normal
Pistachio/VAD/vit-features/train/normal/commercial_normal_less/000000056683_all__5.npy,Normal
Pistachio/VAD/vit-features/train/normal/commercial_normal_less/000000056683_all__6.npy,Normal
Pistachio/VAD/vit-features/train/normal/commercial_normal_less/000000056683_all__7.npy,Normal
Pistachio/VAD/vit-features/train/normal/commercial_normal_less/000000056683_all__8.npy,Normal
Pistachio/VAD/vit-features/train/normal/commercial_normal_less/000000056683_all__9.npy,Normal
Pistachio/VAD/vit-features/train/normal/commercial_normal_less/000000056909_all__0.npy,Normal
Pistachio/VAD/vit-features/train/normal/commercial_normal_less/000000056909_all__1.npy,Normal
Pistachio/VAD/vit-features/train/normal/commercial_normal_less/000000056909_all__2.npy,Normal
Pistachio/VAD/vit-features/train/normal/commercial_normal_less/000000056909_all__3.npy,Normal
Pistachio/VAD/vit-features/train/normal/commercial_normal_less/000000056909_all__4.npy,Normal
Pistachio/VAD/vit-features/train/normal/commercial_normal_less/000000056909_all__5.npy,Normal
Pistachio/VAD/vit-features/train/normal/commercial_normal_less/000000056909_all__6.npy,Normal
Pistachio/VAD/vit-features/train/normal/commercial_normal_less/000000056909_all__7.npy,Normal
Pistachio/VAD/vit-features/train/normal/commercial_normal_less/000000056909_all__8.npy,Normal
Pistachio/VAD/vit-features/train/normal/commercial_normal_less/000000056909_all__9.npy,Normal
Pistachio/VAD/vit-features/train/normal/commercial_normal_less/000000057180_all__0.npy,Normal
Pistachio/VAD/vit-features/train/normal/commercial_normal_less/000000057180_all__1.npy,Normal
Pistachio/VAD/vit-features/train/normal/commercial_normal_less/000000057180_all__2.npy,Normal
Pistachio/VAD/vit-features/train/normal/commercial_normal_less/000000057180_all__3.npy,Normal
Pistachio/VAD/vit-features/train/normal/commercial_normal_less/000000057180_all__4.npy,Normal
Pistachio/VAD/vit-features/train/normal/commercial_normal_less/000000057180_all__5.npy,Normal
Pistachio/VAD/vit-features/train/normal/commercial_normal_less/000000057180_all__6.npy,Normal
Pistachio/VAD/vit-features/train/normal/commercial_normal_less/000000057180_all__7.npy,Normal
Pistachio/VAD/vit-features/train/normal/commercial_normal_less/000000057180_all__8.npy,Normal
Pistachio/VAD/vit-features/train/normal/commercial_normal_less/000000057180_all__9.npy,Normal
Pistachio/VAD/vit-features/train/normal/commercial_normal_less/000000057234_all__0.npy,Normal
Pistachio/VAD/vit-features/train/normal/commercial_normal_less/000000057234_all__1.npy,Normal
Pistachio/VAD/vit-features/train/normal/commercial_normal_less/000000057234_all__2.npy,Normal
Pistachio/VAD/vit-features/train/normal/commercial_normal_less/000000057234_all__3.npy,Normal
Pistachio/VAD/vit-features/train/normal/commercial_normal_less/000000057234_all__4.npy,Normal
Pistachio/VAD/vit-features/train/normal/commercial_normal_less/000000057234_all__5.npy,Normal
Pistachio/VAD/vit-features/train/normal/commercial_normal_less/000000057234_all__6.npy,Normal
Pistachio/VAD/vit-features/train/normal/commercial_normal_less/000000057234_all__7.npy,Normal
Pistachio/VAD/vit-features/train/normal/commercial_normal_less/000000057234_all__8.npy,Normal
Pistachio/VAD/vit-features/train/normal/commercial_normal_less/000000057234_all__9.npy,Normal
Pistachio/VAD/vit-features/train/normal/commercial_normal_less/000000057621_all__0.npy,Normal
Pistachio/VAD/vit-features/train/normal/commercial_normal_less/000000057621_all__1.npy,Normal
Pistachio/VAD/vit-features/train/normal/commercial_normal_less/000000057621_all__2.npy,Normal
Pistachio/VAD/vit-features/train/normal/commercial_normal_less/000000057621_all__3.npy,Normal
Pistachio/VAD/vit-features/train/normal/commercial_normal_less/000000057621_all__4.npy,Normal
Pistachio/VAD/vit-features/train/normal/commercial_normal_less/000000057621_all__5.npy,Normal
Pistachio/VAD/vit-features/train/normal/commercial_normal_less/000000057621_all__6.npy,Normal
Pistachio/VAD/vit-features/train/normal/commercial_normal_less/000000057621_all__7.npy,Normal
Pistachio/VAD/vit-features/train/normal/commercial_normal_less/000000057621_all__8.npy,Normal
Pistachio/VAD/vit-features/train/normal/commercial_normal_less/000000057621_all__9.npy,Normal
Pistachio/VAD/vit-features/train/normal/commercial_normal_less/000000057664_all__0.npy,Normal
Pistachio/VAD/vit-features/train/normal/commercial_normal_less/000000057664_all__1.npy,Normal
Pistachio/VAD/vit-features/train/normal/commercial_normal_less/000000057664_all__2.npy,Normal
Pistachio/VAD/vit-features/train/normal/commercial_normal_less/000000057664_all__3.npy,Normal
Pistachio/VAD/vit-features/train/normal/commercial_normal_less/000000057664_all__4.npy,Normal
Pistachio/VAD/vit-features/train/normal/commercial_normal_less/000000057664_all__5.npy,Normal
Pistachio/VAD/vit-features/train/normal/commercial_normal_less/000000057664_all__6.npy,Normal
Pistachio/VAD/vit-features/train/normal/commercial_normal_less/000000057664_all__7.npy,Normal
Pistachio/VAD/vit-features/train/normal/commercial_normal_less/000000057664_all__8.npy,Normal
Pistachio/VAD/vit-features/train/normal/commercial_normal_less/000000057664_all__9.npy,Normal
Pistachio/VAD/vit-features/train/normal/commercial_normal_less/000000057670_all__0.npy,Normal
Pistachio/VAD/vit-features/train/normal/commercial_normal_less/000000057670_all__1.npy,Normal
Pistachio/VAD/vit-features/train/normal/commercial_normal_less/000000057670_all__2.npy,Normal
Pistachio/VAD/vit-features/train/normal/commercial_normal_less/000000057670_all__3.npy,Normal
Pistachio/VAD/vit-features/train/normal/commercial_normal_less/000000057670_all__4.npy,Normal
Pistachio/VAD/vit-features/train/normal/commercial_normal_less/000000057670_all__5.npy,Normal
Pistachio/VAD/vit-features/train/normal/commercial_normal_less/000000057670_all__6.npy,Normal
Pistachio/VAD/vit-features/train/normal/commercial_normal_less/000000057670_all__7.npy,Normal
Pistachio/VAD/vit-features/train/normal/commercial_normal_less/000000057670_all__8.npy,Normal
Pistachio/VAD/vit-features/train/normal/commercial_normal_less/000000057670_all__9.npy,Normal
Pistachio/VAD/vit-features/train/normal/commercial_normal_less/000000057734_all__0.npy,Normal
Pistachio/VAD/vit-features/train/normal/commercial_normal_less/000000057734_all__1.npy,Normal
Pistachio/VAD/vit-features/train/normal/commercial_normal_less/000000057734_all__2.npy,Normal
Pistachio/VAD/vit-features/train/normal/commercial_normal_less/000000057734_all__3.npy,Normal
Pistachio/VAD/vit-features/train/normal/commercial_normal_less/000000057734_all__4.npy,Normal
Pistachio/VAD/vit-features/train/normal/commercial_normal_less/000000057734_all__5.npy,Normal
Pistachio/VAD/vit-features/train/normal/commercial_normal_less/000000057734_all__6.npy,Normal
Pistachio/VAD/vit-features/train/normal/commercial_normal_less/000000057734_all__7.npy,Normal
Pistachio/VAD/vit-features/train/normal/commercial_normal_less/000000057734_all__8.npy,Normal
Pistachio/VAD/vit-features/train/normal/commercial_normal_less/000000057734_all__9.npy,Normal
Pistachio/VAD/vit-features/train/normal/commercial_normal_less/000000057863_all__0.npy,Normal
Pistachio/VAD/vit-features/train/normal/commercial_normal_less/000000057863_all__1.npy,Normal
Pistachio/VAD/vit-features/train/normal/commercial_normal_less/000000057863_all__2.npy,Normal
Pistachio/VAD/vit-features/train/normal/commercial_normal_less/000000057863_all__3.npy,Normal
Pistachio/VAD/vit-features/train/normal/commercial_normal_less/000000057863_all__4.npy,Normal
Pistachio/VAD/vit-features/train/normal/commercial_normal_less/000000057863_all__5.npy,Normal
Pistachio/VAD/vit-features/train/normal/commercial_normal_less/000000057863_all__6.npy,Normal
Pistachio/VAD/vit-features/train/normal/commercial_normal_less/000000057863_all__7.npy,Normal
Pistachio/VAD/vit-features/train/normal/commercial_normal_less/000000057863_all__8.npy,Normal
Pistachio/VAD/vit-features/train/normal/commercial_normal_less/000000057863_all__9.npy,Normal
Pistachio/VAD/vit-features/train/normal/commercial_normal_less/000000058183_all__0.npy,Normal
Pistachio/VAD/vit-features/train/normal/commercial_normal_less/000000058183_all__1.npy,Normal
Pistachio/VAD/vit-features/train/normal/commercial_normal_less/000000058183_all__2.npy,Normal
Pistachio/VAD/vit-features/train/normal/commercial_normal_less/000000058183_all__3.npy,Normal
Pistachio/VAD/vit-features/train/normal/commercial_normal_less/000000058183_all__4.npy,Normal
Pistachio/VAD/vit-features/train/normal/commercial_normal_less/000000058183_all__5.npy,Normal
Pistachio/VAD/vit-features/train/normal/commercial_normal_less/000000058183_all__6.npy,Normal
Pistachio/VAD/vit-features/train/normal/commercial_normal_less/000000058183_all__7.npy,Normal
Pistachio/VAD/vit-features/train/normal/commercial_normal_less/000000058183_all__8.npy,Normal
Pistachio/VAD/vit-features/train/normal/commercial_normal_less/000000058183_all__9.npy,Normal
Pistachio/VAD/vit-features/train/normal/commercial_normal_less/000000058374_all__0.npy,Normal
Pistachio/VAD/vit-features/train/normal/commercial_normal_less/000000058374_all__1.npy,Normal
Pistachio/VAD/vit-features/train/normal/commercial_normal_less/000000058374_all__2.npy,Normal
Pistachio/VAD/vit-features/train/normal/commercial_normal_less/000000058374_all__3.npy,Normal
Pistachio/VAD/vit-features/train/normal/commercial_normal_less/000000058374_all__4.npy,Normal
Pistachio/VAD/vit-features/train/normal/commercial_normal_less/000000058374_all__5.npy,Normal
Pistachio/VAD/vit-features/train/normal/commercial_normal_less/000000058374_all__6.npy,Normal
Pistachio/VAD/vit-features/train/normal/commercial_normal_less/000000058374_all__7.npy,Normal
Pistachio/VAD/vit-features/train/normal/commercial_normal_less/000000058374_all__8.npy,Normal
Pistachio/VAD/vit-features/train/normal/commercial_normal_less/000000058374_all__9.npy,Normal
Pistachio/VAD/vit-features/train/normal/commercial_normal_less/000000058888_all__0.npy,Normal
Pistachio/VAD/vit-features/train/normal/commercial_normal_less/000000058888_all__1.npy,Normal
Pistachio/VAD/vit-features/train/normal/commercial_normal_less/000000058888_all__2.npy,Normal
Pistachio/VAD/vit-features/train/normal/commercial_normal_less/000000058888_all__3.npy,Normal
Pistachio/VAD/vit-features/train/normal/commercial_normal_less/000000058888_all__4.npy,Normal
Pistachio/VAD/vit-features/train/normal/commercial_normal_less/000000058888_all__5.npy,Normal
Pistachio/VAD/vit-features/train/normal/commercial_normal_less/000000058888_all__6.npy,Normal
Pistachio/VAD/vit-features/train/normal/commercial_normal_less/000000058888_all__7.npy,Normal
Pistachio/VAD/vit-features/train/normal/commercial_normal_less/000000058888_all__8.npy,Normal
Pistachio/VAD/vit-features/train/normal/commercial_normal_less/000000058888_all__9.npy,Normal
Pistachio/VAD/vit-features/train/normal/commercial_normal_less/000000059177_all__0.npy,Normal
Pistachio/VAD/vit-features/train/normal/commercial_normal_less/000000059177_all__1.npy,Normal
Pistachio/VAD/vit-features/train/normal/commercial_normal_less/000000059177_all__2.npy,Normal
Pistachio/VAD/vit-features/train/normal/commercial_normal_less/000000059177_all__3.npy,Normal
Pistachio/VAD/vit-features/train/normal/commercial_normal_less/000000059177_all__4.npy,Normal
Pistachio/VAD/vit-features/train/normal/commercial_normal_less/000000059177_all__5.npy,Normal
Pistachio/VAD/vit-features/train/normal/commercial_normal_less/000000059177_all__6.npy,Normal
Pistachio/VAD/vit-features/train/normal/commercial_normal_less/000000059177_all__7.npy,Normal
Pistachio/VAD/vit-features/train/normal/commercial_normal_less/000000059177_all__8.npy,Normal
Pistachio/VAD/vit-features/train/normal/commercial_normal_less/000000059177_all__9.npy,Normal
Pistachio/VAD/vit-features/train/normal/commercial_normal_less/000000059198_all__0.npy,Normal
Pistachio/VAD/vit-features/train/normal/commercial_normal_less/000000059198_all__1.npy,Normal
Pistachio/VAD/vit-features/train/normal/commercial_normal_less/000000059198_all__2.npy,Normal
Pistachio/VAD/vit-features/train/normal/commercial_normal_less/000000059198_all__3.npy,Normal
Pistachio/VAD/vit-features/train/normal/commercial_normal_less/000000059198_all__4.npy,Normal
Pistachio/VAD/vit-features/train/normal/commercial_normal_less/000000059198_all__5.npy,Normal
Pistachio/VAD/vit-features/train/normal/commercial_normal_less/000000059198_all__6.npy,Normal
Pistachio/VAD/vit-features/train/normal/commercial_normal_less/000000059198_all__7.npy,Normal
Pistachio/VAD/vit-features/train/normal/commercial_normal_less/000000059198_all__8.npy,Normal
Pistachio/VAD/vit-features/train/normal/commercial_normal_less/000000059198_all__9.npy,Normal
Pistachio/VAD/vit-features/train/normal/commercial_normal_less/000000059420_all__0.npy,Normal
Pistachio/VAD/vit-features/train/normal/commercial_normal_less/000000059420_all__1.npy,Normal
Pistachio/VAD/vit-features/train/normal/commercial_normal_less/000000059420_all__2.npy,Normal
Pistachio/VAD/vit-features/train/normal/commercial_normal_less/000000059420_all__3.npy,Normal
Pistachio/VAD/vit-features/train/normal/commercial_normal_less/000000059420_all__4.npy,Normal
Pistachio/VAD/vit-features/train/normal/commercial_normal_less/000000059420_all__5.npy,Normal
Pistachio/VAD/vit-features/train/normal/commercial_normal_less/000000059420_all__6.npy,Normal
Pistachio/VAD/vit-features/train/normal/commercial_normal_less/000000059420_all__7.npy,Normal
Pistachio/VAD/vit-features/train/normal/commercial_normal_less/000000059420_all__8.npy,Normal
Pistachio/VAD/vit-features/train/normal/commercial_normal_less/000000059420_all__9.npy,Normal
Pistachio/VAD/vit-features/train/normal/commercial_normal_less/000000059734_all__0.npy,Normal
Pistachio/VAD/vit-features/train/normal/commercial_normal_less/000000059734_all__1.npy,Normal
Pistachio/VAD/vit-features/train/normal/commercial_normal_less/000000059734_all__2.npy,Normal
Pistachio/VAD/vit-features/train/normal/commercial_normal_less/000000059734_all__3.npy,Normal
Pistachio/VAD/vit-features/train/normal/commercial_normal_less/000000059734_all__4.npy,Normal
Pistachio/VAD/vit-features/train/normal/commercial_normal_less/000000059734_all__5.npy,Normal
Pistachio/VAD/vit-features/train/normal/commercial_normal_less/000000059734_all__6.npy,Normal
Pistachio/VAD/vit-features/train/normal/commercial_normal_less/000000059734_all__7.npy,Normal
Pistachio/VAD/vit-features/train/normal/commercial_normal_less/000000059734_all__8.npy,Normal
Pistachio/VAD/vit-features/train/normal/commercial_normal_less/000000059734_all__9.npy,Normal
Pistachio/VAD/vit-features/train/normal/commercial_normal_less/000000059938_all__0.npy,Normal
Pistachio/VAD/vit-features/train/normal/commercial_normal_less/000000059938_all__1.npy,Normal
Pistachio/VAD/vit-features/train/normal/commercial_normal_less/000000059938_all__2.npy,Normal
Pistachio/VAD/vit-features/train/normal/commercial_normal_less/000000059938_all__3.npy,Normal
Pistachio/VAD/vit-features/train/normal/commercial_normal_less/000000059938_all__4.npy,Normal
Pistachio/VAD/vit-features/train/normal/commercial_normal_less/000000059938_all__5.npy,Normal
Pistachio/VAD/vit-features/train/normal/commercial_normal_less/000000059938_all__6.npy,Normal
Pistachio/VAD/vit-features/train/normal/commercial_normal_less/000000059938_all__7.npy,Normal
Pistachio/VAD/vit-features/train/normal/commercial_normal_less/000000059938_all__8.npy,Normal
Pistachio/VAD/vit-features/train/normal/commercial_normal_less/000000059938_all__9.npy,Normal
Pistachio/VAD/vit-features/train/normal/commercial_normal_less/000000059938_all__0.npy,Normal
Pistachio/VAD/vit-features/train/normal/commercial_normal_less/000000059938_all__1.npy,Normal
Pistachio/VAD/vit-features/train/normal/commercial_normal_less/000000059938_all__2.npy,Normal
Pistachio/VAD/vit-features/train/normal/commercial_normal_less/000000059938_all__3.npy,Normal
Pistachio/VAD/vit-features/train/normal/commercial_normal_less/000000059938_all__4.npy,Normal
Pistachio/VAD/vit-features/train/normal/commercial_normal_less/000000059938_all__5.npy,Normal
Pistachio/VAD/vit-features/train/normal/commercial_normal_less/000000059938_all__6.npy,Normal
Pistachio/VAD/vit-features/train/normal/commercial_normal_less/000000059938_all__7.npy,Normal
Pistachio/VAD/vit-features/train/normal/commercial_normal_less/000000059938_all__8.npy,Normal
Pistachio/VAD/vit-features/train/normal/commercial_normal_less/000000059938_all__9.npy,Normal
Pistachio/VAD/vit-features/train/normal/commercial_normal_less/000000060067_all__0.npy,Normal
Pistachio/VAD/vit-features/train/normal/commercial_normal_less/000000060067_all__1.npy,Normal
Pistachio/VAD/vit-features/train/normal/commercial_normal_less/000000060067_all__2.npy,Normal
Pistachio/VAD/vit-features/train/normal/commercial_normal_less/000000060067_all__3.npy,Normal
Pistachio/VAD/vit-features/train/normal/commercial_normal_less/000000060067_all__4.npy,Normal
Pistachio/VAD/vit-features/train/normal/commercial_normal_less/000000060067_all__5.npy,Normal
Pistachio/VAD/vit-features/train/normal/commercial_normal_less/000000060067_all__6.npy,Normal
Pistachio/VAD/vit-features/train/normal/commercial_normal_less/000000060067_all__7.npy,Normal
Pistachio/VAD/vit-features/train/normal/commercial_normal_less/000000060067_all__8.npy,Normal
Pistachio/VAD/vit-features/train/normal/commercial_normal_less/000000060067_all__9.npy,Normal
Pistachio/VAD/vit-features/train/normal/commercial_normal_less/000000060236_all__0.npy,Normal
Pistachio/VAD/vit-features/train/normal/commercial_normal_less/000000060236_all__1.npy,Normal
Pistachio/VAD/vit-features/train/normal/commercial_normal_less/000000060236_all__2.npy,Normal
Pistachio/VAD/vit-features/train/normal/commercial_normal_less/000000060236_all__3.npy,Normal
Pistachio/VAD/vit-features/train/normal/commercial_normal_less/000000060236_all__4.npy,Normal
Pistachio/VAD/vit-features/train/normal/commercial_normal_less/000000060236_all__5.npy,Normal
Pistachio/VAD/vit-features/train/normal/commercial_normal_less/000000060236_all__6.npy,Normal
Pistachio/VAD/vit-features/train/normal/commercial_normal_less/000000060236_all__7.npy,Normal
Pistachio/VAD/vit-features/train/normal/commercial_normal_less/000000060236_all__8.npy,Normal
Pistachio/VAD/vit-features/train/normal/commercial_normal_less/000000060236_all__9.npy,Normal
Pistachio/VAD/vit-features/train/normal/commercial_normal_less/000000060238_all__0.npy,Normal
Pistachio/VAD/vit-features/train/normal/commercial_normal_less/000000060238_all__1.npy,Normal
Pistachio/VAD/vit-features/train/normal/commercial_normal_less/000000060238_all__2.npy,Normal
Pistachio/VAD/vit-features/train/normal/commercial_normal_less/000000060238_all__3.npy,Normal
Pistachio/VAD/vit-features/train/normal/commercial_normal_less/000000060238_all__4.npy,Normal
Pistachio/VAD/vit-features/train/normal/commercial_normal_less/000000060238_all__5.npy,Normal
Pistachio/VAD/vit-features/train/normal/commercial_normal_less/000000060238_all__6.npy,Normal
Pistachio/VAD/vit-features/train/normal/commercial_normal_less/000000060238_all__7.npy,Normal
Pistachio/VAD/vit-features/train/normal/commercial_normal_less/000000060238_all__8.npy,Normal
Pistachio/VAD/vit-features/train/normal/commercial_normal_less/000000060238_all__9.npy,Normal
Pistachio/VAD/vit-features/train/normal/commercial_normal_less/000000060555_all__0.npy,Normal
Pistachio/VAD/vit-features/train/normal/commercial_normal_less/000000060555_all__1.npy,Normal
Pistachio/VAD/vit-features/train/normal/commercial_normal_less/000000060555_all__2.npy,Normal
Pistachio/VAD/vit-features/train/normal/commercial_normal_less/000000060555_all__3.npy,Normal
Pistachio/VAD/vit-features/train/normal/commercial_normal_less/000000060555_all__4.npy,Normal
Pistachio/VAD/vit-features/train/normal/commercial_normal_less/000000060555_all__5.npy,Normal
Pistachio/VAD/vit-features/train/normal/commercial_normal_less/000000060555_all__6.npy,Normal
Pistachio/VAD/vit-features/train/normal/commercial_normal_less/000000060555_all__7.npy,Normal
Pistachio/VAD/vit-features/train/normal/commercial_normal_less/000000060555_all__8.npy,Normal
Pistachio/VAD/vit-features/train/normal/commercial_normal_less/000000060555_all__9.npy,Normal
Pistachio/VAD/vit-features/train/normal/commercial_normal_less/000000061213_all__0.npy,Normal
Pistachio/VAD/vit-features/train/normal/commercial_normal_less/000000061213_all__1.npy,Normal
Pistachio/VAD/vit-features/train/normal/commercial_normal_less/000000061213_all__2.npy,Normal
Pistachio/VAD/vit-features/train/normal/commercial_normal_less/000000061213_all__3.npy,Normal
Pistachio/VAD/vit-features/train/normal/commercial_normal_less/000000061213_all__4.npy,Normal
Pistachio/VAD/vit-features/train/normal/commercial_normal_less/000000061213_all__5.npy,Normal
Pistachio/VAD/vit-features/train/normal/commercial_normal_less/000000061213_all__6.npy,Normal
Pistachio/VAD/vit-features/train/normal/commercial_normal_less/000000061213_all__7.npy,Normal
Pistachio/VAD/vit-features/train/normal/commercial_normal_less/000000061213_all__8.npy,Normal
Pistachio/VAD/vit-features/train/normal/commercial_normal_less/000000061213_all__9.npy,Normal
Pistachio/VAD/vit-features/train/normal/commercial_normal_less/000000061359_all__0.npy,Normal
Pistachio/VAD/vit-features/train/normal/commercial_normal_less/000000061359_all__1.npy,Normal
Pistachio/VAD/vit-features/train/normal/commercial_normal_less/000000061359_all__2.npy,Normal
Pistachio/VAD/vit-features/train/normal/commercial_normal_less/000000061359_all__3.npy,Normal
Pistachio/VAD/vit-features/train/normal/commercial_normal_less/000000061359_all__4.npy,Normal
Pistachio/VAD/vit-features/train/normal/commercial_normal_less/000000061359_all__5.npy,Normal
Pistachio/VAD/vit-features/train/normal/commercial_normal_less/000000061359_all__6.npy,Normal
Pistachio/VAD/vit-features/train/normal/commercial_normal_less/000000061359_all__7.npy,Normal
Pistachio/VAD/vit-features/train/normal/commercial_normal_less/000000061359_all__8.npy,Normal
Pistachio/VAD/vit-features/train/normal/commercial_normal_less/000000061359_all__9.npy,Normal
Pistachio/VAD/vit-features/train/normal/commercial_normal_less/000000061542_all__0.npy,Normal
Pistachio/VAD/vit-features/train/normal/commercial_normal_less/000000061542_all__1.npy,Normal
Pistachio/VAD/vit-features/train/normal/commercial_normal_less/000000061542_all__2.npy,Normal
Pistachio/VAD/vit-features/train/normal/commercial_normal_less/000000061542_all__3.npy,Normal
Pistachio/VAD/vit-features/train/normal/commercial_normal_less/000000061542_all__4.npy,Normal
Pistachio/VAD/vit-features/train/normal/commercial_normal_less/000000061542_all__5.npy,Normal
Pistachio/VAD/vit-features/train/normal/commercial_normal_less/000000061542_all__6.npy,Normal
Pistachio/VAD/vit-features/train/normal/commercial_normal_less/000000061542_all__7.npy,Normal
Pistachio/VAD/vit-features/train/normal/commercial_normal_less/000000061542_all__8.npy,Normal
Pistachio/VAD/vit-features/train/normal/commercial_normal_less/000000061542_all__9.npy,Normal
Pistachio/VAD/vit-features/train/normal/commercial_normal_less/000000062026_all__0.npy,Normal
Pistachio/VAD/vit-features/train/normal/commercial_normal_less/000000062026_all__1.npy,Normal
Pistachio/VAD/vit-features/train/normal/commercial_normal_less/000000062026_all__2.npy,Normal
Pistachio/VAD/vit-features/train/normal/commercial_normal_less/000000062026_all__3.npy,Normal
Pistachio/VAD/vit-features/train/normal/commercial_normal_less/000000062026_all__4.npy,Normal
Pistachio/VAD/vit-features/train/normal/commercial_normal_less/000000062026_all__5.npy,Normal
Pistachio/VAD/vit-features/train/normal/commercial_normal_less/000000062026_all__6.npy,Normal
Pistachio/VAD/vit-features/train/normal/commercial_normal_less/000000062026_all__7.npy,Normal
Pistachio/VAD/vit-features/train/normal/commercial_normal_less/000000062026_all__8.npy,Normal
Pistachio/VAD/vit-features/train/normal/commercial_normal_less/000000062026_all__9.npy,Normal
Pistachio/VAD/vit-features/train/normal/commercial_normal_less/000000062290_all__0.npy,Normal
Pistachio/VAD/vit-features/train/normal/commercial_normal_less/000000062290_all__1.npy,Normal
Pistachio/VAD/vit-features/train/normal/commercial_normal_less/000000062290_all__2.npy,Normal
Pistachio/VAD/vit-features/train/normal/commercial_normal_less/000000062290_all__3.npy,Normal
Pistachio/VAD/vit-features/train/normal/commercial_normal_less/000000062290_all__4.npy,Normal
Pistachio/VAD/vit-features/train/normal/commercial_normal_less/000000062290_all__5.npy,Normal
Pistachio/VAD/vit-features/train/normal/commercial_normal_less/000000062290_all__6.npy,Normal
Pistachio/VAD/vit-features/train/normal/commercial_normal_less/000000062290_all__7.npy,Normal
Pistachio/VAD/vit-features/train/normal/commercial_normal_less/000000062290_all__8.npy,Normal
Pistachio/VAD/vit-features/train/normal/commercial_normal_less/000000062290_all__9.npy,Normal
Pistachio/VAD/vit-features/train/normal/commercial_normal_less/000000062424_all__0.npy,Normal
Pistachio/VAD/vit-features/train/normal/commercial_normal_less/000000062424_all__1.npy,Normal
Pistachio/VAD/vit-features/train/normal/commercial_normal_less/000000062424_all__2.npy,Normal
Pistachio/VAD/vit-features/train/normal/commercial_normal_less/000000062424_all__3.npy,Normal
Pistachio/VAD/vit-features/train/normal/commercial_normal_less/000000062424_all__4.npy,Normal
Pistachio/VAD/vit-features/train/normal/commercial_normal_less/000000062424_all__5.npy,Normal
Pistachio/VAD/vit-features/train/normal/commercial_normal_less/000000062424_all__6.npy,Normal
Pistachio/VAD/vit-features/train/normal/commercial_normal_less/000000062424_all__7.npy,Normal
Pistachio/VAD/vit-features/train/normal/commercial_normal_less/000000062424_all__8.npy,Normal
Pistachio/VAD/vit-features/train/normal/commercial_normal_less/000000062424_all__9.npy,Normal
Pistachio/VAD/vit-features/train/normal/commercial_normal_less/000000062424_all__0.npy,Normal
Pistachio/VAD/vit-features/train/normal/commercial_normal_less/000000062424_all__1.npy,Normal
Pistachio/VAD/vit-features/train/normal/commercial_normal_less/000000062424_all__2.npy,Normal
Pistachio/VAD/vit-features/train/normal/commercial_normal_less/000000062424_all__3.npy,Normal
Pistachio/VAD/vit-features/train/normal/commercial_normal_less/000000062424_all__4.npy,Normal
Pistachio/VAD/vit-features/train/normal/commercial_normal_less/000000062424_all__5.npy,Normal
Pistachio/VAD/vit-features/train/normal/commercial_normal_less/000000062424_all__6.npy,Normal
Pistachio/VAD/vit-features/train/normal/commercial_normal_less/000000062424_all__7.npy,Normal
Pistachio/VAD/vit-features/train/normal/commercial_normal_less/000000062424_all__8.npy,Normal
Pistachio/VAD/vit-features/train/normal/commercial_normal_less/000000062424_all__9.npy,Normal
Pistachio/VAD/vit-features/train/normal/commercial_normal_less/000000062465_all__0.npy,Normal
Pistachio/VAD/vit-features/train/normal/commercial_normal_less/000000062465_all__1.npy,Normal
Pistachio/VAD/vit-features/train/normal/commercial_normal_less/000000062465_all__2.npy,Normal
Pistachio/VAD/vit-features/train/normal/commercial_normal_less/000000062465_all__3.npy,Normal
Pistachio/VAD/vit-features/train/normal/commercial_normal_less/000000062465_all__4.npy,Normal
Pistachio/VAD/vit-features/train/normal/commercial_normal_less/000000062465_all__5.npy,Normal
Pistachio/VAD/vit-features/train/normal/commercial_normal_less/000000062465_all__6.npy,Normal
Pistachio/VAD/vit-features/train/normal/commercial_normal_less/000000062465_all__7.npy,Normal
Pistachio/VAD/vit-features/train/normal/commercial_normal_less/000000062465_all__8.npy,Normal
Pistachio/VAD/vit-features/train/normal/commercial_normal_less/000000062465_all__9.npy,Normal
Pistachio/VAD/vit-features/train/normal/commercial_normal_less/000000062751_all__0.npy,Normal
Pistachio/VAD/vit-features/train/normal/commercial_normal_less/000000062751_all__1.npy,Normal
Pistachio/VAD/vit-features/train/normal/commercial_normal_less/000000062751_all__2.npy,Normal
Pistachio/VAD/vit-features/train/normal/commercial_normal_less/000000062751_all__3.npy,Normal
Pistachio/VAD/vit-features/train/normal/commercial_normal_less/000000062751_all__4.npy,Normal
Pistachio/VAD/vit-features/train/normal/commercial_normal_less/000000062751_all__5.npy,Normal
Pistachio/VAD/vit-features/train/normal/commercial_normal_less/000000062751_all__6.npy,Normal
Pistachio/VAD/vit-features/train/normal/commercial_normal_less/000000062751_all__7.npy,Normal
Pistachio/VAD/vit-features/train/normal/commercial_normal_less/000000062751_all__8.npy,Normal
Pistachio/VAD/vit-features/train/normal/commercial_normal_less/000000062751_all__9.npy,Normal
Pistachio/VAD/vit-features/train/normal/commercial_normal_less/000000062828_all__0.npy,Normal
Pistachio/VAD/vit-features/train/normal/commercial_normal_less/000000062828_all__1.npy,Normal
Pistachio/VAD/vit-features/train/normal/commercial_normal_less/000000062828_all__2.npy,Normal
Pistachio/VAD/vit-features/train/normal/commercial_normal_less/000000062828_all__3.npy,Normal
Pistachio/VAD/vit-features/train/normal/commercial_normal_less/000000062828_all__4.npy,Normal
Pistachio/VAD/vit-features/train/normal/commercial_normal_less/000000062828_all__5.npy,Normal
Pistachio/VAD/vit-features/train/normal/commercial_normal_less/000000062828_all__6.npy,Normal
Pistachio/VAD/vit-features/train/normal/commercial_normal_less/000000062828_all__7.npy,Normal
Pistachio/VAD/vit-features/train/normal/commercial_normal_less/000000062828_all__8.npy,Normal
Pistachio/VAD/vit-features/train/normal/commercial_normal_less/000000062828_all__9.npy,Normal
Pistachio/VAD/vit-features/train/normal/commercial_normal_less/000000062999_all__0.npy,Normal
Pistachio/VAD/vit-features/train/normal/commercial_normal_less/000000062999_all__1.npy,Normal
Pistachio/VAD/vit-features/train/normal/commercial_normal_less/000000062999_all__2.npy,Normal
Pistachio/VAD/vit-features/train/normal/commercial_normal_less/000000062999_all__3.npy,Normal
Pistachio/VAD/vit-features/train/normal/commercial_normal_less/000000062999_all__4.npy,Normal
Pistachio/VAD/vit-features/train/normal/commercial_normal_less/000000062999_all__5.npy,Normal
Pistachio/VAD/vit-features/train/normal/commercial_normal_less/000000062999_all__6.npy,Normal
Pistachio/VAD/vit-features/train/normal/commercial_normal_less/000000062999_all__7.npy,Normal
Pistachio/VAD/vit-features/train/normal/commercial_normal_less/000000062999_all__8.npy,Normal
Pistachio/VAD/vit-features/train/normal/commercial_normal_less/000000062999_all__9.npy,Normal
Pistachio/VAD/vit-features/train/normal/commercial_normal_less/000000063412_all__0.npy,Normal
Pistachio/VAD/vit-features/train/normal/commercial_normal_less/000000063412_all__1.npy,Normal
Pistachio/VAD/vit-features/train/normal/commercial_normal_less/000000063412_all__2.npy,Normal
Pistachio/VAD/vit-features/train/normal/commercial_normal_less/000000063412_all__3.npy,Normal
Pistachio/VAD/vit-features/train/normal/commercial_normal_less/000000063412_all__4.npy,Normal
Pistachio/VAD/vit-features/train/normal/commercial_normal_less/000000063412_all__5.npy,Normal
Pistachio/VAD/vit-features/train/normal/commercial_normal_less/000000063412_all__6.npy,Normal
Pistachio/VAD/vit-features/train/normal/commercial_normal_less/000000063412_all__7.npy,Normal
Pistachio/VAD/vit-features/train/normal/commercial_normal_less/000000063412_all__8.npy,Normal
Pistachio/VAD/vit-features/train/normal/commercial_normal_less/000000063412_all__9.npy,Normal
Pistachio/VAD/vit-features/train/normal/commercial_normal_less/000000063419_all__0.npy,Normal
Pistachio/VAD/vit-features/train/normal/commercial_normal_less/000000063419_all__1.npy,Normal
Pistachio/VAD/vit-features/train/normal/commercial_normal_less/000000063419_all__2.npy,Normal
Pistachio/VAD/vit-features/train/normal/commercial_normal_less/000000063419_all__3.npy,Normal
Pistachio/VAD/vit-features/train/normal/commercial_normal_less/000000063419_all__4.npy,Normal
Pistachio/VAD/vit-features/train/normal/commercial_normal_less/000000063419_all__5.npy,Normal
Pistachio/VAD/vit-features/train/normal/commercial_normal_less/000000063419_all__6.npy,Normal
Pistachio/VAD/vit-features/train/normal/commercial_normal_less/000000063419_all__7.npy,Normal
Pistachio/VAD/vit-features/train/normal/commercial_normal_less/000000063419_all__8.npy,Normal
Pistachio/VAD/vit-features/train/normal/commercial_normal_less/000000063419_all__9.npy,Normal
Pistachio/VAD/vit-features/train/normal/commercial_normal_less/000000063509_all__0.npy,Normal
Pistachio/VAD/vit-features/train/normal/commercial_normal_less/000000063509_all__1.npy,Normal
Pistachio/VAD/vit-features/train/normal/commercial_normal_less/000000063509_all__2.npy,Normal
Pistachio/VAD/vit-features/train/normal/commercial_normal_less/000000063509_all__3.npy,Normal
Pistachio/VAD/vit-features/train/normal/commercial_normal_less/000000063509_all__4.npy,Normal
Pistachio/VAD/vit-features/train/normal/commercial_normal_less/000000063509_all__5.npy,Normal
Pistachio/VAD/vit-features/train/normal/commercial_normal_less/000000063509_all__6.npy,Normal
Pistachio/VAD/vit-features/train/normal/commercial_normal_less/000000063509_all__7.npy,Normal
Pistachio/VAD/vit-features/train/normal/commercial_normal_less/000000063509_all__8.npy,Normal
Pistachio/VAD/vit-features/train/normal/commercial_normal_less/000000063509_all__9.npy,Normal
Pistachio/VAD/vit-features/train/normal/commercial_normal_less/000000063659_all__0.npy,Normal
Pistachio/VAD/vit-features/train/normal/commercial_normal_less/000000063659_all__1.npy,Normal
Pistachio/VAD/vit-features/train/normal/commercial_normal_less/000000063659_all__2.npy,Normal
Pistachio/VAD/vit-features/train/normal/commercial_normal_less/000000063659_all__3.npy,Normal
Pistachio/VAD/vit-features/train/normal/commercial_normal_less/000000063659_all__4.npy,Normal
Pistachio/VAD/vit-features/train/normal/commercial_normal_less/000000063659_all__5.npy,Normal
Pistachio/VAD/vit-features/train/normal/commercial_normal_less/000000063659_all__6.npy,Normal
Pistachio/VAD/vit-features/train/normal/commercial_normal_less/000000063659_all__7.npy,Normal
Pistachio/VAD/vit-features/train/normal/commercial_normal_less/000000063659_all__8.npy,Normal
Pistachio/VAD/vit-features/train/normal/commercial_normal_less/000000063659_all__9.npy,Normal
Pistachio/VAD/vit-features/train/normal/commercial_normal_less/000000063834_all__0.npy,Normal
Pistachio/VAD/vit-features/train/normal/commercial_normal_less/000000063834_all__1.npy,Normal
Pistachio/VAD/vit-features/train/normal/commercial_normal_less/000000063834_all__2.npy,Normal
Pistachio/VAD/vit-features/train/normal/commercial_normal_less/000000063834_all__3.npy,Normal
Pistachio/VAD/vit-features/train/normal/commercial_normal_less/000000063834_all__4.npy,Normal
Pistachio/VAD/vit-features/train/normal/commercial_normal_less/000000063834_all__5.npy,Normal
Pistachio/VAD/vit-features/train/normal/commercial_normal_less/000000063834_all__6.npy,Normal
Pistachio/VAD/vit-features/train/normal/commercial_normal_less/000000063834_all__7.npy,Normal
Pistachio/VAD/vit-features/train/normal/commercial_normal_less/000000063834_all__8.npy,Normal
Pistachio/VAD/vit-features/train/normal/commercial_normal_less/000000063834_all__9.npy,Normal
Pistachio/VAD/vit-features/train/normal/commercial_normal_less/000000064288_all__0.npy,Normal
Pistachio/VAD/vit-features/train/normal/commercial_normal_less/000000064288_all__1.npy,Normal
Pistachio/VAD/vit-features/train/normal/commercial_normal_less/000000064288_all__2.npy,Normal
Pistachio/VAD/vit-features/train/normal/commercial_normal_less/000000064288_all__3.npy,Normal
Pistachio/VAD/vit-features/train/normal/commercial_normal_less/000000064288_all__4.npy,Normal
Pistachio/VAD/vit-features/train/normal/commercial_normal_less/000000064288_all__5.npy,Normal
Pistachio/VAD/vit-features/train/normal/commercial_normal_less/000000064288_all__6.npy,Normal
Pistachio/VAD/vit-features/train/normal/commercial_normal_less/000000064288_all__7.npy,Normal
Pistachio/VAD/vit-features/train/normal/commercial_normal_less/000000064288_all__8.npy,Normal
Pistachio/VAD/vit-features/train/normal/commercial_normal_less/000000064288_all__9.npy,Normal
Pistachio/VAD/vit-features/train/normal/commercial_normal_less/000000064459_all__0.npy,Normal
Pistachio/VAD/vit-features/train/normal/commercial_normal_less/000000064459_all__1.npy,Normal
Pistachio/VAD/vit-features/train/normal/commercial_normal_less/000000064459_all__2.npy,Normal
Pistachio/VAD/vit-features/train/normal/commercial_normal_less/000000064459_all__3.npy,Normal
Pistachio/VAD/vit-features/train/normal/commercial_normal_less/000000064459_all__4.npy,Normal
Pistachio/VAD/vit-features/train/normal/commercial_normal_less/000000064459_all__5.npy,Normal
Pistachio/VAD/vit-features/train/normal/commercial_normal_less/000000064459_all__6.npy,Normal
Pistachio/VAD/vit-features/train/normal/commercial_normal_less/000000064459_all__7.npy,Normal
Pistachio/VAD/vit-features/train/normal/commercial_normal_less/000000064459_all__8.npy,Normal
Pistachio/VAD/vit-features/train/normal/commercial_normal_less/000000064459_all__9.npy,Normal
Pistachio/VAD/vit-features/train/normal/commercial_normal_less/000000064549_all__0.npy,Normal
Pistachio/VAD/vit-features/train/normal/commercial_normal_less/000000064549_all__1.npy,Normal
Pistachio/VAD/vit-features/train/normal/commercial_normal_less/000000064549_all__2.npy,Normal
Pistachio/VAD/vit-features/train/normal/commercial_normal_less/000000064549_all__3.npy,Normal
Pistachio/VAD/vit-features/train/normal/commercial_normal_less/000000064549_all__4.npy,Normal
Pistachio/VAD/vit-features/train/normal/commercial_normal_less/000000064549_all__5.npy,Normal
Pistachio/VAD/vit-features/train/normal/commercial_normal_less/000000064549_all__6.npy,Normal
Pistachio/VAD/vit-features/train/normal/commercial_normal_less/000000064549_all__7.npy,Normal
Pistachio/VAD/vit-features/train/normal/commercial_normal_less/000000064549_all__8.npy,Normal
Pistachio/VAD/vit-features/train/normal/commercial_normal_less/000000064549_all__9.npy,Normal
Pistachio/VAD/vit-features/train/normal/commercial_normal_less/000000064688_all__0.npy,Normal
Pistachio/VAD/vit-features/train/normal/commercial_normal_less/000000064688_all__1.npy,Normal
Pistachio/VAD/vit-features/train/normal/commercial_normal_less/000000064688_all__2.npy,Normal
Pistachio/VAD/vit-features/train/normal/commercial_normal_less/000000064688_all__3.npy,Normal
Pistachio/VAD/vit-features/train/normal/commercial_normal_less/000000064688_all__4.npy,Normal
Pistachio/VAD/vit-features/train/normal/commercial_normal_less/000000064688_all__5.npy,Normal
Pistachio/VAD/vit-features/train/normal/commercial_normal_less/000000064688_all__6.npy,Normal
Pistachio/VAD/vit-features/train/normal/commercial_normal_less/000000064688_all__7.npy,Normal
Pistachio/VAD/vit-features/train/normal/commercial_normal_less/000000064688_all__8.npy,Normal
Pistachio/VAD/vit-features/train/normal/commercial_normal_less/000000064688_all__9.npy,Normal
Pistachio/VAD/vit-features/train/normal/commercial_normal_less/000000064916_all__0.npy,Normal
Pistachio/VAD/vit-features/train/normal/commercial_normal_less/000000064916_all__1.npy,Normal
Pistachio/VAD/vit-features/train/normal/commercial_normal_less/000000064916_all__2.npy,Normal
Pistachio/VAD/vit-features/train/normal/commercial_normal_less/000000064916_all__3.npy,Normal
Pistachio/VAD/vit-features/train/normal/commercial_normal_less/000000064916_all__4.npy,Normal
Pistachio/VAD/vit-features/train/normal/commercial_normal_less/000000064916_all__5.npy,Normal
Pistachio/VAD/vit-features/train/normal/commercial_normal_less/000000064916_all__6.npy,Normal
Pistachio/VAD/vit-features/train/normal/commercial_normal_less/000000064916_all__7.npy,Normal
Pistachio/VAD/vit-features/train/normal/commercial_normal_less/000000064916_all__8.npy,Normal
Pistachio/VAD/vit-features/train/normal/commercial_normal_less/000000064916_all__9.npy,Normal
Pistachio/VAD/vit-features/train/normal/commercial_normal_less/000000064989_all__0.npy,Normal
Pistachio/VAD/vit-features/train/normal/commercial_normal_less/000000064989_all__1.npy,Normal
Pistachio/VAD/vit-features/train/normal/commercial_normal_less/000000064989_all__2.npy,Normal
Pistachio/VAD/vit-features/train/normal/commercial_normal_less/000000064989_all__3.npy,Normal
Pistachio/VAD/vit-features/train/normal/commercial_normal_less/000000064989_all__4.npy,Normal
Pistachio/VAD/vit-features/train/normal/commercial_normal_less/000000064989_all__5.npy,Normal
Pistachio/VAD/vit-features/train/normal/commercial_normal_less/000000064989_all__6.npy,Normal
Pistachio/VAD/vit-features/train/normal/commercial_normal_less/000000064989_all__7.npy,Normal
Pistachio/VAD/vit-features/train/normal/commercial_normal_less/000000064989_all__8.npy,Normal
Pistachio/VAD/vit-features/train/normal/commercial_normal_less/000000064989_all__9.npy,Normal
Pistachio/VAD/vit-features/train/normal/commercial_normal_less/000000065233_all__0.npy,Normal
Pistachio/VAD/vit-features/train/normal/commercial_normal_less/000000065233_all__1.npy,Normal
Pistachio/VAD/vit-features/train/normal/commercial_normal_less/000000065233_all__2.npy,Normal
Pistachio/VAD/vit-features/train/normal/commercial_normal_less/000000065233_all__3.npy,Normal
Pistachio/VAD/vit-features/train/normal/commercial_normal_less/000000065233_all__4.npy,Normal
Pistachio/VAD/vit-features/train/normal/commercial_normal_less/000000065233_all__5.npy,Normal
Pistachio/VAD/vit-features/train/normal/commercial_normal_less/000000065233_all__6.npy,Normal
Pistachio/VAD/vit-features/train/normal/commercial_normal_less/000000065233_all__7.npy,Normal
Pistachio/VAD/vit-features/train/normal/commercial_normal_less/000000065233_all__8.npy,Normal
Pistachio/VAD/vit-features/train/normal/commercial_normal_less/000000065233_all__9.npy,Normal
Pistachio/VAD/vit-features/train/normal/commercial_normal_less/000000065349_all__0.npy,Normal
Pistachio/VAD/vit-features/train/normal/commercial_normal_less/000000065349_all__1.npy,Normal
Pistachio/VAD/vit-features/train/normal/commercial_normal_less/000000065349_all__2.npy,Normal
Pistachio/VAD/vit-features/train/normal/commercial_normal_less/000000065349_all__3.npy,Normal
Pistachio/VAD/vit-features/train/normal/commercial_normal_less/000000065349_all__4.npy,Normal
Pistachio/VAD/vit-features/train/normal/commercial_normal_less/000000065349_all__5.npy,Normal
Pistachio/VAD/vit-features/train/normal/commercial_normal_less/000000065349_all__6.npy,Normal
Pistachio/VAD/vit-features/train/normal/commercial_normal_less/000000065349_all__7.npy,Normal
Pistachio/VAD/vit-features/train/normal/commercial_normal_less/000000065349_all__8.npy,Normal
Pistachio/VAD/vit-features/train/normal/commercial_normal_less/000000065349_all__9.npy,Normal
Pistachio/VAD/vit-features/train/normal/commercial_normal_less/000000065642_all__0.npy,Normal
Pistachio/VAD/vit-features/train/normal/commercial_normal_less/000000065642_all__1.npy,Normal
Pistachio/VAD/vit-features/train/normal/commercial_normal_less/000000065642_all__2.npy,Normal
Pistachio/VAD/vit-features/train/normal/commercial_normal_less/000000065642_all__3.npy,Normal
Pistachio/VAD/vit-features/train/normal/commercial_normal_less/000000065642_all__4.npy,Normal
Pistachio/VAD/vit-features/train/normal/commercial_normal_less/000000065642_all__5.npy,Normal
Pistachio/VAD/vit-features/train/normal/commercial_normal_less/000000065642_all__6.npy,Normal
Pistachio/VAD/vit-features/train/normal/commercial_normal_less/000000065642_all__7.npy,Normal
Pistachio/VAD/vit-features/train/normal/commercial_normal_less/000000065642_all__8.npy,Normal
Pistachio/VAD/vit-features/train/normal/commercial_normal_less/000000065642_all__9.npy,Normal
Pistachio/VAD/vit-features/train/normal/commercial_normal_less/000000065723_all__0.npy,Normal
Pistachio/VAD/vit-features/train/normal/commercial_normal_less/000000065723_all__1.npy,Normal
Pistachio/VAD/vit-features/train/normal/commercial_normal_less/000000065723_all__2.npy,Normal
Pistachio/VAD/vit-features/train/normal/commercial_normal_less/000000065723_all__3.npy,Normal
Pistachio/VAD/vit-features/train/normal/commercial_normal_less/000000065723_all__4.npy,Normal
Pistachio/VAD/vit-features/train/normal/commercial_normal_less/000000065723_all__5.npy,Normal
Pistachio/VAD/vit-features/train/normal/commercial_normal_less/000000065723_all__6.npy,Normal
Pistachio/VAD/vit-features/train/normal/commercial_normal_less/000000065723_all__7.npy,Normal
Pistachio/VAD/vit-features/train/normal/commercial_normal_less/000000065723_all__8.npy,Normal
Pistachio/VAD/vit-features/train/normal/commercial_normal_less/000000065723_all__9.npy,Normal
Pistachio/VAD/vit-features/train/normal/commercial_normal_less/000000066201_all__0.npy,Normal
Pistachio/VAD/vit-features/train/normal/commercial_normal_less/000000066201_all__1.npy,Normal
Pistachio/VAD/vit-features/train/normal/commercial_normal_less/000000066201_all__2.npy,Normal
Pistachio/VAD/vit-features/train/normal/commercial_normal_less/000000066201_all__3.npy,Normal
Pistachio/VAD/vit-features/train/normal/commercial_normal_less/000000066201_all__4.npy,Normal
Pistachio/VAD/vit-features/train/normal/commercial_normal_less/000000066201_all__5.npy,Normal
Pistachio/VAD/vit-features/train/normal/commercial_normal_less/000000066201_all__6.npy,Normal
Pistachio/VAD/vit-features/train/normal/commercial_normal_less/000000066201_all__7.npy,Normal
Pistachio/VAD/vit-features/train/normal/commercial_normal_less/000000066201_all__8.npy,Normal
Pistachio/VAD/vit-features/train/normal/commercial_normal_less/000000066201_all__9.npy,Normal
Pistachio/VAD/vit-features/train/normal/commercial_normal_less/000000066590_all__0.npy,Normal
Pistachio/VAD/vit-features/train/normal/commercial_normal_less/000000066590_all__1.npy,Normal
Pistachio/VAD/vit-features/train/normal/commercial_normal_less/000000066590_all__2.npy,Normal
Pistachio/VAD/vit-features/train/normal/commercial_normal_less/000000066590_all__3.npy,Normal
Pistachio/VAD/vit-features/train/normal/commercial_normal_less/000000066590_all__4.npy,Normal
Pistachio/VAD/vit-features/train/normal/commercial_normal_less/000000066590_all__5.npy,Normal
Pistachio/VAD/vit-features/train/normal/commercial_normal_less/000000066590_all__6.npy,Normal
Pistachio/VAD/vit-features/train/normal/commercial_normal_less/000000066590_all__7.npy,Normal
Pistachio/VAD/vit-features/train/normal/commercial_normal_less/000000066590_all__8.npy,Normal
Pistachio/VAD/vit-features/train/normal/commercial_normal_less/000000066590_all__9.npy,Normal
Pistachio/VAD/vit-features/train/normal/commercial_normal_less/000000066595_all__0.npy,Normal
Pistachio/VAD/vit-features/train/normal/commercial_normal_less/000000066595_all__1.npy,Normal
Pistachio/VAD/vit-features/train/normal/commercial_normal_less/000000066595_all__2.npy,Normal
Pistachio/VAD/vit-features/train/normal/commercial_normal_less/000000066595_all__3.npy,Normal
Pistachio/VAD/vit-features/train/normal/commercial_normal_less/000000066595_all__4.npy,Normal
Pistachio/VAD/vit-features/train/normal/commercial_normal_less/000000066595_all__5.npy,Normal
Pistachio/VAD/vit-features/train/normal/commercial_normal_less/000000066595_all__6.npy,Normal
Pistachio/VAD/vit-features/train/normal/commercial_normal_less/000000066595_all__7.npy,Normal
Pistachio/VAD/vit-features/train/normal/commercial_normal_less/000000066595_all__8.npy,Normal
Pistachio/VAD/vit-features/train/normal/commercial_normal_less/000000066595_all__9.npy,Normal
Pistachio/VAD/vit-features/train/normal/commercial_normal_less/000000066749_all__0.npy,Normal
Pistachio/VAD/vit-features/train/normal/commercial_normal_less/000000066749_all__1.npy,Normal
Pistachio/VAD/vit-features/train/normal/commercial_normal_less/000000066749_all__2.npy,Normal
Pistachio/VAD/vit-features/train/normal/commercial_normal_less/000000066749_all__3.npy,Normal
Pistachio/VAD/vit-features/train/normal/commercial_normal_less/000000066749_all__4.npy,Normal
Pistachio/VAD/vit-features/train/normal/commercial_normal_less/000000066749_all__5.npy,Normal
Pistachio/VAD/vit-features/train/normal/commercial_normal_less/000000066749_all__6.npy,Normal
Pistachio/VAD/vit-features/train/normal/commercial_normal_less/000000066749_all__7.npy,Normal
Pistachio/VAD/vit-features/train/normal/commercial_normal_less/000000066749_all__8.npy,Normal
Pistachio/VAD/vit-features/train/normal/commercial_normal_less/000000066749_all__9.npy,Normal
Pistachio/VAD/vit-features/train/normal/commercial_normal_less/000000066756_all__0.npy,Normal
Pistachio/VAD/vit-features/train/normal/commercial_normal_less/000000066756_all__1.npy,Normal
Pistachio/VAD/vit-features/train/normal/commercial_normal_less/000000066756_all__2.npy,Normal
Pistachio/VAD/vit-features/train/normal/commercial_normal_less/000000066756_all__3.npy,Normal
Pistachio/VAD/vit-features/train/normal/commercial_normal_less/000000066756_all__4.npy,Normal
Pistachio/VAD/vit-features/train/normal/commercial_normal_less/000000066756_all__5.npy,Normal
Pistachio/VAD/vit-features/train/normal/commercial_normal_less/000000066756_all__6.npy,Normal
Pistachio/VAD/vit-features/train/normal/commercial_normal_less/000000066756_all__7.npy,Normal
Pistachio/VAD/vit-features/train/normal/commercial_normal_less/000000066756_all__8.npy,Normal
Pistachio/VAD/vit-features/train/normal/commercial_normal_less/000000066756_all__9.npy,Normal
Pistachio/VAD/vit-features/train/normal/commercial_normal_less/000000066777_all__0.npy,Normal
Pistachio/VAD/vit-features/train/normal/commercial_normal_less/000000066777_all__1.npy,Normal
Pistachio/VAD/vit-features/train/normal/commercial_normal_less/000000066777_all__2.npy,Normal
Pistachio/VAD/vit-features/train/normal/commercial_normal_less/000000066777_all__3.npy,Normal
Pistachio/VAD/vit-features/train/normal/commercial_normal_less/000000066777_all__4.npy,Normal
Pistachio/VAD/vit-features/train/normal/commercial_normal_less/000000066777_all__5.npy,Normal
Pistachio/VAD/vit-features/train/normal/commercial_normal_less/000000066777_all__6.npy,Normal
Pistachio/VAD/vit-features/train/normal/commercial_normal_less/000000066777_all__7.npy,Normal
Pistachio/VAD/vit-features/train/normal/commercial_normal_less/000000066777_all__8.npy,Normal
Pistachio/VAD/vit-features/train/normal/commercial_normal_less/000000066777_all__9.npy,Normal
Pistachio/VAD/vit-features/train/normal/commercial_normal_less/000000066838_all__0.npy,Normal
Pistachio/VAD/vit-features/train/normal/commercial_normal_less/000000066838_all__1.npy,Normal
Pistachio/VAD/vit-features/train/normal/commercial_normal_less/000000066838_all__2.npy,Normal
Pistachio/VAD/vit-features/train/normal/commercial_normal_less/000000066838_all__3.npy,Normal
Pistachio/VAD/vit-features/train/normal/commercial_normal_less/000000066838_all__4.npy,Normal
Pistachio/VAD/vit-features/train/normal/commercial_normal_less/000000066838_all__5.npy,Normal
Pistachio/VAD/vit-features/train/normal/commercial_normal_less/000000066838_all__6.npy,Normal
Pistachio/VAD/vit-features/train/normal/commercial_normal_less/000000066838_all__7.npy,Normal
Pistachio/VAD/vit-features/train/normal/commercial_normal_less/000000066838_all__8.npy,Normal
Pistachio/VAD/vit-features/train/normal/commercial_normal_less/000000066838_all__9.npy,Normal
Pistachio/VAD/vit-features/train/normal/commercial_normal_less/000000067039_all__0.npy,Normal
Pistachio/VAD/vit-features/train/normal/commercial_normal_less/000000067039_all__1.npy,Normal
Pistachio/VAD/vit-features/train/normal/commercial_normal_less/000000067039_all__2.npy,Normal
Pistachio/VAD/vit-features/train/normal/commercial_normal_less/000000067039_all__3.npy,Normal
Pistachio/VAD/vit-features/train/normal/commercial_normal_less/000000067039_all__4.npy,Normal
Pistachio/VAD/vit-features/train/normal/commercial_normal_less/000000067039_all__5.npy,Normal
Pistachio/VAD/vit-features/train/normal/commercial_normal_less/000000067039_all__6.npy,Normal
Pistachio/VAD/vit-features/train/normal/commercial_normal_less/000000067039_all__7.npy,Normal
Pistachio/VAD/vit-features/train/normal/commercial_normal_less/000000067039_all__8.npy,Normal
Pistachio/VAD/vit-features/train/normal/commercial_normal_less/000000067039_all__9.npy,Normal
Pistachio/VAD/vit-features/train/normal/commercial_normal_less/000000067081_all__0.npy,Normal
Pistachio/VAD/vit-features/train/normal/commercial_normal_less/000000067081_all__1.npy,Normal
Pistachio/VAD/vit-features/train/normal/commercial_normal_less/000000067081_all__2.npy,Normal
Pistachio/VAD/vit-features/train/normal/commercial_normal_less/000000067081_all__3.npy,Normal
Pistachio/VAD/vit-features/train/normal/commercial_normal_less/000000067081_all__4.npy,Normal
Pistachio/VAD/vit-features/train/normal/commercial_normal_less/000000067081_all__5.npy,Normal
Pistachio/VAD/vit-features/train/normal/commercial_normal_less/000000067081_all__6.npy,Normal
Pistachio/VAD/vit-features/train/normal/commercial_normal_less/000000067081_all__7.npy,Normal
Pistachio/VAD/vit-features/train/normal/commercial_normal_less/000000067081_all__8.npy,Normal
Pistachio/VAD/vit-features/train/normal/commercial_normal_less/000000067081_all__9.npy,Normal
Pistachio/VAD/vit-features/train/normal/commercial_normal_less/000000067124_all__0.npy,Normal
Pistachio/VAD/vit-features/train/normal/commercial_normal_less/000000067124_all__1.npy,Normal
Pistachio/VAD/vit-features/train/normal/commercial_normal_less/000000067124_all__2.npy,Normal
Pistachio/VAD/vit-features/train/normal/commercial_normal_less/000000067124_all__3.npy,Normal
Pistachio/VAD/vit-features/train/normal/commercial_normal_less/000000067124_all__4.npy,Normal
Pistachio/VAD/vit-features/train/normal/commercial_normal_less/000000067124_all__5.npy,Normal
Pistachio/VAD/vit-features/train/normal/commercial_normal_less/000000067124_all__6.npy,Normal
Pistachio/VAD/vit-features/train/normal/commercial_normal_less/000000067124_all__7.npy,Normal
Pistachio/VAD/vit-features/train/normal/commercial_normal_less/000000067124_all__8.npy,Normal
Pistachio/VAD/vit-features/train/normal/commercial_normal_less/000000067124_all__9.npy,Normal
Pistachio/VAD/vit-features/train/normal/commercial_normal_less/000000067260_all__0.npy,Normal
Pistachio/VAD/vit-features/train/normal/commercial_normal_less/000000067260_all__1.npy,Normal
Pistachio/VAD/vit-features/train/normal/commercial_normal_less/000000067260_all__2.npy,Normal
Pistachio/VAD/vit-features/train/normal/commercial_normal_less/000000067260_all__3.npy,Normal
Pistachio/VAD/vit-features/train/normal/commercial_normal_less/000000067260_all__4.npy,Normal
Pistachio/VAD/vit-features/train/normal/commercial_normal_less/000000067260_all__5.npy,Normal
Pistachio/VAD/vit-features/train/normal/commercial_normal_less/000000067260_all__6.npy,Normal
Pistachio/VAD/vit-features/train/normal/commercial_normal_less/000000067260_all__7.npy,Normal
Pistachio/VAD/vit-features/train/normal/commercial_normal_less/000000067260_all__8.npy,Normal
Pistachio/VAD/vit-features/train/normal/commercial_normal_less/000000067260_all__9.npy,Normal
Pistachio/VAD/vit-features/train/normal/commercial_normal_less/000000067421_all__0.npy,Normal
Pistachio/VAD/vit-features/train/normal/commercial_normal_less/000000067421_all__1.npy,Normal
Pistachio/VAD/vit-features/train/normal/commercial_normal_less/000000067421_all__2.npy,Normal
Pistachio/VAD/vit-features/train/normal/commercial_normal_less/000000067421_all__3.npy,Normal
Pistachio/VAD/vit-features/train/normal/commercial_normal_less/000000067421_all__4.npy,Normal
Pistachio/VAD/vit-features/train/normal/commercial_normal_less/000000067421_all__5.npy,Normal
Pistachio/VAD/vit-features/train/normal/commercial_normal_less/000000067421_all__6.npy,Normal
Pistachio/VAD/vit-features/train/normal/commercial_normal_less/000000067421_all__7.npy,Normal
Pistachio/VAD/vit-features/train/normal/commercial_normal_less/000000067421_all__8.npy,Normal
Pistachio/VAD/vit-features/train/normal/commercial_normal_less/000000067421_all__9.npy,Normal
Pistachio/VAD/vit-features/train/normal/commercial_normal_less/000000067970_all__0.npy,Normal
Pistachio/VAD/vit-features/train/normal/commercial_normal_less/000000067970_all__1.npy,Normal
Pistachio/VAD/vit-features/train/normal/commercial_normal_less/000000067970_all__2.npy,Normal
Pistachio/VAD/vit-features/train/normal/commercial_normal_less/000000067970_all__3.npy,Normal
Pistachio/VAD/vit-features/train/normal/commercial_normal_less/000000067970_all__4.npy,Normal
Pistachio/VAD/vit-features/train/normal/commercial_normal_less/000000067970_all__5.npy,Normal
Pistachio/VAD/vit-features/train/normal/commercial_normal_less/000000067970_all__6.npy,Normal
Pistachio/VAD/vit-features/train/normal/commercial_normal_less/000000067970_all__7.npy,Normal
Pistachio/VAD/vit-features/train/normal/commercial_normal_less/000000067970_all__8.npy,Normal
Pistachio/VAD/vit-features/train/normal/commercial_normal_less/000000067970_all__9.npy,Normal
Pistachio/VAD/vit-features/train/normal/commercial_normal_less/000000067999_all__0.npy,Normal
Pistachio/VAD/vit-features/train/normal/commercial_normal_less/000000067999_all__1.npy,Normal
Pistachio/VAD/vit-features/train/normal/commercial_normal_less/000000067999_all__2.npy,Normal
Pistachio/VAD/vit-features/train/normal/commercial_normal_less/000000067999_all__3.npy,Normal
Pistachio/VAD/vit-features/train/normal/commercial_normal_less/000000067999_all__4.npy,Normal
Pistachio/VAD/vit-features/train/normal/commercial_normal_less/000000067999_all__5.npy,Normal
Pistachio/VAD/vit-features/train/normal/commercial_normal_less/000000067999_all__6.npy,Normal
Pistachio/VAD/vit-features/train/normal/commercial_normal_less/000000067999_all__7.npy,Normal
Pistachio/VAD/vit-features/train/normal/commercial_normal_less/000000067999_all__8.npy,Normal
Pistachio/VAD/vit-features/train/normal/commercial_normal_less/000000067999_all__9.npy,Normal
Pistachio/VAD/vit-features/train/normal/commercial_normal_less/000000068010_all__0.npy,Normal
Pistachio/VAD/vit-features/train/normal/commercial_normal_less/000000068010_all__1.npy,Normal
Pistachio/VAD/vit-features/train/normal/commercial_normal_less/000000068010_all__2.npy,Normal
Pistachio/VAD/vit-features/train/normal/commercial_normal_less/000000068010_all__3.npy,Normal
Pistachio/VAD/vit-features/train/normal/commercial_normal_less/000000068010_all__4.npy,Normal
Pistachio/VAD/vit-features/train/normal/commercial_normal_less/000000068010_all__5.npy,Normal
Pistachio/VAD/vit-features/train/normal/commercial_normal_less/000000068010_all__6.npy,Normal
Pistachio/VAD/vit-features/train/normal/commercial_normal_less/000000068010_all__7.npy,Normal
Pistachio/VAD/vit-features/train/normal/commercial_normal_less/000000068010_all__8.npy,Normal
Pistachio/VAD/vit-features/train/normal/commercial_normal_less/000000068010_all__9.npy,Normal
Pistachio/VAD/vit-features/train/normal/commercial_normal_less/000000068339_all__0.npy,Normal
Pistachio/VAD/vit-features/train/normal/commercial_normal_less/000000068339_all__1.npy,Normal
Pistachio/VAD/vit-features/train/normal/commercial_normal_less/000000068339_all__2.npy,Normal
Pistachio/VAD/vit-features/train/normal/commercial_normal_less/000000068339_all__3.npy,Normal
Pistachio/VAD/vit-features/train/normal/commercial_normal_less/000000068339_all__4.npy,Normal
Pistachio/VAD/vit-features/train/normal/commercial_normal_less/000000068339_all__5.npy,Normal
Pistachio/VAD/vit-features/train/normal/commercial_normal_less/000000068339_all__6.npy,Normal
Pistachio/VAD/vit-features/train/normal/commercial_normal_less/000000068339_all__7.npy,Normal
Pistachio/VAD/vit-features/train/normal/commercial_normal_less/000000068339_all__8.npy,Normal
Pistachio/VAD/vit-features/train/normal/commercial_normal_less/000000068339_all__9.npy,Normal
Pistachio/VAD/vit-features/train/normal/commercial_normal_less/000000068428_all__0.npy,Normal
Pistachio/VAD/vit-features/train/normal/commercial_normal_less/000000068428_all__1.npy,Normal
Pistachio/VAD/vit-features/train/normal/commercial_normal_less/000000068428_all__2.npy,Normal
Pistachio/VAD/vit-features/train/normal/commercial_normal_less/000000068428_all__3.npy,Normal
Pistachio/VAD/vit-features/train/normal/commercial_normal_less/000000068428_all__4.npy,Normal
Pistachio/VAD/vit-features/train/normal/commercial_normal_less/000000068428_all__5.npy,Normal
Pistachio/VAD/vit-features/train/normal/commercial_normal_less/000000068428_all__6.npy,Normal
Pistachio/VAD/vit-features/train/normal/commercial_normal_less/000000068428_all__7.npy,Normal
Pistachio/VAD/vit-features/train/normal/commercial_normal_less/000000068428_all__8.npy,Normal
Pistachio/VAD/vit-features/train/normal/commercial_normal_less/000000068428_all__9.npy,Normal
Pistachio/VAD/vit-features/train/normal/commercial_normal_less/000000068972_all__0.npy,Normal
Pistachio/VAD/vit-features/train/normal/commercial_normal_less/000000068972_all__1.npy,Normal
Pistachio/VAD/vit-features/train/normal/commercial_normal_less/000000068972_all__2.npy,Normal
Pistachio/VAD/vit-features/train/normal/commercial_normal_less/000000068972_all__3.npy,Normal
Pistachio/VAD/vit-features/train/normal/commercial_normal_less/000000068972_all__4.npy,Normal
Pistachio/VAD/vit-features/train/normal/commercial_normal_less/000000068972_all__5.npy,Normal
Pistachio/VAD/vit-features/train/normal/commercial_normal_less/000000068972_all__6.npy,Normal
Pistachio/VAD/vit-features/train/normal/commercial_normal_less/000000068972_all__7.npy,Normal
Pistachio/VAD/vit-features/train/normal/commercial_normal_less/000000068972_all__8.npy,Normal
Pistachio/VAD/vit-features/train/normal/commercial_normal_less/000000068972_all__9.npy,Normal
Pistachio/VAD/vit-features/train/normal/commercial_normal_less/000000069078_all__0.npy,Normal
Pistachio/VAD/vit-features/train/normal/commercial_normal_less/000000069078_all__1.npy,Normal
Pistachio/VAD/vit-features/train/normal/commercial_normal_less/000000069078_all__2.npy,Normal
Pistachio/VAD/vit-features/train/normal/commercial_normal_less/000000069078_all__3.npy,Normal
Pistachio/VAD/vit-features/train/normal/commercial_normal_less/000000069078_all__4.npy,Normal
Pistachio/VAD/vit-features/train/normal/commercial_normal_less/000000069078_all__5.npy,Normal
Pistachio/VAD/vit-features/train/normal/commercial_normal_less/000000069078_all__6.npy,Normal
Pistachio/VAD/vit-features/train/normal/commercial_normal_less/000000069078_all__7.npy,Normal
Pistachio/VAD/vit-features/train/normal/commercial_normal_less/000000069078_all__8.npy,Normal
Pistachio/VAD/vit-features/train/normal/commercial_normal_less/000000069078_all__9.npy,Normal
Pistachio/VAD/vit-features/train/normal/commercial_normal_less/000000069258_all__0.npy,Normal
Pistachio/VAD/vit-features/train/normal/commercial_normal_less/000000069258_all__1.npy,Normal
Pistachio/VAD/vit-features/train/normal/commercial_normal_less/000000069258_all__2.npy,Normal
Pistachio/VAD/vit-features/train/normal/commercial_normal_less/000000069258_all__3.npy,Normal
Pistachio/VAD/vit-features/train/normal/commercial_normal_less/000000069258_all__4.npy,Normal
Pistachio/VAD/vit-features/train/normal/commercial_normal_less/000000069258_all__5.npy,Normal
Pistachio/VAD/vit-features/train/normal/commercial_normal_less/000000069258_all__6.npy,Normal
Pistachio/VAD/vit-features/train/normal/commercial_normal_less/000000069258_all__7.npy,Normal
Pistachio/VAD/vit-features/train/normal/commercial_normal_less/000000069258_all__8.npy,Normal
Pistachio/VAD/vit-features/train/normal/commercial_normal_less/000000069258_all__9.npy,Normal
Pistachio/VAD/vit-features/train/normal/commercial_normal_less/000000069446_all__0.npy,Normal
Pistachio/VAD/vit-features/train/normal/commercial_normal_less/000000069446_all__1.npy,Normal
Pistachio/VAD/vit-features/train/normal/commercial_normal_less/000000069446_all__2.npy,Normal
Pistachio/VAD/vit-features/train/normal/commercial_normal_less/000000069446_all__3.npy,Normal
Pistachio/VAD/vit-features/train/normal/commercial_normal_less/000000069446_all__4.npy,Normal
Pistachio/VAD/vit-features/train/normal/commercial_normal_less/000000069446_all__5.npy,Normal
Pistachio/VAD/vit-features/train/normal/commercial_normal_less/000000069446_all__6.npy,Normal
Pistachio/VAD/vit-features/train/normal/commercial_normal_less/000000069446_all__7.npy,Normal
Pistachio/VAD/vit-features/train/normal/commercial_normal_less/000000069446_all__8.npy,Normal
Pistachio/VAD/vit-features/train/normal/commercial_normal_less/000000069446_all__9.npy,Normal
Pistachio/VAD/vit-features/train/normal/commercial_normal_less/000000069606_all__0.npy,Normal
Pistachio/VAD/vit-features/train/normal/commercial_normal_less/000000069606_all__1.npy,Normal
Pistachio/VAD/vit-features/train/normal/commercial_normal_less/000000069606_all__2.npy,Normal
Pistachio/VAD/vit-features/train/normal/commercial_normal_less/000000069606_all__3.npy,Normal
Pistachio/VAD/vit-features/train/normal/commercial_normal_less/000000069606_all__4.npy,Normal
Pistachio/VAD/vit-features/train/normal/commercial_normal_less/000000069606_all__5.npy,Normal
Pistachio/VAD/vit-features/train/normal/commercial_normal_less/000000069606_all__6.npy,Normal
Pistachio/VAD/vit-features/train/normal/commercial_normal_less/000000069606_all__7.npy,Normal
Pistachio/VAD/vit-features/train/normal/commercial_normal_less/000000069606_all__8.npy,Normal
Pistachio/VAD/vit-features/train/normal/commercial_normal_less/000000069606_all__9.npy,Normal
Pistachio/VAD/vit-features/train/normal/commercial_normal_less/000000069674_all__0.npy,Normal
Pistachio/VAD/vit-features/train/normal/commercial_normal_less/000000069674_all__1.npy,Normal
Pistachio/VAD/vit-features/train/normal/commercial_normal_less/000000069674_all__2.npy,Normal
Pistachio/VAD/vit-features/train/normal/commercial_normal_less/000000069674_all__3.npy,Normal
Pistachio/VAD/vit-features/train/normal/commercial_normal_less/000000069674_all__4.npy,Normal
Pistachio/VAD/vit-features/train/normal/commercial_normal_less/000000069674_all__5.npy,Normal
Pistachio/VAD/vit-features/train/normal/commercial_normal_less/000000069674_all__6.npy,Normal
Pistachio/VAD/vit-features/train/normal/commercial_normal_less/000000069674_all__7.npy,Normal
Pistachio/VAD/vit-features/train/normal/commercial_normal_less/000000069674_all__8.npy,Normal
Pistachio/VAD/vit-features/train/normal/commercial_normal_less/000000069674_all__9.npy,Normal
Pistachio/VAD/vit-features/train/normal/commercial_normal_less/000000069853_all__0.npy,Normal
Pistachio/VAD/vit-features/train/normal/commercial_normal_less/000000069853_all__1.npy,Normal
Pistachio/VAD/vit-features/train/normal/commercial_normal_less/000000069853_all__2.npy,Normal
Pistachio/VAD/vit-features/train/normal/commercial_normal_less/000000069853_all__3.npy,Normal
Pistachio/VAD/vit-features/train/normal/commercial_normal_less/000000069853_all__4.npy,Normal
Pistachio/VAD/vit-features/train/normal/commercial_normal_less/000000069853_all__5.npy,Normal
Pistachio/VAD/vit-features/train/normal/commercial_normal_less/000000069853_all__6.npy,Normal
Pistachio/VAD/vit-features/train/normal/commercial_normal_less/000000069853_all__7.npy,Normal
Pistachio/VAD/vit-features/train/normal/commercial_normal_less/000000069853_all__8.npy,Normal
Pistachio/VAD/vit-features/train/normal/commercial_normal_less/000000069853_all__9.npy,Normal
Pistachio/VAD/vit-features/train/normal/commercial_normal_less/000000070031_all__0.npy,Normal
Pistachio/VAD/vit-features/train/normal/commercial_normal_less/000000070031_all__1.npy,Normal
Pistachio/VAD/vit-features/train/normal/commercial_normal_less/000000070031_all__2.npy,Normal
Pistachio/VAD/vit-features/train/normal/commercial_normal_less/000000070031_all__3.npy,Normal
Pistachio/VAD/vit-features/train/normal/commercial_normal_less/000000070031_all__4.npy,Normal
Pistachio/VAD/vit-features/train/normal/commercial_normal_less/000000070031_all__5.npy,Normal
Pistachio/VAD/vit-features/train/normal/commercial_normal_less/000000070031_all__6.npy,Normal
Pistachio/VAD/vit-features/train/normal/commercial_normal_less/000000070031_all__7.npy,Normal
Pistachio/VAD/vit-features/train/normal/commercial_normal_less/000000070031_all__8.npy,Normal
Pistachio/VAD/vit-features/train/normal/commercial_normal_less/000000070031_all__9.npy,Normal
Pistachio/VAD/vit-features/train/normal/commercial_normal_less/000000070040_all__0.npy,Normal
Pistachio/VAD/vit-features/train/normal/commercial_normal_less/000000070040_all__1.npy,Normal
Pistachio/VAD/vit-features/train/normal/commercial_normal_less/000000070040_all__2.npy,Normal
Pistachio/VAD/vit-features/train/normal/commercial_normal_less/000000070040_all__3.npy,Normal
Pistachio/VAD/vit-features/train/normal/commercial_normal_less/000000070040_all__4.npy,Normal
Pistachio/VAD/vit-features/train/normal/commercial_normal_less/000000070040_all__5.npy,Normal
Pistachio/VAD/vit-features/train/normal/commercial_normal_less/000000070040_all__6.npy,Normal
Pistachio/VAD/vit-features/train/normal/commercial_normal_less/000000070040_all__7.npy,Normal
Pistachio/VAD/vit-features/train/normal/commercial_normal_less/000000070040_all__8.npy,Normal
Pistachio/VAD/vit-features/train/normal/commercial_normal_less/000000070040_all__9.npy,Normal
Pistachio/VAD/vit-features/train/normal/commercial_normal_less/000000070098_all__0.npy,Normal
Pistachio/VAD/vit-features/train/normal/commercial_normal_less/000000070098_all__1.npy,Normal
Pistachio/VAD/vit-features/train/normal/commercial_normal_less/000000070098_all__2.npy,Normal
Pistachio/VAD/vit-features/train/normal/commercial_normal_less/000000070098_all__3.npy,Normal
Pistachio/VAD/vit-features/train/normal/commercial_normal_less/000000070098_all__4.npy,Normal
Pistachio/VAD/vit-features/train/normal/commercial_normal_less/000000070098_all__5.npy,Normal
Pistachio/VAD/vit-features/train/normal/commercial_normal_less/000000070098_all__6.npy,Normal
Pistachio/VAD/vit-features/train/normal/commercial_normal_less/000000070098_all__7.npy,Normal
Pistachio/VAD/vit-features/train/normal/commercial_normal_less/000000070098_all__8.npy,Normal
Pistachio/VAD/vit-features/train/normal/commercial_normal_less/000000070098_all__9.npy,Normal
Pistachio/VAD/vit-features/train/normal/commercial_normal_less/000000070224_all__0.npy,Normal
Pistachio/VAD/vit-features/train/normal/commercial_normal_less/000000070224_all__1.npy,Normal
Pistachio/VAD/vit-features/train/normal/commercial_normal_less/000000070224_all__2.npy,Normal
Pistachio/VAD/vit-features/train/normal/commercial_normal_less/000000070224_all__3.npy,Normal
Pistachio/VAD/vit-features/train/normal/commercial_normal_less/000000070224_all__4.npy,Normal
Pistachio/VAD/vit-features/train/normal/commercial_normal_less/000000070224_all__5.npy,Normal
Pistachio/VAD/vit-features/train/normal/commercial_normal_less/000000070224_all__6.npy,Normal
Pistachio/VAD/vit-features/train/normal/commercial_normal_less/000000070224_all__7.npy,Normal
Pistachio/VAD/vit-features/train/normal/commercial_normal_less/000000070224_all__8.npy,Normal
Pistachio/VAD/vit-features/train/normal/commercial_normal_less/000000070224_all__9.npy,Normal
Pistachio/VAD/vit-features/train/normal/commercial_normal_less/000000070377_all__0.npy,Normal
Pistachio/VAD/vit-features/train/normal/commercial_normal_less/000000070377_all__1.npy,Normal
Pistachio/VAD/vit-features/train/normal/commercial_normal_less/000000070377_all__2.npy,Normal
Pistachio/VAD/vit-features/train/normal/commercial_normal_less/000000070377_all__3.npy,Normal
Pistachio/VAD/vit-features/train/normal/commercial_normal_less/000000070377_all__4.npy,Normal
Pistachio/VAD/vit-features/train/normal/commercial_normal_less/000000070377_all__5.npy,Normal
Pistachio/VAD/vit-features/train/normal/commercial_normal_less/000000070377_all__6.npy,Normal
Pistachio/VAD/vit-features/train/normal/commercial_normal_less/000000070377_all__7.npy,Normal
Pistachio/VAD/vit-features/train/normal/commercial_normal_less/000000070377_all__8.npy,Normal
Pistachio/VAD/vit-features/train/normal/commercial_normal_less/000000070377_all__9.npy,Normal
Pistachio/VAD/vit-features/train/normal/commercial_normal_less/000000070439_all__0.npy,Normal
Pistachio/VAD/vit-features/train/normal/commercial_normal_less/000000070439_all__1.npy,Normal
Pistachio/VAD/vit-features/train/normal/commercial_normal_less/000000070439_all__2.npy,Normal
Pistachio/VAD/vit-features/train/normal/commercial_normal_less/000000070439_all__3.npy,Normal
Pistachio/VAD/vit-features/train/normal/commercial_normal_less/000000070439_all__4.npy,Normal
Pistachio/VAD/vit-features/train/normal/commercial_normal_less/000000070439_all__5.npy,Normal
Pistachio/VAD/vit-features/train/normal/commercial_normal_less/000000070439_all__6.npy,Normal
Pistachio/VAD/vit-features/train/normal/commercial_normal_less/000000070439_all__7.npy,Normal
Pistachio/VAD/vit-features/train/normal/commercial_normal_less/000000070439_all__8.npy,Normal
Pistachio/VAD/vit-features/train/normal/commercial_normal_less/000000070439_all__9.npy,Normal
Pistachio/VAD/vit-features/train/normal/commercial_normal_less/000000070507_all__0.npy,Normal
Pistachio/VAD/vit-features/train/normal/commercial_normal_less/000000070507_all__1.npy,Normal
Pistachio/VAD/vit-features/train/normal/commercial_normal_less/000000070507_all__2.npy,Normal
Pistachio/VAD/vit-features/train/normal/commercial_normal_less/000000070507_all__3.npy,Normal
Pistachio/VAD/vit-features/train/normal/commercial_normal_less/000000070507_all__4.npy,Normal
Pistachio/VAD/vit-features/train/normal/commercial_normal_less/000000070507_all__5.npy,Normal
Pistachio/VAD/vit-features/train/normal/commercial_normal_less/000000070507_all__6.npy,Normal
Pistachio/VAD/vit-features/train/normal/commercial_normal_less/000000070507_all__7.npy,Normal
Pistachio/VAD/vit-features/train/normal/commercial_normal_less/000000070507_all__8.npy,Normal
Pistachio/VAD/vit-features/train/normal/commercial_normal_less/000000070507_all__9.npy,Normal
Pistachio/VAD/vit-features/train/normal/commercial_normal_less/000000070948_all__0.npy,Normal
Pistachio/VAD/vit-features/train/normal/commercial_normal_less/000000070948_all__1.npy,Normal
Pistachio/VAD/vit-features/train/normal/commercial_normal_less/000000070948_all__2.npy,Normal
Pistachio/VAD/vit-features/train/normal/commercial_normal_less/000000070948_all__3.npy,Normal
Pistachio/VAD/vit-features/train/normal/commercial_normal_less/000000070948_all__4.npy,Normal
Pistachio/VAD/vit-features/train/normal/commercial_normal_less/000000070948_all__5.npy,Normal
Pistachio/VAD/vit-features/train/normal/commercial_normal_less/000000070948_all__6.npy,Normal
Pistachio/VAD/vit-features/train/normal/commercial_normal_less/000000070948_all__7.npy,Normal
Pistachio/VAD/vit-features/train/normal/commercial_normal_less/000000070948_all__8.npy,Normal
Pistachio/VAD/vit-features/train/normal/commercial_normal_less/000000070948_all__9.npy,Normal
Pistachio/VAD/vit-features/train/normal/commercial_normal_less/000000071094_all__0.npy,Normal
Pistachio/VAD/vit-features/train/normal/commercial_normal_less/000000071094_all__1.npy,Normal
Pistachio/VAD/vit-features/train/normal/commercial_normal_less/000000071094_all__2.npy,Normal
Pistachio/VAD/vit-features/train/normal/commercial_normal_less/000000071094_all__3.npy,Normal
Pistachio/VAD/vit-features/train/normal/commercial_normal_less/000000071094_all__4.npy,Normal
Pistachio/VAD/vit-features/train/normal/commercial_normal_less/000000071094_all__5.npy,Normal
Pistachio/VAD/vit-features/train/normal/commercial_normal_less/000000071094_all__6.npy,Normal
Pistachio/VAD/vit-features/train/normal/commercial_normal_less/000000071094_all__7.npy,Normal
Pistachio/VAD/vit-features/train/normal/commercial_normal_less/000000071094_all__8.npy,Normal
Pistachio/VAD/vit-features/train/normal/commercial_normal_less/000000071094_all__9.npy,Normal
Pistachio/VAD/vit-features/train/normal/commercial_normal_less/000000071140_all__0.npy,Normal
Pistachio/VAD/vit-features/train/normal/commercial_normal_less/000000071140_all__1.npy,Normal
Pistachio/VAD/vit-features/train/normal/commercial_normal_less/000000071140_all__2.npy,Normal
Pistachio/VAD/vit-features/train/normal/commercial_normal_less/000000071140_all__3.npy,Normal
Pistachio/VAD/vit-features/train/normal/commercial_normal_less/000000071140_all__4.npy,Normal
Pistachio/VAD/vit-features/train/normal/commercial_normal_less/000000071140_all__5.npy,Normal
Pistachio/VAD/vit-features/train/normal/commercial_normal_less/000000071140_all__6.npy,Normal
Pistachio/VAD/vit-features/train/normal/commercial_normal_less/000000071140_all__7.npy,Normal
Pistachio/VAD/vit-features/train/normal/commercial_normal_less/000000071140_all__8.npy,Normal
Pistachio/VAD/vit-features/train/normal/commercial_normal_less/000000071140_all__9.npy,Normal
Pistachio/VAD/vit-features/train/normal/commercial_normal_less/000000071494_all__0.npy,Normal
Pistachio/VAD/vit-features/train/normal/commercial_normal_less/000000071494_all__1.npy,Normal
Pistachio/VAD/vit-features/train/normal/commercial_normal_less/000000071494_all__2.npy,Normal
Pistachio/VAD/vit-features/train/normal/commercial_normal_less/000000071494_all__3.npy,Normal
Pistachio/VAD/vit-features/train/normal/commercial_normal_less/000000071494_all__4.npy,Normal
Pistachio/VAD/vit-features/train/normal/commercial_normal_less/000000071494_all__5.npy,Normal
Pistachio/VAD/vit-features/train/normal/commercial_normal_less/000000071494_all__6.npy,Normal
Pistachio/VAD/vit-features/train/normal/commercial_normal_less/000000071494_all__7.npy,Normal
Pistachio/VAD/vit-features/train/normal/commercial_normal_less/000000071494_all__8.npy,Normal
Pistachio/VAD/vit-features/train/normal/commercial_normal_less/000000071494_all__9.npy,Normal
Pistachio/VAD/vit-features/train/normal/commercial_normal_less/000000071763_all__0.npy,Normal
Pistachio/VAD/vit-features/train/normal/commercial_normal_less/000000071763_all__1.npy,Normal
Pistachio/VAD/vit-features/train/normal/commercial_normal_less/000000071763_all__2.npy,Normal
Pistachio/VAD/vit-features/train/normal/commercial_normal_less/000000071763_all__3.npy,Normal
Pistachio/VAD/vit-features/train/normal/commercial_normal_less/000000071763_all__4.npy,Normal
Pistachio/VAD/vit-features/train/normal/commercial_normal_less/000000071763_all__5.npy,Normal
Pistachio/VAD/vit-features/train/normal/commercial_normal_less/000000071763_all__6.npy,Normal
Pistachio/VAD/vit-features/train/normal/commercial_normal_less/000000071763_all__7.npy,Normal
Pistachio/VAD/vit-features/train/normal/commercial_normal_less/000000071763_all__8.npy,Normal
Pistachio/VAD/vit-features/train/normal/commercial_normal_less/000000071763_all__9.npy,Normal
Pistachio/VAD/vit-features/train/normal/commercial_normal_less/000000071860_all__0.npy,Normal
Pistachio/VAD/vit-features/train/normal/commercial_normal_less/000000071860_all__1.npy,Normal
Pistachio/VAD/vit-features/train/normal/commercial_normal_less/000000071860_all__2.npy,Normal
Pistachio/VAD/vit-features/train/normal/commercial_normal_less/000000071860_all__3.npy,Normal
Pistachio/VAD/vit-features/train/normal/commercial_normal_less/000000071860_all__4.npy,Normal
Pistachio/VAD/vit-features/train/normal/commercial_normal_less/000000071860_all__5.npy,Normal
Pistachio/VAD/vit-features/train/normal/commercial_normal_less/000000071860_all__6.npy,Normal
Pistachio/VAD/vit-features/train/normal/commercial_normal_less/000000071860_all__7.npy,Normal
Pistachio/VAD/vit-features/train/normal/commercial_normal_less/000000071860_all__8.npy,Normal
Pistachio/VAD/vit-features/train/normal/commercial_normal_less/000000071860_all__9.npy,Normal
Pistachio/VAD/vit-features/train/normal/commercial_normal_less/000000073142_all__0.npy,Normal
Pistachio/VAD/vit-features/train/normal/commercial_normal_less/000000073142_all__1.npy,Normal
Pistachio/VAD/vit-features/train/normal/commercial_normal_less/000000073142_all__2.npy,Normal
Pistachio/VAD/vit-features/train/normal/commercial_normal_less/000000073142_all__3.npy,Normal
Pistachio/VAD/vit-features/train/normal/commercial_normal_less/000000073142_all__4.npy,Normal
Pistachio/VAD/vit-features/train/normal/commercial_normal_less/000000073142_all__5.npy,Normal
Pistachio/VAD/vit-features/train/normal/commercial_normal_less/000000073142_all__6.npy,Normal
Pistachio/VAD/vit-features/train/normal/commercial_normal_less/000000073142_all__7.npy,Normal
Pistachio/VAD/vit-features/train/normal/commercial_normal_less/000000073142_all__8.npy,Normal
Pistachio/VAD/vit-features/train/normal/commercial_normal_less/000000073142_all__9.npy,Normal
Pistachio/VAD/vit-features/train/normal/commercial_normal_less/000000073145_all__0.npy,Normal
Pistachio/VAD/vit-features/train/normal/commercial_normal_less/000000073145_all__1.npy,Normal
Pistachio/VAD/vit-features/train/normal/commercial_normal_less/000000073145_all__2.npy,Normal
Pistachio/VAD/vit-features/train/normal/commercial_normal_less/000000073145_all__3.npy,Normal
Pistachio/VAD/vit-features/train/normal/commercial_normal_less/000000073145_all__4.npy,Normal
Pistachio/VAD/vit-features/train/normal/commercial_normal_less/000000073145_all__5.npy,Normal
Pistachio/VAD/vit-features/train/normal/commercial_normal_less/000000073145_all__6.npy,Normal
Pistachio/VAD/vit-features/train/normal/commercial_normal_less/000000073145_all__7.npy,Normal
Pistachio/VAD/vit-features/train/normal/commercial_normal_less/000000073145_all__8.npy,Normal
Pistachio/VAD/vit-features/train/normal/commercial_normal_less/000000073145_all__9.npy,Normal
Pistachio/VAD/vit-features/train/normal/commercial_normal_less/000000073248_all__0.npy,Normal
Pistachio/VAD/vit-features/train/normal/commercial_normal_less/000000073248_all__1.npy,Normal
Pistachio/VAD/vit-features/train/normal/commercial_normal_less/000000073248_all__2.npy,Normal
Pistachio/VAD/vit-features/train/normal/commercial_normal_less/000000073248_all__3.npy,Normal
Pistachio/VAD/vit-features/train/normal/commercial_normal_less/000000073248_all__4.npy,Normal
Pistachio/VAD/vit-features/train/normal/commercial_normal_less/000000073248_all__5.npy,Normal
Pistachio/VAD/vit-features/train/normal/commercial_normal_less/000000073248_all__6.npy,Normal
Pistachio/VAD/vit-features/train/normal/commercial_normal_less/000000073248_all__7.npy,Normal
Pistachio/VAD/vit-features/train/normal/commercial_normal_less/000000073248_all__8.npy,Normal
Pistachio/VAD/vit-features/train/normal/commercial_normal_less/000000073248_all__9.npy,Normal
Pistachio/VAD/vit-features/train/normal/commercial_normal_less/000000073279_all__0.npy,Normal
Pistachio/VAD/vit-features/train/normal/commercial_normal_less/000000073279_all__1.npy,Normal
Pistachio/VAD/vit-features/train/normal/commercial_normal_less/000000073279_all__2.npy,Normal
Pistachio/VAD/vit-features/train/normal/commercial_normal_less/000000073279_all__3.npy,Normal
Pistachio/VAD/vit-features/train/normal/commercial_normal_less/000000073279_all__4.npy,Normal
Pistachio/VAD/vit-features/train/normal/commercial_normal_less/000000073279_all__5.npy,Normal
Pistachio/VAD/vit-features/train/normal/commercial_normal_less/000000073279_all__6.npy,Normal
Pistachio/VAD/vit-features/train/normal/commercial_normal_less/000000073279_all__7.npy,Normal
Pistachio/VAD/vit-features/train/normal/commercial_normal_less/000000073279_all__8.npy,Normal
Pistachio/VAD/vit-features/train/normal/commercial_normal_less/000000073279_all__9.npy,Normal
Pistachio/VAD/vit-features/train/normal/commercial_normal_less/000000073532_all__0.npy,Normal
Pistachio/VAD/vit-features/train/normal/commercial_normal_less/000000073532_all__1.npy,Normal
Pistachio/VAD/vit-features/train/normal/commercial_normal_less/000000073532_all__2.npy,Normal
Pistachio/VAD/vit-features/train/normal/commercial_normal_less/000000073532_all__3.npy,Normal
Pistachio/VAD/vit-features/train/normal/commercial_normal_less/000000073532_all__4.npy,Normal
Pistachio/VAD/vit-features/train/normal/commercial_normal_less/000000073532_all__5.npy,Normal
Pistachio/VAD/vit-features/train/normal/commercial_normal_less/000000073532_all__6.npy,Normal
Pistachio/VAD/vit-features/train/normal/commercial_normal_less/000000073532_all__7.npy,Normal
Pistachio/VAD/vit-features/train/normal/commercial_normal_less/000000073532_all__8.npy,Normal
Pistachio/VAD/vit-features/train/normal/commercial_normal_less/000000073532_all__9.npy,Normal
Pistachio/VAD/vit-features/train/normal/commercial_normal_less/000000073750_all__0.npy,Normal
Pistachio/VAD/vit-features/train/normal/commercial_normal_less/000000073750_all__1.npy,Normal
Pistachio/VAD/vit-features/train/normal/commercial_normal_less/000000073750_all__2.npy,Normal
Pistachio/VAD/vit-features/train/normal/commercial_normal_less/000000073750_all__3.npy,Normal
Pistachio/VAD/vit-features/train/normal/commercial_normal_less/000000073750_all__4.npy,Normal
Pistachio/VAD/vit-features/train/normal/commercial_normal_less/000000073750_all__5.npy,Normal
Pistachio/VAD/vit-features/train/normal/commercial_normal_less/000000073750_all__6.npy,Normal
Pistachio/VAD/vit-features/train/normal/commercial_normal_less/000000073750_all__7.npy,Normal
Pistachio/VAD/vit-features/train/normal/commercial_normal_less/000000073750_all__8.npy,Normal
Pistachio/VAD/vit-features/train/normal/commercial_normal_less/000000073750_all__9.npy,Normal
Pistachio/VAD/vit-features/train/normal/commercial_normal_less/000000073924_all__0.npy,Normal
Pistachio/VAD/vit-features/train/normal/commercial_normal_less/000000073924_all__1.npy,Normal
Pistachio/VAD/vit-features/train/normal/commercial_normal_less/000000073924_all__2.npy,Normal
Pistachio/VAD/vit-features/train/normal/commercial_normal_less/000000073924_all__3.npy,Normal
Pistachio/VAD/vit-features/train/normal/commercial_normal_less/000000073924_all__4.npy,Normal
Pistachio/VAD/vit-features/train/normal/commercial_normal_less/000000073924_all__5.npy,Normal
Pistachio/VAD/vit-features/train/normal/commercial_normal_less/000000073924_all__6.npy,Normal
Pistachio/VAD/vit-features/train/normal/commercial_normal_less/000000073924_all__7.npy,Normal
Pistachio/VAD/vit-features/train/normal/commercial_normal_less/000000073924_all__8.npy,Normal
Pistachio/VAD/vit-features/train/normal/commercial_normal_less/000000073924_all__9.npy,Normal
Pistachio/VAD/vit-features/train/normal/commercial_normal_less/000000073977_all__0.npy,Normal
Pistachio/VAD/vit-features/train/normal/commercial_normal_less/000000073977_all__1.npy,Normal
Pistachio/VAD/vit-features/train/normal/commercial_normal_less/000000073977_all__2.npy,Normal
Pistachio/VAD/vit-features/train/normal/commercial_normal_less/000000073977_all__3.npy,Normal
Pistachio/VAD/vit-features/train/normal/commercial_normal_less/000000073977_all__4.npy,Normal
Pistachio/VAD/vit-features/train/normal/commercial_normal_less/000000073977_all__5.npy,Normal
Pistachio/VAD/vit-features/train/normal/commercial_normal_less/000000073977_all__6.npy,Normal
Pistachio/VAD/vit-features/train/normal/commercial_normal_less/000000073977_all__7.npy,Normal
Pistachio/VAD/vit-features/train/normal/commercial_normal_less/000000073977_all__8.npy,Normal
Pistachio/VAD/vit-features/train/normal/commercial_normal_less/000000073977_all__9.npy,Normal
Pistachio/VAD/vit-features/train/normal/commercial_normal_less/000000074161_all__0.npy,Normal
Pistachio/VAD/vit-features/train/normal/commercial_normal_less/000000074161_all__1.npy,Normal
Pistachio/VAD/vit-features/train/normal/commercial_normal_less/000000074161_all__2.npy,Normal
Pistachio/VAD/vit-features/train/normal/commercial_normal_less/000000074161_all__3.npy,Normal
Pistachio/VAD/vit-features/train/normal/commercial_normal_less/000000074161_all__4.npy,Normal
Pistachio/VAD/vit-features/train/normal/commercial_normal_less/000000074161_all__5.npy,Normal
Pistachio/VAD/vit-features/train/normal/commercial_normal_less/000000074161_all__6.npy,Normal
Pistachio/VAD/vit-features/train/normal/commercial_normal_less/000000074161_all__7.npy,Normal
Pistachio/VAD/vit-features/train/normal/commercial_normal_less/000000074161_all__8.npy,Normal
Pistachio/VAD/vit-features/train/normal/commercial_normal_less/000000074161_all__9.npy,Normal
Pistachio/VAD/vit-features/train/normal/commercial_normal_less/000000074288_all__0.npy,Normal
Pistachio/VAD/vit-features/train/normal/commercial_normal_less/000000074288_all__1.npy,Normal
Pistachio/VAD/vit-features/train/normal/commercial_normal_less/000000074288_all__2.npy,Normal
Pistachio/VAD/vit-features/train/normal/commercial_normal_less/000000074288_all__3.npy,Normal
Pistachio/VAD/vit-features/train/normal/commercial_normal_less/000000074288_all__4.npy,Normal
Pistachio/VAD/vit-features/train/normal/commercial_normal_less/000000074288_all__5.npy,Normal
Pistachio/VAD/vit-features/train/normal/commercial_normal_less/000000074288_all__6.npy,Normal
Pistachio/VAD/vit-features/train/normal/commercial_normal_less/000000074288_all__7.npy,Normal
Pistachio/VAD/vit-features/train/normal/commercial_normal_less/000000074288_all__8.npy,Normal
Pistachio/VAD/vit-features/train/normal/commercial_normal_less/000000074288_all__9.npy,Normal
Pistachio/VAD/vit-features/train/normal/commercial_normal_less/000000074342_all__0.npy,Normal
Pistachio/VAD/vit-features/train/normal/commercial_normal_less/000000074342_all__1.npy,Normal
Pistachio/VAD/vit-features/train/normal/commercial_normal_less/000000074342_all__2.npy,Normal
Pistachio/VAD/vit-features/train/normal/commercial_normal_less/000000074342_all__3.npy,Normal
Pistachio/VAD/vit-features/train/normal/commercial_normal_less/000000074342_all__4.npy,Normal
Pistachio/VAD/vit-features/train/normal/commercial_normal_less/000000074342_all__5.npy,Normal
Pistachio/VAD/vit-features/train/normal/commercial_normal_less/000000074342_all__6.npy,Normal
Pistachio/VAD/vit-features/train/normal/commercial_normal_less/000000074342_all__7.npy,Normal
Pistachio/VAD/vit-features/train/normal/commercial_normal_less/000000074342_all__8.npy,Normal
Pistachio/VAD/vit-features/train/normal/commercial_normal_less/000000074342_all__9.npy,Normal
Pistachio/VAD/vit-features/train/normal/commercial_normal_less/000000074685_all__0.npy,Normal
Pistachio/VAD/vit-features/train/normal/commercial_normal_less/000000074685_all__1.npy,Normal
Pistachio/VAD/vit-features/train/normal/commercial_normal_less/000000074685_all__2.npy,Normal
Pistachio/VAD/vit-features/train/normal/commercial_normal_less/000000074685_all__3.npy,Normal
Pistachio/VAD/vit-features/train/normal/commercial_normal_less/000000074685_all__4.npy,Normal
Pistachio/VAD/vit-features/train/normal/commercial_normal_less/000000074685_all__5.npy,Normal
Pistachio/VAD/vit-features/train/normal/commercial_normal_less/000000074685_all__6.npy,Normal
Pistachio/VAD/vit-features/train/normal/commercial_normal_less/000000074685_all__7.npy,Normal
Pistachio/VAD/vit-features/train/normal/commercial_normal_less/000000074685_all__8.npy,Normal
Pistachio/VAD/vit-features/train/normal/commercial_normal_less/000000074685_all__9.npy,Normal
Pistachio/VAD/vit-features/train/normal/commercial_normal_less/000000075098_all__0.npy,Normal
Pistachio/VAD/vit-features/train/normal/commercial_normal_less/000000075098_all__1.npy,Normal
Pistachio/VAD/vit-features/train/normal/commercial_normal_less/000000075098_all__2.npy,Normal
Pistachio/VAD/vit-features/train/normal/commercial_normal_less/000000075098_all__3.npy,Normal
Pistachio/VAD/vit-features/train/normal/commercial_normal_less/000000075098_all__4.npy,Normal
Pistachio/VAD/vit-features/train/normal/commercial_normal_less/000000075098_all__5.npy,Normal
Pistachio/VAD/vit-features/train/normal/commercial_normal_less/000000075098_all__6.npy,Normal
Pistachio/VAD/vit-features/train/normal/commercial_normal_less/000000075098_all__7.npy,Normal
Pistachio/VAD/vit-features/train/normal/commercial_normal_less/000000075098_all__8.npy,Normal
Pistachio/VAD/vit-features/train/normal/commercial_normal_less/000000075098_all__9.npy,Normal
Pistachio/VAD/vit-features/train/normal/commercial_normal_less/000000075238_all__0.npy,Normal
Pistachio/VAD/vit-features/train/normal/commercial_normal_less/000000075238_all__1.npy,Normal
Pistachio/VAD/vit-features/train/normal/commercial_normal_less/000000075238_all__2.npy,Normal
Pistachio/VAD/vit-features/train/normal/commercial_normal_less/000000075238_all__3.npy,Normal
Pistachio/VAD/vit-features/train/normal/commercial_normal_less/000000075238_all__4.npy,Normal
Pistachio/VAD/vit-features/train/normal/commercial_normal_less/000000075238_all__5.npy,Normal
Pistachio/VAD/vit-features/train/normal/commercial_normal_less/000000075238_all__6.npy,Normal
Pistachio/VAD/vit-features/train/normal/commercial_normal_less/000000075238_all__7.npy,Normal
Pistachio/VAD/vit-features/train/normal/commercial_normal_less/000000075238_all__8.npy,Normal
Pistachio/VAD/vit-features/train/normal/commercial_normal_less/000000075238_all__9.npy,Normal
Pistachio/VAD/vit-features/train/normal/commercial_normal_less/000000075316_all__0.npy,Normal
Pistachio/VAD/vit-features/train/normal/commercial_normal_less/000000075316_all__1.npy,Normal
Pistachio/VAD/vit-features/train/normal/commercial_normal_less/000000075316_all__2.npy,Normal
Pistachio/VAD/vit-features/train/normal/commercial_normal_less/000000075316_all__3.npy,Normal
Pistachio/VAD/vit-features/train/normal/commercial_normal_less/000000075316_all__4.npy,Normal
Pistachio/VAD/vit-features/train/normal/commercial_normal_less/000000075316_all__5.npy,Normal
Pistachio/VAD/vit-features/train/normal/commercial_normal_less/000000075316_all__6.npy,Normal
Pistachio/VAD/vit-features/train/normal/commercial_normal_less/000000075316_all__7.npy,Normal
Pistachio/VAD/vit-features/train/normal/commercial_normal_less/000000075316_all__8.npy,Normal
Pistachio/VAD/vit-features/train/normal/commercial_normal_less/000000075316_all__9.npy,Normal
Pistachio/VAD/vit-features/train/normal/commercial_normal_less/000000075814_all__0.npy,Normal
Pistachio/VAD/vit-features/train/normal/commercial_normal_less/000000075814_all__1.npy,Normal
Pistachio/VAD/vit-features/train/normal/commercial_normal_less/000000075814_all__2.npy,Normal
Pistachio/VAD/vit-features/train/normal/commercial_normal_less/000000075814_all__3.npy,Normal
Pistachio/VAD/vit-features/train/normal/commercial_normal_less/000000075814_all__4.npy,Normal
Pistachio/VAD/vit-features/train/normal/commercial_normal_less/000000075814_all__5.npy,Normal
Pistachio/VAD/vit-features/train/normal/commercial_normal_less/000000075814_all__6.npy,Normal
Pistachio/VAD/vit-features/train/normal/commercial_normal_less/000000075814_all__7.npy,Normal
Pistachio/VAD/vit-features/train/normal/commercial_normal_less/000000075814_all__8.npy,Normal
Pistachio/VAD/vit-features/train/normal/commercial_normal_less/000000075814_all__9.npy,Normal
Pistachio/VAD/vit-features/train/normal/commercial_normal_less/000000076048_all__0.npy,Normal
Pistachio/VAD/vit-features/train/normal/commercial_normal_less/000000076048_all__1.npy,Normal
Pistachio/VAD/vit-features/train/normal/commercial_normal_less/000000076048_all__2.npy,Normal
Pistachio/VAD/vit-features/train/normal/commercial_normal_less/000000076048_all__3.npy,Normal
Pistachio/VAD/vit-features/train/normal/commercial_normal_less/000000076048_all__4.npy,Normal
Pistachio/VAD/vit-features/train/normal/commercial_normal_less/000000076048_all__5.npy,Normal
Pistachio/VAD/vit-features/train/normal/commercial_normal_less/000000076048_all__6.npy,Normal
Pistachio/VAD/vit-features/train/normal/commercial_normal_less/000000076048_all__7.npy,Normal
Pistachio/VAD/vit-features/train/normal/commercial_normal_less/000000076048_all__8.npy,Normal
Pistachio/VAD/vit-features/train/normal/commercial_normal_less/000000076048_all__9.npy,Normal
Pistachio/VAD/vit-features/train/normal/commercial_normal_less/000000076172_all__0.npy,Normal
Pistachio/VAD/vit-features/train/normal/commercial_normal_less/000000076172_all__1.npy,Normal
Pistachio/VAD/vit-features/train/normal/commercial_normal_less/000000076172_all__2.npy,Normal
Pistachio/VAD/vit-features/train/normal/commercial_normal_less/000000076172_all__3.npy,Normal
Pistachio/VAD/vit-features/train/normal/commercial_normal_less/000000076172_all__4.npy,Normal
Pistachio/VAD/vit-features/train/normal/commercial_normal_less/000000076172_all__5.npy,Normal
Pistachio/VAD/vit-features/train/normal/commercial_normal_less/000000076172_all__6.npy,Normal
Pistachio/VAD/vit-features/train/normal/commercial_normal_less/000000076172_all__7.npy,Normal
Pistachio/VAD/vit-features/train/normal/commercial_normal_less/000000076172_all__8.npy,Normal
Pistachio/VAD/vit-features/train/normal/commercial_normal_less/000000076172_all__9.npy,Normal
Pistachio/VAD/vit-features/train/normal/commercial_normal_less/000000076188_all__0.npy,Normal
Pistachio/VAD/vit-features/train/normal/commercial_normal_less/000000076188_all__1.npy,Normal
Pistachio/VAD/vit-features/train/normal/commercial_normal_less/000000076188_all__2.npy,Normal
Pistachio/VAD/vit-features/train/normal/commercial_normal_less/000000076188_all__3.npy,Normal
Pistachio/VAD/vit-features/train/normal/commercial_normal_less/000000076188_all__4.npy,Normal
Pistachio/VAD/vit-features/train/normal/commercial_normal_less/000000076188_all__5.npy,Normal
Pistachio/VAD/vit-features/train/normal/commercial_normal_less/000000076188_all__6.npy,Normal
Pistachio/VAD/vit-features/train/normal/commercial_normal_less/000000076188_all__7.npy,Normal
Pistachio/VAD/vit-features/train/normal/commercial_normal_less/000000076188_all__8.npy,Normal
Pistachio/VAD/vit-features/train/normal/commercial_normal_less/000000076188_all__9.npy,Normal
Pistachio/VAD/vit-features/train/normal/commercial_normal_less/000000076391_all__0.npy,Normal
Pistachio/VAD/vit-features/train/normal/commercial_normal_less/000000076391_all__1.npy,Normal
Pistachio/VAD/vit-features/train/normal/commercial_normal_less/000000076391_all__2.npy,Normal
Pistachio/VAD/vit-features/train/normal/commercial_normal_less/000000076391_all__3.npy,Normal
Pistachio/VAD/vit-features/train/normal/commercial_normal_less/000000076391_all__4.npy,Normal
Pistachio/VAD/vit-features/train/normal/commercial_normal_less/000000076391_all__5.npy,Normal
Pistachio/VAD/vit-features/train/normal/commercial_normal_less/000000076391_all__6.npy,Normal
Pistachio/VAD/vit-features/train/normal/commercial_normal_less/000000076391_all__7.npy,Normal
Pistachio/VAD/vit-features/train/normal/commercial_normal_less/000000076391_all__8.npy,Normal
Pistachio/VAD/vit-features/train/normal/commercial_normal_less/000000076391_all__9.npy,Normal
Pistachio/VAD/vit-features/train/normal/commercial_normal_less/000000076540_all__0.npy,Normal
Pistachio/VAD/vit-features/train/normal/commercial_normal_less/000000076540_all__1.npy,Normal
Pistachio/VAD/vit-features/train/normal/commercial_normal_less/000000076540_all__2.npy,Normal
Pistachio/VAD/vit-features/train/normal/commercial_normal_less/000000076540_all__3.npy,Normal
Pistachio/VAD/vit-features/train/normal/commercial_normal_less/000000076540_all__4.npy,Normal
Pistachio/VAD/vit-features/train/normal/commercial_normal_less/000000076540_all__5.npy,Normal
Pistachio/VAD/vit-features/train/normal/commercial_normal_less/000000076540_all__6.npy,Normal
Pistachio/VAD/vit-features/train/normal/commercial_normal_less/000000076540_all__7.npy,Normal
Pistachio/VAD/vit-features/train/normal/commercial_normal_less/000000076540_all__8.npy,Normal
Pistachio/VAD/vit-features/train/normal/commercial_normal_less/000000076540_all__9.npy,Normal
Pistachio/VAD/vit-features/train/normal/commercial_normal_less/000000076618_all__0.npy,Normal
Pistachio/VAD/vit-features/train/normal/commercial_normal_less/000000076618_all__1.npy,Normal
Pistachio/VAD/vit-features/train/normal/commercial_normal_less/000000076618_all__2.npy,Normal
Pistachio/VAD/vit-features/train/normal/commercial_normal_less/000000076618_all__3.npy,Normal
Pistachio/VAD/vit-features/train/normal/commercial_normal_less/000000076618_all__4.npy,Normal
Pistachio/VAD/vit-features/train/normal/commercial_normal_less/000000076618_all__5.npy,Normal
Pistachio/VAD/vit-features/train/normal/commercial_normal_less/000000076618_all__6.npy,Normal
Pistachio/VAD/vit-features/train/normal/commercial_normal_less/000000076618_all__7.npy,Normal
Pistachio/VAD/vit-features/train/normal/commercial_normal_less/000000076618_all__8.npy,Normal
Pistachio/VAD/vit-features/train/normal/commercial_normal_less/000000076618_all__9.npy,Normal
Pistachio/VAD/vit-features/train/normal/commercial_normal_less/000000076706_all__0.npy,Normal
Pistachio/VAD/vit-features/train/normal/commercial_normal_less/000000076706_all__1.npy,Normal
Pistachio/VAD/vit-features/train/normal/commercial_normal_less/000000076706_all__2.npy,Normal
Pistachio/VAD/vit-features/train/normal/commercial_normal_less/000000076706_all__3.npy,Normal
Pistachio/VAD/vit-features/train/normal/commercial_normal_less/000000076706_all__4.npy,Normal
Pistachio/VAD/vit-features/train/normal/commercial_normal_less/000000076706_all__5.npy,Normal
Pistachio/VAD/vit-features/train/normal/commercial_normal_less/000000076706_all__6.npy,Normal
Pistachio/VAD/vit-features/train/normal/commercial_normal_less/000000076706_all__7.npy,Normal
Pistachio/VAD/vit-features/train/normal/commercial_normal_less/000000076706_all__8.npy,Normal
Pistachio/VAD/vit-features/train/normal/commercial_normal_less/000000076706_all__9.npy,Normal
Pistachio/VAD/vit-features/train/normal/commercial_normal_less/000000076727_all__0.npy,Normal
Pistachio/VAD/vit-features/train/normal/commercial_normal_less/000000076727_all__1.npy,Normal
Pistachio/VAD/vit-features/train/normal/commercial_normal_less/000000076727_all__2.npy,Normal
Pistachio/VAD/vit-features/train/normal/commercial_normal_less/000000076727_all__3.npy,Normal
Pistachio/VAD/vit-features/train/normal/commercial_normal_less/000000076727_all__4.npy,Normal
Pistachio/VAD/vit-features/train/normal/commercial_normal_less/000000076727_all__5.npy,Normal
Pistachio/VAD/vit-features/train/normal/commercial_normal_less/000000076727_all__6.npy,Normal
Pistachio/VAD/vit-features/train/normal/commercial_normal_less/000000076727_all__7.npy,Normal
Pistachio/VAD/vit-features/train/normal/commercial_normal_less/000000076727_all__8.npy,Normal
Pistachio/VAD/vit-features/train/normal/commercial_normal_less/000000076727_all__9.npy,Normal
Pistachio/VAD/vit-features/train/normal/commercial_normal_less/000000076859_all__0.npy,Normal
Pistachio/VAD/vit-features/train/normal/commercial_normal_less/000000076859_all__1.npy,Normal
Pistachio/VAD/vit-features/train/normal/commercial_normal_less/000000076859_all__2.npy,Normal
Pistachio/VAD/vit-features/train/normal/commercial_normal_less/000000076859_all__3.npy,Normal
Pistachio/VAD/vit-features/train/normal/commercial_normal_less/000000076859_all__4.npy,Normal
Pistachio/VAD/vit-features/train/normal/commercial_normal_less/000000076859_all__5.npy,Normal
Pistachio/VAD/vit-features/train/normal/commercial_normal_less/000000076859_all__6.npy,Normal
Pistachio/VAD/vit-features/train/normal/commercial_normal_less/000000076859_all__7.npy,Normal
Pistachio/VAD/vit-features/train/normal/commercial_normal_less/000000076859_all__8.npy,Normal
Pistachio/VAD/vit-features/train/normal/commercial_normal_less/000000076859_all__9.npy,Normal
Pistachio/VAD/vit-features/train/normal/commercial_normal_less/000000076969_all__0.npy,Normal
Pistachio/VAD/vit-features/train/normal/commercial_normal_less/000000076969_all__1.npy,Normal
Pistachio/VAD/vit-features/train/normal/commercial_normal_less/000000076969_all__2.npy,Normal
Pistachio/VAD/vit-features/train/normal/commercial_normal_less/000000076969_all__3.npy,Normal
Pistachio/VAD/vit-features/train/normal/commercial_normal_less/000000076969_all__4.npy,Normal
Pistachio/VAD/vit-features/train/normal/commercial_normal_less/000000076969_all__5.npy,Normal
Pistachio/VAD/vit-features/train/normal/commercial_normal_less/000000076969_all__6.npy,Normal
Pistachio/VAD/vit-features/train/normal/commercial_normal_less/000000076969_all__7.npy,Normal
Pistachio/VAD/vit-features/train/normal/commercial_normal_less/000000076969_all__8.npy,Normal
Pistachio/VAD/vit-features/train/normal/commercial_normal_less/000000076969_all__9.npy,Normal
Pistachio/VAD/vit-features/train/normal/commercial_normal_less/000000077295_all__0.npy,Normal
Pistachio/VAD/vit-features/train/normal/commercial_normal_less/000000077295_all__1.npy,Normal
Pistachio/VAD/vit-features/train/normal/commercial_normal_less/000000077295_all__2.npy,Normal
Pistachio/VAD/vit-features/train/normal/commercial_normal_less/000000077295_all__3.npy,Normal
Pistachio/VAD/vit-features/train/normal/commercial_normal_less/000000077295_all__4.npy,Normal
Pistachio/VAD/vit-features/train/normal/commercial_normal_less/000000077295_all__5.npy,Normal
Pistachio/VAD/vit-features/train/normal/commercial_normal_less/000000077295_all__6.npy,Normal
Pistachio/VAD/vit-features/train/normal/commercial_normal_less/000000077295_all__7.npy,Normal
Pistachio/VAD/vit-features/train/normal/commercial_normal_less/000000077295_all__8.npy,Normal
Pistachio/VAD/vit-features/train/normal/commercial_normal_less/000000077295_all__9.npy,Normal
Pistachio/VAD/vit-features/train/normal/commercial_normal_less/000000077321_all__0.npy,Normal
Pistachio/VAD/vit-features/train/normal/commercial_normal_less/000000077321_all__1.npy,Normal
Pistachio/VAD/vit-features/train/normal/commercial_normal_less/000000077321_all__2.npy,Normal
Pistachio/VAD/vit-features/train/normal/commercial_normal_less/000000077321_all__3.npy,Normal
Pistachio/VAD/vit-features/train/normal/commercial_normal_less/000000077321_all__4.npy,Normal
Pistachio/VAD/vit-features/train/normal/commercial_normal_less/000000077321_all__5.npy,Normal
Pistachio/VAD/vit-features/train/normal/commercial_normal_less/000000077321_all__6.npy,Normal
Pistachio/VAD/vit-features/train/normal/commercial_normal_less/000000077321_all__7.npy,Normal
Pistachio/VAD/vit-features/train/normal/commercial_normal_less/000000077321_all__8.npy,Normal
Pistachio/VAD/vit-features/train/normal/commercial_normal_less/000000077321_all__9.npy,Normal
Pistachio/VAD/vit-features/train/normal/commercial_normal_less/000000077322_all__0.npy,Normal
Pistachio/VAD/vit-features/train/normal/commercial_normal_less/000000077322_all__1.npy,Normal
Pistachio/VAD/vit-features/train/normal/commercial_normal_less/000000077322_all__2.npy,Normal
Pistachio/VAD/vit-features/train/normal/commercial_normal_less/000000077322_all__3.npy,Normal
Pistachio/VAD/vit-features/train/normal/commercial_normal_less/000000077322_all__4.npy,Normal
Pistachio/VAD/vit-features/train/normal/commercial_normal_less/000000077322_all__5.npy,Normal
Pistachio/VAD/vit-features/train/normal/commercial_normal_less/000000077322_all__6.npy,Normal
Pistachio/VAD/vit-features/train/normal/commercial_normal_less/000000077322_all__7.npy,Normal
Pistachio/VAD/vit-features/train/normal/commercial_normal_less/000000077322_all__8.npy,Normal
Pistachio/VAD/vit-features/train/normal/commercial_normal_less/000000077322_all__9.npy,Normal
Pistachio/VAD/vit-features/train/normal/commercial_normal_less/000000077410_all__0.npy,Normal
Pistachio/VAD/vit-features/train/normal/commercial_normal_less/000000077410_all__1.npy,Normal
Pistachio/VAD/vit-features/train/normal/commercial_normal_less/000000077410_all__2.npy,Normal
Pistachio/VAD/vit-features/train/normal/commercial_normal_less/000000077410_all__3.npy,Normal
Pistachio/VAD/vit-features/train/normal/commercial_normal_less/000000077410_all__4.npy,Normal
Pistachio/VAD/vit-features/train/normal/commercial_normal_less/000000077410_all__5.npy,Normal
Pistachio/VAD/vit-features/train/normal/commercial_normal_less/000000077410_all__6.npy,Normal
Pistachio/VAD/vit-features/train/normal/commercial_normal_less/000000077410_all__7.npy,Normal
Pistachio/VAD/vit-features/train/normal/commercial_normal_less/000000077410_all__8.npy,Normal
Pistachio/VAD/vit-features/train/normal/commercial_normal_less/000000077410_all__9.npy,Normal
Pistachio/VAD/vit-features/train/normal/commercial_normal_less/000000077670_all__0.npy,Normal
Pistachio/VAD/vit-features/train/normal/commercial_normal_less/000000077670_all__1.npy,Normal
Pistachio/VAD/vit-features/train/normal/commercial_normal_less/000000077670_all__2.npy,Normal
Pistachio/VAD/vit-features/train/normal/commercial_normal_less/000000077670_all__3.npy,Normal
Pistachio/VAD/vit-features/train/normal/commercial_normal_less/000000077670_all__4.npy,Normal
Pistachio/VAD/vit-features/train/normal/commercial_normal_less/000000077670_all__5.npy,Normal
Pistachio/VAD/vit-features/train/normal/commercial_normal_less/000000077670_all__6.npy,Normal
Pistachio/VAD/vit-features/train/normal/commercial_normal_less/000000077670_all__7.npy,Normal
Pistachio/VAD/vit-features/train/normal/commercial_normal_less/000000077670_all__8.npy,Normal
Pistachio/VAD/vit-features/train/normal/commercial_normal_less/000000077670_all__9.npy,Normal
Pistachio/VAD/vit-features/train/normal/commercial_normal_less/000000077678_all__0.npy,Normal
Pistachio/VAD/vit-features/train/normal/commercial_normal_less/000000077678_all__1.npy,Normal
Pistachio/VAD/vit-features/train/normal/commercial_normal_less/000000077678_all__2.npy,Normal
Pistachio/VAD/vit-features/train/normal/commercial_normal_less/000000077678_all__3.npy,Normal
Pistachio/VAD/vit-features/train/normal/commercial_normal_less/000000077678_all__4.npy,Normal
Pistachio/VAD/vit-features/train/normal/commercial_normal_less/000000077678_all__5.npy,Normal
Pistachio/VAD/vit-features/train/normal/commercial_normal_less/000000077678_all__6.npy,Normal
Pistachio/VAD/vit-features/train/normal/commercial_normal_less/000000077678_all__7.npy,Normal
Pistachio/VAD/vit-features/train/normal/commercial_normal_less/000000077678_all__8.npy,Normal
Pistachio/VAD/vit-features/train/normal/commercial_normal_less/000000077678_all__9.npy,Normal
Pistachio/VAD/vit-features/train/normal/commercial_normal_less/000000077876_all__0.npy,Normal
Pistachio/VAD/vit-features/train/normal/commercial_normal_less/000000077876_all__1.npy,Normal
Pistachio/VAD/vit-features/train/normal/commercial_normal_less/000000077876_all__2.npy,Normal
Pistachio/VAD/vit-features/train/normal/commercial_normal_less/000000077876_all__3.npy,Normal
Pistachio/VAD/vit-features/train/normal/commercial_normal_less/000000077876_all__4.npy,Normal
Pistachio/VAD/vit-features/train/normal/commercial_normal_less/000000077876_all__5.npy,Normal
Pistachio/VAD/vit-features/train/normal/commercial_normal_less/000000077876_all__6.npy,Normal
Pistachio/VAD/vit-features/train/normal/commercial_normal_less/000000077876_all__7.npy,Normal
Pistachio/VAD/vit-features/train/normal/commercial_normal_less/000000077876_all__8.npy,Normal
Pistachio/VAD/vit-features/train/normal/commercial_normal_less/000000077876_all__9.npy,Normal
Pistachio/VAD/vit-features/train/normal/commercial_normal_less/000000077927_all__0.npy,Normal
Pistachio/VAD/vit-features/train/normal/commercial_normal_less/000000077927_all__1.npy,Normal
Pistachio/VAD/vit-features/train/normal/commercial_normal_less/000000077927_all__2.npy,Normal
Pistachio/VAD/vit-features/train/normal/commercial_normal_less/000000077927_all__3.npy,Normal
Pistachio/VAD/vit-features/train/normal/commercial_normal_less/000000077927_all__4.npy,Normal
Pistachio/VAD/vit-features/train/normal/commercial_normal_less/000000077927_all__5.npy,Normal
Pistachio/VAD/vit-features/train/normal/commercial_normal_less/000000077927_all__6.npy,Normal
Pistachio/VAD/vit-features/train/normal/commercial_normal_less/000000077927_all__7.npy,Normal
Pistachio/VAD/vit-features/train/normal/commercial_normal_less/000000077927_all__8.npy,Normal
Pistachio/VAD/vit-features/train/normal/commercial_normal_less/000000077927_all__9.npy,Normal
Pistachio/VAD/vit-features/train/normal/commercial_normal_less/000000078022_all__0.npy,Normal
Pistachio/VAD/vit-features/train/normal/commercial_normal_less/000000078022_all__1.npy,Normal
Pistachio/VAD/vit-features/train/normal/commercial_normal_less/000000078022_all__2.npy,Normal
Pistachio/VAD/vit-features/train/normal/commercial_normal_less/000000078022_all__3.npy,Normal
Pistachio/VAD/vit-features/train/normal/commercial_normal_less/000000078022_all__4.npy,Normal
Pistachio/VAD/vit-features/train/normal/commercial_normal_less/000000078022_all__5.npy,Normal
Pistachio/VAD/vit-features/train/normal/commercial_normal_less/000000078022_all__6.npy,Normal
Pistachio/VAD/vit-features/train/normal/commercial_normal_less/000000078022_all__7.npy,Normal
Pistachio/VAD/vit-features/train/normal/commercial_normal_less/000000078022_all__8.npy,Normal
Pistachio/VAD/vit-features/train/normal/commercial_normal_less/000000078022_all__9.npy,Normal
Pistachio/VAD/vit-features/train/normal/commercial_normal_less/000000078155_all__0.npy,Normal
Pistachio/VAD/vit-features/train/normal/commercial_normal_less/000000078155_all__1.npy,Normal
Pistachio/VAD/vit-features/train/normal/commercial_normal_less/000000078155_all__2.npy,Normal
Pistachio/VAD/vit-features/train/normal/commercial_normal_less/000000078155_all__3.npy,Normal
Pistachio/VAD/vit-features/train/normal/commercial_normal_less/000000078155_all__4.npy,Normal
Pistachio/VAD/vit-features/train/normal/commercial_normal_less/000000078155_all__5.npy,Normal
Pistachio/VAD/vit-features/train/normal/commercial_normal_less/000000078155_all__6.npy,Normal
Pistachio/VAD/vit-features/train/normal/commercial_normal_less/000000078155_all__7.npy,Normal
Pistachio/VAD/vit-features/train/normal/commercial_normal_less/000000078155_all__8.npy,Normal
Pistachio/VAD/vit-features/train/normal/commercial_normal_less/000000078155_all__9.npy,Normal
Pistachio/VAD/vit-features/train/normal/commercial_normal_less/000000078272_all__0.npy,Normal
Pistachio/VAD/vit-features/train/normal/commercial_normal_less/000000078272_all__1.npy,Normal
Pistachio/VAD/vit-features/train/normal/commercial_normal_less/000000078272_all__2.npy,Normal
Pistachio/VAD/vit-features/train/normal/commercial_normal_less/000000078272_all__3.npy,Normal
Pistachio/VAD/vit-features/train/normal/commercial_normal_less/000000078272_all__4.npy,Normal
Pistachio/VAD/vit-features/train/normal/commercial_normal_less/000000078272_all__5.npy,Normal
Pistachio/VAD/vit-features/train/normal/commercial_normal_less/000000078272_all__6.npy,Normal
Pistachio/VAD/vit-features/train/normal/commercial_normal_less/000000078272_all__7.npy,Normal
Pistachio/VAD/vit-features/train/normal/commercial_normal_less/000000078272_all__8.npy,Normal
Pistachio/VAD/vit-features/train/normal/commercial_normal_less/000000078272_all__9.npy,Normal
Pistachio/VAD/vit-features/train/normal/commercial_normal_less/000000078523_all__0.npy,Normal
Pistachio/VAD/vit-features/train/normal/commercial_normal_less/000000078523_all__1.npy,Normal
Pistachio/VAD/vit-features/train/normal/commercial_normal_less/000000078523_all__2.npy,Normal
Pistachio/VAD/vit-features/train/normal/commercial_normal_less/000000078523_all__3.npy,Normal
Pistachio/VAD/vit-features/train/normal/commercial_normal_less/000000078523_all__4.npy,Normal
Pistachio/VAD/vit-features/train/normal/commercial_normal_less/000000078523_all__5.npy,Normal
Pistachio/VAD/vit-features/train/normal/commercial_normal_less/000000078523_all__6.npy,Normal
Pistachio/VAD/vit-features/train/normal/commercial_normal_less/000000078523_all__7.npy,Normal
Pistachio/VAD/vit-features/train/normal/commercial_normal_less/000000078523_all__8.npy,Normal
Pistachio/VAD/vit-features/train/normal/commercial_normal_less/000000078523_all__9.npy,Normal
Pistachio/VAD/vit-features/train/normal/commercial_normal_less/000000078545_all__0.npy,Normal
Pistachio/VAD/vit-features/train/normal/commercial_normal_less/000000078545_all__1.npy,Normal
Pistachio/VAD/vit-features/train/normal/commercial_normal_less/000000078545_all__2.npy,Normal
Pistachio/VAD/vit-features/train/normal/commercial_normal_less/000000078545_all__3.npy,Normal
Pistachio/VAD/vit-features/train/normal/commercial_normal_less/000000078545_all__4.npy,Normal
Pistachio/VAD/vit-features/train/normal/commercial_normal_less/000000078545_all__5.npy,Normal
Pistachio/VAD/vit-features/train/normal/commercial_normal_less/000000078545_all__6.npy,Normal
Pistachio/VAD/vit-features/train/normal/commercial_normal_less/000000078545_all__7.npy,Normal
Pistachio/VAD/vit-features/train/normal/commercial_normal_less/000000078545_all__8.npy,Normal
Pistachio/VAD/vit-features/train/normal/commercial_normal_less/000000078545_all__9.npy,Normal
Pistachio/VAD/vit-features/train/normal/commercial_normal_less/000000078722_all__0.npy,Normal
Pistachio/VAD/vit-features/train/normal/commercial_normal_less/000000078722_all__1.npy,Normal
Pistachio/VAD/vit-features/train/normal/commercial_normal_less/000000078722_all__2.npy,Normal
Pistachio/VAD/vit-features/train/normal/commercial_normal_less/000000078722_all__3.npy,Normal
Pistachio/VAD/vit-features/train/normal/commercial_normal_less/000000078722_all__4.npy,Normal
Pistachio/VAD/vit-features/train/normal/commercial_normal_less/000000078722_all__5.npy,Normal
Pistachio/VAD/vit-features/train/normal/commercial_normal_less/000000078722_all__6.npy,Normal
Pistachio/VAD/vit-features/train/normal/commercial_normal_less/000000078722_all__7.npy,Normal
Pistachio/VAD/vit-features/train/normal/commercial_normal_less/000000078722_all__8.npy,Normal
Pistachio/VAD/vit-features/train/normal/commercial_normal_less/000000078722_all__9.npy,Normal
Pistachio/VAD/vit-features/train/normal/commercial_normal_less/000000078991_all__0.npy,Normal
Pistachio/VAD/vit-features/train/normal/commercial_normal_less/000000078991_all__1.npy,Normal
Pistachio/VAD/vit-features/train/normal/commercial_normal_less/000000078991_all__2.npy,Normal
Pistachio/VAD/vit-features/train/normal/commercial_normal_less/000000078991_all__3.npy,Normal
Pistachio/VAD/vit-features/train/normal/commercial_normal_less/000000078991_all__4.npy,Normal
Pistachio/VAD/vit-features/train/normal/commercial_normal_less/000000078991_all__5.npy,Normal
Pistachio/VAD/vit-features/train/normal/commercial_normal_less/000000078991_all__6.npy,Normal
Pistachio/VAD/vit-features/train/normal/commercial_normal_less/000000078991_all__7.npy,Normal
Pistachio/VAD/vit-features/train/normal/commercial_normal_less/000000078991_all__8.npy,Normal
Pistachio/VAD/vit-features/train/normal/commercial_normal_less/000000078991_all__9.npy,Normal
Pistachio/VAD/vit-features/train/normal/commercial_normal_less/000000079063_all__0.npy,Normal
Pistachio/VAD/vit-features/train/normal/commercial_normal_less/000000079063_all__1.npy,Normal
Pistachio/VAD/vit-features/train/normal/commercial_normal_less/000000079063_all__2.npy,Normal
Pistachio/VAD/vit-features/train/normal/commercial_normal_less/000000079063_all__3.npy,Normal
Pistachio/VAD/vit-features/train/normal/commercial_normal_less/000000079063_all__4.npy,Normal
Pistachio/VAD/vit-features/train/normal/commercial_normal_less/000000079063_all__5.npy,Normal
Pistachio/VAD/vit-features/train/normal/commercial_normal_less/000000079063_all__6.npy,Normal
Pistachio/VAD/vit-features/train/normal/commercial_normal_less/000000079063_all__7.npy,Normal
Pistachio/VAD/vit-features/train/normal/commercial_normal_less/000000079063_all__8.npy,Normal
Pistachio/VAD/vit-features/train/normal/commercial_normal_less/000000079063_all__9.npy,Normal
Pistachio/VAD/vit-features/train/normal/commercial_normal_less/000000079109_all__0.npy,Normal
Pistachio/VAD/vit-features/train/normal/commercial_normal_less/000000079109_all__1.npy,Normal
Pistachio/VAD/vit-features/train/normal/commercial_normal_less/000000079109_all__2.npy,Normal
Pistachio/VAD/vit-features/train/normal/commercial_normal_less/000000079109_all__3.npy,Normal
Pistachio/VAD/vit-features/train/normal/commercial_normal_less/000000079109_all__4.npy,Normal
Pistachio/VAD/vit-features/train/normal/commercial_normal_less/000000079109_all__5.npy,Normal
Pistachio/VAD/vit-features/train/normal/commercial_normal_less/000000079109_all__6.npy,Normal
Pistachio/VAD/vit-features/train/normal/commercial_normal_less/000000079109_all__7.npy,Normal
Pistachio/VAD/vit-features/train/normal/commercial_normal_less/000000079109_all__8.npy,Normal
Pistachio/VAD/vit-features/train/normal/commercial_normal_less/000000079109_all__9.npy,Normal
Pistachio/VAD/vit-features/train/normal/commercial_normal_less/000000079372_all__0.npy,Normal
Pistachio/VAD/vit-features/train/normal/commercial_normal_less/000000079372_all__1.npy,Normal
Pistachio/VAD/vit-features/train/normal/commercial_normal_less/000000079372_all__2.npy,Normal
Pistachio/VAD/vit-features/train/normal/commercial_normal_less/000000079372_all__3.npy,Normal
Pistachio/VAD/vit-features/train/normal/commercial_normal_less/000000079372_all__4.npy,Normal
Pistachio/VAD/vit-features/train/normal/commercial_normal_less/000000079372_all__5.npy,Normal
Pistachio/VAD/vit-features/train/normal/commercial_normal_less/000000079372_all__6.npy,Normal
Pistachio/VAD/vit-features/train/normal/commercial_normal_less/000000079372_all__7.npy,Normal
Pistachio/VAD/vit-features/train/normal/commercial_normal_less/000000079372_all__8.npy,Normal
Pistachio/VAD/vit-features/train/normal/commercial_normal_less/000000079372_all__9.npy,Normal
Pistachio/VAD/vit-features/train/normal/commercial_normal_less/000000079467_all__0.npy,Normal
Pistachio/VAD/vit-features/train/normal/commercial_normal_less/000000079467_all__1.npy,Normal
Pistachio/VAD/vit-features/train/normal/commercial_normal_less/000000079467_all__2.npy,Normal
Pistachio/VAD/vit-features/train/normal/commercial_normal_less/000000079467_all__3.npy,Normal
Pistachio/VAD/vit-features/train/normal/commercial_normal_less/000000079467_all__4.npy,Normal
Pistachio/VAD/vit-features/train/normal/commercial_normal_less/000000079467_all__5.npy,Normal
Pistachio/VAD/vit-features/train/normal/commercial_normal_less/000000079467_all__6.npy,Normal
Pistachio/VAD/vit-features/train/normal/commercial_normal_less/000000079467_all__7.npy,Normal
Pistachio/VAD/vit-features/train/normal/commercial_normal_less/000000079467_all__8.npy,Normal
Pistachio/VAD/vit-features/train/normal/commercial_normal_less/000000079467_all__9.npy,Normal
Pistachio/VAD/vit-features/train/normal/commercial_normal_less/000000079468_all__0.npy,Normal
Pistachio/VAD/vit-features/train/normal/commercial_normal_less/000000079468_all__1.npy,Normal
Pistachio/VAD/vit-features/train/normal/commercial_normal_less/000000079468_all__2.npy,Normal
Pistachio/VAD/vit-features/train/normal/commercial_normal_less/000000079468_all__3.npy,Normal
Pistachio/VAD/vit-features/train/normal/commercial_normal_less/000000079468_all__4.npy,Normal
Pistachio/VAD/vit-features/train/normal/commercial_normal_less/000000079468_all__5.npy,Normal
Pistachio/VAD/vit-features/train/normal/commercial_normal_less/000000079468_all__6.npy,Normal
Pistachio/VAD/vit-features/train/normal/commercial_normal_less/000000079468_all__7.npy,Normal
Pistachio/VAD/vit-features/train/normal/commercial_normal_less/000000079468_all__8.npy,Normal
Pistachio/VAD/vit-features/train/normal/commercial_normal_less/000000079468_all__9.npy,Normal
Pistachio/VAD/vit-features/train/normal/commercial_normal_less/000000079692_all__0.npy,Normal
Pistachio/VAD/vit-features/train/normal/commercial_normal_less/000000079692_all__1.npy,Normal
Pistachio/VAD/vit-features/train/normal/commercial_normal_less/000000079692_all__2.npy,Normal
Pistachio/VAD/vit-features/train/normal/commercial_normal_less/000000079692_all__3.npy,Normal
Pistachio/VAD/vit-features/train/normal/commercial_normal_less/000000079692_all__4.npy,Normal
Pistachio/VAD/vit-features/train/normal/commercial_normal_less/000000079692_all__5.npy,Normal
Pistachio/VAD/vit-features/train/normal/commercial_normal_less/000000079692_all__6.npy,Normal
Pistachio/VAD/vit-features/train/normal/commercial_normal_less/000000079692_all__7.npy,Normal
Pistachio/VAD/vit-features/train/normal/commercial_normal_less/000000079692_all__8.npy,Normal
Pistachio/VAD/vit-features/train/normal/commercial_normal_less/000000079692_all__9.npy,Normal
Pistachio/VAD/vit-features/train/normal/commercial_normal_less/000000079780_all__0.npy,Normal
Pistachio/VAD/vit-features/train/normal/commercial_normal_less/000000079780_all__1.npy,Normal
Pistachio/VAD/vit-features/train/normal/commercial_normal_less/000000079780_all__2.npy,Normal
Pistachio/VAD/vit-features/train/normal/commercial_normal_less/000000079780_all__3.npy,Normal
Pistachio/VAD/vit-features/train/normal/commercial_normal_less/000000079780_all__4.npy,Normal
Pistachio/VAD/vit-features/train/normal/commercial_normal_less/000000079780_all__5.npy,Normal
Pistachio/VAD/vit-features/train/normal/commercial_normal_less/000000079780_all__6.npy,Normal
Pistachio/VAD/vit-features/train/normal/commercial_normal_less/000000079780_all__7.npy,Normal
Pistachio/VAD/vit-features/train/normal/commercial_normal_less/000000079780_all__8.npy,Normal
Pistachio/VAD/vit-features/train/normal/commercial_normal_less/000000079780_all__9.npy,Normal
Pistachio/VAD/vit-features/train/normal/commercial_normal_less/000000079811_all__0.npy,Normal
Pistachio/VAD/vit-features/train/normal/commercial_normal_less/000000079811_all__1.npy,Normal
Pistachio/VAD/vit-features/train/normal/commercial_normal_less/000000079811_all__2.npy,Normal
Pistachio/VAD/vit-features/train/normal/commercial_normal_less/000000079811_all__3.npy,Normal
Pistachio/VAD/vit-features/train/normal/commercial_normal_less/000000079811_all__4.npy,Normal
Pistachio/VAD/vit-features/train/normal/commercial_normal_less/000000079811_all__5.npy,Normal
Pistachio/VAD/vit-features/train/normal/commercial_normal_less/000000079811_all__6.npy,Normal
Pistachio/VAD/vit-features/train/normal/commercial_normal_less/000000079811_all__7.npy,Normal
Pistachio/VAD/vit-features/train/normal/commercial_normal_less/000000079811_all__8.npy,Normal
Pistachio/VAD/vit-features/train/normal/commercial_normal_less/000000079811_all__9.npy,Normal
Pistachio/VAD/vit-features/train/normal/commercial_normal_less/000000079894_all__0.npy,Normal
Pistachio/VAD/vit-features/train/normal/commercial_normal_less/000000079894_all__1.npy,Normal
Pistachio/VAD/vit-features/train/normal/commercial_normal_less/000000079894_all__2.npy,Normal
Pistachio/VAD/vit-features/train/normal/commercial_normal_less/000000079894_all__3.npy,Normal
Pistachio/VAD/vit-features/train/normal/commercial_normal_less/000000079894_all__4.npy,Normal
Pistachio/VAD/vit-features/train/normal/commercial_normal_less/000000079894_all__5.npy,Normal
Pistachio/VAD/vit-features/train/normal/commercial_normal_less/000000079894_all__6.npy,Normal
Pistachio/VAD/vit-features/train/normal/commercial_normal_less/000000079894_all__7.npy,Normal
Pistachio/VAD/vit-features/train/normal/commercial_normal_less/000000079894_all__8.npy,Normal
Pistachio/VAD/vit-features/train/normal/commercial_normal_less/000000079894_all__9.npy,Normal
Pistachio/VAD/vit-features/train/normal/commercial_normal_less/000000079916_all__0.npy,Normal
Pistachio/VAD/vit-features/train/normal/commercial_normal_less/000000079916_all__1.npy,Normal
Pistachio/VAD/vit-features/train/normal/commercial_normal_less/000000079916_all__2.npy,Normal
Pistachio/VAD/vit-features/train/normal/commercial_normal_less/000000079916_all__3.npy,Normal
Pistachio/VAD/vit-features/train/normal/commercial_normal_less/000000079916_all__4.npy,Normal
Pistachio/VAD/vit-features/train/normal/commercial_normal_less/000000079916_all__5.npy,Normal
Pistachio/VAD/vit-features/train/normal/commercial_normal_less/000000079916_all__6.npy,Normal
Pistachio/VAD/vit-features/train/normal/commercial_normal_less/000000079916_all__7.npy,Normal
Pistachio/VAD/vit-features/train/normal/commercial_normal_less/000000079916_all__8.npy,Normal
Pistachio/VAD/vit-features/train/normal/commercial_normal_less/000000079916_all__9.npy,Normal
Pistachio/VAD/vit-features/train/normal/commercial_normal_less/000000080292_all__0.npy,Normal
Pistachio/VAD/vit-features/train/normal/commercial_normal_less/000000080292_all__1.npy,Normal
Pistachio/VAD/vit-features/train/normal/commercial_normal_less/000000080292_all__2.npy,Normal
Pistachio/VAD/vit-features/train/normal/commercial_normal_less/000000080292_all__3.npy,Normal
Pistachio/VAD/vit-features/train/normal/commercial_normal_less/000000080292_all__4.npy,Normal
Pistachio/VAD/vit-features/train/normal/commercial_normal_less/000000080292_all__5.npy,Normal
Pistachio/VAD/vit-features/train/normal/commercial_normal_less/000000080292_all__6.npy,Normal
Pistachio/VAD/vit-features/train/normal/commercial_normal_less/000000080292_all__7.npy,Normal
Pistachio/VAD/vit-features/train/normal/commercial_normal_less/000000080292_all__8.npy,Normal
Pistachio/VAD/vit-features/train/normal/commercial_normal_less/000000080292_all__9.npy,Normal
Pistachio/VAD/vit-features/train/normal/commercial_normal_less/000000080499_all__0.npy,Normal
Pistachio/VAD/vit-features/train/normal/commercial_normal_less/000000080499_all__1.npy,Normal
Pistachio/VAD/vit-features/train/normal/commercial_normal_less/000000080499_all__2.npy,Normal
Pistachio/VAD/vit-features/train/normal/commercial_normal_less/000000080499_all__3.npy,Normal
Pistachio/VAD/vit-features/train/normal/commercial_normal_less/000000080499_all__4.npy,Normal
Pistachio/VAD/vit-features/train/normal/commercial_normal_less/000000080499_all__5.npy,Normal
Pistachio/VAD/vit-features/train/normal/commercial_normal_less/000000080499_all__6.npy,Normal
Pistachio/VAD/vit-features/train/normal/commercial_normal_less/000000080499_all__7.npy,Normal
Pistachio/VAD/vit-features/train/normal/commercial_normal_less/000000080499_all__8.npy,Normal
Pistachio/VAD/vit-features/train/normal/commercial_normal_less/000000080499_all__9.npy,Normal
Pistachio/VAD/vit-features/train/normal/commercial_normal_less/000000080825_all__0.npy,Normal
Pistachio/VAD/vit-features/train/normal/commercial_normal_less/000000080825_all__1.npy,Normal
Pistachio/VAD/vit-features/train/normal/commercial_normal_less/000000080825_all__2.npy,Normal
Pistachio/VAD/vit-features/train/normal/commercial_normal_less/000000080825_all__3.npy,Normal
Pistachio/VAD/vit-features/train/normal/commercial_normal_less/000000080825_all__4.npy,Normal
Pistachio/VAD/vit-features/train/normal/commercial_normal_less/000000080825_all__5.npy,Normal
Pistachio/VAD/vit-features/train/normal/commercial_normal_less/000000080825_all__6.npy,Normal
Pistachio/VAD/vit-features/train/normal/commercial_normal_less/000000080825_all__7.npy,Normal
Pistachio/VAD/vit-features/train/normal/commercial_normal_less/000000080825_all__8.npy,Normal
Pistachio/VAD/vit-features/train/normal/commercial_normal_less/000000080825_all__9.npy,Normal
Pistachio/VAD/vit-features/train/normal/commercial_normal_less/000000081051_all__0.npy,Normal
Pistachio/VAD/vit-features/train/normal/commercial_normal_less/000000081051_all__1.npy,Normal
Pistachio/VAD/vit-features/train/normal/commercial_normal_less/000000081051_all__2.npy,Normal
Pistachio/VAD/vit-features/train/normal/commercial_normal_less/000000081051_all__3.npy,Normal
Pistachio/VAD/vit-features/train/normal/commercial_normal_less/000000081051_all__4.npy,Normal
Pistachio/VAD/vit-features/train/normal/commercial_normal_less/000000081051_all__5.npy,Normal
Pistachio/VAD/vit-features/train/normal/commercial_normal_less/000000081051_all__6.npy,Normal
Pistachio/VAD/vit-features/train/normal/commercial_normal_less/000000081051_all__7.npy,Normal
Pistachio/VAD/vit-features/train/normal/commercial_normal_less/000000081051_all__8.npy,Normal
Pistachio/VAD/vit-features/train/normal/commercial_normal_less/000000081051_all__9.npy,Normal
Pistachio/VAD/vit-features/train/normal/commercial_normal_less/000000081114_all__0.npy,Normal
Pistachio/VAD/vit-features/train/normal/commercial_normal_less/000000081114_all__1.npy,Normal
Pistachio/VAD/vit-features/train/normal/commercial_normal_less/000000081114_all__2.npy,Normal
Pistachio/VAD/vit-features/train/normal/commercial_normal_less/000000081114_all__3.npy,Normal
Pistachio/VAD/vit-features/train/normal/commercial_normal_less/000000081114_all__4.npy,Normal
Pistachio/VAD/vit-features/train/normal/commercial_normal_less/000000081114_all__5.npy,Normal
Pistachio/VAD/vit-features/train/normal/commercial_normal_less/000000081114_all__6.npy,Normal
Pistachio/VAD/vit-features/train/normal/commercial_normal_less/000000081114_all__7.npy,Normal
Pistachio/VAD/vit-features/train/normal/commercial_normal_less/000000081114_all__8.npy,Normal
Pistachio/VAD/vit-features/train/normal/commercial_normal_less/000000081114_all__9.npy,Normal
Pistachio/VAD/vit-features/train/normal/commercial_normal_less/000000081393_all__0.npy,Normal
Pistachio/VAD/vit-features/train/normal/commercial_normal_less/000000081393_all__1.npy,Normal
Pistachio/VAD/vit-features/train/normal/commercial_normal_less/000000081393_all__2.npy,Normal
Pistachio/VAD/vit-features/train/normal/commercial_normal_less/000000081393_all__3.npy,Normal
Pistachio/VAD/vit-features/train/normal/commercial_normal_less/000000081393_all__4.npy,Normal
Pistachio/VAD/vit-features/train/normal/commercial_normal_less/000000081393_all__5.npy,Normal
Pistachio/VAD/vit-features/train/normal/commercial_normal_less/000000081393_all__6.npy,Normal
Pistachio/VAD/vit-features/train/normal/commercial_normal_less/000000081393_all__7.npy,Normal
Pistachio/VAD/vit-features/train/normal/commercial_normal_less/000000081393_all__8.npy,Normal
Pistachio/VAD/vit-features/train/normal/commercial_normal_less/000000081393_all__9.npy,Normal
Pistachio/VAD/vit-features/train/normal/commercial_normal_less/000000081533_all__0.npy,Normal
Pistachio/VAD/vit-features/train/normal/commercial_normal_less/000000081533_all__1.npy,Normal
Pistachio/VAD/vit-features/train/normal/commercial_normal_less/000000081533_all__2.npy,Normal
Pistachio/VAD/vit-features/train/normal/commercial_normal_less/000000081533_all__3.npy,Normal
Pistachio/VAD/vit-features/train/normal/commercial_normal_less/000000081533_all__4.npy,Normal
Pistachio/VAD/vit-features/train/normal/commercial_normal_less/000000081533_all__5.npy,Normal
Pistachio/VAD/vit-features/train/normal/commercial_normal_less/000000081533_all__6.npy,Normal
Pistachio/VAD/vit-features/train/normal/commercial_normal_less/000000081533_all__7.npy,Normal
Pistachio/VAD/vit-features/train/normal/commercial_normal_less/000000081533_all__8.npy,Normal
Pistachio/VAD/vit-features/train/normal/commercial_normal_less/000000081533_all__9.npy,Normal
Pistachio/VAD/vit-features/train/normal/commercial_normal_less/000000081723_all__0.npy,Normal
Pistachio/VAD/vit-features/train/normal/commercial_normal_less/000000081723_all__1.npy,Normal
Pistachio/VAD/vit-features/train/normal/commercial_normal_less/000000081723_all__2.npy,Normal
Pistachio/VAD/vit-features/train/normal/commercial_normal_less/000000081723_all__3.npy,Normal
Pistachio/VAD/vit-features/train/normal/commercial_normal_less/000000081723_all__4.npy,Normal
Pistachio/VAD/vit-features/train/normal/commercial_normal_less/000000081723_all__5.npy,Normal
Pistachio/VAD/vit-features/train/normal/commercial_normal_less/000000081723_all__6.npy,Normal
Pistachio/VAD/vit-features/train/normal/commercial_normal_less/000000081723_all__7.npy,Normal
Pistachio/VAD/vit-features/train/normal/commercial_normal_less/000000081723_all__8.npy,Normal
Pistachio/VAD/vit-features/train/normal/commercial_normal_less/000000081723_all__9.npy,Normal
Pistachio/VAD/vit-features/train/normal/commercial_normal_less/000000081725_all__0.npy,Normal
Pistachio/VAD/vit-features/train/normal/commercial_normal_less/000000081725_all__1.npy,Normal
Pistachio/VAD/vit-features/train/normal/commercial_normal_less/000000081725_all__2.npy,Normal
Pistachio/VAD/vit-features/train/normal/commercial_normal_less/000000081725_all__3.npy,Normal
Pistachio/VAD/vit-features/train/normal/commercial_normal_less/000000081725_all__4.npy,Normal
Pistachio/VAD/vit-features/train/normal/commercial_normal_less/000000081725_all__5.npy,Normal
Pistachio/VAD/vit-features/train/normal/commercial_normal_less/000000081725_all__6.npy,Normal
Pistachio/VAD/vit-features/train/normal/commercial_normal_less/000000081725_all__7.npy,Normal
Pistachio/VAD/vit-features/train/normal/commercial_normal_less/000000081725_all__8.npy,Normal
Pistachio/VAD/vit-features/train/normal/commercial_normal_less/000000081725_all__9.npy,Normal
Pistachio/VAD/vit-features/train/normal/commercial_normal_less/000000082193_all__0.npy,Normal
Pistachio/VAD/vit-features/train/normal/commercial_normal_less/000000082193_all__1.npy,Normal
Pistachio/VAD/vit-features/train/normal/commercial_normal_less/000000082193_all__2.npy,Normal
Pistachio/VAD/vit-features/train/normal/commercial_normal_less/000000082193_all__3.npy,Normal
Pistachio/VAD/vit-features/train/normal/commercial_normal_less/000000082193_all__4.npy,Normal
Pistachio/VAD/vit-features/train/normal/commercial_normal_less/000000082193_all__5.npy,Normal
Pistachio/VAD/vit-features/train/normal/commercial_normal_less/000000082193_all__6.npy,Normal
Pistachio/VAD/vit-features/train/normal/commercial_normal_less/000000082193_all__7.npy,Normal
Pistachio/VAD/vit-features/train/normal/commercial_normal_less/000000082193_all__8.npy,Normal
Pistachio/VAD/vit-features/train/normal/commercial_normal_less/000000082193_all__9.npy,Normal
Pistachio/VAD/vit-features/train/normal/commercial_normal_less/000000082200_all__0.npy,Normal
Pistachio/VAD/vit-features/train/normal/commercial_normal_less/000000082200_all__1.npy,Normal
Pistachio/VAD/vit-features/train/normal/commercial_normal_less/000000082200_all__2.npy,Normal
Pistachio/VAD/vit-features/train/normal/commercial_normal_less/000000082200_all__3.npy,Normal
Pistachio/VAD/vit-features/train/normal/commercial_normal_less/000000082200_all__4.npy,Normal
Pistachio/VAD/vit-features/train/normal/commercial_normal_less/000000082200_all__5.npy,Normal
Pistachio/VAD/vit-features/train/normal/commercial_normal_less/000000082200_all__6.npy,Normal
Pistachio/VAD/vit-features/train/normal/commercial_normal_less/000000082200_all__7.npy,Normal
Pistachio/VAD/vit-features/train/normal/commercial_normal_less/000000082200_all__8.npy,Normal
Pistachio/VAD/vit-features/train/normal/commercial_normal_less/000000082200_all__9.npy,Normal
Pistachio/VAD/vit-features/train/normal/commercial_normal_less/000000082378_all__0.npy,Normal
Pistachio/VAD/vit-features/train/normal/commercial_normal_less/000000082378_all__1.npy,Normal
Pistachio/VAD/vit-features/train/normal/commercial_normal_less/000000082378_all__2.npy,Normal
Pistachio/VAD/vit-features/train/normal/commercial_normal_less/000000082378_all__3.npy,Normal
Pistachio/VAD/vit-features/train/normal/commercial_normal_less/000000082378_all__4.npy,Normal
Pistachio/VAD/vit-features/train/normal/commercial_normal_less/000000082378_all__5.npy,Normal
Pistachio/VAD/vit-features/train/normal/commercial_normal_less/000000082378_all__6.npy,Normal
Pistachio/VAD/vit-features/train/normal/commercial_normal_less/000000082378_all__7.npy,Normal
Pistachio/VAD/vit-features/train/normal/commercial_normal_less/000000082378_all__8.npy,Normal
Pistachio/VAD/vit-features/train/normal/commercial_normal_less/000000082378_all__9.npy,Normal
Pistachio/VAD/vit-features/train/normal/commercial_normal_less/000000082496_all__0.npy,Normal
Pistachio/VAD/vit-features/train/normal/commercial_normal_less/000000082496_all__1.npy,Normal
Pistachio/VAD/vit-features/train/normal/commercial_normal_less/000000082496_all__2.npy,Normal
Pistachio/VAD/vit-features/train/normal/commercial_normal_less/000000082496_all__3.npy,Normal
Pistachio/VAD/vit-features/train/normal/commercial_normal_less/000000082496_all__4.npy,Normal
Pistachio/VAD/vit-features/train/normal/commercial_normal_less/000000082496_all__5.npy,Normal
Pistachio/VAD/vit-features/train/normal/commercial_normal_less/000000082496_all__6.npy,Normal
Pistachio/VAD/vit-features/train/normal/commercial_normal_less/000000082496_all__7.npy,Normal
Pistachio/VAD/vit-features/train/normal/commercial_normal_less/000000082496_all__8.npy,Normal
Pistachio/VAD/vit-features/train/normal/commercial_normal_less/000000082496_all__9.npy,Normal
Pistachio/VAD/vit-features/train/normal/commercial_normal_less/000000082601_all__0.npy,Normal
Pistachio/VAD/vit-features/train/normal/commercial_normal_less/000000082601_all__1.npy,Normal
Pistachio/VAD/vit-features/train/normal/commercial_normal_less/000000082601_all__2.npy,Normal
Pistachio/VAD/vit-features/train/normal/commercial_normal_less/000000082601_all__3.npy,Normal
Pistachio/VAD/vit-features/train/normal/commercial_normal_less/000000082601_all__4.npy,Normal
Pistachio/VAD/vit-features/train/normal/commercial_normal_less/000000082601_all__5.npy,Normal
Pistachio/VAD/vit-features/train/normal/commercial_normal_less/000000082601_all__6.npy,Normal
Pistachio/VAD/vit-features/train/normal/commercial_normal_less/000000082601_all__7.npy,Normal
Pistachio/VAD/vit-features/train/normal/commercial_normal_less/000000082601_all__8.npy,Normal
Pistachio/VAD/vit-features/train/normal/commercial_normal_less/000000082601_all__9.npy,Normal
Pistachio/VAD/vit-features/train/normal/commercial_normal_less/000000082626_all__0.npy,Normal
Pistachio/VAD/vit-features/train/normal/commercial_normal_less/000000082626_all__1.npy,Normal
Pistachio/VAD/vit-features/train/normal/commercial_normal_less/000000082626_all__2.npy,Normal
Pistachio/VAD/vit-features/train/normal/commercial_normal_less/000000082626_all__3.npy,Normal
Pistachio/VAD/vit-features/train/normal/commercial_normal_less/000000082626_all__4.npy,Normal
Pistachio/VAD/vit-features/train/normal/commercial_normal_less/000000082626_all__5.npy,Normal
Pistachio/VAD/vit-features/train/normal/commercial_normal_less/000000082626_all__6.npy,Normal
Pistachio/VAD/vit-features/train/normal/commercial_normal_less/000000082626_all__7.npy,Normal
Pistachio/VAD/vit-features/train/normal/commercial_normal_less/000000082626_all__8.npy,Normal
Pistachio/VAD/vit-features/train/normal/commercial_normal_less/000000082626_all__9.npy,Normal
Pistachio/VAD/vit-features/train/normal/commercial_normal_less/000000082717_all__0.npy,Normal
Pistachio/VAD/vit-features/train/normal/commercial_normal_less/000000082717_all__1.npy,Normal
Pistachio/VAD/vit-features/train/normal/commercial_normal_less/000000082717_all__2.npy,Normal
Pistachio/VAD/vit-features/train/normal/commercial_normal_less/000000082717_all__3.npy,Normal
Pistachio/VAD/vit-features/train/normal/commercial_normal_less/000000082717_all__4.npy,Normal
Pistachio/VAD/vit-features/train/normal/commercial_normal_less/000000082717_all__5.npy,Normal
Pistachio/VAD/vit-features/train/normal/commercial_normal_less/000000082717_all__6.npy,Normal
Pistachio/VAD/vit-features/train/normal/commercial_normal_less/000000082717_all__7.npy,Normal
Pistachio/VAD/vit-features/train/normal/commercial_normal_less/000000082717_all__8.npy,Normal
Pistachio/VAD/vit-features/train/normal/commercial_normal_less/000000082717_all__9.npy,Normal
Pistachio/VAD/vit-features/train/normal/commercial_normal_less/000000082811_all__0.npy,Normal
Pistachio/VAD/vit-features/train/normal/commercial_normal_less/000000082811_all__1.npy,Normal
Pistachio/VAD/vit-features/train/normal/commercial_normal_less/000000082811_all__2.npy,Normal
Pistachio/VAD/vit-features/train/normal/commercial_normal_less/000000082811_all__3.npy,Normal
Pistachio/VAD/vit-features/train/normal/commercial_normal_less/000000082811_all__4.npy,Normal
Pistachio/VAD/vit-features/train/normal/commercial_normal_less/000000082811_all__5.npy,Normal
Pistachio/VAD/vit-features/train/normal/commercial_normal_less/000000082811_all__6.npy,Normal
Pistachio/VAD/vit-features/train/normal/commercial_normal_less/000000082811_all__7.npy,Normal
Pistachio/VAD/vit-features/train/normal/commercial_normal_less/000000082811_all__8.npy,Normal
Pistachio/VAD/vit-features/train/normal/commercial_normal_less/000000082811_all__9.npy,Normal
Pistachio/VAD/vit-features/train/normal/commercial_normal_less/000000082824_all__0.npy,Normal
Pistachio/VAD/vit-features/train/normal/commercial_normal_less/000000082824_all__1.npy,Normal
Pistachio/VAD/vit-features/train/normal/commercial_normal_less/000000082824_all__2.npy,Normal
Pistachio/VAD/vit-features/train/normal/commercial_normal_less/000000082824_all__3.npy,Normal
Pistachio/VAD/vit-features/train/normal/commercial_normal_less/000000082824_all__4.npy,Normal
Pistachio/VAD/vit-features/train/normal/commercial_normal_less/000000082824_all__5.npy,Normal
Pistachio/VAD/vit-features/train/normal/commercial_normal_less/000000082824_all__6.npy,Normal
Pistachio/VAD/vit-features/train/normal/commercial_normal_less/000000082824_all__7.npy,Normal
Pistachio/VAD/vit-features/train/normal/commercial_normal_less/000000082824_all__8.npy,Normal
Pistachio/VAD/vit-features/train/normal/commercial_normal_less/000000082824_all__9.npy,Normal
Pistachio/VAD/vit-features/train/normal/commercial_normal_less/000000082911_all__0.npy,Normal
Pistachio/VAD/vit-features/train/normal/commercial_normal_less/000000082911_all__1.npy,Normal
Pistachio/VAD/vit-features/train/normal/commercial_normal_less/000000082911_all__2.npy,Normal
Pistachio/VAD/vit-features/train/normal/commercial_normal_less/000000082911_all__3.npy,Normal
Pistachio/VAD/vit-features/train/normal/commercial_normal_less/000000082911_all__4.npy,Normal
Pistachio/VAD/vit-features/train/normal/commercial_normal_less/000000082911_all__5.npy,Normal
Pistachio/VAD/vit-features/train/normal/commercial_normal_less/000000082911_all__6.npy,Normal
Pistachio/VAD/vit-features/train/normal/commercial_normal_less/000000082911_all__7.npy,Normal
Pistachio/VAD/vit-features/train/normal/commercial_normal_less/000000082911_all__8.npy,Normal
Pistachio/VAD/vit-features/train/normal/commercial_normal_less/000000082911_all__9.npy,Normal
Pistachio/VAD/vit-features/train/normal/commercial_normal_less/000000082912_all__0.npy,Normal
Pistachio/VAD/vit-features/train/normal/commercial_normal_less/000000082912_all__1.npy,Normal
Pistachio/VAD/vit-features/train/normal/commercial_normal_less/000000082912_all__2.npy,Normal
Pistachio/VAD/vit-features/train/normal/commercial_normal_less/000000082912_all__3.npy,Normal
Pistachio/VAD/vit-features/train/normal/commercial_normal_less/000000082912_all__4.npy,Normal
Pistachio/VAD/vit-features/train/normal/commercial_normal_less/000000082912_all__5.npy,Normal
Pistachio/VAD/vit-features/train/normal/commercial_normal_less/000000082912_all__6.npy,Normal
Pistachio/VAD/vit-features/train/normal/commercial_normal_less/000000082912_all__7.npy,Normal
Pistachio/VAD/vit-features/train/normal/commercial_normal_less/000000082912_all__8.npy,Normal
Pistachio/VAD/vit-features/train/normal/commercial_normal_less/000000082912_all__9.npy,Normal
Pistachio/VAD/vit-features/train/normal/commercial_normal_less/000000083171_all__0.npy,Normal
Pistachio/VAD/vit-features/train/normal/commercial_normal_less/000000083171_all__1.npy,Normal
Pistachio/VAD/vit-features/train/normal/commercial_normal_less/000000083171_all__2.npy,Normal
Pistachio/VAD/vit-features/train/normal/commercial_normal_less/000000083171_all__3.npy,Normal
Pistachio/VAD/vit-features/train/normal/commercial_normal_less/000000083171_all__4.npy,Normal
Pistachio/VAD/vit-features/train/normal/commercial_normal_less/000000083171_all__5.npy,Normal
Pistachio/VAD/vit-features/train/normal/commercial_normal_less/000000083171_all__6.npy,Normal
Pistachio/VAD/vit-features/train/normal/commercial_normal_less/000000083171_all__7.npy,Normal
Pistachio/VAD/vit-features/train/normal/commercial_normal_less/000000083171_all__8.npy,Normal
Pistachio/VAD/vit-features/train/normal/commercial_normal_less/000000083171_all__9.npy,Normal
Pistachio/VAD/vit-features/train/normal/commercial_normal_less/000000083273_all__0.npy,Normal
Pistachio/VAD/vit-features/train/normal/commercial_normal_less/000000083273_all__1.npy,Normal
Pistachio/VAD/vit-features/train/normal/commercial_normal_less/000000083273_all__2.npy,Normal
Pistachio/VAD/vit-features/train/normal/commercial_normal_less/000000083273_all__3.npy,Normal
Pistachio/VAD/vit-features/train/normal/commercial_normal_less/000000083273_all__4.npy,Normal
Pistachio/VAD/vit-features/train/normal/commercial_normal_less/000000083273_all__5.npy,Normal
Pistachio/VAD/vit-features/train/normal/commercial_normal_less/000000083273_all__6.npy,Normal
Pistachio/VAD/vit-features/train/normal/commercial_normal_less/000000083273_all__7.npy,Normal
Pistachio/VAD/vit-features/train/normal/commercial_normal_less/000000083273_all__8.npy,Normal
Pistachio/VAD/vit-features/train/normal/commercial_normal_less/000000083273_all__9.npy,Normal
Pistachio/VAD/vit-features/train/normal/commercial_normal_less/000000083365_all__0.npy,Normal
Pistachio/VAD/vit-features/train/normal/commercial_normal_less/000000083365_all__1.npy,Normal
Pistachio/VAD/vit-features/train/normal/commercial_normal_less/000000083365_all__2.npy,Normal
Pistachio/VAD/vit-features/train/normal/commercial_normal_less/000000083365_all__3.npy,Normal
Pistachio/VAD/vit-features/train/normal/commercial_normal_less/000000083365_all__4.npy,Normal
Pistachio/VAD/vit-features/train/normal/commercial_normal_less/000000083365_all__5.npy,Normal
Pistachio/VAD/vit-features/train/normal/commercial_normal_less/000000083365_all__6.npy,Normal
Pistachio/VAD/vit-features/train/normal/commercial_normal_less/000000083365_all__7.npy,Normal
Pistachio/VAD/vit-features/train/normal/commercial_normal_less/000000083365_all__8.npy,Normal
Pistachio/VAD/vit-features/train/normal/commercial_normal_less/000000083365_all__9.npy,Normal
Pistachio/VAD/vit-features/train/normal/commercial_normal_less/000000083425_all__0.npy,Normal
Pistachio/VAD/vit-features/train/normal/commercial_normal_less/000000083425_all__1.npy,Normal
Pistachio/VAD/vit-features/train/normal/commercial_normal_less/000000083425_all__2.npy,Normal
Pistachio/VAD/vit-features/train/normal/commercial_normal_less/000000083425_all__3.npy,Normal
Pistachio/VAD/vit-features/train/normal/commercial_normal_less/000000083425_all__4.npy,Normal
Pistachio/VAD/vit-features/train/normal/commercial_normal_less/000000083425_all__5.npy,Normal
Pistachio/VAD/vit-features/train/normal/commercial_normal_less/000000083425_all__6.npy,Normal
Pistachio/VAD/vit-features/train/normal/commercial_normal_less/000000083425_all__7.npy,Normal
Pistachio/VAD/vit-features/train/normal/commercial_normal_less/000000083425_all__8.npy,Normal
Pistachio/VAD/vit-features/train/normal/commercial_normal_less/000000083425_all__9.npy,Normal
Pistachio/VAD/vit-features/train/normal/commercial_normal_less/000000083486_all__0.npy,Normal
Pistachio/VAD/vit-features/train/normal/commercial_normal_less/000000083486_all__1.npy,Normal
Pistachio/VAD/vit-features/train/normal/commercial_normal_less/000000083486_all__2.npy,Normal
Pistachio/VAD/vit-features/train/normal/commercial_normal_less/000000083486_all__3.npy,Normal
Pistachio/VAD/vit-features/train/normal/commercial_normal_less/000000083486_all__4.npy,Normal
Pistachio/VAD/vit-features/train/normal/commercial_normal_less/000000083486_all__5.npy,Normal
Pistachio/VAD/vit-features/train/normal/commercial_normal_less/000000083486_all__6.npy,Normal
Pistachio/VAD/vit-features/train/normal/commercial_normal_less/000000083486_all__7.npy,Normal
Pistachio/VAD/vit-features/train/normal/commercial_normal_less/000000083486_all__8.npy,Normal
Pistachio/VAD/vit-features/train/normal/commercial_normal_less/000000083486_all__9.npy,Normal
Pistachio/VAD/vit-features/train/normal/commercial_normal_less/000000083786_all__0.npy,Normal
Pistachio/VAD/vit-features/train/normal/commercial_normal_less/000000083786_all__1.npy,Normal
Pistachio/VAD/vit-features/train/normal/commercial_normal_less/000000083786_all__2.npy,Normal
Pistachio/VAD/vit-features/train/normal/commercial_normal_less/000000083786_all__3.npy,Normal
Pistachio/VAD/vit-features/train/normal/commercial_normal_less/000000083786_all__4.npy,Normal
Pistachio/VAD/vit-features/train/normal/commercial_normal_less/000000083786_all__5.npy,Normal
Pistachio/VAD/vit-features/train/normal/commercial_normal_less/000000083786_all__6.npy,Normal
Pistachio/VAD/vit-features/train/normal/commercial_normal_less/000000083786_all__7.npy,Normal
Pistachio/VAD/vit-features/train/normal/commercial_normal_less/000000083786_all__8.npy,Normal
Pistachio/VAD/vit-features/train/normal/commercial_normal_less/000000083786_all__9.npy,Normal
Pistachio/VAD/vit-features/train/normal/commercial_normal_less/000000083868_all__0.npy,Normal
Pistachio/VAD/vit-features/train/normal/commercial_normal_less/000000083868_all__1.npy,Normal
Pistachio/VAD/vit-features/train/normal/commercial_normal_less/000000083868_all__2.npy,Normal
Pistachio/VAD/vit-features/train/normal/commercial_normal_less/000000083868_all__3.npy,Normal
Pistachio/VAD/vit-features/train/normal/commercial_normal_less/000000083868_all__4.npy,Normal
Pistachio/VAD/vit-features/train/normal/commercial_normal_less/000000083868_all__5.npy,Normal
Pistachio/VAD/vit-features/train/normal/commercial_normal_less/000000083868_all__6.npy,Normal
Pistachio/VAD/vit-features/train/normal/commercial_normal_less/000000083868_all__7.npy,Normal
Pistachio/VAD/vit-features/train/normal/commercial_normal_less/000000083868_all__8.npy,Normal
Pistachio/VAD/vit-features/train/normal/commercial_normal_less/000000083868_all__9.npy,Normal
Pistachio/VAD/vit-features/train/normal/commercial_normal_less/000000083868_all__0.npy,Normal
Pistachio/VAD/vit-features/train/normal/commercial_normal_less/000000083868_all__1.npy,Normal
Pistachio/VAD/vit-features/train/normal/commercial_normal_less/000000083868_all__2.npy,Normal
Pistachio/VAD/vit-features/train/normal/commercial_normal_less/000000083868_all__3.npy,Normal
Pistachio/VAD/vit-features/train/normal/commercial_normal_less/000000083868_all__4.npy,Normal
Pistachio/VAD/vit-features/train/normal/commercial_normal_less/000000083868_all__5.npy,Normal
Pistachio/VAD/vit-features/train/normal/commercial_normal_less/000000083868_all__6.npy,Normal
Pistachio/VAD/vit-features/train/normal/commercial_normal_less/000000083868_all__7.npy,Normal
Pistachio/VAD/vit-features/train/normal/commercial_normal_less/000000083868_all__8.npy,Normal
Pistachio/VAD/vit-features/train/normal/commercial_normal_less/000000083868_all__9.npy,Normal
Pistachio/VAD/vit-features/train/normal/commercial_normal_less/000000083952_all__0.npy,Normal
Pistachio/VAD/vit-features/train/normal/commercial_normal_less/000000083952_all__1.npy,Normal
Pistachio/VAD/vit-features/train/normal/commercial_normal_less/000000083952_all__2.npy,Normal
Pistachio/VAD/vit-features/train/normal/commercial_normal_less/000000083952_all__3.npy,Normal
Pistachio/VAD/vit-features/train/normal/commercial_normal_less/000000083952_all__4.npy,Normal
Pistachio/VAD/vit-features/train/normal/commercial_normal_less/000000083952_all__5.npy,Normal
Pistachio/VAD/vit-features/train/normal/commercial_normal_less/000000083952_all__6.npy,Normal
Pistachio/VAD/vit-features/train/normal/commercial_normal_less/000000083952_all__7.npy,Normal
Pistachio/VAD/vit-features/train/normal/commercial_normal_less/000000083952_all__8.npy,Normal
Pistachio/VAD/vit-features/train/normal/commercial_normal_less/000000083952_all__9.npy,Normal
Pistachio/VAD/vit-features/train/normal/commercial_normal_less/000000083991_all__0.npy,Normal
Pistachio/VAD/vit-features/train/normal/commercial_normal_less/000000083991_all__1.npy,Normal
Pistachio/VAD/vit-features/train/normal/commercial_normal_less/000000083991_all__2.npy,Normal
Pistachio/VAD/vit-features/train/normal/commercial_normal_less/000000083991_all__3.npy,Normal
Pistachio/VAD/vit-features/train/normal/commercial_normal_less/000000083991_all__4.npy,Normal
Pistachio/VAD/vit-features/train/normal/commercial_normal_less/000000083991_all__5.npy,Normal
Pistachio/VAD/vit-features/train/normal/commercial_normal_less/000000083991_all__6.npy,Normal
Pistachio/VAD/vit-features/train/normal/commercial_normal_less/000000083991_all__7.npy,Normal
Pistachio/VAD/vit-features/train/normal/commercial_normal_less/000000083991_all__8.npy,Normal
Pistachio/VAD/vit-features/train/normal/commercial_normal_less/000000083991_all__9.npy,Normal
Pistachio/VAD/vit-features/train/normal/commercial_normal_less/000000084036_all__0.npy,Normal
Pistachio/VAD/vit-features/train/normal/commercial_normal_less/000000084036_all__1.npy,Normal
Pistachio/VAD/vit-features/train/normal/commercial_normal_less/000000084036_all__2.npy,Normal
Pistachio/VAD/vit-features/train/normal/commercial_normal_less/000000084036_all__3.npy,Normal
Pistachio/VAD/vit-features/train/normal/commercial_normal_less/000000084036_all__4.npy,Normal
Pistachio/VAD/vit-features/train/normal/commercial_normal_less/000000084036_all__5.npy,Normal
Pistachio/VAD/vit-features/train/normal/commercial_normal_less/000000084036_all__6.npy,Normal
Pistachio/VAD/vit-features/train/normal/commercial_normal_less/000000084036_all__7.npy,Normal
Pistachio/VAD/vit-features/train/normal/commercial_normal_less/000000084036_all__8.npy,Normal
Pistachio/VAD/vit-features/train/normal/commercial_normal_less/000000084036_all__9.npy,Normal
Pistachio/VAD/vit-features/train/normal/commercial_normal_less/000000084122_all__0.npy,Normal
Pistachio/VAD/vit-features/train/normal/commercial_normal_less/000000084122_all__1.npy,Normal
Pistachio/VAD/vit-features/train/normal/commercial_normal_less/000000084122_all__2.npy,Normal
Pistachio/VAD/vit-features/train/normal/commercial_normal_less/000000084122_all__3.npy,Normal
Pistachio/VAD/vit-features/train/normal/commercial_normal_less/000000084122_all__4.npy,Normal
Pistachio/VAD/vit-features/train/normal/commercial_normal_less/000000084122_all__5.npy,Normal
Pistachio/VAD/vit-features/train/normal/commercial_normal_less/000000084122_all__6.npy,Normal
Pistachio/VAD/vit-features/train/normal/commercial_normal_less/000000084122_all__7.npy,Normal
Pistachio/VAD/vit-features/train/normal/commercial_normal_less/000000084122_all__8.npy,Normal
Pistachio/VAD/vit-features/train/normal/commercial_normal_less/000000084122_all__9.npy,Normal
Pistachio/VAD/vit-features/train/normal/commercial_normal_less/000000084180_all__0.npy,Normal
Pistachio/VAD/vit-features/train/normal/commercial_normal_less/000000084180_all__1.npy,Normal
Pistachio/VAD/vit-features/train/normal/commercial_normal_less/000000084180_all__2.npy,Normal
Pistachio/VAD/vit-features/train/normal/commercial_normal_less/000000084180_all__3.npy,Normal
Pistachio/VAD/vit-features/train/normal/commercial_normal_less/000000084180_all__4.npy,Normal
Pistachio/VAD/vit-features/train/normal/commercial_normal_less/000000084180_all__5.npy,Normal
Pistachio/VAD/vit-features/train/normal/commercial_normal_less/000000084180_all__6.npy,Normal
Pistachio/VAD/vit-features/train/normal/commercial_normal_less/000000084180_all__7.npy,Normal
Pistachio/VAD/vit-features/train/normal/commercial_normal_less/000000084180_all__8.npy,Normal
Pistachio/VAD/vit-features/train/normal/commercial_normal_less/000000084180_all__9.npy,Normal
Pistachio/VAD/vit-features/train/normal/commercial_normal_less/000000084342_all__0.npy,Normal
Pistachio/VAD/vit-features/train/normal/commercial_normal_less/000000084342_all__1.npy,Normal
Pistachio/VAD/vit-features/train/normal/commercial_normal_less/000000084342_all__2.npy,Normal
Pistachio/VAD/vit-features/train/normal/commercial_normal_less/000000084342_all__3.npy,Normal
Pistachio/VAD/vit-features/train/normal/commercial_normal_less/000000084342_all__4.npy,Normal
Pistachio/VAD/vit-features/train/normal/commercial_normal_less/000000084342_all__5.npy,Normal
Pistachio/VAD/vit-features/train/normal/commercial_normal_less/000000084342_all__6.npy,Normal
Pistachio/VAD/vit-features/train/normal/commercial_normal_less/000000084342_all__7.npy,Normal
Pistachio/VAD/vit-features/train/normal/commercial_normal_less/000000084342_all__8.npy,Normal
Pistachio/VAD/vit-features/train/normal/commercial_normal_less/000000084342_all__9.npy,Normal
Pistachio/VAD/vit-features/train/normal/commercial_normal_less/000000084342_all__0.npy,Normal
Pistachio/VAD/vit-features/train/normal/commercial_normal_less/000000084342_all__1.npy,Normal
Pistachio/VAD/vit-features/train/normal/commercial_normal_less/000000084342_all__2.npy,Normal
Pistachio/VAD/vit-features/train/normal/commercial_normal_less/000000084342_all__3.npy,Normal
Pistachio/VAD/vit-features/train/normal/commercial_normal_less/000000084342_all__4.npy,Normal
Pistachio/VAD/vit-features/train/normal/commercial_normal_less/000000084342_all__5.npy,Normal
Pistachio/VAD/vit-features/train/normal/commercial_normal_less/000000084342_all__6.npy,Normal
Pistachio/VAD/vit-features/train/normal/commercial_normal_less/000000084342_all__7.npy,Normal
Pistachio/VAD/vit-features/train/normal/commercial_normal_less/000000084342_all__8.npy,Normal
Pistachio/VAD/vit-features/train/normal/commercial_normal_less/000000084342_all__9.npy,Normal
Pistachio/VAD/vit-features/train/normal/commercial_normal_less/000000084848_all__0.npy,Normal
Pistachio/VAD/vit-features/train/normal/commercial_normal_less/000000084848_all__1.npy,Normal
Pistachio/VAD/vit-features/train/normal/commercial_normal_less/000000084848_all__2.npy,Normal
Pistachio/VAD/vit-features/train/normal/commercial_normal_less/000000084848_all__3.npy,Normal
Pistachio/VAD/vit-features/train/normal/commercial_normal_less/000000084848_all__4.npy,Normal
Pistachio/VAD/vit-features/train/normal/commercial_normal_less/000000084848_all__5.npy,Normal
Pistachio/VAD/vit-features/train/normal/commercial_normal_less/000000084848_all__6.npy,Normal
Pistachio/VAD/vit-features/train/normal/commercial_normal_less/000000084848_all__7.npy,Normal
Pistachio/VAD/vit-features/train/normal/commercial_normal_less/000000084848_all__8.npy,Normal
Pistachio/VAD/vit-features/train/normal/commercial_normal_less/000000084848_all__9.npy,Normal
Pistachio/VAD/vit-features/train/normal/commercial_normal_less/000000085256_all__0.npy,Normal
Pistachio/VAD/vit-features/train/normal/commercial_normal_less/000000085256_all__1.npy,Normal
Pistachio/VAD/vit-features/train/normal/commercial_normal_less/000000085256_all__2.npy,Normal
Pistachio/VAD/vit-features/train/normal/commercial_normal_less/000000085256_all__3.npy,Normal
Pistachio/VAD/vit-features/train/normal/commercial_normal_less/000000085256_all__4.npy,Normal
Pistachio/VAD/vit-features/train/normal/commercial_normal_less/000000085256_all__5.npy,Normal
Pistachio/VAD/vit-features/train/normal/commercial_normal_less/000000085256_all__6.npy,Normal
Pistachio/VAD/vit-features/train/normal/commercial_normal_less/000000085256_all__7.npy,Normal
Pistachio/VAD/vit-features/train/normal/commercial_normal_less/000000085256_all__8.npy,Normal
Pistachio/VAD/vit-features/train/normal/commercial_normal_less/000000085256_all__9.npy,Normal
Pistachio/VAD/vit-features/train/normal/commercial_normal_less/000000085616_all__0.npy,Normal
Pistachio/VAD/vit-features/train/normal/commercial_normal_less/000000085616_all__1.npy,Normal
Pistachio/VAD/vit-features/train/normal/commercial_normal_less/000000085616_all__2.npy,Normal
Pistachio/VAD/vit-features/train/normal/commercial_normal_less/000000085616_all__3.npy,Normal
Pistachio/VAD/vit-features/train/normal/commercial_normal_less/000000085616_all__4.npy,Normal
Pistachio/VAD/vit-features/train/normal/commercial_normal_less/000000085616_all__5.npy,Normal
Pistachio/VAD/vit-features/train/normal/commercial_normal_less/000000085616_all__6.npy,Normal
Pistachio/VAD/vit-features/train/normal/commercial_normal_less/000000085616_all__7.npy,Normal
Pistachio/VAD/vit-features/train/normal/commercial_normal_less/000000085616_all__8.npy,Normal
Pistachio/VAD/vit-features/train/normal/commercial_normal_less/000000085616_all__9.npy,Normal
Pistachio/VAD/vit-features/train/normal/commercial_normal_less/000000085967_all__0.npy,Normal
Pistachio/VAD/vit-features/train/normal/commercial_normal_less/000000085967_all__1.npy,Normal
Pistachio/VAD/vit-features/train/normal/commercial_normal_less/000000085967_all__2.npy,Normal
Pistachio/VAD/vit-features/train/normal/commercial_normal_less/000000085967_all__3.npy,Normal
Pistachio/VAD/vit-features/train/normal/commercial_normal_less/000000085967_all__4.npy,Normal
Pistachio/VAD/vit-features/train/normal/commercial_normal_less/000000085967_all__5.npy,Normal
Pistachio/VAD/vit-features/train/normal/commercial_normal_less/000000085967_all__6.npy,Normal
Pistachio/VAD/vit-features/train/normal/commercial_normal_less/000000085967_all__7.npy,Normal
Pistachio/VAD/vit-features/train/normal/commercial_normal_less/000000085967_all__8.npy,Normal
Pistachio/VAD/vit-features/train/normal/commercial_normal_less/000000085967_all__9.npy,Normal
Pistachio/VAD/vit-features/train/normal/commercial_normal_less/000000086219_all__0.npy,Normal
Pistachio/VAD/vit-features/train/normal/commercial_normal_less/000000086219_all__1.npy,Normal
Pistachio/VAD/vit-features/train/normal/commercial_normal_less/000000086219_all__2.npy,Normal
Pistachio/VAD/vit-features/train/normal/commercial_normal_less/000000086219_all__3.npy,Normal
Pistachio/VAD/vit-features/train/normal/commercial_normal_less/000000086219_all__4.npy,Normal
Pistachio/VAD/vit-features/train/normal/commercial_normal_less/000000086219_all__5.npy,Normal
Pistachio/VAD/vit-features/train/normal/commercial_normal_less/000000086219_all__6.npy,Normal
Pistachio/VAD/vit-features/train/normal/commercial_normal_less/000000086219_all__7.npy,Normal
Pistachio/VAD/vit-features/train/normal/commercial_normal_less/000000086219_all__8.npy,Normal
Pistachio/VAD/vit-features/train/normal/commercial_normal_less/000000086219_all__9.npy,Normal
Pistachio/VAD/vit-features/train/normal/commercial_normal_less/000000086382_all__0.npy,Normal
Pistachio/VAD/vit-features/train/normal/commercial_normal_less/000000086382_all__1.npy,Normal
Pistachio/VAD/vit-features/train/normal/commercial_normal_less/000000086382_all__2.npy,Normal
Pistachio/VAD/vit-features/train/normal/commercial_normal_less/000000086382_all__3.npy,Normal
Pistachio/VAD/vit-features/train/normal/commercial_normal_less/000000086382_all__4.npy,Normal
Pistachio/VAD/vit-features/train/normal/commercial_normal_less/000000086382_all__5.npy,Normal
Pistachio/VAD/vit-features/train/normal/commercial_normal_less/000000086382_all__6.npy,Normal
Pistachio/VAD/vit-features/train/normal/commercial_normal_less/000000086382_all__7.npy,Normal
Pistachio/VAD/vit-features/train/normal/commercial_normal_less/000000086382_all__8.npy,Normal
Pistachio/VAD/vit-features/train/normal/commercial_normal_less/000000086382_all__9.npy,Normal
Pistachio/VAD/vit-features/train/normal/commercial_normal_less/000000086603_all__0.npy,Normal
Pistachio/VAD/vit-features/train/normal/commercial_normal_less/000000086603_all__1.npy,Normal
Pistachio/VAD/vit-features/train/normal/commercial_normal_less/000000086603_all__2.npy,Normal
Pistachio/VAD/vit-features/train/normal/commercial_normal_less/000000086603_all__3.npy,Normal
Pistachio/VAD/vit-features/train/normal/commercial_normal_less/000000086603_all__4.npy,Normal
Pistachio/VAD/vit-features/train/normal/commercial_normal_less/000000086603_all__5.npy,Normal
Pistachio/VAD/vit-features/train/normal/commercial_normal_less/000000086603_all__6.npy,Normal
Pistachio/VAD/vit-features/train/normal/commercial_normal_less/000000086603_all__7.npy,Normal
Pistachio/VAD/vit-features/train/normal/commercial_normal_less/000000086603_all__8.npy,Normal
Pistachio/VAD/vit-features/train/normal/commercial_normal_less/000000086603_all__9.npy,Normal
Pistachio/VAD/vit-features/train/normal/commercial_normal_less/000000087035_all__0.npy,Normal
Pistachio/VAD/vit-features/train/normal/commercial_normal_less/000000087035_all__1.npy,Normal
Pistachio/VAD/vit-features/train/normal/commercial_normal_less/000000087035_all__2.npy,Normal
Pistachio/VAD/vit-features/train/normal/commercial_normal_less/000000087035_all__3.npy,Normal
Pistachio/VAD/vit-features/train/normal/commercial_normal_less/000000087035_all__4.npy,Normal
Pistachio/VAD/vit-features/train/normal/commercial_normal_less/000000087035_all__5.npy,Normal
Pistachio/VAD/vit-features/train/normal/commercial_normal_less/000000087035_all__6.npy,Normal
Pistachio/VAD/vit-features/train/normal/commercial_normal_less/000000087035_all__7.npy,Normal
Pistachio/VAD/vit-features/train/normal/commercial_normal_less/000000087035_all__8.npy,Normal
Pistachio/VAD/vit-features/train/normal/commercial_normal_less/000000087035_all__9.npy,Normal
Pistachio/VAD/vit-features/train/normal/commercial_normal_less/000000087197_all__0.npy,Normal
Pistachio/VAD/vit-features/train/normal/commercial_normal_less/000000087197_all__1.npy,Normal
Pistachio/VAD/vit-features/train/normal/commercial_normal_less/000000087197_all__2.npy,Normal
Pistachio/VAD/vit-features/train/normal/commercial_normal_less/000000087197_all__3.npy,Normal
Pistachio/VAD/vit-features/train/normal/commercial_normal_less/000000087197_all__4.npy,Normal
Pistachio/VAD/vit-features/train/normal/commercial_normal_less/000000087197_all__5.npy,Normal
Pistachio/VAD/vit-features/train/normal/commercial_normal_less/000000087197_all__6.npy,Normal
Pistachio/VAD/vit-features/train/normal/commercial_normal_less/000000087197_all__7.npy,Normal
Pistachio/VAD/vit-features/train/normal/commercial_normal_less/000000087197_all__8.npy,Normal
Pistachio/VAD/vit-features/train/normal/commercial_normal_less/000000087197_all__9.npy,Normal
Pistachio/VAD/vit-features/train/normal/commercial_normal_less/000000096065_all__0.npy,Normal
Pistachio/VAD/vit-features/train/normal/commercial_normal_less/000000096065_all__1.npy,Normal
Pistachio/VAD/vit-features/train/normal/commercial_normal_less/000000096065_all__2.npy,Normal
Pistachio/VAD/vit-features/train/normal/commercial_normal_less/000000096065_all__3.npy,Normal
Pistachio/VAD/vit-features/train/normal/commercial_normal_less/000000096065_all__4.npy,Normal
Pistachio/VAD/vit-features/train/normal/commercial_normal_less/000000096065_all__5.npy,Normal
Pistachio/VAD/vit-features/train/normal/commercial_normal_less/000000096065_all__6.npy,Normal
Pistachio/VAD/vit-features/train/normal/commercial_normal_less/000000096065_all__7.npy,Normal
Pistachio/VAD/vit-features/train/normal/commercial_normal_less/000000096065_all__8.npy,Normal
Pistachio/VAD/vit-features/train/normal/commercial_normal_less/000000096065_all__9.npy,Normal
Pistachio/VAD/vit-features/train/normal/commercial_normal_less/000000096731_all__0.npy,Normal
Pistachio/VAD/vit-features/train/normal/commercial_normal_less/000000096731_all__1.npy,Normal
Pistachio/VAD/vit-features/train/normal/commercial_normal_less/000000096731_all__2.npy,Normal
Pistachio/VAD/vit-features/train/normal/commercial_normal_less/000000096731_all__3.npy,Normal
Pistachio/VAD/vit-features/train/normal/commercial_normal_less/000000096731_all__4.npy,Normal
Pistachio/VAD/vit-features/train/normal/commercial_normal_less/000000096731_all__5.npy,Normal
Pistachio/VAD/vit-features/train/normal/commercial_normal_less/000000096731_all__6.npy,Normal
Pistachio/VAD/vit-features/train/normal/commercial_normal_less/000000096731_all__7.npy,Normal
Pistachio/VAD/vit-features/train/normal/commercial_normal_less/000000096731_all__8.npy,Normal
Pistachio/VAD/vit-features/train/normal/commercial_normal_less/000000096731_all__9.npy,Normal
Pistachio/VAD/vit-features/train/normal/commercial_normal_less/000000097631_all__0.npy,Normal
Pistachio/VAD/vit-features/train/normal/commercial_normal_less/000000097631_all__1.npy,Normal
Pistachio/VAD/vit-features/train/normal/commercial_normal_less/000000097631_all__2.npy,Normal
Pistachio/VAD/vit-features/train/normal/commercial_normal_less/000000097631_all__3.npy,Normal
Pistachio/VAD/vit-features/train/normal/commercial_normal_less/000000097631_all__4.npy,Normal
Pistachio/VAD/vit-features/train/normal/commercial_normal_less/000000097631_all__5.npy,Normal
Pistachio/VAD/vit-features/train/normal/commercial_normal_less/000000097631_all__6.npy,Normal
Pistachio/VAD/vit-features/train/normal/commercial_normal_less/000000097631_all__7.npy,Normal
Pistachio/VAD/vit-features/train/normal/commercial_normal_less/000000097631_all__8.npy,Normal
Pistachio/VAD/vit-features/train/normal/commercial_normal_less/000000097631_all__9.npy,Normal
Pistachio/VAD/vit-features/train/normal/commercial_normal_less/000000126320_all__0.npy,Normal
Pistachio/VAD/vit-features/train/normal/commercial_normal_less/000000126320_all__1.npy,Normal
Pistachio/VAD/vit-features/train/normal/commercial_normal_less/000000126320_all__2.npy,Normal
Pistachio/VAD/vit-features/train/normal/commercial_normal_less/000000126320_all__3.npy,Normal
Pistachio/VAD/vit-features/train/normal/commercial_normal_less/000000126320_all__4.npy,Normal
Pistachio/VAD/vit-features/train/normal/commercial_normal_less/000000126320_all__5.npy,Normal
Pistachio/VAD/vit-features/train/normal/commercial_normal_less/000000126320_all__6.npy,Normal
Pistachio/VAD/vit-features/train/normal/commercial_normal_less/000000126320_all__7.npy,Normal
Pistachio/VAD/vit-features/train/normal/commercial_normal_less/000000126320_all__8.npy,Normal
Pistachio/VAD/vit-features/train/normal/commercial_normal_less/000000126320_all__9.npy,Normal
Pistachio/VAD/vit-features/train/normal/commercial_normal_less/000000128642_all__0.npy,Normal
Pistachio/VAD/vit-features/train/normal/commercial_normal_less/000000128642_all__1.npy,Normal
Pistachio/VAD/vit-features/train/normal/commercial_normal_less/000000128642_all__2.npy,Normal
Pistachio/VAD/vit-features/train/normal/commercial_normal_less/000000128642_all__3.npy,Normal
Pistachio/VAD/vit-features/train/normal/commercial_normal_less/000000128642_all__4.npy,Normal
Pistachio/VAD/vit-features/train/normal/commercial_normal_less/000000128642_all__5.npy,Normal
Pistachio/VAD/vit-features/train/normal/commercial_normal_less/000000128642_all__6.npy,Normal
Pistachio/VAD/vit-features/train/normal/commercial_normal_less/000000128642_all__7.npy,Normal
Pistachio/VAD/vit-features/train/normal/commercial_normal_less/000000128642_all__8.npy,Normal
Pistachio/VAD/vit-features/train/normal/commercial_normal_less/000000128642_all__9.npy,Normal
Pistachio/VAD/vit-features/train/normal/commercial_normal_less/000000129830_all__0.npy,Normal
Pistachio/VAD/vit-features/train/normal/commercial_normal_less/000000129830_all__1.npy,Normal
Pistachio/VAD/vit-features/train/normal/commercial_normal_less/000000129830_all__2.npy,Normal
Pistachio/VAD/vit-features/train/normal/commercial_normal_less/000000129830_all__3.npy,Normal
Pistachio/VAD/vit-features/train/normal/commercial_normal_less/000000129830_all__4.npy,Normal
Pistachio/VAD/vit-features/train/normal/commercial_normal_less/000000129830_all__5.npy,Normal
Pistachio/VAD/vit-features/train/normal/commercial_normal_less/000000129830_all__6.npy,Normal
Pistachio/VAD/vit-features/train/normal/commercial_normal_less/000000129830_all__7.npy,Normal
Pistachio/VAD/vit-features/train/normal/commercial_normal_less/000000129830_all__8.npy,Normal
Pistachio/VAD/vit-features/train/normal/commercial_normal_less/000000129830_all__9.npy,Normal
Pistachio/VAD/vit-features/train/normal/commercial_normal_less/000000133991_all__0.npy,Normal
Pistachio/VAD/vit-features/train/normal/commercial_normal_less/000000133991_all__1.npy,Normal
Pistachio/VAD/vit-features/train/normal/commercial_normal_less/000000133991_all__2.npy,Normal
Pistachio/VAD/vit-features/train/normal/commercial_normal_less/000000133991_all__3.npy,Normal
Pistachio/VAD/vit-features/train/normal/commercial_normal_less/000000133991_all__4.npy,Normal
Pistachio/VAD/vit-features/train/normal/commercial_normal_less/000000133991_all__5.npy,Normal
Pistachio/VAD/vit-features/train/normal/commercial_normal_less/000000133991_all__6.npy,Normal
Pistachio/VAD/vit-features/train/normal/commercial_normal_less/000000133991_all__7.npy,Normal
Pistachio/VAD/vit-features/train/normal/commercial_normal_less/000000133991_all__8.npy,Normal
Pistachio/VAD/vit-features/train/normal/commercial_normal_less/000000133991_all__9.npy,Normal
Pistachio/VAD/vit-features/train/normal/commercial_normal_less/000000140275_all__0.npy,Normal
Pistachio/VAD/vit-features/train/normal/commercial_normal_less/000000140275_all__1.npy,Normal
Pistachio/VAD/vit-features/train/normal/commercial_normal_less/000000140275_all__2.npy,Normal
Pistachio/VAD/vit-features/train/normal/commercial_normal_less/000000140275_all__3.npy,Normal
Pistachio/VAD/vit-features/train/normal/commercial_normal_less/000000140275_all__4.npy,Normal
Pistachio/VAD/vit-features/train/normal/commercial_normal_less/000000140275_all__5.npy,Normal
Pistachio/VAD/vit-features/train/normal/commercial_normal_less/000000140275_all__6.npy,Normal
Pistachio/VAD/vit-features/train/normal/commercial_normal_less/000000140275_all__7.npy,Normal
Pistachio/VAD/vit-features/train/normal/commercial_normal_less/000000140275_all__8.npy,Normal
Pistachio/VAD/vit-features/train/normal/commercial_normal_less/000000140275_all__9.npy,Normal
Pistachio/VAD/vit-features/train/normal/commercial_normal_less/000000143390_all__0.npy,Normal
Pistachio/VAD/vit-features/train/normal/commercial_normal_less/000000143390_all__1.npy,Normal
Pistachio/VAD/vit-features/train/normal/commercial_normal_less/000000143390_all__2.npy,Normal
Pistachio/VAD/vit-features/train/normal/commercial_normal_less/000000143390_all__3.npy,Normal
Pistachio/VAD/vit-features/train/normal/commercial_normal_less/000000143390_all__4.npy,Normal
Pistachio/VAD/vit-features/train/normal/commercial_normal_less/000000143390_all__5.npy,Normal
Pistachio/VAD/vit-features/train/normal/commercial_normal_less/000000143390_all__6.npy,Normal
Pistachio/VAD/vit-features/train/normal/commercial_normal_less/000000143390_all__7.npy,Normal
Pistachio/VAD/vit-features/train/normal/commercial_normal_less/000000143390_all__8.npy,Normal
Pistachio/VAD/vit-features/train/normal/commercial_normal_less/000000143390_all__9.npy,Normal
Pistachio/VAD/vit-features/train/normal/commercial_normal_less/000000143614_all__0.npy,Normal
Pistachio/VAD/vit-features/train/normal/commercial_normal_less/000000143614_all__1.npy,Normal
Pistachio/VAD/vit-features/train/normal/commercial_normal_less/000000143614_all__2.npy,Normal
Pistachio/VAD/vit-features/train/normal/commercial_normal_less/000000143614_all__3.npy,Normal
Pistachio/VAD/vit-features/train/normal/commercial_normal_less/000000143614_all__4.npy,Normal
Pistachio/VAD/vit-features/train/normal/commercial_normal_less/000000143614_all__5.npy,Normal
Pistachio/VAD/vit-features/train/normal/commercial_normal_less/000000143614_all__6.npy,Normal
Pistachio/VAD/vit-features/train/normal/commercial_normal_less/000000143614_all__7.npy,Normal
Pistachio/VAD/vit-features/train/normal/commercial_normal_less/000000143614_all__8.npy,Normal
Pistachio/VAD/vit-features/train/normal/commercial_normal_less/000000143614_all__9.npy,Normal
Pistachio/VAD/vit-features/train/normal/commercial_normal_less/000000145907_all__0.npy,Normal
Pistachio/VAD/vit-features/train/normal/commercial_normal_less/000000145907_all__1.npy,Normal
Pistachio/VAD/vit-features/train/normal/commercial_normal_less/000000145907_all__2.npy,Normal
Pistachio/VAD/vit-features/train/normal/commercial_normal_less/000000145907_all__3.npy,Normal
Pistachio/VAD/vit-features/train/normal/commercial_normal_less/000000145907_all__4.npy,Normal
Pistachio/VAD/vit-features/train/normal/commercial_normal_less/000000145907_all__5.npy,Normal
Pistachio/VAD/vit-features/train/normal/commercial_normal_less/000000145907_all__6.npy,Normal
Pistachio/VAD/vit-features/train/normal/commercial_normal_less/000000145907_all__7.npy,Normal
Pistachio/VAD/vit-features/train/normal/commercial_normal_less/000000145907_all__8.npy,Normal
Pistachio/VAD/vit-features/train/normal/commercial_normal_less/000000145907_all__9.npy,Normal
Pistachio/VAD/vit-features/train/normal/commercial_normal_less/000000198059_all__0.npy,Normal
Pistachio/VAD/vit-features/train/normal/commercial_normal_less/000000198059_all__1.npy,Normal
Pistachio/VAD/vit-features/train/normal/commercial_normal_less/000000198059_all__2.npy,Normal
Pistachio/VAD/vit-features/train/normal/commercial_normal_less/000000198059_all__3.npy,Normal
Pistachio/VAD/vit-features/train/normal/commercial_normal_less/000000198059_all__4.npy,Normal
Pistachio/VAD/vit-features/train/normal/commercial_normal_less/000000198059_all__5.npy,Normal
Pistachio/VAD/vit-features/train/normal/commercial_normal_less/000000198059_all__6.npy,Normal
Pistachio/VAD/vit-features/train/normal/commercial_normal_less/000000198059_all__7.npy,Normal
Pistachio/VAD/vit-features/train/normal/commercial_normal_less/000000198059_all__8.npy,Normal
Pistachio/VAD/vit-features/train/normal/commercial_normal_less/000000198059_all__9.npy,Normal
Pistachio/VAD/vit-features/train/normal/commercial_normal_less/000000225181_all__0.npy,Normal
Pistachio/VAD/vit-features/train/normal/commercial_normal_less/000000225181_all__1.npy,Normal
Pistachio/VAD/vit-features/train/normal/commercial_normal_less/000000225181_all__2.npy,Normal
Pistachio/VAD/vit-features/train/normal/commercial_normal_less/000000225181_all__3.npy,Normal
Pistachio/VAD/vit-features/train/normal/commercial_normal_less/000000225181_all__4.npy,Normal
Pistachio/VAD/vit-features/train/normal/commercial_normal_less/000000225181_all__5.npy,Normal
Pistachio/VAD/vit-features/train/normal/commercial_normal_less/000000225181_all__6.npy,Normal
Pistachio/VAD/vit-features/train/normal/commercial_normal_less/000000225181_all__7.npy,Normal
Pistachio/VAD/vit-features/train/normal/commercial_normal_less/000000225181_all__8.npy,Normal
Pistachio/VAD/vit-features/train/normal/commercial_normal_less/000000225181_all__9.npy,Normal
Pistachio/VAD/vit-features/train/normal/commercial_normal_less/000000225515_all__0.npy,Normal
Pistachio/VAD/vit-features/train/normal/commercial_normal_less/000000225515_all__1.npy,Normal
Pistachio/VAD/vit-features/train/normal/commercial_normal_less/000000225515_all__2.npy,Normal
Pistachio/VAD/vit-features/train/normal/commercial_normal_less/000000225515_all__3.npy,Normal
Pistachio/VAD/vit-features/train/normal/commercial_normal_less/000000225515_all__4.npy,Normal
Pistachio/VAD/vit-features/train/normal/commercial_normal_less/000000225515_all__5.npy,Normal
Pistachio/VAD/vit-features/train/normal/commercial_normal_less/000000225515_all__6.npy,Normal
Pistachio/VAD/vit-features/train/normal/commercial_normal_less/000000225515_all__7.npy,Normal
Pistachio/VAD/vit-features/train/normal/commercial_normal_less/000000225515_all__8.npy,Normal
Pistachio/VAD/vit-features/train/normal/commercial_normal_less/000000225515_all__9.npy,Normal
Pistachio/VAD/vit-features/train/normal/commercial_normal_less/000000226911_all__0.npy,Normal
Pistachio/VAD/vit-features/train/normal/commercial_normal_less/000000226911_all__1.npy,Normal
Pistachio/VAD/vit-features/train/normal/commercial_normal_less/000000226911_all__2.npy,Normal
Pistachio/VAD/vit-features/train/normal/commercial_normal_less/000000226911_all__3.npy,Normal
Pistachio/VAD/vit-features/train/normal/commercial_normal_less/000000226911_all__4.npy,Normal
Pistachio/VAD/vit-features/train/normal/commercial_normal_less/000000226911_all__5.npy,Normal
Pistachio/VAD/vit-features/train/normal/commercial_normal_less/000000226911_all__6.npy,Normal
Pistachio/VAD/vit-features/train/normal/commercial_normal_less/000000226911_all__7.npy,Normal
Pistachio/VAD/vit-features/train/normal/commercial_normal_less/000000226911_all__8.npy,Normal
Pistachio/VAD/vit-features/train/normal/commercial_normal_less/000000226911_all__9.npy,Normal
Pistachio/VAD/vit-features/train/normal/commercial_normal_less/000000228067_all__0.npy,Normal
Pistachio/VAD/vit-features/train/normal/commercial_normal_less/000000228067_all__1.npy,Normal
Pistachio/VAD/vit-features/train/normal/commercial_normal_less/000000228067_all__2.npy,Normal
Pistachio/VAD/vit-features/train/normal/commercial_normal_less/000000228067_all__3.npy,Normal
Pistachio/VAD/vit-features/train/normal/commercial_normal_less/000000228067_all__4.npy,Normal
Pistachio/VAD/vit-features/train/normal/commercial_normal_less/000000228067_all__5.npy,Normal
Pistachio/VAD/vit-features/train/normal/commercial_normal_less/000000228067_all__6.npy,Normal
Pistachio/VAD/vit-features/train/normal/commercial_normal_less/000000228067_all__7.npy,Normal
Pistachio/VAD/vit-features/train/normal/commercial_normal_less/000000228067_all__8.npy,Normal
Pistachio/VAD/vit-features/train/normal/commercial_normal_less/000000228067_all__9.npy,Normal
Pistachio/VAD/vit-features/train/normal/commercial_normal_less/000000230280_all__0.npy,Normal
Pistachio/VAD/vit-features/train/normal/commercial_normal_less/000000230280_all__1.npy,Normal
Pistachio/VAD/vit-features/train/normal/commercial_normal_less/000000230280_all__2.npy,Normal
Pistachio/VAD/vit-features/train/normal/commercial_normal_less/000000230280_all__3.npy,Normal
Pistachio/VAD/vit-features/train/normal/commercial_normal_less/000000230280_all__4.npy,Normal
Pistachio/VAD/vit-features/train/normal/commercial_normal_less/000000230280_all__5.npy,Normal
Pistachio/VAD/vit-features/train/normal/commercial_normal_less/000000230280_all__6.npy,Normal
Pistachio/VAD/vit-features/train/normal/commercial_normal_less/000000230280_all__7.npy,Normal
Pistachio/VAD/vit-features/train/normal/commercial_normal_less/000000230280_all__8.npy,Normal
Pistachio/VAD/vit-features/train/normal/commercial_normal_less/000000230280_all__9.npy,Normal
Pistachio/VAD/vit-features/train/normal/commercial_normal_less/000000231065_all__0.npy,Normal
Pistachio/VAD/vit-features/train/normal/commercial_normal_less/000000231065_all__1.npy,Normal
Pistachio/VAD/vit-features/train/normal/commercial_normal_less/000000231065_all__2.npy,Normal
Pistachio/VAD/vit-features/train/normal/commercial_normal_less/000000231065_all__3.npy,Normal
Pistachio/VAD/vit-features/train/normal/commercial_normal_less/000000231065_all__4.npy,Normal
Pistachio/VAD/vit-features/train/normal/commercial_normal_less/000000231065_all__5.npy,Normal
Pistachio/VAD/vit-features/train/normal/commercial_normal_less/000000231065_all__6.npy,Normal
Pistachio/VAD/vit-features/train/normal/commercial_normal_less/000000231065_all__7.npy,Normal
Pistachio/VAD/vit-features/train/normal/commercial_normal_less/000000231065_all__8.npy,Normal
Pistachio/VAD/vit-features/train/normal/commercial_normal_less/000000231065_all__9.npy,Normal
Pistachio/VAD/vit-features/train/normal/commercial_normal_less/000000231300_all__0.npy,Normal
Pistachio/VAD/vit-features/train/normal/commercial_normal_less/000000231300_all__1.npy,Normal
Pistachio/VAD/vit-features/train/normal/commercial_normal_less/000000231300_all__2.npy,Normal
Pistachio/VAD/vit-features/train/normal/commercial_normal_less/000000231300_all__3.npy,Normal
Pistachio/VAD/vit-features/train/normal/commercial_normal_less/000000231300_all__4.npy,Normal
Pistachio/VAD/vit-features/train/normal/commercial_normal_less/000000231300_all__5.npy,Normal
Pistachio/VAD/vit-features/train/normal/commercial_normal_less/000000231300_all__6.npy,Normal
Pistachio/VAD/vit-features/train/normal/commercial_normal_less/000000231300_all__7.npy,Normal
Pistachio/VAD/vit-features/train/normal/commercial_normal_less/000000231300_all__8.npy,Normal
Pistachio/VAD/vit-features/train/normal/commercial_normal_less/000000231300_all__9.npy,Normal
Pistachio/VAD/vit-features/train/normal/commercial_normal_less/000000231579_all__0.npy,Normal
Pistachio/VAD/vit-features/train/normal/commercial_normal_less/000000231579_all__1.npy,Normal
Pistachio/VAD/vit-features/train/normal/commercial_normal_less/000000231579_all__2.npy,Normal
Pistachio/VAD/vit-features/train/normal/commercial_normal_less/000000231579_all__3.npy,Normal
Pistachio/VAD/vit-features/train/normal/commercial_normal_less/000000231579_all__4.npy,Normal
Pistachio/VAD/vit-features/train/normal/commercial_normal_less/000000231579_all__5.npy,Normal
Pistachio/VAD/vit-features/train/normal/commercial_normal_less/000000231579_all__6.npy,Normal
Pistachio/VAD/vit-features/train/normal/commercial_normal_less/000000231579_all__7.npy,Normal
Pistachio/VAD/vit-features/train/normal/commercial_normal_less/000000231579_all__8.npy,Normal
Pistachio/VAD/vit-features/train/normal/commercial_normal_less/000000231579_all__9.npy,Normal
Pistachio/VAD/vit-features/train/normal/commercial_normal_less/000000233753_all__0.npy,Normal
Pistachio/VAD/vit-features/train/normal/commercial_normal_less/000000233753_all__1.npy,Normal
Pistachio/VAD/vit-features/train/normal/commercial_normal_less/000000233753_all__2.npy,Normal
Pistachio/VAD/vit-features/train/normal/commercial_normal_less/000000233753_all__3.npy,Normal
Pistachio/VAD/vit-features/train/normal/commercial_normal_less/000000233753_all__4.npy,Normal
Pistachio/VAD/vit-features/train/normal/commercial_normal_less/000000233753_all__5.npy,Normal
Pistachio/VAD/vit-features/train/normal/commercial_normal_less/000000233753_all__6.npy,Normal
Pistachio/VAD/vit-features/train/normal/commercial_normal_less/000000233753_all__7.npy,Normal
Pistachio/VAD/vit-features/train/normal/commercial_normal_less/000000233753_all__8.npy,Normal
Pistachio/VAD/vit-features/train/normal/commercial_normal_less/000000233753_all__9.npy,Normal
Pistachio/VAD/vit-features/train/normal/commercial_normal_less/000000241239_all__0.npy,Normal
Pistachio/VAD/vit-features/train/normal/commercial_normal_less/000000241239_all__1.npy,Normal
Pistachio/VAD/vit-features/train/normal/commercial_normal_less/000000241239_all__2.npy,Normal
Pistachio/VAD/vit-features/train/normal/commercial_normal_less/000000241239_all__3.npy,Normal
Pistachio/VAD/vit-features/train/normal/commercial_normal_less/000000241239_all__4.npy,Normal
Pistachio/VAD/vit-features/train/normal/commercial_normal_less/000000241239_all__5.npy,Normal
Pistachio/VAD/vit-features/train/normal/commercial_normal_less/000000241239_all__6.npy,Normal
Pistachio/VAD/vit-features/train/normal/commercial_normal_less/000000241239_all__7.npy,Normal
Pistachio/VAD/vit-features/train/normal/commercial_normal_less/000000241239_all__8.npy,Normal
Pistachio/VAD/vit-features/train/normal/commercial_normal_less/000000241239_all__9.npy,Normal
Pistachio/VAD/vit-features/train/normal/commercial_normal_less/000000266201_all__0.npy,Normal
Pistachio/VAD/vit-features/train/normal/commercial_normal_less/000000266201_all__1.npy,Normal
Pistachio/VAD/vit-features/train/normal/commercial_normal_less/000000266201_all__2.npy,Normal
Pistachio/VAD/vit-features/train/normal/commercial_normal_less/000000266201_all__3.npy,Normal
Pistachio/VAD/vit-features/train/normal/commercial_normal_less/000000266201_all__4.npy,Normal
Pistachio/VAD/vit-features/train/normal/commercial_normal_less/000000266201_all__5.npy,Normal
Pistachio/VAD/vit-features/train/normal/commercial_normal_less/000000266201_all__6.npy,Normal
Pistachio/VAD/vit-features/train/normal/commercial_normal_less/000000266201_all__7.npy,Normal
Pistachio/VAD/vit-features/train/normal/commercial_normal_less/000000266201_all__8.npy,Normal
Pistachio/VAD/vit-features/train/normal/commercial_normal_less/000000266201_all__9.npy,Normal
Pistachio/VAD/vit-features/train/normal/commercial_normal_less/000000272996_all__0.npy,Normal
Pistachio/VAD/vit-features/train/normal/commercial_normal_less/000000272996_all__1.npy,Normal
Pistachio/VAD/vit-features/train/normal/commercial_normal_less/000000272996_all__2.npy,Normal
Pistachio/VAD/vit-features/train/normal/commercial_normal_less/000000272996_all__3.npy,Normal
Pistachio/VAD/vit-features/train/normal/commercial_normal_less/000000272996_all__4.npy,Normal
Pistachio/VAD/vit-features/train/normal/commercial_normal_less/000000272996_all__5.npy,Normal
Pistachio/VAD/vit-features/train/normal/commercial_normal_less/000000272996_all__6.npy,Normal
Pistachio/VAD/vit-features/train/normal/commercial_normal_less/000000272996_all__7.npy,Normal
Pistachio/VAD/vit-features/train/normal/commercial_normal_less/000000272996_all__8.npy,Normal
Pistachio/VAD/vit-features/train/normal/commercial_normal_less/000000272996_all__9.npy,Normal
Pistachio/VAD/vit-features/train/normal/commercial_normal_less/000000285277_all__0.npy,Normal
Pistachio/VAD/vit-features/train/normal/commercial_normal_less/000000285277_all__1.npy,Normal
Pistachio/VAD/vit-features/train/normal/commercial_normal_less/000000285277_all__2.npy,Normal
Pistachio/VAD/vit-features/train/normal/commercial_normal_less/000000285277_all__3.npy,Normal
Pistachio/VAD/vit-features/train/normal/commercial_normal_less/000000285277_all__4.npy,Normal
Pistachio/VAD/vit-features/train/normal/commercial_normal_less/000000285277_all__5.npy,Normal
Pistachio/VAD/vit-features/train/normal/commercial_normal_less/000000285277_all__6.npy,Normal
Pistachio/VAD/vit-features/train/normal/commercial_normal_less/000000285277_all__7.npy,Normal
Pistachio/VAD/vit-features/train/normal/commercial_normal_less/000000285277_all__8.npy,Normal
Pistachio/VAD/vit-features/train/normal/commercial_normal_less/000000285277_all__9.npy,Normal
Pistachio/VAD/vit-features/train/normal/commercial_normal_less/000000287753_all__0.npy,Normal
Pistachio/VAD/vit-features/train/normal/commercial_normal_less/000000287753_all__1.npy,Normal
Pistachio/VAD/vit-features/train/normal/commercial_normal_less/000000287753_all__2.npy,Normal
Pistachio/VAD/vit-features/train/normal/commercial_normal_less/000000287753_all__3.npy,Normal
Pistachio/VAD/vit-features/train/normal/commercial_normal_less/000000287753_all__4.npy,Normal
Pistachio/VAD/vit-features/train/normal/commercial_normal_less/000000287753_all__5.npy,Normal
Pistachio/VAD/vit-features/train/normal/commercial_normal_less/000000287753_all__6.npy,Normal
Pistachio/VAD/vit-features/train/normal/commercial_normal_less/000000287753_all__7.npy,Normal
Pistachio/VAD/vit-features/train/normal/commercial_normal_less/000000287753_all__8.npy,Normal
Pistachio/VAD/vit-features/train/normal/commercial_normal_less/000000287753_all__9.npy,Normal
Pistachio/VAD/vit-features/train/normal/commercial_normal_less/000000287761_all__0.npy,Normal
Pistachio/VAD/vit-features/train/normal/commercial_normal_less/000000287761_all__1.npy,Normal
Pistachio/VAD/vit-features/train/normal/commercial_normal_less/000000287761_all__2.npy,Normal
Pistachio/VAD/vit-features/train/normal/commercial_normal_less/000000287761_all__3.npy,Normal
Pistachio/VAD/vit-features/train/normal/commercial_normal_less/000000287761_all__4.npy,Normal
Pistachio/VAD/vit-features/train/normal/commercial_normal_less/000000287761_all__5.npy,Normal
Pistachio/VAD/vit-features/train/normal/commercial_normal_less/000000287761_all__6.npy,Normal
Pistachio/VAD/vit-features/train/normal/commercial_normal_less/000000287761_all__7.npy,Normal
Pistachio/VAD/vit-features/train/normal/commercial_normal_less/000000287761_all__8.npy,Normal
Pistachio/VAD/vit-features/train/normal/commercial_normal_less/000000287761_all__9.npy,Normal
Pistachio/VAD/vit-features/train/normal/commercial_normal_less/000000287812_all__0.npy,Normal
Pistachio/VAD/vit-features/train/normal/commercial_normal_less/000000287812_all__1.npy,Normal
Pistachio/VAD/vit-features/train/normal/commercial_normal_less/000000287812_all__2.npy,Normal
Pistachio/VAD/vit-features/train/normal/commercial_normal_less/000000287812_all__3.npy,Normal
Pistachio/VAD/vit-features/train/normal/commercial_normal_less/000000287812_all__4.npy,Normal
Pistachio/VAD/vit-features/train/normal/commercial_normal_less/000000287812_all__5.npy,Normal
Pistachio/VAD/vit-features/train/normal/commercial_normal_less/000000287812_all__6.npy,Normal
Pistachio/VAD/vit-features/train/normal/commercial_normal_less/000000287812_all__7.npy,Normal
Pistachio/VAD/vit-features/train/normal/commercial_normal_less/000000287812_all__8.npy,Normal
Pistachio/VAD/vit-features/train/normal/commercial_normal_less/000000287812_all__9.npy,Normal
Pistachio/VAD/vit-features/train/normal/commercial_normal_less/000000325841_all__0.npy,Normal
Pistachio/VAD/vit-features/train/normal/commercial_normal_less/000000325841_all__1.npy,Normal
Pistachio/VAD/vit-features/train/normal/commercial_normal_less/000000325841_all__2.npy,Normal
Pistachio/VAD/vit-features/train/normal/commercial_normal_less/000000325841_all__3.npy,Normal
Pistachio/VAD/vit-features/train/normal/commercial_normal_less/000000325841_all__4.npy,Normal
Pistachio/VAD/vit-features/train/normal/commercial_normal_less/000000325841_all__5.npy,Normal
Pistachio/VAD/vit-features/train/normal/commercial_normal_less/000000325841_all__6.npy,Normal
Pistachio/VAD/vit-features/train/normal/commercial_normal_less/000000325841_all__7.npy,Normal
Pistachio/VAD/vit-features/train/normal/commercial_normal_less/000000325841_all__8.npy,Normal
Pistachio/VAD/vit-features/train/normal/commercial_normal_less/000000325841_all__9.npy,Normal
Pistachio/VAD/vit-features/train/normal/commercial_normal_less/000000341334_all__0.npy,Normal
Pistachio/VAD/vit-features/train/normal/commercial_normal_less/000000341334_all__1.npy,Normal
Pistachio/VAD/vit-features/train/normal/commercial_normal_less/000000341334_all__2.npy,Normal
Pistachio/VAD/vit-features/train/normal/commercial_normal_less/000000341334_all__3.npy,Normal
Pistachio/VAD/vit-features/train/normal/commercial_normal_less/000000341334_all__4.npy,Normal
Pistachio/VAD/vit-features/train/normal/commercial_normal_less/000000341334_all__5.npy,Normal
Pistachio/VAD/vit-features/train/normal/commercial_normal_less/000000341334_all__6.npy,Normal
Pistachio/VAD/vit-features/train/normal/commercial_normal_less/000000341334_all__7.npy,Normal
Pistachio/VAD/vit-features/train/normal/commercial_normal_less/000000341334_all__8.npy,Normal
Pistachio/VAD/vit-features/train/normal/commercial_normal_less/000000341334_all__9.npy,Normal
Pistachio/VAD/vit-features/train/normal/commercial_normal_less/000000342924_all__0.npy,Normal
Pistachio/VAD/vit-features/train/normal/commercial_normal_less/000000342924_all__1.npy,Normal
Pistachio/VAD/vit-features/train/normal/commercial_normal_less/000000342924_all__2.npy,Normal
Pistachio/VAD/vit-features/train/normal/commercial_normal_less/000000342924_all__3.npy,Normal
Pistachio/VAD/vit-features/train/normal/commercial_normal_less/000000342924_all__4.npy,Normal
Pistachio/VAD/vit-features/train/normal/commercial_normal_less/000000342924_all__5.npy,Normal
Pistachio/VAD/vit-features/train/normal/commercial_normal_less/000000342924_all__6.npy,Normal
Pistachio/VAD/vit-features/train/normal/commercial_normal_less/000000342924_all__7.npy,Normal
Pistachio/VAD/vit-features/train/normal/commercial_normal_less/000000342924_all__8.npy,Normal
Pistachio/VAD/vit-features/train/normal/commercial_normal_less/000000342924_all__9.npy,Normal
Pistachio/VAD/vit-features/train/normal/commercial_normal_less/000000351248_all__0.npy,Normal
Pistachio/VAD/vit-features/train/normal/commercial_normal_less/000000351248_all__1.npy,Normal
Pistachio/VAD/vit-features/train/normal/commercial_normal_less/000000351248_all__2.npy,Normal
Pistachio/VAD/vit-features/train/normal/commercial_normal_less/000000351248_all__3.npy,Normal
Pistachio/VAD/vit-features/train/normal/commercial_normal_less/000000351248_all__4.npy,Normal
Pistachio/VAD/vit-features/train/normal/commercial_normal_less/000000351248_all__5.npy,Normal
Pistachio/VAD/vit-features/train/normal/commercial_normal_less/000000351248_all__6.npy,Normal
Pistachio/VAD/vit-features/train/normal/commercial_normal_less/000000351248_all__7.npy,Normal
Pistachio/VAD/vit-features/train/normal/commercial_normal_less/000000351248_all__8.npy,Normal
Pistachio/VAD/vit-features/train/normal/commercial_normal_less/000000351248_all__9.npy,Normal
Pistachio/VAD/vit-features/train/normal/commercial_normal_less/000000351666_all__0.npy,Normal
Pistachio/VAD/vit-features/train/normal/commercial_normal_less/000000351666_all__1.npy,Normal
Pistachio/VAD/vit-features/train/normal/commercial_normal_less/000000351666_all__2.npy,Normal
Pistachio/VAD/vit-features/train/normal/commercial_normal_less/000000351666_all__3.npy,Normal
Pistachio/VAD/vit-features/train/normal/commercial_normal_less/000000351666_all__4.npy,Normal
Pistachio/VAD/vit-features/train/normal/commercial_normal_less/000000351666_all__5.npy,Normal
Pistachio/VAD/vit-features/train/normal/commercial_normal_less/000000351666_all__6.npy,Normal
Pistachio/VAD/vit-features/train/normal/commercial_normal_less/000000351666_all__7.npy,Normal
Pistachio/VAD/vit-features/train/normal/commercial_normal_less/000000351666_all__8.npy,Normal
Pistachio/VAD/vit-features/train/normal/commercial_normal_less/000000351666_all__9.npy,Normal
Pistachio/VAD/vit-features/train/normal/commercial_normal_less/000000352625_all__0.npy,Normal
Pistachio/VAD/vit-features/train/normal/commercial_normal_less/000000352625_all__1.npy,Normal
Pistachio/VAD/vit-features/train/normal/commercial_normal_less/000000352625_all__2.npy,Normal
Pistachio/VAD/vit-features/train/normal/commercial_normal_less/000000352625_all__3.npy,Normal
Pistachio/VAD/vit-features/train/normal/commercial_normal_less/000000352625_all__4.npy,Normal
Pistachio/VAD/vit-features/train/normal/commercial_normal_less/000000352625_all__5.npy,Normal
Pistachio/VAD/vit-features/train/normal/commercial_normal_less/000000352625_all__6.npy,Normal
Pistachio/VAD/vit-features/train/normal/commercial_normal_less/000000352625_all__7.npy,Normal
Pistachio/VAD/vit-features/train/normal/commercial_normal_less/000000352625_all__8.npy,Normal
Pistachio/VAD/vit-features/train/normal/commercial_normal_less/000000352625_all__9.npy,Normal
Pistachio/VAD/vit-features/train/normal/commercial_normal_less/000000354635_all__0.npy,Normal
Pistachio/VAD/vit-features/train/normal/commercial_normal_less/000000354635_all__1.npy,Normal
Pistachio/VAD/vit-features/train/normal/commercial_normal_less/000000354635_all__2.npy,Normal
Pistachio/VAD/vit-features/train/normal/commercial_normal_less/000000354635_all__3.npy,Normal
Pistachio/VAD/vit-features/train/normal/commercial_normal_less/000000354635_all__4.npy,Normal
Pistachio/VAD/vit-features/train/normal/commercial_normal_less/000000354635_all__5.npy,Normal
Pistachio/VAD/vit-features/train/normal/commercial_normal_less/000000354635_all__6.npy,Normal
Pistachio/VAD/vit-features/train/normal/commercial_normal_less/000000354635_all__7.npy,Normal
Pistachio/VAD/vit-features/train/normal/commercial_normal_less/000000354635_all__8.npy,Normal
Pistachio/VAD/vit-features/train/normal/commercial_normal_less/000000354635_all__9.npy,Normal
Pistachio/VAD/vit-features/train/normal/commercial_normal_less/000000354965_all__0.npy,Normal
Pistachio/VAD/vit-features/train/normal/commercial_normal_less/000000354965_all__1.npy,Normal
Pistachio/VAD/vit-features/train/normal/commercial_normal_less/000000354965_all__2.npy,Normal
Pistachio/VAD/vit-features/train/normal/commercial_normal_less/000000354965_all__3.npy,Normal
Pistachio/VAD/vit-features/train/normal/commercial_normal_less/000000354965_all__4.npy,Normal
Pistachio/VAD/vit-features/train/normal/commercial_normal_less/000000354965_all__5.npy,Normal
Pistachio/VAD/vit-features/train/normal/commercial_normal_less/000000354965_all__6.npy,Normal
Pistachio/VAD/vit-features/train/normal/commercial_normal_less/000000354965_all__7.npy,Normal
Pistachio/VAD/vit-features/train/normal/commercial_normal_less/000000354965_all__8.npy,Normal
Pistachio/VAD/vit-features/train/normal/commercial_normal_less/000000354965_all__9.npy,Normal
Pistachio/VAD/vit-features/train/normal/commercial_normal_less/000000356003_all__0.npy,Normal
Pistachio/VAD/vit-features/train/normal/commercial_normal_less/000000356003_all__1.npy,Normal
Pistachio/VAD/vit-features/train/normal/commercial_normal_less/000000356003_all__2.npy,Normal
Pistachio/VAD/vit-features/train/normal/commercial_normal_less/000000356003_all__3.npy,Normal
Pistachio/VAD/vit-features/train/normal/commercial_normal_less/000000356003_all__4.npy,Normal
Pistachio/VAD/vit-features/train/normal/commercial_normal_less/000000356003_all__5.npy,Normal
Pistachio/VAD/vit-features/train/normal/commercial_normal_less/000000356003_all__6.npy,Normal
Pistachio/VAD/vit-features/train/normal/commercial_normal_less/000000356003_all__7.npy,Normal
Pistachio/VAD/vit-features/train/normal/commercial_normal_less/000000356003_all__8.npy,Normal
Pistachio/VAD/vit-features/train/normal/commercial_normal_less/000000356003_all__9.npy,Normal
Pistachio/VAD/vit-features/train/normal/commercial_normal_less/000000357376_all__0.npy,Normal
Pistachio/VAD/vit-features/train/normal/commercial_normal_less/000000357376_all__1.npy,Normal
Pistachio/VAD/vit-features/train/normal/commercial_normal_less/000000357376_all__2.npy,Normal
Pistachio/VAD/vit-features/train/normal/commercial_normal_less/000000357376_all__3.npy,Normal
Pistachio/VAD/vit-features/train/normal/commercial_normal_less/000000357376_all__4.npy,Normal
Pistachio/VAD/vit-features/train/normal/commercial_normal_less/000000357376_all__5.npy,Normal
Pistachio/VAD/vit-features/train/normal/commercial_normal_less/000000357376_all__6.npy,Normal
Pistachio/VAD/vit-features/train/normal/commercial_normal_less/000000357376_all__7.npy,Normal
Pistachio/VAD/vit-features/train/normal/commercial_normal_less/000000357376_all__8.npy,Normal
Pistachio/VAD/vit-features/train/normal/commercial_normal_less/000000357376_all__9.npy,Normal
Pistachio/VAD/vit-features/train/normal/commercial_normal_less/000000357778_all__0.npy,Normal
Pistachio/VAD/vit-features/train/normal/commercial_normal_less/000000357778_all__1.npy,Normal
Pistachio/VAD/vit-features/train/normal/commercial_normal_less/000000357778_all__2.npy,Normal
Pistachio/VAD/vit-features/train/normal/commercial_normal_less/000000357778_all__3.npy,Normal
Pistachio/VAD/vit-features/train/normal/commercial_normal_less/000000357778_all__4.npy,Normal
Pistachio/VAD/vit-features/train/normal/commercial_normal_less/000000357778_all__5.npy,Normal
Pistachio/VAD/vit-features/train/normal/commercial_normal_less/000000357778_all__6.npy,Normal
Pistachio/VAD/vit-features/train/normal/commercial_normal_less/000000357778_all__7.npy,Normal
Pistachio/VAD/vit-features/train/normal/commercial_normal_less/000000357778_all__8.npy,Normal
Pistachio/VAD/vit-features/train/normal/commercial_normal_less/000000357778_all__9.npy,Normal
Pistachio/VAD/vit-features/train/normal/commercial_normal_less/000000358670_all__0.npy,Normal
Pistachio/VAD/vit-features/train/normal/commercial_normal_less/000000358670_all__1.npy,Normal
Pistachio/VAD/vit-features/train/normal/commercial_normal_less/000000358670_all__2.npy,Normal
Pistachio/VAD/vit-features/train/normal/commercial_normal_less/000000358670_all__3.npy,Normal
Pistachio/VAD/vit-features/train/normal/commercial_normal_less/000000358670_all__4.npy,Normal
Pistachio/VAD/vit-features/train/normal/commercial_normal_less/000000358670_all__5.npy,Normal
Pistachio/VAD/vit-features/train/normal/commercial_normal_less/000000358670_all__6.npy,Normal
Pistachio/VAD/vit-features/train/normal/commercial_normal_less/000000358670_all__7.npy,Normal
Pistachio/VAD/vit-features/train/normal/commercial_normal_less/000000358670_all__8.npy,Normal
Pistachio/VAD/vit-features/train/normal/commercial_normal_less/000000358670_all__9.npy,Normal
Pistachio/VAD/vit-features/train/normal/commercial_normal_less/000000359263_all__0.npy,Normal
Pistachio/VAD/vit-features/train/normal/commercial_normal_less/000000359263_all__1.npy,Normal
Pistachio/VAD/vit-features/train/normal/commercial_normal_less/000000359263_all__2.npy,Normal
Pistachio/VAD/vit-features/train/normal/commercial_normal_less/000000359263_all__3.npy,Normal
Pistachio/VAD/vit-features/train/normal/commercial_normal_less/000000359263_all__4.npy,Normal
Pistachio/VAD/vit-features/train/normal/commercial_normal_less/000000359263_all__5.npy,Normal
Pistachio/VAD/vit-features/train/normal/commercial_normal_less/000000359263_all__6.npy,Normal
Pistachio/VAD/vit-features/train/normal/commercial_normal_less/000000359263_all__7.npy,Normal
Pistachio/VAD/vit-features/train/normal/commercial_normal_less/000000359263_all__8.npy,Normal
Pistachio/VAD/vit-features/train/normal/commercial_normal_less/000000359263_all__9.npy,Normal
Pistachio/VAD/vit-features/train/normal/commercial_normal_less/000000359460_all__0.npy,Normal
Pistachio/VAD/vit-features/train/normal/commercial_normal_less/000000359460_all__1.npy,Normal
Pistachio/VAD/vit-features/train/normal/commercial_normal_less/000000359460_all__2.npy,Normal
Pistachio/VAD/vit-features/train/normal/commercial_normal_less/000000359460_all__3.npy,Normal
Pistachio/VAD/vit-features/train/normal/commercial_normal_less/000000359460_all__4.npy,Normal
Pistachio/VAD/vit-features/train/normal/commercial_normal_less/000000359460_all__5.npy,Normal
Pistachio/VAD/vit-features/train/normal/commercial_normal_less/000000359460_all__6.npy,Normal
Pistachio/VAD/vit-features/train/normal/commercial_normal_less/000000359460_all__7.npy,Normal
Pistachio/VAD/vit-features/train/normal/commercial_normal_less/000000359460_all__8.npy,Normal
Pistachio/VAD/vit-features/train/normal/commercial_normal_less/000000359460_all__9.npy,Normal
Pistachio/VAD/vit-features/train/normal/commercial_normal_less/000000360003_all__0.npy,Normal
Pistachio/VAD/vit-features/train/normal/commercial_normal_less/000000360003_all__1.npy,Normal
Pistachio/VAD/vit-features/train/normal/commercial_normal_less/000000360003_all__2.npy,Normal
Pistachio/VAD/vit-features/train/normal/commercial_normal_less/000000360003_all__3.npy,Normal
Pistachio/VAD/vit-features/train/normal/commercial_normal_less/000000360003_all__4.npy,Normal
Pistachio/VAD/vit-features/train/normal/commercial_normal_less/000000360003_all__5.npy,Normal
Pistachio/VAD/vit-features/train/normal/commercial_normal_less/000000360003_all__6.npy,Normal
Pistachio/VAD/vit-features/train/normal/commercial_normal_less/000000360003_all__7.npy,Normal
Pistachio/VAD/vit-features/train/normal/commercial_normal_less/000000360003_all__8.npy,Normal
Pistachio/VAD/vit-features/train/normal/commercial_normal_less/000000360003_all__9.npy,Normal
Pistachio/VAD/vit-features/train/normal/commercial_normal_less/000000360391_all__0.npy,Normal
Pistachio/VAD/vit-features/train/normal/commercial_normal_less/000000360391_all__1.npy,Normal
Pistachio/VAD/vit-features/train/normal/commercial_normal_less/000000360391_all__2.npy,Normal
Pistachio/VAD/vit-features/train/normal/commercial_normal_less/000000360391_all__3.npy,Normal
Pistachio/VAD/vit-features/train/normal/commercial_normal_less/000000360391_all__4.npy,Normal
Pistachio/VAD/vit-features/train/normal/commercial_normal_less/000000360391_all__5.npy,Normal
Pistachio/VAD/vit-features/train/normal/commercial_normal_less/000000360391_all__6.npy,Normal
Pistachio/VAD/vit-features/train/normal/commercial_normal_less/000000360391_all__7.npy,Normal
Pistachio/VAD/vit-features/train/normal/commercial_normal_less/000000360391_all__8.npy,Normal
Pistachio/VAD/vit-features/train/normal/commercial_normal_less/000000360391_all__9.npy,Normal
Pistachio/VAD/vit-features/train/normal/commercial_normal_less/000000363003_all__0.npy,Normal
Pistachio/VAD/vit-features/train/normal/commercial_normal_less/000000363003_all__1.npy,Normal
Pistachio/VAD/vit-features/train/normal/commercial_normal_less/000000363003_all__2.npy,Normal
Pistachio/VAD/vit-features/train/normal/commercial_normal_less/000000363003_all__3.npy,Normal
Pistachio/VAD/vit-features/train/normal/commercial_normal_less/000000363003_all__4.npy,Normal
Pistachio/VAD/vit-features/train/normal/commercial_normal_less/000000363003_all__5.npy,Normal
Pistachio/VAD/vit-features/train/normal/commercial_normal_less/000000363003_all__6.npy,Normal
Pistachio/VAD/vit-features/train/normal/commercial_normal_less/000000363003_all__7.npy,Normal
Pistachio/VAD/vit-features/train/normal/commercial_normal_less/000000363003_all__8.npy,Normal
Pistachio/VAD/vit-features/train/normal/commercial_normal_less/000000363003_all__9.npy,Normal
Pistachio/VAD/vit-features/train/normal/commercial_normal_less/000000364318_all__0.npy,Normal
Pistachio/VAD/vit-features/train/normal/commercial_normal_less/000000364318_all__1.npy,Normal
Pistachio/VAD/vit-features/train/normal/commercial_normal_less/000000364318_all__2.npy,Normal
Pistachio/VAD/vit-features/train/normal/commercial_normal_less/000000364318_all__3.npy,Normal
Pistachio/VAD/vit-features/train/normal/commercial_normal_less/000000364318_all__4.npy,Normal
Pistachio/VAD/vit-features/train/normal/commercial_normal_less/000000364318_all__5.npy,Normal
Pistachio/VAD/vit-features/train/normal/commercial_normal_less/000000364318_all__6.npy,Normal
Pistachio/VAD/vit-features/train/normal/commercial_normal_less/000000364318_all__7.npy,Normal
Pistachio/VAD/vit-features/train/normal/commercial_normal_less/000000364318_all__8.npy,Normal
Pistachio/VAD/vit-features/train/normal/commercial_normal_less/000000364318_all__9.npy,Normal
Pistachio/VAD/vit-features/train/normal/commercial_normal_less/000000364998_all__0.npy,Normal
Pistachio/VAD/vit-features/train/normal/commercial_normal_less/000000364998_all__1.npy,Normal
Pistachio/VAD/vit-features/train/normal/commercial_normal_less/000000364998_all__2.npy,Normal
Pistachio/VAD/vit-features/train/normal/commercial_normal_less/000000364998_all__3.npy,Normal
Pistachio/VAD/vit-features/train/normal/commercial_normal_less/000000364998_all__4.npy,Normal
Pistachio/VAD/vit-features/train/normal/commercial_normal_less/000000364998_all__5.npy,Normal
Pistachio/VAD/vit-features/train/normal/commercial_normal_less/000000364998_all__6.npy,Normal
Pistachio/VAD/vit-features/train/normal/commercial_normal_less/000000364998_all__7.npy,Normal
Pistachio/VAD/vit-features/train/normal/commercial_normal_less/000000364998_all__8.npy,Normal
Pistachio/VAD/vit-features/train/normal/commercial_normal_less/000000364998_all__9.npy,Normal
Pistachio/VAD/vit-features/train/normal/commercial_normal_less/000000365399_all__0.npy,Normal
Pistachio/VAD/vit-features/train/normal/commercial_normal_less/000000365399_all__1.npy,Normal
Pistachio/VAD/vit-features/train/normal/commercial_normal_less/000000365399_all__2.npy,Normal
Pistachio/VAD/vit-features/train/normal/commercial_normal_less/000000365399_all__3.npy,Normal
Pistachio/VAD/vit-features/train/normal/commercial_normal_less/000000365399_all__4.npy,Normal
Pistachio/VAD/vit-features/train/normal/commercial_normal_less/000000365399_all__5.npy,Normal
Pistachio/VAD/vit-features/train/normal/commercial_normal_less/000000365399_all__6.npy,Normal
Pistachio/VAD/vit-features/train/normal/commercial_normal_less/000000365399_all__7.npy,Normal
Pistachio/VAD/vit-features/train/normal/commercial_normal_less/000000365399_all__8.npy,Normal
Pistachio/VAD/vit-features/train/normal/commercial_normal_less/000000365399_all__9.npy,Normal
Pistachio/VAD/vit-features/train/normal/commercial_normal_less/000000365992_all__0.npy,Normal
Pistachio/VAD/vit-features/train/normal/commercial_normal_less/000000365992_all__1.npy,Normal
Pistachio/VAD/vit-features/train/normal/commercial_normal_less/000000365992_all__2.npy,Normal
Pistachio/VAD/vit-features/train/normal/commercial_normal_less/000000365992_all__3.npy,Normal
Pistachio/VAD/vit-features/train/normal/commercial_normal_less/000000365992_all__4.npy,Normal
Pistachio/VAD/vit-features/train/normal/commercial_normal_less/000000365992_all__5.npy,Normal
Pistachio/VAD/vit-features/train/normal/commercial_normal_less/000000365992_all__6.npy,Normal
Pistachio/VAD/vit-features/train/normal/commercial_normal_less/000000365992_all__7.npy,Normal
Pistachio/VAD/vit-features/train/normal/commercial_normal_less/000000365992_all__8.npy,Normal
Pistachio/VAD/vit-features/train/normal/commercial_normal_less/000000365992_all__9.npy,Normal
Pistachio/VAD/vit-features/train/normal/commercial_normal_less/000000367377_all__0.npy,Normal
Pistachio/VAD/vit-features/train/normal/commercial_normal_less/000000367377_all__1.npy,Normal
Pistachio/VAD/vit-features/train/normal/commercial_normal_less/000000367377_all__2.npy,Normal
Pistachio/VAD/vit-features/train/normal/commercial_normal_less/000000367377_all__3.npy,Normal
Pistachio/VAD/vit-features/train/normal/commercial_normal_less/000000367377_all__4.npy,Normal
Pistachio/VAD/vit-features/train/normal/commercial_normal_less/000000367377_all__5.npy,Normal
Pistachio/VAD/vit-features/train/normal/commercial_normal_less/000000367377_all__6.npy,Normal
Pistachio/VAD/vit-features/train/normal/commercial_normal_less/000000367377_all__7.npy,Normal
Pistachio/VAD/vit-features/train/normal/commercial_normal_less/000000367377_all__8.npy,Normal
Pistachio/VAD/vit-features/train/normal/commercial_normal_less/000000367377_all__9.npy,Normal
Pistachio/VAD/vit-features/train/normal/commercial_normal_less/000000369946_all__0.npy,Normal
Pistachio/VAD/vit-features/train/normal/commercial_normal_less/000000369946_all__1.npy,Normal
Pistachio/VAD/vit-features/train/normal/commercial_normal_less/000000369946_all__2.npy,Normal
Pistachio/VAD/vit-features/train/normal/commercial_normal_less/000000369946_all__3.npy,Normal
Pistachio/VAD/vit-features/train/normal/commercial_normal_less/000000369946_all__4.npy,Normal
Pistachio/VAD/vit-features/train/normal/commercial_normal_less/000000369946_all__5.npy,Normal
Pistachio/VAD/vit-features/train/normal/commercial_normal_less/000000369946_all__6.npy,Normal
Pistachio/VAD/vit-features/train/normal/commercial_normal_less/000000369946_all__7.npy,Normal
Pistachio/VAD/vit-features/train/normal/commercial_normal_less/000000369946_all__8.npy,Normal
Pistachio/VAD/vit-features/train/normal/commercial_normal_less/000000369946_all__9.npy,Normal
Pistachio/VAD/vit-features/train/normal/commercial_normal_less/000000372750_all__0.npy,Normal
Pistachio/VAD/vit-features/train/normal/commercial_normal_less/000000372750_all__1.npy,Normal
Pistachio/VAD/vit-features/train/normal/commercial_normal_less/000000372750_all__2.npy,Normal
Pistachio/VAD/vit-features/train/normal/commercial_normal_less/000000372750_all__3.npy,Normal
Pistachio/VAD/vit-features/train/normal/commercial_normal_less/000000372750_all__4.npy,Normal
Pistachio/VAD/vit-features/train/normal/commercial_normal_less/000000372750_all__5.npy,Normal
Pistachio/VAD/vit-features/train/normal/commercial_normal_less/000000372750_all__6.npy,Normal
Pistachio/VAD/vit-features/train/normal/commercial_normal_less/000000372750_all__7.npy,Normal
Pistachio/VAD/vit-features/train/normal/commercial_normal_less/000000372750_all__8.npy,Normal
Pistachio/VAD/vit-features/train/normal/commercial_normal_less/000000372750_all__9.npy,Normal
Pistachio/VAD/vit-features/train/normal/commercial_normal_less/000000373551_all__0.npy,Normal
Pistachio/VAD/vit-features/train/normal/commercial_normal_less/000000373551_all__1.npy,Normal
Pistachio/VAD/vit-features/train/normal/commercial_normal_less/000000373551_all__2.npy,Normal
Pistachio/VAD/vit-features/train/normal/commercial_normal_less/000000373551_all__3.npy,Normal
Pistachio/VAD/vit-features/train/normal/commercial_normal_less/000000373551_all__4.npy,Normal
Pistachio/VAD/vit-features/train/normal/commercial_normal_less/000000373551_all__5.npy,Normal
Pistachio/VAD/vit-features/train/normal/commercial_normal_less/000000373551_all__6.npy,Normal
Pistachio/VAD/vit-features/train/normal/commercial_normal_less/000000373551_all__7.npy,Normal
Pistachio/VAD/vit-features/train/normal/commercial_normal_less/000000373551_all__8.npy,Normal
Pistachio/VAD/vit-features/train/normal/commercial_normal_less/000000373551_all__9.npy,Normal
Pistachio/VAD/vit-features/train/normal/commercial_normal_less/000000373868_all__0.npy,Normal
Pistachio/VAD/vit-features/train/normal/commercial_normal_less/000000373868_all__1.npy,Normal
Pistachio/VAD/vit-features/train/normal/commercial_normal_less/000000373868_all__2.npy,Normal
Pistachio/VAD/vit-features/train/normal/commercial_normal_less/000000373868_all__3.npy,Normal
Pistachio/VAD/vit-features/train/normal/commercial_normal_less/000000373868_all__4.npy,Normal
Pistachio/VAD/vit-features/train/normal/commercial_normal_less/000000373868_all__5.npy,Normal
Pistachio/VAD/vit-features/train/normal/commercial_normal_less/000000373868_all__6.npy,Normal
Pistachio/VAD/vit-features/train/normal/commercial_normal_less/000000373868_all__7.npy,Normal
Pistachio/VAD/vit-features/train/normal/commercial_normal_less/000000373868_all__8.npy,Normal
Pistachio/VAD/vit-features/train/normal/commercial_normal_less/000000373868_all__9.npy,Normal
Pistachio/VAD/vit-features/train/normal/commercial_normal_less/000000379019_all__0.npy,Normal
Pistachio/VAD/vit-features/train/normal/commercial_normal_less/000000379019_all__1.npy,Normal
Pistachio/VAD/vit-features/train/normal/commercial_normal_less/000000379019_all__2.npy,Normal
Pistachio/VAD/vit-features/train/normal/commercial_normal_less/000000379019_all__3.npy,Normal
Pistachio/VAD/vit-features/train/normal/commercial_normal_less/000000379019_all__4.npy,Normal
Pistachio/VAD/vit-features/train/normal/commercial_normal_less/000000379019_all__5.npy,Normal
Pistachio/VAD/vit-features/train/normal/commercial_normal_less/000000379019_all__6.npy,Normal
Pistachio/VAD/vit-features/train/normal/commercial_normal_less/000000379019_all__7.npy,Normal
Pistachio/VAD/vit-features/train/normal/commercial_normal_less/000000379019_all__8.npy,Normal
Pistachio/VAD/vit-features/train/normal/commercial_normal_less/000000379019_all__9.npy,Normal
Pistachio/VAD/vit-features/train/normal/commercial_normal_less/000000383374_all__0.npy,Normal
Pistachio/VAD/vit-features/train/normal/commercial_normal_less/000000383374_all__1.npy,Normal
Pistachio/VAD/vit-features/train/normal/commercial_normal_less/000000383374_all__2.npy,Normal
Pistachio/VAD/vit-features/train/normal/commercial_normal_less/000000383374_all__3.npy,Normal
Pistachio/VAD/vit-features/train/normal/commercial_normal_less/000000383374_all__4.npy,Normal
Pistachio/VAD/vit-features/train/normal/commercial_normal_less/000000383374_all__5.npy,Normal
Pistachio/VAD/vit-features/train/normal/commercial_normal_less/000000383374_all__6.npy,Normal
Pistachio/VAD/vit-features/train/normal/commercial_normal_less/000000383374_all__7.npy,Normal
Pistachio/VAD/vit-features/train/normal/commercial_normal_less/000000383374_all__8.npy,Normal
Pistachio/VAD/vit-features/train/normal/commercial_normal_less/000000383374_all__9.npy,Normal
Pistachio/VAD/vit-features/train/normal/commercial_normal_less/000000473796_all__0.npy,Normal
Pistachio/VAD/vit-features/train/normal/commercial_normal_less/000000473796_all__1.npy,Normal
Pistachio/VAD/vit-features/train/normal/commercial_normal_less/000000473796_all__2.npy,Normal
Pistachio/VAD/vit-features/train/normal/commercial_normal_less/000000473796_all__3.npy,Normal
Pistachio/VAD/vit-features/train/normal/commercial_normal_less/000000473796_all__4.npy,Normal
Pistachio/VAD/vit-features/train/normal/commercial_normal_less/000000473796_all__5.npy,Normal
Pistachio/VAD/vit-features/train/normal/commercial_normal_less/000000473796_all__6.npy,Normal
Pistachio/VAD/vit-features/train/normal/commercial_normal_less/000000473796_all__7.npy,Normal
Pistachio/VAD/vit-features/train/normal/commercial_normal_less/000000473796_all__8.npy,Normal
Pistachio/VAD/vit-features/train/normal/commercial_normal_less/000000473796_all__9.npy,Normal
Pistachio/VAD/vit-features/train/normal/commercial_normal_more/000000124126_all__0.npy,Normal
Pistachio/VAD/vit-features/train/normal/commercial_normal_more/000000124126_all__1.npy,Normal
Pistachio/VAD/vit-features/train/normal/commercial_normal_more/000000124126_all__2.npy,Normal
Pistachio/VAD/vit-features/train/normal/commercial_normal_more/000000124126_all__3.npy,Normal
Pistachio/VAD/vit-features/train/normal/commercial_normal_more/000000124126_all__4.npy,Normal
Pistachio/VAD/vit-features/train/normal/commercial_normal_more/000000124126_all__5.npy,Normal
Pistachio/VAD/vit-features/train/normal/commercial_normal_more/000000124126_all__6.npy,Normal
Pistachio/VAD/vit-features/train/normal/commercial_normal_more/000000124126_all__7.npy,Normal
Pistachio/VAD/vit-features/train/normal/commercial_normal_more/000000124126_all__8.npy,Normal
Pistachio/VAD/vit-features/train/normal/commercial_normal_more/000000124126_all__9.npy,Normal
Pistachio/VAD/vit-features/train/normal/commercial_normal_more/000000124255_all__0.npy,Normal
Pistachio/VAD/vit-features/train/normal/commercial_normal_more/000000124255_all__1.npy,Normal
Pistachio/VAD/vit-features/train/normal/commercial_normal_more/000000124255_all__2.npy,Normal
Pistachio/VAD/vit-features/train/normal/commercial_normal_more/000000124255_all__3.npy,Normal
Pistachio/VAD/vit-features/train/normal/commercial_normal_more/000000124255_all__4.npy,Normal
Pistachio/VAD/vit-features/train/normal/commercial_normal_more/000000124255_all__5.npy,Normal
Pistachio/VAD/vit-features/train/normal/commercial_normal_more/000000124255_all__6.npy,Normal
Pistachio/VAD/vit-features/train/normal/commercial_normal_more/000000124255_all__7.npy,Normal
Pistachio/VAD/vit-features/train/normal/commercial_normal_more/000000124255_all__8.npy,Normal
Pistachio/VAD/vit-features/train/normal/commercial_normal_more/000000124255_all__9.npy,Normal
Pistachio/VAD/vit-features/train/normal/commercial_normal_more/000000124276_all__0.npy,Normal
Pistachio/VAD/vit-features/train/normal/commercial_normal_more/000000124276_all__1.npy,Normal
Pistachio/VAD/vit-features/train/normal/commercial_normal_more/000000124276_all__2.npy,Normal
Pistachio/VAD/vit-features/train/normal/commercial_normal_more/000000124276_all__3.npy,Normal
Pistachio/VAD/vit-features/train/normal/commercial_normal_more/000000124276_all__4.npy,Normal
Pistachio/VAD/vit-features/train/normal/commercial_normal_more/000000124276_all__5.npy,Normal
Pistachio/VAD/vit-features/train/normal/commercial_normal_more/000000124276_all__6.npy,Normal
Pistachio/VAD/vit-features/train/normal/commercial_normal_more/000000124276_all__7.npy,Normal
Pistachio/VAD/vit-features/train/normal/commercial_normal_more/000000124276_all__8.npy,Normal
Pistachio/VAD/vit-features/train/normal/commercial_normal_more/000000124276_all__9.npy,Normal
Pistachio/VAD/vit-features/train/normal/commercial_normal_more/000000124388_all__0.npy,Normal
Pistachio/VAD/vit-features/train/normal/commercial_normal_more/000000124388_all__1.npy,Normal
Pistachio/VAD/vit-features/train/normal/commercial_normal_more/000000124388_all__2.npy,Normal
Pistachio/VAD/vit-features/train/normal/commercial_normal_more/000000124388_all__3.npy,Normal
Pistachio/VAD/vit-features/train/normal/commercial_normal_more/000000124388_all__4.npy,Normal
Pistachio/VAD/vit-features/train/normal/commercial_normal_more/000000124388_all__5.npy,Normal
Pistachio/VAD/vit-features/train/normal/commercial_normal_more/000000124388_all__6.npy,Normal
Pistachio/VAD/vit-features/train/normal/commercial_normal_more/000000124388_all__7.npy,Normal
Pistachio/VAD/vit-features/train/normal/commercial_normal_more/000000124388_all__8.npy,Normal
Pistachio/VAD/vit-features/train/normal/commercial_normal_more/000000124388_all__9.npy,Normal
Pistachio/VAD/vit-features/train/normal/commercial_normal_more/000000124430_all__0.npy,Normal
Pistachio/VAD/vit-features/train/normal/commercial_normal_more/000000124430_all__1.npy,Normal
Pistachio/VAD/vit-features/train/normal/commercial_normal_more/000000124430_all__2.npy,Normal
Pistachio/VAD/vit-features/train/normal/commercial_normal_more/000000124430_all__3.npy,Normal
Pistachio/VAD/vit-features/train/normal/commercial_normal_more/000000124430_all__4.npy,Normal
Pistachio/VAD/vit-features/train/normal/commercial_normal_more/000000124430_all__5.npy,Normal
Pistachio/VAD/vit-features/train/normal/commercial_normal_more/000000124430_all__6.npy,Normal
Pistachio/VAD/vit-features/train/normal/commercial_normal_more/000000124430_all__7.npy,Normal
Pistachio/VAD/vit-features/train/normal/commercial_normal_more/000000124430_all__8.npy,Normal
Pistachio/VAD/vit-features/train/normal/commercial_normal_more/000000124430_all__9.npy,Normal
Pistachio/VAD/vit-features/train/normal/commercial_normal_more/000000124540_all__0.npy,Normal
Pistachio/VAD/vit-features/train/normal/commercial_normal_more/000000124540_all__1.npy,Normal
Pistachio/VAD/vit-features/train/normal/commercial_normal_more/000000124540_all__2.npy,Normal
Pistachio/VAD/vit-features/train/normal/commercial_normal_more/000000124540_all__3.npy,Normal
Pistachio/VAD/vit-features/train/normal/commercial_normal_more/000000124540_all__4.npy,Normal
Pistachio/VAD/vit-features/train/normal/commercial_normal_more/000000124540_all__5.npy,Normal
Pistachio/VAD/vit-features/train/normal/commercial_normal_more/000000124540_all__6.npy,Normal
Pistachio/VAD/vit-features/train/normal/commercial_normal_more/000000124540_all__7.npy,Normal
Pistachio/VAD/vit-features/train/normal/commercial_normal_more/000000124540_all__8.npy,Normal
Pistachio/VAD/vit-features/train/normal/commercial_normal_more/000000124540_all__9.npy,Normal
Pistachio/VAD/vit-features/train/normal/commercial_normal_more/000000124651_all__0.npy,Normal
Pistachio/VAD/vit-features/train/normal/commercial_normal_more/000000124651_all__1.npy,Normal
Pistachio/VAD/vit-features/train/normal/commercial_normal_more/000000124651_all__2.npy,Normal
Pistachio/VAD/vit-features/train/normal/commercial_normal_more/000000124651_all__3.npy,Normal
Pistachio/VAD/vit-features/train/normal/commercial_normal_more/000000124651_all__4.npy,Normal
Pistachio/VAD/vit-features/train/normal/commercial_normal_more/000000124651_all__5.npy,Normal
Pistachio/VAD/vit-features/train/normal/commercial_normal_more/000000124651_all__6.npy,Normal
Pistachio/VAD/vit-features/train/normal/commercial_normal_more/000000124651_all__7.npy,Normal
Pistachio/VAD/vit-features/train/normal/commercial_normal_more/000000124651_all__8.npy,Normal
Pistachio/VAD/vit-features/train/normal/commercial_normal_more/000000124651_all__9.npy,Normal
Pistachio/VAD/vit-features/train/normal/commercial_normal_more/000000124666_all__0.npy,Normal
Pistachio/VAD/vit-features/train/normal/commercial_normal_more/000000124666_all__1.npy,Normal
Pistachio/VAD/vit-features/train/normal/commercial_normal_more/000000124666_all__2.npy,Normal
Pistachio/VAD/vit-features/train/normal/commercial_normal_more/000000124666_all__3.npy,Normal
Pistachio/VAD/vit-features/train/normal/commercial_normal_more/000000124666_all__4.npy,Normal
Pistachio/VAD/vit-features/train/normal/commercial_normal_more/000000124666_all__5.npy,Normal
Pistachio/VAD/vit-features/train/normal/commercial_normal_more/000000124666_all__6.npy,Normal
Pistachio/VAD/vit-features/train/normal/commercial_normal_more/000000124666_all__7.npy,Normal
Pistachio/VAD/vit-features/train/normal/commercial_normal_more/000000124666_all__8.npy,Normal
Pistachio/VAD/vit-features/train/normal/commercial_normal_more/000000124666_all__9.npy,Normal
Pistachio/VAD/vit-features/train/normal/commercial_normal_more/000000124768_all__0.npy,Normal
Pistachio/VAD/vit-features/train/normal/commercial_normal_more/000000124768_all__1.npy,Normal
Pistachio/VAD/vit-features/train/normal/commercial_normal_more/000000124768_all__2.npy,Normal
Pistachio/VAD/vit-features/train/normal/commercial_normal_more/000000124768_all__3.npy,Normal
Pistachio/VAD/vit-features/train/normal/commercial_normal_more/000000124768_all__4.npy,Normal
Pistachio/VAD/vit-features/train/normal/commercial_normal_more/000000124768_all__5.npy,Normal
Pistachio/VAD/vit-features/train/normal/commercial_normal_more/000000124768_all__6.npy,Normal
Pistachio/VAD/vit-features/train/normal/commercial_normal_more/000000124768_all__7.npy,Normal
Pistachio/VAD/vit-features/train/normal/commercial_normal_more/000000124768_all__8.npy,Normal
Pistachio/VAD/vit-features/train/normal/commercial_normal_more/000000124768_all__9.npy,Normal
Pistachio/VAD/vit-features/train/normal/commercial_normal_more/000000124896_all__0.npy,Normal
Pistachio/VAD/vit-features/train/normal/commercial_normal_more/000000124896_all__1.npy,Normal
Pistachio/VAD/vit-features/train/normal/commercial_normal_more/000000124896_all__2.npy,Normal
Pistachio/VAD/vit-features/train/normal/commercial_normal_more/000000124896_all__3.npy,Normal
Pistachio/VAD/vit-features/train/normal/commercial_normal_more/000000124896_all__4.npy,Normal
Pistachio/VAD/vit-features/train/normal/commercial_normal_more/000000124896_all__5.npy,Normal
Pistachio/VAD/vit-features/train/normal/commercial_normal_more/000000124896_all__6.npy,Normal
Pistachio/VAD/vit-features/train/normal/commercial_normal_more/000000124896_all__7.npy,Normal
Pistachio/VAD/vit-features/train/normal/commercial_normal_more/000000124896_all__8.npy,Normal
Pistachio/VAD/vit-features/train/normal/commercial_normal_more/000000124896_all__9.npy,Normal
Pistachio/VAD/vit-features/train/normal/commercial_normal_more/000000124921_all__0.npy,Normal
Pistachio/VAD/vit-features/train/normal/commercial_normal_more/000000124921_all__1.npy,Normal
Pistachio/VAD/vit-features/train/normal/commercial_normal_more/000000124921_all__2.npy,Normal
Pistachio/VAD/vit-features/train/normal/commercial_normal_more/000000124921_all__3.npy,Normal
Pistachio/VAD/vit-features/train/normal/commercial_normal_more/000000124921_all__4.npy,Normal
Pistachio/VAD/vit-features/train/normal/commercial_normal_more/000000124921_all__5.npy,Normal
Pistachio/VAD/vit-features/train/normal/commercial_normal_more/000000124921_all__6.npy,Normal
Pistachio/VAD/vit-features/train/normal/commercial_normal_more/000000124921_all__7.npy,Normal
Pistachio/VAD/vit-features/train/normal/commercial_normal_more/000000124921_all__8.npy,Normal
Pistachio/VAD/vit-features/train/normal/commercial_normal_more/000000124921_all__9.npy,Normal
Pistachio/VAD/vit-features/train/normal/commercial_normal_more/000000124941_all__0.npy,Normal
Pistachio/VAD/vit-features/train/normal/commercial_normal_more/000000124941_all__1.npy,Normal
Pistachio/VAD/vit-features/train/normal/commercial_normal_more/000000124941_all__2.npy,Normal
Pistachio/VAD/vit-features/train/normal/commercial_normal_more/000000124941_all__3.npy,Normal
Pistachio/VAD/vit-features/train/normal/commercial_normal_more/000000124941_all__4.npy,Normal
Pistachio/VAD/vit-features/train/normal/commercial_normal_more/000000124941_all__5.npy,Normal
Pistachio/VAD/vit-features/train/normal/commercial_normal_more/000000124941_all__6.npy,Normal
Pistachio/VAD/vit-features/train/normal/commercial_normal_more/000000124941_all__7.npy,Normal
Pistachio/VAD/vit-features/train/normal/commercial_normal_more/000000124941_all__8.npy,Normal
Pistachio/VAD/vit-features/train/normal/commercial_normal_more/000000124941_all__9.npy,Normal
Pistachio/VAD/vit-features/train/normal/commercial_normal_more/000000124942_all__0.npy,Normal
Pistachio/VAD/vit-features/train/normal/commercial_normal_more/000000124942_all__1.npy,Normal
Pistachio/VAD/vit-features/train/normal/commercial_normal_more/000000124942_all__2.npy,Normal
Pistachio/VAD/vit-features/train/normal/commercial_normal_more/000000124942_all__3.npy,Normal
Pistachio/VAD/vit-features/train/normal/commercial_normal_more/000000124942_all__4.npy,Normal
Pistachio/VAD/vit-features/train/normal/commercial_normal_more/000000124942_all__5.npy,Normal
Pistachio/VAD/vit-features/train/normal/commercial_normal_more/000000124942_all__6.npy,Normal
Pistachio/VAD/vit-features/train/normal/commercial_normal_more/000000124942_all__7.npy,Normal
Pistachio/VAD/vit-features/train/normal/commercial_normal_more/000000124942_all__8.npy,Normal
Pistachio/VAD/vit-features/train/normal/commercial_normal_more/000000124942_all__9.npy,Normal
Pistachio/VAD/vit-features/train/normal/commercial_normal_more/000000124984_all__0.npy,Normal
Pistachio/VAD/vit-features/train/normal/commercial_normal_more/000000124984_all__1.npy,Normal
Pistachio/VAD/vit-features/train/normal/commercial_normal_more/000000124984_all__2.npy,Normal
Pistachio/VAD/vit-features/train/normal/commercial_normal_more/000000124984_all__3.npy,Normal
Pistachio/VAD/vit-features/train/normal/commercial_normal_more/000000124984_all__4.npy,Normal
Pistachio/VAD/vit-features/train/normal/commercial_normal_more/000000124984_all__5.npy,Normal
Pistachio/VAD/vit-features/train/normal/commercial_normal_more/000000124984_all__6.npy,Normal
Pistachio/VAD/vit-features/train/normal/commercial_normal_more/000000124984_all__7.npy,Normal
Pistachio/VAD/vit-features/train/normal/commercial_normal_more/000000124984_all__8.npy,Normal
Pistachio/VAD/vit-features/train/normal/commercial_normal_more/000000124984_all__9.npy,Normal
Pistachio/VAD/vit-features/train/normal/commercial_normal_more/000000125068_all__0.npy,Normal
Pistachio/VAD/vit-features/train/normal/commercial_normal_more/000000125068_all__1.npy,Normal
Pistachio/VAD/vit-features/train/normal/commercial_normal_more/000000125068_all__2.npy,Normal
Pistachio/VAD/vit-features/train/normal/commercial_normal_more/000000125068_all__3.npy,Normal
Pistachio/VAD/vit-features/train/normal/commercial_normal_more/000000125068_all__4.npy,Normal
Pistachio/VAD/vit-features/train/normal/commercial_normal_more/000000125068_all__5.npy,Normal
Pistachio/VAD/vit-features/train/normal/commercial_normal_more/000000125068_all__6.npy,Normal
Pistachio/VAD/vit-features/train/normal/commercial_normal_more/000000125068_all__7.npy,Normal
Pistachio/VAD/vit-features/train/normal/commercial_normal_more/000000125068_all__8.npy,Normal
Pistachio/VAD/vit-features/train/normal/commercial_normal_more/000000125068_all__9.npy,Normal
Pistachio/VAD/vit-features/train/normal/commercial_normal_more/000000125183_all__0.npy,Normal
Pistachio/VAD/vit-features/train/normal/commercial_normal_more/000000125183_all__1.npy,Normal
Pistachio/VAD/vit-features/train/normal/commercial_normal_more/000000125183_all__2.npy,Normal
Pistachio/VAD/vit-features/train/normal/commercial_normal_more/000000125183_all__3.npy,Normal
Pistachio/VAD/vit-features/train/normal/commercial_normal_more/000000125183_all__4.npy,Normal
Pistachio/VAD/vit-features/train/normal/commercial_normal_more/000000125183_all__5.npy,Normal
Pistachio/VAD/vit-features/train/normal/commercial_normal_more/000000125183_all__6.npy,Normal
Pistachio/VAD/vit-features/train/normal/commercial_normal_more/000000125183_all__7.npy,Normal
Pistachio/VAD/vit-features/train/normal/commercial_normal_more/000000125183_all__8.npy,Normal
Pistachio/VAD/vit-features/train/normal/commercial_normal_more/000000125183_all__9.npy,Normal
Pistachio/VAD/vit-features/train/normal/commercial_normal_more/000000125320_all__0.npy,Normal
Pistachio/VAD/vit-features/train/normal/commercial_normal_more/000000125320_all__1.npy,Normal
Pistachio/VAD/vit-features/train/normal/commercial_normal_more/000000125320_all__2.npy,Normal
Pistachio/VAD/vit-features/train/normal/commercial_normal_more/000000125320_all__3.npy,Normal
Pistachio/VAD/vit-features/train/normal/commercial_normal_more/000000125320_all__4.npy,Normal
Pistachio/VAD/vit-features/train/normal/commercial_normal_more/000000125320_all__5.npy,Normal
Pistachio/VAD/vit-features/train/normal/commercial_normal_more/000000125320_all__6.npy,Normal
Pistachio/VAD/vit-features/train/normal/commercial_normal_more/000000125320_all__7.npy,Normal
Pistachio/VAD/vit-features/train/normal/commercial_normal_more/000000125320_all__8.npy,Normal
Pistachio/VAD/vit-features/train/normal/commercial_normal_more/000000125320_all__9.npy,Normal
Pistachio/VAD/vit-features/train/normal/commercial_normal_more/000000125326_all__0.npy,Normal
Pistachio/VAD/vit-features/train/normal/commercial_normal_more/000000125326_all__1.npy,Normal
Pistachio/VAD/vit-features/train/normal/commercial_normal_more/000000125326_all__2.npy,Normal
Pistachio/VAD/vit-features/train/normal/commercial_normal_more/000000125326_all__3.npy,Normal
Pistachio/VAD/vit-features/train/normal/commercial_normal_more/000000125326_all__4.npy,Normal
Pistachio/VAD/vit-features/train/normal/commercial_normal_more/000000125326_all__5.npy,Normal
Pistachio/VAD/vit-features/train/normal/commercial_normal_more/000000125326_all__6.npy,Normal
Pistachio/VAD/vit-features/train/normal/commercial_normal_more/000000125326_all__7.npy,Normal
Pistachio/VAD/vit-features/train/normal/commercial_normal_more/000000125326_all__8.npy,Normal
Pistachio/VAD/vit-features/train/normal/commercial_normal_more/000000125326_all__9.npy,Normal
Pistachio/VAD/vit-features/train/normal/commercial_normal_more/000000125409_all__0.npy,Normal
Pistachio/VAD/vit-features/train/normal/commercial_normal_more/000000125409_all__1.npy,Normal
Pistachio/VAD/vit-features/train/normal/commercial_normal_more/000000125409_all__2.npy,Normal
Pistachio/VAD/vit-features/train/normal/commercial_normal_more/000000125409_all__3.npy,Normal
Pistachio/VAD/vit-features/train/normal/commercial_normal_more/000000125409_all__4.npy,Normal
Pistachio/VAD/vit-features/train/normal/commercial_normal_more/000000125409_all__5.npy,Normal
Pistachio/VAD/vit-features/train/normal/commercial_normal_more/000000125409_all__6.npy,Normal
Pistachio/VAD/vit-features/train/normal/commercial_normal_more/000000125409_all__7.npy,Normal
Pistachio/VAD/vit-features/train/normal/commercial_normal_more/000000125409_all__8.npy,Normal
Pistachio/VAD/vit-features/train/normal/commercial_normal_more/000000125409_all__9.npy,Normal
Pistachio/VAD/vit-features/train/normal/commercial_normal_more/000000125589_all__0.npy,Normal
Pistachio/VAD/vit-features/train/normal/commercial_normal_more/000000125589_all__1.npy,Normal
Pistachio/VAD/vit-features/train/normal/commercial_normal_more/000000125589_all__2.npy,Normal
Pistachio/VAD/vit-features/train/normal/commercial_normal_more/000000125589_all__3.npy,Normal
Pistachio/VAD/vit-features/train/normal/commercial_normal_more/000000125589_all__4.npy,Normal
Pistachio/VAD/vit-features/train/normal/commercial_normal_more/000000125589_all__5.npy,Normal
Pistachio/VAD/vit-features/train/normal/commercial_normal_more/000000125589_all__6.npy,Normal
Pistachio/VAD/vit-features/train/normal/commercial_normal_more/000000125589_all__7.npy,Normal
Pistachio/VAD/vit-features/train/normal/commercial_normal_more/000000125589_all__8.npy,Normal
Pistachio/VAD/vit-features/train/normal/commercial_normal_more/000000125589_all__9.npy,Normal
Pistachio/VAD/vit-features/train/normal/commercial_normal_more/000000125611_all__0.npy,Normal
Pistachio/VAD/vit-features/train/normal/commercial_normal_more/000000125611_all__1.npy,Normal
Pistachio/VAD/vit-features/train/normal/commercial_normal_more/000000125611_all__2.npy,Normal
Pistachio/VAD/vit-features/train/normal/commercial_normal_more/000000125611_all__3.npy,Normal
Pistachio/VAD/vit-features/train/normal/commercial_normal_more/000000125611_all__4.npy,Normal
Pistachio/VAD/vit-features/train/normal/commercial_normal_more/000000125611_all__5.npy,Normal
Pistachio/VAD/vit-features/train/normal/commercial_normal_more/000000125611_all__6.npy,Normal
Pistachio/VAD/vit-features/train/normal/commercial_normal_more/000000125611_all__7.npy,Normal
Pistachio/VAD/vit-features/train/normal/commercial_normal_more/000000125611_all__8.npy,Normal
Pistachio/VAD/vit-features/train/normal/commercial_normal_more/000000125611_all__9.npy,Normal
Pistachio/VAD/vit-features/train/normal/commercial_normal_more/000000125808_all__0.npy,Normal
Pistachio/VAD/vit-features/train/normal/commercial_normal_more/000000125808_all__1.npy,Normal
Pistachio/VAD/vit-features/train/normal/commercial_normal_more/000000125808_all__2.npy,Normal
Pistachio/VAD/vit-features/train/normal/commercial_normal_more/000000125808_all__3.npy,Normal
Pistachio/VAD/vit-features/train/normal/commercial_normal_more/000000125808_all__4.npy,Normal
Pistachio/VAD/vit-features/train/normal/commercial_normal_more/000000125808_all__5.npy,Normal
Pistachio/VAD/vit-features/train/normal/commercial_normal_more/000000125808_all__6.npy,Normal
Pistachio/VAD/vit-features/train/normal/commercial_normal_more/000000125808_all__7.npy,Normal
Pistachio/VAD/vit-features/train/normal/commercial_normal_more/000000125808_all__8.npy,Normal
Pistachio/VAD/vit-features/train/normal/commercial_normal_more/000000125808_all__9.npy,Normal
Pistachio/VAD/vit-features/train/normal/commercial_normal_more/000000126031_all__0.npy,Normal
Pistachio/VAD/vit-features/train/normal/commercial_normal_more/000000126031_all__1.npy,Normal
Pistachio/VAD/vit-features/train/normal/commercial_normal_more/000000126031_all__2.npy,Normal
Pistachio/VAD/vit-features/train/normal/commercial_normal_more/000000126031_all__3.npy,Normal
Pistachio/VAD/vit-features/train/normal/commercial_normal_more/000000126031_all__4.npy,Normal
Pistachio/VAD/vit-features/train/normal/commercial_normal_more/000000126031_all__5.npy,Normal
Pistachio/VAD/vit-features/train/normal/commercial_normal_more/000000126031_all__6.npy,Normal
Pistachio/VAD/vit-features/train/normal/commercial_normal_more/000000126031_all__7.npy,Normal
Pistachio/VAD/vit-features/train/normal/commercial_normal_more/000000126031_all__8.npy,Normal
Pistachio/VAD/vit-features/train/normal/commercial_normal_more/000000126031_all__9.npy,Normal
Pistachio/VAD/vit-features/train/normal/commercial_normal_more/000000126068_all__0.npy,Normal
Pistachio/VAD/vit-features/train/normal/commercial_normal_more/000000126068_all__1.npy,Normal
Pistachio/VAD/vit-features/train/normal/commercial_normal_more/000000126068_all__2.npy,Normal
Pistachio/VAD/vit-features/train/normal/commercial_normal_more/000000126068_all__3.npy,Normal
Pistachio/VAD/vit-features/train/normal/commercial_normal_more/000000126068_all__4.npy,Normal
Pistachio/VAD/vit-features/train/normal/commercial_normal_more/000000126068_all__5.npy,Normal
Pistachio/VAD/vit-features/train/normal/commercial_normal_more/000000126068_all__6.npy,Normal
Pistachio/VAD/vit-features/train/normal/commercial_normal_more/000000126068_all__7.npy,Normal
Pistachio/VAD/vit-features/train/normal/commercial_normal_more/000000126068_all__8.npy,Normal
Pistachio/VAD/vit-features/train/normal/commercial_normal_more/000000126068_all__9.npy,Normal
Pistachio/VAD/vit-features/train/normal/commercial_normal_more/000000126069_all__0.npy,Normal
Pistachio/VAD/vit-features/train/normal/commercial_normal_more/000000126069_all__1.npy,Normal
Pistachio/VAD/vit-features/train/normal/commercial_normal_more/000000126069_all__2.npy,Normal
Pistachio/VAD/vit-features/train/normal/commercial_normal_more/000000126069_all__3.npy,Normal
Pistachio/VAD/vit-features/train/normal/commercial_normal_more/000000126069_all__4.npy,Normal
Pistachio/VAD/vit-features/train/normal/commercial_normal_more/000000126069_all__5.npy,Normal
Pistachio/VAD/vit-features/train/normal/commercial_normal_more/000000126069_all__6.npy,Normal
Pistachio/VAD/vit-features/train/normal/commercial_normal_more/000000126069_all__7.npy,Normal
Pistachio/VAD/vit-features/train/normal/commercial_normal_more/000000126069_all__8.npy,Normal
Pistachio/VAD/vit-features/train/normal/commercial_normal_more/000000126069_all__9.npy,Normal
Pistachio/VAD/vit-features/train/normal/commercial_normal_more/000000126092_all__0.npy,Normal
Pistachio/VAD/vit-features/train/normal/commercial_normal_more/000000126092_all__1.npy,Normal
Pistachio/VAD/vit-features/train/normal/commercial_normal_more/000000126092_all__2.npy,Normal
Pistachio/VAD/vit-features/train/normal/commercial_normal_more/000000126092_all__3.npy,Normal
Pistachio/VAD/vit-features/train/normal/commercial_normal_more/000000126092_all__4.npy,Normal
Pistachio/VAD/vit-features/train/normal/commercial_normal_more/000000126092_all__5.npy,Normal
Pistachio/VAD/vit-features/train/normal/commercial_normal_more/000000126092_all__6.npy,Normal
Pistachio/VAD/vit-features/train/normal/commercial_normal_more/000000126092_all__7.npy,Normal
Pistachio/VAD/vit-features/train/normal/commercial_normal_more/000000126092_all__8.npy,Normal
Pistachio/VAD/vit-features/train/normal/commercial_normal_more/000000126092_all__9.npy,Normal
Pistachio/VAD/vit-features/train/normal/commercial_normal_more/000000126178_all__0.npy,Normal
Pistachio/VAD/vit-features/train/normal/commercial_normal_more/000000126178_all__1.npy,Normal
Pistachio/VAD/vit-features/train/normal/commercial_normal_more/000000126178_all__2.npy,Normal
Pistachio/VAD/vit-features/train/normal/commercial_normal_more/000000126178_all__3.npy,Normal
Pistachio/VAD/vit-features/train/normal/commercial_normal_more/000000126178_all__4.npy,Normal
Pistachio/VAD/vit-features/train/normal/commercial_normal_more/000000126178_all__5.npy,Normal
Pistachio/VAD/vit-features/train/normal/commercial_normal_more/000000126178_all__6.npy,Normal
Pistachio/VAD/vit-features/train/normal/commercial_normal_more/000000126178_all__7.npy,Normal
Pistachio/VAD/vit-features/train/normal/commercial_normal_more/000000126178_all__8.npy,Normal
Pistachio/VAD/vit-features/train/normal/commercial_normal_more/000000126178_all__9.npy,Normal
Pistachio/VAD/vit-features/train/normal/commercial_normal_more/000000126219_all__0.npy,Normal
Pistachio/VAD/vit-features/train/normal/commercial_normal_more/000000126219_all__1.npy,Normal
Pistachio/VAD/vit-features/train/normal/commercial_normal_more/000000126219_all__2.npy,Normal
Pistachio/VAD/vit-features/train/normal/commercial_normal_more/000000126219_all__3.npy,Normal
Pistachio/VAD/vit-features/train/normal/commercial_normal_more/000000126219_all__4.npy,Normal
Pistachio/VAD/vit-features/train/normal/commercial_normal_more/000000126219_all__5.npy,Normal
Pistachio/VAD/vit-features/train/normal/commercial_normal_more/000000126219_all__6.npy,Normal
Pistachio/VAD/vit-features/train/normal/commercial_normal_more/000000126219_all__7.npy,Normal
Pistachio/VAD/vit-features/train/normal/commercial_normal_more/000000126219_all__8.npy,Normal
Pistachio/VAD/vit-features/train/normal/commercial_normal_more/000000126219_all__9.npy,Normal
Pistachio/VAD/vit-features/train/normal/commercial_normal_more/000000126377_all__0.npy,Normal
Pistachio/VAD/vit-features/train/normal/commercial_normal_more/000000126377_all__1.npy,Normal
Pistachio/VAD/vit-features/train/normal/commercial_normal_more/000000126377_all__2.npy,Normal
Pistachio/VAD/vit-features/train/normal/commercial_normal_more/000000126377_all__3.npy,Normal
Pistachio/VAD/vit-features/train/normal/commercial_normal_more/000000126377_all__4.npy,Normal
Pistachio/VAD/vit-features/train/normal/commercial_normal_more/000000126377_all__5.npy,Normal
Pistachio/VAD/vit-features/train/normal/commercial_normal_more/000000126377_all__6.npy,Normal
Pistachio/VAD/vit-features/train/normal/commercial_normal_more/000000126377_all__7.npy,Normal
Pistachio/VAD/vit-features/train/normal/commercial_normal_more/000000126377_all__8.npy,Normal
Pistachio/VAD/vit-features/train/normal/commercial_normal_more/000000126377_all__9.npy,Normal
Pistachio/VAD/vit-features/train/normal/commercial_normal_more/000000126424_all__0.npy,Normal
Pistachio/VAD/vit-features/train/normal/commercial_normal_more/000000126424_all__1.npy,Normal
Pistachio/VAD/vit-features/train/normal/commercial_normal_more/000000126424_all__2.npy,Normal
Pistachio/VAD/vit-features/train/normal/commercial_normal_more/000000126424_all__3.npy,Normal
Pistachio/VAD/vit-features/train/normal/commercial_normal_more/000000126424_all__4.npy,Normal
Pistachio/VAD/vit-features/train/normal/commercial_normal_more/000000126424_all__5.npy,Normal
Pistachio/VAD/vit-features/train/normal/commercial_normal_more/000000126424_all__6.npy,Normal
Pistachio/VAD/vit-features/train/normal/commercial_normal_more/000000126424_all__7.npy,Normal
Pistachio/VAD/vit-features/train/normal/commercial_normal_more/000000126424_all__8.npy,Normal
Pistachio/VAD/vit-features/train/normal/commercial_normal_more/000000126424_all__9.npy,Normal
Pistachio/VAD/vit-features/train/normal/commercial_normal_more/000000126560_all__0.npy,Normal
Pistachio/VAD/vit-features/train/normal/commercial_normal_more/000000126560_all__1.npy,Normal
Pistachio/VAD/vit-features/train/normal/commercial_normal_more/000000126560_all__2.npy,Normal
Pistachio/VAD/vit-features/train/normal/commercial_normal_more/000000126560_all__3.npy,Normal
Pistachio/VAD/vit-features/train/normal/commercial_normal_more/000000126560_all__4.npy,Normal
Pistachio/VAD/vit-features/train/normal/commercial_normal_more/000000126560_all__5.npy,Normal
Pistachio/VAD/vit-features/train/normal/commercial_normal_more/000000126560_all__6.npy,Normal
Pistachio/VAD/vit-features/train/normal/commercial_normal_more/000000126560_all__7.npy,Normal
Pistachio/VAD/vit-features/train/normal/commercial_normal_more/000000126560_all__8.npy,Normal
Pistachio/VAD/vit-features/train/normal/commercial_normal_more/000000126560_all__9.npy,Normal
Pistachio/VAD/vit-features/train/normal/commercial_normal_more/000000126752_all__0.npy,Normal
Pistachio/VAD/vit-features/train/normal/commercial_normal_more/000000126752_all__1.npy,Normal
Pistachio/VAD/vit-features/train/normal/commercial_normal_more/000000126752_all__2.npy,Normal
Pistachio/VAD/vit-features/train/normal/commercial_normal_more/000000126752_all__3.npy,Normal
Pistachio/VAD/vit-features/train/normal/commercial_normal_more/000000126752_all__4.npy,Normal
Pistachio/VAD/vit-features/train/normal/commercial_normal_more/000000126752_all__5.npy,Normal
Pistachio/VAD/vit-features/train/normal/commercial_normal_more/000000126752_all__6.npy,Normal
Pistachio/VAD/vit-features/train/normal/commercial_normal_more/000000126752_all__7.npy,Normal
Pistachio/VAD/vit-features/train/normal/commercial_normal_more/000000126752_all__8.npy,Normal
Pistachio/VAD/vit-features/train/normal/commercial_normal_more/000000126752_all__9.npy,Normal
Pistachio/VAD/vit-features/train/normal/commercial_normal_more/000000126875_all__0.npy,Normal
Pistachio/VAD/vit-features/train/normal/commercial_normal_more/000000126875_all__1.npy,Normal
Pistachio/VAD/vit-features/train/normal/commercial_normal_more/000000126875_all__2.npy,Normal
Pistachio/VAD/vit-features/train/normal/commercial_normal_more/000000126875_all__3.npy,Normal
Pistachio/VAD/vit-features/train/normal/commercial_normal_more/000000126875_all__4.npy,Normal
Pistachio/VAD/vit-features/train/normal/commercial_normal_more/000000126875_all__5.npy,Normal
Pistachio/VAD/vit-features/train/normal/commercial_normal_more/000000126875_all__6.npy,Normal
Pistachio/VAD/vit-features/train/normal/commercial_normal_more/000000126875_all__7.npy,Normal
Pistachio/VAD/vit-features/train/normal/commercial_normal_more/000000126875_all__8.npy,Normal
Pistachio/VAD/vit-features/train/normal/commercial_normal_more/000000126875_all__9.npy,Normal
Pistachio/VAD/vit-features/train/normal/commercial_normal_more/000000127062_all__0.npy,Normal
Pistachio/VAD/vit-features/train/normal/commercial_normal_more/000000127062_all__1.npy,Normal
Pistachio/VAD/vit-features/train/normal/commercial_normal_more/000000127062_all__2.npy,Normal
Pistachio/VAD/vit-features/train/normal/commercial_normal_more/000000127062_all__3.npy,Normal
Pistachio/VAD/vit-features/train/normal/commercial_normal_more/000000127062_all__4.npy,Normal
Pistachio/VAD/vit-features/train/normal/commercial_normal_more/000000127062_all__5.npy,Normal
Pistachio/VAD/vit-features/train/normal/commercial_normal_more/000000127062_all__6.npy,Normal
Pistachio/VAD/vit-features/train/normal/commercial_normal_more/000000127062_all__7.npy,Normal
Pistachio/VAD/vit-features/train/normal/commercial_normal_more/000000127062_all__8.npy,Normal
Pistachio/VAD/vit-features/train/normal/commercial_normal_more/000000127062_all__9.npy,Normal
Pistachio/VAD/vit-features/train/normal/commercial_normal_more/000000127257_all__0.npy,Normal
Pistachio/VAD/vit-features/train/normal/commercial_normal_more/000000127257_all__1.npy,Normal
Pistachio/VAD/vit-features/train/normal/commercial_normal_more/000000127257_all__2.npy,Normal
Pistachio/VAD/vit-features/train/normal/commercial_normal_more/000000127257_all__3.npy,Normal
Pistachio/VAD/vit-features/train/normal/commercial_normal_more/000000127257_all__4.npy,Normal
Pistachio/VAD/vit-features/train/normal/commercial_normal_more/000000127257_all__5.npy,Normal
Pistachio/VAD/vit-features/train/normal/commercial_normal_more/000000127257_all__6.npy,Normal
Pistachio/VAD/vit-features/train/normal/commercial_normal_more/000000127257_all__7.npy,Normal
Pistachio/VAD/vit-features/train/normal/commercial_normal_more/000000127257_all__8.npy,Normal
Pistachio/VAD/vit-features/train/normal/commercial_normal_more/000000127257_all__9.npy,Normal
Pistachio/VAD/vit-features/train/normal/commercial_normal_more/000000127349_all__0.npy,Normal
Pistachio/VAD/vit-features/train/normal/commercial_normal_more/000000127349_all__1.npy,Normal
Pistachio/VAD/vit-features/train/normal/commercial_normal_more/000000127349_all__2.npy,Normal
Pistachio/VAD/vit-features/train/normal/commercial_normal_more/000000127349_all__3.npy,Normal
Pistachio/VAD/vit-features/train/normal/commercial_normal_more/000000127349_all__4.npy,Normal
Pistachio/VAD/vit-features/train/normal/commercial_normal_more/000000127349_all__5.npy,Normal
Pistachio/VAD/vit-features/train/normal/commercial_normal_more/000000127349_all__6.npy,Normal
Pistachio/VAD/vit-features/train/normal/commercial_normal_more/000000127349_all__7.npy,Normal
Pistachio/VAD/vit-features/train/normal/commercial_normal_more/000000127349_all__8.npy,Normal
Pistachio/VAD/vit-features/train/normal/commercial_normal_more/000000127349_all__9.npy,Normal
Pistachio/VAD/vit-features/train/normal/commercial_normal_more/000000127487_all__0.npy,Normal
Pistachio/VAD/vit-features/train/normal/commercial_normal_more/000000127487_all__1.npy,Normal
Pistachio/VAD/vit-features/train/normal/commercial_normal_more/000000127487_all__2.npy,Normal
Pistachio/VAD/vit-features/train/normal/commercial_normal_more/000000127487_all__3.npy,Normal
Pistachio/VAD/vit-features/train/normal/commercial_normal_more/000000127487_all__4.npy,Normal
Pistachio/VAD/vit-features/train/normal/commercial_normal_more/000000127487_all__5.npy,Normal
Pistachio/VAD/vit-features/train/normal/commercial_normal_more/000000127487_all__6.npy,Normal
Pistachio/VAD/vit-features/train/normal/commercial_normal_more/000000127487_all__7.npy,Normal
Pistachio/VAD/vit-features/train/normal/commercial_normal_more/000000127487_all__8.npy,Normal
Pistachio/VAD/vit-features/train/normal/commercial_normal_more/000000127487_all__9.npy,Normal
Pistachio/VAD/vit-features/train/normal/commercial_normal_more/000000127593_all__0.npy,Normal
Pistachio/VAD/vit-features/train/normal/commercial_normal_more/000000127593_all__1.npy,Normal
Pistachio/VAD/vit-features/train/normal/commercial_normal_more/000000127593_all__2.npy,Normal
Pistachio/VAD/vit-features/train/normal/commercial_normal_more/000000127593_all__3.npy,Normal
Pistachio/VAD/vit-features/train/normal/commercial_normal_more/000000127593_all__4.npy,Normal
Pistachio/VAD/vit-features/train/normal/commercial_normal_more/000000127593_all__5.npy,Normal
Pistachio/VAD/vit-features/train/normal/commercial_normal_more/000000127593_all__6.npy,Normal
Pistachio/VAD/vit-features/train/normal/commercial_normal_more/000000127593_all__7.npy,Normal
Pistachio/VAD/vit-features/train/normal/commercial_normal_more/000000127593_all__8.npy,Normal
Pistachio/VAD/vit-features/train/normal/commercial_normal_more/000000127593_all__9.npy,Normal
Pistachio/VAD/vit-features/train/normal/commercial_normal_more/000000127738_all__0.npy,Normal
Pistachio/VAD/vit-features/train/normal/commercial_normal_more/000000127738_all__1.npy,Normal
Pistachio/VAD/vit-features/train/normal/commercial_normal_more/000000127738_all__2.npy,Normal
Pistachio/VAD/vit-features/train/normal/commercial_normal_more/000000127738_all__3.npy,Normal
Pistachio/VAD/vit-features/train/normal/commercial_normal_more/000000127738_all__4.npy,Normal
Pistachio/VAD/vit-features/train/normal/commercial_normal_more/000000127738_all__5.npy,Normal
Pistachio/VAD/vit-features/train/normal/commercial_normal_more/000000127738_all__6.npy,Normal
Pistachio/VAD/vit-features/train/normal/commercial_normal_more/000000127738_all__7.npy,Normal
Pistachio/VAD/vit-features/train/normal/commercial_normal_more/000000127738_all__8.npy,Normal
Pistachio/VAD/vit-features/train/normal/commercial_normal_more/000000127738_all__9.npy,Normal
Pistachio/VAD/vit-features/train/normal/commercial_normal_more/000000127833_all__0.npy,Normal
Pistachio/VAD/vit-features/train/normal/commercial_normal_more/000000127833_all__1.npy,Normal
Pistachio/VAD/vit-features/train/normal/commercial_normal_more/000000127833_all__2.npy,Normal
Pistachio/VAD/vit-features/train/normal/commercial_normal_more/000000127833_all__3.npy,Normal
Pistachio/VAD/vit-features/train/normal/commercial_normal_more/000000127833_all__4.npy,Normal
Pistachio/VAD/vit-features/train/normal/commercial_normal_more/000000127833_all__5.npy,Normal
Pistachio/VAD/vit-features/train/normal/commercial_normal_more/000000127833_all__6.npy,Normal
Pistachio/VAD/vit-features/train/normal/commercial_normal_more/000000127833_all__7.npy,Normal
Pistachio/VAD/vit-features/train/normal/commercial_normal_more/000000127833_all__8.npy,Normal
Pistachio/VAD/vit-features/train/normal/commercial_normal_more/000000127833_all__9.npy,Normal
Pistachio/VAD/vit-features/train/normal/commercial_normal_more/000000127879_all__0.npy,Normal
Pistachio/VAD/vit-features/train/normal/commercial_normal_more/000000127879_all__1.npy,Normal
Pistachio/VAD/vit-features/train/normal/commercial_normal_more/000000127879_all__2.npy,Normal
Pistachio/VAD/vit-features/train/normal/commercial_normal_more/000000127879_all__3.npy,Normal
Pistachio/VAD/vit-features/train/normal/commercial_normal_more/000000127879_all__4.npy,Normal
Pistachio/VAD/vit-features/train/normal/commercial_normal_more/000000127879_all__5.npy,Normal
Pistachio/VAD/vit-features/train/normal/commercial_normal_more/000000127879_all__6.npy,Normal
Pistachio/VAD/vit-features/train/normal/commercial_normal_more/000000127879_all__7.npy,Normal
Pistachio/VAD/vit-features/train/normal/commercial_normal_more/000000127879_all__8.npy,Normal
Pistachio/VAD/vit-features/train/normal/commercial_normal_more/000000127879_all__9.npy,Normal
Pistachio/VAD/vit-features/train/normal/commercial_normal_more/000000128062_all__0.npy,Normal
Pistachio/VAD/vit-features/train/normal/commercial_normal_more/000000128062_all__1.npy,Normal
Pistachio/VAD/vit-features/train/normal/commercial_normal_more/000000128062_all__2.npy,Normal
Pistachio/VAD/vit-features/train/normal/commercial_normal_more/000000128062_all__3.npy,Normal
Pistachio/VAD/vit-features/train/normal/commercial_normal_more/000000128062_all__4.npy,Normal
Pistachio/VAD/vit-features/train/normal/commercial_normal_more/000000128062_all__5.npy,Normal
Pistachio/VAD/vit-features/train/normal/commercial_normal_more/000000128062_all__6.npy,Normal
Pistachio/VAD/vit-features/train/normal/commercial_normal_more/000000128062_all__7.npy,Normal
Pistachio/VAD/vit-features/train/normal/commercial_normal_more/000000128062_all__8.npy,Normal
Pistachio/VAD/vit-features/train/normal/commercial_normal_more/000000128062_all__9.npy,Normal
Pistachio/VAD/vit-features/train/normal/commercial_normal_more/000000128266_all__0.npy,Normal
Pistachio/VAD/vit-features/train/normal/commercial_normal_more/000000128266_all__1.npy,Normal
Pistachio/VAD/vit-features/train/normal/commercial_normal_more/000000128266_all__2.npy,Normal
Pistachio/VAD/vit-features/train/normal/commercial_normal_more/000000128266_all__3.npy,Normal
Pistachio/VAD/vit-features/train/normal/commercial_normal_more/000000128266_all__4.npy,Normal
Pistachio/VAD/vit-features/train/normal/commercial_normal_more/000000128266_all__5.npy,Normal
Pistachio/VAD/vit-features/train/normal/commercial_normal_more/000000128266_all__6.npy,Normal
Pistachio/VAD/vit-features/train/normal/commercial_normal_more/000000128266_all__7.npy,Normal
Pistachio/VAD/vit-features/train/normal/commercial_normal_more/000000128266_all__8.npy,Normal
Pistachio/VAD/vit-features/train/normal/commercial_normal_more/000000128266_all__9.npy,Normal
Pistachio/VAD/vit-features/train/normal/commercial_normal_more/000000128416_all__0.npy,Normal
Pistachio/VAD/vit-features/train/normal/commercial_normal_more/000000128416_all__1.npy,Normal
Pistachio/VAD/vit-features/train/normal/commercial_normal_more/000000128416_all__2.npy,Normal
Pistachio/VAD/vit-features/train/normal/commercial_normal_more/000000128416_all__3.npy,Normal
Pistachio/VAD/vit-features/train/normal/commercial_normal_more/000000128416_all__4.npy,Normal
Pistachio/VAD/vit-features/train/normal/commercial_normal_more/000000128416_all__5.npy,Normal
Pistachio/VAD/vit-features/train/normal/commercial_normal_more/000000128416_all__6.npy,Normal
Pistachio/VAD/vit-features/train/normal/commercial_normal_more/000000128416_all__7.npy,Normal
Pistachio/VAD/vit-features/train/normal/commercial_normal_more/000000128416_all__8.npy,Normal
Pistachio/VAD/vit-features/train/normal/commercial_normal_more/000000128416_all__9.npy,Normal
Pistachio/VAD/vit-features/train/normal/commercial_normal_more/000000128540_all__0.npy,Normal
Pistachio/VAD/vit-features/train/normal/commercial_normal_more/000000128540_all__1.npy,Normal
Pistachio/VAD/vit-features/train/normal/commercial_normal_more/000000128540_all__2.npy,Normal
Pistachio/VAD/vit-features/train/normal/commercial_normal_more/000000128540_all__3.npy,Normal
Pistachio/VAD/vit-features/train/normal/commercial_normal_more/000000128540_all__4.npy,Normal
Pistachio/VAD/vit-features/train/normal/commercial_normal_more/000000128540_all__5.npy,Normal
Pistachio/VAD/vit-features/train/normal/commercial_normal_more/000000128540_all__6.npy,Normal
Pistachio/VAD/vit-features/train/normal/commercial_normal_more/000000128540_all__7.npy,Normal
Pistachio/VAD/vit-features/train/normal/commercial_normal_more/000000128540_all__8.npy,Normal
Pistachio/VAD/vit-features/train/normal/commercial_normal_more/000000128540_all__9.npy,Normal
Pistachio/VAD/vit-features/train/normal/commercial_normal_more/000000128593_all__0.npy,Normal
Pistachio/VAD/vit-features/train/normal/commercial_normal_more/000000128593_all__1.npy,Normal
Pistachio/VAD/vit-features/train/normal/commercial_normal_more/000000128593_all__2.npy,Normal
Pistachio/VAD/vit-features/train/normal/commercial_normal_more/000000128593_all__3.npy,Normal
Pistachio/VAD/vit-features/train/normal/commercial_normal_more/000000128593_all__4.npy,Normal
Pistachio/VAD/vit-features/train/normal/commercial_normal_more/000000128593_all__5.npy,Normal
Pistachio/VAD/vit-features/train/normal/commercial_normal_more/000000128593_all__6.npy,Normal
Pistachio/VAD/vit-features/train/normal/commercial_normal_more/000000128593_all__7.npy,Normal
Pistachio/VAD/vit-features/train/normal/commercial_normal_more/000000128593_all__8.npy,Normal
Pistachio/VAD/vit-features/train/normal/commercial_normal_more/000000128593_all__9.npy,Normal
Pistachio/VAD/vit-features/train/normal/commercial_normal_more/000000128774_all__0.npy,Normal
Pistachio/VAD/vit-features/train/normal/commercial_normal_more/000000128774_all__1.npy,Normal
Pistachio/VAD/vit-features/train/normal/commercial_normal_more/000000128774_all__2.npy,Normal
Pistachio/VAD/vit-features/train/normal/commercial_normal_more/000000128774_all__3.npy,Normal
Pistachio/VAD/vit-features/train/normal/commercial_normal_more/000000128774_all__4.npy,Normal
Pistachio/VAD/vit-features/train/normal/commercial_normal_more/000000128774_all__5.npy,Normal
Pistachio/VAD/vit-features/train/normal/commercial_normal_more/000000128774_all__6.npy,Normal
Pistachio/VAD/vit-features/train/normal/commercial_normal_more/000000128774_all__7.npy,Normal
Pistachio/VAD/vit-features/train/normal/commercial_normal_more/000000128774_all__8.npy,Normal
Pistachio/VAD/vit-features/train/normal/commercial_normal_more/000000128774_all__9.npy,Normal
Pistachio/VAD/vit-features/train/normal/commercial_normal_more/000000128945_all__0.npy,Normal
Pistachio/VAD/vit-features/train/normal/commercial_normal_more/000000128945_all__1.npy,Normal
Pistachio/VAD/vit-features/train/normal/commercial_normal_more/000000128945_all__2.npy,Normal
Pistachio/VAD/vit-features/train/normal/commercial_normal_more/000000128945_all__3.npy,Normal
Pistachio/VAD/vit-features/train/normal/commercial_normal_more/000000128945_all__4.npy,Normal
Pistachio/VAD/vit-features/train/normal/commercial_normal_more/000000128945_all__5.npy,Normal
Pistachio/VAD/vit-features/train/normal/commercial_normal_more/000000128945_all__6.npy,Normal
Pistachio/VAD/vit-features/train/normal/commercial_normal_more/000000128945_all__7.npy,Normal
Pistachio/VAD/vit-features/train/normal/commercial_normal_more/000000128945_all__8.npy,Normal
Pistachio/VAD/vit-features/train/normal/commercial_normal_more/000000128945_all__9.npy,Normal
Pistachio/VAD/vit-features/train/normal/commercial_normal_more/000000129034_all__0.npy,Normal
Pistachio/VAD/vit-features/train/normal/commercial_normal_more/000000129034_all__1.npy,Normal
Pistachio/VAD/vit-features/train/normal/commercial_normal_more/000000129034_all__2.npy,Normal
Pistachio/VAD/vit-features/train/normal/commercial_normal_more/000000129034_all__3.npy,Normal
Pistachio/VAD/vit-features/train/normal/commercial_normal_more/000000129034_all__4.npy,Normal
Pistachio/VAD/vit-features/train/normal/commercial_normal_more/000000129034_all__5.npy,Normal
Pistachio/VAD/vit-features/train/normal/commercial_normal_more/000000129034_all__6.npy,Normal
Pistachio/VAD/vit-features/train/normal/commercial_normal_more/000000129034_all__7.npy,Normal
Pistachio/VAD/vit-features/train/normal/commercial_normal_more/000000129034_all__8.npy,Normal
Pistachio/VAD/vit-features/train/normal/commercial_normal_more/000000129034_all__9.npy,Normal
Pistachio/VAD/vit-features/train/normal/commercial_normal_more/000000129091_all__0.npy,Normal
Pistachio/VAD/vit-features/train/normal/commercial_normal_more/000000129091_all__1.npy,Normal
Pistachio/VAD/vit-features/train/normal/commercial_normal_more/000000129091_all__2.npy,Normal
Pistachio/VAD/vit-features/train/normal/commercial_normal_more/000000129091_all__3.npy,Normal
Pistachio/VAD/vit-features/train/normal/commercial_normal_more/000000129091_all__4.npy,Normal
Pistachio/VAD/vit-features/train/normal/commercial_normal_more/000000129091_all__5.npy,Normal
Pistachio/VAD/vit-features/train/normal/commercial_normal_more/000000129091_all__6.npy,Normal
Pistachio/VAD/vit-features/train/normal/commercial_normal_more/000000129091_all__7.npy,Normal
Pistachio/VAD/vit-features/train/normal/commercial_normal_more/000000129091_all__8.npy,Normal
Pistachio/VAD/vit-features/train/normal/commercial_normal_more/000000129091_all__9.npy,Normal
Pistachio/VAD/vit-features/train/normal/commercial_normal_more/000000129239_all__0.npy,Normal
Pistachio/VAD/vit-features/train/normal/commercial_normal_more/000000129239_all__1.npy,Normal
Pistachio/VAD/vit-features/train/normal/commercial_normal_more/000000129239_all__2.npy,Normal
Pistachio/VAD/vit-features/train/normal/commercial_normal_more/000000129239_all__3.npy,Normal
Pistachio/VAD/vit-features/train/normal/commercial_normal_more/000000129239_all__4.npy,Normal
Pistachio/VAD/vit-features/train/normal/commercial_normal_more/000000129239_all__5.npy,Normal
Pistachio/VAD/vit-features/train/normal/commercial_normal_more/000000129239_all__6.npy,Normal
Pistachio/VAD/vit-features/train/normal/commercial_normal_more/000000129239_all__7.npy,Normal
Pistachio/VAD/vit-features/train/normal/commercial_normal_more/000000129239_all__8.npy,Normal
Pistachio/VAD/vit-features/train/normal/commercial_normal_more/000000129239_all__9.npy,Normal
Pistachio/VAD/vit-features/train/normal/commercial_normal_more/000000129291_all__0.npy,Normal
Pistachio/VAD/vit-features/train/normal/commercial_normal_more/000000129291_all__1.npy,Normal
Pistachio/VAD/vit-features/train/normal/commercial_normal_more/000000129291_all__2.npy,Normal
Pistachio/VAD/vit-features/train/normal/commercial_normal_more/000000129291_all__3.npy,Normal
Pistachio/VAD/vit-features/train/normal/commercial_normal_more/000000129291_all__4.npy,Normal
Pistachio/VAD/vit-features/train/normal/commercial_normal_more/000000129291_all__5.npy,Normal
Pistachio/VAD/vit-features/train/normal/commercial_normal_more/000000129291_all__6.npy,Normal
Pistachio/VAD/vit-features/train/normal/commercial_normal_more/000000129291_all__7.npy,Normal
Pistachio/VAD/vit-features/train/normal/commercial_normal_more/000000129291_all__8.npy,Normal
Pistachio/VAD/vit-features/train/normal/commercial_normal_more/000000129291_all__9.npy,Normal
Pistachio/VAD/vit-features/train/normal/commercial_normal_more/000000129354_all__0.npy,Normal
Pistachio/VAD/vit-features/train/normal/commercial_normal_more/000000129354_all__1.npy,Normal
Pistachio/VAD/vit-features/train/normal/commercial_normal_more/000000129354_all__2.npy,Normal
Pistachio/VAD/vit-features/train/normal/commercial_normal_more/000000129354_all__3.npy,Normal
Pistachio/VAD/vit-features/train/normal/commercial_normal_more/000000129354_all__4.npy,Normal
Pistachio/VAD/vit-features/train/normal/commercial_normal_more/000000129354_all__5.npy,Normal
Pistachio/VAD/vit-features/train/normal/commercial_normal_more/000000129354_all__6.npy,Normal
Pistachio/VAD/vit-features/train/normal/commercial_normal_more/000000129354_all__7.npy,Normal
Pistachio/VAD/vit-features/train/normal/commercial_normal_more/000000129354_all__8.npy,Normal
Pistachio/VAD/vit-features/train/normal/commercial_normal_more/000000129354_all__9.npy,Normal
Pistachio/VAD/vit-features/train/normal/commercial_normal_more/000000129427_all__0.npy,Normal
Pistachio/VAD/vit-features/train/normal/commercial_normal_more/000000129427_all__1.npy,Normal
Pistachio/VAD/vit-features/train/normal/commercial_normal_more/000000129427_all__2.npy,Normal
Pistachio/VAD/vit-features/train/normal/commercial_normal_more/000000129427_all__3.npy,Normal
Pistachio/VAD/vit-features/train/normal/commercial_normal_more/000000129427_all__4.npy,Normal
Pistachio/VAD/vit-features/train/normal/commercial_normal_more/000000129427_all__5.npy,Normal
Pistachio/VAD/vit-features/train/normal/commercial_normal_more/000000129427_all__6.npy,Normal
Pistachio/VAD/vit-features/train/normal/commercial_normal_more/000000129427_all__7.npy,Normal
Pistachio/VAD/vit-features/train/normal/commercial_normal_more/000000129427_all__8.npy,Normal
Pistachio/VAD/vit-features/train/normal/commercial_normal_more/000000129427_all__9.npy,Normal
Pistachio/VAD/vit-features/train/normal/commercial_normal_more/000000129467_all__0.npy,Normal
Pistachio/VAD/vit-features/train/normal/commercial_normal_more/000000129467_all__1.npy,Normal
Pistachio/VAD/vit-features/train/normal/commercial_normal_more/000000129467_all__2.npy,Normal
Pistachio/VAD/vit-features/train/normal/commercial_normal_more/000000129467_all__3.npy,Normal
Pistachio/VAD/vit-features/train/normal/commercial_normal_more/000000129467_all__4.npy,Normal
Pistachio/VAD/vit-features/train/normal/commercial_normal_more/000000129467_all__5.npy,Normal
Pistachio/VAD/vit-features/train/normal/commercial_normal_more/000000129467_all__6.npy,Normal
Pistachio/VAD/vit-features/train/normal/commercial_normal_more/000000129467_all__7.npy,Normal
Pistachio/VAD/vit-features/train/normal/commercial_normal_more/000000129467_all__8.npy,Normal
Pistachio/VAD/vit-features/train/normal/commercial_normal_more/000000129467_all__9.npy,Normal
Pistachio/VAD/vit-features/train/normal/commercial_normal_more/000000129614_all__0.npy,Normal
Pistachio/VAD/vit-features/train/normal/commercial_normal_more/000000129614_all__1.npy,Normal
Pistachio/VAD/vit-features/train/normal/commercial_normal_more/000000129614_all__2.npy,Normal
Pistachio/VAD/vit-features/train/normal/commercial_normal_more/000000129614_all__3.npy,Normal
Pistachio/VAD/vit-features/train/normal/commercial_normal_more/000000129614_all__4.npy,Normal
Pistachio/VAD/vit-features/train/normal/commercial_normal_more/000000129614_all__5.npy,Normal
Pistachio/VAD/vit-features/train/normal/commercial_normal_more/000000129614_all__6.npy,Normal
Pistachio/VAD/vit-features/train/normal/commercial_normal_more/000000129614_all__7.npy,Normal
Pistachio/VAD/vit-features/train/normal/commercial_normal_more/000000129614_all__8.npy,Normal
Pistachio/VAD/vit-features/train/normal/commercial_normal_more/000000129614_all__9.npy,Normal
Pistachio/VAD/vit-features/train/normal/commercial_normal_more/000000129617_all__0.npy,Normal
Pistachio/VAD/vit-features/train/normal/commercial_normal_more/000000129617_all__1.npy,Normal
Pistachio/VAD/vit-features/train/normal/commercial_normal_more/000000129617_all__2.npy,Normal
Pistachio/VAD/vit-features/train/normal/commercial_normal_more/000000129617_all__3.npy,Normal
Pistachio/VAD/vit-features/train/normal/commercial_normal_more/000000129617_all__4.npy,Normal
Pistachio/VAD/vit-features/train/normal/commercial_normal_more/000000129617_all__5.npy,Normal
Pistachio/VAD/vit-features/train/normal/commercial_normal_more/000000129617_all__6.npy,Normal
Pistachio/VAD/vit-features/train/normal/commercial_normal_more/000000129617_all__7.npy,Normal
Pistachio/VAD/vit-features/train/normal/commercial_normal_more/000000129617_all__8.npy,Normal
Pistachio/VAD/vit-features/train/normal/commercial_normal_more/000000129617_all__9.npy,Normal
Pistachio/VAD/vit-features/train/normal/commercial_normal_more/000000130246_all__0.npy,Normal
Pistachio/VAD/vit-features/train/normal/commercial_normal_more/000000130246_all__1.npy,Normal
Pistachio/VAD/vit-features/train/normal/commercial_normal_more/000000130246_all__2.npy,Normal
Pistachio/VAD/vit-features/train/normal/commercial_normal_more/000000130246_all__3.npy,Normal
Pistachio/VAD/vit-features/train/normal/commercial_normal_more/000000130246_all__4.npy,Normal
Pistachio/VAD/vit-features/train/normal/commercial_normal_more/000000130246_all__5.npy,Normal
Pistachio/VAD/vit-features/train/normal/commercial_normal_more/000000130246_all__6.npy,Normal
Pistachio/VAD/vit-features/train/normal/commercial_normal_more/000000130246_all__7.npy,Normal
Pistachio/VAD/vit-features/train/normal/commercial_normal_more/000000130246_all__8.npy,Normal
Pistachio/VAD/vit-features/train/normal/commercial_normal_more/000000130246_all__9.npy,Normal
Pistachio/VAD/vit-features/train/normal/commercial_normal_more/000000130359_all__0.npy,Normal
Pistachio/VAD/vit-features/train/normal/commercial_normal_more/000000130359_all__1.npy,Normal
Pistachio/VAD/vit-features/train/normal/commercial_normal_more/000000130359_all__2.npy,Normal
Pistachio/VAD/vit-features/train/normal/commercial_normal_more/000000130359_all__3.npy,Normal
Pistachio/VAD/vit-features/train/normal/commercial_normal_more/000000130359_all__4.npy,Normal
Pistachio/VAD/vit-features/train/normal/commercial_normal_more/000000130359_all__5.npy,Normal
Pistachio/VAD/vit-features/train/normal/commercial_normal_more/000000130359_all__6.npy,Normal
Pistachio/VAD/vit-features/train/normal/commercial_normal_more/000000130359_all__7.npy,Normal
Pistachio/VAD/vit-features/train/normal/commercial_normal_more/000000130359_all__8.npy,Normal
Pistachio/VAD/vit-features/train/normal/commercial_normal_more/000000130359_all__9.npy,Normal
Pistachio/VAD/vit-features/train/normal/commercial_normal_more/000000130669_all__0.npy,Normal
Pistachio/VAD/vit-features/train/normal/commercial_normal_more/000000130669_all__1.npy,Normal
Pistachio/VAD/vit-features/train/normal/commercial_normal_more/000000130669_all__2.npy,Normal
Pistachio/VAD/vit-features/train/normal/commercial_normal_more/000000130669_all__3.npy,Normal
Pistachio/VAD/vit-features/train/normal/commercial_normal_more/000000130669_all__4.npy,Normal
Pistachio/VAD/vit-features/train/normal/commercial_normal_more/000000130669_all__5.npy,Normal
Pistachio/VAD/vit-features/train/normal/commercial_normal_more/000000130669_all__6.npy,Normal
Pistachio/VAD/vit-features/train/normal/commercial_normal_more/000000130669_all__7.npy,Normal
Pistachio/VAD/vit-features/train/normal/commercial_normal_more/000000130669_all__8.npy,Normal
Pistachio/VAD/vit-features/train/normal/commercial_normal_more/000000130669_all__9.npy,Normal
Pistachio/VAD/vit-features/train/normal/commercial_normal_more/000000130855_all__0.npy,Normal
Pistachio/VAD/vit-features/train/normal/commercial_normal_more/000000130855_all__1.npy,Normal
Pistachio/VAD/vit-features/train/normal/commercial_normal_more/000000130855_all__2.npy,Normal
Pistachio/VAD/vit-features/train/normal/commercial_normal_more/000000130855_all__3.npy,Normal
Pistachio/VAD/vit-features/train/normal/commercial_normal_more/000000130855_all__4.npy,Normal
Pistachio/VAD/vit-features/train/normal/commercial_normal_more/000000130855_all__5.npy,Normal
Pistachio/VAD/vit-features/train/normal/commercial_normal_more/000000130855_all__6.npy,Normal
Pistachio/VAD/vit-features/train/normal/commercial_normal_more/000000130855_all__7.npy,Normal
Pistachio/VAD/vit-features/train/normal/commercial_normal_more/000000130855_all__8.npy,Normal
Pistachio/VAD/vit-features/train/normal/commercial_normal_more/000000130855_all__9.npy,Normal
Pistachio/VAD/vit-features/train/normal/commercial_normal_more/000000130903_all__0.npy,Normal
Pistachio/VAD/vit-features/train/normal/commercial_normal_more/000000130903_all__1.npy,Normal
Pistachio/VAD/vit-features/train/normal/commercial_normal_more/000000130903_all__2.npy,Normal
Pistachio/VAD/vit-features/train/normal/commercial_normal_more/000000130903_all__3.npy,Normal
Pistachio/VAD/vit-features/train/normal/commercial_normal_more/000000130903_all__4.npy,Normal
Pistachio/VAD/vit-features/train/normal/commercial_normal_more/000000130903_all__5.npy,Normal
Pistachio/VAD/vit-features/train/normal/commercial_normal_more/000000130903_all__6.npy,Normal
Pistachio/VAD/vit-features/train/normal/commercial_normal_more/000000130903_all__7.npy,Normal
Pistachio/VAD/vit-features/train/normal/commercial_normal_more/000000130903_all__8.npy,Normal
Pistachio/VAD/vit-features/train/normal/commercial_normal_more/000000130903_all__9.npy,Normal
Pistachio/VAD/vit-features/train/normal/commercial_normal_more/000000130964_all__0.npy,Normal
Pistachio/VAD/vit-features/train/normal/commercial_normal_more/000000130964_all__1.npy,Normal
Pistachio/VAD/vit-features/train/normal/commercial_normal_more/000000130964_all__2.npy,Normal
Pistachio/VAD/vit-features/train/normal/commercial_normal_more/000000130964_all__3.npy,Normal
Pistachio/VAD/vit-features/train/normal/commercial_normal_more/000000130964_all__4.npy,Normal
Pistachio/VAD/vit-features/train/normal/commercial_normal_more/000000130964_all__5.npy,Normal
Pistachio/VAD/vit-features/train/normal/commercial_normal_more/000000130964_all__6.npy,Normal
Pistachio/VAD/vit-features/train/normal/commercial_normal_more/000000130964_all__7.npy,Normal
Pistachio/VAD/vit-features/train/normal/commercial_normal_more/000000130964_all__8.npy,Normal
Pistachio/VAD/vit-features/train/normal/commercial_normal_more/000000130964_all__9.npy,Normal
Pistachio/VAD/vit-features/train/normal/commercial_normal_more/000000131079_all__0.npy,Normal
Pistachio/VAD/vit-features/train/normal/commercial_normal_more/000000131079_all__1.npy,Normal
Pistachio/VAD/vit-features/train/normal/commercial_normal_more/000000131079_all__2.npy,Normal
Pistachio/VAD/vit-features/train/normal/commercial_normal_more/000000131079_all__3.npy,Normal
Pistachio/VAD/vit-features/train/normal/commercial_normal_more/000000131079_all__4.npy,Normal
Pistachio/VAD/vit-features/train/normal/commercial_normal_more/000000131079_all__5.npy,Normal
Pistachio/VAD/vit-features/train/normal/commercial_normal_more/000000131079_all__6.npy,Normal
Pistachio/VAD/vit-features/train/normal/commercial_normal_more/000000131079_all__7.npy,Normal
Pistachio/VAD/vit-features/train/normal/commercial_normal_more/000000131079_all__8.npy,Normal
Pistachio/VAD/vit-features/train/normal/commercial_normal_more/000000131079_all__9.npy,Normal
Pistachio/VAD/vit-features/train/normal/commercial_normal_more/000000131091_all__0.npy,Normal
Pistachio/VAD/vit-features/train/normal/commercial_normal_more/000000131091_all__1.npy,Normal
Pistachio/VAD/vit-features/train/normal/commercial_normal_more/000000131091_all__2.npy,Normal
Pistachio/VAD/vit-features/train/normal/commercial_normal_more/000000131091_all__3.npy,Normal
Pistachio/VAD/vit-features/train/normal/commercial_normal_more/000000131091_all__4.npy,Normal
Pistachio/VAD/vit-features/train/normal/commercial_normal_more/000000131091_all__5.npy,Normal
Pistachio/VAD/vit-features/train/normal/commercial_normal_more/000000131091_all__6.npy,Normal
Pistachio/VAD/vit-features/train/normal/commercial_normal_more/000000131091_all__7.npy,Normal
Pistachio/VAD/vit-features/train/normal/commercial_normal_more/000000131091_all__8.npy,Normal
Pistachio/VAD/vit-features/train/normal/commercial_normal_more/000000131091_all__9.npy,Normal
Pistachio/VAD/vit-features/train/normal/commercial_normal_more/000000131158_all__0.npy,Normal
Pistachio/VAD/vit-features/train/normal/commercial_normal_more/000000131158_all__1.npy,Normal
Pistachio/VAD/vit-features/train/normal/commercial_normal_more/000000131158_all__2.npy,Normal
Pistachio/VAD/vit-features/train/normal/commercial_normal_more/000000131158_all__3.npy,Normal
Pistachio/VAD/vit-features/train/normal/commercial_normal_more/000000131158_all__4.npy,Normal
Pistachio/VAD/vit-features/train/normal/commercial_normal_more/000000131158_all__5.npy,Normal
Pistachio/VAD/vit-features/train/normal/commercial_normal_more/000000131158_all__6.npy,Normal
Pistachio/VAD/vit-features/train/normal/commercial_normal_more/000000131158_all__7.npy,Normal
Pistachio/VAD/vit-features/train/normal/commercial_normal_more/000000131158_all__8.npy,Normal
Pistachio/VAD/vit-features/train/normal/commercial_normal_more/000000131158_all__9.npy,Normal
Pistachio/VAD/vit-features/train/normal/commercial_normal_more/000000131479_all__0.npy,Normal
Pistachio/VAD/vit-features/train/normal/commercial_normal_more/000000131479_all__1.npy,Normal
Pistachio/VAD/vit-features/train/normal/commercial_normal_more/000000131479_all__2.npy,Normal
Pistachio/VAD/vit-features/train/normal/commercial_normal_more/000000131479_all__3.npy,Normal
Pistachio/VAD/vit-features/train/normal/commercial_normal_more/000000131479_all__4.npy,Normal
Pistachio/VAD/vit-features/train/normal/commercial_normal_more/000000131479_all__5.npy,Normal
Pistachio/VAD/vit-features/train/normal/commercial_normal_more/000000131479_all__6.npy,Normal
Pistachio/VAD/vit-features/train/normal/commercial_normal_more/000000131479_all__7.npy,Normal
Pistachio/VAD/vit-features/train/normal/commercial_normal_more/000000131479_all__8.npy,Normal
Pistachio/VAD/vit-features/train/normal/commercial_normal_more/000000131479_all__9.npy,Normal
Pistachio/VAD/vit-features/train/normal/commercial_normal_more/000000131634_all__0.npy,Normal
Pistachio/VAD/vit-features/train/normal/commercial_normal_more/000000131634_all__1.npy,Normal
Pistachio/VAD/vit-features/train/normal/commercial_normal_more/000000131634_all__2.npy,Normal
Pistachio/VAD/vit-features/train/normal/commercial_normal_more/000000131634_all__3.npy,Normal
Pistachio/VAD/vit-features/train/normal/commercial_normal_more/000000131634_all__4.npy,Normal
Pistachio/VAD/vit-features/train/normal/commercial_normal_more/000000131634_all__5.npy,Normal
Pistachio/VAD/vit-features/train/normal/commercial_normal_more/000000131634_all__6.npy,Normal
Pistachio/VAD/vit-features/train/normal/commercial_normal_more/000000131634_all__7.npy,Normal
Pistachio/VAD/vit-features/train/normal/commercial_normal_more/000000131634_all__8.npy,Normal
Pistachio/VAD/vit-features/train/normal/commercial_normal_more/000000131634_all__9.npy,Normal
Pistachio/VAD/vit-features/train/normal/commercial_normal_more/000000131707_all__0.npy,Normal
Pistachio/VAD/vit-features/train/normal/commercial_normal_more/000000131707_all__1.npy,Normal
Pistachio/VAD/vit-features/train/normal/commercial_normal_more/000000131707_all__2.npy,Normal
Pistachio/VAD/vit-features/train/normal/commercial_normal_more/000000131707_all__3.npy,Normal
Pistachio/VAD/vit-features/train/normal/commercial_normal_more/000000131707_all__4.npy,Normal
Pistachio/VAD/vit-features/train/normal/commercial_normal_more/000000131707_all__5.npy,Normal
Pistachio/VAD/vit-features/train/normal/commercial_normal_more/000000131707_all__6.npy,Normal
Pistachio/VAD/vit-features/train/normal/commercial_normal_more/000000131707_all__7.npy,Normal
Pistachio/VAD/vit-features/train/normal/commercial_normal_more/000000131707_all__8.npy,Normal
Pistachio/VAD/vit-features/train/normal/commercial_normal_more/000000131707_all__9.npy,Normal
Pistachio/VAD/vit-features/train/normal/commercial_normal_more/000000131962_all__0.npy,Normal
Pistachio/VAD/vit-features/train/normal/commercial_normal_more/000000131962_all__1.npy,Normal
Pistachio/VAD/vit-features/train/normal/commercial_normal_more/000000131962_all__2.npy,Normal
Pistachio/VAD/vit-features/train/normal/commercial_normal_more/000000131962_all__3.npy,Normal
Pistachio/VAD/vit-features/train/normal/commercial_normal_more/000000131962_all__4.npy,Normal
Pistachio/VAD/vit-features/train/normal/commercial_normal_more/000000131962_all__5.npy,Normal
Pistachio/VAD/vit-features/train/normal/commercial_normal_more/000000131962_all__6.npy,Normal
Pistachio/VAD/vit-features/train/normal/commercial_normal_more/000000131962_all__7.npy,Normal
Pistachio/VAD/vit-features/train/normal/commercial_normal_more/000000131962_all__8.npy,Normal
Pistachio/VAD/vit-features/train/normal/commercial_normal_more/000000131962_all__9.npy,Normal
Pistachio/VAD/vit-features/train/normal/commercial_normal_more/000000132190_all__0.npy,Normal
Pistachio/VAD/vit-features/train/normal/commercial_normal_more/000000132190_all__1.npy,Normal
Pistachio/VAD/vit-features/train/normal/commercial_normal_more/000000132190_all__2.npy,Normal
Pistachio/VAD/vit-features/train/normal/commercial_normal_more/000000132190_all__3.npy,Normal
Pistachio/VAD/vit-features/train/normal/commercial_normal_more/000000132190_all__4.npy,Normal
Pistachio/VAD/vit-features/train/normal/commercial_normal_more/000000132190_all__5.npy,Normal
Pistachio/VAD/vit-features/train/normal/commercial_normal_more/000000132190_all__6.npy,Normal
Pistachio/VAD/vit-features/train/normal/commercial_normal_more/000000132190_all__7.npy,Normal
Pistachio/VAD/vit-features/train/normal/commercial_normal_more/000000132190_all__8.npy,Normal
Pistachio/VAD/vit-features/train/normal/commercial_normal_more/000000132190_all__9.npy,Normal
Pistachio/VAD/vit-features/train/normal/commercial_normal_more/000000132455_all__0.npy,Normal
Pistachio/VAD/vit-features/train/normal/commercial_normal_more/000000132455_all__1.npy,Normal
Pistachio/VAD/vit-features/train/normal/commercial_normal_more/000000132455_all__2.npy,Normal
Pistachio/VAD/vit-features/train/normal/commercial_normal_more/000000132455_all__3.npy,Normal
Pistachio/VAD/vit-features/train/normal/commercial_normal_more/000000132455_all__4.npy,Normal
Pistachio/VAD/vit-features/train/normal/commercial_normal_more/000000132455_all__5.npy,Normal
Pistachio/VAD/vit-features/train/normal/commercial_normal_more/000000132455_all__6.npy,Normal
Pistachio/VAD/vit-features/train/normal/commercial_normal_more/000000132455_all__7.npy,Normal
Pistachio/VAD/vit-features/train/normal/commercial_normal_more/000000132455_all__8.npy,Normal
Pistachio/VAD/vit-features/train/normal/commercial_normal_more/000000132455_all__9.npy,Normal
Pistachio/VAD/vit-features/train/normal/commercial_normal_more/000000132534_all__0.npy,Normal
Pistachio/VAD/vit-features/train/normal/commercial_normal_more/000000132534_all__1.npy,Normal
Pistachio/VAD/vit-features/train/normal/commercial_normal_more/000000132534_all__2.npy,Normal
Pistachio/VAD/vit-features/train/normal/commercial_normal_more/000000132534_all__3.npy,Normal
Pistachio/VAD/vit-features/train/normal/commercial_normal_more/000000132534_all__4.npy,Normal
Pistachio/VAD/vit-features/train/normal/commercial_normal_more/000000132534_all__5.npy,Normal
Pistachio/VAD/vit-features/train/normal/commercial_normal_more/000000132534_all__6.npy,Normal
Pistachio/VAD/vit-features/train/normal/commercial_normal_more/000000132534_all__7.npy,Normal
Pistachio/VAD/vit-features/train/normal/commercial_normal_more/000000132534_all__8.npy,Normal
Pistachio/VAD/vit-features/train/normal/commercial_normal_more/000000132534_all__9.npy,Normal
Pistachio/VAD/vit-features/train/normal/commercial_normal_more/000000132653_all__0.npy,Normal
Pistachio/VAD/vit-features/train/normal/commercial_normal_more/000000132653_all__1.npy,Normal
Pistachio/VAD/vit-features/train/normal/commercial_normal_more/000000132653_all__2.npy,Normal
Pistachio/VAD/vit-features/train/normal/commercial_normal_more/000000132653_all__3.npy,Normal
Pistachio/VAD/vit-features/train/normal/commercial_normal_more/000000132653_all__4.npy,Normal
Pistachio/VAD/vit-features/train/normal/commercial_normal_more/000000132653_all__5.npy,Normal
Pistachio/VAD/vit-features/train/normal/commercial_normal_more/000000132653_all__6.npy,Normal
Pistachio/VAD/vit-features/train/normal/commercial_normal_more/000000132653_all__7.npy,Normal
Pistachio/VAD/vit-features/train/normal/commercial_normal_more/000000132653_all__8.npy,Normal
Pistachio/VAD/vit-features/train/normal/commercial_normal_more/000000132653_all__9.npy,Normal
Pistachio/VAD/vit-features/train/normal/commercial_normal_more/000000132772_all__0.npy,Normal
Pistachio/VAD/vit-features/train/normal/commercial_normal_more/000000132772_all__1.npy,Normal
Pistachio/VAD/vit-features/train/normal/commercial_normal_more/000000132772_all__2.npy,Normal
Pistachio/VAD/vit-features/train/normal/commercial_normal_more/000000132772_all__3.npy,Normal
Pistachio/VAD/vit-features/train/normal/commercial_normal_more/000000132772_all__4.npy,Normal
Pistachio/VAD/vit-features/train/normal/commercial_normal_more/000000132772_all__5.npy,Normal
Pistachio/VAD/vit-features/train/normal/commercial_normal_more/000000132772_all__6.npy,Normal
Pistachio/VAD/vit-features/train/normal/commercial_normal_more/000000132772_all__7.npy,Normal
Pistachio/VAD/vit-features/train/normal/commercial_normal_more/000000132772_all__8.npy,Normal
Pistachio/VAD/vit-features/train/normal/commercial_normal_more/000000132772_all__9.npy,Normal
Pistachio/VAD/vit-features/train/normal/commercial_normal_more/000000132927_all__0.npy,Normal
Pistachio/VAD/vit-features/train/normal/commercial_normal_more/000000132927_all__1.npy,Normal
Pistachio/VAD/vit-features/train/normal/commercial_normal_more/000000132927_all__2.npy,Normal
Pistachio/VAD/vit-features/train/normal/commercial_normal_more/000000132927_all__3.npy,Normal
Pistachio/VAD/vit-features/train/normal/commercial_normal_more/000000132927_all__4.npy,Normal
Pistachio/VAD/vit-features/train/normal/commercial_normal_more/000000132927_all__5.npy,Normal
Pistachio/VAD/vit-features/train/normal/commercial_normal_more/000000132927_all__6.npy,Normal
Pistachio/VAD/vit-features/train/normal/commercial_normal_more/000000132927_all__7.npy,Normal
Pistachio/VAD/vit-features/train/normal/commercial_normal_more/000000132927_all__8.npy,Normal
Pistachio/VAD/vit-features/train/normal/commercial_normal_more/000000132927_all__9.npy,Normal
Pistachio/VAD/vit-features/train/normal/commercial_normal_more/000000133116_all__0.npy,Normal
Pistachio/VAD/vit-features/train/normal/commercial_normal_more/000000133116_all__1.npy,Normal
Pistachio/VAD/vit-features/train/normal/commercial_normal_more/000000133116_all__2.npy,Normal
Pistachio/VAD/vit-features/train/normal/commercial_normal_more/000000133116_all__3.npy,Normal
Pistachio/VAD/vit-features/train/normal/commercial_normal_more/000000133116_all__4.npy,Normal
Pistachio/VAD/vit-features/train/normal/commercial_normal_more/000000133116_all__5.npy,Normal
Pistachio/VAD/vit-features/train/normal/commercial_normal_more/000000133116_all__6.npy,Normal
Pistachio/VAD/vit-features/train/normal/commercial_normal_more/000000133116_all__7.npy,Normal
Pistachio/VAD/vit-features/train/normal/commercial_normal_more/000000133116_all__8.npy,Normal
Pistachio/VAD/vit-features/train/normal/commercial_normal_more/000000133116_all__9.npy,Normal
Pistachio/VAD/vit-features/train/normal/commercial_normal_more/000000133198_all__0.npy,Normal
Pistachio/VAD/vit-features/train/normal/commercial_normal_more/000000133198_all__1.npy,Normal
Pistachio/VAD/vit-features/train/normal/commercial_normal_more/000000133198_all__2.npy,Normal
Pistachio/VAD/vit-features/train/normal/commercial_normal_more/000000133198_all__3.npy,Normal
Pistachio/VAD/vit-features/train/normal/commercial_normal_more/000000133198_all__4.npy,Normal
Pistachio/VAD/vit-features/train/normal/commercial_normal_more/000000133198_all__5.npy,Normal
Pistachio/VAD/vit-features/train/normal/commercial_normal_more/000000133198_all__6.npy,Normal
Pistachio/VAD/vit-features/train/normal/commercial_normal_more/000000133198_all__7.npy,Normal
Pistachio/VAD/vit-features/train/normal/commercial_normal_more/000000133198_all__8.npy,Normal
Pistachio/VAD/vit-features/train/normal/commercial_normal_more/000000133198_all__9.npy,Normal
Pistachio/VAD/vit-features/train/normal/commercial_normal_more/000000133201_all__0.npy,Normal
Pistachio/VAD/vit-features/train/normal/commercial_normal_more/000000133201_all__1.npy,Normal
Pistachio/VAD/vit-features/train/normal/commercial_normal_more/000000133201_all__2.npy,Normal
Pistachio/VAD/vit-features/train/normal/commercial_normal_more/000000133201_all__3.npy,Normal
Pistachio/VAD/vit-features/train/normal/commercial_normal_more/000000133201_all__4.npy,Normal
Pistachio/VAD/vit-features/train/normal/commercial_normal_more/000000133201_all__5.npy,Normal
Pistachio/VAD/vit-features/train/normal/commercial_normal_more/000000133201_all__6.npy,Normal
Pistachio/VAD/vit-features/train/normal/commercial_normal_more/000000133201_all__7.npy,Normal
Pistachio/VAD/vit-features/train/normal/commercial_normal_more/000000133201_all__8.npy,Normal
Pistachio/VAD/vit-features/train/normal/commercial_normal_more/000000133201_all__9.npy,Normal
Pistachio/VAD/vit-features/train/normal/commercial_normal_more/000000133255_all__0.npy,Normal
Pistachio/VAD/vit-features/train/normal/commercial_normal_more/000000133255_all__1.npy,Normal
Pistachio/VAD/vit-features/train/normal/commercial_normal_more/000000133255_all__2.npy,Normal
Pistachio/VAD/vit-features/train/normal/commercial_normal_more/000000133255_all__3.npy,Normal
Pistachio/VAD/vit-features/train/normal/commercial_normal_more/000000133255_all__4.npy,Normal
Pistachio/VAD/vit-features/train/normal/commercial_normal_more/000000133255_all__5.npy,Normal
Pistachio/VAD/vit-features/train/normal/commercial_normal_more/000000133255_all__6.npy,Normal
Pistachio/VAD/vit-features/train/normal/commercial_normal_more/000000133255_all__7.npy,Normal
Pistachio/VAD/vit-features/train/normal/commercial_normal_more/000000133255_all__8.npy,Normal
Pistachio/VAD/vit-features/train/normal/commercial_normal_more/000000133255_all__9.npy,Normal
Pistachio/VAD/vit-features/train/normal/commercial_normal_more/000000133297_all__0.npy,Normal
Pistachio/VAD/vit-features/train/normal/commercial_normal_more/000000133297_all__1.npy,Normal
Pistachio/VAD/vit-features/train/normal/commercial_normal_more/000000133297_all__2.npy,Normal
Pistachio/VAD/vit-features/train/normal/commercial_normal_more/000000133297_all__3.npy,Normal
Pistachio/VAD/vit-features/train/normal/commercial_normal_more/000000133297_all__4.npy,Normal
Pistachio/VAD/vit-features/train/normal/commercial_normal_more/000000133297_all__5.npy,Normal
Pistachio/VAD/vit-features/train/normal/commercial_normal_more/000000133297_all__6.npy,Normal
Pistachio/VAD/vit-features/train/normal/commercial_normal_more/000000133297_all__7.npy,Normal
Pistachio/VAD/vit-features/train/normal/commercial_normal_more/000000133297_all__8.npy,Normal
Pistachio/VAD/vit-features/train/normal/commercial_normal_more/000000133297_all__9.npy,Normal
Pistachio/VAD/vit-features/train/normal/commercial_normal_more/000000133430_all__0.npy,Normal
Pistachio/VAD/vit-features/train/normal/commercial_normal_more/000000133430_all__1.npy,Normal
Pistachio/VAD/vit-features/train/normal/commercial_normal_more/000000133430_all__2.npy,Normal
Pistachio/VAD/vit-features/train/normal/commercial_normal_more/000000133430_all__3.npy,Normal
Pistachio/VAD/vit-features/train/normal/commercial_normal_more/000000133430_all__4.npy,Normal
Pistachio/VAD/vit-features/train/normal/commercial_normal_more/000000133430_all__5.npy,Normal
Pistachio/VAD/vit-features/train/normal/commercial_normal_more/000000133430_all__6.npy,Normal
Pistachio/VAD/vit-features/train/normal/commercial_normal_more/000000133430_all__7.npy,Normal
Pistachio/VAD/vit-features/train/normal/commercial_normal_more/000000133430_all__8.npy,Normal
Pistachio/VAD/vit-features/train/normal/commercial_normal_more/000000133430_all__9.npy,Normal
Pistachio/VAD/vit-features/train/normal/commercial_normal_more/000000133474_all__0.npy,Normal
Pistachio/VAD/vit-features/train/normal/commercial_normal_more/000000133474_all__1.npy,Normal
Pistachio/VAD/vit-features/train/normal/commercial_normal_more/000000133474_all__2.npy,Normal
Pistachio/VAD/vit-features/train/normal/commercial_normal_more/000000133474_all__3.npy,Normal
Pistachio/VAD/vit-features/train/normal/commercial_normal_more/000000133474_all__4.npy,Normal
Pistachio/VAD/vit-features/train/normal/commercial_normal_more/000000133474_all__5.npy,Normal
Pistachio/VAD/vit-features/train/normal/commercial_normal_more/000000133474_all__6.npy,Normal
Pistachio/VAD/vit-features/train/normal/commercial_normal_more/000000133474_all__7.npy,Normal
Pistachio/VAD/vit-features/train/normal/commercial_normal_more/000000133474_all__8.npy,Normal
Pistachio/VAD/vit-features/train/normal/commercial_normal_more/000000133474_all__9.npy,Normal
Pistachio/VAD/vit-features/train/normal/commercial_normal_more/000000133524_all__0.npy,Normal
Pistachio/VAD/vit-features/train/normal/commercial_normal_more/000000133524_all__1.npy,Normal
Pistachio/VAD/vit-features/train/normal/commercial_normal_more/000000133524_all__2.npy,Normal
Pistachio/VAD/vit-features/train/normal/commercial_normal_more/000000133524_all__3.npy,Normal
Pistachio/VAD/vit-features/train/normal/commercial_normal_more/000000133524_all__4.npy,Normal
Pistachio/VAD/vit-features/train/normal/commercial_normal_more/000000133524_all__5.npy,Normal
Pistachio/VAD/vit-features/train/normal/commercial_normal_more/000000133524_all__6.npy,Normal
Pistachio/VAD/vit-features/train/normal/commercial_normal_more/000000133524_all__7.npy,Normal
Pistachio/VAD/vit-features/train/normal/commercial_normal_more/000000133524_all__8.npy,Normal
Pistachio/VAD/vit-features/train/normal/commercial_normal_more/000000133524_all__9.npy,Normal
Pistachio/VAD/vit-features/train/normal/commercial_normal_more/000000133600_all__0.npy,Normal
Pistachio/VAD/vit-features/train/normal/commercial_normal_more/000000133600_all__1.npy,Normal
Pistachio/VAD/vit-features/train/normal/commercial_normal_more/000000133600_all__2.npy,Normal
Pistachio/VAD/vit-features/train/normal/commercial_normal_more/000000133600_all__3.npy,Normal
Pistachio/VAD/vit-features/train/normal/commercial_normal_more/000000133600_all__4.npy,Normal
Pistachio/VAD/vit-features/train/normal/commercial_normal_more/000000133600_all__5.npy,Normal
Pistachio/VAD/vit-features/train/normal/commercial_normal_more/000000133600_all__6.npy,Normal
Pistachio/VAD/vit-features/train/normal/commercial_normal_more/000000133600_all__7.npy,Normal
Pistachio/VAD/vit-features/train/normal/commercial_normal_more/000000133600_all__8.npy,Normal
Pistachio/VAD/vit-features/train/normal/commercial_normal_more/000000133600_all__9.npy,Normal
Pistachio/VAD/vit-features/train/normal/commercial_normal_more/000000133674_all__0.npy,Normal
Pistachio/VAD/vit-features/train/normal/commercial_normal_more/000000133674_all__1.npy,Normal
Pistachio/VAD/vit-features/train/normal/commercial_normal_more/000000133674_all__2.npy,Normal
Pistachio/VAD/vit-features/train/normal/commercial_normal_more/000000133674_all__3.npy,Normal
Pistachio/VAD/vit-features/train/normal/commercial_normal_more/000000133674_all__4.npy,Normal
Pistachio/VAD/vit-features/train/normal/commercial_normal_more/000000133674_all__5.npy,Normal
Pistachio/VAD/vit-features/train/normal/commercial_normal_more/000000133674_all__6.npy,Normal
Pistachio/VAD/vit-features/train/normal/commercial_normal_more/000000133674_all__7.npy,Normal
Pistachio/VAD/vit-features/train/normal/commercial_normal_more/000000133674_all__8.npy,Normal
Pistachio/VAD/vit-features/train/normal/commercial_normal_more/000000133674_all__9.npy,Normal
Pistachio/VAD/vit-features/train/normal/commercial_normal_more/000000133801_all__0.npy,Normal
Pistachio/VAD/vit-features/train/normal/commercial_normal_more/000000133801_all__1.npy,Normal
Pistachio/VAD/vit-features/train/normal/commercial_normal_more/000000133801_all__2.npy,Normal
Pistachio/VAD/vit-features/train/normal/commercial_normal_more/000000133801_all__3.npy,Normal
Pistachio/VAD/vit-features/train/normal/commercial_normal_more/000000133801_all__4.npy,Normal
Pistachio/VAD/vit-features/train/normal/commercial_normal_more/000000133801_all__5.npy,Normal
Pistachio/VAD/vit-features/train/normal/commercial_normal_more/000000133801_all__6.npy,Normal
Pistachio/VAD/vit-features/train/normal/commercial_normal_more/000000133801_all__7.npy,Normal
Pistachio/VAD/vit-features/train/normal/commercial_normal_more/000000133801_all__8.npy,Normal
Pistachio/VAD/vit-features/train/normal/commercial_normal_more/000000133801_all__9.npy,Normal
Pistachio/VAD/vit-features/train/normal/commercial_normal_more/000000133932_all__0.npy,Normal
Pistachio/VAD/vit-features/train/normal/commercial_normal_more/000000133932_all__1.npy,Normal
Pistachio/VAD/vit-features/train/normal/commercial_normal_more/000000133932_all__2.npy,Normal
Pistachio/VAD/vit-features/train/normal/commercial_normal_more/000000133932_all__3.npy,Normal
Pistachio/VAD/vit-features/train/normal/commercial_normal_more/000000133932_all__4.npy,Normal
Pistachio/VAD/vit-features/train/normal/commercial_normal_more/000000133932_all__5.npy,Normal
Pistachio/VAD/vit-features/train/normal/commercial_normal_more/000000133932_all__6.npy,Normal
Pistachio/VAD/vit-features/train/normal/commercial_normal_more/000000133932_all__7.npy,Normal
Pistachio/VAD/vit-features/train/normal/commercial_normal_more/000000133932_all__8.npy,Normal
Pistachio/VAD/vit-features/train/normal/commercial_normal_more/000000133932_all__9.npy,Normal
Pistachio/VAD/vit-features/train/normal/commercial_normal_more/000000134089_all__0.npy,Normal
Pistachio/VAD/vit-features/train/normal/commercial_normal_more/000000134089_all__1.npy,Normal
Pistachio/VAD/vit-features/train/normal/commercial_normal_more/000000134089_all__2.npy,Normal
Pistachio/VAD/vit-features/train/normal/commercial_normal_more/000000134089_all__3.npy,Normal
Pistachio/VAD/vit-features/train/normal/commercial_normal_more/000000134089_all__4.npy,Normal
Pistachio/VAD/vit-features/train/normal/commercial_normal_more/000000134089_all__5.npy,Normal
Pistachio/VAD/vit-features/train/normal/commercial_normal_more/000000134089_all__6.npy,Normal
Pistachio/VAD/vit-features/train/normal/commercial_normal_more/000000134089_all__7.npy,Normal
Pistachio/VAD/vit-features/train/normal/commercial_normal_more/000000134089_all__8.npy,Normal
Pistachio/VAD/vit-features/train/normal/commercial_normal_more/000000134089_all__9.npy,Normal
Pistachio/VAD/vit-features/train/normal/commercial_normal_more/000000134156_all__0.npy,Normal
Pistachio/VAD/vit-features/train/normal/commercial_normal_more/000000134156_all__1.npy,Normal
Pistachio/VAD/vit-features/train/normal/commercial_normal_more/000000134156_all__2.npy,Normal
Pistachio/VAD/vit-features/train/normal/commercial_normal_more/000000134156_all__3.npy,Normal
Pistachio/VAD/vit-features/train/normal/commercial_normal_more/000000134156_all__4.npy,Normal
Pistachio/VAD/vit-features/train/normal/commercial_normal_more/000000134156_all__5.npy,Normal
Pistachio/VAD/vit-features/train/normal/commercial_normal_more/000000134156_all__6.npy,Normal
Pistachio/VAD/vit-features/train/normal/commercial_normal_more/000000134156_all__7.npy,Normal
Pistachio/VAD/vit-features/train/normal/commercial_normal_more/000000134156_all__8.npy,Normal
Pistachio/VAD/vit-features/train/normal/commercial_normal_more/000000134156_all__9.npy,Normal
Pistachio/VAD/vit-features/train/normal/commercial_normal_more/000000134230_all__0.npy,Normal
Pistachio/VAD/vit-features/train/normal/commercial_normal_more/000000134230_all__1.npy,Normal
Pistachio/VAD/vit-features/train/normal/commercial_normal_more/000000134230_all__2.npy,Normal
Pistachio/VAD/vit-features/train/normal/commercial_normal_more/000000134230_all__3.npy,Normal
Pistachio/VAD/vit-features/train/normal/commercial_normal_more/000000134230_all__4.npy,Normal
Pistachio/VAD/vit-features/train/normal/commercial_normal_more/000000134230_all__5.npy,Normal
Pistachio/VAD/vit-features/train/normal/commercial_normal_more/000000134230_all__6.npy,Normal
Pistachio/VAD/vit-features/train/normal/commercial_normal_more/000000134230_all__7.npy,Normal
Pistachio/VAD/vit-features/train/normal/commercial_normal_more/000000134230_all__8.npy,Normal
Pistachio/VAD/vit-features/train/normal/commercial_normal_more/000000134230_all__9.npy,Normal
Pistachio/VAD/vit-features/train/normal/commercial_normal_more/000000134308_all__0.npy,Normal
Pistachio/VAD/vit-features/train/normal/commercial_normal_more/000000134308_all__1.npy,Normal
Pistachio/VAD/vit-features/train/normal/commercial_normal_more/000000134308_all__2.npy,Normal
Pistachio/VAD/vit-features/train/normal/commercial_normal_more/000000134308_all__3.npy,Normal
Pistachio/VAD/vit-features/train/normal/commercial_normal_more/000000134308_all__4.npy,Normal
Pistachio/VAD/vit-features/train/normal/commercial_normal_more/000000134308_all__5.npy,Normal
Pistachio/VAD/vit-features/train/normal/commercial_normal_more/000000134308_all__6.npy,Normal
Pistachio/VAD/vit-features/train/normal/commercial_normal_more/000000134308_all__7.npy,Normal
Pistachio/VAD/vit-features/train/normal/commercial_normal_more/000000134308_all__8.npy,Normal
Pistachio/VAD/vit-features/train/normal/commercial_normal_more/000000134308_all__9.npy,Normal
Pistachio/VAD/vit-features/train/normal/commercial_normal_more/000000134422_all__0.npy,Normal
Pistachio/VAD/vit-features/train/normal/commercial_normal_more/000000134422_all__1.npy,Normal
Pistachio/VAD/vit-features/train/normal/commercial_normal_more/000000134422_all__2.npy,Normal
Pistachio/VAD/vit-features/train/normal/commercial_normal_more/000000134422_all__3.npy,Normal
Pistachio/VAD/vit-features/train/normal/commercial_normal_more/000000134422_all__4.npy,Normal
Pistachio/VAD/vit-features/train/normal/commercial_normal_more/000000134422_all__5.npy,Normal
Pistachio/VAD/vit-features/train/normal/commercial_normal_more/000000134422_all__6.npy,Normal
Pistachio/VAD/vit-features/train/normal/commercial_normal_more/000000134422_all__7.npy,Normal
Pistachio/VAD/vit-features/train/normal/commercial_normal_more/000000134422_all__8.npy,Normal
Pistachio/VAD/vit-features/train/normal/commercial_normal_more/000000134422_all__9.npy,Normal
Pistachio/VAD/vit-features/train/normal/commercial_normal_more/000000134444_all__0.npy,Normal
Pistachio/VAD/vit-features/train/normal/commercial_normal_more/000000134444_all__1.npy,Normal
Pistachio/VAD/vit-features/train/normal/commercial_normal_more/000000134444_all__2.npy,Normal
Pistachio/VAD/vit-features/train/normal/commercial_normal_more/000000134444_all__3.npy,Normal
Pistachio/VAD/vit-features/train/normal/commercial_normal_more/000000134444_all__4.npy,Normal
Pistachio/VAD/vit-features/train/normal/commercial_normal_more/000000134444_all__5.npy,Normal
Pistachio/VAD/vit-features/train/normal/commercial_normal_more/000000134444_all__6.npy,Normal
Pistachio/VAD/vit-features/train/normal/commercial_normal_more/000000134444_all__7.npy,Normal
Pistachio/VAD/vit-features/train/normal/commercial_normal_more/000000134444_all__8.npy,Normal
Pistachio/VAD/vit-features/train/normal/commercial_normal_more/000000134444_all__9.npy,Normal
Pistachio/VAD/vit-features/train/normal/commercial_normal_more/000000134468_all__0.npy,Normal
Pistachio/VAD/vit-features/train/normal/commercial_normal_more/000000134468_all__1.npy,Normal
Pistachio/VAD/vit-features/train/normal/commercial_normal_more/000000134468_all__2.npy,Normal
Pistachio/VAD/vit-features/train/normal/commercial_normal_more/000000134468_all__3.npy,Normal
Pistachio/VAD/vit-features/train/normal/commercial_normal_more/000000134468_all__4.npy,Normal
Pistachio/VAD/vit-features/train/normal/commercial_normal_more/000000134468_all__5.npy,Normal
Pistachio/VAD/vit-features/train/normal/commercial_normal_more/000000134468_all__6.npy,Normal
Pistachio/VAD/vit-features/train/normal/commercial_normal_more/000000134468_all__7.npy,Normal
Pistachio/VAD/vit-features/train/normal/commercial_normal_more/000000134468_all__8.npy,Normal
Pistachio/VAD/vit-features/train/normal/commercial_normal_more/000000134468_all__9.npy,Normal
Pistachio/VAD/vit-features/train/normal/commercial_normal_more/000000134473_all__0.npy,Normal
Pistachio/VAD/vit-features/train/normal/commercial_normal_more/000000134473_all__1.npy,Normal
Pistachio/VAD/vit-features/train/normal/commercial_normal_more/000000134473_all__2.npy,Normal
Pistachio/VAD/vit-features/train/normal/commercial_normal_more/000000134473_all__3.npy,Normal
Pistachio/VAD/vit-features/train/normal/commercial_normal_more/000000134473_all__4.npy,Normal
Pistachio/VAD/vit-features/train/normal/commercial_normal_more/000000134473_all__5.npy,Normal
Pistachio/VAD/vit-features/train/normal/commercial_normal_more/000000134473_all__6.npy,Normal
Pistachio/VAD/vit-features/train/normal/commercial_normal_more/000000134473_all__7.npy,Normal
Pistachio/VAD/vit-features/train/normal/commercial_normal_more/000000134473_all__8.npy,Normal
Pistachio/VAD/vit-features/train/normal/commercial_normal_more/000000134473_all__9.npy,Normal
Pistachio/VAD/vit-features/train/normal/commercial_normal_more/000000134603_all__0.npy,Normal
Pistachio/VAD/vit-features/train/normal/commercial_normal_more/000000134603_all__1.npy,Normal
Pistachio/VAD/vit-features/train/normal/commercial_normal_more/000000134603_all__2.npy,Normal
Pistachio/VAD/vit-features/train/normal/commercial_normal_more/000000134603_all__3.npy,Normal
Pistachio/VAD/vit-features/train/normal/commercial_normal_more/000000134603_all__4.npy,Normal
Pistachio/VAD/vit-features/train/normal/commercial_normal_more/000000134603_all__5.npy,Normal
Pistachio/VAD/vit-features/train/normal/commercial_normal_more/000000134603_all__6.npy,Normal
Pistachio/VAD/vit-features/train/normal/commercial_normal_more/000000134603_all__7.npy,Normal
Pistachio/VAD/vit-features/train/normal/commercial_normal_more/000000134603_all__8.npy,Normal
Pistachio/VAD/vit-features/train/normal/commercial_normal_more/000000134603_all__9.npy,Normal
Pistachio/VAD/vit-features/train/normal/commercial_normal_more/000000134763_all__0.npy,Normal
Pistachio/VAD/vit-features/train/normal/commercial_normal_more/000000134763_all__1.npy,Normal
Pistachio/VAD/vit-features/train/normal/commercial_normal_more/000000134763_all__2.npy,Normal
Pistachio/VAD/vit-features/train/normal/commercial_normal_more/000000134763_all__3.npy,Normal
Pistachio/VAD/vit-features/train/normal/commercial_normal_more/000000134763_all__4.npy,Normal
Pistachio/VAD/vit-features/train/normal/commercial_normal_more/000000134763_all__5.npy,Normal
Pistachio/VAD/vit-features/train/normal/commercial_normal_more/000000134763_all__6.npy,Normal
Pistachio/VAD/vit-features/train/normal/commercial_normal_more/000000134763_all__7.npy,Normal
Pistachio/VAD/vit-features/train/normal/commercial_normal_more/000000134763_all__8.npy,Normal
Pistachio/VAD/vit-features/train/normal/commercial_normal_more/000000134763_all__9.npy,Normal
Pistachio/VAD/vit-features/train/normal/commercial_normal_more/000000134957_all__0.npy,Normal
Pistachio/VAD/vit-features/train/normal/commercial_normal_more/000000134957_all__1.npy,Normal
Pistachio/VAD/vit-features/train/normal/commercial_normal_more/000000134957_all__2.npy,Normal
Pistachio/VAD/vit-features/train/normal/commercial_normal_more/000000134957_all__3.npy,Normal
Pistachio/VAD/vit-features/train/normal/commercial_normal_more/000000134957_all__4.npy,Normal
Pistachio/VAD/vit-features/train/normal/commercial_normal_more/000000134957_all__5.npy,Normal
Pistachio/VAD/vit-features/train/normal/commercial_normal_more/000000134957_all__6.npy,Normal
Pistachio/VAD/vit-features/train/normal/commercial_normal_more/000000134957_all__7.npy,Normal
Pistachio/VAD/vit-features/train/normal/commercial_normal_more/000000134957_all__8.npy,Normal
Pistachio/VAD/vit-features/train/normal/commercial_normal_more/000000134957_all__9.npy,Normal
Pistachio/VAD/vit-features/train/normal/commercial_normal_more/000000135137_all__0.npy,Normal
Pistachio/VAD/vit-features/train/normal/commercial_normal_more/000000135137_all__1.npy,Normal
Pistachio/VAD/vit-features/train/normal/commercial_normal_more/000000135137_all__2.npy,Normal
Pistachio/VAD/vit-features/train/normal/commercial_normal_more/000000135137_all__3.npy,Normal
Pistachio/VAD/vit-features/train/normal/commercial_normal_more/000000135137_all__4.npy,Normal
Pistachio/VAD/vit-features/train/normal/commercial_normal_more/000000135137_all__5.npy,Normal
Pistachio/VAD/vit-features/train/normal/commercial_normal_more/000000135137_all__6.npy,Normal
Pistachio/VAD/vit-features/train/normal/commercial_normal_more/000000135137_all__7.npy,Normal
Pistachio/VAD/vit-features/train/normal/commercial_normal_more/000000135137_all__8.npy,Normal
Pistachio/VAD/vit-features/train/normal/commercial_normal_more/000000135137_all__9.npy,Normal
Pistachio/VAD/vit-features/train/normal/commercial_normal_more/000000135192_all__0.npy,Normal
Pistachio/VAD/vit-features/train/normal/commercial_normal_more/000000135192_all__1.npy,Normal
Pistachio/VAD/vit-features/train/normal/commercial_normal_more/000000135192_all__2.npy,Normal
Pistachio/VAD/vit-features/train/normal/commercial_normal_more/000000135192_all__3.npy,Normal
Pistachio/VAD/vit-features/train/normal/commercial_normal_more/000000135192_all__4.npy,Normal
Pistachio/VAD/vit-features/train/normal/commercial_normal_more/000000135192_all__5.npy,Normal
Pistachio/VAD/vit-features/train/normal/commercial_normal_more/000000135192_all__6.npy,Normal
Pistachio/VAD/vit-features/train/normal/commercial_normal_more/000000135192_all__7.npy,Normal
Pistachio/VAD/vit-features/train/normal/commercial_normal_more/000000135192_all__8.npy,Normal
Pistachio/VAD/vit-features/train/normal/commercial_normal_more/000000135192_all__9.npy,Normal
Pistachio/VAD/vit-features/train/normal/commercial_normal_more/000000135350_all__0.npy,Normal
Pistachio/VAD/vit-features/train/normal/commercial_normal_more/000000135350_all__1.npy,Normal
Pistachio/VAD/vit-features/train/normal/commercial_normal_more/000000135350_all__2.npy,Normal
Pistachio/VAD/vit-features/train/normal/commercial_normal_more/000000135350_all__3.npy,Normal
Pistachio/VAD/vit-features/train/normal/commercial_normal_more/000000135350_all__4.npy,Normal
Pistachio/VAD/vit-features/train/normal/commercial_normal_more/000000135350_all__5.npy,Normal
Pistachio/VAD/vit-features/train/normal/commercial_normal_more/000000135350_all__6.npy,Normal
Pistachio/VAD/vit-features/train/normal/commercial_normal_more/000000135350_all__7.npy,Normal
Pistachio/VAD/vit-features/train/normal/commercial_normal_more/000000135350_all__8.npy,Normal
Pistachio/VAD/vit-features/train/normal/commercial_normal_more/000000135350_all__9.npy,Normal
Pistachio/VAD/vit-features/train/normal/commercial_normal_more/000000135569_all__0.npy,Normal
Pistachio/VAD/vit-features/train/normal/commercial_normal_more/000000135569_all__1.npy,Normal
Pistachio/VAD/vit-features/train/normal/commercial_normal_more/000000135569_all__2.npy,Normal
Pistachio/VAD/vit-features/train/normal/commercial_normal_more/000000135569_all__3.npy,Normal
Pistachio/VAD/vit-features/train/normal/commercial_normal_more/000000135569_all__4.npy,Normal
Pistachio/VAD/vit-features/train/normal/commercial_normal_more/000000135569_all__5.npy,Normal
Pistachio/VAD/vit-features/train/normal/commercial_normal_more/000000135569_all__6.npy,Normal
Pistachio/VAD/vit-features/train/normal/commercial_normal_more/000000135569_all__7.npy,Normal
Pistachio/VAD/vit-features/train/normal/commercial_normal_more/000000135569_all__8.npy,Normal
Pistachio/VAD/vit-features/train/normal/commercial_normal_more/000000135569_all__9.npy,Normal
Pistachio/VAD/vit-features/train/normal/commercial_normal_more/000000135600_all__0.npy,Normal
Pistachio/VAD/vit-features/train/normal/commercial_normal_more/000000135600_all__1.npy,Normal
Pistachio/VAD/vit-features/train/normal/commercial_normal_more/000000135600_all__2.npy,Normal
Pistachio/VAD/vit-features/train/normal/commercial_normal_more/000000135600_all__3.npy,Normal
Pistachio/VAD/vit-features/train/normal/commercial_normal_more/000000135600_all__4.npy,Normal
Pistachio/VAD/vit-features/train/normal/commercial_normal_more/000000135600_all__5.npy,Normal
Pistachio/VAD/vit-features/train/normal/commercial_normal_more/000000135600_all__6.npy,Normal
Pistachio/VAD/vit-features/train/normal/commercial_normal_more/000000135600_all__7.npy,Normal
Pistachio/VAD/vit-features/train/normal/commercial_normal_more/000000135600_all__8.npy,Normal
Pistachio/VAD/vit-features/train/normal/commercial_normal_more/000000135600_all__9.npy,Normal
Pistachio/VAD/vit-features/train/normal/commercial_normal_more/000000135637_all__0.npy,Normal
Pistachio/VAD/vit-features/train/normal/commercial_normal_more/000000135637_all__1.npy,Normal
Pistachio/VAD/vit-features/train/normal/commercial_normal_more/000000135637_all__2.npy,Normal
Pistachio/VAD/vit-features/train/normal/commercial_normal_more/000000135637_all__3.npy,Normal
Pistachio/VAD/vit-features/train/normal/commercial_normal_more/000000135637_all__4.npy,Normal
Pistachio/VAD/vit-features/train/normal/commercial_normal_more/000000135637_all__5.npy,Normal
Pistachio/VAD/vit-features/train/normal/commercial_normal_more/000000135637_all__6.npy,Normal
Pistachio/VAD/vit-features/train/normal/commercial_normal_more/000000135637_all__7.npy,Normal
Pistachio/VAD/vit-features/train/normal/commercial_normal_more/000000135637_all__8.npy,Normal
Pistachio/VAD/vit-features/train/normal/commercial_normal_more/000000135637_all__9.npy,Normal
Pistachio/VAD/vit-features/train/normal/commercial_normal_more/000000135720_all__0.npy,Normal
Pistachio/VAD/vit-features/train/normal/commercial_normal_more/000000135720_all__1.npy,Normal
Pistachio/VAD/vit-features/train/normal/commercial_normal_more/000000135720_all__2.npy,Normal
Pistachio/VAD/vit-features/train/normal/commercial_normal_more/000000135720_all__3.npy,Normal
Pistachio/VAD/vit-features/train/normal/commercial_normal_more/000000135720_all__4.npy,Normal
Pistachio/VAD/vit-features/train/normal/commercial_normal_more/000000135720_all__5.npy,Normal
Pistachio/VAD/vit-features/train/normal/commercial_normal_more/000000135720_all__6.npy,Normal
Pistachio/VAD/vit-features/train/normal/commercial_normal_more/000000135720_all__7.npy,Normal
Pistachio/VAD/vit-features/train/normal/commercial_normal_more/000000135720_all__8.npy,Normal
Pistachio/VAD/vit-features/train/normal/commercial_normal_more/000000135720_all__9.npy,Normal
Pistachio/VAD/vit-features/train/normal/commercial_normal_more/000000135830_all__0.npy,Normal
Pistachio/VAD/vit-features/train/normal/commercial_normal_more/000000135830_all__1.npy,Normal
Pistachio/VAD/vit-features/train/normal/commercial_normal_more/000000135830_all__2.npy,Normal
Pistachio/VAD/vit-features/train/normal/commercial_normal_more/000000135830_all__3.npy,Normal
Pistachio/VAD/vit-features/train/normal/commercial_normal_more/000000135830_all__4.npy,Normal
Pistachio/VAD/vit-features/train/normal/commercial_normal_more/000000135830_all__5.npy,Normal
Pistachio/VAD/vit-features/train/normal/commercial_normal_more/000000135830_all__6.npy,Normal
Pistachio/VAD/vit-features/train/normal/commercial_normal_more/000000135830_all__7.npy,Normal
Pistachio/VAD/vit-features/train/normal/commercial_normal_more/000000135830_all__8.npy,Normal
Pistachio/VAD/vit-features/train/normal/commercial_normal_more/000000135830_all__9.npy,Normal
Pistachio/VAD/vit-features/train/normal/commercial_normal_more/000000135848_all__0.npy,Normal
Pistachio/VAD/vit-features/train/normal/commercial_normal_more/000000135848_all__1.npy,Normal
Pistachio/VAD/vit-features/train/normal/commercial_normal_more/000000135848_all__2.npy,Normal
Pistachio/VAD/vit-features/train/normal/commercial_normal_more/000000135848_all__3.npy,Normal
Pistachio/VAD/vit-features/train/normal/commercial_normal_more/000000135848_all__4.npy,Normal
Pistachio/VAD/vit-features/train/normal/commercial_normal_more/000000135848_all__5.npy,Normal
Pistachio/VAD/vit-features/train/normal/commercial_normal_more/000000135848_all__6.npy,Normal
Pistachio/VAD/vit-features/train/normal/commercial_normal_more/000000135848_all__7.npy,Normal
Pistachio/VAD/vit-features/train/normal/commercial_normal_more/000000135848_all__8.npy,Normal
Pistachio/VAD/vit-features/train/normal/commercial_normal_more/000000135848_all__9.npy,Normal
Pistachio/VAD/vit-features/train/normal/commercial_normal_more/000000135859_all__0.npy,Normal
Pistachio/VAD/vit-features/train/normal/commercial_normal_more/000000135859_all__1.npy,Normal
Pistachio/VAD/vit-features/train/normal/commercial_normal_more/000000135859_all__2.npy,Normal
Pistachio/VAD/vit-features/train/normal/commercial_normal_more/000000135859_all__3.npy,Normal
Pistachio/VAD/vit-features/train/normal/commercial_normal_more/000000135859_all__4.npy,Normal
Pistachio/VAD/vit-features/train/normal/commercial_normal_more/000000135859_all__5.npy,Normal
Pistachio/VAD/vit-features/train/normal/commercial_normal_more/000000135859_all__6.npy,Normal
Pistachio/VAD/vit-features/train/normal/commercial_normal_more/000000135859_all__7.npy,Normal
Pistachio/VAD/vit-features/train/normal/commercial_normal_more/000000135859_all__8.npy,Normal
Pistachio/VAD/vit-features/train/normal/commercial_normal_more/000000135859_all__9.npy,Normal
Pistachio/VAD/vit-features/train/normal/commercial_normal_more/000000136112_all__0.npy,Normal
Pistachio/VAD/vit-features/train/normal/commercial_normal_more/000000136112_all__1.npy,Normal
Pistachio/VAD/vit-features/train/normal/commercial_normal_more/000000136112_all__2.npy,Normal
Pistachio/VAD/vit-features/train/normal/commercial_normal_more/000000136112_all__3.npy,Normal
Pistachio/VAD/vit-features/train/normal/commercial_normal_more/000000136112_all__4.npy,Normal
Pistachio/VAD/vit-features/train/normal/commercial_normal_more/000000136112_all__5.npy,Normal
Pistachio/VAD/vit-features/train/normal/commercial_normal_more/000000136112_all__6.npy,Normal
Pistachio/VAD/vit-features/train/normal/commercial_normal_more/000000136112_all__7.npy,Normal
Pistachio/VAD/vit-features/train/normal/commercial_normal_more/000000136112_all__8.npy,Normal
Pistachio/VAD/vit-features/train/normal/commercial_normal_more/000000136112_all__9.npy,Normal
Pistachio/VAD/vit-features/train/normal/commercial_normal_more/000000136113_all__0.npy,Normal
Pistachio/VAD/vit-features/train/normal/commercial_normal_more/000000136113_all__1.npy,Normal
Pistachio/VAD/vit-features/train/normal/commercial_normal_more/000000136113_all__2.npy,Normal
Pistachio/VAD/vit-features/train/normal/commercial_normal_more/000000136113_all__3.npy,Normal
Pistachio/VAD/vit-features/train/normal/commercial_normal_more/000000136113_all__4.npy,Normal
Pistachio/VAD/vit-features/train/normal/commercial_normal_more/000000136113_all__5.npy,Normal
Pistachio/VAD/vit-features/train/normal/commercial_normal_more/000000136113_all__6.npy,Normal
Pistachio/VAD/vit-features/train/normal/commercial_normal_more/000000136113_all__7.npy,Normal
Pistachio/VAD/vit-features/train/normal/commercial_normal_more/000000136113_all__8.npy,Normal
Pistachio/VAD/vit-features/train/normal/commercial_normal_more/000000136113_all__9.npy,Normal
Pistachio/VAD/vit-features/train/normal/commercial_normal_more/000000136188_all__0.npy,Normal
Pistachio/VAD/vit-features/train/normal/commercial_normal_more/000000136188_all__1.npy,Normal
Pistachio/VAD/vit-features/train/normal/commercial_normal_more/000000136188_all__2.npy,Normal
Pistachio/VAD/vit-features/train/normal/commercial_normal_more/000000136188_all__3.npy,Normal
Pistachio/VAD/vit-features/train/normal/commercial_normal_more/000000136188_all__4.npy,Normal
Pistachio/VAD/vit-features/train/normal/commercial_normal_more/000000136188_all__5.npy,Normal
Pistachio/VAD/vit-features/train/normal/commercial_normal_more/000000136188_all__6.npy,Normal
Pistachio/VAD/vit-features/train/normal/commercial_normal_more/000000136188_all__7.npy,Normal
Pistachio/VAD/vit-features/train/normal/commercial_normal_more/000000136188_all__8.npy,Normal
Pistachio/VAD/vit-features/train/normal/commercial_normal_more/000000136188_all__9.npy,Normal
Pistachio/VAD/vit-features/train/normal/commercial_normal_more/000000136252_all__0.npy,Normal
Pistachio/VAD/vit-features/train/normal/commercial_normal_more/000000136252_all__1.npy,Normal
Pistachio/VAD/vit-features/train/normal/commercial_normal_more/000000136252_all__2.npy,Normal
Pistachio/VAD/vit-features/train/normal/commercial_normal_more/000000136252_all__3.npy,Normal
Pistachio/VAD/vit-features/train/normal/commercial_normal_more/000000136252_all__4.npy,Normal
Pistachio/VAD/vit-features/train/normal/commercial_normal_more/000000136252_all__5.npy,Normal
Pistachio/VAD/vit-features/train/normal/commercial_normal_more/000000136252_all__6.npy,Normal
Pistachio/VAD/vit-features/train/normal/commercial_normal_more/000000136252_all__7.npy,Normal
Pistachio/VAD/vit-features/train/normal/commercial_normal_more/000000136252_all__8.npy,Normal
Pistachio/VAD/vit-features/train/normal/commercial_normal_more/000000136252_all__9.npy,Normal
Pistachio/VAD/vit-features/train/normal/commercial_normal_more/000000136327_all__0.npy,Normal
Pistachio/VAD/vit-features/train/normal/commercial_normal_more/000000136327_all__1.npy,Normal
Pistachio/VAD/vit-features/train/normal/commercial_normal_more/000000136327_all__2.npy,Normal
Pistachio/VAD/vit-features/train/normal/commercial_normal_more/000000136327_all__3.npy,Normal
Pistachio/VAD/vit-features/train/normal/commercial_normal_more/000000136327_all__4.npy,Normal
Pistachio/VAD/vit-features/train/normal/commercial_normal_more/000000136327_all__5.npy,Normal
Pistachio/VAD/vit-features/train/normal/commercial_normal_more/000000136327_all__6.npy,Normal
Pistachio/VAD/vit-features/train/normal/commercial_normal_more/000000136327_all__7.npy,Normal
Pistachio/VAD/vit-features/train/normal/commercial_normal_more/000000136327_all__8.npy,Normal
Pistachio/VAD/vit-features/train/normal/commercial_normal_more/000000136327_all__9.npy,Normal
Pistachio/VAD/vit-features/train/normal/commercial_normal_more/000000136340_all__0.npy,Normal
Pistachio/VAD/vit-features/train/normal/commercial_normal_more/000000136340_all__1.npy,Normal
Pistachio/VAD/vit-features/train/normal/commercial_normal_more/000000136340_all__2.npy,Normal
Pistachio/VAD/vit-features/train/normal/commercial_normal_more/000000136340_all__3.npy,Normal
Pistachio/VAD/vit-features/train/normal/commercial_normal_more/000000136340_all__4.npy,Normal
Pistachio/VAD/vit-features/train/normal/commercial_normal_more/000000136340_all__5.npy,Normal
Pistachio/VAD/vit-features/train/normal/commercial_normal_more/000000136340_all__6.npy,Normal
Pistachio/VAD/vit-features/train/normal/commercial_normal_more/000000136340_all__7.npy,Normal
Pistachio/VAD/vit-features/train/normal/commercial_normal_more/000000136340_all__8.npy,Normal
Pistachio/VAD/vit-features/train/normal/commercial_normal_more/000000136340_all__9.npy,Normal
Pistachio/VAD/vit-features/train/normal/commercial_normal_more/000000136357_all__0.npy,Normal
Pistachio/VAD/vit-features/train/normal/commercial_normal_more/000000136357_all__1.npy,Normal
Pistachio/VAD/vit-features/train/normal/commercial_normal_more/000000136357_all__2.npy,Normal
Pistachio/VAD/vit-features/train/normal/commercial_normal_more/000000136357_all__3.npy,Normal
Pistachio/VAD/vit-features/train/normal/commercial_normal_more/000000136357_all__4.npy,Normal
Pistachio/VAD/vit-features/train/normal/commercial_normal_more/000000136357_all__5.npy,Normal
Pistachio/VAD/vit-features/train/normal/commercial_normal_more/000000136357_all__6.npy,Normal
Pistachio/VAD/vit-features/train/normal/commercial_normal_more/000000136357_all__7.npy,Normal
Pistachio/VAD/vit-features/train/normal/commercial_normal_more/000000136357_all__8.npy,Normal
Pistachio/VAD/vit-features/train/normal/commercial_normal_more/000000136357_all__9.npy,Normal
Pistachio/VAD/vit-features/train/normal/commercial_normal_more/000000136419_all__0.npy,Normal
Pistachio/VAD/vit-features/train/normal/commercial_normal_more/000000136419_all__1.npy,Normal
Pistachio/VAD/vit-features/train/normal/commercial_normal_more/000000136419_all__2.npy,Normal
Pistachio/VAD/vit-features/train/normal/commercial_normal_more/000000136419_all__3.npy,Normal
Pistachio/VAD/vit-features/train/normal/commercial_normal_more/000000136419_all__4.npy,Normal
Pistachio/VAD/vit-features/train/normal/commercial_normal_more/000000136419_all__5.npy,Normal
Pistachio/VAD/vit-features/train/normal/commercial_normal_more/000000136419_all__6.npy,Normal
Pistachio/VAD/vit-features/train/normal/commercial_normal_more/000000136419_all__7.npy,Normal
Pistachio/VAD/vit-features/train/normal/commercial_normal_more/000000136419_all__8.npy,Normal
Pistachio/VAD/vit-features/train/normal/commercial_normal_more/000000136419_all__9.npy,Normal
Pistachio/VAD/vit-features/train/normal/commercial_normal_more/000000136794_all__0.npy,Normal
Pistachio/VAD/vit-features/train/normal/commercial_normal_more/000000136794_all__1.npy,Normal
Pistachio/VAD/vit-features/train/normal/commercial_normal_more/000000136794_all__2.npy,Normal
Pistachio/VAD/vit-features/train/normal/commercial_normal_more/000000136794_all__3.npy,Normal
Pistachio/VAD/vit-features/train/normal/commercial_normal_more/000000136794_all__4.npy,Normal
Pistachio/VAD/vit-features/train/normal/commercial_normal_more/000000136794_all__5.npy,Normal
Pistachio/VAD/vit-features/train/normal/commercial_normal_more/000000136794_all__6.npy,Normal
Pistachio/VAD/vit-features/train/normal/commercial_normal_more/000000136794_all__7.npy,Normal
Pistachio/VAD/vit-features/train/normal/commercial_normal_more/000000136794_all__8.npy,Normal
Pistachio/VAD/vit-features/train/normal/commercial_normal_more/000000136794_all__9.npy,Normal
Pistachio/VAD/vit-features/train/normal/commercial_normal_more/000000136892_all__0.npy,Normal
Pistachio/VAD/vit-features/train/normal/commercial_normal_more/000000136892_all__1.npy,Normal
Pistachio/VAD/vit-features/train/normal/commercial_normal_more/000000136892_all__2.npy,Normal
Pistachio/VAD/vit-features/train/normal/commercial_normal_more/000000136892_all__3.npy,Normal
Pistachio/VAD/vit-features/train/normal/commercial_normal_more/000000136892_all__4.npy,Normal
Pistachio/VAD/vit-features/train/normal/commercial_normal_more/000000136892_all__5.npy,Normal
Pistachio/VAD/vit-features/train/normal/commercial_normal_more/000000136892_all__6.npy,Normal
Pistachio/VAD/vit-features/train/normal/commercial_normal_more/000000136892_all__7.npy,Normal
Pistachio/VAD/vit-features/train/normal/commercial_normal_more/000000136892_all__8.npy,Normal
Pistachio/VAD/vit-features/train/normal/commercial_normal_more/000000136892_all__9.npy,Normal
Pistachio/VAD/vit-features/train/normal/commercial_normal_more/000000137063_all__0.npy,Normal
Pistachio/VAD/vit-features/train/normal/commercial_normal_more/000000137063_all__1.npy,Normal
Pistachio/VAD/vit-features/train/normal/commercial_normal_more/000000137063_all__2.npy,Normal
Pistachio/VAD/vit-features/train/normal/commercial_normal_more/000000137063_all__3.npy,Normal
Pistachio/VAD/vit-features/train/normal/commercial_normal_more/000000137063_all__4.npy,Normal
Pistachio/VAD/vit-features/train/normal/commercial_normal_more/000000137063_all__5.npy,Normal
Pistachio/VAD/vit-features/train/normal/commercial_normal_more/000000137063_all__6.npy,Normal
Pistachio/VAD/vit-features/train/normal/commercial_normal_more/000000137063_all__7.npy,Normal
Pistachio/VAD/vit-features/train/normal/commercial_normal_more/000000137063_all__8.npy,Normal
Pistachio/VAD/vit-features/train/normal/commercial_normal_more/000000137063_all__9.npy,Normal
Pistachio/VAD/vit-features/train/normal/commercial_normal_more/000000137335_all__0.npy,Normal
Pistachio/VAD/vit-features/train/normal/commercial_normal_more/000000137335_all__1.npy,Normal
Pistachio/VAD/vit-features/train/normal/commercial_normal_more/000000137335_all__2.npy,Normal
Pistachio/VAD/vit-features/train/normal/commercial_normal_more/000000137335_all__3.npy,Normal
Pistachio/VAD/vit-features/train/normal/commercial_normal_more/000000137335_all__4.npy,Normal
Pistachio/VAD/vit-features/train/normal/commercial_normal_more/000000137335_all__5.npy,Normal
Pistachio/VAD/vit-features/train/normal/commercial_normal_more/000000137335_all__6.npy,Normal
Pistachio/VAD/vit-features/train/normal/commercial_normal_more/000000137335_all__7.npy,Normal
Pistachio/VAD/vit-features/train/normal/commercial_normal_more/000000137335_all__8.npy,Normal
Pistachio/VAD/vit-features/train/normal/commercial_normal_more/000000137335_all__9.npy,Normal
Pistachio/VAD/vit-features/train/normal/commercial_normal_more/000000137784_all__0.npy,Normal
Pistachio/VAD/vit-features/train/normal/commercial_normal_more/000000137784_all__1.npy,Normal
Pistachio/VAD/vit-features/train/normal/commercial_normal_more/000000137784_all__2.npy,Normal
Pistachio/VAD/vit-features/train/normal/commercial_normal_more/000000137784_all__3.npy,Normal
Pistachio/VAD/vit-features/train/normal/commercial_normal_more/000000137784_all__4.npy,Normal
Pistachio/VAD/vit-features/train/normal/commercial_normal_more/000000137784_all__5.npy,Normal
Pistachio/VAD/vit-features/train/normal/commercial_normal_more/000000137784_all__6.npy,Normal
Pistachio/VAD/vit-features/train/normal/commercial_normal_more/000000137784_all__7.npy,Normal
Pistachio/VAD/vit-features/train/normal/commercial_normal_more/000000137784_all__8.npy,Normal
Pistachio/VAD/vit-features/train/normal/commercial_normal_more/000000137784_all__9.npy,Normal
Pistachio/VAD/vit-features/train/normal/commercial_normal_more/000000137932_all__0.npy,Normal
Pistachio/VAD/vit-features/train/normal/commercial_normal_more/000000137932_all__1.npy,Normal
Pistachio/VAD/vit-features/train/normal/commercial_normal_more/000000137932_all__2.npy,Normal
Pistachio/VAD/vit-features/train/normal/commercial_normal_more/000000137932_all__3.npy,Normal
Pistachio/VAD/vit-features/train/normal/commercial_normal_more/000000137932_all__4.npy,Normal
Pistachio/VAD/vit-features/train/normal/commercial_normal_more/000000137932_all__5.npy,Normal
Pistachio/VAD/vit-features/train/normal/commercial_normal_more/000000137932_all__6.npy,Normal
Pistachio/VAD/vit-features/train/normal/commercial_normal_more/000000137932_all__7.npy,Normal
Pistachio/VAD/vit-features/train/normal/commercial_normal_more/000000137932_all__8.npy,Normal
Pistachio/VAD/vit-features/train/normal/commercial_normal_more/000000137932_all__9.npy,Normal
Pistachio/VAD/vit-features/train/normal/commercial_normal_more/000000137947_all__0.npy,Normal
Pistachio/VAD/vit-features/train/normal/commercial_normal_more/000000137947_all__1.npy,Normal
Pistachio/VAD/vit-features/train/normal/commercial_normal_more/000000137947_all__2.npy,Normal
Pistachio/VAD/vit-features/train/normal/commercial_normal_more/000000137947_all__3.npy,Normal
Pistachio/VAD/vit-features/train/normal/commercial_normal_more/000000137947_all__4.npy,Normal
Pistachio/VAD/vit-features/train/normal/commercial_normal_more/000000137947_all__5.npy,Normal
Pistachio/VAD/vit-features/train/normal/commercial_normal_more/000000137947_all__6.npy,Normal
Pistachio/VAD/vit-features/train/normal/commercial_normal_more/000000137947_all__7.npy,Normal
Pistachio/VAD/vit-features/train/normal/commercial_normal_more/000000137947_all__8.npy,Normal
Pistachio/VAD/vit-features/train/normal/commercial_normal_more/000000137947_all__9.npy,Normal
Pistachio/VAD/vit-features/train/normal/commercial_normal_more/000000138058_all__0.npy,Normal
Pistachio/VAD/vit-features/train/normal/commercial_normal_more/000000138058_all__1.npy,Normal
Pistachio/VAD/vit-features/train/normal/commercial_normal_more/000000138058_all__2.npy,Normal
Pistachio/VAD/vit-features/train/normal/commercial_normal_more/000000138058_all__3.npy,Normal
Pistachio/VAD/vit-features/train/normal/commercial_normal_more/000000138058_all__4.npy,Normal
Pistachio/VAD/vit-features/train/normal/commercial_normal_more/000000138058_all__5.npy,Normal
Pistachio/VAD/vit-features/train/normal/commercial_normal_more/000000138058_all__6.npy,Normal
Pistachio/VAD/vit-features/train/normal/commercial_normal_more/000000138058_all__7.npy,Normal
Pistachio/VAD/vit-features/train/normal/commercial_normal_more/000000138058_all__8.npy,Normal
Pistachio/VAD/vit-features/train/normal/commercial_normal_more/000000138058_all__9.npy,Normal
Pistachio/VAD/vit-features/train/normal/commercial_normal_more/000000138091_all__0.npy,Normal
Pistachio/VAD/vit-features/train/normal/commercial_normal_more/000000138091_all__1.npy,Normal
Pistachio/VAD/vit-features/train/normal/commercial_normal_more/000000138091_all__2.npy,Normal
Pistachio/VAD/vit-features/train/normal/commercial_normal_more/000000138091_all__3.npy,Normal
Pistachio/VAD/vit-features/train/normal/commercial_normal_more/000000138091_all__4.npy,Normal
Pistachio/VAD/vit-features/train/normal/commercial_normal_more/000000138091_all__5.npy,Normal
Pistachio/VAD/vit-features/train/normal/commercial_normal_more/000000138091_all__6.npy,Normal
Pistachio/VAD/vit-features/train/normal/commercial_normal_more/000000138091_all__7.npy,Normal
Pistachio/VAD/vit-features/train/normal/commercial_normal_more/000000138091_all__8.npy,Normal
Pistachio/VAD/vit-features/train/normal/commercial_normal_more/000000138091_all__9.npy,Normal
Pistachio/VAD/vit-features/train/normal/commercial_normal_more/000000271550_all__0.npy,Normal
Pistachio/VAD/vit-features/train/normal/commercial_normal_more/000000271550_all__1.npy,Normal
Pistachio/VAD/vit-features/train/normal/commercial_normal_more/000000271550_all__2.npy,Normal
Pistachio/VAD/vit-features/train/normal/commercial_normal_more/000000271550_all__3.npy,Normal
Pistachio/VAD/vit-features/train/normal/commercial_normal_more/000000271550_all__4.npy,Normal
Pistachio/VAD/vit-features/train/normal/commercial_normal_more/000000271550_all__5.npy,Normal
Pistachio/VAD/vit-features/train/normal/commercial_normal_more/000000271550_all__6.npy,Normal
Pistachio/VAD/vit-features/train/normal/commercial_normal_more/000000271550_all__7.npy,Normal
Pistachio/VAD/vit-features/train/normal/commercial_normal_more/000000271550_all__8.npy,Normal
Pistachio/VAD/vit-features/train/normal/commercial_normal_more/000000271550_all__9.npy,Normal
Pistachio/VAD/vit-features/train/normal/commercial_normal_more/000000272369_all__0.npy,Normal
Pistachio/VAD/vit-features/train/normal/commercial_normal_more/000000272369_all__1.npy,Normal
Pistachio/VAD/vit-features/train/normal/commercial_normal_more/000000272369_all__2.npy,Normal
Pistachio/VAD/vit-features/train/normal/commercial_normal_more/000000272369_all__3.npy,Normal
Pistachio/VAD/vit-features/train/normal/commercial_normal_more/000000272369_all__4.npy,Normal
Pistachio/VAD/vit-features/train/normal/commercial_normal_more/000000272369_all__5.npy,Normal
Pistachio/VAD/vit-features/train/normal/commercial_normal_more/000000272369_all__6.npy,Normal
Pistachio/VAD/vit-features/train/normal/commercial_normal_more/000000272369_all__7.npy,Normal
Pistachio/VAD/vit-features/train/normal/commercial_normal_more/000000272369_all__8.npy,Normal
Pistachio/VAD/vit-features/train/normal/commercial_normal_more/000000272369_all__9.npy,Normal
Pistachio/VAD/vit-features/train/normal/commercial_normal_more/000000272524_all__0.npy,Normal
Pistachio/VAD/vit-features/train/normal/commercial_normal_more/000000272524_all__1.npy,Normal
Pistachio/VAD/vit-features/train/normal/commercial_normal_more/000000272524_all__2.npy,Normal
Pistachio/VAD/vit-features/train/normal/commercial_normal_more/000000272524_all__3.npy,Normal
Pistachio/VAD/vit-features/train/normal/commercial_normal_more/000000272524_all__4.npy,Normal
Pistachio/VAD/vit-features/train/normal/commercial_normal_more/000000272524_all__5.npy,Normal
Pistachio/VAD/vit-features/train/normal/commercial_normal_more/000000272524_all__6.npy,Normal
Pistachio/VAD/vit-features/train/normal/commercial_normal_more/000000272524_all__7.npy,Normal
Pistachio/VAD/vit-features/train/normal/commercial_normal_more/000000272524_all__8.npy,Normal
Pistachio/VAD/vit-features/train/normal/commercial_normal_more/000000272524_all__9.npy,Normal
Pistachio/VAD/vit-features/train/normal/commercial_normal_more/000000272575_all__0.npy,Normal
Pistachio/VAD/vit-features/train/normal/commercial_normal_more/000000272575_all__1.npy,Normal
Pistachio/VAD/vit-features/train/normal/commercial_normal_more/000000272575_all__2.npy,Normal
Pistachio/VAD/vit-features/train/normal/commercial_normal_more/000000272575_all__3.npy,Normal
Pistachio/VAD/vit-features/train/normal/commercial_normal_more/000000272575_all__4.npy,Normal
Pistachio/VAD/vit-features/train/normal/commercial_normal_more/000000272575_all__5.npy,Normal
Pistachio/VAD/vit-features/train/normal/commercial_normal_more/000000272575_all__6.npy,Normal
Pistachio/VAD/vit-features/train/normal/commercial_normal_more/000000272575_all__7.npy,Normal
Pistachio/VAD/vit-features/train/normal/commercial_normal_more/000000272575_all__8.npy,Normal
Pistachio/VAD/vit-features/train/normal/commercial_normal_more/000000272575_all__9.npy,Normal
Pistachio/VAD/vit-features/train/normal/commercial_normal_more/000000273221_all__0.npy,Normal
Pistachio/VAD/vit-features/train/normal/commercial_normal_more/000000273221_all__1.npy,Normal
Pistachio/VAD/vit-features/train/normal/commercial_normal_more/000000273221_all__2.npy,Normal
Pistachio/VAD/vit-features/train/normal/commercial_normal_more/000000273221_all__3.npy,Normal
Pistachio/VAD/vit-features/train/normal/commercial_normal_more/000000273221_all__4.npy,Normal
Pistachio/VAD/vit-features/train/normal/commercial_normal_more/000000273221_all__5.npy,Normal
Pistachio/VAD/vit-features/train/normal/commercial_normal_more/000000273221_all__6.npy,Normal
Pistachio/VAD/vit-features/train/normal/commercial_normal_more/000000273221_all__7.npy,Normal
Pistachio/VAD/vit-features/train/normal/commercial_normal_more/000000273221_all__8.npy,Normal
Pistachio/VAD/vit-features/train/normal/commercial_normal_more/000000273221_all__9.npy,Normal
Pistachio/VAD/vit-features/train/normal/commercial_normal_more/000000275169_all__0.npy,Normal
Pistachio/VAD/vit-features/train/normal/commercial_normal_more/000000275169_all__1.npy,Normal
Pistachio/VAD/vit-features/train/normal/commercial_normal_more/000000275169_all__2.npy,Normal
Pistachio/VAD/vit-features/train/normal/commercial_normal_more/000000275169_all__3.npy,Normal
Pistachio/VAD/vit-features/train/normal/commercial_normal_more/000000275169_all__4.npy,Normal
Pistachio/VAD/vit-features/train/normal/commercial_normal_more/000000275169_all__5.npy,Normal
Pistachio/VAD/vit-features/train/normal/commercial_normal_more/000000275169_all__6.npy,Normal
Pistachio/VAD/vit-features/train/normal/commercial_normal_more/000000275169_all__7.npy,Normal
Pistachio/VAD/vit-features/train/normal/commercial_normal_more/000000275169_all__8.npy,Normal
Pistachio/VAD/vit-features/train/normal/commercial_normal_more/000000275169_all__9.npy,Normal
Pistachio/VAD/vit-features/train/normal/commercial_normal_more/000000298619_all__0.npy,Normal
Pistachio/VAD/vit-features/train/normal/commercial_normal_more/000000298619_all__1.npy,Normal
Pistachio/VAD/vit-features/train/normal/commercial_normal_more/000000298619_all__2.npy,Normal
Pistachio/VAD/vit-features/train/normal/commercial_normal_more/000000298619_all__3.npy,Normal
Pistachio/VAD/vit-features/train/normal/commercial_normal_more/000000298619_all__4.npy,Normal
Pistachio/VAD/vit-features/train/normal/commercial_normal_more/000000298619_all__5.npy,Normal
Pistachio/VAD/vit-features/train/normal/commercial_normal_more/000000298619_all__6.npy,Normal
Pistachio/VAD/vit-features/train/normal/commercial_normal_more/000000298619_all__7.npy,Normal
Pistachio/VAD/vit-features/train/normal/commercial_normal_more/000000298619_all__8.npy,Normal
Pistachio/VAD/vit-features/train/normal/commercial_normal_more/000000298619_all__9.npy,Normal
Pistachio/VAD/vit-features/train/normal/commercial_normal_more/000000303874_all__0.npy,Normal
Pistachio/VAD/vit-features/train/normal/commercial_normal_more/000000303874_all__1.npy,Normal
Pistachio/VAD/vit-features/train/normal/commercial_normal_more/000000303874_all__2.npy,Normal
Pistachio/VAD/vit-features/train/normal/commercial_normal_more/000000303874_all__3.npy,Normal
Pistachio/VAD/vit-features/train/normal/commercial_normal_more/000000303874_all__4.npy,Normal
Pistachio/VAD/vit-features/train/normal/commercial_normal_more/000000303874_all__5.npy,Normal
Pistachio/VAD/vit-features/train/normal/commercial_normal_more/000000303874_all__6.npy,Normal
Pistachio/VAD/vit-features/train/normal/commercial_normal_more/000000303874_all__7.npy,Normal
Pistachio/VAD/vit-features/train/normal/commercial_normal_more/000000303874_all__8.npy,Normal
Pistachio/VAD/vit-features/train/normal/commercial_normal_more/000000303874_all__9.npy,Normal
Pistachio/VAD/vit-features/train/normal/commercial_normal_more/000000326194_all__0.npy,Normal
Pistachio/VAD/vit-features/train/normal/commercial_normal_more/000000326194_all__1.npy,Normal
Pistachio/VAD/vit-features/train/normal/commercial_normal_more/000000326194_all__2.npy,Normal
Pistachio/VAD/vit-features/train/normal/commercial_normal_more/000000326194_all__3.npy,Normal
Pistachio/VAD/vit-features/train/normal/commercial_normal_more/000000326194_all__4.npy,Normal
Pistachio/VAD/vit-features/train/normal/commercial_normal_more/000000326194_all__5.npy,Normal
Pistachio/VAD/vit-features/train/normal/commercial_normal_more/000000326194_all__6.npy,Normal
Pistachio/VAD/vit-features/train/normal/commercial_normal_more/000000326194_all__7.npy,Normal
Pistachio/VAD/vit-features/train/normal/commercial_normal_more/000000326194_all__8.npy,Normal
Pistachio/VAD/vit-features/train/normal/commercial_normal_more/000000326194_all__9.npy,Normal
