path,label
Pistachio/VAD/vit-features/train/anomaly/industrial_anomaly_less/equipment_breakdown/hd013_all__0.npy,equipment_breakdown
Pistachio/VAD/vit-features/train/anomaly/industrial_anomaly_less/equipment_breakdown/hd013_all__1.npy,equipment_breakdown
Pistachio/VAD/vit-features/train/anomaly/industrial_anomaly_less/equipment_breakdown/hd013_all__2.npy,equipment_breakdown
Pistachio/VAD/vit-features/train/anomaly/industrial_anomaly_less/equipment_breakdown/hd013_all__3.npy,equipment_breakdown
Pistachio/VAD/vit-features/train/anomaly/industrial_anomaly_less/equipment_breakdown/hd013_all__4.npy,equipment_breakdown
Pistachio/VAD/vit-features/train/anomaly/industrial_anomaly_less/equipment_breakdown/hd013_all__5.npy,equipment_breakdown
Pistachio/VAD/vit-features/train/anomaly/industrial_anomaly_less/equipment_breakdown/hd013_all__6.npy,equipment_breakdown
Pistachio/VAD/vit-features/train/anomaly/industrial_anomaly_less/equipment_breakdown/hd013_all__7.npy,equipment_breakdown
Pistachio/VAD/vit-features/train/anomaly/industrial_anomaly_less/equipment_breakdown/hd013_all__8.npy,equipment_breakdown
Pistachio/VAD/vit-features/train/anomaly/industrial_anomaly_less/equipment_breakdown/hd013_all__9.npy,equipment_breakdown
Pistachio/VAD/vit-features/train/anomaly/industrial_anomaly_less/equipment_breakdown/hd12_all__0.npy,equipment_breakdown
Pistachio/VAD/vit-features/train/anomaly/industrial_anomaly_less/equipment_breakdown/hd12_all__1.npy,equipment_breakdown
Pistachio/VAD/vit-features/train/anomaly/industrial_anomaly_less/equipment_breakdown/hd12_all__2.npy,equipment_breakdown
Pistachio/VAD/vit-features/train/anomaly/industrial_anomaly_less/equipment_breakdown/hd12_all__3.npy,equipment_breakdown
Pistachio/VAD/vit-features/train/anomaly/industrial_anomaly_less/equipment_breakdown/hd12_all__4.npy,equipment_breakdown
Pistachio/VAD/vit-features/train/anomaly/industrial_anomaly_less/equipment_breakdown/hd12_all__5.npy,equipment_breakdown
Pistachio/VAD/vit-features/train/anomaly/industrial_anomaly_less/equipment_breakdown/hd12_all__6.npy,equipment_breakdown
Pistachio/VAD/vit-features/train/anomaly/industrial_anomaly_less/equipment_breakdown/hd12_all__7.npy,equipment_breakdown
Pistachio/VAD/vit-features/train/anomaly/industrial_anomaly_less/equipment_breakdown/hd12_all__8.npy,equipment_breakdown
Pistachio/VAD/vit-features/train/anomaly/industrial_anomaly_less/equipment_breakdown/hd12_all__9.npy,equipment_breakdown
Pistachio/VAD/vit-features/train/anomaly/industrial_anomaly_less/equipment_breakdown/hd246_all__0.npy,equipment_breakdown
Pistachio/VAD/vit-features/train/anomaly/industrial_anomaly_less/equipment_breakdown/hd246_all__1.npy,equipment_breakdown
Pistachio/VAD/vit-features/train/anomaly/industrial_anomaly_less/equipment_breakdown/hd246_all__2.npy,equipment_breakdown
Pistachio/VAD/vit-features/train/anomaly/industrial_anomaly_less/equipment_breakdown/hd246_all__3.npy,equipment_breakdown
Pistachio/VAD/vit-features/train/anomaly/industrial_anomaly_less/equipment_breakdown/hd246_all__4.npy,equipment_breakdown
Pistachio/VAD/vit-features/train/anomaly/industrial_anomaly_less/equipment_breakdown/hd246_all__5.npy,equipment_breakdown
Pistachio/VAD/vit-features/train/anomaly/industrial_anomaly_less/equipment_breakdown/hd246_all__6.npy,equipment_breakdown
Pistachio/VAD/vit-features/train/anomaly/industrial_anomaly_less/equipment_breakdown/hd246_all__7.npy,equipment_breakdown
Pistachio/VAD/vit-features/train/anomaly/industrial_anomaly_less/equipment_breakdown/hd246_all__8.npy,equipment_breakdown
Pistachio/VAD/vit-features/train/anomaly/industrial_anomaly_less/equipment_breakdown/hd246_all__9.npy,equipment_breakdown
Pistachio/VAD/vit-features/train/anomaly/industrial_anomaly_less/equipment_breakdown/hd348_all__0.npy,equipment_breakdown
Pistachio/VAD/vit-features/train/anomaly/industrial_anomaly_less/equipment_breakdown/hd348_all__1.npy,equipment_breakdown
Pistachio/VAD/vit-features/train/anomaly/industrial_anomaly_less/equipment_breakdown/hd348_all__2.npy,equipment_breakdown
Pistachio/VAD/vit-features/train/anomaly/industrial_anomaly_less/equipment_breakdown/hd348_all__3.npy,equipment_breakdown
Pistachio/VAD/vit-features/train/anomaly/industrial_anomaly_less/equipment_breakdown/hd348_all__4.npy,equipment_breakdown
Pistachio/VAD/vit-features/train/anomaly/industrial_anomaly_less/equipment_breakdown/hd348_all__5.npy,equipment_breakdown
Pistachio/VAD/vit-features/train/anomaly/industrial_anomaly_less/equipment_breakdown/hd348_all__6.npy,equipment_breakdown
Pistachio/VAD/vit-features/train/anomaly/industrial_anomaly_less/equipment_breakdown/hd348_all__7.npy,equipment_breakdown
Pistachio/VAD/vit-features/train/anomaly/industrial_anomaly_less/equipment_breakdown/hd348_all__8.npy,equipment_breakdown
Pistachio/VAD/vit-features/train/anomaly/industrial_anomaly_less/equipment_breakdown/hd348_all__9.npy,equipment_breakdown
Pistachio/VAD/vit-features/train/anomaly/industrial_anomaly_less/equipment_breakdown/hd541_all__0.npy,equipment_breakdown
Pistachio/VAD/vit-features/train/anomaly/industrial_anomaly_less/equipment_breakdown/hd541_all__1.npy,equipment_breakdown
Pistachio/VAD/vit-features/train/anomaly/industrial_anomaly_less/equipment_breakdown/hd541_all__2.npy,equipment_breakdown
Pistachio/VAD/vit-features/train/anomaly/industrial_anomaly_less/equipment_breakdown/hd541_all__3.npy,equipment_breakdown
Pistachio/VAD/vit-features/train/anomaly/industrial_anomaly_less/equipment_breakdown/hd541_all__4.npy,equipment_breakdown
Pistachio/VAD/vit-features/train/anomaly/industrial_anomaly_less/equipment_breakdown/hd541_all__5.npy,equipment_breakdown
Pistachio/VAD/vit-features/train/anomaly/industrial_anomaly_less/equipment_breakdown/hd541_all__6.npy,equipment_breakdown
Pistachio/VAD/vit-features/train/anomaly/industrial_anomaly_less/equipment_breakdown/hd541_all__7.npy,equipment_breakdown
Pistachio/VAD/vit-features/train/anomaly/industrial_anomaly_less/equipment_breakdown/hd541_all__8.npy,equipment_breakdown
Pistachio/VAD/vit-features/train/anomaly/industrial_anomaly_less/equipment_breakdown/hd541_all__9.npy,equipment_breakdown
Pistachio/VAD/vit-features/train/anomaly/industrial_anomaly_less/equipment_breakdown/hd542_all__0.npy,equipment_breakdown
Pistachio/VAD/vit-features/train/anomaly/industrial_anomaly_less/equipment_breakdown/hd542_all__1.npy,equipment_breakdown
Pistachio/VAD/vit-features/train/anomaly/industrial_anomaly_less/equipment_breakdown/hd542_all__2.npy,equipment_breakdown
Pistachio/VAD/vit-features/train/anomaly/industrial_anomaly_less/equipment_breakdown/hd542_all__3.npy,equipment_breakdown
Pistachio/VAD/vit-features/train/anomaly/industrial_anomaly_less/equipment_breakdown/hd542_all__4.npy,equipment_breakdown
Pistachio/VAD/vit-features/train/anomaly/industrial_anomaly_less/equipment_breakdown/hd542_all__5.npy,equipment_breakdown
Pistachio/VAD/vit-features/train/anomaly/industrial_anomaly_less/equipment_breakdown/hd542_all__6.npy,equipment_breakdown
Pistachio/VAD/vit-features/train/anomaly/industrial_anomaly_less/equipment_breakdown/hd542_all__7.npy,equipment_breakdown
Pistachio/VAD/vit-features/train/anomaly/industrial_anomaly_less/equipment_breakdown/hd542_all__8.npy,equipment_breakdown
Pistachio/VAD/vit-features/train/anomaly/industrial_anomaly_less/equipment_breakdown/hd542_all__9.npy,equipment_breakdown
Pistachio/VAD/vit-features/train/anomaly/industrial_anomaly_less/equipment_breakdown/hd544_all__0.npy,equipment_breakdown
Pistachio/VAD/vit-features/train/anomaly/industrial_anomaly_less/equipment_breakdown/hd544_all__1.npy,equipment_breakdown
Pistachio/VAD/vit-features/train/anomaly/industrial_anomaly_less/equipment_breakdown/hd544_all__2.npy,equipment_breakdown
Pistachio/VAD/vit-features/train/anomaly/industrial_anomaly_less/equipment_breakdown/hd544_all__3.npy,equipment_breakdown
Pistachio/VAD/vit-features/train/anomaly/industrial_anomaly_less/equipment_breakdown/hd544_all__4.npy,equipment_breakdown
Pistachio/VAD/vit-features/train/anomaly/industrial_anomaly_less/equipment_breakdown/hd544_all__5.npy,equipment_breakdown
Pistachio/VAD/vit-features/train/anomaly/industrial_anomaly_less/equipment_breakdown/hd544_all__6.npy,equipment_breakdown
Pistachio/VAD/vit-features/train/anomaly/industrial_anomaly_less/equipment_breakdown/hd544_all__7.npy,equipment_breakdown
Pistachio/VAD/vit-features/train/anomaly/industrial_anomaly_less/equipment_breakdown/hd544_all__8.npy,equipment_breakdown
Pistachio/VAD/vit-features/train/anomaly/industrial_anomaly_less/equipment_breakdown/hd544_all__9.npy,equipment_breakdown
Pistachio/VAD/vit-features/train/anomaly/industrial_anomaly_less/equipment_breakdown/hd545_all__0.npy,equipment_breakdown
Pistachio/VAD/vit-features/train/anomaly/industrial_anomaly_less/equipment_breakdown/hd545_all__1.npy,equipment_breakdown
Pistachio/VAD/vit-features/train/anomaly/industrial_anomaly_less/equipment_breakdown/hd545_all__2.npy,equipment_breakdown
Pistachio/VAD/vit-features/train/anomaly/industrial_anomaly_less/equipment_breakdown/hd545_all__3.npy,equipment_breakdown
Pistachio/VAD/vit-features/train/anomaly/industrial_anomaly_less/equipment_breakdown/hd545_all__4.npy,equipment_breakdown
Pistachio/VAD/vit-features/train/anomaly/industrial_anomaly_less/equipment_breakdown/hd545_all__5.npy,equipment_breakdown
Pistachio/VAD/vit-features/train/anomaly/industrial_anomaly_less/equipment_breakdown/hd545_all__6.npy,equipment_breakdown
Pistachio/VAD/vit-features/train/anomaly/industrial_anomaly_less/equipment_breakdown/hd545_all__7.npy,equipment_breakdown
Pistachio/VAD/vit-features/train/anomaly/industrial_anomaly_less/equipment_breakdown/hd545_all__8.npy,equipment_breakdown
Pistachio/VAD/vit-features/train/anomaly/industrial_anomaly_less/equipment_breakdown/hd545_all__9.npy,equipment_breakdown
Pistachio/VAD/vit-features/train/anomaly/industrial_anomaly_less/equipment_breakdown/hd550_all__0.npy,equipment_breakdown
Pistachio/VAD/vit-features/train/anomaly/industrial_anomaly_less/equipment_breakdown/hd550_all__1.npy,equipment_breakdown
Pistachio/VAD/vit-features/train/anomaly/industrial_anomaly_less/equipment_breakdown/hd550_all__2.npy,equipment_breakdown
Pistachio/VAD/vit-features/train/anomaly/industrial_anomaly_less/equipment_breakdown/hd550_all__3.npy,equipment_breakdown
Pistachio/VAD/vit-features/train/anomaly/industrial_anomaly_less/equipment_breakdown/hd550_all__4.npy,equipment_breakdown
Pistachio/VAD/vit-features/train/anomaly/industrial_anomaly_less/equipment_breakdown/hd550_all__5.npy,equipment_breakdown
Pistachio/VAD/vit-features/train/anomaly/industrial_anomaly_less/equipment_breakdown/hd550_all__6.npy,equipment_breakdown
Pistachio/VAD/vit-features/train/anomaly/industrial_anomaly_less/equipment_breakdown/hd550_all__7.npy,equipment_breakdown
Pistachio/VAD/vit-features/train/anomaly/industrial_anomaly_less/equipment_breakdown/hd550_all__8.npy,equipment_breakdown
Pistachio/VAD/vit-features/train/anomaly/industrial_anomaly_less/equipment_breakdown/hd550_all__9.npy,equipment_breakdown
Pistachio/VAD/vit-features/train/anomaly/industrial_anomaly_less/equipment_breakdown/hd553_all__0.npy,equipment_breakdown
Pistachio/VAD/vit-features/train/anomaly/industrial_anomaly_less/equipment_breakdown/hd553_all__1.npy,equipment_breakdown
Pistachio/VAD/vit-features/train/anomaly/industrial_anomaly_less/equipment_breakdown/hd553_all__2.npy,equipment_breakdown
Pistachio/VAD/vit-features/train/anomaly/industrial_anomaly_less/equipment_breakdown/hd553_all__3.npy,equipment_breakdown
Pistachio/VAD/vit-features/train/anomaly/industrial_anomaly_less/equipment_breakdown/hd553_all__4.npy,equipment_breakdown
Pistachio/VAD/vit-features/train/anomaly/industrial_anomaly_less/equipment_breakdown/hd553_all__5.npy,equipment_breakdown
Pistachio/VAD/vit-features/train/anomaly/industrial_anomaly_less/equipment_breakdown/hd553_all__6.npy,equipment_breakdown
Pistachio/VAD/vit-features/train/anomaly/industrial_anomaly_less/equipment_breakdown/hd553_all__7.npy,equipment_breakdown
Pistachio/VAD/vit-features/train/anomaly/industrial_anomaly_less/equipment_breakdown/hd553_all__8.npy,equipment_breakdown
Pistachio/VAD/vit-features/train/anomaly/industrial_anomaly_less/equipment_breakdown/hd553_all__9.npy,equipment_breakdown
Pistachio/VAD/vit-features/train/anomaly/industrial_anomaly_less/equipment_breakdown/hd569_all__0.npy,equipment_breakdown
Pistachio/VAD/vit-features/train/anomaly/industrial_anomaly_less/equipment_breakdown/hd569_all__1.npy,equipment_breakdown
Pistachio/VAD/vit-features/train/anomaly/industrial_anomaly_less/equipment_breakdown/hd569_all__2.npy,equipment_breakdown
Pistachio/VAD/vit-features/train/anomaly/industrial_anomaly_less/equipment_breakdown/hd569_all__3.npy,equipment_breakdown
Pistachio/VAD/vit-features/train/anomaly/industrial_anomaly_less/equipment_breakdown/hd569_all__4.npy,equipment_breakdown
Pistachio/VAD/vit-features/train/anomaly/industrial_anomaly_less/equipment_breakdown/hd569_all__5.npy,equipment_breakdown
Pistachio/VAD/vit-features/train/anomaly/industrial_anomaly_less/equipment_breakdown/hd569_all__6.npy,equipment_breakdown
Pistachio/VAD/vit-features/train/anomaly/industrial_anomaly_less/equipment_breakdown/hd569_all__7.npy,equipment_breakdown
Pistachio/VAD/vit-features/train/anomaly/industrial_anomaly_less/equipment_breakdown/hd569_all__8.npy,equipment_breakdown
Pistachio/VAD/vit-features/train/anomaly/industrial_anomaly_less/equipment_breakdown/hd569_all__9.npy,equipment_breakdown
Pistachio/VAD/vit-features/train/anomaly/industrial_anomaly_less/equipment_breakdown/hd573_all__0.npy,equipment_breakdown
Pistachio/VAD/vit-features/train/anomaly/industrial_anomaly_less/equipment_breakdown/hd573_all__1.npy,equipment_breakdown
Pistachio/VAD/vit-features/train/anomaly/industrial_anomaly_less/equipment_breakdown/hd573_all__2.npy,equipment_breakdown
Pistachio/VAD/vit-features/train/anomaly/industrial_anomaly_less/equipment_breakdown/hd573_all__3.npy,equipment_breakdown
Pistachio/VAD/vit-features/train/anomaly/industrial_anomaly_less/equipment_breakdown/hd573_all__4.npy,equipment_breakdown
Pistachio/VAD/vit-features/train/anomaly/industrial_anomaly_less/equipment_breakdown/hd573_all__5.npy,equipment_breakdown
Pistachio/VAD/vit-features/train/anomaly/industrial_anomaly_less/equipment_breakdown/hd573_all__6.npy,equipment_breakdown
Pistachio/VAD/vit-features/train/anomaly/industrial_anomaly_less/equipment_breakdown/hd573_all__7.npy,equipment_breakdown
Pistachio/VAD/vit-features/train/anomaly/industrial_anomaly_less/equipment_breakdown/hd573_all__8.npy,equipment_breakdown
Pistachio/VAD/vit-features/train/anomaly/industrial_anomaly_less/equipment_breakdown/hd573_all__9.npy,equipment_breakdown
Pistachio/VAD/vit-features/train/anomaly/industrial_anomaly_less/equipment_breakdown/hd575_all__0.npy,equipment_breakdown
Pistachio/VAD/vit-features/train/anomaly/industrial_anomaly_less/equipment_breakdown/hd575_all__1.npy,equipment_breakdown
Pistachio/VAD/vit-features/train/anomaly/industrial_anomaly_less/equipment_breakdown/hd575_all__2.npy,equipment_breakdown
Pistachio/VAD/vit-features/train/anomaly/industrial_anomaly_less/equipment_breakdown/hd575_all__3.npy,equipment_breakdown
Pistachio/VAD/vit-features/train/anomaly/industrial_anomaly_less/equipment_breakdown/hd575_all__4.npy,equipment_breakdown
Pistachio/VAD/vit-features/train/anomaly/industrial_anomaly_less/equipment_breakdown/hd575_all__5.npy,equipment_breakdown
Pistachio/VAD/vit-features/train/anomaly/industrial_anomaly_less/equipment_breakdown/hd575_all__6.npy,equipment_breakdown
Pistachio/VAD/vit-features/train/anomaly/industrial_anomaly_less/equipment_breakdown/hd575_all__7.npy,equipment_breakdown
Pistachio/VAD/vit-features/train/anomaly/industrial_anomaly_less/equipment_breakdown/hd575_all__8.npy,equipment_breakdown
Pistachio/VAD/vit-features/train/anomaly/industrial_anomaly_less/equipment_breakdown/hd575_all__9.npy,equipment_breakdown
Pistachio/VAD/vit-features/train/anomaly/industrial_anomaly_less/equipment_breakdown/hd583_all__0.npy,equipment_breakdown
Pistachio/VAD/vit-features/train/anomaly/industrial_anomaly_less/equipment_breakdown/hd583_all__1.npy,equipment_breakdown
Pistachio/VAD/vit-features/train/anomaly/industrial_anomaly_less/equipment_breakdown/hd583_all__2.npy,equipment_breakdown
Pistachio/VAD/vit-features/train/anomaly/industrial_anomaly_less/equipment_breakdown/hd583_all__3.npy,equipment_breakdown
Pistachio/VAD/vit-features/train/anomaly/industrial_anomaly_less/equipment_breakdown/hd583_all__4.npy,equipment_breakdown
Pistachio/VAD/vit-features/train/anomaly/industrial_anomaly_less/equipment_breakdown/hd583_all__5.npy,equipment_breakdown
Pistachio/VAD/vit-features/train/anomaly/industrial_anomaly_less/equipment_breakdown/hd583_all__6.npy,equipment_breakdown
Pistachio/VAD/vit-features/train/anomaly/industrial_anomaly_less/equipment_breakdown/hd583_all__7.npy,equipment_breakdown
Pistachio/VAD/vit-features/train/anomaly/industrial_anomaly_less/equipment_breakdown/hd583_all__8.npy,equipment_breakdown
Pistachio/VAD/vit-features/train/anomaly/industrial_anomaly_less/equipment_breakdown/hd583_all__9.npy,equipment_breakdown
Pistachio/VAD/vit-features/train/anomaly/industrial_anomaly_less/explosion/hd600_all__0.npy,explosion
Pistachio/VAD/vit-features/train/anomaly/industrial_anomaly_less/explosion/hd600_all__1.npy,explosion
Pistachio/VAD/vit-features/train/anomaly/industrial_anomaly_less/explosion/hd600_all__2.npy,explosion
Pistachio/VAD/vit-features/train/anomaly/industrial_anomaly_less/explosion/hd600_all__3.npy,explosion
Pistachio/VAD/vit-features/train/anomaly/industrial_anomaly_less/explosion/hd600_all__4.npy,explosion
Pistachio/VAD/vit-features/train/anomaly/industrial_anomaly_less/explosion/hd600_all__5.npy,explosion
Pistachio/VAD/vit-features/train/anomaly/industrial_anomaly_less/explosion/hd600_all__6.npy,explosion
Pistachio/VAD/vit-features/train/anomaly/industrial_anomaly_less/explosion/hd600_all__7.npy,explosion
Pistachio/VAD/vit-features/train/anomaly/industrial_anomaly_less/explosion/hd600_all__8.npy,explosion
Pistachio/VAD/vit-features/train/anomaly/industrial_anomaly_less/explosion/hd600_all__9.npy,explosion
Pistachio/VAD/vit-features/train/anomaly/industrial_anomaly_less/explosion/hd601_all__0.npy,explosion
Pistachio/VAD/vit-features/train/anomaly/industrial_anomaly_less/explosion/hd601_all__1.npy,explosion
Pistachio/VAD/vit-features/train/anomaly/industrial_anomaly_less/explosion/hd601_all__2.npy,explosion
Pistachio/VAD/vit-features/train/anomaly/industrial_anomaly_less/explosion/hd601_all__3.npy,explosion
Pistachio/VAD/vit-features/train/anomaly/industrial_anomaly_less/explosion/hd601_all__4.npy,explosion
Pistachio/VAD/vit-features/train/anomaly/industrial_anomaly_less/explosion/hd601_all__5.npy,explosion
Pistachio/VAD/vit-features/train/anomaly/industrial_anomaly_less/explosion/hd601_all__6.npy,explosion
Pistachio/VAD/vit-features/train/anomaly/industrial_anomaly_less/explosion/hd601_all__7.npy,explosion
Pistachio/VAD/vit-features/train/anomaly/industrial_anomaly_less/explosion/hd601_all__8.npy,explosion
Pistachio/VAD/vit-features/train/anomaly/industrial_anomaly_less/explosion/hd601_all__9.npy,explosion
Pistachio/VAD/vit-features/train/anomaly/industrial_anomaly_less/explosion/hd608_all__0.npy,explosion
Pistachio/VAD/vit-features/train/anomaly/industrial_anomaly_less/explosion/hd608_all__1.npy,explosion
Pistachio/VAD/vit-features/train/anomaly/industrial_anomaly_less/explosion/hd608_all__2.npy,explosion
Pistachio/VAD/vit-features/train/anomaly/industrial_anomaly_less/explosion/hd608_all__3.npy,explosion
Pistachio/VAD/vit-features/train/anomaly/industrial_anomaly_less/explosion/hd608_all__4.npy,explosion
Pistachio/VAD/vit-features/train/anomaly/industrial_anomaly_less/explosion/hd608_all__5.npy,explosion
Pistachio/VAD/vit-features/train/anomaly/industrial_anomaly_less/explosion/hd608_all__6.npy,explosion
Pistachio/VAD/vit-features/train/anomaly/industrial_anomaly_less/explosion/hd608_all__7.npy,explosion
Pistachio/VAD/vit-features/train/anomaly/industrial_anomaly_less/explosion/hd608_all__8.npy,explosion
Pistachio/VAD/vit-features/train/anomaly/industrial_anomaly_less/explosion/hd608_all__9.npy,explosion
Pistachio/VAD/vit-features/train/anomaly/industrial_anomaly_less/explosion/hd609_all__0.npy,explosion
Pistachio/VAD/vit-features/train/anomaly/industrial_anomaly_less/explosion/hd609_all__1.npy,explosion
Pistachio/VAD/vit-features/train/anomaly/industrial_anomaly_less/explosion/hd609_all__2.npy,explosion
Pistachio/VAD/vit-features/train/anomaly/industrial_anomaly_less/explosion/hd609_all__3.npy,explosion
Pistachio/VAD/vit-features/train/anomaly/industrial_anomaly_less/explosion/hd609_all__4.npy,explosion
Pistachio/VAD/vit-features/train/anomaly/industrial_anomaly_less/explosion/hd609_all__5.npy,explosion
Pistachio/VAD/vit-features/train/anomaly/industrial_anomaly_less/explosion/hd609_all__6.npy,explosion
Pistachio/VAD/vit-features/train/anomaly/industrial_anomaly_less/explosion/hd609_all__7.npy,explosion
Pistachio/VAD/vit-features/train/anomaly/industrial_anomaly_less/explosion/hd609_all__8.npy,explosion
Pistachio/VAD/vit-features/train/anomaly/industrial_anomaly_less/explosion/hd609_all__9.npy,explosion
Pistachio/VAD/vit-features/train/anomaly/industrial_anomaly_less/explosion/hd614_all__0.npy,explosion
Pistachio/VAD/vit-features/train/anomaly/industrial_anomaly_less/explosion/hd614_all__1.npy,explosion
Pistachio/VAD/vit-features/train/anomaly/industrial_anomaly_less/explosion/hd614_all__2.npy,explosion
Pistachio/VAD/vit-features/train/anomaly/industrial_anomaly_less/explosion/hd614_all__3.npy,explosion
Pistachio/VAD/vit-features/train/anomaly/industrial_anomaly_less/explosion/hd614_all__4.npy,explosion
Pistachio/VAD/vit-features/train/anomaly/industrial_anomaly_less/explosion/hd614_all__5.npy,explosion
Pistachio/VAD/vit-features/train/anomaly/industrial_anomaly_less/explosion/hd614_all__6.npy,explosion
Pistachio/VAD/vit-features/train/anomaly/industrial_anomaly_less/explosion/hd614_all__7.npy,explosion
Pistachio/VAD/vit-features/train/anomaly/industrial_anomaly_less/explosion/hd614_all__8.npy,explosion
Pistachio/VAD/vit-features/train/anomaly/industrial_anomaly_less/explosion/hd614_all__9.npy,explosion
Pistachio/VAD/vit-features/train/anomaly/industrial_anomaly_less/explosion/hd616_all__0.npy,explosion
Pistachio/VAD/vit-features/train/anomaly/industrial_anomaly_less/explosion/hd616_all__1.npy,explosion
Pistachio/VAD/vit-features/train/anomaly/industrial_anomaly_less/explosion/hd616_all__2.npy,explosion
Pistachio/VAD/vit-features/train/anomaly/industrial_anomaly_less/explosion/hd616_all__3.npy,explosion
Pistachio/VAD/vit-features/train/anomaly/industrial_anomaly_less/explosion/hd616_all__4.npy,explosion
Pistachio/VAD/vit-features/train/anomaly/industrial_anomaly_less/explosion/hd616_all__5.npy,explosion
Pistachio/VAD/vit-features/train/anomaly/industrial_anomaly_less/explosion/hd616_all__6.npy,explosion
Pistachio/VAD/vit-features/train/anomaly/industrial_anomaly_less/explosion/hd616_all__7.npy,explosion
Pistachio/VAD/vit-features/train/anomaly/industrial_anomaly_less/explosion/hd616_all__8.npy,explosion
Pistachio/VAD/vit-features/train/anomaly/industrial_anomaly_less/explosion/hd616_all__9.npy,explosion
Pistachio/VAD/vit-features/train/anomaly/industrial_anomaly_less/explosion/hd620_all__0.npy,explosion
Pistachio/VAD/vit-features/train/anomaly/industrial_anomaly_less/explosion/hd620_all__1.npy,explosion
Pistachio/VAD/vit-features/train/anomaly/industrial_anomaly_less/explosion/hd620_all__2.npy,explosion
Pistachio/VAD/vit-features/train/anomaly/industrial_anomaly_less/explosion/hd620_all__3.npy,explosion
Pistachio/VAD/vit-features/train/anomaly/industrial_anomaly_less/explosion/hd620_all__4.npy,explosion
Pistachio/VAD/vit-features/train/anomaly/industrial_anomaly_less/explosion/hd620_all__5.npy,explosion
Pistachio/VAD/vit-features/train/anomaly/industrial_anomaly_less/explosion/hd620_all__6.npy,explosion
Pistachio/VAD/vit-features/train/anomaly/industrial_anomaly_less/explosion/hd620_all__7.npy,explosion
Pistachio/VAD/vit-features/train/anomaly/industrial_anomaly_less/explosion/hd620_all__8.npy,explosion
Pistachio/VAD/vit-features/train/anomaly/industrial_anomaly_less/explosion/hd620_all__9.npy,explosion
Pistachio/VAD/vit-features/train/anomaly/industrial_anomaly_less/explosion/hd625_all__0.npy,explosion
Pistachio/VAD/vit-features/train/anomaly/industrial_anomaly_less/explosion/hd625_all__1.npy,explosion
Pistachio/VAD/vit-features/train/anomaly/industrial_anomaly_less/explosion/hd625_all__2.npy,explosion
Pistachio/VAD/vit-features/train/anomaly/industrial_anomaly_less/explosion/hd625_all__3.npy,explosion
Pistachio/VAD/vit-features/train/anomaly/industrial_anomaly_less/explosion/hd625_all__4.npy,explosion
Pistachio/VAD/vit-features/train/anomaly/industrial_anomaly_less/explosion/hd625_all__5.npy,explosion
Pistachio/VAD/vit-features/train/anomaly/industrial_anomaly_less/explosion/hd625_all__6.npy,explosion
Pistachio/VAD/vit-features/train/anomaly/industrial_anomaly_less/explosion/hd625_all__7.npy,explosion
Pistachio/VAD/vit-features/train/anomaly/industrial_anomaly_less/explosion/hd625_all__8.npy,explosion
Pistachio/VAD/vit-features/train/anomaly/industrial_anomaly_less/explosion/hd625_all__9.npy,explosion
Pistachio/VAD/vit-features/train/anomaly/industrial_anomaly_less/explosion/hd627_all__0.npy,explosion
Pistachio/VAD/vit-features/train/anomaly/industrial_anomaly_less/explosion/hd627_all__1.npy,explosion
Pistachio/VAD/vit-features/train/anomaly/industrial_anomaly_less/explosion/hd627_all__2.npy,explosion
Pistachio/VAD/vit-features/train/anomaly/industrial_anomaly_less/explosion/hd627_all__3.npy,explosion
Pistachio/VAD/vit-features/train/anomaly/industrial_anomaly_less/explosion/hd627_all__4.npy,explosion
Pistachio/VAD/vit-features/train/anomaly/industrial_anomaly_less/explosion/hd627_all__5.npy,explosion
Pistachio/VAD/vit-features/train/anomaly/industrial_anomaly_less/explosion/hd627_all__6.npy,explosion
Pistachio/VAD/vit-features/train/anomaly/industrial_anomaly_less/explosion/hd627_all__7.npy,explosion
Pistachio/VAD/vit-features/train/anomaly/industrial_anomaly_less/explosion/hd627_all__8.npy,explosion
Pistachio/VAD/vit-features/train/anomaly/industrial_anomaly_less/explosion/hd627_all__9.npy,explosion
Pistachio/VAD/vit-features/train/anomaly/industrial_anomaly_less/extreme_weather_events/hd648_all__0.npy,extreme_weather_events
Pistachio/VAD/vit-features/train/anomaly/industrial_anomaly_less/extreme_weather_events/hd648_all__1.npy,extreme_weather_events
Pistachio/VAD/vit-features/train/anomaly/industrial_anomaly_less/extreme_weather_events/hd648_all__2.npy,extreme_weather_events
Pistachio/VAD/vit-features/train/anomaly/industrial_anomaly_less/extreme_weather_events/hd648_all__3.npy,extreme_weather_events
Pistachio/VAD/vit-features/train/anomaly/industrial_anomaly_less/extreme_weather_events/hd648_all__4.npy,extreme_weather_events
Pistachio/VAD/vit-features/train/anomaly/industrial_anomaly_less/extreme_weather_events/hd648_all__5.npy,extreme_weather_events
Pistachio/VAD/vit-features/train/anomaly/industrial_anomaly_less/extreme_weather_events/hd648_all__6.npy,extreme_weather_events
Pistachio/VAD/vit-features/train/anomaly/industrial_anomaly_less/extreme_weather_events/hd648_all__7.npy,extreme_weather_events
Pistachio/VAD/vit-features/train/anomaly/industrial_anomaly_less/extreme_weather_events/hd648_all__8.npy,extreme_weather_events
Pistachio/VAD/vit-features/train/anomaly/industrial_anomaly_less/extreme_weather_events/hd648_all__9.npy,extreme_weather_events
Pistachio/VAD/vit-features/train/anomaly/industrial_anomaly_less/extreme_weather_events/hd649_all__0.npy,extreme_weather_events
Pistachio/VAD/vit-features/train/anomaly/industrial_anomaly_less/extreme_weather_events/hd649_all__1.npy,extreme_weather_events
Pistachio/VAD/vit-features/train/anomaly/industrial_anomaly_less/extreme_weather_events/hd649_all__2.npy,extreme_weather_events
Pistachio/VAD/vit-features/train/anomaly/industrial_anomaly_less/extreme_weather_events/hd649_all__3.npy,extreme_weather_events
Pistachio/VAD/vit-features/train/anomaly/industrial_anomaly_less/extreme_weather_events/hd649_all__4.npy,extreme_weather_events
Pistachio/VAD/vit-features/train/anomaly/industrial_anomaly_less/extreme_weather_events/hd649_all__5.npy,extreme_weather_events
Pistachio/VAD/vit-features/train/anomaly/industrial_anomaly_less/extreme_weather_events/hd649_all__6.npy,extreme_weather_events
Pistachio/VAD/vit-features/train/anomaly/industrial_anomaly_less/extreme_weather_events/hd649_all__7.npy,extreme_weather_events
Pistachio/VAD/vit-features/train/anomaly/industrial_anomaly_less/extreme_weather_events/hd649_all__8.npy,extreme_weather_events
Pistachio/VAD/vit-features/train/anomaly/industrial_anomaly_less/extreme_weather_events/hd649_all__9.npy,extreme_weather_events
Pistachio/VAD/vit-features/train/anomaly/industrial_anomaly_less/extreme_weather_events/hd652_all__0.npy,extreme_weather_events
Pistachio/VAD/vit-features/train/anomaly/industrial_anomaly_less/extreme_weather_events/hd652_all__1.npy,extreme_weather_events
Pistachio/VAD/vit-features/train/anomaly/industrial_anomaly_less/extreme_weather_events/hd652_all__2.npy,extreme_weather_events
Pistachio/VAD/vit-features/train/anomaly/industrial_anomaly_less/extreme_weather_events/hd652_all__3.npy,extreme_weather_events
Pistachio/VAD/vit-features/train/anomaly/industrial_anomaly_less/extreme_weather_events/hd652_all__4.npy,extreme_weather_events
Pistachio/VAD/vit-features/train/anomaly/industrial_anomaly_less/extreme_weather_events/hd652_all__5.npy,extreme_weather_events
Pistachio/VAD/vit-features/train/anomaly/industrial_anomaly_less/extreme_weather_events/hd652_all__6.npy,extreme_weather_events
Pistachio/VAD/vit-features/train/anomaly/industrial_anomaly_less/extreme_weather_events/hd652_all__7.npy,extreme_weather_events
Pistachio/VAD/vit-features/train/anomaly/industrial_anomaly_less/extreme_weather_events/hd652_all__8.npy,extreme_weather_events
Pistachio/VAD/vit-features/train/anomaly/industrial_anomaly_less/extreme_weather_events/hd652_all__9.npy,extreme_weather_events
Pistachio/VAD/vit-features/train/anomaly/industrial_anomaly_less/extreme_weather_events/hd653_all__0.npy,extreme_weather_events
Pistachio/VAD/vit-features/train/anomaly/industrial_anomaly_less/extreme_weather_events/hd653_all__1.npy,extreme_weather_events
Pistachio/VAD/vit-features/train/anomaly/industrial_anomaly_less/extreme_weather_events/hd653_all__2.npy,extreme_weather_events
Pistachio/VAD/vit-features/train/anomaly/industrial_anomaly_less/extreme_weather_events/hd653_all__3.npy,extreme_weather_events
Pistachio/VAD/vit-features/train/anomaly/industrial_anomaly_less/extreme_weather_events/hd653_all__4.npy,extreme_weather_events
Pistachio/VAD/vit-features/train/anomaly/industrial_anomaly_less/extreme_weather_events/hd653_all__5.npy,extreme_weather_events
Pistachio/VAD/vit-features/train/anomaly/industrial_anomaly_less/extreme_weather_events/hd653_all__6.npy,extreme_weather_events
Pistachio/VAD/vit-features/train/anomaly/industrial_anomaly_less/extreme_weather_events/hd653_all__7.npy,extreme_weather_events
Pistachio/VAD/vit-features/train/anomaly/industrial_anomaly_less/extreme_weather_events/hd653_all__8.npy,extreme_weather_events
Pistachio/VAD/vit-features/train/anomaly/industrial_anomaly_less/extreme_weather_events/hd653_all__9.npy,extreme_weather_events
Pistachio/VAD/vit-features/train/anomaly/industrial_anomaly_less/extreme_weather_events/hd654_all__0.npy,extreme_weather_events
Pistachio/VAD/vit-features/train/anomaly/industrial_anomaly_less/extreme_weather_events/hd654_all__1.npy,extreme_weather_events
Pistachio/VAD/vit-features/train/anomaly/industrial_anomaly_less/extreme_weather_events/hd654_all__2.npy,extreme_weather_events
Pistachio/VAD/vit-features/train/anomaly/industrial_anomaly_less/extreme_weather_events/hd654_all__3.npy,extreme_weather_events
Pistachio/VAD/vit-features/train/anomaly/industrial_anomaly_less/extreme_weather_events/hd654_all__4.npy,extreme_weather_events
Pistachio/VAD/vit-features/train/anomaly/industrial_anomaly_less/extreme_weather_events/hd654_all__5.npy,extreme_weather_events
Pistachio/VAD/vit-features/train/anomaly/industrial_anomaly_less/extreme_weather_events/hd654_all__6.npy,extreme_weather_events
Pistachio/VAD/vit-features/train/anomaly/industrial_anomaly_less/extreme_weather_events/hd654_all__7.npy,extreme_weather_events
Pistachio/VAD/vit-features/train/anomaly/industrial_anomaly_less/extreme_weather_events/hd654_all__8.npy,extreme_weather_events
Pistachio/VAD/vit-features/train/anomaly/industrial_anomaly_less/extreme_weather_events/hd654_all__9.npy,extreme_weather_events
Pistachio/VAD/vit-features/train/anomaly/industrial_anomaly_less/extreme_weather_events/hd655_all__0.npy,extreme_weather_events
Pistachio/VAD/vit-features/train/anomaly/industrial_anomaly_less/extreme_weather_events/hd655_all__1.npy,extreme_weather_events
Pistachio/VAD/vit-features/train/anomaly/industrial_anomaly_less/extreme_weather_events/hd655_all__2.npy,extreme_weather_events
Pistachio/VAD/vit-features/train/anomaly/industrial_anomaly_less/extreme_weather_events/hd655_all__3.npy,extreme_weather_events
Pistachio/VAD/vit-features/train/anomaly/industrial_anomaly_less/extreme_weather_events/hd655_all__4.npy,extreme_weather_events
Pistachio/VAD/vit-features/train/anomaly/industrial_anomaly_less/extreme_weather_events/hd655_all__5.npy,extreme_weather_events
Pistachio/VAD/vit-features/train/anomaly/industrial_anomaly_less/extreme_weather_events/hd655_all__6.npy,extreme_weather_events
Pistachio/VAD/vit-features/train/anomaly/industrial_anomaly_less/extreme_weather_events/hd655_all__7.npy,extreme_weather_events
Pistachio/VAD/vit-features/train/anomaly/industrial_anomaly_less/extreme_weather_events/hd655_all__8.npy,extreme_weather_events
Pistachio/VAD/vit-features/train/anomaly/industrial_anomaly_less/extreme_weather_events/hd655_all__9.npy,extreme_weather_events
Pistachio/VAD/vit-features/train/anomaly/industrial_anomaly_less/extreme_weather_events/hd662_all__0.npy,extreme_weather_events
Pistachio/VAD/vit-features/train/anomaly/industrial_anomaly_less/extreme_weather_events/hd662_all__1.npy,extreme_weather_events
Pistachio/VAD/vit-features/train/anomaly/industrial_anomaly_less/extreme_weather_events/hd662_all__2.npy,extreme_weather_events
Pistachio/VAD/vit-features/train/anomaly/industrial_anomaly_less/extreme_weather_events/hd662_all__3.npy,extreme_weather_events
Pistachio/VAD/vit-features/train/anomaly/industrial_anomaly_less/extreme_weather_events/hd662_all__4.npy,extreme_weather_events
Pistachio/VAD/vit-features/train/anomaly/industrial_anomaly_less/extreme_weather_events/hd662_all__5.npy,extreme_weather_events
Pistachio/VAD/vit-features/train/anomaly/industrial_anomaly_less/extreme_weather_events/hd662_all__6.npy,extreme_weather_events
Pistachio/VAD/vit-features/train/anomaly/industrial_anomaly_less/extreme_weather_events/hd662_all__7.npy,extreme_weather_events
Pistachio/VAD/vit-features/train/anomaly/industrial_anomaly_less/extreme_weather_events/hd662_all__8.npy,extreme_weather_events
Pistachio/VAD/vit-features/train/anomaly/industrial_anomaly_less/extreme_weather_events/hd662_all__9.npy,extreme_weather_events
Pistachio/VAD/vit-features/train/anomaly/industrial_anomaly_less/extreme_weather_events/hd663_all__0.npy,extreme_weather_events
Pistachio/VAD/vit-features/train/anomaly/industrial_anomaly_less/extreme_weather_events/hd663_all__1.npy,extreme_weather_events
Pistachio/VAD/vit-features/train/anomaly/industrial_anomaly_less/extreme_weather_events/hd663_all__2.npy,extreme_weather_events
Pistachio/VAD/vit-features/train/anomaly/industrial_anomaly_less/extreme_weather_events/hd663_all__3.npy,extreme_weather_events
Pistachio/VAD/vit-features/train/anomaly/industrial_anomaly_less/extreme_weather_events/hd663_all__4.npy,extreme_weather_events
Pistachio/VAD/vit-features/train/anomaly/industrial_anomaly_less/extreme_weather_events/hd663_all__5.npy,extreme_weather_events
Pistachio/VAD/vit-features/train/anomaly/industrial_anomaly_less/extreme_weather_events/hd663_all__6.npy,extreme_weather_events
Pistachio/VAD/vit-features/train/anomaly/industrial_anomaly_less/extreme_weather_events/hd663_all__7.npy,extreme_weather_events
Pistachio/VAD/vit-features/train/anomaly/industrial_anomaly_less/extreme_weather_events/hd663_all__8.npy,extreme_weather_events
Pistachio/VAD/vit-features/train/anomaly/industrial_anomaly_less/extreme_weather_events/hd663_all__9.npy,extreme_weather_events
Pistachio/VAD/vit-features/train/anomaly/industrial_anomaly_less/extreme_weather_events/hd665_all__0.npy,extreme_weather_events
Pistachio/VAD/vit-features/train/anomaly/industrial_anomaly_less/extreme_weather_events/hd665_all__1.npy,extreme_weather_events
Pistachio/VAD/vit-features/train/anomaly/industrial_anomaly_less/extreme_weather_events/hd665_all__2.npy,extreme_weather_events
Pistachio/VAD/vit-features/train/anomaly/industrial_anomaly_less/extreme_weather_events/hd665_all__3.npy,extreme_weather_events
Pistachio/VAD/vit-features/train/anomaly/industrial_anomaly_less/extreme_weather_events/hd665_all__4.npy,extreme_weather_events
Pistachio/VAD/vit-features/train/anomaly/industrial_anomaly_less/extreme_weather_events/hd665_all__5.npy,extreme_weather_events
Pistachio/VAD/vit-features/train/anomaly/industrial_anomaly_less/extreme_weather_events/hd665_all__6.npy,extreme_weather_events
Pistachio/VAD/vit-features/train/anomaly/industrial_anomaly_less/extreme_weather_events/hd665_all__7.npy,extreme_weather_events
Pistachio/VAD/vit-features/train/anomaly/industrial_anomaly_less/extreme_weather_events/hd665_all__8.npy,extreme_weather_events
Pistachio/VAD/vit-features/train/anomaly/industrial_anomaly_less/extreme_weather_events/hd665_all__9.npy,extreme_weather_events
Pistachio/VAD/vit-features/train/anomaly/industrial_anomaly_less/extreme_weather_events/hd667_all__0.npy,extreme_weather_events
Pistachio/VAD/vit-features/train/anomaly/industrial_anomaly_less/extreme_weather_events/hd667_all__1.npy,extreme_weather_events
Pistachio/VAD/vit-features/train/anomaly/industrial_anomaly_less/extreme_weather_events/hd667_all__2.npy,extreme_weather_events
Pistachio/VAD/vit-features/train/anomaly/industrial_anomaly_less/extreme_weather_events/hd667_all__3.npy,extreme_weather_events
Pistachio/VAD/vit-features/train/anomaly/industrial_anomaly_less/extreme_weather_events/hd667_all__4.npy,extreme_weather_events
Pistachio/VAD/vit-features/train/anomaly/industrial_anomaly_less/extreme_weather_events/hd667_all__5.npy,extreme_weather_events
Pistachio/VAD/vit-features/train/anomaly/industrial_anomaly_less/extreme_weather_events/hd667_all__6.npy,extreme_weather_events
Pistachio/VAD/vit-features/train/anomaly/industrial_anomaly_less/extreme_weather_events/hd667_all__7.npy,extreme_weather_events
Pistachio/VAD/vit-features/train/anomaly/industrial_anomaly_less/extreme_weather_events/hd667_all__8.npy,extreme_weather_events
Pistachio/VAD/vit-features/train/anomaly/industrial_anomaly_less/extreme_weather_events/hd667_all__9.npy,extreme_weather_events
Pistachio/VAD/vit-features/train/anomaly/industrial_anomaly_less/extreme_weather_events/hd669_all__0.npy,extreme_weather_events
Pistachio/VAD/vit-features/train/anomaly/industrial_anomaly_less/extreme_weather_events/hd669_all__1.npy,extreme_weather_events
Pistachio/VAD/vit-features/train/anomaly/industrial_anomaly_less/extreme_weather_events/hd669_all__2.npy,extreme_weather_events
Pistachio/VAD/vit-features/train/anomaly/industrial_anomaly_less/extreme_weather_events/hd669_all__3.npy,extreme_weather_events
Pistachio/VAD/vit-features/train/anomaly/industrial_anomaly_less/extreme_weather_events/hd669_all__4.npy,extreme_weather_events
Pistachio/VAD/vit-features/train/anomaly/industrial_anomaly_less/extreme_weather_events/hd669_all__5.npy,extreme_weather_events
Pistachio/VAD/vit-features/train/anomaly/industrial_anomaly_less/extreme_weather_events/hd669_all__6.npy,extreme_weather_events
Pistachio/VAD/vit-features/train/anomaly/industrial_anomaly_less/extreme_weather_events/hd669_all__7.npy,extreme_weather_events
Pistachio/VAD/vit-features/train/anomaly/industrial_anomaly_less/extreme_weather_events/hd669_all__8.npy,extreme_weather_events
Pistachio/VAD/vit-features/train/anomaly/industrial_anomaly_less/extreme_weather_events/hd669_all__9.npy,extreme_weather_events
Pistachio/VAD/vit-features/train/anomaly/industrial_anomaly_less/extreme_weather_events/hd671_all__0.npy,extreme_weather_events
Pistachio/VAD/vit-features/train/anomaly/industrial_anomaly_less/extreme_weather_events/hd671_all__1.npy,extreme_weather_events
Pistachio/VAD/vit-features/train/anomaly/industrial_anomaly_less/extreme_weather_events/hd671_all__2.npy,extreme_weather_events
Pistachio/VAD/vit-features/train/anomaly/industrial_anomaly_less/extreme_weather_events/hd671_all__3.npy,extreme_weather_events
Pistachio/VAD/vit-features/train/anomaly/industrial_anomaly_less/extreme_weather_events/hd671_all__4.npy,extreme_weather_events
Pistachio/VAD/vit-features/train/anomaly/industrial_anomaly_less/extreme_weather_events/hd671_all__5.npy,extreme_weather_events
Pistachio/VAD/vit-features/train/anomaly/industrial_anomaly_less/extreme_weather_events/hd671_all__6.npy,extreme_weather_events
Pistachio/VAD/vit-features/train/anomaly/industrial_anomaly_less/extreme_weather_events/hd671_all__7.npy,extreme_weather_events
Pistachio/VAD/vit-features/train/anomaly/industrial_anomaly_less/extreme_weather_events/hd671_all__8.npy,extreme_weather_events
Pistachio/VAD/vit-features/train/anomaly/industrial_anomaly_less/extreme_weather_events/hd671_all__9.npy,extreme_weather_events
Pistachio/VAD/vit-features/train/anomaly/industrial_anomaly_less/extreme_weather_events/hd672_all__0.npy,extreme_weather_events
Pistachio/VAD/vit-features/train/anomaly/industrial_anomaly_less/extreme_weather_events/hd672_all__1.npy,extreme_weather_events
Pistachio/VAD/vit-features/train/anomaly/industrial_anomaly_less/extreme_weather_events/hd672_all__2.npy,extreme_weather_events
Pistachio/VAD/vit-features/train/anomaly/industrial_anomaly_less/extreme_weather_events/hd672_all__3.npy,extreme_weather_events
Pistachio/VAD/vit-features/train/anomaly/industrial_anomaly_less/extreme_weather_events/hd672_all__4.npy,extreme_weather_events
Pistachio/VAD/vit-features/train/anomaly/industrial_anomaly_less/extreme_weather_events/hd672_all__5.npy,extreme_weather_events
Pistachio/VAD/vit-features/train/anomaly/industrial_anomaly_less/extreme_weather_events/hd672_all__6.npy,extreme_weather_events
Pistachio/VAD/vit-features/train/anomaly/industrial_anomaly_less/extreme_weather_events/hd672_all__7.npy,extreme_weather_events
Pistachio/VAD/vit-features/train/anomaly/industrial_anomaly_less/extreme_weather_events/hd672_all__8.npy,extreme_weather_events
Pistachio/VAD/vit-features/train/anomaly/industrial_anomaly_less/extreme_weather_events/hd672_all__9.npy,extreme_weather_events
Pistachio/VAD/vit-features/train/anomaly/industrial_anomaly_less/extreme_weather_events/hd673_all__0.npy,extreme_weather_events
Pistachio/VAD/vit-features/train/anomaly/industrial_anomaly_less/extreme_weather_events/hd673_all__1.npy,extreme_weather_events
Pistachio/VAD/vit-features/train/anomaly/industrial_anomaly_less/extreme_weather_events/hd673_all__2.npy,extreme_weather_events
Pistachio/VAD/vit-features/train/anomaly/industrial_anomaly_less/extreme_weather_events/hd673_all__3.npy,extreme_weather_events
Pistachio/VAD/vit-features/train/anomaly/industrial_anomaly_less/extreme_weather_events/hd673_all__4.npy,extreme_weather_events
Pistachio/VAD/vit-features/train/anomaly/industrial_anomaly_less/extreme_weather_events/hd673_all__5.npy,extreme_weather_events
Pistachio/VAD/vit-features/train/anomaly/industrial_anomaly_less/extreme_weather_events/hd673_all__6.npy,extreme_weather_events
Pistachio/VAD/vit-features/train/anomaly/industrial_anomaly_less/extreme_weather_events/hd673_all__7.npy,extreme_weather_events
Pistachio/VAD/vit-features/train/anomaly/industrial_anomaly_less/extreme_weather_events/hd673_all__8.npy,extreme_weather_events
Pistachio/VAD/vit-features/train/anomaly/industrial_anomaly_less/extreme_weather_events/hd673_all__9.npy,extreme_weather_events
Pistachio/VAD/vit-features/train/anomaly/industrial_anomaly_less/extreme_weather_events/hd675_all__0.npy,extreme_weather_events
Pistachio/VAD/vit-features/train/anomaly/industrial_anomaly_less/extreme_weather_events/hd675_all__1.npy,extreme_weather_events
Pistachio/VAD/vit-features/train/anomaly/industrial_anomaly_less/extreme_weather_events/hd675_all__2.npy,extreme_weather_events
Pistachio/VAD/vit-features/train/anomaly/industrial_anomaly_less/extreme_weather_events/hd675_all__3.npy,extreme_weather_events
Pistachio/VAD/vit-features/train/anomaly/industrial_anomaly_less/extreme_weather_events/hd675_all__4.npy,extreme_weather_events
Pistachio/VAD/vit-features/train/anomaly/industrial_anomaly_less/extreme_weather_events/hd675_all__5.npy,extreme_weather_events
Pistachio/VAD/vit-features/train/anomaly/industrial_anomaly_less/extreme_weather_events/hd675_all__6.npy,extreme_weather_events
Pistachio/VAD/vit-features/train/anomaly/industrial_anomaly_less/extreme_weather_events/hd675_all__7.npy,extreme_weather_events
Pistachio/VAD/vit-features/train/anomaly/industrial_anomaly_less/extreme_weather_events/hd675_all__8.npy,extreme_weather_events
Pistachio/VAD/vit-features/train/anomaly/industrial_anomaly_less/extreme_weather_events/hd675_all__9.npy,extreme_weather_events
Pistachio/VAD/vit-features/train/anomaly/industrial_anomaly_less/falling_object_and_collapse/hd721_all__0.npy,falling_object_and_collapse
Pistachio/VAD/vit-features/train/anomaly/industrial_anomaly_less/falling_object_and_collapse/hd721_all__1.npy,falling_object_and_collapse
Pistachio/VAD/vit-features/train/anomaly/industrial_anomaly_less/falling_object_and_collapse/hd721_all__2.npy,falling_object_and_collapse
Pistachio/VAD/vit-features/train/anomaly/industrial_anomaly_less/falling_object_and_collapse/hd721_all__3.npy,falling_object_and_collapse
Pistachio/VAD/vit-features/train/anomaly/industrial_anomaly_less/falling_object_and_collapse/hd721_all__4.npy,falling_object_and_collapse
Pistachio/VAD/vit-features/train/anomaly/industrial_anomaly_less/falling_object_and_collapse/hd721_all__5.npy,falling_object_and_collapse
Pistachio/VAD/vit-features/train/anomaly/industrial_anomaly_less/falling_object_and_collapse/hd721_all__6.npy,falling_object_and_collapse
Pistachio/VAD/vit-features/train/anomaly/industrial_anomaly_less/falling_object_and_collapse/hd721_all__7.npy,falling_object_and_collapse
Pistachio/VAD/vit-features/train/anomaly/industrial_anomaly_less/falling_object_and_collapse/hd721_all__8.npy,falling_object_and_collapse
Pistachio/VAD/vit-features/train/anomaly/industrial_anomaly_less/falling_object_and_collapse/hd721_all__9.npy,falling_object_and_collapse
Pistachio/VAD/vit-features/train/anomaly/industrial_anomaly_less/falling_object_and_collapse/hd737_all__0.npy,falling_object_and_collapse
Pistachio/VAD/vit-features/train/anomaly/industrial_anomaly_less/falling_object_and_collapse/hd737_all__1.npy,falling_object_and_collapse
Pistachio/VAD/vit-features/train/anomaly/industrial_anomaly_less/falling_object_and_collapse/hd737_all__2.npy,falling_object_and_collapse
Pistachio/VAD/vit-features/train/anomaly/industrial_anomaly_less/falling_object_and_collapse/hd737_all__3.npy,falling_object_and_collapse
Pistachio/VAD/vit-features/train/anomaly/industrial_anomaly_less/falling_object_and_collapse/hd737_all__4.npy,falling_object_and_collapse
Pistachio/VAD/vit-features/train/anomaly/industrial_anomaly_less/falling_object_and_collapse/hd737_all__5.npy,falling_object_and_collapse
Pistachio/VAD/vit-features/train/anomaly/industrial_anomaly_less/falling_object_and_collapse/hd737_all__6.npy,falling_object_and_collapse
Pistachio/VAD/vit-features/train/anomaly/industrial_anomaly_less/falling_object_and_collapse/hd737_all__7.npy,falling_object_and_collapse
Pistachio/VAD/vit-features/train/anomaly/industrial_anomaly_less/falling_object_and_collapse/hd737_all__8.npy,falling_object_and_collapse
Pistachio/VAD/vit-features/train/anomaly/industrial_anomaly_less/falling_object_and_collapse/hd737_all__9.npy,falling_object_and_collapse
Pistachio/VAD/vit-features/train/anomaly/industrial_anomaly_less/falling_object_and_collapse/hd744_all__0.npy,falling_object_and_collapse
Pistachio/VAD/vit-features/train/anomaly/industrial_anomaly_less/falling_object_and_collapse/hd744_all__1.npy,falling_object_and_collapse
Pistachio/VAD/vit-features/train/anomaly/industrial_anomaly_less/falling_object_and_collapse/hd744_all__2.npy,falling_object_and_collapse
Pistachio/VAD/vit-features/train/anomaly/industrial_anomaly_less/falling_object_and_collapse/hd744_all__3.npy,falling_object_and_collapse
Pistachio/VAD/vit-features/train/anomaly/industrial_anomaly_less/falling_object_and_collapse/hd744_all__4.npy,falling_object_and_collapse
Pistachio/VAD/vit-features/train/anomaly/industrial_anomaly_less/falling_object_and_collapse/hd744_all__5.npy,falling_object_and_collapse
Pistachio/VAD/vit-features/train/anomaly/industrial_anomaly_less/falling_object_and_collapse/hd744_all__6.npy,falling_object_and_collapse
Pistachio/VAD/vit-features/train/anomaly/industrial_anomaly_less/falling_object_and_collapse/hd744_all__7.npy,falling_object_and_collapse
Pistachio/VAD/vit-features/train/anomaly/industrial_anomaly_less/falling_object_and_collapse/hd744_all__8.npy,falling_object_and_collapse
Pistachio/VAD/vit-features/train/anomaly/industrial_anomaly_less/falling_object_and_collapse/hd744_all__9.npy,falling_object_and_collapse
Pistachio/VAD/vit-features/train/anomaly/industrial_anomaly_less/falling_object_and_collapse/hd745_all__0.npy,falling_object_and_collapse
Pistachio/VAD/vit-features/train/anomaly/industrial_anomaly_less/falling_object_and_collapse/hd745_all__1.npy,falling_object_and_collapse
Pistachio/VAD/vit-features/train/anomaly/industrial_anomaly_less/falling_object_and_collapse/hd745_all__2.npy,falling_object_and_collapse
Pistachio/VAD/vit-features/train/anomaly/industrial_anomaly_less/falling_object_and_collapse/hd745_all__3.npy,falling_object_and_collapse
Pistachio/VAD/vit-features/train/anomaly/industrial_anomaly_less/falling_object_and_collapse/hd745_all__4.npy,falling_object_and_collapse
Pistachio/VAD/vit-features/train/anomaly/industrial_anomaly_less/falling_object_and_collapse/hd745_all__5.npy,falling_object_and_collapse
Pistachio/VAD/vit-features/train/anomaly/industrial_anomaly_less/falling_object_and_collapse/hd745_all__6.npy,falling_object_and_collapse
Pistachio/VAD/vit-features/train/anomaly/industrial_anomaly_less/falling_object_and_collapse/hd745_all__7.npy,falling_object_and_collapse
Pistachio/VAD/vit-features/train/anomaly/industrial_anomaly_less/falling_object_and_collapse/hd745_all__8.npy,falling_object_and_collapse
Pistachio/VAD/vit-features/train/anomaly/industrial_anomaly_less/falling_object_and_collapse/hd745_all__9.npy,falling_object_and_collapse
Pistachio/VAD/vit-features/train/anomaly/industrial_anomaly_less/falling_object_and_collapse/hd748_all__0.npy,falling_object_and_collapse
Pistachio/VAD/vit-features/train/anomaly/industrial_anomaly_less/falling_object_and_collapse/hd748_all__1.npy,falling_object_and_collapse
Pistachio/VAD/vit-features/train/anomaly/industrial_anomaly_less/falling_object_and_collapse/hd748_all__2.npy,falling_object_and_collapse
Pistachio/VAD/vit-features/train/anomaly/industrial_anomaly_less/falling_object_and_collapse/hd748_all__3.npy,falling_object_and_collapse
Pistachio/VAD/vit-features/train/anomaly/industrial_anomaly_less/falling_object_and_collapse/hd748_all__4.npy,falling_object_and_collapse
Pistachio/VAD/vit-features/train/anomaly/industrial_anomaly_less/falling_object_and_collapse/hd748_all__5.npy,falling_object_and_collapse
Pistachio/VAD/vit-features/train/anomaly/industrial_anomaly_less/falling_object_and_collapse/hd748_all__6.npy,falling_object_and_collapse
Pistachio/VAD/vit-features/train/anomaly/industrial_anomaly_less/falling_object_and_collapse/hd748_all__7.npy,falling_object_and_collapse
Pistachio/VAD/vit-features/train/anomaly/industrial_anomaly_less/falling_object_and_collapse/hd748_all__8.npy,falling_object_and_collapse
Pistachio/VAD/vit-features/train/anomaly/industrial_anomaly_less/falling_object_and_collapse/hd748_all__9.npy,falling_object_and_collapse
Pistachio/VAD/vit-features/train/anomaly/industrial_anomaly_less/falling_object_and_collapse/hd751_all__0.npy,falling_object_and_collapse
Pistachio/VAD/vit-features/train/anomaly/industrial_anomaly_less/falling_object_and_collapse/hd751_all__1.npy,falling_object_and_collapse
Pistachio/VAD/vit-features/train/anomaly/industrial_anomaly_less/falling_object_and_collapse/hd751_all__2.npy,falling_object_and_collapse
Pistachio/VAD/vit-features/train/anomaly/industrial_anomaly_less/falling_object_and_collapse/hd751_all__3.npy,falling_object_and_collapse
Pistachio/VAD/vit-features/train/anomaly/industrial_anomaly_less/falling_object_and_collapse/hd751_all__4.npy,falling_object_and_collapse
Pistachio/VAD/vit-features/train/anomaly/industrial_anomaly_less/falling_object_and_collapse/hd751_all__5.npy,falling_object_and_collapse
Pistachio/VAD/vit-features/train/anomaly/industrial_anomaly_less/falling_object_and_collapse/hd751_all__6.npy,falling_object_and_collapse
Pistachio/VAD/vit-features/train/anomaly/industrial_anomaly_less/falling_object_and_collapse/hd751_all__7.npy,falling_object_and_collapse
Pistachio/VAD/vit-features/train/anomaly/industrial_anomaly_less/falling_object_and_collapse/hd751_all__8.npy,falling_object_and_collapse
Pistachio/VAD/vit-features/train/anomaly/industrial_anomaly_less/falling_object_and_collapse/hd751_all__9.npy,falling_object_and_collapse
Pistachio/VAD/vit-features/train/anomaly/industrial_anomaly_less/falling_object_and_collapse/hd758_all__0.npy,falling_object_and_collapse
Pistachio/VAD/vit-features/train/anomaly/industrial_anomaly_less/falling_object_and_collapse/hd758_all__1.npy,falling_object_and_collapse
Pistachio/VAD/vit-features/train/anomaly/industrial_anomaly_less/falling_object_and_collapse/hd758_all__2.npy,falling_object_and_collapse
Pistachio/VAD/vit-features/train/anomaly/industrial_anomaly_less/falling_object_and_collapse/hd758_all__3.npy,falling_object_and_collapse
Pistachio/VAD/vit-features/train/anomaly/industrial_anomaly_less/falling_object_and_collapse/hd758_all__4.npy,falling_object_and_collapse
Pistachio/VAD/vit-features/train/anomaly/industrial_anomaly_less/falling_object_and_collapse/hd758_all__5.npy,falling_object_and_collapse
Pistachio/VAD/vit-features/train/anomaly/industrial_anomaly_less/falling_object_and_collapse/hd758_all__6.npy,falling_object_and_collapse
Pistachio/VAD/vit-features/train/anomaly/industrial_anomaly_less/falling_object_and_collapse/hd758_all__7.npy,falling_object_and_collapse
Pistachio/VAD/vit-features/train/anomaly/industrial_anomaly_less/falling_object_and_collapse/hd758_all__8.npy,falling_object_and_collapse
Pistachio/VAD/vit-features/train/anomaly/industrial_anomaly_less/falling_object_and_collapse/hd758_all__9.npy,falling_object_and_collapse
Pistachio/VAD/vit-features/train/anomaly/industrial_anomaly_less/falling_object_and_collapse/hd765_all__0.npy,falling_object_and_collapse
Pistachio/VAD/vit-features/train/anomaly/industrial_anomaly_less/falling_object_and_collapse/hd765_all__1.npy,falling_object_and_collapse
Pistachio/VAD/vit-features/train/anomaly/industrial_anomaly_less/falling_object_and_collapse/hd765_all__2.npy,falling_object_and_collapse
Pistachio/VAD/vit-features/train/anomaly/industrial_anomaly_less/falling_object_and_collapse/hd765_all__3.npy,falling_object_and_collapse
Pistachio/VAD/vit-features/train/anomaly/industrial_anomaly_less/falling_object_and_collapse/hd765_all__4.npy,falling_object_and_collapse
Pistachio/VAD/vit-features/train/anomaly/industrial_anomaly_less/falling_object_and_collapse/hd765_all__5.npy,falling_object_and_collapse
Pistachio/VAD/vit-features/train/anomaly/industrial_anomaly_less/falling_object_and_collapse/hd765_all__6.npy,falling_object_and_collapse
Pistachio/VAD/vit-features/train/anomaly/industrial_anomaly_less/falling_object_and_collapse/hd765_all__7.npy,falling_object_and_collapse
Pistachio/VAD/vit-features/train/anomaly/industrial_anomaly_less/falling_object_and_collapse/hd765_all__8.npy,falling_object_and_collapse
Pistachio/VAD/vit-features/train/anomaly/industrial_anomaly_less/falling_object_and_collapse/hd765_all__9.npy,falling_object_and_collapse
Pistachio/VAD/vit-features/train/anomaly/industrial_anomaly_less/falling_object_and_collapse/hd780_all__0.npy,falling_object_and_collapse
Pistachio/VAD/vit-features/train/anomaly/industrial_anomaly_less/falling_object_and_collapse/hd780_all__1.npy,falling_object_and_collapse
Pistachio/VAD/vit-features/train/anomaly/industrial_anomaly_less/falling_object_and_collapse/hd780_all__2.npy,falling_object_and_collapse
Pistachio/VAD/vit-features/train/anomaly/industrial_anomaly_less/falling_object_and_collapse/hd780_all__3.npy,falling_object_and_collapse
Pistachio/VAD/vit-features/train/anomaly/industrial_anomaly_less/falling_object_and_collapse/hd780_all__4.npy,falling_object_and_collapse
Pistachio/VAD/vit-features/train/anomaly/industrial_anomaly_less/falling_object_and_collapse/hd780_all__5.npy,falling_object_and_collapse
Pistachio/VAD/vit-features/train/anomaly/industrial_anomaly_less/falling_object_and_collapse/hd780_all__6.npy,falling_object_and_collapse
Pistachio/VAD/vit-features/train/anomaly/industrial_anomaly_less/falling_object_and_collapse/hd780_all__7.npy,falling_object_and_collapse
Pistachio/VAD/vit-features/train/anomaly/industrial_anomaly_less/falling_object_and_collapse/hd780_all__8.npy,falling_object_and_collapse
Pistachio/VAD/vit-features/train/anomaly/industrial_anomaly_less/falling_object_and_collapse/hd780_all__9.npy,falling_object_and_collapse
Pistachio/VAD/vit-features/train/anomaly/industrial_anomaly_less/falling_object_and_collapse/hd788_all__0.npy,falling_object_and_collapse
Pistachio/VAD/vit-features/train/anomaly/industrial_anomaly_less/falling_object_and_collapse/hd788_all__1.npy,falling_object_and_collapse
Pistachio/VAD/vit-features/train/anomaly/industrial_anomaly_less/falling_object_and_collapse/hd788_all__2.npy,falling_object_and_collapse
Pistachio/VAD/vit-features/train/anomaly/industrial_anomaly_less/falling_object_and_collapse/hd788_all__3.npy,falling_object_and_collapse
Pistachio/VAD/vit-features/train/anomaly/industrial_anomaly_less/falling_object_and_collapse/hd788_all__4.npy,falling_object_and_collapse
Pistachio/VAD/vit-features/train/anomaly/industrial_anomaly_less/falling_object_and_collapse/hd788_all__5.npy,falling_object_and_collapse
Pistachio/VAD/vit-features/train/anomaly/industrial_anomaly_less/falling_object_and_collapse/hd788_all__6.npy,falling_object_and_collapse
Pistachio/VAD/vit-features/train/anomaly/industrial_anomaly_less/falling_object_and_collapse/hd788_all__7.npy,falling_object_and_collapse
Pistachio/VAD/vit-features/train/anomaly/industrial_anomaly_less/falling_object_and_collapse/hd788_all__8.npy,falling_object_and_collapse
Pistachio/VAD/vit-features/train/anomaly/industrial_anomaly_less/falling_object_and_collapse/hd788_all__9.npy,falling_object_and_collapse
Pistachio/VAD/vit-features/train/anomaly/industrial_anomaly_less/falling_object_and_collapse/hd794_all__0.npy,falling_object_and_collapse
Pistachio/VAD/vit-features/train/anomaly/industrial_anomaly_less/falling_object_and_collapse/hd794_all__1.npy,falling_object_and_collapse
Pistachio/VAD/vit-features/train/anomaly/industrial_anomaly_less/falling_object_and_collapse/hd794_all__2.npy,falling_object_and_collapse
Pistachio/VAD/vit-features/train/anomaly/industrial_anomaly_less/falling_object_and_collapse/hd794_all__3.npy,falling_object_and_collapse
Pistachio/VAD/vit-features/train/anomaly/industrial_anomaly_less/falling_object_and_collapse/hd794_all__4.npy,falling_object_and_collapse
Pistachio/VAD/vit-features/train/anomaly/industrial_anomaly_less/falling_object_and_collapse/hd794_all__5.npy,falling_object_and_collapse
Pistachio/VAD/vit-features/train/anomaly/industrial_anomaly_less/falling_object_and_collapse/hd794_all__6.npy,falling_object_and_collapse
Pistachio/VAD/vit-features/train/anomaly/industrial_anomaly_less/falling_object_and_collapse/hd794_all__7.npy,falling_object_and_collapse
Pistachio/VAD/vit-features/train/anomaly/industrial_anomaly_less/falling_object_and_collapse/hd794_all__8.npy,falling_object_and_collapse
Pistachio/VAD/vit-features/train/anomaly/industrial_anomaly_less/falling_object_and_collapse/hd794_all__9.npy,falling_object_and_collapse
Pistachio/VAD/vit-features/train/anomaly/industrial_anomaly_less/falling_object_and_collapse/hd795_all__0.npy,falling_object_and_collapse
Pistachio/VAD/vit-features/train/anomaly/industrial_anomaly_less/falling_object_and_collapse/hd795_all__1.npy,falling_object_and_collapse
Pistachio/VAD/vit-features/train/anomaly/industrial_anomaly_less/falling_object_and_collapse/hd795_all__2.npy,falling_object_and_collapse
Pistachio/VAD/vit-features/train/anomaly/industrial_anomaly_less/falling_object_and_collapse/hd795_all__3.npy,falling_object_and_collapse
Pistachio/VAD/vit-features/train/anomaly/industrial_anomaly_less/falling_object_and_collapse/hd795_all__4.npy,falling_object_and_collapse
Pistachio/VAD/vit-features/train/anomaly/industrial_anomaly_less/falling_object_and_collapse/hd795_all__5.npy,falling_object_and_collapse
Pistachio/VAD/vit-features/train/anomaly/industrial_anomaly_less/falling_object_and_collapse/hd795_all__6.npy,falling_object_and_collapse
Pistachio/VAD/vit-features/train/anomaly/industrial_anomaly_less/falling_object_and_collapse/hd795_all__7.npy,falling_object_and_collapse
Pistachio/VAD/vit-features/train/anomaly/industrial_anomaly_less/falling_object_and_collapse/hd795_all__8.npy,falling_object_and_collapse
Pistachio/VAD/vit-features/train/anomaly/industrial_anomaly_less/falling_object_and_collapse/hd795_all__9.npy,falling_object_and_collapse
Pistachio/VAD/vit-features/train/anomaly/industrial_anomaly_less/falling_object_and_collapse/hd796_all__0.npy,falling_object_and_collapse
Pistachio/VAD/vit-features/train/anomaly/industrial_anomaly_less/falling_object_and_collapse/hd796_all__1.npy,falling_object_and_collapse
Pistachio/VAD/vit-features/train/anomaly/industrial_anomaly_less/falling_object_and_collapse/hd796_all__2.npy,falling_object_and_collapse
Pistachio/VAD/vit-features/train/anomaly/industrial_anomaly_less/falling_object_and_collapse/hd796_all__3.npy,falling_object_and_collapse
Pistachio/VAD/vit-features/train/anomaly/industrial_anomaly_less/falling_object_and_collapse/hd796_all__4.npy,falling_object_and_collapse
Pistachio/VAD/vit-features/train/anomaly/industrial_anomaly_less/falling_object_and_collapse/hd796_all__5.npy,falling_object_and_collapse
Pistachio/VAD/vit-features/train/anomaly/industrial_anomaly_less/falling_object_and_collapse/hd796_all__6.npy,falling_object_and_collapse
Pistachio/VAD/vit-features/train/anomaly/industrial_anomaly_less/falling_object_and_collapse/hd796_all__7.npy,falling_object_and_collapse
Pistachio/VAD/vit-features/train/anomaly/industrial_anomaly_less/falling_object_and_collapse/hd796_all__8.npy,falling_object_and_collapse
Pistachio/VAD/vit-features/train/anomaly/industrial_anomaly_less/falling_object_and_collapse/hd796_all__9.npy,falling_object_and_collapse
Pistachio/VAD/vit-features/train/anomaly/industrial_anomaly_less/falling_object_and_collapse/hd798_all__0.npy,falling_object_and_collapse
Pistachio/VAD/vit-features/train/anomaly/industrial_anomaly_less/falling_object_and_collapse/hd798_all__1.npy,falling_object_and_collapse
Pistachio/VAD/vit-features/train/anomaly/industrial_anomaly_less/falling_object_and_collapse/hd798_all__2.npy,falling_object_and_collapse
Pistachio/VAD/vit-features/train/anomaly/industrial_anomaly_less/falling_object_and_collapse/hd798_all__3.npy,falling_object_and_collapse
Pistachio/VAD/vit-features/train/anomaly/industrial_anomaly_less/falling_object_and_collapse/hd798_all__4.npy,falling_object_and_collapse
Pistachio/VAD/vit-features/train/anomaly/industrial_anomaly_less/falling_object_and_collapse/hd798_all__5.npy,falling_object_and_collapse
Pistachio/VAD/vit-features/train/anomaly/industrial_anomaly_less/falling_object_and_collapse/hd798_all__6.npy,falling_object_and_collapse
Pistachio/VAD/vit-features/train/anomaly/industrial_anomaly_less/falling_object_and_collapse/hd798_all__7.npy,falling_object_and_collapse
Pistachio/VAD/vit-features/train/anomaly/industrial_anomaly_less/falling_object_and_collapse/hd798_all__8.npy,falling_object_and_collapse
Pistachio/VAD/vit-features/train/anomaly/industrial_anomaly_less/falling_object_and_collapse/hd798_all__9.npy,falling_object_and_collapse
Pistachio/VAD/vit-features/train/anomaly/industrial_anomaly_less/falling_object_and_collapse/hd806_all__0.npy,falling_object_and_collapse
Pistachio/VAD/vit-features/train/anomaly/industrial_anomaly_less/falling_object_and_collapse/hd806_all__1.npy,falling_object_and_collapse
Pistachio/VAD/vit-features/train/anomaly/industrial_anomaly_less/falling_object_and_collapse/hd806_all__2.npy,falling_object_and_collapse
Pistachio/VAD/vit-features/train/anomaly/industrial_anomaly_less/falling_object_and_collapse/hd806_all__3.npy,falling_object_and_collapse
Pistachio/VAD/vit-features/train/anomaly/industrial_anomaly_less/falling_object_and_collapse/hd806_all__4.npy,falling_object_and_collapse
Pistachio/VAD/vit-features/train/anomaly/industrial_anomaly_less/falling_object_and_collapse/hd806_all__5.npy,falling_object_and_collapse
Pistachio/VAD/vit-features/train/anomaly/industrial_anomaly_less/falling_object_and_collapse/hd806_all__6.npy,falling_object_and_collapse
Pistachio/VAD/vit-features/train/anomaly/industrial_anomaly_less/falling_object_and_collapse/hd806_all__7.npy,falling_object_and_collapse
Pistachio/VAD/vit-features/train/anomaly/industrial_anomaly_less/falling_object_and_collapse/hd806_all__8.npy,falling_object_and_collapse
Pistachio/VAD/vit-features/train/anomaly/industrial_anomaly_less/falling_object_and_collapse/hd806_all__9.npy,falling_object_and_collapse
Pistachio/VAD/vit-features/train/anomaly/industrial_anomaly_less/fire/hd244_all__0.npy,fire
Pistachio/VAD/vit-features/train/anomaly/industrial_anomaly_less/fire/hd244_all__1.npy,fire
Pistachio/VAD/vit-features/train/anomaly/industrial_anomaly_less/fire/hd244_all__2.npy,fire
Pistachio/VAD/vit-features/train/anomaly/industrial_anomaly_less/fire/hd244_all__3.npy,fire
Pistachio/VAD/vit-features/train/anomaly/industrial_anomaly_less/fire/hd244_all__4.npy,fire
Pistachio/VAD/vit-features/train/anomaly/industrial_anomaly_less/fire/hd244_all__5.npy,fire
Pistachio/VAD/vit-features/train/anomaly/industrial_anomaly_less/fire/hd244_all__6.npy,fire
Pistachio/VAD/vit-features/train/anomaly/industrial_anomaly_less/fire/hd244_all__7.npy,fire
Pistachio/VAD/vit-features/train/anomaly/industrial_anomaly_less/fire/hd244_all__8.npy,fire
Pistachio/VAD/vit-features/train/anomaly/industrial_anomaly_less/fire/hd244_all__9.npy,fire
Pistachio/VAD/vit-features/train/anomaly/industrial_anomaly_less/fire/hd686_all__0.npy,fire
Pistachio/VAD/vit-features/train/anomaly/industrial_anomaly_less/fire/hd686_all__1.npy,fire
Pistachio/VAD/vit-features/train/anomaly/industrial_anomaly_less/fire/hd686_all__2.npy,fire
Pistachio/VAD/vit-features/train/anomaly/industrial_anomaly_less/fire/hd686_all__3.npy,fire
Pistachio/VAD/vit-features/train/anomaly/industrial_anomaly_less/fire/hd686_all__4.npy,fire
Pistachio/VAD/vit-features/train/anomaly/industrial_anomaly_less/fire/hd686_all__5.npy,fire
Pistachio/VAD/vit-features/train/anomaly/industrial_anomaly_less/fire/hd686_all__6.npy,fire
Pistachio/VAD/vit-features/train/anomaly/industrial_anomaly_less/fire/hd686_all__7.npy,fire
Pistachio/VAD/vit-features/train/anomaly/industrial_anomaly_less/fire/hd686_all__8.npy,fire
Pistachio/VAD/vit-features/train/anomaly/industrial_anomaly_less/fire/hd686_all__9.npy,fire
Pistachio/VAD/vit-features/train/anomaly/industrial_anomaly_less/fire/hd687_all__0.npy,fire
Pistachio/VAD/vit-features/train/anomaly/industrial_anomaly_less/fire/hd687_all__1.npy,fire
Pistachio/VAD/vit-features/train/anomaly/industrial_anomaly_less/fire/hd687_all__2.npy,fire
Pistachio/VAD/vit-features/train/anomaly/industrial_anomaly_less/fire/hd687_all__3.npy,fire
Pistachio/VAD/vit-features/train/anomaly/industrial_anomaly_less/fire/hd687_all__4.npy,fire
Pistachio/VAD/vit-features/train/anomaly/industrial_anomaly_less/fire/hd687_all__5.npy,fire
Pistachio/VAD/vit-features/train/anomaly/industrial_anomaly_less/fire/hd687_all__6.npy,fire
Pistachio/VAD/vit-features/train/anomaly/industrial_anomaly_less/fire/hd687_all__7.npy,fire
Pistachio/VAD/vit-features/train/anomaly/industrial_anomaly_less/fire/hd687_all__8.npy,fire
Pistachio/VAD/vit-features/train/anomaly/industrial_anomaly_less/fire/hd687_all__9.npy,fire
Pistachio/VAD/vit-features/train/anomaly/industrial_anomaly_less/fire/hd688_all__0.npy,fire
Pistachio/VAD/vit-features/train/anomaly/industrial_anomaly_less/fire/hd688_all__1.npy,fire
Pistachio/VAD/vit-features/train/anomaly/industrial_anomaly_less/fire/hd688_all__2.npy,fire
Pistachio/VAD/vit-features/train/anomaly/industrial_anomaly_less/fire/hd688_all__3.npy,fire
Pistachio/VAD/vit-features/train/anomaly/industrial_anomaly_less/fire/hd688_all__4.npy,fire
Pistachio/VAD/vit-features/train/anomaly/industrial_anomaly_less/fire/hd688_all__5.npy,fire
Pistachio/VAD/vit-features/train/anomaly/industrial_anomaly_less/fire/hd688_all__6.npy,fire
Pistachio/VAD/vit-features/train/anomaly/industrial_anomaly_less/fire/hd688_all__7.npy,fire
Pistachio/VAD/vit-features/train/anomaly/industrial_anomaly_less/fire/hd688_all__8.npy,fire
Pistachio/VAD/vit-features/train/anomaly/industrial_anomaly_less/fire/hd688_all__9.npy,fire
Pistachio/VAD/vit-features/train/anomaly/industrial_anomaly_less/fire/hd689_all__0.npy,fire
Pistachio/VAD/vit-features/train/anomaly/industrial_anomaly_less/fire/hd689_all__1.npy,fire
Pistachio/VAD/vit-features/train/anomaly/industrial_anomaly_less/fire/hd689_all__2.npy,fire
Pistachio/VAD/vit-features/train/anomaly/industrial_anomaly_less/fire/hd689_all__3.npy,fire
Pistachio/VAD/vit-features/train/anomaly/industrial_anomaly_less/fire/hd689_all__4.npy,fire
Pistachio/VAD/vit-features/train/anomaly/industrial_anomaly_less/fire/hd689_all__5.npy,fire
Pistachio/VAD/vit-features/train/anomaly/industrial_anomaly_less/fire/hd689_all__6.npy,fire
Pistachio/VAD/vit-features/train/anomaly/industrial_anomaly_less/fire/hd689_all__7.npy,fire
Pistachio/VAD/vit-features/train/anomaly/industrial_anomaly_less/fire/hd689_all__8.npy,fire
Pistachio/VAD/vit-features/train/anomaly/industrial_anomaly_less/fire/hd689_all__9.npy,fire
Pistachio/VAD/vit-features/train/anomaly/industrial_anomaly_less/fire/hd690_all__0.npy,fire
Pistachio/VAD/vit-features/train/anomaly/industrial_anomaly_less/fire/hd690_all__1.npy,fire
Pistachio/VAD/vit-features/train/anomaly/industrial_anomaly_less/fire/hd690_all__2.npy,fire
Pistachio/VAD/vit-features/train/anomaly/industrial_anomaly_less/fire/hd690_all__3.npy,fire
Pistachio/VAD/vit-features/train/anomaly/industrial_anomaly_less/fire/hd690_all__4.npy,fire
Pistachio/VAD/vit-features/train/anomaly/industrial_anomaly_less/fire/hd690_all__5.npy,fire
Pistachio/VAD/vit-features/train/anomaly/industrial_anomaly_less/fire/hd690_all__6.npy,fire
Pistachio/VAD/vit-features/train/anomaly/industrial_anomaly_less/fire/hd690_all__7.npy,fire
Pistachio/VAD/vit-features/train/anomaly/industrial_anomaly_less/fire/hd690_all__8.npy,fire
Pistachio/VAD/vit-features/train/anomaly/industrial_anomaly_less/fire/hd690_all__9.npy,fire
Pistachio/VAD/vit-features/train/anomaly/industrial_anomaly_less/fire/hd691_all__0.npy,fire
Pistachio/VAD/vit-features/train/anomaly/industrial_anomaly_less/fire/hd691_all__1.npy,fire
Pistachio/VAD/vit-features/train/anomaly/industrial_anomaly_less/fire/hd691_all__2.npy,fire
Pistachio/VAD/vit-features/train/anomaly/industrial_anomaly_less/fire/hd691_all__3.npy,fire
Pistachio/VAD/vit-features/train/anomaly/industrial_anomaly_less/fire/hd691_all__4.npy,fire
Pistachio/VAD/vit-features/train/anomaly/industrial_anomaly_less/fire/hd691_all__5.npy,fire
Pistachio/VAD/vit-features/train/anomaly/industrial_anomaly_less/fire/hd691_all__6.npy,fire
Pistachio/VAD/vit-features/train/anomaly/industrial_anomaly_less/fire/hd691_all__7.npy,fire
Pistachio/VAD/vit-features/train/anomaly/industrial_anomaly_less/fire/hd691_all__8.npy,fire
Pistachio/VAD/vit-features/train/anomaly/industrial_anomaly_less/fire/hd691_all__9.npy,fire
Pistachio/VAD/vit-features/train/anomaly/industrial_anomaly_less/fire/hd692_all__0.npy,fire
Pistachio/VAD/vit-features/train/anomaly/industrial_anomaly_less/fire/hd692_all__1.npy,fire
Pistachio/VAD/vit-features/train/anomaly/industrial_anomaly_less/fire/hd692_all__2.npy,fire
Pistachio/VAD/vit-features/train/anomaly/industrial_anomaly_less/fire/hd692_all__3.npy,fire
Pistachio/VAD/vit-features/train/anomaly/industrial_anomaly_less/fire/hd692_all__4.npy,fire
Pistachio/VAD/vit-features/train/anomaly/industrial_anomaly_less/fire/hd692_all__5.npy,fire
Pistachio/VAD/vit-features/train/anomaly/industrial_anomaly_less/fire/hd692_all__6.npy,fire
Pistachio/VAD/vit-features/train/anomaly/industrial_anomaly_less/fire/hd692_all__7.npy,fire
Pistachio/VAD/vit-features/train/anomaly/industrial_anomaly_less/fire/hd692_all__8.npy,fire
Pistachio/VAD/vit-features/train/anomaly/industrial_anomaly_less/fire/hd692_all__9.npy,fire
Pistachio/VAD/vit-features/train/anomaly/industrial_anomaly_less/fire/hd695_all__0.npy,fire
Pistachio/VAD/vit-features/train/anomaly/industrial_anomaly_less/fire/hd695_all__1.npy,fire
Pistachio/VAD/vit-features/train/anomaly/industrial_anomaly_less/fire/hd695_all__2.npy,fire
Pistachio/VAD/vit-features/train/anomaly/industrial_anomaly_less/fire/hd695_all__3.npy,fire
Pistachio/VAD/vit-features/train/anomaly/industrial_anomaly_less/fire/hd695_all__4.npy,fire
Pistachio/VAD/vit-features/train/anomaly/industrial_anomaly_less/fire/hd695_all__5.npy,fire
Pistachio/VAD/vit-features/train/anomaly/industrial_anomaly_less/fire/hd695_all__6.npy,fire
Pistachio/VAD/vit-features/train/anomaly/industrial_anomaly_less/fire/hd695_all__7.npy,fire
Pistachio/VAD/vit-features/train/anomaly/industrial_anomaly_less/fire/hd695_all__8.npy,fire
Pistachio/VAD/vit-features/train/anomaly/industrial_anomaly_less/fire/hd695_all__9.npy,fire
Pistachio/VAD/vit-features/train/anomaly/industrial_anomaly_less/fire/hd696_all__0.npy,fire
Pistachio/VAD/vit-features/train/anomaly/industrial_anomaly_less/fire/hd696_all__1.npy,fire
Pistachio/VAD/vit-features/train/anomaly/industrial_anomaly_less/fire/hd696_all__2.npy,fire
Pistachio/VAD/vit-features/train/anomaly/industrial_anomaly_less/fire/hd696_all__3.npy,fire
Pistachio/VAD/vit-features/train/anomaly/industrial_anomaly_less/fire/hd696_all__4.npy,fire
Pistachio/VAD/vit-features/train/anomaly/industrial_anomaly_less/fire/hd696_all__5.npy,fire
Pistachio/VAD/vit-features/train/anomaly/industrial_anomaly_less/fire/hd696_all__6.npy,fire
Pistachio/VAD/vit-features/train/anomaly/industrial_anomaly_less/fire/hd696_all__7.npy,fire
Pistachio/VAD/vit-features/train/anomaly/industrial_anomaly_less/fire/hd696_all__8.npy,fire
Pistachio/VAD/vit-features/train/anomaly/industrial_anomaly_less/fire/hd696_all__9.npy,fire
Pistachio/VAD/vit-features/train/anomaly/industrial_anomaly_less/fire/hd697_all__0.npy,fire
Pistachio/VAD/vit-features/train/anomaly/industrial_anomaly_less/fire/hd697_all__1.npy,fire
Pistachio/VAD/vit-features/train/anomaly/industrial_anomaly_less/fire/hd697_all__2.npy,fire
Pistachio/VAD/vit-features/train/anomaly/industrial_anomaly_less/fire/hd697_all__3.npy,fire
Pistachio/VAD/vit-features/train/anomaly/industrial_anomaly_less/fire/hd697_all__4.npy,fire
Pistachio/VAD/vit-features/train/anomaly/industrial_anomaly_less/fire/hd697_all__5.npy,fire
Pistachio/VAD/vit-features/train/anomaly/industrial_anomaly_less/fire/hd697_all__6.npy,fire
Pistachio/VAD/vit-features/train/anomaly/industrial_anomaly_less/fire/hd697_all__7.npy,fire
Pistachio/VAD/vit-features/train/anomaly/industrial_anomaly_less/fire/hd697_all__8.npy,fire
Pistachio/VAD/vit-features/train/anomaly/industrial_anomaly_less/fire/hd697_all__9.npy,fire
Pistachio/VAD/vit-features/train/anomaly/industrial_anomaly_less/fire/hd698_all__0.npy,fire
Pistachio/VAD/vit-features/train/anomaly/industrial_anomaly_less/fire/hd698_all__1.npy,fire
Pistachio/VAD/vit-features/train/anomaly/industrial_anomaly_less/fire/hd698_all__2.npy,fire
Pistachio/VAD/vit-features/train/anomaly/industrial_anomaly_less/fire/hd698_all__3.npy,fire
Pistachio/VAD/vit-features/train/anomaly/industrial_anomaly_less/fire/hd698_all__4.npy,fire
Pistachio/VAD/vit-features/train/anomaly/industrial_anomaly_less/fire/hd698_all__5.npy,fire
Pistachio/VAD/vit-features/train/anomaly/industrial_anomaly_less/fire/hd698_all__6.npy,fire
Pistachio/VAD/vit-features/train/anomaly/industrial_anomaly_less/fire/hd698_all__7.npy,fire
Pistachio/VAD/vit-features/train/anomaly/industrial_anomaly_less/fire/hd698_all__8.npy,fire
Pistachio/VAD/vit-features/train/anomaly/industrial_anomaly_less/fire/hd698_all__9.npy,fire
Pistachio/VAD/vit-features/train/anomaly/industrial_anomaly_less/fire/hd700_all__0.npy,fire
Pistachio/VAD/vit-features/train/anomaly/industrial_anomaly_less/fire/hd700_all__1.npy,fire
Pistachio/VAD/vit-features/train/anomaly/industrial_anomaly_less/fire/hd700_all__2.npy,fire
Pistachio/VAD/vit-features/train/anomaly/industrial_anomaly_less/fire/hd700_all__3.npy,fire
Pistachio/VAD/vit-features/train/anomaly/industrial_anomaly_less/fire/hd700_all__4.npy,fire
Pistachio/VAD/vit-features/train/anomaly/industrial_anomaly_less/fire/hd700_all__5.npy,fire
Pistachio/VAD/vit-features/train/anomaly/industrial_anomaly_less/fire/hd700_all__6.npy,fire
Pistachio/VAD/vit-features/train/anomaly/industrial_anomaly_less/fire/hd700_all__7.npy,fire
Pistachio/VAD/vit-features/train/anomaly/industrial_anomaly_less/fire/hd700_all__8.npy,fire
Pistachio/VAD/vit-features/train/anomaly/industrial_anomaly_less/fire/hd700_all__9.npy,fire
Pistachio/VAD/vit-features/train/anomaly/industrial_anomaly_less/fire/hd701_all__0.npy,fire
Pistachio/VAD/vit-features/train/anomaly/industrial_anomaly_less/fire/hd701_all__1.npy,fire
Pistachio/VAD/vit-features/train/anomaly/industrial_anomaly_less/fire/hd701_all__2.npy,fire
Pistachio/VAD/vit-features/train/anomaly/industrial_anomaly_less/fire/hd701_all__3.npy,fire
Pistachio/VAD/vit-features/train/anomaly/industrial_anomaly_less/fire/hd701_all__4.npy,fire
Pistachio/VAD/vit-features/train/anomaly/industrial_anomaly_less/fire/hd701_all__5.npy,fire
Pistachio/VAD/vit-features/train/anomaly/industrial_anomaly_less/fire/hd701_all__6.npy,fire
Pistachio/VAD/vit-features/train/anomaly/industrial_anomaly_less/fire/hd701_all__7.npy,fire
Pistachio/VAD/vit-features/train/anomaly/industrial_anomaly_less/fire/hd701_all__8.npy,fire
Pistachio/VAD/vit-features/train/anomaly/industrial_anomaly_less/fire/hd701_all__9.npy,fire
Pistachio/VAD/vit-features/train/anomaly/industrial_anomaly_less/fire/hd702_all__0.npy,fire
Pistachio/VAD/vit-features/train/anomaly/industrial_anomaly_less/fire/hd702_all__1.npy,fire
Pistachio/VAD/vit-features/train/anomaly/industrial_anomaly_less/fire/hd702_all__2.npy,fire
Pistachio/VAD/vit-features/train/anomaly/industrial_anomaly_less/fire/hd702_all__3.npy,fire
Pistachio/VAD/vit-features/train/anomaly/industrial_anomaly_less/fire/hd702_all__4.npy,fire
Pistachio/VAD/vit-features/train/anomaly/industrial_anomaly_less/fire/hd702_all__5.npy,fire
Pistachio/VAD/vit-features/train/anomaly/industrial_anomaly_less/fire/hd702_all__6.npy,fire
Pistachio/VAD/vit-features/train/anomaly/industrial_anomaly_less/fire/hd702_all__7.npy,fire
Pistachio/VAD/vit-features/train/anomaly/industrial_anomaly_less/fire/hd702_all__8.npy,fire
Pistachio/VAD/vit-features/train/anomaly/industrial_anomaly_less/fire/hd702_all__9.npy,fire
Pistachio/VAD/vit-features/train/anomaly/industrial_anomaly_less/fire/hd703_all__0.npy,fire
Pistachio/VAD/vit-features/train/anomaly/industrial_anomaly_less/fire/hd703_all__1.npy,fire
Pistachio/VAD/vit-features/train/anomaly/industrial_anomaly_less/fire/hd703_all__2.npy,fire
Pistachio/VAD/vit-features/train/anomaly/industrial_anomaly_less/fire/hd703_all__3.npy,fire
Pistachio/VAD/vit-features/train/anomaly/industrial_anomaly_less/fire/hd703_all__4.npy,fire
Pistachio/VAD/vit-features/train/anomaly/industrial_anomaly_less/fire/hd703_all__5.npy,fire
Pistachio/VAD/vit-features/train/anomaly/industrial_anomaly_less/fire/hd703_all__6.npy,fire
Pistachio/VAD/vit-features/train/anomaly/industrial_anomaly_less/fire/hd703_all__7.npy,fire
Pistachio/VAD/vit-features/train/anomaly/industrial_anomaly_less/fire/hd703_all__8.npy,fire
Pistachio/VAD/vit-features/train/anomaly/industrial_anomaly_less/fire/hd703_all__9.npy,fire
Pistachio/VAD/vit-features/train/anomaly/industrial_anomaly_less/fire/hd704_all__0.npy,fire
Pistachio/VAD/vit-features/train/anomaly/industrial_anomaly_less/fire/hd704_all__1.npy,fire
Pistachio/VAD/vit-features/train/anomaly/industrial_anomaly_less/fire/hd704_all__2.npy,fire
Pistachio/VAD/vit-features/train/anomaly/industrial_anomaly_less/fire/hd704_all__3.npy,fire
Pistachio/VAD/vit-features/train/anomaly/industrial_anomaly_less/fire/hd704_all__4.npy,fire
Pistachio/VAD/vit-features/train/anomaly/industrial_anomaly_less/fire/hd704_all__5.npy,fire
Pistachio/VAD/vit-features/train/anomaly/industrial_anomaly_less/fire/hd704_all__6.npy,fire
Pistachio/VAD/vit-features/train/anomaly/industrial_anomaly_less/fire/hd704_all__7.npy,fire
Pistachio/VAD/vit-features/train/anomaly/industrial_anomaly_less/fire/hd704_all__8.npy,fire
Pistachio/VAD/vit-features/train/anomaly/industrial_anomaly_less/fire/hd704_all__9.npy,fire
Pistachio/VAD/vit-features/train/anomaly/industrial_anomaly_less/fire/hd706_all__0.npy,fire
Pistachio/VAD/vit-features/train/anomaly/industrial_anomaly_less/fire/hd706_all__1.npy,fire
Pistachio/VAD/vit-features/train/anomaly/industrial_anomaly_less/fire/hd706_all__2.npy,fire
Pistachio/VAD/vit-features/train/anomaly/industrial_anomaly_less/fire/hd706_all__3.npy,fire
Pistachio/VAD/vit-features/train/anomaly/industrial_anomaly_less/fire/hd706_all__4.npy,fire
Pistachio/VAD/vit-features/train/anomaly/industrial_anomaly_less/fire/hd706_all__5.npy,fire
Pistachio/VAD/vit-features/train/anomaly/industrial_anomaly_less/fire/hd706_all__6.npy,fire
Pistachio/VAD/vit-features/train/anomaly/industrial_anomaly_less/fire/hd706_all__7.npy,fire
Pistachio/VAD/vit-features/train/anomaly/industrial_anomaly_less/fire/hd706_all__8.npy,fire
Pistachio/VAD/vit-features/train/anomaly/industrial_anomaly_less/fire/hd706_all__9.npy,fire
Pistachio/VAD/vit-features/train/anomaly/industrial_anomaly_less/fire/hd708_all__0.npy,fire
Pistachio/VAD/vit-features/train/anomaly/industrial_anomaly_less/fire/hd708_all__1.npy,fire
Pistachio/VAD/vit-features/train/anomaly/industrial_anomaly_less/fire/hd708_all__2.npy,fire
Pistachio/VAD/vit-features/train/anomaly/industrial_anomaly_less/fire/hd708_all__3.npy,fire
Pistachio/VAD/vit-features/train/anomaly/industrial_anomaly_less/fire/hd708_all__4.npy,fire
Pistachio/VAD/vit-features/train/anomaly/industrial_anomaly_less/fire/hd708_all__5.npy,fire
Pistachio/VAD/vit-features/train/anomaly/industrial_anomaly_less/fire/hd708_all__6.npy,fire
Pistachio/VAD/vit-features/train/anomaly/industrial_anomaly_less/fire/hd708_all__7.npy,fire
Pistachio/VAD/vit-features/train/anomaly/industrial_anomaly_less/fire/hd708_all__8.npy,fire
Pistachio/VAD/vit-features/train/anomaly/industrial_anomaly_less/fire/hd708_all__9.npy,fire
Pistachio/VAD/vit-features/train/anomaly/industrial_anomaly_less/fire/hd709_all__0.npy,fire
Pistachio/VAD/vit-features/train/anomaly/industrial_anomaly_less/fire/hd709_all__1.npy,fire
Pistachio/VAD/vit-features/train/anomaly/industrial_anomaly_less/fire/hd709_all__2.npy,fire
Pistachio/VAD/vit-features/train/anomaly/industrial_anomaly_less/fire/hd709_all__3.npy,fire
Pistachio/VAD/vit-features/train/anomaly/industrial_anomaly_less/fire/hd709_all__4.npy,fire
Pistachio/VAD/vit-features/train/anomaly/industrial_anomaly_less/fire/hd709_all__5.npy,fire
Pistachio/VAD/vit-features/train/anomaly/industrial_anomaly_less/fire/hd709_all__6.npy,fire
Pistachio/VAD/vit-features/train/anomaly/industrial_anomaly_less/fire/hd709_all__7.npy,fire
Pistachio/VAD/vit-features/train/anomaly/industrial_anomaly_less/fire/hd709_all__8.npy,fire
Pistachio/VAD/vit-features/train/anomaly/industrial_anomaly_less/fire/hd709_all__9.npy,fire
Pistachio/VAD/vit-features/train/anomaly/industrial_anomaly_less/fire/hd710_all__0.npy,fire
Pistachio/VAD/vit-features/train/anomaly/industrial_anomaly_less/fire/hd710_all__1.npy,fire
Pistachio/VAD/vit-features/train/anomaly/industrial_anomaly_less/fire/hd710_all__2.npy,fire
Pistachio/VAD/vit-features/train/anomaly/industrial_anomaly_less/fire/hd710_all__3.npy,fire
Pistachio/VAD/vit-features/train/anomaly/industrial_anomaly_less/fire/hd710_all__4.npy,fire
Pistachio/VAD/vit-features/train/anomaly/industrial_anomaly_less/fire/hd710_all__5.npy,fire
Pistachio/VAD/vit-features/train/anomaly/industrial_anomaly_less/fire/hd710_all__6.npy,fire
Pistachio/VAD/vit-features/train/anomaly/industrial_anomaly_less/fire/hd710_all__7.npy,fire
Pistachio/VAD/vit-features/train/anomaly/industrial_anomaly_less/fire/hd710_all__8.npy,fire
Pistachio/VAD/vit-features/train/anomaly/industrial_anomaly_less/fire/hd710_all__9.npy,fire
Pistachio/VAD/vit-features/train/anomaly/industrial_anomaly_less/ground_collapse/hd720_all__0.npy,ground_collapse
Pistachio/VAD/vit-features/train/anomaly/industrial_anomaly_less/ground_collapse/hd720_all__1.npy,ground_collapse
Pistachio/VAD/vit-features/train/anomaly/industrial_anomaly_less/ground_collapse/hd720_all__2.npy,ground_collapse
Pistachio/VAD/vit-features/train/anomaly/industrial_anomaly_less/ground_collapse/hd720_all__3.npy,ground_collapse
Pistachio/VAD/vit-features/train/anomaly/industrial_anomaly_less/ground_collapse/hd720_all__4.npy,ground_collapse
Pistachio/VAD/vit-features/train/anomaly/industrial_anomaly_less/ground_collapse/hd720_all__5.npy,ground_collapse
Pistachio/VAD/vit-features/train/anomaly/industrial_anomaly_less/ground_collapse/hd720_all__6.npy,ground_collapse
Pistachio/VAD/vit-features/train/anomaly/industrial_anomaly_less/ground_collapse/hd720_all__7.npy,ground_collapse
Pistachio/VAD/vit-features/train/anomaly/industrial_anomaly_less/ground_collapse/hd720_all__8.npy,ground_collapse
Pistachio/VAD/vit-features/train/anomaly/industrial_anomaly_less/ground_collapse/hd720_all__9.npy,ground_collapse
Pistachio/VAD/vit-features/train/anomaly/industrial_anomaly_less/ground_collapse/hd722_all__0.npy,ground_collapse
Pistachio/VAD/vit-features/train/anomaly/industrial_anomaly_less/ground_collapse/hd722_all__1.npy,ground_collapse
Pistachio/VAD/vit-features/train/anomaly/industrial_anomaly_less/ground_collapse/hd722_all__2.npy,ground_collapse
Pistachio/VAD/vit-features/train/anomaly/industrial_anomaly_less/ground_collapse/hd722_all__3.npy,ground_collapse
Pistachio/VAD/vit-features/train/anomaly/industrial_anomaly_less/ground_collapse/hd722_all__4.npy,ground_collapse
Pistachio/VAD/vit-features/train/anomaly/industrial_anomaly_less/ground_collapse/hd722_all__5.npy,ground_collapse
Pistachio/VAD/vit-features/train/anomaly/industrial_anomaly_less/ground_collapse/hd722_all__6.npy,ground_collapse
Pistachio/VAD/vit-features/train/anomaly/industrial_anomaly_less/ground_collapse/hd722_all__7.npy,ground_collapse
Pistachio/VAD/vit-features/train/anomaly/industrial_anomaly_less/ground_collapse/hd722_all__8.npy,ground_collapse
Pistachio/VAD/vit-features/train/anomaly/industrial_anomaly_less/ground_collapse/hd722_all__9.npy,ground_collapse
Pistachio/VAD/vit-features/train/anomaly/industrial_anomaly_less/ground_collapse/hd723_all__0.npy,ground_collapse
Pistachio/VAD/vit-features/train/anomaly/industrial_anomaly_less/ground_collapse/hd723_all__1.npy,ground_collapse
Pistachio/VAD/vit-features/train/anomaly/industrial_anomaly_less/ground_collapse/hd723_all__2.npy,ground_collapse
Pistachio/VAD/vit-features/train/anomaly/industrial_anomaly_less/ground_collapse/hd723_all__3.npy,ground_collapse
Pistachio/VAD/vit-features/train/anomaly/industrial_anomaly_less/ground_collapse/hd723_all__4.npy,ground_collapse
Pistachio/VAD/vit-features/train/anomaly/industrial_anomaly_less/ground_collapse/hd723_all__5.npy,ground_collapse
Pistachio/VAD/vit-features/train/anomaly/industrial_anomaly_less/ground_collapse/hd723_all__6.npy,ground_collapse
Pistachio/VAD/vit-features/train/anomaly/industrial_anomaly_less/ground_collapse/hd723_all__7.npy,ground_collapse
Pistachio/VAD/vit-features/train/anomaly/industrial_anomaly_less/ground_collapse/hd723_all__8.npy,ground_collapse
Pistachio/VAD/vit-features/train/anomaly/industrial_anomaly_less/ground_collapse/hd723_all__9.npy,ground_collapse
Pistachio/VAD/vit-features/train/anomaly/industrial_anomaly_less/ground_collapse/hd724_all__0.npy,ground_collapse
Pistachio/VAD/vit-features/train/anomaly/industrial_anomaly_less/ground_collapse/hd724_all__1.npy,ground_collapse
Pistachio/VAD/vit-features/train/anomaly/industrial_anomaly_less/ground_collapse/hd724_all__2.npy,ground_collapse
Pistachio/VAD/vit-features/train/anomaly/industrial_anomaly_less/ground_collapse/hd724_all__3.npy,ground_collapse
Pistachio/VAD/vit-features/train/anomaly/industrial_anomaly_less/ground_collapse/hd724_all__4.npy,ground_collapse
Pistachio/VAD/vit-features/train/anomaly/industrial_anomaly_less/ground_collapse/hd724_all__5.npy,ground_collapse
Pistachio/VAD/vit-features/train/anomaly/industrial_anomaly_less/ground_collapse/hd724_all__6.npy,ground_collapse
Pistachio/VAD/vit-features/train/anomaly/industrial_anomaly_less/ground_collapse/hd724_all__7.npy,ground_collapse
Pistachio/VAD/vit-features/train/anomaly/industrial_anomaly_less/ground_collapse/hd724_all__8.npy,ground_collapse
Pistachio/VAD/vit-features/train/anomaly/industrial_anomaly_less/ground_collapse/hd724_all__9.npy,ground_collapse
Pistachio/VAD/vit-features/train/anomaly/industrial_anomaly_less/ground_collapse/hd726_all__0.npy,ground_collapse
Pistachio/VAD/vit-features/train/anomaly/industrial_anomaly_less/ground_collapse/hd726_all__1.npy,ground_collapse
Pistachio/VAD/vit-features/train/anomaly/industrial_anomaly_less/ground_collapse/hd726_all__2.npy,ground_collapse
Pistachio/VAD/vit-features/train/anomaly/industrial_anomaly_less/ground_collapse/hd726_all__3.npy,ground_collapse
Pistachio/VAD/vit-features/train/anomaly/industrial_anomaly_less/ground_collapse/hd726_all__4.npy,ground_collapse
Pistachio/VAD/vit-features/train/anomaly/industrial_anomaly_less/ground_collapse/hd726_all__5.npy,ground_collapse
Pistachio/VAD/vit-features/train/anomaly/industrial_anomaly_less/ground_collapse/hd726_all__6.npy,ground_collapse
Pistachio/VAD/vit-features/train/anomaly/industrial_anomaly_less/ground_collapse/hd726_all__7.npy,ground_collapse
Pistachio/VAD/vit-features/train/anomaly/industrial_anomaly_less/ground_collapse/hd726_all__8.npy,ground_collapse
Pistachio/VAD/vit-features/train/anomaly/industrial_anomaly_less/ground_collapse/hd726_all__9.npy,ground_collapse
Pistachio/VAD/vit-features/train/anomaly/industrial_anomaly_less/ground_collapse/hd727_all__0.npy,ground_collapse
Pistachio/VAD/vit-features/train/anomaly/industrial_anomaly_less/ground_collapse/hd727_all__1.npy,ground_collapse
Pistachio/VAD/vit-features/train/anomaly/industrial_anomaly_less/ground_collapse/hd727_all__2.npy,ground_collapse
Pistachio/VAD/vit-features/train/anomaly/industrial_anomaly_less/ground_collapse/hd727_all__3.npy,ground_collapse
Pistachio/VAD/vit-features/train/anomaly/industrial_anomaly_less/ground_collapse/hd727_all__4.npy,ground_collapse
Pistachio/VAD/vit-features/train/anomaly/industrial_anomaly_less/ground_collapse/hd727_all__5.npy,ground_collapse
Pistachio/VAD/vit-features/train/anomaly/industrial_anomaly_less/ground_collapse/hd727_all__6.npy,ground_collapse
Pistachio/VAD/vit-features/train/anomaly/industrial_anomaly_less/ground_collapse/hd727_all__7.npy,ground_collapse
Pistachio/VAD/vit-features/train/anomaly/industrial_anomaly_less/ground_collapse/hd727_all__8.npy,ground_collapse
Pistachio/VAD/vit-features/train/anomaly/industrial_anomaly_less/ground_collapse/hd727_all__9.npy,ground_collapse
Pistachio/VAD/vit-features/train/anomaly/industrial_anomaly_less/ground_collapse/hd728_all__0.npy,ground_collapse
Pistachio/VAD/vit-features/train/anomaly/industrial_anomaly_less/ground_collapse/hd728_all__1.npy,ground_collapse
Pistachio/VAD/vit-features/train/anomaly/industrial_anomaly_less/ground_collapse/hd728_all__2.npy,ground_collapse
Pistachio/VAD/vit-features/train/anomaly/industrial_anomaly_less/ground_collapse/hd728_all__3.npy,ground_collapse
Pistachio/VAD/vit-features/train/anomaly/industrial_anomaly_less/ground_collapse/hd728_all__4.npy,ground_collapse
Pistachio/VAD/vit-features/train/anomaly/industrial_anomaly_less/ground_collapse/hd728_all__5.npy,ground_collapse
Pistachio/VAD/vit-features/train/anomaly/industrial_anomaly_less/ground_collapse/hd728_all__6.npy,ground_collapse
Pistachio/VAD/vit-features/train/anomaly/industrial_anomaly_less/ground_collapse/hd728_all__7.npy,ground_collapse
Pistachio/VAD/vit-features/train/anomaly/industrial_anomaly_less/ground_collapse/hd728_all__8.npy,ground_collapse
Pistachio/VAD/vit-features/train/anomaly/industrial_anomaly_less/ground_collapse/hd728_all__9.npy,ground_collapse
Pistachio/VAD/vit-features/train/anomaly/industrial_anomaly_less/ground_collapse/hd732_all__0.npy,ground_collapse
Pistachio/VAD/vit-features/train/anomaly/industrial_anomaly_less/ground_collapse/hd732_all__1.npy,ground_collapse
Pistachio/VAD/vit-features/train/anomaly/industrial_anomaly_less/ground_collapse/hd732_all__2.npy,ground_collapse
Pistachio/VAD/vit-features/train/anomaly/industrial_anomaly_less/ground_collapse/hd732_all__3.npy,ground_collapse
Pistachio/VAD/vit-features/train/anomaly/industrial_anomaly_less/ground_collapse/hd732_all__4.npy,ground_collapse
Pistachio/VAD/vit-features/train/anomaly/industrial_anomaly_less/ground_collapse/hd732_all__5.npy,ground_collapse
Pistachio/VAD/vit-features/train/anomaly/industrial_anomaly_less/ground_collapse/hd732_all__6.npy,ground_collapse
Pistachio/VAD/vit-features/train/anomaly/industrial_anomaly_less/ground_collapse/hd732_all__7.npy,ground_collapse
Pistachio/VAD/vit-features/train/anomaly/industrial_anomaly_less/ground_collapse/hd732_all__8.npy,ground_collapse
Pistachio/VAD/vit-features/train/anomaly/industrial_anomaly_less/ground_collapse/hd732_all__9.npy,ground_collapse
Pistachio/VAD/vit-features/train/anomaly/industrial_anomaly_less/leakage/hd580_all__0.npy,leakage
Pistachio/VAD/vit-features/train/anomaly/industrial_anomaly_less/leakage/hd580_all__1.npy,leakage
Pistachio/VAD/vit-features/train/anomaly/industrial_anomaly_less/leakage/hd580_all__2.npy,leakage
Pistachio/VAD/vit-features/train/anomaly/industrial_anomaly_less/leakage/hd580_all__3.npy,leakage
Pistachio/VAD/vit-features/train/anomaly/industrial_anomaly_less/leakage/hd580_all__4.npy,leakage
Pistachio/VAD/vit-features/train/anomaly/industrial_anomaly_less/leakage/hd580_all__5.npy,leakage
Pistachio/VAD/vit-features/train/anomaly/industrial_anomaly_less/leakage/hd580_all__6.npy,leakage
Pistachio/VAD/vit-features/train/anomaly/industrial_anomaly_less/leakage/hd580_all__7.npy,leakage
Pistachio/VAD/vit-features/train/anomaly/industrial_anomaly_less/leakage/hd580_all__8.npy,leakage
Pistachio/VAD/vit-features/train/anomaly/industrial_anomaly_less/leakage/hd580_all__9.npy,leakage
Pistachio/VAD/vit-features/train/anomaly/industrial_anomaly_less/medical_emergency/hd015_all__0.npy,medical_emergency
Pistachio/VAD/vit-features/train/anomaly/industrial_anomaly_less/medical_emergency/hd015_all__1.npy,medical_emergency
Pistachio/VAD/vit-features/train/anomaly/industrial_anomaly_less/medical_emergency/hd015_all__2.npy,medical_emergency
Pistachio/VAD/vit-features/train/anomaly/industrial_anomaly_less/medical_emergency/hd015_all__3.npy,medical_emergency
Pistachio/VAD/vit-features/train/anomaly/industrial_anomaly_less/medical_emergency/hd015_all__4.npy,medical_emergency
Pistachio/VAD/vit-features/train/anomaly/industrial_anomaly_less/medical_emergency/hd015_all__5.npy,medical_emergency
Pistachio/VAD/vit-features/train/anomaly/industrial_anomaly_less/medical_emergency/hd015_all__6.npy,medical_emergency
Pistachio/VAD/vit-features/train/anomaly/industrial_anomaly_less/medical_emergency/hd015_all__7.npy,medical_emergency
Pistachio/VAD/vit-features/train/anomaly/industrial_anomaly_less/medical_emergency/hd015_all__8.npy,medical_emergency
Pistachio/VAD/vit-features/train/anomaly/industrial_anomaly_less/medical_emergency/hd015_all__9.npy,medical_emergency
Pistachio/VAD/vit-features/train/anomaly/industrial_anomaly_less/medical_emergency/hd122_all__0.npy,medical_emergency
Pistachio/VAD/vit-features/train/anomaly/industrial_anomaly_less/medical_emergency/hd122_all__1.npy,medical_emergency
Pistachio/VAD/vit-features/train/anomaly/industrial_anomaly_less/medical_emergency/hd122_all__2.npy,medical_emergency
Pistachio/VAD/vit-features/train/anomaly/industrial_anomaly_less/medical_emergency/hd122_all__3.npy,medical_emergency
Pistachio/VAD/vit-features/train/anomaly/industrial_anomaly_less/medical_emergency/hd122_all__4.npy,medical_emergency
Pistachio/VAD/vit-features/train/anomaly/industrial_anomaly_less/medical_emergency/hd122_all__5.npy,medical_emergency
Pistachio/VAD/vit-features/train/anomaly/industrial_anomaly_less/medical_emergency/hd122_all__6.npy,medical_emergency
Pistachio/VAD/vit-features/train/anomaly/industrial_anomaly_less/medical_emergency/hd122_all__7.npy,medical_emergency
Pistachio/VAD/vit-features/train/anomaly/industrial_anomaly_less/medical_emergency/hd122_all__8.npy,medical_emergency
Pistachio/VAD/vit-features/train/anomaly/industrial_anomaly_less/medical_emergency/hd122_all__9.npy,medical_emergency
Pistachio/VAD/vit-features/train/anomaly/industrial_anomaly_less/medical_emergency/hd734_all__0.npy,medical_emergency
Pistachio/VAD/vit-features/train/anomaly/industrial_anomaly_less/medical_emergency/hd734_all__1.npy,medical_emergency
Pistachio/VAD/vit-features/train/anomaly/industrial_anomaly_less/medical_emergency/hd734_all__2.npy,medical_emergency
Pistachio/VAD/vit-features/train/anomaly/industrial_anomaly_less/medical_emergency/hd734_all__3.npy,medical_emergency
Pistachio/VAD/vit-features/train/anomaly/industrial_anomaly_less/medical_emergency/hd734_all__4.npy,medical_emergency
Pistachio/VAD/vit-features/train/anomaly/industrial_anomaly_less/medical_emergency/hd734_all__5.npy,medical_emergency
Pistachio/VAD/vit-features/train/anomaly/industrial_anomaly_less/medical_emergency/hd734_all__6.npy,medical_emergency
Pistachio/VAD/vit-features/train/anomaly/industrial_anomaly_less/medical_emergency/hd734_all__7.npy,medical_emergency
Pistachio/VAD/vit-features/train/anomaly/industrial_anomaly_less/medical_emergency/hd734_all__8.npy,medical_emergency
Pistachio/VAD/vit-features/train/anomaly/industrial_anomaly_less/medical_emergency/hd734_all__9.npy,medical_emergency
Pistachio/VAD/vit-features/train/anomaly/industrial_anomaly_less/medical_emergency/hd735_all__0.npy,medical_emergency
Pistachio/VAD/vit-features/train/anomaly/industrial_anomaly_less/medical_emergency/hd735_all__1.npy,medical_emergency
Pistachio/VAD/vit-features/train/anomaly/industrial_anomaly_less/medical_emergency/hd735_all__2.npy,medical_emergency
Pistachio/VAD/vit-features/train/anomaly/industrial_anomaly_less/medical_emergency/hd735_all__3.npy,medical_emergency
Pistachio/VAD/vit-features/train/anomaly/industrial_anomaly_less/medical_emergency/hd735_all__4.npy,medical_emergency
Pistachio/VAD/vit-features/train/anomaly/industrial_anomaly_less/medical_emergency/hd735_all__5.npy,medical_emergency
Pistachio/VAD/vit-features/train/anomaly/industrial_anomaly_less/medical_emergency/hd735_all__6.npy,medical_emergency
Pistachio/VAD/vit-features/train/anomaly/industrial_anomaly_less/medical_emergency/hd735_all__7.npy,medical_emergency
Pistachio/VAD/vit-features/train/anomaly/industrial_anomaly_less/medical_emergency/hd735_all__8.npy,medical_emergency
Pistachio/VAD/vit-features/train/anomaly/industrial_anomaly_less/medical_emergency/hd735_all__9.npy,medical_emergency
Pistachio/VAD/vit-features/train/anomaly/industrial_anomaly_less/safety_violations/hd907_all__0.npy,safety_violations
Pistachio/VAD/vit-features/train/anomaly/industrial_anomaly_less/safety_violations/hd907_all__1.npy,safety_violations
Pistachio/VAD/vit-features/train/anomaly/industrial_anomaly_less/safety_violations/hd907_all__2.npy,safety_violations
Pistachio/VAD/vit-features/train/anomaly/industrial_anomaly_less/safety_violations/hd907_all__3.npy,safety_violations
Pistachio/VAD/vit-features/train/anomaly/industrial_anomaly_less/safety_violations/hd907_all__4.npy,safety_violations
Pistachio/VAD/vit-features/train/anomaly/industrial_anomaly_less/safety_violations/hd907_all__5.npy,safety_violations
Pistachio/VAD/vit-features/train/anomaly/industrial_anomaly_less/safety_violations/hd907_all__6.npy,safety_violations
Pistachio/VAD/vit-features/train/anomaly/industrial_anomaly_less/safety_violations/hd907_all__7.npy,safety_violations
Pistachio/VAD/vit-features/train/anomaly/industrial_anomaly_less/safety_violations/hd907_all__8.npy,safety_violations
Pistachio/VAD/vit-features/train/anomaly/industrial_anomaly_less/safety_violations/hd907_all__9.npy,safety_violations
Pistachio/VAD/vit-features/train/anomaly/industrial_anomaly_less/safety_violations/hd910_all__0.npy,safety_violations
Pistachio/VAD/vit-features/train/anomaly/industrial_anomaly_less/safety_violations/hd910_all__1.npy,safety_violations
Pistachio/VAD/vit-features/train/anomaly/industrial_anomaly_less/safety_violations/hd910_all__2.npy,safety_violations
Pistachio/VAD/vit-features/train/anomaly/industrial_anomaly_less/safety_violations/hd910_all__3.npy,safety_violations
Pistachio/VAD/vit-features/train/anomaly/industrial_anomaly_less/safety_violations/hd910_all__4.npy,safety_violations
Pistachio/VAD/vit-features/train/anomaly/industrial_anomaly_less/safety_violations/hd910_all__5.npy,safety_violations
Pistachio/VAD/vit-features/train/anomaly/industrial_anomaly_less/safety_violations/hd910_all__6.npy,safety_violations
Pistachio/VAD/vit-features/train/anomaly/industrial_anomaly_less/safety_violations/hd910_all__7.npy,safety_violations
Pistachio/VAD/vit-features/train/anomaly/industrial_anomaly_less/safety_violations/hd910_all__8.npy,safety_violations
Pistachio/VAD/vit-features/train/anomaly/industrial_anomaly_less/safety_violations/hd910_all__9.npy,safety_violations
Pistachio/VAD/vit-features/train/anomaly/industrial_anomaly_less/safety_violations/hd913_all__0.npy,safety_violations
Pistachio/VAD/vit-features/train/anomaly/industrial_anomaly_less/safety_violations/hd913_all__1.npy,safety_violations
Pistachio/VAD/vit-features/train/anomaly/industrial_anomaly_less/safety_violations/hd913_all__2.npy,safety_violations
Pistachio/VAD/vit-features/train/anomaly/industrial_anomaly_less/safety_violations/hd913_all__3.npy,safety_violations
Pistachio/VAD/vit-features/train/anomaly/industrial_anomaly_less/safety_violations/hd913_all__4.npy,safety_violations
Pistachio/VAD/vit-features/train/anomaly/industrial_anomaly_less/safety_violations/hd913_all__5.npy,safety_violations
Pistachio/VAD/vit-features/train/anomaly/industrial_anomaly_less/safety_violations/hd913_all__6.npy,safety_violations
Pistachio/VAD/vit-features/train/anomaly/industrial_anomaly_less/safety_violations/hd913_all__7.npy,safety_violations
Pistachio/VAD/vit-features/train/anomaly/industrial_anomaly_less/safety_violations/hd913_all__8.npy,safety_violations
Pistachio/VAD/vit-features/train/anomaly/industrial_anomaly_less/safety_violations/hd913_all__9.npy,safety_violations
Pistachio/VAD/vit-features/train/anomaly/industrial_anomaly_less/safety_violations/hd917_all__0.npy,safety_violations
Pistachio/VAD/vit-features/train/anomaly/industrial_anomaly_less/safety_violations/hd917_all__1.npy,safety_violations
Pistachio/VAD/vit-features/train/anomaly/industrial_anomaly_less/safety_violations/hd917_all__2.npy,safety_violations
Pistachio/VAD/vit-features/train/anomaly/industrial_anomaly_less/safety_violations/hd917_all__3.npy,safety_violations
Pistachio/VAD/vit-features/train/anomaly/industrial_anomaly_less/safety_violations/hd917_all__4.npy,safety_violations
Pistachio/VAD/vit-features/train/anomaly/industrial_anomaly_less/safety_violations/hd917_all__5.npy,safety_violations
Pistachio/VAD/vit-features/train/anomaly/industrial_anomaly_less/safety_violations/hd917_all__6.npy,safety_violations
Pistachio/VAD/vit-features/train/anomaly/industrial_anomaly_less/safety_violations/hd917_all__7.npy,safety_violations
Pistachio/VAD/vit-features/train/anomaly/industrial_anomaly_less/safety_violations/hd917_all__8.npy,safety_violations
Pistachio/VAD/vit-features/train/anomaly/industrial_anomaly_less/safety_violations/hd917_all__9.npy,safety_violations
Pistachio/VAD/vit-features/train/anomaly/industrial_anomaly_less/slip_and_fall_accident/hd010_all__0.npy,slip_and_fall_accident
Pistachio/VAD/vit-features/train/anomaly/industrial_anomaly_less/slip_and_fall_accident/hd010_all__1.npy,slip_and_fall_accident
Pistachio/VAD/vit-features/train/anomaly/industrial_anomaly_less/slip_and_fall_accident/hd010_all__2.npy,slip_and_fall_accident
Pistachio/VAD/vit-features/train/anomaly/industrial_anomaly_less/slip_and_fall_accident/hd010_all__3.npy,slip_and_fall_accident
Pistachio/VAD/vit-features/train/anomaly/industrial_anomaly_less/slip_and_fall_accident/hd010_all__4.npy,slip_and_fall_accident
Pistachio/VAD/vit-features/train/anomaly/industrial_anomaly_less/slip_and_fall_accident/hd010_all__5.npy,slip_and_fall_accident
Pistachio/VAD/vit-features/train/anomaly/industrial_anomaly_less/slip_and_fall_accident/hd010_all__6.npy,slip_and_fall_accident
Pistachio/VAD/vit-features/train/anomaly/industrial_anomaly_less/slip_and_fall_accident/hd010_all__7.npy,slip_and_fall_accident
Pistachio/VAD/vit-features/train/anomaly/industrial_anomaly_less/slip_and_fall_accident/hd010_all__8.npy,slip_and_fall_accident
Pistachio/VAD/vit-features/train/anomaly/industrial_anomaly_less/slip_and_fall_accident/hd010_all__9.npy,slip_and_fall_accident
Pistachio/VAD/vit-features/train/anomaly/industrial_anomaly_less/slip_and_fall_accident/hd874_all__0.npy,slip_and_fall_accident
Pistachio/VAD/vit-features/train/anomaly/industrial_anomaly_less/slip_and_fall_accident/hd874_all__1.npy,slip_and_fall_accident
Pistachio/VAD/vit-features/train/anomaly/industrial_anomaly_less/slip_and_fall_accident/hd874_all__2.npy,slip_and_fall_accident
Pistachio/VAD/vit-features/train/anomaly/industrial_anomaly_less/slip_and_fall_accident/hd874_all__3.npy,slip_and_fall_accident
Pistachio/VAD/vit-features/train/anomaly/industrial_anomaly_less/slip_and_fall_accident/hd874_all__4.npy,slip_and_fall_accident
Pistachio/VAD/vit-features/train/anomaly/industrial_anomaly_less/slip_and_fall_accident/hd874_all__5.npy,slip_and_fall_accident
Pistachio/VAD/vit-features/train/anomaly/industrial_anomaly_less/slip_and_fall_accident/hd874_all__6.npy,slip_and_fall_accident
Pistachio/VAD/vit-features/train/anomaly/industrial_anomaly_less/slip_and_fall_accident/hd874_all__7.npy,slip_and_fall_accident
Pistachio/VAD/vit-features/train/anomaly/industrial_anomaly_less/slip_and_fall_accident/hd874_all__8.npy,slip_and_fall_accident
Pistachio/VAD/vit-features/train/anomaly/industrial_anomaly_less/slip_and_fall_accident/hd874_all__9.npy,slip_and_fall_accident
Pistachio/VAD/vit-features/train/anomaly/industrial_anomaly_less/traffic_accident/hd120_all__0.npy,traffic_accident
Pistachio/VAD/vit-features/train/anomaly/industrial_anomaly_less/traffic_accident/hd120_all__1.npy,traffic_accident
Pistachio/VAD/vit-features/train/anomaly/industrial_anomaly_less/traffic_accident/hd120_all__2.npy,traffic_accident
Pistachio/VAD/vit-features/train/anomaly/industrial_anomaly_less/traffic_accident/hd120_all__3.npy,traffic_accident
Pistachio/VAD/vit-features/train/anomaly/industrial_anomaly_less/traffic_accident/hd120_all__4.npy,traffic_accident
Pistachio/VAD/vit-features/train/anomaly/industrial_anomaly_less/traffic_accident/hd120_all__5.npy,traffic_accident
Pistachio/VAD/vit-features/train/anomaly/industrial_anomaly_less/traffic_accident/hd120_all__6.npy,traffic_accident
Pistachio/VAD/vit-features/train/anomaly/industrial_anomaly_less/traffic_accident/hd120_all__7.npy,traffic_accident
Pistachio/VAD/vit-features/train/anomaly/industrial_anomaly_less/traffic_accident/hd120_all__8.npy,traffic_accident
Pistachio/VAD/vit-features/train/anomaly/industrial_anomaly_less/traffic_accident/hd120_all__9.npy,traffic_accident
Pistachio/VAD/vit-features/train/anomaly/industrial_anomaly_less/wild_large_animal_intrusion/hd797_all__0.npy,wild_large_animal_intrusion
Pistachio/VAD/vit-features/train/anomaly/industrial_anomaly_less/wild_large_animal_intrusion/hd797_all__1.npy,wild_large_animal_intrusion
Pistachio/VAD/vit-features/train/anomaly/industrial_anomaly_less/wild_large_animal_intrusion/hd797_all__2.npy,wild_large_animal_intrusion
Pistachio/VAD/vit-features/train/anomaly/industrial_anomaly_less/wild_large_animal_intrusion/hd797_all__3.npy,wild_large_animal_intrusion
Pistachio/VAD/vit-features/train/anomaly/industrial_anomaly_less/wild_large_animal_intrusion/hd797_all__4.npy,wild_large_animal_intrusion
Pistachio/VAD/vit-features/train/anomaly/industrial_anomaly_less/wild_large_animal_intrusion/hd797_all__5.npy,wild_large_animal_intrusion
Pistachio/VAD/vit-features/train/anomaly/industrial_anomaly_less/wild_large_animal_intrusion/hd797_all__6.npy,wild_large_animal_intrusion
Pistachio/VAD/vit-features/train/anomaly/industrial_anomaly_less/wild_large_animal_intrusion/hd797_all__7.npy,wild_large_animal_intrusion
Pistachio/VAD/vit-features/train/anomaly/industrial_anomaly_less/wild_large_animal_intrusion/hd797_all__8.npy,wild_large_animal_intrusion
Pistachio/VAD/vit-features/train/anomaly/industrial_anomaly_less/wild_large_animal_intrusion/hd797_all__9.npy,wild_large_animal_intrusion
Pistachio/VAD/vit-features/train/anomaly/industrial_anomaly_less/wild_large_animal_intrusion/hd800_all__0.npy,wild_large_animal_intrusion
Pistachio/VAD/vit-features/train/anomaly/industrial_anomaly_less/wild_large_animal_intrusion/hd800_all__1.npy,wild_large_animal_intrusion
Pistachio/VAD/vit-features/train/anomaly/industrial_anomaly_less/wild_large_animal_intrusion/hd800_all__2.npy,wild_large_animal_intrusion
Pistachio/VAD/vit-features/train/anomaly/industrial_anomaly_less/wild_large_animal_intrusion/hd800_all__3.npy,wild_large_animal_intrusion
Pistachio/VAD/vit-features/train/anomaly/industrial_anomaly_less/wild_large_animal_intrusion/hd800_all__4.npy,wild_large_animal_intrusion
Pistachio/VAD/vit-features/train/anomaly/industrial_anomaly_less/wild_large_animal_intrusion/hd800_all__5.npy,wild_large_animal_intrusion
Pistachio/VAD/vit-features/train/anomaly/industrial_anomaly_less/wild_large_animal_intrusion/hd800_all__6.npy,wild_large_animal_intrusion
Pistachio/VAD/vit-features/train/anomaly/industrial_anomaly_less/wild_large_animal_intrusion/hd800_all__7.npy,wild_large_animal_intrusion
Pistachio/VAD/vit-features/train/anomaly/industrial_anomaly_less/wild_large_animal_intrusion/hd800_all__8.npy,wild_large_animal_intrusion
Pistachio/VAD/vit-features/train/anomaly/industrial_anomaly_less/wild_large_animal_intrusion/hd800_all__9.npy,wild_large_animal_intrusion
Pistachio/VAD/vit-features/train/anomaly/industrial_anomaly_less/wild_large_animal_intrusion/hd808_all__0.npy,wild_large_animal_intrusion
Pistachio/VAD/vit-features/train/anomaly/industrial_anomaly_less/wild_large_animal_intrusion/hd808_all__1.npy,wild_large_animal_intrusion
Pistachio/VAD/vit-features/train/anomaly/industrial_anomaly_less/wild_large_animal_intrusion/hd808_all__2.npy,wild_large_animal_intrusion
Pistachio/VAD/vit-features/train/anomaly/industrial_anomaly_less/wild_large_animal_intrusion/hd808_all__3.npy,wild_large_animal_intrusion
Pistachio/VAD/vit-features/train/anomaly/industrial_anomaly_less/wild_large_animal_intrusion/hd808_all__4.npy,wild_large_animal_intrusion
Pistachio/VAD/vit-features/train/anomaly/industrial_anomaly_less/wild_large_animal_intrusion/hd808_all__5.npy,wild_large_animal_intrusion
Pistachio/VAD/vit-features/train/anomaly/industrial_anomaly_less/wild_large_animal_intrusion/hd808_all__6.npy,wild_large_animal_intrusion
Pistachio/VAD/vit-features/train/anomaly/industrial_anomaly_less/wild_large_animal_intrusion/hd808_all__7.npy,wild_large_animal_intrusion
Pistachio/VAD/vit-features/train/anomaly/industrial_anomaly_less/wild_large_animal_intrusion/hd808_all__8.npy,wild_large_animal_intrusion
Pistachio/VAD/vit-features/train/anomaly/industrial_anomaly_less/wild_large_animal_intrusion/hd808_all__9.npy,wild_large_animal_intrusion
Pistachio/VAD/vit-features/train/anomaly/industrial_anomaly_less/wild_large_animal_intrusion/hd809_all__0.npy,wild_large_animal_intrusion
Pistachio/VAD/vit-features/train/anomaly/industrial_anomaly_less/wild_large_animal_intrusion/hd809_all__1.npy,wild_large_animal_intrusion
Pistachio/VAD/vit-features/train/anomaly/industrial_anomaly_less/wild_large_animal_intrusion/hd809_all__2.npy,wild_large_animal_intrusion
Pistachio/VAD/vit-features/train/anomaly/industrial_anomaly_less/wild_large_animal_intrusion/hd809_all__3.npy,wild_large_animal_intrusion
Pistachio/VAD/vit-features/train/anomaly/industrial_anomaly_less/wild_large_animal_intrusion/hd809_all__4.npy,wild_large_animal_intrusion
Pistachio/VAD/vit-features/train/anomaly/industrial_anomaly_less/wild_large_animal_intrusion/hd809_all__5.npy,wild_large_animal_intrusion
Pistachio/VAD/vit-features/train/anomaly/industrial_anomaly_less/wild_large_animal_intrusion/hd809_all__6.npy,wild_large_animal_intrusion
Pistachio/VAD/vit-features/train/anomaly/industrial_anomaly_less/wild_large_animal_intrusion/hd809_all__7.npy,wild_large_animal_intrusion
Pistachio/VAD/vit-features/train/anomaly/industrial_anomaly_less/wild_large_animal_intrusion/hd809_all__8.npy,wild_large_animal_intrusion
Pistachio/VAD/vit-features/train/anomaly/industrial_anomaly_less/wild_large_animal_intrusion/hd809_all__9.npy,wild_large_animal_intrusion
Pistachio/VAD/vit-features/train/anomaly/industrial_anomaly_less/wild_large_animal_intrusion/hd817_all__0.npy,wild_large_animal_intrusion
Pistachio/VAD/vit-features/train/anomaly/industrial_anomaly_less/wild_large_animal_intrusion/hd817_all__1.npy,wild_large_animal_intrusion
Pistachio/VAD/vit-features/train/anomaly/industrial_anomaly_less/wild_large_animal_intrusion/hd817_all__2.npy,wild_large_animal_intrusion
Pistachio/VAD/vit-features/train/anomaly/industrial_anomaly_less/wild_large_animal_intrusion/hd817_all__3.npy,wild_large_animal_intrusion
Pistachio/VAD/vit-features/train/anomaly/industrial_anomaly_less/wild_large_animal_intrusion/hd817_all__4.npy,wild_large_animal_intrusion
Pistachio/VAD/vit-features/train/anomaly/industrial_anomaly_less/wild_large_animal_intrusion/hd817_all__5.npy,wild_large_animal_intrusion
Pistachio/VAD/vit-features/train/anomaly/industrial_anomaly_less/wild_large_animal_intrusion/hd817_all__6.npy,wild_large_animal_intrusion
Pistachio/VAD/vit-features/train/anomaly/industrial_anomaly_less/wild_large_animal_intrusion/hd817_all__7.npy,wild_large_animal_intrusion
Pistachio/VAD/vit-features/train/anomaly/industrial_anomaly_less/wild_large_animal_intrusion/hd817_all__8.npy,wild_large_animal_intrusion
Pistachio/VAD/vit-features/train/anomaly/industrial_anomaly_less/wild_large_animal_intrusion/hd817_all__9.npy,wild_large_animal_intrusion
Pistachio/VAD/vit-features/train/anomaly/industrial_anomaly_less/wild_large_animal_intrusion/hd820_all__0.npy,wild_large_animal_intrusion
Pistachio/VAD/vit-features/train/anomaly/industrial_anomaly_less/wild_large_animal_intrusion/hd820_all__1.npy,wild_large_animal_intrusion
Pistachio/VAD/vit-features/train/anomaly/industrial_anomaly_less/wild_large_animal_intrusion/hd820_all__2.npy,wild_large_animal_intrusion
Pistachio/VAD/vit-features/train/anomaly/industrial_anomaly_less/wild_large_animal_intrusion/hd820_all__3.npy,wild_large_animal_intrusion
Pistachio/VAD/vit-features/train/anomaly/industrial_anomaly_less/wild_large_animal_intrusion/hd820_all__4.npy,wild_large_animal_intrusion
Pistachio/VAD/vit-features/train/anomaly/industrial_anomaly_less/wild_large_animal_intrusion/hd820_all__5.npy,wild_large_animal_intrusion
Pistachio/VAD/vit-features/train/anomaly/industrial_anomaly_less/wild_large_animal_intrusion/hd820_all__6.npy,wild_large_animal_intrusion
Pistachio/VAD/vit-features/train/anomaly/industrial_anomaly_less/wild_large_animal_intrusion/hd820_all__7.npy,wild_large_animal_intrusion
Pistachio/VAD/vit-features/train/anomaly/industrial_anomaly_less/wild_large_animal_intrusion/hd820_all__8.npy,wild_large_animal_intrusion
Pistachio/VAD/vit-features/train/anomaly/industrial_anomaly_less/wild_large_animal_intrusion/hd820_all__9.npy,wild_large_animal_intrusion
Pistachio/VAD/vit-features/train/anomaly/industrial_anomaly_more/equipment_breakdown/000000012035_all__0.npy,equipment_breakdown
Pistachio/VAD/vit-features/train/anomaly/industrial_anomaly_more/equipment_breakdown/000000012035_all__1.npy,equipment_breakdown
Pistachio/VAD/vit-features/train/anomaly/industrial_anomaly_more/equipment_breakdown/000000012035_all__2.npy,equipment_breakdown
Pistachio/VAD/vit-features/train/anomaly/industrial_anomaly_more/equipment_breakdown/000000012035_all__3.npy,equipment_breakdown
Pistachio/VAD/vit-features/train/anomaly/industrial_anomaly_more/equipment_breakdown/000000012035_all__4.npy,equipment_breakdown
Pistachio/VAD/vit-features/train/anomaly/industrial_anomaly_more/equipment_breakdown/000000012035_all__5.npy,equipment_breakdown
Pistachio/VAD/vit-features/train/anomaly/industrial_anomaly_more/equipment_breakdown/000000012035_all__6.npy,equipment_breakdown
Pistachio/VAD/vit-features/train/anomaly/industrial_anomaly_more/equipment_breakdown/000000012035_all__7.npy,equipment_breakdown
Pistachio/VAD/vit-features/train/anomaly/industrial_anomaly_more/equipment_breakdown/000000012035_all__8.npy,equipment_breakdown
Pistachio/VAD/vit-features/train/anomaly/industrial_anomaly_more/equipment_breakdown/000000012035_all__9.npy,equipment_breakdown
Pistachio/VAD/vit-features/train/anomaly/industrial_anomaly_more/equipment_breakdown/000000271995_all__0.npy,equipment_breakdown
Pistachio/VAD/vit-features/train/anomaly/industrial_anomaly_more/equipment_breakdown/000000271995_all__1.npy,equipment_breakdown
Pistachio/VAD/vit-features/train/anomaly/industrial_anomaly_more/equipment_breakdown/000000271995_all__2.npy,equipment_breakdown
Pistachio/VAD/vit-features/train/anomaly/industrial_anomaly_more/equipment_breakdown/000000271995_all__3.npy,equipment_breakdown
Pistachio/VAD/vit-features/train/anomaly/industrial_anomaly_more/equipment_breakdown/000000271995_all__4.npy,equipment_breakdown
Pistachio/VAD/vit-features/train/anomaly/industrial_anomaly_more/equipment_breakdown/000000271995_all__5.npy,equipment_breakdown
Pistachio/VAD/vit-features/train/anomaly/industrial_anomaly_more/equipment_breakdown/000000271995_all__6.npy,equipment_breakdown
Pistachio/VAD/vit-features/train/anomaly/industrial_anomaly_more/equipment_breakdown/000000271995_all__7.npy,equipment_breakdown
Pistachio/VAD/vit-features/train/anomaly/industrial_anomaly_more/equipment_breakdown/000000271995_all__8.npy,equipment_breakdown
Pistachio/VAD/vit-features/train/anomaly/industrial_anomaly_more/equipment_breakdown/000000271995_all__9.npy,equipment_breakdown
Pistachio/VAD/vit-features/train/anomaly/industrial_anomaly_more/equipment_breakdown/000000292261_all__0.npy,equipment_breakdown
Pistachio/VAD/vit-features/train/anomaly/industrial_anomaly_more/equipment_breakdown/000000292261_all__1.npy,equipment_breakdown
Pistachio/VAD/vit-features/train/anomaly/industrial_anomaly_more/equipment_breakdown/000000292261_all__2.npy,equipment_breakdown
Pistachio/VAD/vit-features/train/anomaly/industrial_anomaly_more/equipment_breakdown/000000292261_all__3.npy,equipment_breakdown
Pistachio/VAD/vit-features/train/anomaly/industrial_anomaly_more/equipment_breakdown/000000292261_all__4.npy,equipment_breakdown
Pistachio/VAD/vit-features/train/anomaly/industrial_anomaly_more/equipment_breakdown/000000292261_all__5.npy,equipment_breakdown
Pistachio/VAD/vit-features/train/anomaly/industrial_anomaly_more/equipment_breakdown/000000292261_all__6.npy,equipment_breakdown
Pistachio/VAD/vit-features/train/anomaly/industrial_anomaly_more/equipment_breakdown/000000292261_all__7.npy,equipment_breakdown
Pistachio/VAD/vit-features/train/anomaly/industrial_anomaly_more/equipment_breakdown/000000292261_all__8.npy,equipment_breakdown
Pistachio/VAD/vit-features/train/anomaly/industrial_anomaly_more/equipment_breakdown/000000292261_all__9.npy,equipment_breakdown
Pistachio/VAD/vit-features/train/anomaly/industrial_anomaly_more/equipment_breakdown/000000360272_all__0.npy,equipment_breakdown
Pistachio/VAD/vit-features/train/anomaly/industrial_anomaly_more/equipment_breakdown/000000360272_all__1.npy,equipment_breakdown
Pistachio/VAD/vit-features/train/anomaly/industrial_anomaly_more/equipment_breakdown/000000360272_all__2.npy,equipment_breakdown
Pistachio/VAD/vit-features/train/anomaly/industrial_anomaly_more/equipment_breakdown/000000360272_all__3.npy,equipment_breakdown
Pistachio/VAD/vit-features/train/anomaly/industrial_anomaly_more/equipment_breakdown/000000360272_all__4.npy,equipment_breakdown
Pistachio/VAD/vit-features/train/anomaly/industrial_anomaly_more/equipment_breakdown/000000360272_all__5.npy,equipment_breakdown
Pistachio/VAD/vit-features/train/anomaly/industrial_anomaly_more/equipment_breakdown/000000360272_all__6.npy,equipment_breakdown
Pistachio/VAD/vit-features/train/anomaly/industrial_anomaly_more/equipment_breakdown/000000360272_all__7.npy,equipment_breakdown
Pistachio/VAD/vit-features/train/anomaly/industrial_anomaly_more/equipment_breakdown/000000360272_all__8.npy,equipment_breakdown
Pistachio/VAD/vit-features/train/anomaly/industrial_anomaly_more/equipment_breakdown/000000360272_all__9.npy,equipment_breakdown
Pistachio/VAD/vit-features/train/anomaly/industrial_anomaly_more/equipment_breakdown/000000412192_all__0.npy,equipment_breakdown
Pistachio/VAD/vit-features/train/anomaly/industrial_anomaly_more/equipment_breakdown/000000412192_all__1.npy,equipment_breakdown
Pistachio/VAD/vit-features/train/anomaly/industrial_anomaly_more/equipment_breakdown/000000412192_all__2.npy,equipment_breakdown
Pistachio/VAD/vit-features/train/anomaly/industrial_anomaly_more/equipment_breakdown/000000412192_all__3.npy,equipment_breakdown
Pistachio/VAD/vit-features/train/anomaly/industrial_anomaly_more/equipment_breakdown/000000412192_all__4.npy,equipment_breakdown
Pistachio/VAD/vit-features/train/anomaly/industrial_anomaly_more/equipment_breakdown/000000412192_all__5.npy,equipment_breakdown
Pistachio/VAD/vit-features/train/anomaly/industrial_anomaly_more/equipment_breakdown/000000412192_all__6.npy,equipment_breakdown
Pistachio/VAD/vit-features/train/anomaly/industrial_anomaly_more/equipment_breakdown/000000412192_all__7.npy,equipment_breakdown
Pistachio/VAD/vit-features/train/anomaly/industrial_anomaly_more/equipment_breakdown/000000412192_all__8.npy,equipment_breakdown
Pistachio/VAD/vit-features/train/anomaly/industrial_anomaly_more/equipment_breakdown/000000412192_all__9.npy,equipment_breakdown
Pistachio/VAD/vit-features/train/anomaly/industrial_anomaly_more/explosion/000000077636_all__0.npy,explosion
Pistachio/VAD/vit-features/train/anomaly/industrial_anomaly_more/explosion/000000077636_all__1.npy,explosion
Pistachio/VAD/vit-features/train/anomaly/industrial_anomaly_more/explosion/000000077636_all__2.npy,explosion
Pistachio/VAD/vit-features/train/anomaly/industrial_anomaly_more/explosion/000000077636_all__3.npy,explosion
Pistachio/VAD/vit-features/train/anomaly/industrial_anomaly_more/explosion/000000077636_all__4.npy,explosion
Pistachio/VAD/vit-features/train/anomaly/industrial_anomaly_more/explosion/000000077636_all__5.npy,explosion
Pistachio/VAD/vit-features/train/anomaly/industrial_anomaly_more/explosion/000000077636_all__6.npy,explosion
Pistachio/VAD/vit-features/train/anomaly/industrial_anomaly_more/explosion/000000077636_all__7.npy,explosion
Pistachio/VAD/vit-features/train/anomaly/industrial_anomaly_more/explosion/000000077636_all__8.npy,explosion
Pistachio/VAD/vit-features/train/anomaly/industrial_anomaly_more/explosion/000000077636_all__9.npy,explosion
Pistachio/VAD/vit-features/train/anomaly/industrial_anomaly_more/explosion/000000408793_all__0.npy,explosion
Pistachio/VAD/vit-features/train/anomaly/industrial_anomaly_more/explosion/000000408793_all__1.npy,explosion
Pistachio/VAD/vit-features/train/anomaly/industrial_anomaly_more/explosion/000000408793_all__2.npy,explosion
Pistachio/VAD/vit-features/train/anomaly/industrial_anomaly_more/explosion/000000408793_all__3.npy,explosion
Pistachio/VAD/vit-features/train/anomaly/industrial_anomaly_more/explosion/000000408793_all__4.npy,explosion
Pistachio/VAD/vit-features/train/anomaly/industrial_anomaly_more/explosion/000000408793_all__5.npy,explosion
Pistachio/VAD/vit-features/train/anomaly/industrial_anomaly_more/explosion/000000408793_all__6.npy,explosion
Pistachio/VAD/vit-features/train/anomaly/industrial_anomaly_more/explosion/000000408793_all__7.npy,explosion
Pistachio/VAD/vit-features/train/anomaly/industrial_anomaly_more/explosion/000000408793_all__8.npy,explosion
Pistachio/VAD/vit-features/train/anomaly/industrial_anomaly_more/explosion/000000408793_all__9.npy,explosion
Pistachio/VAD/vit-features/train/anomaly/industrial_anomaly_more/explosion/000000509894_all__0.npy,explosion
Pistachio/VAD/vit-features/train/anomaly/industrial_anomaly_more/explosion/000000509894_all__1.npy,explosion
Pistachio/VAD/vit-features/train/anomaly/industrial_anomaly_more/explosion/000000509894_all__2.npy,explosion
Pistachio/VAD/vit-features/train/anomaly/industrial_anomaly_more/explosion/000000509894_all__3.npy,explosion
Pistachio/VAD/vit-features/train/anomaly/industrial_anomaly_more/explosion/000000509894_all__4.npy,explosion
Pistachio/VAD/vit-features/train/anomaly/industrial_anomaly_more/explosion/000000509894_all__5.npy,explosion
Pistachio/VAD/vit-features/train/anomaly/industrial_anomaly_more/explosion/000000509894_all__6.npy,explosion
Pistachio/VAD/vit-features/train/anomaly/industrial_anomaly_more/explosion/000000509894_all__7.npy,explosion
Pistachio/VAD/vit-features/train/anomaly/industrial_anomaly_more/explosion/000000509894_all__8.npy,explosion
Pistachio/VAD/vit-features/train/anomaly/industrial_anomaly_more/explosion/000000509894_all__9.npy,explosion
Pistachio/VAD/vit-features/train/anomaly/industrial_anomaly_more/extreme_weather_events/000000086028_all__0.npy,extreme_weather_events
Pistachio/VAD/vit-features/train/anomaly/industrial_anomaly_more/extreme_weather_events/000000086028_all__1.npy,extreme_weather_events
Pistachio/VAD/vit-features/train/anomaly/industrial_anomaly_more/extreme_weather_events/000000086028_all__2.npy,extreme_weather_events
Pistachio/VAD/vit-features/train/anomaly/industrial_anomaly_more/extreme_weather_events/000000086028_all__3.npy,extreme_weather_events
Pistachio/VAD/vit-features/train/anomaly/industrial_anomaly_more/extreme_weather_events/000000086028_all__4.npy,extreme_weather_events
Pistachio/VAD/vit-features/train/anomaly/industrial_anomaly_more/extreme_weather_events/000000086028_all__5.npy,extreme_weather_events
Pistachio/VAD/vit-features/train/anomaly/industrial_anomaly_more/extreme_weather_events/000000086028_all__6.npy,extreme_weather_events
Pistachio/VAD/vit-features/train/anomaly/industrial_anomaly_more/extreme_weather_events/000000086028_all__7.npy,extreme_weather_events
Pistachio/VAD/vit-features/train/anomaly/industrial_anomaly_more/extreme_weather_events/000000086028_all__8.npy,extreme_weather_events
Pistachio/VAD/vit-features/train/anomaly/industrial_anomaly_more/extreme_weather_events/000000086028_all__9.npy,extreme_weather_events
Pistachio/VAD/vit-features/train/anomaly/industrial_anomaly_more/extreme_weather_events/000000495968_all__0.npy,extreme_weather_events
Pistachio/VAD/vit-features/train/anomaly/industrial_anomaly_more/extreme_weather_events/000000495968_all__1.npy,extreme_weather_events
Pistachio/VAD/vit-features/train/anomaly/industrial_anomaly_more/extreme_weather_events/000000495968_all__2.npy,extreme_weather_events
Pistachio/VAD/vit-features/train/anomaly/industrial_anomaly_more/extreme_weather_events/000000495968_all__3.npy,extreme_weather_events
Pistachio/VAD/vit-features/train/anomaly/industrial_anomaly_more/extreme_weather_events/000000495968_all__4.npy,extreme_weather_events
Pistachio/VAD/vit-features/train/anomaly/industrial_anomaly_more/extreme_weather_events/000000495968_all__5.npy,extreme_weather_events
Pistachio/VAD/vit-features/train/anomaly/industrial_anomaly_more/extreme_weather_events/000000495968_all__6.npy,extreme_weather_events
Pistachio/VAD/vit-features/train/anomaly/industrial_anomaly_more/extreme_weather_events/000000495968_all__7.npy,extreme_weather_events
Pistachio/VAD/vit-features/train/anomaly/industrial_anomaly_more/extreme_weather_events/000000495968_all__8.npy,extreme_weather_events
Pistachio/VAD/vit-features/train/anomaly/industrial_anomaly_more/extreme_weather_events/000000495968_all__9.npy,extreme_weather_events
Pistachio/VAD/vit-features/train/anomaly/industrial_anomaly_more/falling_object_and_collapse/000000111540_all__0.npy,falling_object_and_collapse
Pistachio/VAD/vit-features/train/anomaly/industrial_anomaly_more/falling_object_and_collapse/000000111540_all__1.npy,falling_object_and_collapse
Pistachio/VAD/vit-features/train/anomaly/industrial_anomaly_more/falling_object_and_collapse/000000111540_all__2.npy,falling_object_and_collapse
Pistachio/VAD/vit-features/train/anomaly/industrial_anomaly_more/falling_object_and_collapse/000000111540_all__3.npy,falling_object_and_collapse
Pistachio/VAD/vit-features/train/anomaly/industrial_anomaly_more/falling_object_and_collapse/000000111540_all__4.npy,falling_object_and_collapse
Pistachio/VAD/vit-features/train/anomaly/industrial_anomaly_more/falling_object_and_collapse/000000111540_all__5.npy,falling_object_and_collapse
Pistachio/VAD/vit-features/train/anomaly/industrial_anomaly_more/falling_object_and_collapse/000000111540_all__6.npy,falling_object_and_collapse
Pistachio/VAD/vit-features/train/anomaly/industrial_anomaly_more/falling_object_and_collapse/000000111540_all__7.npy,falling_object_and_collapse
Pistachio/VAD/vit-features/train/anomaly/industrial_anomaly_more/falling_object_and_collapse/000000111540_all__8.npy,falling_object_and_collapse
Pistachio/VAD/vit-features/train/anomaly/industrial_anomaly_more/falling_object_and_collapse/000000111540_all__9.npy,falling_object_and_collapse
Pistachio/VAD/vit-features/train/anomaly/industrial_anomaly_more/falling_object_and_collapse/000000133177_all__0.npy,falling_object_and_collapse
Pistachio/VAD/vit-features/train/anomaly/industrial_anomaly_more/falling_object_and_collapse/000000133177_all__1.npy,falling_object_and_collapse
Pistachio/VAD/vit-features/train/anomaly/industrial_anomaly_more/falling_object_and_collapse/000000133177_all__2.npy,falling_object_and_collapse
Pistachio/VAD/vit-features/train/anomaly/industrial_anomaly_more/falling_object_and_collapse/000000133177_all__3.npy,falling_object_and_collapse
Pistachio/VAD/vit-features/train/anomaly/industrial_anomaly_more/falling_object_and_collapse/000000133177_all__4.npy,falling_object_and_collapse
Pistachio/VAD/vit-features/train/anomaly/industrial_anomaly_more/falling_object_and_collapse/000000133177_all__5.npy,falling_object_and_collapse
Pistachio/VAD/vit-features/train/anomaly/industrial_anomaly_more/falling_object_and_collapse/000000133177_all__6.npy,falling_object_and_collapse
Pistachio/VAD/vit-features/train/anomaly/industrial_anomaly_more/falling_object_and_collapse/000000133177_all__7.npy,falling_object_and_collapse
Pistachio/VAD/vit-features/train/anomaly/industrial_anomaly_more/falling_object_and_collapse/000000133177_all__8.npy,falling_object_and_collapse
Pistachio/VAD/vit-features/train/anomaly/industrial_anomaly_more/falling_object_and_collapse/000000133177_all__9.npy,falling_object_and_collapse
Pistachio/VAD/vit-features/train/anomaly/industrial_anomaly_more/falling_object_and_collapse/000000203971_all__0.npy,falling_object_and_collapse
Pistachio/VAD/vit-features/train/anomaly/industrial_anomaly_more/falling_object_and_collapse/000000203971_all__1.npy,falling_object_and_collapse
Pistachio/VAD/vit-features/train/anomaly/industrial_anomaly_more/falling_object_and_collapse/000000203971_all__2.npy,falling_object_and_collapse
Pistachio/VAD/vit-features/train/anomaly/industrial_anomaly_more/falling_object_and_collapse/000000203971_all__3.npy,falling_object_and_collapse
Pistachio/VAD/vit-features/train/anomaly/industrial_anomaly_more/falling_object_and_collapse/000000203971_all__4.npy,falling_object_and_collapse
Pistachio/VAD/vit-features/train/anomaly/industrial_anomaly_more/falling_object_and_collapse/000000203971_all__5.npy,falling_object_and_collapse
Pistachio/VAD/vit-features/train/anomaly/industrial_anomaly_more/falling_object_and_collapse/000000203971_all__6.npy,falling_object_and_collapse
Pistachio/VAD/vit-features/train/anomaly/industrial_anomaly_more/falling_object_and_collapse/000000203971_all__7.npy,falling_object_and_collapse
Pistachio/VAD/vit-features/train/anomaly/industrial_anomaly_more/falling_object_and_collapse/000000203971_all__8.npy,falling_object_and_collapse
Pistachio/VAD/vit-features/train/anomaly/industrial_anomaly_more/falling_object_and_collapse/000000203971_all__9.npy,falling_object_and_collapse
Pistachio/VAD/vit-features/train/anomaly/industrial_anomaly_more/falling_object_and_collapse/000000252663_all__0.npy,falling_object_and_collapse
Pistachio/VAD/vit-features/train/anomaly/industrial_anomaly_more/falling_object_and_collapse/000000252663_all__1.npy,falling_object_and_collapse
Pistachio/VAD/vit-features/train/anomaly/industrial_anomaly_more/falling_object_and_collapse/000000252663_all__2.npy,falling_object_and_collapse
Pistachio/VAD/vit-features/train/anomaly/industrial_anomaly_more/falling_object_and_collapse/000000252663_all__3.npy,falling_object_and_collapse
Pistachio/VAD/vit-features/train/anomaly/industrial_anomaly_more/falling_object_and_collapse/000000252663_all__4.npy,falling_object_and_collapse
Pistachio/VAD/vit-features/train/anomaly/industrial_anomaly_more/falling_object_and_collapse/000000252663_all__5.npy,falling_object_and_collapse
Pistachio/VAD/vit-features/train/anomaly/industrial_anomaly_more/falling_object_and_collapse/000000252663_all__6.npy,falling_object_and_collapse
Pistachio/VAD/vit-features/train/anomaly/industrial_anomaly_more/falling_object_and_collapse/000000252663_all__7.npy,falling_object_and_collapse
Pistachio/VAD/vit-features/train/anomaly/industrial_anomaly_more/falling_object_and_collapse/000000252663_all__8.npy,falling_object_and_collapse
Pistachio/VAD/vit-features/train/anomaly/industrial_anomaly_more/falling_object_and_collapse/000000252663_all__9.npy,falling_object_and_collapse
Pistachio/VAD/vit-features/train/anomaly/industrial_anomaly_more/falling_object_and_collapse/000000298785_all__0.npy,falling_object_and_collapse
Pistachio/VAD/vit-features/train/anomaly/industrial_anomaly_more/falling_object_and_collapse/000000298785_all__1.npy,falling_object_and_collapse
Pistachio/VAD/vit-features/train/anomaly/industrial_anomaly_more/falling_object_and_collapse/000000298785_all__2.npy,falling_object_and_collapse
Pistachio/VAD/vit-features/train/anomaly/industrial_anomaly_more/falling_object_and_collapse/000000298785_all__3.npy,falling_object_and_collapse
Pistachio/VAD/vit-features/train/anomaly/industrial_anomaly_more/falling_object_and_collapse/000000298785_all__4.npy,falling_object_and_collapse
Pistachio/VAD/vit-features/train/anomaly/industrial_anomaly_more/falling_object_and_collapse/000000298785_all__5.npy,falling_object_and_collapse
Pistachio/VAD/vit-features/train/anomaly/industrial_anomaly_more/falling_object_and_collapse/000000298785_all__6.npy,falling_object_and_collapse
Pistachio/VAD/vit-features/train/anomaly/industrial_anomaly_more/falling_object_and_collapse/000000298785_all__7.npy,falling_object_and_collapse
Pistachio/VAD/vit-features/train/anomaly/industrial_anomaly_more/falling_object_and_collapse/000000298785_all__8.npy,falling_object_and_collapse
Pistachio/VAD/vit-features/train/anomaly/industrial_anomaly_more/falling_object_and_collapse/000000298785_all__9.npy,falling_object_and_collapse
Pistachio/VAD/vit-features/train/anomaly/industrial_anomaly_more/falling_object_and_collapse/000000377247_all__0.npy,falling_object_and_collapse
Pistachio/VAD/vit-features/train/anomaly/industrial_anomaly_more/falling_object_and_collapse/000000377247_all__1.npy,falling_object_and_collapse
Pistachio/VAD/vit-features/train/anomaly/industrial_anomaly_more/falling_object_and_collapse/000000377247_all__2.npy,falling_object_and_collapse
Pistachio/VAD/vit-features/train/anomaly/industrial_anomaly_more/falling_object_and_collapse/000000377247_all__3.npy,falling_object_and_collapse
Pistachio/VAD/vit-features/train/anomaly/industrial_anomaly_more/falling_object_and_collapse/000000377247_all__4.npy,falling_object_and_collapse
Pistachio/VAD/vit-features/train/anomaly/industrial_anomaly_more/falling_object_and_collapse/000000377247_all__5.npy,falling_object_and_collapse
Pistachio/VAD/vit-features/train/anomaly/industrial_anomaly_more/falling_object_and_collapse/000000377247_all__6.npy,falling_object_and_collapse
Pistachio/VAD/vit-features/train/anomaly/industrial_anomaly_more/falling_object_and_collapse/000000377247_all__7.npy,falling_object_and_collapse
Pistachio/VAD/vit-features/train/anomaly/industrial_anomaly_more/falling_object_and_collapse/000000377247_all__8.npy,falling_object_and_collapse
Pistachio/VAD/vit-features/train/anomaly/industrial_anomaly_more/falling_object_and_collapse/000000377247_all__9.npy,falling_object_and_collapse
Pistachio/VAD/vit-features/train/anomaly/industrial_anomaly_more/falling_object_and_collapse/000000505249_all__0.npy,falling_object_and_collapse
Pistachio/VAD/vit-features/train/anomaly/industrial_anomaly_more/falling_object_and_collapse/000000505249_all__1.npy,falling_object_and_collapse
Pistachio/VAD/vit-features/train/anomaly/industrial_anomaly_more/falling_object_and_collapse/000000505249_all__2.npy,falling_object_and_collapse
Pistachio/VAD/vit-features/train/anomaly/industrial_anomaly_more/falling_object_and_collapse/000000505249_all__3.npy,falling_object_and_collapse
Pistachio/VAD/vit-features/train/anomaly/industrial_anomaly_more/falling_object_and_collapse/000000505249_all__4.npy,falling_object_and_collapse
Pistachio/VAD/vit-features/train/anomaly/industrial_anomaly_more/falling_object_and_collapse/000000505249_all__5.npy,falling_object_and_collapse
Pistachio/VAD/vit-features/train/anomaly/industrial_anomaly_more/falling_object_and_collapse/000000505249_all__6.npy,falling_object_and_collapse
Pistachio/VAD/vit-features/train/anomaly/industrial_anomaly_more/falling_object_and_collapse/000000505249_all__7.npy,falling_object_and_collapse
Pistachio/VAD/vit-features/train/anomaly/industrial_anomaly_more/falling_object_and_collapse/000000505249_all__8.npy,falling_object_and_collapse
Pistachio/VAD/vit-features/train/anomaly/industrial_anomaly_more/falling_object_and_collapse/000000505249_all__9.npy,falling_object_and_collapse
Pistachio/VAD/vit-features/train/anomaly/industrial_anomaly_more/falling_object_and_collapse/000000538101_all__0.npy,falling_object_and_collapse
Pistachio/VAD/vit-features/train/anomaly/industrial_anomaly_more/falling_object_and_collapse/000000538101_all__1.npy,falling_object_and_collapse
Pistachio/VAD/vit-features/train/anomaly/industrial_anomaly_more/falling_object_and_collapse/000000538101_all__2.npy,falling_object_and_collapse
Pistachio/VAD/vit-features/train/anomaly/industrial_anomaly_more/falling_object_and_collapse/000000538101_all__3.npy,falling_object_and_collapse
Pistachio/VAD/vit-features/train/anomaly/industrial_anomaly_more/falling_object_and_collapse/000000538101_all__4.npy,falling_object_and_collapse
Pistachio/VAD/vit-features/train/anomaly/industrial_anomaly_more/falling_object_and_collapse/000000538101_all__5.npy,falling_object_and_collapse
Pistachio/VAD/vit-features/train/anomaly/industrial_anomaly_more/falling_object_and_collapse/000000538101_all__6.npy,falling_object_and_collapse
Pistachio/VAD/vit-features/train/anomaly/industrial_anomaly_more/falling_object_and_collapse/000000538101_all__7.npy,falling_object_and_collapse
Pistachio/VAD/vit-features/train/anomaly/industrial_anomaly_more/falling_object_and_collapse/000000538101_all__8.npy,falling_object_and_collapse
Pistachio/VAD/vit-features/train/anomaly/industrial_anomaly_more/falling_object_and_collapse/000000538101_all__9.npy,falling_object_and_collapse
Pistachio/VAD/vit-features/train/anomaly/industrial_anomaly_more/falling_object_and_collapse/000000577203_all__0.npy,falling_object_and_collapse
Pistachio/VAD/vit-features/train/anomaly/industrial_anomaly_more/falling_object_and_collapse/000000577203_all__1.npy,falling_object_and_collapse
Pistachio/VAD/vit-features/train/anomaly/industrial_anomaly_more/falling_object_and_collapse/000000577203_all__2.npy,falling_object_and_collapse
Pistachio/VAD/vit-features/train/anomaly/industrial_anomaly_more/falling_object_and_collapse/000000577203_all__3.npy,falling_object_and_collapse
Pistachio/VAD/vit-features/train/anomaly/industrial_anomaly_more/falling_object_and_collapse/000000577203_all__4.npy,falling_object_and_collapse
Pistachio/VAD/vit-features/train/anomaly/industrial_anomaly_more/falling_object_and_collapse/000000577203_all__5.npy,falling_object_and_collapse
Pistachio/VAD/vit-features/train/anomaly/industrial_anomaly_more/falling_object_and_collapse/000000577203_all__6.npy,falling_object_and_collapse
Pistachio/VAD/vit-features/train/anomaly/industrial_anomaly_more/falling_object_and_collapse/000000577203_all__7.npy,falling_object_and_collapse
Pistachio/VAD/vit-features/train/anomaly/industrial_anomaly_more/falling_object_and_collapse/000000577203_all__8.npy,falling_object_and_collapse
Pistachio/VAD/vit-features/train/anomaly/industrial_anomaly_more/falling_object_and_collapse/000000577203_all__9.npy,falling_object_and_collapse
Pistachio/VAD/vit-features/train/anomaly/industrial_anomaly_more/falling_object_and_collapse/000000578443_all__0.npy,falling_object_and_collapse
Pistachio/VAD/vit-features/train/anomaly/industrial_anomaly_more/falling_object_and_collapse/000000578443_all__1.npy,falling_object_and_collapse
Pistachio/VAD/vit-features/train/anomaly/industrial_anomaly_more/falling_object_and_collapse/000000578443_all__2.npy,falling_object_and_collapse
Pistachio/VAD/vit-features/train/anomaly/industrial_anomaly_more/falling_object_and_collapse/000000578443_all__3.npy,falling_object_and_collapse
Pistachio/VAD/vit-features/train/anomaly/industrial_anomaly_more/falling_object_and_collapse/000000578443_all__4.npy,falling_object_and_collapse
Pistachio/VAD/vit-features/train/anomaly/industrial_anomaly_more/falling_object_and_collapse/000000578443_all__5.npy,falling_object_and_collapse
Pistachio/VAD/vit-features/train/anomaly/industrial_anomaly_more/falling_object_and_collapse/000000578443_all__6.npy,falling_object_and_collapse
Pistachio/VAD/vit-features/train/anomaly/industrial_anomaly_more/falling_object_and_collapse/000000578443_all__7.npy,falling_object_and_collapse
Pistachio/VAD/vit-features/train/anomaly/industrial_anomaly_more/falling_object_and_collapse/000000578443_all__8.npy,falling_object_and_collapse
Pistachio/VAD/vit-features/train/anomaly/industrial_anomaly_more/falling_object_and_collapse/000000578443_all__9.npy,falling_object_and_collapse
Pistachio/VAD/vit-features/train/anomaly/industrial_anomaly_more/falling_object_and_collapse/000000580299_all__0.npy,falling_object_and_collapse
Pistachio/VAD/vit-features/train/anomaly/industrial_anomaly_more/falling_object_and_collapse/000000580299_all__1.npy,falling_object_and_collapse
Pistachio/VAD/vit-features/train/anomaly/industrial_anomaly_more/falling_object_and_collapse/000000580299_all__2.npy,falling_object_and_collapse
Pistachio/VAD/vit-features/train/anomaly/industrial_anomaly_more/falling_object_and_collapse/000000580299_all__3.npy,falling_object_and_collapse
Pistachio/VAD/vit-features/train/anomaly/industrial_anomaly_more/falling_object_and_collapse/000000580299_all__4.npy,falling_object_and_collapse
Pistachio/VAD/vit-features/train/anomaly/industrial_anomaly_more/falling_object_and_collapse/000000580299_all__5.npy,falling_object_and_collapse
Pistachio/VAD/vit-features/train/anomaly/industrial_anomaly_more/falling_object_and_collapse/000000580299_all__6.npy,falling_object_and_collapse
Pistachio/VAD/vit-features/train/anomaly/industrial_anomaly_more/falling_object_and_collapse/000000580299_all__7.npy,falling_object_and_collapse
Pistachio/VAD/vit-features/train/anomaly/industrial_anomaly_more/falling_object_and_collapse/000000580299_all__8.npy,falling_object_and_collapse
Pistachio/VAD/vit-features/train/anomaly/industrial_anomaly_more/falling_object_and_collapse/000000580299_all__9.npy,falling_object_and_collapse
Pistachio/VAD/vit-features/train/anomaly/industrial_anomaly_more/fire/000000005134_all__0.npy,fire
Pistachio/VAD/vit-features/train/anomaly/industrial_anomaly_more/fire/000000005134_all__1.npy,fire
Pistachio/VAD/vit-features/train/anomaly/industrial_anomaly_more/fire/000000005134_all__2.npy,fire
Pistachio/VAD/vit-features/train/anomaly/industrial_anomaly_more/fire/000000005134_all__3.npy,fire
Pistachio/VAD/vit-features/train/anomaly/industrial_anomaly_more/fire/000000005134_all__4.npy,fire
Pistachio/VAD/vit-features/train/anomaly/industrial_anomaly_more/fire/000000005134_all__5.npy,fire
Pistachio/VAD/vit-features/train/anomaly/industrial_anomaly_more/fire/000000005134_all__6.npy,fire
Pistachio/VAD/vit-features/train/anomaly/industrial_anomaly_more/fire/000000005134_all__7.npy,fire
Pistachio/VAD/vit-features/train/anomaly/industrial_anomaly_more/fire/000000005134_all__8.npy,fire
Pistachio/VAD/vit-features/train/anomaly/industrial_anomaly_more/fire/000000005134_all__9.npy,fire
Pistachio/VAD/vit-features/train/anomaly/industrial_anomaly_more/fire/000000159221_all__0.npy,fire
Pistachio/VAD/vit-features/train/anomaly/industrial_anomaly_more/fire/000000159221_all__1.npy,fire
Pistachio/VAD/vit-features/train/anomaly/industrial_anomaly_more/fire/000000159221_all__2.npy,fire
Pistachio/VAD/vit-features/train/anomaly/industrial_anomaly_more/fire/000000159221_all__3.npy,fire
Pistachio/VAD/vit-features/train/anomaly/industrial_anomaly_more/fire/000000159221_all__4.npy,fire
Pistachio/VAD/vit-features/train/anomaly/industrial_anomaly_more/fire/000000159221_all__5.npy,fire
Pistachio/VAD/vit-features/train/anomaly/industrial_anomaly_more/fire/000000159221_all__6.npy,fire
Pistachio/VAD/vit-features/train/anomaly/industrial_anomaly_more/fire/000000159221_all__7.npy,fire
Pistachio/VAD/vit-features/train/anomaly/industrial_anomaly_more/fire/000000159221_all__8.npy,fire
Pistachio/VAD/vit-features/train/anomaly/industrial_anomaly_more/fire/000000159221_all__9.npy,fire
Pistachio/VAD/vit-features/train/anomaly/industrial_anomaly_more/ground_collapse/000000399381_all__0.npy,ground_collapse
Pistachio/VAD/vit-features/train/anomaly/industrial_anomaly_more/ground_collapse/000000399381_all__1.npy,ground_collapse
Pistachio/VAD/vit-features/train/anomaly/industrial_anomaly_more/ground_collapse/000000399381_all__2.npy,ground_collapse
Pistachio/VAD/vit-features/train/anomaly/industrial_anomaly_more/ground_collapse/000000399381_all__3.npy,ground_collapse
Pistachio/VAD/vit-features/train/anomaly/industrial_anomaly_more/ground_collapse/000000399381_all__4.npy,ground_collapse
Pistachio/VAD/vit-features/train/anomaly/industrial_anomaly_more/ground_collapse/000000399381_all__5.npy,ground_collapse
Pistachio/VAD/vit-features/train/anomaly/industrial_anomaly_more/ground_collapse/000000399381_all__6.npy,ground_collapse
Pistachio/VAD/vit-features/train/anomaly/industrial_anomaly_more/ground_collapse/000000399381_all__7.npy,ground_collapse
Pistachio/VAD/vit-features/train/anomaly/industrial_anomaly_more/ground_collapse/000000399381_all__8.npy,ground_collapse
Pistachio/VAD/vit-features/train/anomaly/industrial_anomaly_more/ground_collapse/000000399381_all__9.npy,ground_collapse
Pistachio/VAD/vit-features/train/anomaly/industrial_anomaly_more/medical_emergency/000000019389_all__0.npy,medical_emergency
Pistachio/VAD/vit-features/train/anomaly/industrial_anomaly_more/medical_emergency/000000019389_all__1.npy,medical_emergency
Pistachio/VAD/vit-features/train/anomaly/industrial_anomaly_more/medical_emergency/000000019389_all__2.npy,medical_emergency
Pistachio/VAD/vit-features/train/anomaly/industrial_anomaly_more/medical_emergency/000000019389_all__3.npy,medical_emergency
Pistachio/VAD/vit-features/train/anomaly/industrial_anomaly_more/medical_emergency/000000019389_all__4.npy,medical_emergency
Pistachio/VAD/vit-features/train/anomaly/industrial_anomaly_more/medical_emergency/000000019389_all__5.npy,medical_emergency
Pistachio/VAD/vit-features/train/anomaly/industrial_anomaly_more/medical_emergency/000000019389_all__6.npy,medical_emergency
Pistachio/VAD/vit-features/train/anomaly/industrial_anomaly_more/medical_emergency/000000019389_all__7.npy,medical_emergency
Pistachio/VAD/vit-features/train/anomaly/industrial_anomaly_more/medical_emergency/000000019389_all__8.npy,medical_emergency
Pistachio/VAD/vit-features/train/anomaly/industrial_anomaly_more/medical_emergency/000000019389_all__9.npy,medical_emergency
Pistachio/VAD/vit-features/train/anomaly/industrial_anomaly_more/safety_violations/000000009152_all__0.npy,safety_violations
Pistachio/VAD/vit-features/train/anomaly/industrial_anomaly_more/safety_violations/000000009152_all__1.npy,safety_violations
Pistachio/VAD/vit-features/train/anomaly/industrial_anomaly_more/safety_violations/000000009152_all__2.npy,safety_violations
Pistachio/VAD/vit-features/train/anomaly/industrial_anomaly_more/safety_violations/000000009152_all__3.npy,safety_violations
Pistachio/VAD/vit-features/train/anomaly/industrial_anomaly_more/safety_violations/000000009152_all__4.npy,safety_violations
Pistachio/VAD/vit-features/train/anomaly/industrial_anomaly_more/safety_violations/000000009152_all__5.npy,safety_violations
Pistachio/VAD/vit-features/train/anomaly/industrial_anomaly_more/safety_violations/000000009152_all__6.npy,safety_violations
Pistachio/VAD/vit-features/train/anomaly/industrial_anomaly_more/safety_violations/000000009152_all__7.npy,safety_violations
Pistachio/VAD/vit-features/train/anomaly/industrial_anomaly_more/safety_violations/000000009152_all__8.npy,safety_violations
Pistachio/VAD/vit-features/train/anomaly/industrial_anomaly_more/safety_violations/000000009152_all__9.npy,safety_violations
Pistachio/VAD/vit-features/train/anomaly/industrial_anomaly_more/safety_violations/000000038700_all__0.npy,safety_violations
Pistachio/VAD/vit-features/train/anomaly/industrial_anomaly_more/safety_violations/000000038700_all__1.npy,safety_violations
Pistachio/VAD/vit-features/train/anomaly/industrial_anomaly_more/safety_violations/000000038700_all__2.npy,safety_violations
Pistachio/VAD/vit-features/train/anomaly/industrial_anomaly_more/safety_violations/000000038700_all__3.npy,safety_violations
Pistachio/VAD/vit-features/train/anomaly/industrial_anomaly_more/safety_violations/000000038700_all__4.npy,safety_violations
Pistachio/VAD/vit-features/train/anomaly/industrial_anomaly_more/safety_violations/000000038700_all__5.npy,safety_violations
Pistachio/VAD/vit-features/train/anomaly/industrial_anomaly_more/safety_violations/000000038700_all__6.npy,safety_violations
Pistachio/VAD/vit-features/train/anomaly/industrial_anomaly_more/safety_violations/000000038700_all__7.npy,safety_violations
Pistachio/VAD/vit-features/train/anomaly/industrial_anomaly_more/safety_violations/000000038700_all__8.npy,safety_violations
Pistachio/VAD/vit-features/train/anomaly/industrial_anomaly_more/safety_violations/000000038700_all__9.npy,safety_violations
Pistachio/VAD/vit-features/train/anomaly/industrial_anomaly_more/safety_violations/000000048404_all__0.npy,safety_violations
Pistachio/VAD/vit-features/train/anomaly/industrial_anomaly_more/safety_violations/000000048404_all__1.npy,safety_violations
Pistachio/VAD/vit-features/train/anomaly/industrial_anomaly_more/safety_violations/000000048404_all__2.npy,safety_violations
Pistachio/VAD/vit-features/train/anomaly/industrial_anomaly_more/safety_violations/000000048404_all__3.npy,safety_violations
Pistachio/VAD/vit-features/train/anomaly/industrial_anomaly_more/safety_violations/000000048404_all__4.npy,safety_violations
Pistachio/VAD/vit-features/train/anomaly/industrial_anomaly_more/safety_violations/000000048404_all__5.npy,safety_violations
Pistachio/VAD/vit-features/train/anomaly/industrial_anomaly_more/safety_violations/000000048404_all__6.npy,safety_violations
Pistachio/VAD/vit-features/train/anomaly/industrial_anomaly_more/safety_violations/000000048404_all__7.npy,safety_violations
Pistachio/VAD/vit-features/train/anomaly/industrial_anomaly_more/safety_violations/000000048404_all__8.npy,safety_violations
Pistachio/VAD/vit-features/train/anomaly/industrial_anomaly_more/safety_violations/000000048404_all__9.npy,safety_violations
Pistachio/VAD/vit-features/train/anomaly/industrial_anomaly_more/safety_violations/000000157080_all__0.npy,safety_violations
Pistachio/VAD/vit-features/train/anomaly/industrial_anomaly_more/safety_violations/000000157080_all__1.npy,safety_violations
Pistachio/VAD/vit-features/train/anomaly/industrial_anomaly_more/safety_violations/000000157080_all__2.npy,safety_violations
Pistachio/VAD/vit-features/train/anomaly/industrial_anomaly_more/safety_violations/000000157080_all__3.npy,safety_violations
Pistachio/VAD/vit-features/train/anomaly/industrial_anomaly_more/safety_violations/000000157080_all__4.npy,safety_violations
Pistachio/VAD/vit-features/train/anomaly/industrial_anomaly_more/safety_violations/000000157080_all__5.npy,safety_violations
Pistachio/VAD/vit-features/train/anomaly/industrial_anomaly_more/safety_violations/000000157080_all__6.npy,safety_violations
Pistachio/VAD/vit-features/train/anomaly/industrial_anomaly_more/safety_violations/000000157080_all__7.npy,safety_violations
Pistachio/VAD/vit-features/train/anomaly/industrial_anomaly_more/safety_violations/000000157080_all__8.npy,safety_violations
Pistachio/VAD/vit-features/train/anomaly/industrial_anomaly_more/safety_violations/000000157080_all__9.npy,safety_violations
Pistachio/VAD/vit-features/train/anomaly/industrial_anomaly_more/safety_violations/000000195040_all__0.npy,safety_violations
Pistachio/VAD/vit-features/train/anomaly/industrial_anomaly_more/safety_violations/000000195040_all__1.npy,safety_violations
Pistachio/VAD/vit-features/train/anomaly/industrial_anomaly_more/safety_violations/000000195040_all__2.npy,safety_violations
Pistachio/VAD/vit-features/train/anomaly/industrial_anomaly_more/safety_violations/000000195040_all__3.npy,safety_violations
Pistachio/VAD/vit-features/train/anomaly/industrial_anomaly_more/safety_violations/000000195040_all__4.npy,safety_violations
Pistachio/VAD/vit-features/train/anomaly/industrial_anomaly_more/safety_violations/000000195040_all__5.npy,safety_violations
Pistachio/VAD/vit-features/train/anomaly/industrial_anomaly_more/safety_violations/000000195040_all__6.npy,safety_violations
Pistachio/VAD/vit-features/train/anomaly/industrial_anomaly_more/safety_violations/000000195040_all__7.npy,safety_violations
Pistachio/VAD/vit-features/train/anomaly/industrial_anomaly_more/safety_violations/000000195040_all__8.npy,safety_violations
Pistachio/VAD/vit-features/train/anomaly/industrial_anomaly_more/safety_violations/000000195040_all__9.npy,safety_violations
Pistachio/VAD/vit-features/train/anomaly/industrial_anomaly_more/slip_and_fall_accident/000000557760_all__0.npy,slip_and_fall_accident
Pistachio/VAD/vit-features/train/anomaly/industrial_anomaly_more/slip_and_fall_accident/000000557760_all__1.npy,slip_and_fall_accident
Pistachio/VAD/vit-features/train/anomaly/industrial_anomaly_more/slip_and_fall_accident/000000557760_all__2.npy,slip_and_fall_accident
Pistachio/VAD/vit-features/train/anomaly/industrial_anomaly_more/slip_and_fall_accident/000000557760_all__3.npy,slip_and_fall_accident
Pistachio/VAD/vit-features/train/anomaly/industrial_anomaly_more/slip_and_fall_accident/000000557760_all__4.npy,slip_and_fall_accident
Pistachio/VAD/vit-features/train/anomaly/industrial_anomaly_more/slip_and_fall_accident/000000557760_all__5.npy,slip_and_fall_accident
Pistachio/VAD/vit-features/train/anomaly/industrial_anomaly_more/slip_and_fall_accident/000000557760_all__6.npy,slip_and_fall_accident
Pistachio/VAD/vit-features/train/anomaly/industrial_anomaly_more/slip_and_fall_accident/000000557760_all__7.npy,slip_and_fall_accident
Pistachio/VAD/vit-features/train/anomaly/industrial_anomaly_more/slip_and_fall_accident/000000557760_all__8.npy,slip_and_fall_accident
Pistachio/VAD/vit-features/train/anomaly/industrial_anomaly_more/slip_and_fall_accident/000000557760_all__9.npy,slip_and_fall_accident
Pistachio/VAD/vit-features/train/anomaly/industrial_anomaly_more/slip_and_fall_accident/000000558446_all__0.npy,slip_and_fall_accident
Pistachio/VAD/vit-features/train/anomaly/industrial_anomaly_more/slip_and_fall_accident/000000558446_all__1.npy,slip_and_fall_accident
Pistachio/VAD/vit-features/train/anomaly/industrial_anomaly_more/slip_and_fall_accident/000000558446_all__2.npy,slip_and_fall_accident
Pistachio/VAD/vit-features/train/anomaly/industrial_anomaly_more/slip_and_fall_accident/000000558446_all__3.npy,slip_and_fall_accident
Pistachio/VAD/vit-features/train/anomaly/industrial_anomaly_more/slip_and_fall_accident/000000558446_all__4.npy,slip_and_fall_accident
Pistachio/VAD/vit-features/train/anomaly/industrial_anomaly_more/slip_and_fall_accident/000000558446_all__5.npy,slip_and_fall_accident
Pistachio/VAD/vit-features/train/anomaly/industrial_anomaly_more/slip_and_fall_accident/000000558446_all__6.npy,slip_and_fall_accident
Pistachio/VAD/vit-features/train/anomaly/industrial_anomaly_more/slip_and_fall_accident/000000558446_all__7.npy,slip_and_fall_accident
Pistachio/VAD/vit-features/train/anomaly/industrial_anomaly_more/slip_and_fall_accident/000000558446_all__8.npy,slip_and_fall_accident
Pistachio/VAD/vit-features/train/anomaly/industrial_anomaly_more/slip_and_fall_accident/000000558446_all__9.npy,slip_and_fall_accident
Pistachio/VAD/vit-features/train/anomaly/industrial_anomaly_more/traffic_accident/000000070141_all__0.npy,traffic_accident
Pistachio/VAD/vit-features/train/anomaly/industrial_anomaly_more/traffic_accident/000000070141_all__1.npy,traffic_accident
Pistachio/VAD/vit-features/train/anomaly/industrial_anomaly_more/traffic_accident/000000070141_all__2.npy,traffic_accident
Pistachio/VAD/vit-features/train/anomaly/industrial_anomaly_more/traffic_accident/000000070141_all__3.npy,traffic_accident
Pistachio/VAD/vit-features/train/anomaly/industrial_anomaly_more/traffic_accident/000000070141_all__4.npy,traffic_accident
Pistachio/VAD/vit-features/train/anomaly/industrial_anomaly_more/traffic_accident/000000070141_all__5.npy,traffic_accident
Pistachio/VAD/vit-features/train/anomaly/industrial_anomaly_more/traffic_accident/000000070141_all__6.npy,traffic_accident
Pistachio/VAD/vit-features/train/anomaly/industrial_anomaly_more/traffic_accident/000000070141_all__7.npy,traffic_accident
Pistachio/VAD/vit-features/train/anomaly/industrial_anomaly_more/traffic_accident/000000070141_all__8.npy,traffic_accident
Pistachio/VAD/vit-features/train/anomaly/industrial_anomaly_more/traffic_accident/000000070141_all__9.npy,traffic_accident
Pistachio/VAD/vit-features/train/anomaly/industrial_anomaly_more/traffic_accident/000000163845_all__0.npy,traffic_accident
Pistachio/VAD/vit-features/train/anomaly/industrial_anomaly_more/traffic_accident/000000163845_all__1.npy,traffic_accident
Pistachio/VAD/vit-features/train/anomaly/industrial_anomaly_more/traffic_accident/000000163845_all__2.npy,traffic_accident
Pistachio/VAD/vit-features/train/anomaly/industrial_anomaly_more/traffic_accident/000000163845_all__3.npy,traffic_accident
Pistachio/VAD/vit-features/train/anomaly/industrial_anomaly_more/traffic_accident/000000163845_all__4.npy,traffic_accident
Pistachio/VAD/vit-features/train/anomaly/industrial_anomaly_more/traffic_accident/000000163845_all__5.npy,traffic_accident
Pistachio/VAD/vit-features/train/anomaly/industrial_anomaly_more/traffic_accident/000000163845_all__6.npy,traffic_accident
Pistachio/VAD/vit-features/train/anomaly/industrial_anomaly_more/traffic_accident/000000163845_all__7.npy,traffic_accident
Pistachio/VAD/vit-features/train/anomaly/industrial_anomaly_more/traffic_accident/000000163845_all__8.npy,traffic_accident
Pistachio/VAD/vit-features/train/anomaly/industrial_anomaly_more/traffic_accident/000000163845_all__9.npy,traffic_accident
Pistachio/VAD/vit-features/train/anomaly/industrial_anomaly_more/traffic_accident/000000240103_all__0.npy,traffic_accident
Pistachio/VAD/vit-features/train/anomaly/industrial_anomaly_more/traffic_accident/000000240103_all__1.npy,traffic_accident
Pistachio/VAD/vit-features/train/anomaly/industrial_anomaly_more/traffic_accident/000000240103_all__2.npy,traffic_accident
Pistachio/VAD/vit-features/train/anomaly/industrial_anomaly_more/traffic_accident/000000240103_all__3.npy,traffic_accident
Pistachio/VAD/vit-features/train/anomaly/industrial_anomaly_more/traffic_accident/000000240103_all__4.npy,traffic_accident
Pistachio/VAD/vit-features/train/anomaly/industrial_anomaly_more/traffic_accident/000000240103_all__5.npy,traffic_accident
Pistachio/VAD/vit-features/train/anomaly/industrial_anomaly_more/traffic_accident/000000240103_all__6.npy,traffic_accident
Pistachio/VAD/vit-features/train/anomaly/industrial_anomaly_more/traffic_accident/000000240103_all__7.npy,traffic_accident
Pistachio/VAD/vit-features/train/anomaly/industrial_anomaly_more/traffic_accident/000000240103_all__8.npy,traffic_accident
Pistachio/VAD/vit-features/train/anomaly/industrial_anomaly_more/traffic_accident/000000240103_all__9.npy,traffic_accident
Pistachio/VAD/vit-features/train/anomaly/industrial_anomaly_more/traffic_accident/000000301907_all__0.npy,traffic_accident
Pistachio/VAD/vit-features/train/anomaly/industrial_anomaly_more/traffic_accident/000000301907_all__1.npy,traffic_accident
Pistachio/VAD/vit-features/train/anomaly/industrial_anomaly_more/traffic_accident/000000301907_all__2.npy,traffic_accident
Pistachio/VAD/vit-features/train/anomaly/industrial_anomaly_more/traffic_accident/000000301907_all__3.npy,traffic_accident
Pistachio/VAD/vit-features/train/anomaly/industrial_anomaly_more/traffic_accident/000000301907_all__4.npy,traffic_accident
Pistachio/VAD/vit-features/train/anomaly/industrial_anomaly_more/traffic_accident/000000301907_all__5.npy,traffic_accident
Pistachio/VAD/vit-features/train/anomaly/industrial_anomaly_more/traffic_accident/000000301907_all__6.npy,traffic_accident
Pistachio/VAD/vit-features/train/anomaly/industrial_anomaly_more/traffic_accident/000000301907_all__7.npy,traffic_accident
Pistachio/VAD/vit-features/train/anomaly/industrial_anomaly_more/traffic_accident/000000301907_all__8.npy,traffic_accident
Pistachio/VAD/vit-features/train/anomaly/industrial_anomaly_more/traffic_accident/000000301907_all__9.npy,traffic_accident
Pistachio/VAD/vit-features/train/anomaly/industrial_anomaly_more/traffic_accident/000000356497_all__0.npy,traffic_accident
Pistachio/VAD/vit-features/train/anomaly/industrial_anomaly_more/traffic_accident/000000356497_all__1.npy,traffic_accident
Pistachio/VAD/vit-features/train/anomaly/industrial_anomaly_more/traffic_accident/000000356497_all__2.npy,traffic_accident
Pistachio/VAD/vit-features/train/anomaly/industrial_anomaly_more/traffic_accident/000000356497_all__3.npy,traffic_accident
Pistachio/VAD/vit-features/train/anomaly/industrial_anomaly_more/traffic_accident/000000356497_all__4.npy,traffic_accident
Pistachio/VAD/vit-features/train/anomaly/industrial_anomaly_more/traffic_accident/000000356497_all__5.npy,traffic_accident
Pistachio/VAD/vit-features/train/anomaly/industrial_anomaly_more/traffic_accident/000000356497_all__6.npy,traffic_accident
Pistachio/VAD/vit-features/train/anomaly/industrial_anomaly_more/traffic_accident/000000356497_all__7.npy,traffic_accident
Pistachio/VAD/vit-features/train/anomaly/industrial_anomaly_more/traffic_accident/000000356497_all__8.npy,traffic_accident
Pistachio/VAD/vit-features/train/anomaly/industrial_anomaly_more/traffic_accident/000000356497_all__9.npy,traffic_accident
Pistachio/VAD/vit-features/train/normal/industrial_normal_less/000000345723_all__0.npy,Normal
Pistachio/VAD/vit-features/train/normal/industrial_normal_less/000000345723_all__1.npy,Normal
Pistachio/VAD/vit-features/train/normal/industrial_normal_less/000000345723_all__2.npy,Normal
Pistachio/VAD/vit-features/train/normal/industrial_normal_less/000000345723_all__3.npy,Normal
Pistachio/VAD/vit-features/train/normal/industrial_normal_less/000000345723_all__4.npy,Normal
Pistachio/VAD/vit-features/train/normal/industrial_normal_less/000000345723_all__5.npy,Normal
Pistachio/VAD/vit-features/train/normal/industrial_normal_less/000000345723_all__6.npy,Normal
Pistachio/VAD/vit-features/train/normal/industrial_normal_less/000000345723_all__7.npy,Normal
Pistachio/VAD/vit-features/train/normal/industrial_normal_less/000000345723_all__8.npy,Normal
Pistachio/VAD/vit-features/train/normal/industrial_normal_less/000000345723_all__9.npy,Normal
Pistachio/VAD/vit-features/train/normal/industrial_normal_less/000000345794_all__0.npy,Normal
Pistachio/VAD/vit-features/train/normal/industrial_normal_less/000000345794_all__1.npy,Normal
Pistachio/VAD/vit-features/train/normal/industrial_normal_less/000000345794_all__2.npy,Normal
Pistachio/VAD/vit-features/train/normal/industrial_normal_less/000000345794_all__3.npy,Normal
Pistachio/VAD/vit-features/train/normal/industrial_normal_less/000000345794_all__4.npy,Normal
Pistachio/VAD/vit-features/train/normal/industrial_normal_less/000000345794_all__5.npy,Normal
Pistachio/VAD/vit-features/train/normal/industrial_normal_less/000000345794_all__6.npy,Normal
Pistachio/VAD/vit-features/train/normal/industrial_normal_less/000000345794_all__7.npy,Normal
Pistachio/VAD/vit-features/train/normal/industrial_normal_less/000000345794_all__8.npy,Normal
Pistachio/VAD/vit-features/train/normal/industrial_normal_less/000000345794_all__9.npy,Normal
Pistachio/VAD/vit-features/train/normal/industrial_normal_less/000000356497_all__0.npy,Normal
Pistachio/VAD/vit-features/train/normal/industrial_normal_less/000000356497_all__1.npy,Normal
Pistachio/VAD/vit-features/train/normal/industrial_normal_less/000000356497_all__2.npy,Normal
Pistachio/VAD/vit-features/train/normal/industrial_normal_less/000000356497_all__3.npy,Normal
Pistachio/VAD/vit-features/train/normal/industrial_normal_less/000000356497_all__4.npy,Normal
Pistachio/VAD/vit-features/train/normal/industrial_normal_less/000000356497_all__5.npy,Normal
Pistachio/VAD/vit-features/train/normal/industrial_normal_less/000000356497_all__6.npy,Normal
Pistachio/VAD/vit-features/train/normal/industrial_normal_less/000000356497_all__7.npy,Normal
Pistachio/VAD/vit-features/train/normal/industrial_normal_less/000000356497_all__8.npy,Normal
Pistachio/VAD/vit-features/train/normal/industrial_normal_less/000000356497_all__9.npy,Normal
Pistachio/VAD/vit-features/train/normal/industrial_normal_less/000000358602_all__0.npy,Normal
Pistachio/VAD/vit-features/train/normal/industrial_normal_less/000000358602_all__1.npy,Normal
Pistachio/VAD/vit-features/train/normal/industrial_normal_less/000000358602_all__2.npy,Normal
Pistachio/VAD/vit-features/train/normal/industrial_normal_less/000000358602_all__3.npy,Normal
Pistachio/VAD/vit-features/train/normal/industrial_normal_less/000000358602_all__4.npy,Normal
Pistachio/VAD/vit-features/train/normal/industrial_normal_less/000000358602_all__5.npy,Normal
Pistachio/VAD/vit-features/train/normal/industrial_normal_less/000000358602_all__6.npy,Normal
Pistachio/VAD/vit-features/train/normal/industrial_normal_less/000000358602_all__7.npy,Normal
Pistachio/VAD/vit-features/train/normal/industrial_normal_less/000000358602_all__8.npy,Normal
Pistachio/VAD/vit-features/train/normal/industrial_normal_less/000000358602_all__9.npy,Normal
Pistachio/VAD/vit-features/train/normal/industrial_normal_less/000000360272_all__0.npy,Normal
Pistachio/VAD/vit-features/train/normal/industrial_normal_less/000000360272_all__1.npy,Normal
Pistachio/VAD/vit-features/train/normal/industrial_normal_less/000000360272_all__2.npy,Normal
Pistachio/VAD/vit-features/train/normal/industrial_normal_less/000000360272_all__3.npy,Normal
Pistachio/VAD/vit-features/train/normal/industrial_normal_less/000000360272_all__4.npy,Normal
Pistachio/VAD/vit-features/train/normal/industrial_normal_less/000000360272_all__5.npy,Normal
Pistachio/VAD/vit-features/train/normal/industrial_normal_less/000000360272_all__6.npy,Normal
Pistachio/VAD/vit-features/train/normal/industrial_normal_less/000000360272_all__7.npy,Normal
Pistachio/VAD/vit-features/train/normal/industrial_normal_less/000000360272_all__8.npy,Normal
Pistachio/VAD/vit-features/train/normal/industrial_normal_less/000000360272_all__9.npy,Normal
Pistachio/VAD/vit-features/train/normal/industrial_normal_less/000000360875_all__0.npy,Normal
Pistachio/VAD/vit-features/train/normal/industrial_normal_less/000000360875_all__1.npy,Normal
Pistachio/VAD/vit-features/train/normal/industrial_normal_less/000000360875_all__2.npy,Normal
Pistachio/VAD/vit-features/train/normal/industrial_normal_less/000000360875_all__3.npy,Normal
Pistachio/VAD/vit-features/train/normal/industrial_normal_less/000000360875_all__4.npy,Normal
Pistachio/VAD/vit-features/train/normal/industrial_normal_less/000000360875_all__5.npy,Normal
Pistachio/VAD/vit-features/train/normal/industrial_normal_less/000000360875_all__6.npy,Normal
Pistachio/VAD/vit-features/train/normal/industrial_normal_less/000000360875_all__7.npy,Normal
Pistachio/VAD/vit-features/train/normal/industrial_normal_less/000000360875_all__8.npy,Normal
Pistachio/VAD/vit-features/train/normal/industrial_normal_less/000000360875_all__9.npy,Normal
Pistachio/VAD/vit-features/train/normal/industrial_normal_less/000000361187_all__0.npy,Normal
Pistachio/VAD/vit-features/train/normal/industrial_normal_less/000000361187_all__1.npy,Normal
Pistachio/VAD/vit-features/train/normal/industrial_normal_less/000000361187_all__2.npy,Normal
Pistachio/VAD/vit-features/train/normal/industrial_normal_less/000000361187_all__3.npy,Normal
Pistachio/VAD/vit-features/train/normal/industrial_normal_less/000000361187_all__4.npy,Normal
Pistachio/VAD/vit-features/train/normal/industrial_normal_less/000000361187_all__5.npy,Normal
Pistachio/VAD/vit-features/train/normal/industrial_normal_less/000000361187_all__6.npy,Normal
Pistachio/VAD/vit-features/train/normal/industrial_normal_less/000000361187_all__7.npy,Normal
Pistachio/VAD/vit-features/train/normal/industrial_normal_less/000000361187_all__8.npy,Normal
Pistachio/VAD/vit-features/train/normal/industrial_normal_less/000000361187_all__9.npy,Normal
Pistachio/VAD/vit-features/train/normal/industrial_normal_less/000000377247_all__0.npy,Normal
Pistachio/VAD/vit-features/train/normal/industrial_normal_less/000000377247_all__1.npy,Normal
Pistachio/VAD/vit-features/train/normal/industrial_normal_less/000000377247_all__2.npy,Normal
Pistachio/VAD/vit-features/train/normal/industrial_normal_less/000000377247_all__3.npy,Normal
Pistachio/VAD/vit-features/train/normal/industrial_normal_less/000000377247_all__4.npy,Normal
Pistachio/VAD/vit-features/train/normal/industrial_normal_less/000000377247_all__5.npy,Normal
Pistachio/VAD/vit-features/train/normal/industrial_normal_less/000000377247_all__6.npy,Normal
Pistachio/VAD/vit-features/train/normal/industrial_normal_less/000000377247_all__7.npy,Normal
Pistachio/VAD/vit-features/train/normal/industrial_normal_less/000000377247_all__8.npy,Normal
Pistachio/VAD/vit-features/train/normal/industrial_normal_less/000000377247_all__9.npy,Normal
Pistachio/VAD/vit-features/train/normal/industrial_normal_less/000000392267_all__0.npy,Normal
Pistachio/VAD/vit-features/train/normal/industrial_normal_less/000000392267_all__1.npy,Normal
Pistachio/VAD/vit-features/train/normal/industrial_normal_less/000000392267_all__2.npy,Normal
Pistachio/VAD/vit-features/train/normal/industrial_normal_less/000000392267_all__3.npy,Normal
Pistachio/VAD/vit-features/train/normal/industrial_normal_less/000000392267_all__4.npy,Normal
Pistachio/VAD/vit-features/train/normal/industrial_normal_less/000000392267_all__5.npy,Normal
Pistachio/VAD/vit-features/train/normal/industrial_normal_less/000000392267_all__6.npy,Normal
Pistachio/VAD/vit-features/train/normal/industrial_normal_less/000000392267_all__7.npy,Normal
Pistachio/VAD/vit-features/train/normal/industrial_normal_less/000000392267_all__8.npy,Normal
Pistachio/VAD/vit-features/train/normal/industrial_normal_less/000000392267_all__9.npy,Normal
Pistachio/VAD/vit-features/train/normal/industrial_normal_less/000000392540_all__0.npy,Normal
Pistachio/VAD/vit-features/train/normal/industrial_normal_less/000000392540_all__1.npy,Normal
Pistachio/VAD/vit-features/train/normal/industrial_normal_less/000000392540_all__2.npy,Normal
Pistachio/VAD/vit-features/train/normal/industrial_normal_less/000000392540_all__3.npy,Normal
Pistachio/VAD/vit-features/train/normal/industrial_normal_less/000000392540_all__4.npy,Normal
Pistachio/VAD/vit-features/train/normal/industrial_normal_less/000000392540_all__5.npy,Normal
Pistachio/VAD/vit-features/train/normal/industrial_normal_less/000000392540_all__6.npy,Normal
Pistachio/VAD/vit-features/train/normal/industrial_normal_less/000000392540_all__7.npy,Normal
Pistachio/VAD/vit-features/train/normal/industrial_normal_less/000000392540_all__8.npy,Normal
Pistachio/VAD/vit-features/train/normal/industrial_normal_less/000000392540_all__9.npy,Normal
Pistachio/VAD/vit-features/train/normal/industrial_normal_less/000000399379_all__0.npy,Normal
Pistachio/VAD/vit-features/train/normal/industrial_normal_less/000000399379_all__1.npy,Normal
Pistachio/VAD/vit-features/train/normal/industrial_normal_less/000000399379_all__2.npy,Normal
Pistachio/VAD/vit-features/train/normal/industrial_normal_less/000000399379_all__3.npy,Normal
Pistachio/VAD/vit-features/train/normal/industrial_normal_less/000000399379_all__4.npy,Normal
Pistachio/VAD/vit-features/train/normal/industrial_normal_less/000000399379_all__5.npy,Normal
Pistachio/VAD/vit-features/train/normal/industrial_normal_less/000000399379_all__6.npy,Normal
Pistachio/VAD/vit-features/train/normal/industrial_normal_less/000000399379_all__7.npy,Normal
Pistachio/VAD/vit-features/train/normal/industrial_normal_less/000000399379_all__8.npy,Normal
Pistachio/VAD/vit-features/train/normal/industrial_normal_less/000000399379_all__9.npy,Normal
Pistachio/VAD/vit-features/train/normal/industrial_normal_less/000000399381_all__0.npy,Normal
Pistachio/VAD/vit-features/train/normal/industrial_normal_less/000000399381_all__1.npy,Normal
Pistachio/VAD/vit-features/train/normal/industrial_normal_less/000000399381_all__2.npy,Normal
Pistachio/VAD/vit-features/train/normal/industrial_normal_less/000000399381_all__3.npy,Normal
Pistachio/VAD/vit-features/train/normal/industrial_normal_less/000000399381_all__4.npy,Normal
Pistachio/VAD/vit-features/train/normal/industrial_normal_less/000000399381_all__5.npy,Normal
Pistachio/VAD/vit-features/train/normal/industrial_normal_less/000000399381_all__6.npy,Normal
Pistachio/VAD/vit-features/train/normal/industrial_normal_less/000000399381_all__7.npy,Normal
Pistachio/VAD/vit-features/train/normal/industrial_normal_less/000000399381_all__8.npy,Normal
Pistachio/VAD/vit-features/train/normal/industrial_normal_less/000000399381_all__9.npy,Normal
Pistachio/VAD/vit-features/train/normal/industrial_normal_less/000000408793_all__0.npy,Normal
Pistachio/VAD/vit-features/train/normal/industrial_normal_less/000000408793_all__1.npy,Normal
Pistachio/VAD/vit-features/train/normal/industrial_normal_less/000000408793_all__2.npy,Normal
Pistachio/VAD/vit-features/train/normal/industrial_normal_less/000000408793_all__3.npy,Normal
Pistachio/VAD/vit-features/train/normal/industrial_normal_less/000000408793_all__4.npy,Normal
Pistachio/VAD/vit-features/train/normal/industrial_normal_less/000000408793_all__5.npy,Normal
Pistachio/VAD/vit-features/train/normal/industrial_normal_less/000000408793_all__6.npy,Normal
Pistachio/VAD/vit-features/train/normal/industrial_normal_less/000000408793_all__7.npy,Normal
Pistachio/VAD/vit-features/train/normal/industrial_normal_less/000000408793_all__8.npy,Normal
Pistachio/VAD/vit-features/train/normal/industrial_normal_less/000000408793_all__9.npy,Normal
Pistachio/VAD/vit-features/train/normal/industrial_normal_less/000000409082_all__0.npy,Normal
Pistachio/VAD/vit-features/train/normal/industrial_normal_less/000000409082_all__1.npy,Normal
Pistachio/VAD/vit-features/train/normal/industrial_normal_less/000000409082_all__2.npy,Normal
Pistachio/VAD/vit-features/train/normal/industrial_normal_less/000000409082_all__3.npy,Normal
Pistachio/VAD/vit-features/train/normal/industrial_normal_less/000000409082_all__4.npy,Normal
Pistachio/VAD/vit-features/train/normal/industrial_normal_less/000000409082_all__5.npy,Normal
Pistachio/VAD/vit-features/train/normal/industrial_normal_less/000000409082_all__6.npy,Normal
Pistachio/VAD/vit-features/train/normal/industrial_normal_less/000000409082_all__7.npy,Normal
Pistachio/VAD/vit-features/train/normal/industrial_normal_less/000000409082_all__8.npy,Normal
Pistachio/VAD/vit-features/train/normal/industrial_normal_less/000000409082_all__9.npy,Normal
Pistachio/VAD/vit-features/train/normal/industrial_normal_less/000000412192_all__0.npy,Normal
Pistachio/VAD/vit-features/train/normal/industrial_normal_less/000000412192_all__1.npy,Normal
Pistachio/VAD/vit-features/train/normal/industrial_normal_less/000000412192_all__2.npy,Normal
Pistachio/VAD/vit-features/train/normal/industrial_normal_less/000000412192_all__3.npy,Normal
Pistachio/VAD/vit-features/train/normal/industrial_normal_less/000000412192_all__4.npy,Normal
Pistachio/VAD/vit-features/train/normal/industrial_normal_less/000000412192_all__5.npy,Normal
Pistachio/VAD/vit-features/train/normal/industrial_normal_less/000000412192_all__6.npy,Normal
Pistachio/VAD/vit-features/train/normal/industrial_normal_less/000000412192_all__7.npy,Normal
Pistachio/VAD/vit-features/train/normal/industrial_normal_less/000000412192_all__8.npy,Normal
Pistachio/VAD/vit-features/train/normal/industrial_normal_less/000000412192_all__9.npy,Normal
Pistachio/VAD/vit-features/train/normal/industrial_normal_less/000000434801_all__0.npy,Normal
Pistachio/VAD/vit-features/train/normal/industrial_normal_less/000000434801_all__1.npy,Normal
Pistachio/VAD/vit-features/train/normal/industrial_normal_less/000000434801_all__2.npy,Normal
Pistachio/VAD/vit-features/train/normal/industrial_normal_less/000000434801_all__3.npy,Normal
Pistachio/VAD/vit-features/train/normal/industrial_normal_less/000000434801_all__4.npy,Normal
Pistachio/VAD/vit-features/train/normal/industrial_normal_less/000000434801_all__5.npy,Normal
Pistachio/VAD/vit-features/train/normal/industrial_normal_less/000000434801_all__6.npy,Normal
Pistachio/VAD/vit-features/train/normal/industrial_normal_less/000000434801_all__7.npy,Normal
Pistachio/VAD/vit-features/train/normal/industrial_normal_less/000000434801_all__8.npy,Normal
Pistachio/VAD/vit-features/train/normal/industrial_normal_less/000000434801_all__9.npy,Normal
Pistachio/VAD/vit-features/train/normal/industrial_normal_less/000000465151_all__0.npy,Normal
Pistachio/VAD/vit-features/train/normal/industrial_normal_less/000000465151_all__1.npy,Normal
Pistachio/VAD/vit-features/train/normal/industrial_normal_less/000000465151_all__2.npy,Normal
Pistachio/VAD/vit-features/train/normal/industrial_normal_less/000000465151_all__3.npy,Normal
Pistachio/VAD/vit-features/train/normal/industrial_normal_less/000000465151_all__4.npy,Normal
Pistachio/VAD/vit-features/train/normal/industrial_normal_less/000000465151_all__5.npy,Normal
Pistachio/VAD/vit-features/train/normal/industrial_normal_less/000000465151_all__6.npy,Normal
Pistachio/VAD/vit-features/train/normal/industrial_normal_less/000000465151_all__7.npy,Normal
Pistachio/VAD/vit-features/train/normal/industrial_normal_less/000000465151_all__8.npy,Normal
Pistachio/VAD/vit-features/train/normal/industrial_normal_less/000000465151_all__9.npy,Normal
Pistachio/VAD/vit-features/train/normal/industrial_normal_less/000000473738_all__0.npy,Normal
Pistachio/VAD/vit-features/train/normal/industrial_normal_less/000000473738_all__1.npy,Normal
Pistachio/VAD/vit-features/train/normal/industrial_normal_less/000000473738_all__2.npy,Normal
Pistachio/VAD/vit-features/train/normal/industrial_normal_less/000000473738_all__3.npy,Normal
Pistachio/VAD/vit-features/train/normal/industrial_normal_less/000000473738_all__4.npy,Normal
Pistachio/VAD/vit-features/train/normal/industrial_normal_less/000000473738_all__5.npy,Normal
Pistachio/VAD/vit-features/train/normal/industrial_normal_less/000000473738_all__6.npy,Normal
Pistachio/VAD/vit-features/train/normal/industrial_normal_less/000000473738_all__7.npy,Normal
Pistachio/VAD/vit-features/train/normal/industrial_normal_less/000000473738_all__8.npy,Normal
Pistachio/VAD/vit-features/train/normal/industrial_normal_less/000000473738_all__9.npy,Normal
Pistachio/VAD/vit-features/train/normal/industrial_normal_less/000000480067_all__0.npy,Normal
Pistachio/VAD/vit-features/train/normal/industrial_normal_less/000000480067_all__1.npy,Normal
Pistachio/VAD/vit-features/train/normal/industrial_normal_less/000000480067_all__2.npy,Normal
Pistachio/VAD/vit-features/train/normal/industrial_normal_less/000000480067_all__3.npy,Normal
Pistachio/VAD/vit-features/train/normal/industrial_normal_less/000000480067_all__4.npy,Normal
Pistachio/VAD/vit-features/train/normal/industrial_normal_less/000000480067_all__5.npy,Normal
Pistachio/VAD/vit-features/train/normal/industrial_normal_less/000000480067_all__6.npy,Normal
Pistachio/VAD/vit-features/train/normal/industrial_normal_less/000000480067_all__7.npy,Normal
Pistachio/VAD/vit-features/train/normal/industrial_normal_less/000000480067_all__8.npy,Normal
Pistachio/VAD/vit-features/train/normal/industrial_normal_less/000000480067_all__9.npy,Normal
Pistachio/VAD/vit-features/train/normal/industrial_normal_less/000000481367_all__0.npy,Normal
Pistachio/VAD/vit-features/train/normal/industrial_normal_less/000000481367_all__1.npy,Normal
Pistachio/VAD/vit-features/train/normal/industrial_normal_less/000000481367_all__2.npy,Normal
Pistachio/VAD/vit-features/train/normal/industrial_normal_less/000000481367_all__3.npy,Normal
Pistachio/VAD/vit-features/train/normal/industrial_normal_less/000000481367_all__4.npy,Normal
Pistachio/VAD/vit-features/train/normal/industrial_normal_less/000000481367_all__5.npy,Normal
Pistachio/VAD/vit-features/train/normal/industrial_normal_less/000000481367_all__6.npy,Normal
Pistachio/VAD/vit-features/train/normal/industrial_normal_less/000000481367_all__7.npy,Normal
Pistachio/VAD/vit-features/train/normal/industrial_normal_less/000000481367_all__8.npy,Normal
Pistachio/VAD/vit-features/train/normal/industrial_normal_less/000000481367_all__9.npy,Normal
Pistachio/VAD/vit-features/train/normal/industrial_normal_less/000000495968_all__0.npy,Normal
Pistachio/VAD/vit-features/train/normal/industrial_normal_less/000000495968_all__1.npy,Normal
Pistachio/VAD/vit-features/train/normal/industrial_normal_less/000000495968_all__2.npy,Normal
Pistachio/VAD/vit-features/train/normal/industrial_normal_less/000000495968_all__3.npy,Normal
Pistachio/VAD/vit-features/train/normal/industrial_normal_less/000000495968_all__4.npy,Normal
Pistachio/VAD/vit-features/train/normal/industrial_normal_less/000000495968_all__5.npy,Normal
Pistachio/VAD/vit-features/train/normal/industrial_normal_less/000000495968_all__6.npy,Normal
Pistachio/VAD/vit-features/train/normal/industrial_normal_less/000000495968_all__7.npy,Normal
Pistachio/VAD/vit-features/train/normal/industrial_normal_less/000000495968_all__8.npy,Normal
Pistachio/VAD/vit-features/train/normal/industrial_normal_less/000000495968_all__9.npy,Normal
Pistachio/VAD/vit-features/train/normal/industrial_normal_less/000000505249_all__0.npy,Normal
Pistachio/VAD/vit-features/train/normal/industrial_normal_less/000000505249_all__1.npy,Normal
Pistachio/VAD/vit-features/train/normal/industrial_normal_less/000000505249_all__2.npy,Normal
Pistachio/VAD/vit-features/train/normal/industrial_normal_less/000000505249_all__3.npy,Normal
Pistachio/VAD/vit-features/train/normal/industrial_normal_less/000000505249_all__4.npy,Normal
Pistachio/VAD/vit-features/train/normal/industrial_normal_less/000000505249_all__5.npy,Normal
Pistachio/VAD/vit-features/train/normal/industrial_normal_less/000000505249_all__6.npy,Normal
Pistachio/VAD/vit-features/train/normal/industrial_normal_less/000000505249_all__7.npy,Normal
Pistachio/VAD/vit-features/train/normal/industrial_normal_less/000000505249_all__8.npy,Normal
Pistachio/VAD/vit-features/train/normal/industrial_normal_less/000000505249_all__9.npy,Normal
Pistachio/VAD/vit-features/train/normal/industrial_normal_less/000000506818_all__0.npy,Normal
Pistachio/VAD/vit-features/train/normal/industrial_normal_less/000000506818_all__1.npy,Normal
Pistachio/VAD/vit-features/train/normal/industrial_normal_less/000000506818_all__2.npy,Normal
Pistachio/VAD/vit-features/train/normal/industrial_normal_less/000000506818_all__3.npy,Normal
Pistachio/VAD/vit-features/train/normal/industrial_normal_less/000000506818_all__4.npy,Normal
Pistachio/VAD/vit-features/train/normal/industrial_normal_less/000000506818_all__5.npy,Normal
Pistachio/VAD/vit-features/train/normal/industrial_normal_less/000000506818_all__6.npy,Normal
Pistachio/VAD/vit-features/train/normal/industrial_normal_less/000000506818_all__7.npy,Normal
Pistachio/VAD/vit-features/train/normal/industrial_normal_less/000000506818_all__8.npy,Normal
Pistachio/VAD/vit-features/train/normal/industrial_normal_less/000000506818_all__9.npy,Normal
Pistachio/VAD/vit-features/train/normal/industrial_normal_less/000000509894_all__0.npy,Normal
Pistachio/VAD/vit-features/train/normal/industrial_normal_less/000000509894_all__1.npy,Normal
Pistachio/VAD/vit-features/train/normal/industrial_normal_less/000000509894_all__2.npy,Normal
Pistachio/VAD/vit-features/train/normal/industrial_normal_less/000000509894_all__3.npy,Normal
Pistachio/VAD/vit-features/train/normal/industrial_normal_less/000000509894_all__4.npy,Normal
Pistachio/VAD/vit-features/train/normal/industrial_normal_less/000000509894_all__5.npy,Normal
Pistachio/VAD/vit-features/train/normal/industrial_normal_less/000000509894_all__6.npy,Normal
Pistachio/VAD/vit-features/train/normal/industrial_normal_less/000000509894_all__7.npy,Normal
Pistachio/VAD/vit-features/train/normal/industrial_normal_less/000000509894_all__8.npy,Normal
Pistachio/VAD/vit-features/train/normal/industrial_normal_less/000000509894_all__9.npy,Normal
Pistachio/VAD/vit-features/train/normal/industrial_normal_less/000000512052_all__0.npy,Normal
Pistachio/VAD/vit-features/train/normal/industrial_normal_less/000000512052_all__1.npy,Normal
Pistachio/VAD/vit-features/train/normal/industrial_normal_less/000000512052_all__2.npy,Normal
Pistachio/VAD/vit-features/train/normal/industrial_normal_less/000000512052_all__3.npy,Normal
Pistachio/VAD/vit-features/train/normal/industrial_normal_less/000000512052_all__4.npy,Normal
Pistachio/VAD/vit-features/train/normal/industrial_normal_less/000000512052_all__5.npy,Normal
Pistachio/VAD/vit-features/train/normal/industrial_normal_less/000000512052_all__6.npy,Normal
Pistachio/VAD/vit-features/train/normal/industrial_normal_less/000000512052_all__7.npy,Normal
Pistachio/VAD/vit-features/train/normal/industrial_normal_less/000000512052_all__8.npy,Normal
Pistachio/VAD/vit-features/train/normal/industrial_normal_less/000000512052_all__9.npy,Normal
Pistachio/VAD/vit-features/train/normal/industrial_normal_less/000000520829_all__0.npy,Normal
Pistachio/VAD/vit-features/train/normal/industrial_normal_less/000000520829_all__1.npy,Normal
Pistachio/VAD/vit-features/train/normal/industrial_normal_less/000000520829_all__2.npy,Normal
Pistachio/VAD/vit-features/train/normal/industrial_normal_less/000000520829_all__3.npy,Normal
Pistachio/VAD/vit-features/train/normal/industrial_normal_less/000000520829_all__4.npy,Normal
Pistachio/VAD/vit-features/train/normal/industrial_normal_less/000000520829_all__5.npy,Normal
Pistachio/VAD/vit-features/train/normal/industrial_normal_less/000000520829_all__6.npy,Normal
Pistachio/VAD/vit-features/train/normal/industrial_normal_less/000000520829_all__7.npy,Normal
Pistachio/VAD/vit-features/train/normal/industrial_normal_less/000000520829_all__8.npy,Normal
Pistachio/VAD/vit-features/train/normal/industrial_normal_less/000000520829_all__9.npy,Normal
Pistachio/VAD/vit-features/train/normal/industrial_normal_less/000000522313_all__0.npy,Normal
Pistachio/VAD/vit-features/train/normal/industrial_normal_less/000000522313_all__1.npy,Normal
Pistachio/VAD/vit-features/train/normal/industrial_normal_less/000000522313_all__2.npy,Normal
Pistachio/VAD/vit-features/train/normal/industrial_normal_less/000000522313_all__3.npy,Normal
Pistachio/VAD/vit-features/train/normal/industrial_normal_less/000000522313_all__4.npy,Normal
Pistachio/VAD/vit-features/train/normal/industrial_normal_less/000000522313_all__5.npy,Normal
Pistachio/VAD/vit-features/train/normal/industrial_normal_less/000000522313_all__6.npy,Normal
Pistachio/VAD/vit-features/train/normal/industrial_normal_less/000000522313_all__7.npy,Normal
Pistachio/VAD/vit-features/train/normal/industrial_normal_less/000000522313_all__8.npy,Normal
Pistachio/VAD/vit-features/train/normal/industrial_normal_less/000000522313_all__9.npy,Normal
Pistachio/VAD/vit-features/train/normal/industrial_normal_less/000000532871_all__0.npy,Normal
Pistachio/VAD/vit-features/train/normal/industrial_normal_less/000000532871_all__1.npy,Normal
Pistachio/VAD/vit-features/train/normal/industrial_normal_less/000000532871_all__2.npy,Normal
Pistachio/VAD/vit-features/train/normal/industrial_normal_less/000000532871_all__3.npy,Normal
Pistachio/VAD/vit-features/train/normal/industrial_normal_less/000000532871_all__4.npy,Normal
Pistachio/VAD/vit-features/train/normal/industrial_normal_less/000000532871_all__5.npy,Normal
Pistachio/VAD/vit-features/train/normal/industrial_normal_less/000000532871_all__6.npy,Normal
Pistachio/VAD/vit-features/train/normal/industrial_normal_less/000000532871_all__7.npy,Normal
Pistachio/VAD/vit-features/train/normal/industrial_normal_less/000000532871_all__8.npy,Normal
Pistachio/VAD/vit-features/train/normal/industrial_normal_less/000000532871_all__9.npy,Normal
Pistachio/VAD/vit-features/train/normal/industrial_normal_less/000000538101_all__0.npy,Normal
Pistachio/VAD/vit-features/train/normal/industrial_normal_less/000000538101_all__1.npy,Normal
Pistachio/VAD/vit-features/train/normal/industrial_normal_less/000000538101_all__2.npy,Normal
Pistachio/VAD/vit-features/train/normal/industrial_normal_less/000000538101_all__3.npy,Normal
Pistachio/VAD/vit-features/train/normal/industrial_normal_less/000000538101_all__4.npy,Normal
Pistachio/VAD/vit-features/train/normal/industrial_normal_less/000000538101_all__5.npy,Normal
Pistachio/VAD/vit-features/train/normal/industrial_normal_less/000000538101_all__6.npy,Normal
Pistachio/VAD/vit-features/train/normal/industrial_normal_less/000000538101_all__7.npy,Normal
Pistachio/VAD/vit-features/train/normal/industrial_normal_less/000000538101_all__8.npy,Normal
Pistachio/VAD/vit-features/train/normal/industrial_normal_less/000000538101_all__9.npy,Normal
Pistachio/VAD/vit-features/train/normal/industrial_normal_less/000000543187_all__0.npy,Normal
Pistachio/VAD/vit-features/train/normal/industrial_normal_less/000000543187_all__1.npy,Normal
Pistachio/VAD/vit-features/train/normal/industrial_normal_less/000000543187_all__2.npy,Normal
Pistachio/VAD/vit-features/train/normal/industrial_normal_less/000000543187_all__3.npy,Normal
Pistachio/VAD/vit-features/train/normal/industrial_normal_less/000000543187_all__4.npy,Normal
Pistachio/VAD/vit-features/train/normal/industrial_normal_less/000000543187_all__5.npy,Normal
Pistachio/VAD/vit-features/train/normal/industrial_normal_less/000000543187_all__6.npy,Normal
Pistachio/VAD/vit-features/train/normal/industrial_normal_less/000000543187_all__7.npy,Normal
Pistachio/VAD/vit-features/train/normal/industrial_normal_less/000000543187_all__8.npy,Normal
Pistachio/VAD/vit-features/train/normal/industrial_normal_less/000000543187_all__9.npy,Normal
Pistachio/VAD/vit-features/train/normal/industrial_normal_less/000000548642_all__0.npy,Normal
Pistachio/VAD/vit-features/train/normal/industrial_normal_less/000000548642_all__1.npy,Normal
Pistachio/VAD/vit-features/train/normal/industrial_normal_less/000000548642_all__2.npy,Normal
Pistachio/VAD/vit-features/train/normal/industrial_normal_less/000000548642_all__3.npy,Normal
Pistachio/VAD/vit-features/train/normal/industrial_normal_less/000000548642_all__4.npy,Normal
Pistachio/VAD/vit-features/train/normal/industrial_normal_less/000000548642_all__5.npy,Normal
Pistachio/VAD/vit-features/train/normal/industrial_normal_less/000000548642_all__6.npy,Normal
Pistachio/VAD/vit-features/train/normal/industrial_normal_less/000000548642_all__7.npy,Normal
Pistachio/VAD/vit-features/train/normal/industrial_normal_less/000000548642_all__8.npy,Normal
Pistachio/VAD/vit-features/train/normal/industrial_normal_less/000000548642_all__9.npy,Normal
Pistachio/VAD/vit-features/train/normal/industrial_normal_less/000000554030_all__0.npy,Normal
Pistachio/VAD/vit-features/train/normal/industrial_normal_less/000000554030_all__1.npy,Normal
Pistachio/VAD/vit-features/train/normal/industrial_normal_less/000000554030_all__2.npy,Normal
Pistachio/VAD/vit-features/train/normal/industrial_normal_less/000000554030_all__3.npy,Normal
Pistachio/VAD/vit-features/train/normal/industrial_normal_less/000000554030_all__4.npy,Normal
Pistachio/VAD/vit-features/train/normal/industrial_normal_less/000000554030_all__5.npy,Normal
Pistachio/VAD/vit-features/train/normal/industrial_normal_less/000000554030_all__6.npy,Normal
Pistachio/VAD/vit-features/train/normal/industrial_normal_less/000000554030_all__7.npy,Normal
Pistachio/VAD/vit-features/train/normal/industrial_normal_less/000000554030_all__8.npy,Normal
Pistachio/VAD/vit-features/train/normal/industrial_normal_less/000000554030_all__9.npy,Normal
Pistachio/VAD/vit-features/train/normal/industrial_normal_less/000000574730_all__0.npy,Normal
Pistachio/VAD/vit-features/train/normal/industrial_normal_less/000000574730_all__1.npy,Normal
Pistachio/VAD/vit-features/train/normal/industrial_normal_less/000000574730_all__2.npy,Normal
Pistachio/VAD/vit-features/train/normal/industrial_normal_less/000000574730_all__3.npy,Normal
Pistachio/VAD/vit-features/train/normal/industrial_normal_less/000000574730_all__4.npy,Normal
Pistachio/VAD/vit-features/train/normal/industrial_normal_less/000000574730_all__5.npy,Normal
Pistachio/VAD/vit-features/train/normal/industrial_normal_less/000000574730_all__6.npy,Normal
Pistachio/VAD/vit-features/train/normal/industrial_normal_less/000000574730_all__7.npy,Normal
Pistachio/VAD/vit-features/train/normal/industrial_normal_less/000000574730_all__8.npy,Normal
Pistachio/VAD/vit-features/train/normal/industrial_normal_less/000000574730_all__9.npy,Normal
Pistachio/VAD/vit-features/train/normal/industrial_normal_less/000000576522_all__0.npy,Normal
Pistachio/VAD/vit-features/train/normal/industrial_normal_less/000000576522_all__1.npy,Normal
Pistachio/VAD/vit-features/train/normal/industrial_normal_less/000000576522_all__2.npy,Normal
Pistachio/VAD/vit-features/train/normal/industrial_normal_less/000000576522_all__3.npy,Normal
Pistachio/VAD/vit-features/train/normal/industrial_normal_less/000000576522_all__4.npy,Normal
Pistachio/VAD/vit-features/train/normal/industrial_normal_less/000000576522_all__5.npy,Normal
Pistachio/VAD/vit-features/train/normal/industrial_normal_less/000000576522_all__6.npy,Normal
Pistachio/VAD/vit-features/train/normal/industrial_normal_less/000000576522_all__7.npy,Normal
Pistachio/VAD/vit-features/train/normal/industrial_normal_less/000000576522_all__8.npy,Normal
Pistachio/VAD/vit-features/train/normal/industrial_normal_less/000000576522_all__9.npy,Normal
Pistachio/VAD/vit-features/train/normal/industrial_normal_less/000000579143_all__0.npy,Normal
Pistachio/VAD/vit-features/train/normal/industrial_normal_less/000000579143_all__1.npy,Normal
Pistachio/VAD/vit-features/train/normal/industrial_normal_less/000000579143_all__2.npy,Normal
Pistachio/VAD/vit-features/train/normal/industrial_normal_less/000000579143_all__3.npy,Normal
Pistachio/VAD/vit-features/train/normal/industrial_normal_less/000000579143_all__4.npy,Normal
Pistachio/VAD/vit-features/train/normal/industrial_normal_less/000000579143_all__5.npy,Normal
Pistachio/VAD/vit-features/train/normal/industrial_normal_less/000000579143_all__6.npy,Normal
Pistachio/VAD/vit-features/train/normal/industrial_normal_less/000000579143_all__7.npy,Normal
Pistachio/VAD/vit-features/train/normal/industrial_normal_less/000000579143_all__8.npy,Normal
Pistachio/VAD/vit-features/train/normal/industrial_normal_less/000000579143_all__9.npy,Normal
Pistachio/VAD/vit-features/train/normal/industrial_normal_less/000000580299_all__0.npy,Normal
Pistachio/VAD/vit-features/train/normal/industrial_normal_less/000000580299_all__1.npy,Normal
Pistachio/VAD/vit-features/train/normal/industrial_normal_less/000000580299_all__2.npy,Normal
Pistachio/VAD/vit-features/train/normal/industrial_normal_less/000000580299_all__3.npy,Normal
Pistachio/VAD/vit-features/train/normal/industrial_normal_less/000000580299_all__4.npy,Normal
Pistachio/VAD/vit-features/train/normal/industrial_normal_less/000000580299_all__5.npy,Normal
Pistachio/VAD/vit-features/train/normal/industrial_normal_less/000000580299_all__6.npy,Normal
Pistachio/VAD/vit-features/train/normal/industrial_normal_less/000000580299_all__7.npy,Normal
Pistachio/VAD/vit-features/train/normal/industrial_normal_less/000000580299_all__8.npy,Normal
Pistachio/VAD/vit-features/train/normal/industrial_normal_less/000000580299_all__9.npy,Normal
Pistachio/VAD/vit-features/train/normal/industrial_normal_less/hd000_all__0.npy,Normal
Pistachio/VAD/vit-features/train/normal/industrial_normal_less/hd000_all__1.npy,Normal
Pistachio/VAD/vit-features/train/normal/industrial_normal_less/hd000_all__2.npy,Normal
Pistachio/VAD/vit-features/train/normal/industrial_normal_less/hd000_all__3.npy,Normal
Pistachio/VAD/vit-features/train/normal/industrial_normal_less/hd000_all__4.npy,Normal
Pistachio/VAD/vit-features/train/normal/industrial_normal_less/hd000_all__5.npy,Normal
Pistachio/VAD/vit-features/train/normal/industrial_normal_less/hd000_all__6.npy,Normal
Pistachio/VAD/vit-features/train/normal/industrial_normal_less/hd000_all__7.npy,Normal
Pistachio/VAD/vit-features/train/normal/industrial_normal_less/hd000_all__8.npy,Normal
Pistachio/VAD/vit-features/train/normal/industrial_normal_less/hd000_all__9.npy,Normal
Pistachio/VAD/vit-features/train/normal/industrial_normal_less/hd001_all__0.npy,Normal
Pistachio/VAD/vit-features/train/normal/industrial_normal_less/hd001_all__1.npy,Normal
Pistachio/VAD/vit-features/train/normal/industrial_normal_less/hd001_all__2.npy,Normal
Pistachio/VAD/vit-features/train/normal/industrial_normal_less/hd001_all__3.npy,Normal
Pistachio/VAD/vit-features/train/normal/industrial_normal_less/hd001_all__4.npy,Normal
Pistachio/VAD/vit-features/train/normal/industrial_normal_less/hd001_all__5.npy,Normal
Pistachio/VAD/vit-features/train/normal/industrial_normal_less/hd001_all__6.npy,Normal
Pistachio/VAD/vit-features/train/normal/industrial_normal_less/hd001_all__7.npy,Normal
Pistachio/VAD/vit-features/train/normal/industrial_normal_less/hd001_all__8.npy,Normal
Pistachio/VAD/vit-features/train/normal/industrial_normal_less/hd001_all__9.npy,Normal
Pistachio/VAD/vit-features/train/normal/industrial_normal_less/hd002_all__0.npy,Normal
Pistachio/VAD/vit-features/train/normal/industrial_normal_less/hd002_all__1.npy,Normal
Pistachio/VAD/vit-features/train/normal/industrial_normal_less/hd002_all__2.npy,Normal
Pistachio/VAD/vit-features/train/normal/industrial_normal_less/hd002_all__3.npy,Normal
Pistachio/VAD/vit-features/train/normal/industrial_normal_less/hd002_all__4.npy,Normal
Pistachio/VAD/vit-features/train/normal/industrial_normal_less/hd002_all__5.npy,Normal
Pistachio/VAD/vit-features/train/normal/industrial_normal_less/hd002_all__6.npy,Normal
Pistachio/VAD/vit-features/train/normal/industrial_normal_less/hd002_all__7.npy,Normal
Pistachio/VAD/vit-features/train/normal/industrial_normal_less/hd002_all__8.npy,Normal
Pistachio/VAD/vit-features/train/normal/industrial_normal_less/hd002_all__9.npy,Normal
Pistachio/VAD/vit-features/train/normal/industrial_normal_less/hd003_all__0.npy,Normal
Pistachio/VAD/vit-features/train/normal/industrial_normal_less/hd003_all__1.npy,Normal
Pistachio/VAD/vit-features/train/normal/industrial_normal_less/hd003_all__2.npy,Normal
Pistachio/VAD/vit-features/train/normal/industrial_normal_less/hd003_all__3.npy,Normal
Pistachio/VAD/vit-features/train/normal/industrial_normal_less/hd003_all__4.npy,Normal
Pistachio/VAD/vit-features/train/normal/industrial_normal_less/hd003_all__5.npy,Normal
Pistachio/VAD/vit-features/train/normal/industrial_normal_less/hd003_all__6.npy,Normal
Pistachio/VAD/vit-features/train/normal/industrial_normal_less/hd003_all__7.npy,Normal
Pistachio/VAD/vit-features/train/normal/industrial_normal_less/hd003_all__8.npy,Normal
Pistachio/VAD/vit-features/train/normal/industrial_normal_less/hd003_all__9.npy,Normal
Pistachio/VAD/vit-features/train/normal/industrial_normal_less/hd004_all__0.npy,Normal
Pistachio/VAD/vit-features/train/normal/industrial_normal_less/hd004_all__1.npy,Normal
Pistachio/VAD/vit-features/train/normal/industrial_normal_less/hd004_all__2.npy,Normal
Pistachio/VAD/vit-features/train/normal/industrial_normal_less/hd004_all__3.npy,Normal
Pistachio/VAD/vit-features/train/normal/industrial_normal_less/hd004_all__4.npy,Normal
Pistachio/VAD/vit-features/train/normal/industrial_normal_less/hd004_all__5.npy,Normal
Pistachio/VAD/vit-features/train/normal/industrial_normal_less/hd004_all__6.npy,Normal
Pistachio/VAD/vit-features/train/normal/industrial_normal_less/hd004_all__7.npy,Normal
Pistachio/VAD/vit-features/train/normal/industrial_normal_less/hd004_all__8.npy,Normal
Pistachio/VAD/vit-features/train/normal/industrial_normal_less/hd004_all__9.npy,Normal
Pistachio/VAD/vit-features/train/normal/industrial_normal_less/hd005_all__0.npy,Normal
Pistachio/VAD/vit-features/train/normal/industrial_normal_less/hd005_all__1.npy,Normal
Pistachio/VAD/vit-features/train/normal/industrial_normal_less/hd005_all__2.npy,Normal
Pistachio/VAD/vit-features/train/normal/industrial_normal_less/hd005_all__3.npy,Normal
Pistachio/VAD/vit-features/train/normal/industrial_normal_less/hd005_all__4.npy,Normal
Pistachio/VAD/vit-features/train/normal/industrial_normal_less/hd005_all__5.npy,Normal
Pistachio/VAD/vit-features/train/normal/industrial_normal_less/hd005_all__6.npy,Normal
Pistachio/VAD/vit-features/train/normal/industrial_normal_less/hd005_all__7.npy,Normal
Pistachio/VAD/vit-features/train/normal/industrial_normal_less/hd005_all__8.npy,Normal
Pistachio/VAD/vit-features/train/normal/industrial_normal_less/hd005_all__9.npy,Normal
Pistachio/VAD/vit-features/train/normal/industrial_normal_less/hd006_all__0.npy,Normal
Pistachio/VAD/vit-features/train/normal/industrial_normal_less/hd006_all__1.npy,Normal
Pistachio/VAD/vit-features/train/normal/industrial_normal_less/hd006_all__2.npy,Normal
Pistachio/VAD/vit-features/train/normal/industrial_normal_less/hd006_all__3.npy,Normal
Pistachio/VAD/vit-features/train/normal/industrial_normal_less/hd006_all__4.npy,Normal
Pistachio/VAD/vit-features/train/normal/industrial_normal_less/hd006_all__5.npy,Normal
Pistachio/VAD/vit-features/train/normal/industrial_normal_less/hd006_all__6.npy,Normal
Pistachio/VAD/vit-features/train/normal/industrial_normal_less/hd006_all__7.npy,Normal
Pistachio/VAD/vit-features/train/normal/industrial_normal_less/hd006_all__8.npy,Normal
Pistachio/VAD/vit-features/train/normal/industrial_normal_less/hd006_all__9.npy,Normal
Pistachio/VAD/vit-features/train/normal/industrial_normal_less/hd007_all__0.npy,Normal
Pistachio/VAD/vit-features/train/normal/industrial_normal_less/hd007_all__1.npy,Normal
Pistachio/VAD/vit-features/train/normal/industrial_normal_less/hd007_all__2.npy,Normal
Pistachio/VAD/vit-features/train/normal/industrial_normal_less/hd007_all__3.npy,Normal
Pistachio/VAD/vit-features/train/normal/industrial_normal_less/hd007_all__4.npy,Normal
Pistachio/VAD/vit-features/train/normal/industrial_normal_less/hd007_all__5.npy,Normal
Pistachio/VAD/vit-features/train/normal/industrial_normal_less/hd007_all__6.npy,Normal
Pistachio/VAD/vit-features/train/normal/industrial_normal_less/hd007_all__7.npy,Normal
Pistachio/VAD/vit-features/train/normal/industrial_normal_less/hd007_all__8.npy,Normal
Pistachio/VAD/vit-features/train/normal/industrial_normal_less/hd007_all__9.npy,Normal
Pistachio/VAD/vit-features/train/normal/industrial_normal_less/hd008_all__0.npy,Normal
Pistachio/VAD/vit-features/train/normal/industrial_normal_less/hd008_all__1.npy,Normal
Pistachio/VAD/vit-features/train/normal/industrial_normal_less/hd008_all__2.npy,Normal
Pistachio/VAD/vit-features/train/normal/industrial_normal_less/hd008_all__3.npy,Normal
Pistachio/VAD/vit-features/train/normal/industrial_normal_less/hd008_all__4.npy,Normal
Pistachio/VAD/vit-features/train/normal/industrial_normal_less/hd008_all__5.npy,Normal
Pistachio/VAD/vit-features/train/normal/industrial_normal_less/hd008_all__6.npy,Normal
Pistachio/VAD/vit-features/train/normal/industrial_normal_less/hd008_all__7.npy,Normal
Pistachio/VAD/vit-features/train/normal/industrial_normal_less/hd008_all__8.npy,Normal
Pistachio/VAD/vit-features/train/normal/industrial_normal_less/hd008_all__9.npy,Normal
Pistachio/VAD/vit-features/train/normal/industrial_normal_less/hd009_all__0.npy,Normal
Pistachio/VAD/vit-features/train/normal/industrial_normal_less/hd009_all__1.npy,Normal
Pistachio/VAD/vit-features/train/normal/industrial_normal_less/hd009_all__2.npy,Normal
Pistachio/VAD/vit-features/train/normal/industrial_normal_less/hd009_all__3.npy,Normal
Pistachio/VAD/vit-features/train/normal/industrial_normal_less/hd009_all__4.npy,Normal
Pistachio/VAD/vit-features/train/normal/industrial_normal_less/hd009_all__5.npy,Normal
Pistachio/VAD/vit-features/train/normal/industrial_normal_less/hd009_all__6.npy,Normal
Pistachio/VAD/vit-features/train/normal/industrial_normal_less/hd009_all__7.npy,Normal
Pistachio/VAD/vit-features/train/normal/industrial_normal_less/hd009_all__8.npy,Normal
Pistachio/VAD/vit-features/train/normal/industrial_normal_less/hd009_all__9.npy,Normal
Pistachio/VAD/vit-features/train/normal/industrial_normal_less/hd011_all__0.npy,Normal
Pistachio/VAD/vit-features/train/normal/industrial_normal_less/hd011_all__1.npy,Normal
Pistachio/VAD/vit-features/train/normal/industrial_normal_less/hd011_all__2.npy,Normal
Pistachio/VAD/vit-features/train/normal/industrial_normal_less/hd011_all__3.npy,Normal
Pistachio/VAD/vit-features/train/normal/industrial_normal_less/hd011_all__4.npy,Normal
Pistachio/VAD/vit-features/train/normal/industrial_normal_less/hd011_all__5.npy,Normal
Pistachio/VAD/vit-features/train/normal/industrial_normal_less/hd011_all__6.npy,Normal
Pistachio/VAD/vit-features/train/normal/industrial_normal_less/hd011_all__7.npy,Normal
Pistachio/VAD/vit-features/train/normal/industrial_normal_less/hd011_all__8.npy,Normal
Pistachio/VAD/vit-features/train/normal/industrial_normal_less/hd011_all__9.npy,Normal
Pistachio/VAD/vit-features/train/normal/industrial_normal_less/hd016_all__0.npy,Normal
Pistachio/VAD/vit-features/train/normal/industrial_normal_less/hd016_all__1.npy,Normal
Pistachio/VAD/vit-features/train/normal/industrial_normal_less/hd016_all__2.npy,Normal
Pistachio/VAD/vit-features/train/normal/industrial_normal_less/hd016_all__3.npy,Normal
Pistachio/VAD/vit-features/train/normal/industrial_normal_less/hd016_all__4.npy,Normal
Pistachio/VAD/vit-features/train/normal/industrial_normal_less/hd016_all__5.npy,Normal
Pistachio/VAD/vit-features/train/normal/industrial_normal_less/hd016_all__6.npy,Normal
Pistachio/VAD/vit-features/train/normal/industrial_normal_less/hd016_all__7.npy,Normal
Pistachio/VAD/vit-features/train/normal/industrial_normal_less/hd016_all__8.npy,Normal
Pistachio/VAD/vit-features/train/normal/industrial_normal_less/hd016_all__9.npy,Normal
Pistachio/VAD/vit-features/train/normal/industrial_normal_less/hd017_all__0.npy,Normal
Pistachio/VAD/vit-features/train/normal/industrial_normal_less/hd017_all__1.npy,Normal
Pistachio/VAD/vit-features/train/normal/industrial_normal_less/hd017_all__2.npy,Normal
Pistachio/VAD/vit-features/train/normal/industrial_normal_less/hd017_all__3.npy,Normal
Pistachio/VAD/vit-features/train/normal/industrial_normal_less/hd017_all__4.npy,Normal
Pistachio/VAD/vit-features/train/normal/industrial_normal_less/hd017_all__5.npy,Normal
Pistachio/VAD/vit-features/train/normal/industrial_normal_less/hd017_all__6.npy,Normal
Pistachio/VAD/vit-features/train/normal/industrial_normal_less/hd017_all__7.npy,Normal
Pistachio/VAD/vit-features/train/normal/industrial_normal_less/hd017_all__8.npy,Normal
Pistachio/VAD/vit-features/train/normal/industrial_normal_less/hd017_all__9.npy,Normal
Pistachio/VAD/vit-features/train/normal/industrial_normal_less/hd018_all__0.npy,Normal
Pistachio/VAD/vit-features/train/normal/industrial_normal_less/hd018_all__1.npy,Normal
Pistachio/VAD/vit-features/train/normal/industrial_normal_less/hd018_all__2.npy,Normal
Pistachio/VAD/vit-features/train/normal/industrial_normal_less/hd018_all__3.npy,Normal
Pistachio/VAD/vit-features/train/normal/industrial_normal_less/hd018_all__4.npy,Normal
Pistachio/VAD/vit-features/train/normal/industrial_normal_less/hd018_all__5.npy,Normal
Pistachio/VAD/vit-features/train/normal/industrial_normal_less/hd018_all__6.npy,Normal
Pistachio/VAD/vit-features/train/normal/industrial_normal_less/hd018_all__7.npy,Normal
Pistachio/VAD/vit-features/train/normal/industrial_normal_less/hd018_all__8.npy,Normal
Pistachio/VAD/vit-features/train/normal/industrial_normal_less/hd018_all__9.npy,Normal
Pistachio/VAD/vit-features/train/normal/industrial_normal_less/hd019_all__0.npy,Normal
Pistachio/VAD/vit-features/train/normal/industrial_normal_less/hd019_all__1.npy,Normal
Pistachio/VAD/vit-features/train/normal/industrial_normal_less/hd019_all__2.npy,Normal
Pistachio/VAD/vit-features/train/normal/industrial_normal_less/hd019_all__3.npy,Normal
Pistachio/VAD/vit-features/train/normal/industrial_normal_less/hd019_all__4.npy,Normal
Pistachio/VAD/vit-features/train/normal/industrial_normal_less/hd019_all__5.npy,Normal
Pistachio/VAD/vit-features/train/normal/industrial_normal_less/hd019_all__6.npy,Normal
Pistachio/VAD/vit-features/train/normal/industrial_normal_less/hd019_all__7.npy,Normal
Pistachio/VAD/vit-features/train/normal/industrial_normal_less/hd019_all__8.npy,Normal
Pistachio/VAD/vit-features/train/normal/industrial_normal_less/hd019_all__9.npy,Normal
Pistachio/VAD/vit-features/train/normal/industrial_normal_less/hd03_all__0.npy,Normal
Pistachio/VAD/vit-features/train/normal/industrial_normal_less/hd03_all__1.npy,Normal
Pistachio/VAD/vit-features/train/normal/industrial_normal_less/hd03_all__2.npy,Normal
Pistachio/VAD/vit-features/train/normal/industrial_normal_less/hd03_all__3.npy,Normal
Pistachio/VAD/vit-features/train/normal/industrial_normal_less/hd03_all__4.npy,Normal
Pistachio/VAD/vit-features/train/normal/industrial_normal_less/hd03_all__5.npy,Normal
Pistachio/VAD/vit-features/train/normal/industrial_normal_less/hd03_all__6.npy,Normal
Pistachio/VAD/vit-features/train/normal/industrial_normal_less/hd03_all__7.npy,Normal
Pistachio/VAD/vit-features/train/normal/industrial_normal_less/hd03_all__8.npy,Normal
Pistachio/VAD/vit-features/train/normal/industrial_normal_less/hd03_all__9.npy,Normal
Pistachio/VAD/vit-features/train/normal/industrial_normal_less/hd04_all__0.npy,Normal
Pistachio/VAD/vit-features/train/normal/industrial_normal_less/hd04_all__1.npy,Normal
Pistachio/VAD/vit-features/train/normal/industrial_normal_less/hd04_all__2.npy,Normal
Pistachio/VAD/vit-features/train/normal/industrial_normal_less/hd04_all__3.npy,Normal
Pistachio/VAD/vit-features/train/normal/industrial_normal_less/hd04_all__4.npy,Normal
Pistachio/VAD/vit-features/train/normal/industrial_normal_less/hd04_all__5.npy,Normal
Pistachio/VAD/vit-features/train/normal/industrial_normal_less/hd04_all__6.npy,Normal
Pistachio/VAD/vit-features/train/normal/industrial_normal_less/hd04_all__7.npy,Normal
Pistachio/VAD/vit-features/train/normal/industrial_normal_less/hd04_all__8.npy,Normal
Pistachio/VAD/vit-features/train/normal/industrial_normal_less/hd04_all__9.npy,Normal
Pistachio/VAD/vit-features/train/normal/industrial_normal_less/hd05_all__0.npy,Normal
Pistachio/VAD/vit-features/train/normal/industrial_normal_less/hd05_all__1.npy,Normal
Pistachio/VAD/vit-features/train/normal/industrial_normal_less/hd05_all__2.npy,Normal
Pistachio/VAD/vit-features/train/normal/industrial_normal_less/hd05_all__3.npy,Normal
Pistachio/VAD/vit-features/train/normal/industrial_normal_less/hd05_all__4.npy,Normal
Pistachio/VAD/vit-features/train/normal/industrial_normal_less/hd05_all__5.npy,Normal
Pistachio/VAD/vit-features/train/normal/industrial_normal_less/hd05_all__6.npy,Normal
Pistachio/VAD/vit-features/train/normal/industrial_normal_less/hd05_all__7.npy,Normal
Pistachio/VAD/vit-features/train/normal/industrial_normal_less/hd05_all__8.npy,Normal
Pistachio/VAD/vit-features/train/normal/industrial_normal_less/hd05_all__9.npy,Normal
Pistachio/VAD/vit-features/train/normal/industrial_normal_less/hd07_all__0.npy,Normal
Pistachio/VAD/vit-features/train/normal/industrial_normal_less/hd07_all__1.npy,Normal
Pistachio/VAD/vit-features/train/normal/industrial_normal_less/hd07_all__2.npy,Normal
Pistachio/VAD/vit-features/train/normal/industrial_normal_less/hd07_all__3.npy,Normal
Pistachio/VAD/vit-features/train/normal/industrial_normal_less/hd07_all__4.npy,Normal
Pistachio/VAD/vit-features/train/normal/industrial_normal_less/hd07_all__5.npy,Normal
Pistachio/VAD/vit-features/train/normal/industrial_normal_less/hd07_all__6.npy,Normal
Pistachio/VAD/vit-features/train/normal/industrial_normal_less/hd07_all__7.npy,Normal
Pistachio/VAD/vit-features/train/normal/industrial_normal_less/hd07_all__8.npy,Normal
Pistachio/VAD/vit-features/train/normal/industrial_normal_less/hd07_all__9.npy,Normal
Pistachio/VAD/vit-features/train/normal/industrial_normal_less/hd08_all__0.npy,Normal
Pistachio/VAD/vit-features/train/normal/industrial_normal_less/hd08_all__1.npy,Normal
Pistachio/VAD/vit-features/train/normal/industrial_normal_less/hd08_all__2.npy,Normal
Pistachio/VAD/vit-features/train/normal/industrial_normal_less/hd08_all__3.npy,Normal
Pistachio/VAD/vit-features/train/normal/industrial_normal_less/hd08_all__4.npy,Normal
Pistachio/VAD/vit-features/train/normal/industrial_normal_less/hd08_all__5.npy,Normal
Pistachio/VAD/vit-features/train/normal/industrial_normal_less/hd08_all__6.npy,Normal
Pistachio/VAD/vit-features/train/normal/industrial_normal_less/hd08_all__7.npy,Normal
Pistachio/VAD/vit-features/train/normal/industrial_normal_less/hd08_all__8.npy,Normal
Pistachio/VAD/vit-features/train/normal/industrial_normal_less/hd08_all__9.npy,Normal
Pistachio/VAD/vit-features/train/normal/industrial_normal_less/hd1000_all__0.npy,Normal
Pistachio/VAD/vit-features/train/normal/industrial_normal_less/hd1000_all__1.npy,Normal
Pistachio/VAD/vit-features/train/normal/industrial_normal_less/hd1000_all__2.npy,Normal
Pistachio/VAD/vit-features/train/normal/industrial_normal_less/hd1000_all__3.npy,Normal
Pistachio/VAD/vit-features/train/normal/industrial_normal_less/hd1000_all__4.npy,Normal
Pistachio/VAD/vit-features/train/normal/industrial_normal_less/hd1000_all__5.npy,Normal
Pistachio/VAD/vit-features/train/normal/industrial_normal_less/hd1000_all__6.npy,Normal
Pistachio/VAD/vit-features/train/normal/industrial_normal_less/hd1000_all__7.npy,Normal
Pistachio/VAD/vit-features/train/normal/industrial_normal_less/hd1000_all__8.npy,Normal
Pistachio/VAD/vit-features/train/normal/industrial_normal_less/hd1000_all__9.npy,Normal
Pistachio/VAD/vit-features/train/normal/industrial_normal_less/hd104_all__0.npy,Normal
Pistachio/VAD/vit-features/train/normal/industrial_normal_less/hd104_all__1.npy,Normal
Pistachio/VAD/vit-features/train/normal/industrial_normal_less/hd104_all__2.npy,Normal
Pistachio/VAD/vit-features/train/normal/industrial_normal_less/hd104_all__3.npy,Normal
Pistachio/VAD/vit-features/train/normal/industrial_normal_less/hd104_all__4.npy,Normal
Pistachio/VAD/vit-features/train/normal/industrial_normal_less/hd104_all__5.npy,Normal
Pistachio/VAD/vit-features/train/normal/industrial_normal_less/hd104_all__6.npy,Normal
Pistachio/VAD/vit-features/train/normal/industrial_normal_less/hd104_all__7.npy,Normal
Pistachio/VAD/vit-features/train/normal/industrial_normal_less/hd104_all__8.npy,Normal
Pistachio/VAD/vit-features/train/normal/industrial_normal_less/hd104_all__9.npy,Normal
Pistachio/VAD/vit-features/train/normal/industrial_normal_less/hd106_all__0.npy,Normal
Pistachio/VAD/vit-features/train/normal/industrial_normal_less/hd106_all__1.npy,Normal
Pistachio/VAD/vit-features/train/normal/industrial_normal_less/hd106_all__2.npy,Normal
Pistachio/VAD/vit-features/train/normal/industrial_normal_less/hd106_all__3.npy,Normal
Pistachio/VAD/vit-features/train/normal/industrial_normal_less/hd106_all__4.npy,Normal
Pistachio/VAD/vit-features/train/normal/industrial_normal_less/hd106_all__5.npy,Normal
Pistachio/VAD/vit-features/train/normal/industrial_normal_less/hd106_all__6.npy,Normal
Pistachio/VAD/vit-features/train/normal/industrial_normal_less/hd106_all__7.npy,Normal
Pistachio/VAD/vit-features/train/normal/industrial_normal_less/hd106_all__8.npy,Normal
Pistachio/VAD/vit-features/train/normal/industrial_normal_less/hd106_all__9.npy,Normal
Pistachio/VAD/vit-features/train/normal/industrial_normal_less/hd10_all__0.npy,Normal
Pistachio/VAD/vit-features/train/normal/industrial_normal_less/hd10_all__1.npy,Normal
Pistachio/VAD/vit-features/train/normal/industrial_normal_less/hd10_all__2.npy,Normal
Pistachio/VAD/vit-features/train/normal/industrial_normal_less/hd10_all__3.npy,Normal
Pistachio/VAD/vit-features/train/normal/industrial_normal_less/hd10_all__4.npy,Normal
Pistachio/VAD/vit-features/train/normal/industrial_normal_less/hd10_all__5.npy,Normal
Pistachio/VAD/vit-features/train/normal/industrial_normal_less/hd10_all__6.npy,Normal
Pistachio/VAD/vit-features/train/normal/industrial_normal_less/hd10_all__7.npy,Normal
Pistachio/VAD/vit-features/train/normal/industrial_normal_less/hd10_all__8.npy,Normal
Pistachio/VAD/vit-features/train/normal/industrial_normal_less/hd10_all__9.npy,Normal
Pistachio/VAD/vit-features/train/normal/industrial_normal_less/hd11_all__0.npy,Normal
Pistachio/VAD/vit-features/train/normal/industrial_normal_less/hd11_all__1.npy,Normal
Pistachio/VAD/vit-features/train/normal/industrial_normal_less/hd11_all__2.npy,Normal
Pistachio/VAD/vit-features/train/normal/industrial_normal_less/hd11_all__3.npy,Normal
Pistachio/VAD/vit-features/train/normal/industrial_normal_less/hd11_all__4.npy,Normal
Pistachio/VAD/vit-features/train/normal/industrial_normal_less/hd11_all__5.npy,Normal
Pistachio/VAD/vit-features/train/normal/industrial_normal_less/hd11_all__6.npy,Normal
Pistachio/VAD/vit-features/train/normal/industrial_normal_less/hd11_all__7.npy,Normal
Pistachio/VAD/vit-features/train/normal/industrial_normal_less/hd11_all__8.npy,Normal
Pistachio/VAD/vit-features/train/normal/industrial_normal_less/hd11_all__9.npy,Normal
Pistachio/VAD/vit-features/train/normal/industrial_normal_less/hd120_all__0.npy,Normal
Pistachio/VAD/vit-features/train/normal/industrial_normal_less/hd120_all__1.npy,Normal
Pistachio/VAD/vit-features/train/normal/industrial_normal_less/hd120_all__2.npy,Normal
Pistachio/VAD/vit-features/train/normal/industrial_normal_less/hd120_all__3.npy,Normal
Pistachio/VAD/vit-features/train/normal/industrial_normal_less/hd120_all__4.npy,Normal
Pistachio/VAD/vit-features/train/normal/industrial_normal_less/hd120_all__5.npy,Normal
Pistachio/VAD/vit-features/train/normal/industrial_normal_less/hd120_all__6.npy,Normal
Pistachio/VAD/vit-features/train/normal/industrial_normal_less/hd120_all__7.npy,Normal
Pistachio/VAD/vit-features/train/normal/industrial_normal_less/hd120_all__8.npy,Normal
Pistachio/VAD/vit-features/train/normal/industrial_normal_less/hd120_all__9.npy,Normal
Pistachio/VAD/vit-features/train/normal/industrial_normal_less/hd137_all__0.npy,Normal
Pistachio/VAD/vit-features/train/normal/industrial_normal_less/hd137_all__1.npy,Normal
Pistachio/VAD/vit-features/train/normal/industrial_normal_less/hd137_all__2.npy,Normal
Pistachio/VAD/vit-features/train/normal/industrial_normal_less/hd137_all__3.npy,Normal
Pistachio/VAD/vit-features/train/normal/industrial_normal_less/hd137_all__4.npy,Normal
Pistachio/VAD/vit-features/train/normal/industrial_normal_less/hd137_all__5.npy,Normal
Pistachio/VAD/vit-features/train/normal/industrial_normal_less/hd137_all__6.npy,Normal
Pistachio/VAD/vit-features/train/normal/industrial_normal_less/hd137_all__7.npy,Normal
Pistachio/VAD/vit-features/train/normal/industrial_normal_less/hd137_all__8.npy,Normal
Pistachio/VAD/vit-features/train/normal/industrial_normal_less/hd137_all__9.npy,Normal
Pistachio/VAD/vit-features/train/normal/industrial_normal_less/hd13_all__0.npy,Normal
Pistachio/VAD/vit-features/train/normal/industrial_normal_less/hd13_all__1.npy,Normal
Pistachio/VAD/vit-features/train/normal/industrial_normal_less/hd13_all__2.npy,Normal
Pistachio/VAD/vit-features/train/normal/industrial_normal_less/hd13_all__3.npy,Normal
Pistachio/VAD/vit-features/train/normal/industrial_normal_less/hd13_all__4.npy,Normal
Pistachio/VAD/vit-features/train/normal/industrial_normal_less/hd13_all__5.npy,Normal
Pistachio/VAD/vit-features/train/normal/industrial_normal_less/hd13_all__6.npy,Normal
Pistachio/VAD/vit-features/train/normal/industrial_normal_less/hd13_all__7.npy,Normal
Pistachio/VAD/vit-features/train/normal/industrial_normal_less/hd13_all__8.npy,Normal
Pistachio/VAD/vit-features/train/normal/industrial_normal_less/hd13_all__9.npy,Normal
Pistachio/VAD/vit-features/train/normal/industrial_normal_less/hd142_all__0.npy,Normal
Pistachio/VAD/vit-features/train/normal/industrial_normal_less/hd142_all__1.npy,Normal
Pistachio/VAD/vit-features/train/normal/industrial_normal_less/hd142_all__2.npy,Normal
Pistachio/VAD/vit-features/train/normal/industrial_normal_less/hd142_all__3.npy,Normal
Pistachio/VAD/vit-features/train/normal/industrial_normal_less/hd142_all__4.npy,Normal
Pistachio/VAD/vit-features/train/normal/industrial_normal_less/hd142_all__5.npy,Normal
Pistachio/VAD/vit-features/train/normal/industrial_normal_less/hd142_all__6.npy,Normal
Pistachio/VAD/vit-features/train/normal/industrial_normal_less/hd142_all__7.npy,Normal
Pistachio/VAD/vit-features/train/normal/industrial_normal_less/hd142_all__8.npy,Normal
Pistachio/VAD/vit-features/train/normal/industrial_normal_less/hd142_all__9.npy,Normal
Pistachio/VAD/vit-features/train/normal/industrial_normal_less/hd143_all__0.npy,Normal
Pistachio/VAD/vit-features/train/normal/industrial_normal_less/hd143_all__1.npy,Normal
Pistachio/VAD/vit-features/train/normal/industrial_normal_less/hd143_all__2.npy,Normal
Pistachio/VAD/vit-features/train/normal/industrial_normal_less/hd143_all__3.npy,Normal
Pistachio/VAD/vit-features/train/normal/industrial_normal_less/hd143_all__4.npy,Normal
Pistachio/VAD/vit-features/train/normal/industrial_normal_less/hd143_all__5.npy,Normal
Pistachio/VAD/vit-features/train/normal/industrial_normal_less/hd143_all__6.npy,Normal
Pistachio/VAD/vit-features/train/normal/industrial_normal_less/hd143_all__7.npy,Normal
Pistachio/VAD/vit-features/train/normal/industrial_normal_less/hd143_all__8.npy,Normal
Pistachio/VAD/vit-features/train/normal/industrial_normal_less/hd143_all__9.npy,Normal
Pistachio/VAD/vit-features/train/normal/industrial_normal_less/hd145_all__0.npy,Normal
Pistachio/VAD/vit-features/train/normal/industrial_normal_less/hd145_all__1.npy,Normal
Pistachio/VAD/vit-features/train/normal/industrial_normal_less/hd145_all__2.npy,Normal
Pistachio/VAD/vit-features/train/normal/industrial_normal_less/hd145_all__3.npy,Normal
Pistachio/VAD/vit-features/train/normal/industrial_normal_less/hd145_all__4.npy,Normal
Pistachio/VAD/vit-features/train/normal/industrial_normal_less/hd145_all__5.npy,Normal
Pistachio/VAD/vit-features/train/normal/industrial_normal_less/hd145_all__6.npy,Normal
Pistachio/VAD/vit-features/train/normal/industrial_normal_less/hd145_all__7.npy,Normal
Pistachio/VAD/vit-features/train/normal/industrial_normal_less/hd145_all__8.npy,Normal
Pistachio/VAD/vit-features/train/normal/industrial_normal_less/hd145_all__9.npy,Normal
Pistachio/VAD/vit-features/train/normal/industrial_normal_less/hd14_all__0.npy,Normal
Pistachio/VAD/vit-features/train/normal/industrial_normal_less/hd14_all__1.npy,Normal
Pistachio/VAD/vit-features/train/normal/industrial_normal_less/hd14_all__2.npy,Normal
Pistachio/VAD/vit-features/train/normal/industrial_normal_less/hd14_all__3.npy,Normal
Pistachio/VAD/vit-features/train/normal/industrial_normal_less/hd14_all__4.npy,Normal
Pistachio/VAD/vit-features/train/normal/industrial_normal_less/hd14_all__5.npy,Normal
Pistachio/VAD/vit-features/train/normal/industrial_normal_less/hd14_all__6.npy,Normal
Pistachio/VAD/vit-features/train/normal/industrial_normal_less/hd14_all__7.npy,Normal
Pistachio/VAD/vit-features/train/normal/industrial_normal_less/hd14_all__8.npy,Normal
Pistachio/VAD/vit-features/train/normal/industrial_normal_less/hd14_all__9.npy,Normal
Pistachio/VAD/vit-features/train/normal/industrial_normal_less/hd153_all__0.npy,Normal
Pistachio/VAD/vit-features/train/normal/industrial_normal_less/hd153_all__1.npy,Normal
Pistachio/VAD/vit-features/train/normal/industrial_normal_less/hd153_all__2.npy,Normal
Pistachio/VAD/vit-features/train/normal/industrial_normal_less/hd153_all__3.npy,Normal
Pistachio/VAD/vit-features/train/normal/industrial_normal_less/hd153_all__4.npy,Normal
Pistachio/VAD/vit-features/train/normal/industrial_normal_less/hd153_all__5.npy,Normal
Pistachio/VAD/vit-features/train/normal/industrial_normal_less/hd153_all__6.npy,Normal
Pistachio/VAD/vit-features/train/normal/industrial_normal_less/hd153_all__7.npy,Normal
Pistachio/VAD/vit-features/train/normal/industrial_normal_less/hd153_all__8.npy,Normal
Pistachio/VAD/vit-features/train/normal/industrial_normal_less/hd153_all__9.npy,Normal
Pistachio/VAD/vit-features/train/normal/industrial_normal_less/hd154_all__0.npy,Normal
Pistachio/VAD/vit-features/train/normal/industrial_normal_less/hd154_all__1.npy,Normal
Pistachio/VAD/vit-features/train/normal/industrial_normal_less/hd154_all__2.npy,Normal
Pistachio/VAD/vit-features/train/normal/industrial_normal_less/hd154_all__3.npy,Normal
Pistachio/VAD/vit-features/train/normal/industrial_normal_less/hd154_all__4.npy,Normal
Pistachio/VAD/vit-features/train/normal/industrial_normal_less/hd154_all__5.npy,Normal
Pistachio/VAD/vit-features/train/normal/industrial_normal_less/hd154_all__6.npy,Normal
Pistachio/VAD/vit-features/train/normal/industrial_normal_less/hd154_all__7.npy,Normal
Pistachio/VAD/vit-features/train/normal/industrial_normal_less/hd154_all__8.npy,Normal
Pistachio/VAD/vit-features/train/normal/industrial_normal_less/hd154_all__9.npy,Normal
Pistachio/VAD/vit-features/train/normal/industrial_normal_less/hd156_all__0.npy,Normal
Pistachio/VAD/vit-features/train/normal/industrial_normal_less/hd156_all__1.npy,Normal
Pistachio/VAD/vit-features/train/normal/industrial_normal_less/hd156_all__2.npy,Normal
Pistachio/VAD/vit-features/train/normal/industrial_normal_less/hd156_all__3.npy,Normal
Pistachio/VAD/vit-features/train/normal/industrial_normal_less/hd156_all__4.npy,Normal
Pistachio/VAD/vit-features/train/normal/industrial_normal_less/hd156_all__5.npy,Normal
Pistachio/VAD/vit-features/train/normal/industrial_normal_less/hd156_all__6.npy,Normal
Pistachio/VAD/vit-features/train/normal/industrial_normal_less/hd156_all__7.npy,Normal
Pistachio/VAD/vit-features/train/normal/industrial_normal_less/hd156_all__8.npy,Normal
Pistachio/VAD/vit-features/train/normal/industrial_normal_less/hd156_all__9.npy,Normal
Pistachio/VAD/vit-features/train/normal/industrial_normal_less/hd158_all__0.npy,Normal
Pistachio/VAD/vit-features/train/normal/industrial_normal_less/hd158_all__1.npy,Normal
Pistachio/VAD/vit-features/train/normal/industrial_normal_less/hd158_all__2.npy,Normal
Pistachio/VAD/vit-features/train/normal/industrial_normal_less/hd158_all__3.npy,Normal
Pistachio/VAD/vit-features/train/normal/industrial_normal_less/hd158_all__4.npy,Normal
Pistachio/VAD/vit-features/train/normal/industrial_normal_less/hd158_all__5.npy,Normal
Pistachio/VAD/vit-features/train/normal/industrial_normal_less/hd158_all__6.npy,Normal
Pistachio/VAD/vit-features/train/normal/industrial_normal_less/hd158_all__7.npy,Normal
Pistachio/VAD/vit-features/train/normal/industrial_normal_less/hd158_all__8.npy,Normal
Pistachio/VAD/vit-features/train/normal/industrial_normal_less/hd158_all__9.npy,Normal
Pistachio/VAD/vit-features/train/normal/industrial_normal_less/hd159_all__0.npy,Normal
Pistachio/VAD/vit-features/train/normal/industrial_normal_less/hd159_all__1.npy,Normal
Pistachio/VAD/vit-features/train/normal/industrial_normal_less/hd159_all__2.npy,Normal
Pistachio/VAD/vit-features/train/normal/industrial_normal_less/hd159_all__3.npy,Normal
Pistachio/VAD/vit-features/train/normal/industrial_normal_less/hd159_all__4.npy,Normal
Pistachio/VAD/vit-features/train/normal/industrial_normal_less/hd159_all__5.npy,Normal
Pistachio/VAD/vit-features/train/normal/industrial_normal_less/hd159_all__6.npy,Normal
Pistachio/VAD/vit-features/train/normal/industrial_normal_less/hd159_all__7.npy,Normal
Pistachio/VAD/vit-features/train/normal/industrial_normal_less/hd159_all__8.npy,Normal
Pistachio/VAD/vit-features/train/normal/industrial_normal_less/hd159_all__9.npy,Normal
Pistachio/VAD/vit-features/train/normal/industrial_normal_less/hd170_all__0.npy,Normal
Pistachio/VAD/vit-features/train/normal/industrial_normal_less/hd170_all__1.npy,Normal
Pistachio/VAD/vit-features/train/normal/industrial_normal_less/hd170_all__2.npy,Normal
Pistachio/VAD/vit-features/train/normal/industrial_normal_less/hd170_all__3.npy,Normal
Pistachio/VAD/vit-features/train/normal/industrial_normal_less/hd170_all__4.npy,Normal
Pistachio/VAD/vit-features/train/normal/industrial_normal_less/hd170_all__5.npy,Normal
Pistachio/VAD/vit-features/train/normal/industrial_normal_less/hd170_all__6.npy,Normal
Pistachio/VAD/vit-features/train/normal/industrial_normal_less/hd170_all__7.npy,Normal
Pistachio/VAD/vit-features/train/normal/industrial_normal_less/hd170_all__8.npy,Normal
Pistachio/VAD/vit-features/train/normal/industrial_normal_less/hd170_all__9.npy,Normal
Pistachio/VAD/vit-features/train/normal/industrial_normal_less/hd171_all__0.npy,Normal
Pistachio/VAD/vit-features/train/normal/industrial_normal_less/hd171_all__1.npy,Normal
Pistachio/VAD/vit-features/train/normal/industrial_normal_less/hd171_all__2.npy,Normal
Pistachio/VAD/vit-features/train/normal/industrial_normal_less/hd171_all__3.npy,Normal
Pistachio/VAD/vit-features/train/normal/industrial_normal_less/hd171_all__4.npy,Normal
Pistachio/VAD/vit-features/train/normal/industrial_normal_less/hd171_all__5.npy,Normal
Pistachio/VAD/vit-features/train/normal/industrial_normal_less/hd171_all__6.npy,Normal
Pistachio/VAD/vit-features/train/normal/industrial_normal_less/hd171_all__7.npy,Normal
Pistachio/VAD/vit-features/train/normal/industrial_normal_less/hd171_all__8.npy,Normal
Pistachio/VAD/vit-features/train/normal/industrial_normal_less/hd171_all__9.npy,Normal
Pistachio/VAD/vit-features/train/normal/industrial_normal_less/hd176_all__0.npy,Normal
Pistachio/VAD/vit-features/train/normal/industrial_normal_less/hd176_all__1.npy,Normal
Pistachio/VAD/vit-features/train/normal/industrial_normal_less/hd176_all__2.npy,Normal
Pistachio/VAD/vit-features/train/normal/industrial_normal_less/hd176_all__3.npy,Normal
Pistachio/VAD/vit-features/train/normal/industrial_normal_less/hd176_all__4.npy,Normal
Pistachio/VAD/vit-features/train/normal/industrial_normal_less/hd176_all__5.npy,Normal
Pistachio/VAD/vit-features/train/normal/industrial_normal_less/hd176_all__6.npy,Normal
Pistachio/VAD/vit-features/train/normal/industrial_normal_less/hd176_all__7.npy,Normal
Pistachio/VAD/vit-features/train/normal/industrial_normal_less/hd176_all__8.npy,Normal
Pistachio/VAD/vit-features/train/normal/industrial_normal_less/hd176_all__9.npy,Normal
Pistachio/VAD/vit-features/train/normal/industrial_normal_less/hd181_all__0.npy,Normal
Pistachio/VAD/vit-features/train/normal/industrial_normal_less/hd181_all__1.npy,Normal
Pistachio/VAD/vit-features/train/normal/industrial_normal_less/hd181_all__2.npy,Normal
Pistachio/VAD/vit-features/train/normal/industrial_normal_less/hd181_all__3.npy,Normal
Pistachio/VAD/vit-features/train/normal/industrial_normal_less/hd181_all__4.npy,Normal
Pistachio/VAD/vit-features/train/normal/industrial_normal_less/hd181_all__5.npy,Normal
Pistachio/VAD/vit-features/train/normal/industrial_normal_less/hd181_all__6.npy,Normal
Pistachio/VAD/vit-features/train/normal/industrial_normal_less/hd181_all__7.npy,Normal
Pistachio/VAD/vit-features/train/normal/industrial_normal_less/hd181_all__8.npy,Normal
Pistachio/VAD/vit-features/train/normal/industrial_normal_less/hd181_all__9.npy,Normal
Pistachio/VAD/vit-features/train/normal/industrial_normal_less/hd182_all__0.npy,Normal
Pistachio/VAD/vit-features/train/normal/industrial_normal_less/hd182_all__1.npy,Normal
Pistachio/VAD/vit-features/train/normal/industrial_normal_less/hd182_all__2.npy,Normal
Pistachio/VAD/vit-features/train/normal/industrial_normal_less/hd182_all__3.npy,Normal
Pistachio/VAD/vit-features/train/normal/industrial_normal_less/hd182_all__4.npy,Normal
Pistachio/VAD/vit-features/train/normal/industrial_normal_less/hd182_all__5.npy,Normal
Pistachio/VAD/vit-features/train/normal/industrial_normal_less/hd182_all__6.npy,Normal
Pistachio/VAD/vit-features/train/normal/industrial_normal_less/hd182_all__7.npy,Normal
Pistachio/VAD/vit-features/train/normal/industrial_normal_less/hd182_all__8.npy,Normal
Pistachio/VAD/vit-features/train/normal/industrial_normal_less/hd182_all__9.npy,Normal
Pistachio/VAD/vit-features/train/normal/industrial_normal_less/hd185_all__0.npy,Normal
Pistachio/VAD/vit-features/train/normal/industrial_normal_less/hd185_all__1.npy,Normal
Pistachio/VAD/vit-features/train/normal/industrial_normal_less/hd185_all__2.npy,Normal
Pistachio/VAD/vit-features/train/normal/industrial_normal_less/hd185_all__3.npy,Normal
Pistachio/VAD/vit-features/train/normal/industrial_normal_less/hd185_all__4.npy,Normal
Pistachio/VAD/vit-features/train/normal/industrial_normal_less/hd185_all__5.npy,Normal
Pistachio/VAD/vit-features/train/normal/industrial_normal_less/hd185_all__6.npy,Normal
Pistachio/VAD/vit-features/train/normal/industrial_normal_less/hd185_all__7.npy,Normal
Pistachio/VAD/vit-features/train/normal/industrial_normal_less/hd185_all__8.npy,Normal
Pistachio/VAD/vit-features/train/normal/industrial_normal_less/hd185_all__9.npy,Normal
Pistachio/VAD/vit-features/train/normal/industrial_normal_less/hd187_all__0.npy,Normal
Pistachio/VAD/vit-features/train/normal/industrial_normal_less/hd187_all__1.npy,Normal
Pistachio/VAD/vit-features/train/normal/industrial_normal_less/hd187_all__2.npy,Normal
Pistachio/VAD/vit-features/train/normal/industrial_normal_less/hd187_all__3.npy,Normal
Pistachio/VAD/vit-features/train/normal/industrial_normal_less/hd187_all__4.npy,Normal
Pistachio/VAD/vit-features/train/normal/industrial_normal_less/hd187_all__5.npy,Normal
Pistachio/VAD/vit-features/train/normal/industrial_normal_less/hd187_all__6.npy,Normal
Pistachio/VAD/vit-features/train/normal/industrial_normal_less/hd187_all__7.npy,Normal
Pistachio/VAD/vit-features/train/normal/industrial_normal_less/hd187_all__8.npy,Normal
Pistachio/VAD/vit-features/train/normal/industrial_normal_less/hd187_all__9.npy,Normal
Pistachio/VAD/vit-features/train/normal/industrial_normal_less/hd192_all__0.npy,Normal
Pistachio/VAD/vit-features/train/normal/industrial_normal_less/hd192_all__1.npy,Normal
Pistachio/VAD/vit-features/train/normal/industrial_normal_less/hd192_all__2.npy,Normal
Pistachio/VAD/vit-features/train/normal/industrial_normal_less/hd192_all__3.npy,Normal
Pistachio/VAD/vit-features/train/normal/industrial_normal_less/hd192_all__4.npy,Normal
Pistachio/VAD/vit-features/train/normal/industrial_normal_less/hd192_all__5.npy,Normal
Pistachio/VAD/vit-features/train/normal/industrial_normal_less/hd192_all__6.npy,Normal
Pistachio/VAD/vit-features/train/normal/industrial_normal_less/hd192_all__7.npy,Normal
Pistachio/VAD/vit-features/train/normal/industrial_normal_less/hd192_all__8.npy,Normal
Pistachio/VAD/vit-features/train/normal/industrial_normal_less/hd192_all__9.npy,Normal
Pistachio/VAD/vit-features/train/normal/industrial_normal_less/hd193_all__0.npy,Normal
Pistachio/VAD/vit-features/train/normal/industrial_normal_less/hd193_all__1.npy,Normal
Pistachio/VAD/vit-features/train/normal/industrial_normal_less/hd193_all__2.npy,Normal
Pistachio/VAD/vit-features/train/normal/industrial_normal_less/hd193_all__3.npy,Normal
Pistachio/VAD/vit-features/train/normal/industrial_normal_less/hd193_all__4.npy,Normal
Pistachio/VAD/vit-features/train/normal/industrial_normal_less/hd193_all__5.npy,Normal
Pistachio/VAD/vit-features/train/normal/industrial_normal_less/hd193_all__6.npy,Normal
Pistachio/VAD/vit-features/train/normal/industrial_normal_less/hd193_all__7.npy,Normal
Pistachio/VAD/vit-features/train/normal/industrial_normal_less/hd193_all__8.npy,Normal
Pistachio/VAD/vit-features/train/normal/industrial_normal_less/hd193_all__9.npy,Normal
Pistachio/VAD/vit-features/train/normal/industrial_normal_less/hd194_all__0.npy,Normal
Pistachio/VAD/vit-features/train/normal/industrial_normal_less/hd194_all__1.npy,Normal
Pistachio/VAD/vit-features/train/normal/industrial_normal_less/hd194_all__2.npy,Normal
Pistachio/VAD/vit-features/train/normal/industrial_normal_less/hd194_all__3.npy,Normal
Pistachio/VAD/vit-features/train/normal/industrial_normal_less/hd194_all__4.npy,Normal
Pistachio/VAD/vit-features/train/normal/industrial_normal_less/hd194_all__5.npy,Normal
Pistachio/VAD/vit-features/train/normal/industrial_normal_less/hd194_all__6.npy,Normal
Pistachio/VAD/vit-features/train/normal/industrial_normal_less/hd194_all__7.npy,Normal
Pistachio/VAD/vit-features/train/normal/industrial_normal_less/hd194_all__8.npy,Normal
Pistachio/VAD/vit-features/train/normal/industrial_normal_less/hd194_all__9.npy,Normal
Pistachio/VAD/vit-features/train/normal/industrial_normal_less/hd198_all__0.npy,Normal
Pistachio/VAD/vit-features/train/normal/industrial_normal_less/hd198_all__1.npy,Normal
Pistachio/VAD/vit-features/train/normal/industrial_normal_less/hd198_all__2.npy,Normal
Pistachio/VAD/vit-features/train/normal/industrial_normal_less/hd198_all__3.npy,Normal
Pistachio/VAD/vit-features/train/normal/industrial_normal_less/hd198_all__4.npy,Normal
Pistachio/VAD/vit-features/train/normal/industrial_normal_less/hd198_all__5.npy,Normal
Pistachio/VAD/vit-features/train/normal/industrial_normal_less/hd198_all__6.npy,Normal
Pistachio/VAD/vit-features/train/normal/industrial_normal_less/hd198_all__7.npy,Normal
Pistachio/VAD/vit-features/train/normal/industrial_normal_less/hd198_all__8.npy,Normal
Pistachio/VAD/vit-features/train/normal/industrial_normal_less/hd198_all__9.npy,Normal
Pistachio/VAD/vit-features/train/normal/industrial_normal_less/hd199_all__0.npy,Normal
Pistachio/VAD/vit-features/train/normal/industrial_normal_less/hd199_all__1.npy,Normal
Pistachio/VAD/vit-features/train/normal/industrial_normal_less/hd199_all__2.npy,Normal
Pistachio/VAD/vit-features/train/normal/industrial_normal_less/hd199_all__3.npy,Normal
Pistachio/VAD/vit-features/train/normal/industrial_normal_less/hd199_all__4.npy,Normal
Pistachio/VAD/vit-features/train/normal/industrial_normal_less/hd199_all__5.npy,Normal
Pistachio/VAD/vit-features/train/normal/industrial_normal_less/hd199_all__6.npy,Normal
Pistachio/VAD/vit-features/train/normal/industrial_normal_less/hd199_all__7.npy,Normal
Pistachio/VAD/vit-features/train/normal/industrial_normal_less/hd199_all__8.npy,Normal
Pistachio/VAD/vit-features/train/normal/industrial_normal_less/hd199_all__9.npy,Normal
Pistachio/VAD/vit-features/train/normal/industrial_normal_less/hd19_all__0.npy,Normal
Pistachio/VAD/vit-features/train/normal/industrial_normal_less/hd19_all__1.npy,Normal
Pistachio/VAD/vit-features/train/normal/industrial_normal_less/hd19_all__2.npy,Normal
Pistachio/VAD/vit-features/train/normal/industrial_normal_less/hd19_all__3.npy,Normal
Pistachio/VAD/vit-features/train/normal/industrial_normal_less/hd19_all__4.npy,Normal
Pistachio/VAD/vit-features/train/normal/industrial_normal_less/hd19_all__5.npy,Normal
Pistachio/VAD/vit-features/train/normal/industrial_normal_less/hd19_all__6.npy,Normal
Pistachio/VAD/vit-features/train/normal/industrial_normal_less/hd19_all__7.npy,Normal
Pistachio/VAD/vit-features/train/normal/industrial_normal_less/hd19_all__8.npy,Normal
Pistachio/VAD/vit-features/train/normal/industrial_normal_less/hd19_all__9.npy,Normal
Pistachio/VAD/vit-features/train/normal/industrial_normal_less/hd201_all__0.npy,Normal
Pistachio/VAD/vit-features/train/normal/industrial_normal_less/hd201_all__1.npy,Normal
Pistachio/VAD/vit-features/train/normal/industrial_normal_less/hd201_all__2.npy,Normal
Pistachio/VAD/vit-features/train/normal/industrial_normal_less/hd201_all__3.npy,Normal
Pistachio/VAD/vit-features/train/normal/industrial_normal_less/hd201_all__4.npy,Normal
Pistachio/VAD/vit-features/train/normal/industrial_normal_less/hd201_all__5.npy,Normal
Pistachio/VAD/vit-features/train/normal/industrial_normal_less/hd201_all__6.npy,Normal
Pistachio/VAD/vit-features/train/normal/industrial_normal_less/hd201_all__7.npy,Normal
Pistachio/VAD/vit-features/train/normal/industrial_normal_less/hd201_all__8.npy,Normal
Pistachio/VAD/vit-features/train/normal/industrial_normal_less/hd201_all__9.npy,Normal
Pistachio/VAD/vit-features/train/normal/industrial_normal_less/hd202_all__0.npy,Normal
Pistachio/VAD/vit-features/train/normal/industrial_normal_less/hd202_all__1.npy,Normal
Pistachio/VAD/vit-features/train/normal/industrial_normal_less/hd202_all__2.npy,Normal
Pistachio/VAD/vit-features/train/normal/industrial_normal_less/hd202_all__3.npy,Normal
Pistachio/VAD/vit-features/train/normal/industrial_normal_less/hd202_all__4.npy,Normal
Pistachio/VAD/vit-features/train/normal/industrial_normal_less/hd202_all__5.npy,Normal
Pistachio/VAD/vit-features/train/normal/industrial_normal_less/hd202_all__6.npy,Normal
Pistachio/VAD/vit-features/train/normal/industrial_normal_less/hd202_all__7.npy,Normal
Pistachio/VAD/vit-features/train/normal/industrial_normal_less/hd202_all__8.npy,Normal
Pistachio/VAD/vit-features/train/normal/industrial_normal_less/hd202_all__9.npy,Normal
Pistachio/VAD/vit-features/train/normal/industrial_normal_less/hd204_all__0.npy,Normal
Pistachio/VAD/vit-features/train/normal/industrial_normal_less/hd204_all__1.npy,Normal
Pistachio/VAD/vit-features/train/normal/industrial_normal_less/hd204_all__2.npy,Normal
Pistachio/VAD/vit-features/train/normal/industrial_normal_less/hd204_all__3.npy,Normal
Pistachio/VAD/vit-features/train/normal/industrial_normal_less/hd204_all__4.npy,Normal
Pistachio/VAD/vit-features/train/normal/industrial_normal_less/hd204_all__5.npy,Normal
Pistachio/VAD/vit-features/train/normal/industrial_normal_less/hd204_all__6.npy,Normal
Pistachio/VAD/vit-features/train/normal/industrial_normal_less/hd204_all__7.npy,Normal
Pistachio/VAD/vit-features/train/normal/industrial_normal_less/hd204_all__8.npy,Normal
Pistachio/VAD/vit-features/train/normal/industrial_normal_less/hd204_all__9.npy,Normal
Pistachio/VAD/vit-features/train/normal/industrial_normal_less/hd205_all__0.npy,Normal
Pistachio/VAD/vit-features/train/normal/industrial_normal_less/hd205_all__1.npy,Normal
Pistachio/VAD/vit-features/train/normal/industrial_normal_less/hd205_all__2.npy,Normal
Pistachio/VAD/vit-features/train/normal/industrial_normal_less/hd205_all__3.npy,Normal
Pistachio/VAD/vit-features/train/normal/industrial_normal_less/hd205_all__4.npy,Normal
Pistachio/VAD/vit-features/train/normal/industrial_normal_less/hd205_all__5.npy,Normal
Pistachio/VAD/vit-features/train/normal/industrial_normal_less/hd205_all__6.npy,Normal
Pistachio/VAD/vit-features/train/normal/industrial_normal_less/hd205_all__7.npy,Normal
Pistachio/VAD/vit-features/train/normal/industrial_normal_less/hd205_all__8.npy,Normal
Pistachio/VAD/vit-features/train/normal/industrial_normal_less/hd205_all__9.npy,Normal
Pistachio/VAD/vit-features/train/normal/industrial_normal_less/hd206_all__0.npy,Normal
Pistachio/VAD/vit-features/train/normal/industrial_normal_less/hd206_all__1.npy,Normal
Pistachio/VAD/vit-features/train/normal/industrial_normal_less/hd206_all__2.npy,Normal
Pistachio/VAD/vit-features/train/normal/industrial_normal_less/hd206_all__3.npy,Normal
Pistachio/VAD/vit-features/train/normal/industrial_normal_less/hd206_all__4.npy,Normal
Pistachio/VAD/vit-features/train/normal/industrial_normal_less/hd206_all__5.npy,Normal
Pistachio/VAD/vit-features/train/normal/industrial_normal_less/hd206_all__6.npy,Normal
Pistachio/VAD/vit-features/train/normal/industrial_normal_less/hd206_all__7.npy,Normal
Pistachio/VAD/vit-features/train/normal/industrial_normal_less/hd206_all__8.npy,Normal
Pistachio/VAD/vit-features/train/normal/industrial_normal_less/hd206_all__9.npy,Normal
Pistachio/VAD/vit-features/train/normal/industrial_normal_less/hd210_all__0.npy,Normal
Pistachio/VAD/vit-features/train/normal/industrial_normal_less/hd210_all__1.npy,Normal
Pistachio/VAD/vit-features/train/normal/industrial_normal_less/hd210_all__2.npy,Normal
Pistachio/VAD/vit-features/train/normal/industrial_normal_less/hd210_all__3.npy,Normal
Pistachio/VAD/vit-features/train/normal/industrial_normal_less/hd210_all__4.npy,Normal
Pistachio/VAD/vit-features/train/normal/industrial_normal_less/hd210_all__5.npy,Normal
Pistachio/VAD/vit-features/train/normal/industrial_normal_less/hd210_all__6.npy,Normal
Pistachio/VAD/vit-features/train/normal/industrial_normal_less/hd210_all__7.npy,Normal
Pistachio/VAD/vit-features/train/normal/industrial_normal_less/hd210_all__8.npy,Normal
Pistachio/VAD/vit-features/train/normal/industrial_normal_less/hd210_all__9.npy,Normal
Pistachio/VAD/vit-features/train/normal/industrial_normal_less/hd211_all__0.npy,Normal
Pistachio/VAD/vit-features/train/normal/industrial_normal_less/hd211_all__1.npy,Normal
Pistachio/VAD/vit-features/train/normal/industrial_normal_less/hd211_all__2.npy,Normal
Pistachio/VAD/vit-features/train/normal/industrial_normal_less/hd211_all__3.npy,Normal
Pistachio/VAD/vit-features/train/normal/industrial_normal_less/hd211_all__4.npy,Normal
Pistachio/VAD/vit-features/train/normal/industrial_normal_less/hd211_all__5.npy,Normal
Pistachio/VAD/vit-features/train/normal/industrial_normal_less/hd211_all__6.npy,Normal
Pistachio/VAD/vit-features/train/normal/industrial_normal_less/hd211_all__7.npy,Normal
Pistachio/VAD/vit-features/train/normal/industrial_normal_less/hd211_all__8.npy,Normal
Pistachio/VAD/vit-features/train/normal/industrial_normal_less/hd211_all__9.npy,Normal
Pistachio/VAD/vit-features/train/normal/industrial_normal_less/hd214_all__0.npy,Normal
Pistachio/VAD/vit-features/train/normal/industrial_normal_less/hd214_all__1.npy,Normal
Pistachio/VAD/vit-features/train/normal/industrial_normal_less/hd214_all__2.npy,Normal
Pistachio/VAD/vit-features/train/normal/industrial_normal_less/hd214_all__3.npy,Normal
Pistachio/VAD/vit-features/train/normal/industrial_normal_less/hd214_all__4.npy,Normal
Pistachio/VAD/vit-features/train/normal/industrial_normal_less/hd214_all__5.npy,Normal
Pistachio/VAD/vit-features/train/normal/industrial_normal_less/hd214_all__6.npy,Normal
Pistachio/VAD/vit-features/train/normal/industrial_normal_less/hd214_all__7.npy,Normal
Pistachio/VAD/vit-features/train/normal/industrial_normal_less/hd214_all__8.npy,Normal
Pistachio/VAD/vit-features/train/normal/industrial_normal_less/hd214_all__9.npy,Normal
Pistachio/VAD/vit-features/train/normal/industrial_normal_less/hd215_all__0.npy,Normal
Pistachio/VAD/vit-features/train/normal/industrial_normal_less/hd215_all__1.npy,Normal
Pistachio/VAD/vit-features/train/normal/industrial_normal_less/hd215_all__2.npy,Normal
Pistachio/VAD/vit-features/train/normal/industrial_normal_less/hd215_all__3.npy,Normal
Pistachio/VAD/vit-features/train/normal/industrial_normal_less/hd215_all__4.npy,Normal
Pistachio/VAD/vit-features/train/normal/industrial_normal_less/hd215_all__5.npy,Normal
Pistachio/VAD/vit-features/train/normal/industrial_normal_less/hd215_all__6.npy,Normal
Pistachio/VAD/vit-features/train/normal/industrial_normal_less/hd215_all__7.npy,Normal
Pistachio/VAD/vit-features/train/normal/industrial_normal_less/hd215_all__8.npy,Normal
Pistachio/VAD/vit-features/train/normal/industrial_normal_less/hd215_all__9.npy,Normal
Pistachio/VAD/vit-features/train/normal/industrial_normal_less/hd217_all__0.npy,Normal
Pistachio/VAD/vit-features/train/normal/industrial_normal_less/hd217_all__1.npy,Normal
Pistachio/VAD/vit-features/train/normal/industrial_normal_less/hd217_all__2.npy,Normal
Pistachio/VAD/vit-features/train/normal/industrial_normal_less/hd217_all__3.npy,Normal
Pistachio/VAD/vit-features/train/normal/industrial_normal_less/hd217_all__4.npy,Normal
Pistachio/VAD/vit-features/train/normal/industrial_normal_less/hd217_all__5.npy,Normal
Pistachio/VAD/vit-features/train/normal/industrial_normal_less/hd217_all__6.npy,Normal
Pistachio/VAD/vit-features/train/normal/industrial_normal_less/hd217_all__7.npy,Normal
Pistachio/VAD/vit-features/train/normal/industrial_normal_less/hd217_all__8.npy,Normal
Pistachio/VAD/vit-features/train/normal/industrial_normal_less/hd217_all__9.npy,Normal
Pistachio/VAD/vit-features/train/normal/industrial_normal_less/hd218_all__0.npy,Normal
Pistachio/VAD/vit-features/train/normal/industrial_normal_less/hd218_all__1.npy,Normal
Pistachio/VAD/vit-features/train/normal/industrial_normal_less/hd218_all__2.npy,Normal
Pistachio/VAD/vit-features/train/normal/industrial_normal_less/hd218_all__3.npy,Normal
Pistachio/VAD/vit-features/train/normal/industrial_normal_less/hd218_all__4.npy,Normal
Pistachio/VAD/vit-features/train/normal/industrial_normal_less/hd218_all__5.npy,Normal
Pistachio/VAD/vit-features/train/normal/industrial_normal_less/hd218_all__6.npy,Normal
Pistachio/VAD/vit-features/train/normal/industrial_normal_less/hd218_all__7.npy,Normal
Pistachio/VAD/vit-features/train/normal/industrial_normal_less/hd218_all__8.npy,Normal
Pistachio/VAD/vit-features/train/normal/industrial_normal_less/hd218_all__9.npy,Normal
Pistachio/VAD/vit-features/train/normal/industrial_normal_less/hd219_all__0.npy,Normal
Pistachio/VAD/vit-features/train/normal/industrial_normal_less/hd219_all__1.npy,Normal
Pistachio/VAD/vit-features/train/normal/industrial_normal_less/hd219_all__2.npy,Normal
Pistachio/VAD/vit-features/train/normal/industrial_normal_less/hd219_all__3.npy,Normal
Pistachio/VAD/vit-features/train/normal/industrial_normal_less/hd219_all__4.npy,Normal
Pistachio/VAD/vit-features/train/normal/industrial_normal_less/hd219_all__5.npy,Normal
Pistachio/VAD/vit-features/train/normal/industrial_normal_less/hd219_all__6.npy,Normal
Pistachio/VAD/vit-features/train/normal/industrial_normal_less/hd219_all__7.npy,Normal
Pistachio/VAD/vit-features/train/normal/industrial_normal_less/hd219_all__8.npy,Normal
Pistachio/VAD/vit-features/train/normal/industrial_normal_less/hd219_all__9.npy,Normal
Pistachio/VAD/vit-features/train/normal/industrial_normal_less/hd220_all__0.npy,Normal
Pistachio/VAD/vit-features/train/normal/industrial_normal_less/hd220_all__1.npy,Normal
Pistachio/VAD/vit-features/train/normal/industrial_normal_less/hd220_all__2.npy,Normal
Pistachio/VAD/vit-features/train/normal/industrial_normal_less/hd220_all__3.npy,Normal
Pistachio/VAD/vit-features/train/normal/industrial_normal_less/hd220_all__4.npy,Normal
Pistachio/VAD/vit-features/train/normal/industrial_normal_less/hd220_all__5.npy,Normal
Pistachio/VAD/vit-features/train/normal/industrial_normal_less/hd220_all__6.npy,Normal
Pistachio/VAD/vit-features/train/normal/industrial_normal_less/hd220_all__7.npy,Normal
Pistachio/VAD/vit-features/train/normal/industrial_normal_less/hd220_all__8.npy,Normal
Pistachio/VAD/vit-features/train/normal/industrial_normal_less/hd220_all__9.npy,Normal
Pistachio/VAD/vit-features/train/normal/industrial_normal_less/hd222_all__0.npy,Normal
Pistachio/VAD/vit-features/train/normal/industrial_normal_less/hd222_all__1.npy,Normal
Pistachio/VAD/vit-features/train/normal/industrial_normal_less/hd222_all__2.npy,Normal
Pistachio/VAD/vit-features/train/normal/industrial_normal_less/hd222_all__3.npy,Normal
Pistachio/VAD/vit-features/train/normal/industrial_normal_less/hd222_all__4.npy,Normal
Pistachio/VAD/vit-features/train/normal/industrial_normal_less/hd222_all__5.npy,Normal
Pistachio/VAD/vit-features/train/normal/industrial_normal_less/hd222_all__6.npy,Normal
Pistachio/VAD/vit-features/train/normal/industrial_normal_less/hd222_all__7.npy,Normal
Pistachio/VAD/vit-features/train/normal/industrial_normal_less/hd222_all__8.npy,Normal
Pistachio/VAD/vit-features/train/normal/industrial_normal_less/hd222_all__9.npy,Normal
Pistachio/VAD/vit-features/train/normal/industrial_normal_less/hd226_all__0.npy,Normal
Pistachio/VAD/vit-features/train/normal/industrial_normal_less/hd226_all__1.npy,Normal
Pistachio/VAD/vit-features/train/normal/industrial_normal_less/hd226_all__2.npy,Normal
Pistachio/VAD/vit-features/train/normal/industrial_normal_less/hd226_all__3.npy,Normal
Pistachio/VAD/vit-features/train/normal/industrial_normal_less/hd226_all__4.npy,Normal
Pistachio/VAD/vit-features/train/normal/industrial_normal_less/hd226_all__5.npy,Normal
Pistachio/VAD/vit-features/train/normal/industrial_normal_less/hd226_all__6.npy,Normal
Pistachio/VAD/vit-features/train/normal/industrial_normal_less/hd226_all__7.npy,Normal
Pistachio/VAD/vit-features/train/normal/industrial_normal_less/hd226_all__8.npy,Normal
Pistachio/VAD/vit-features/train/normal/industrial_normal_less/hd226_all__9.npy,Normal
Pistachio/VAD/vit-features/train/normal/industrial_normal_less/hd229_all__0.npy,Normal
Pistachio/VAD/vit-features/train/normal/industrial_normal_less/hd229_all__1.npy,Normal
Pistachio/VAD/vit-features/train/normal/industrial_normal_less/hd229_all__2.npy,Normal
Pistachio/VAD/vit-features/train/normal/industrial_normal_less/hd229_all__3.npy,Normal
Pistachio/VAD/vit-features/train/normal/industrial_normal_less/hd229_all__4.npy,Normal
Pistachio/VAD/vit-features/train/normal/industrial_normal_less/hd229_all__5.npy,Normal
Pistachio/VAD/vit-features/train/normal/industrial_normal_less/hd229_all__6.npy,Normal
Pistachio/VAD/vit-features/train/normal/industrial_normal_less/hd229_all__7.npy,Normal
Pistachio/VAD/vit-features/train/normal/industrial_normal_less/hd229_all__8.npy,Normal
Pistachio/VAD/vit-features/train/normal/industrial_normal_less/hd229_all__9.npy,Normal
Pistachio/VAD/vit-features/train/normal/industrial_normal_less/hd230_all__0.npy,Normal
Pistachio/VAD/vit-features/train/normal/industrial_normal_less/hd230_all__1.npy,Normal
Pistachio/VAD/vit-features/train/normal/industrial_normal_less/hd230_all__2.npy,Normal
Pistachio/VAD/vit-features/train/normal/industrial_normal_less/hd230_all__3.npy,Normal
Pistachio/VAD/vit-features/train/normal/industrial_normal_less/hd230_all__4.npy,Normal
Pistachio/VAD/vit-features/train/normal/industrial_normal_less/hd230_all__5.npy,Normal
Pistachio/VAD/vit-features/train/normal/industrial_normal_less/hd230_all__6.npy,Normal
Pistachio/VAD/vit-features/train/normal/industrial_normal_less/hd230_all__7.npy,Normal
Pistachio/VAD/vit-features/train/normal/industrial_normal_less/hd230_all__8.npy,Normal
Pistachio/VAD/vit-features/train/normal/industrial_normal_less/hd230_all__9.npy,Normal
Pistachio/VAD/vit-features/train/normal/industrial_normal_less/hd232_all__0.npy,Normal
Pistachio/VAD/vit-features/train/normal/industrial_normal_less/hd232_all__1.npy,Normal
Pistachio/VAD/vit-features/train/normal/industrial_normal_less/hd232_all__2.npy,Normal
Pistachio/VAD/vit-features/train/normal/industrial_normal_less/hd232_all__3.npy,Normal
Pistachio/VAD/vit-features/train/normal/industrial_normal_less/hd232_all__4.npy,Normal
Pistachio/VAD/vit-features/train/normal/industrial_normal_less/hd232_all__5.npy,Normal
Pistachio/VAD/vit-features/train/normal/industrial_normal_less/hd232_all__6.npy,Normal
Pistachio/VAD/vit-features/train/normal/industrial_normal_less/hd232_all__7.npy,Normal
Pistachio/VAD/vit-features/train/normal/industrial_normal_less/hd232_all__8.npy,Normal
Pistachio/VAD/vit-features/train/normal/industrial_normal_less/hd232_all__9.npy,Normal
Pistachio/VAD/vit-features/train/normal/industrial_normal_less/hd234_all__0.npy,Normal
Pistachio/VAD/vit-features/train/normal/industrial_normal_less/hd234_all__1.npy,Normal
Pistachio/VAD/vit-features/train/normal/industrial_normal_less/hd234_all__2.npy,Normal
Pistachio/VAD/vit-features/train/normal/industrial_normal_less/hd234_all__3.npy,Normal
Pistachio/VAD/vit-features/train/normal/industrial_normal_less/hd234_all__4.npy,Normal
Pistachio/VAD/vit-features/train/normal/industrial_normal_less/hd234_all__5.npy,Normal
Pistachio/VAD/vit-features/train/normal/industrial_normal_less/hd234_all__6.npy,Normal
Pistachio/VAD/vit-features/train/normal/industrial_normal_less/hd234_all__7.npy,Normal
Pistachio/VAD/vit-features/train/normal/industrial_normal_less/hd234_all__8.npy,Normal
Pistachio/VAD/vit-features/train/normal/industrial_normal_less/hd234_all__9.npy,Normal
Pistachio/VAD/vit-features/train/normal/industrial_normal_less/hd235_all__0.npy,Normal
Pistachio/VAD/vit-features/train/normal/industrial_normal_less/hd235_all__1.npy,Normal
Pistachio/VAD/vit-features/train/normal/industrial_normal_less/hd235_all__2.npy,Normal
Pistachio/VAD/vit-features/train/normal/industrial_normal_less/hd235_all__3.npy,Normal
Pistachio/VAD/vit-features/train/normal/industrial_normal_less/hd235_all__4.npy,Normal
Pistachio/VAD/vit-features/train/normal/industrial_normal_less/hd235_all__5.npy,Normal
Pistachio/VAD/vit-features/train/normal/industrial_normal_less/hd235_all__6.npy,Normal
Pistachio/VAD/vit-features/train/normal/industrial_normal_less/hd235_all__7.npy,Normal
Pistachio/VAD/vit-features/train/normal/industrial_normal_less/hd235_all__8.npy,Normal
Pistachio/VAD/vit-features/train/normal/industrial_normal_less/hd235_all__9.npy,Normal
Pistachio/VAD/vit-features/train/normal/industrial_normal_less/hd236_all__0.npy,Normal
Pistachio/VAD/vit-features/train/normal/industrial_normal_less/hd236_all__1.npy,Normal
Pistachio/VAD/vit-features/train/normal/industrial_normal_less/hd236_all__2.npy,Normal
Pistachio/VAD/vit-features/train/normal/industrial_normal_less/hd236_all__3.npy,Normal
Pistachio/VAD/vit-features/train/normal/industrial_normal_less/hd236_all__4.npy,Normal
Pistachio/VAD/vit-features/train/normal/industrial_normal_less/hd236_all__5.npy,Normal
Pistachio/VAD/vit-features/train/normal/industrial_normal_less/hd236_all__6.npy,Normal
Pistachio/VAD/vit-features/train/normal/industrial_normal_less/hd236_all__7.npy,Normal
Pistachio/VAD/vit-features/train/normal/industrial_normal_less/hd236_all__8.npy,Normal
Pistachio/VAD/vit-features/train/normal/industrial_normal_less/hd236_all__9.npy,Normal
Pistachio/VAD/vit-features/train/normal/industrial_normal_less/hd237_all__0.npy,Normal
Pistachio/VAD/vit-features/train/normal/industrial_normal_less/hd237_all__1.npy,Normal
Pistachio/VAD/vit-features/train/normal/industrial_normal_less/hd237_all__2.npy,Normal
Pistachio/VAD/vit-features/train/normal/industrial_normal_less/hd237_all__3.npy,Normal
Pistachio/VAD/vit-features/train/normal/industrial_normal_less/hd237_all__4.npy,Normal
Pistachio/VAD/vit-features/train/normal/industrial_normal_less/hd237_all__5.npy,Normal
Pistachio/VAD/vit-features/train/normal/industrial_normal_less/hd237_all__6.npy,Normal
Pistachio/VAD/vit-features/train/normal/industrial_normal_less/hd237_all__7.npy,Normal
Pistachio/VAD/vit-features/train/normal/industrial_normal_less/hd237_all__8.npy,Normal
Pistachio/VAD/vit-features/train/normal/industrial_normal_less/hd237_all__9.npy,Normal
Pistachio/VAD/vit-features/train/normal/industrial_normal_less/hd23_all__0.npy,Normal
Pistachio/VAD/vit-features/train/normal/industrial_normal_less/hd23_all__1.npy,Normal
Pistachio/VAD/vit-features/train/normal/industrial_normal_less/hd23_all__2.npy,Normal
Pistachio/VAD/vit-features/train/normal/industrial_normal_less/hd23_all__3.npy,Normal
Pistachio/VAD/vit-features/train/normal/industrial_normal_less/hd23_all__4.npy,Normal
Pistachio/VAD/vit-features/train/normal/industrial_normal_less/hd23_all__5.npy,Normal
Pistachio/VAD/vit-features/train/normal/industrial_normal_less/hd23_all__6.npy,Normal
Pistachio/VAD/vit-features/train/normal/industrial_normal_less/hd23_all__7.npy,Normal
Pistachio/VAD/vit-features/train/normal/industrial_normal_less/hd23_all__8.npy,Normal
Pistachio/VAD/vit-features/train/normal/industrial_normal_less/hd23_all__9.npy,Normal
Pistachio/VAD/vit-features/train/normal/industrial_normal_less/hd240_all__0.npy,Normal
Pistachio/VAD/vit-features/train/normal/industrial_normal_less/hd240_all__1.npy,Normal
Pistachio/VAD/vit-features/train/normal/industrial_normal_less/hd240_all__2.npy,Normal
Pistachio/VAD/vit-features/train/normal/industrial_normal_less/hd240_all__3.npy,Normal
Pistachio/VAD/vit-features/train/normal/industrial_normal_less/hd240_all__4.npy,Normal
Pistachio/VAD/vit-features/train/normal/industrial_normal_less/hd240_all__5.npy,Normal
Pistachio/VAD/vit-features/train/normal/industrial_normal_less/hd240_all__6.npy,Normal
Pistachio/VAD/vit-features/train/normal/industrial_normal_less/hd240_all__7.npy,Normal
Pistachio/VAD/vit-features/train/normal/industrial_normal_less/hd240_all__8.npy,Normal
Pistachio/VAD/vit-features/train/normal/industrial_normal_less/hd240_all__9.npy,Normal
Pistachio/VAD/vit-features/train/normal/industrial_normal_less/hd241_all__0.npy,Normal
Pistachio/VAD/vit-features/train/normal/industrial_normal_less/hd241_all__1.npy,Normal
Pistachio/VAD/vit-features/train/normal/industrial_normal_less/hd241_all__2.npy,Normal
Pistachio/VAD/vit-features/train/normal/industrial_normal_less/hd241_all__3.npy,Normal
Pistachio/VAD/vit-features/train/normal/industrial_normal_less/hd241_all__4.npy,Normal
Pistachio/VAD/vit-features/train/normal/industrial_normal_less/hd241_all__5.npy,Normal
Pistachio/VAD/vit-features/train/normal/industrial_normal_less/hd241_all__6.npy,Normal
Pistachio/VAD/vit-features/train/normal/industrial_normal_less/hd241_all__7.npy,Normal
Pistachio/VAD/vit-features/train/normal/industrial_normal_less/hd241_all__8.npy,Normal
Pistachio/VAD/vit-features/train/normal/industrial_normal_less/hd241_all__9.npy,Normal
Pistachio/VAD/vit-features/train/normal/industrial_normal_less/hd245_all__0.npy,Normal
Pistachio/VAD/vit-features/train/normal/industrial_normal_less/hd245_all__1.npy,Normal
Pistachio/VAD/vit-features/train/normal/industrial_normal_less/hd245_all__2.npy,Normal
Pistachio/VAD/vit-features/train/normal/industrial_normal_less/hd245_all__3.npy,Normal
Pistachio/VAD/vit-features/train/normal/industrial_normal_less/hd245_all__4.npy,Normal
Pistachio/VAD/vit-features/train/normal/industrial_normal_less/hd245_all__5.npy,Normal
Pistachio/VAD/vit-features/train/normal/industrial_normal_less/hd245_all__6.npy,Normal
Pistachio/VAD/vit-features/train/normal/industrial_normal_less/hd245_all__7.npy,Normal
Pistachio/VAD/vit-features/train/normal/industrial_normal_less/hd245_all__8.npy,Normal
Pistachio/VAD/vit-features/train/normal/industrial_normal_less/hd245_all__9.npy,Normal
Pistachio/VAD/vit-features/train/normal/industrial_normal_less/hd250_all__0.npy,Normal
Pistachio/VAD/vit-features/train/normal/industrial_normal_less/hd250_all__1.npy,Normal
Pistachio/VAD/vit-features/train/normal/industrial_normal_less/hd250_all__2.npy,Normal
Pistachio/VAD/vit-features/train/normal/industrial_normal_less/hd250_all__3.npy,Normal
Pistachio/VAD/vit-features/train/normal/industrial_normal_less/hd250_all__4.npy,Normal
Pistachio/VAD/vit-features/train/normal/industrial_normal_less/hd250_all__5.npy,Normal
Pistachio/VAD/vit-features/train/normal/industrial_normal_less/hd250_all__6.npy,Normal
Pistachio/VAD/vit-features/train/normal/industrial_normal_less/hd250_all__7.npy,Normal
Pistachio/VAD/vit-features/train/normal/industrial_normal_less/hd250_all__8.npy,Normal
Pistachio/VAD/vit-features/train/normal/industrial_normal_less/hd250_all__9.npy,Normal
Pistachio/VAD/vit-features/train/normal/industrial_normal_less/hd251_all__0.npy,Normal
Pistachio/VAD/vit-features/train/normal/industrial_normal_less/hd251_all__1.npy,Normal
Pistachio/VAD/vit-features/train/normal/industrial_normal_less/hd251_all__2.npy,Normal
Pistachio/VAD/vit-features/train/normal/industrial_normal_less/hd251_all__3.npy,Normal
Pistachio/VAD/vit-features/train/normal/industrial_normal_less/hd251_all__4.npy,Normal
Pistachio/VAD/vit-features/train/normal/industrial_normal_less/hd251_all__5.npy,Normal
Pistachio/VAD/vit-features/train/normal/industrial_normal_less/hd251_all__6.npy,Normal
Pistachio/VAD/vit-features/train/normal/industrial_normal_less/hd251_all__7.npy,Normal
Pistachio/VAD/vit-features/train/normal/industrial_normal_less/hd251_all__8.npy,Normal
Pistachio/VAD/vit-features/train/normal/industrial_normal_less/hd251_all__9.npy,Normal
Pistachio/VAD/vit-features/train/normal/industrial_normal_less/hd253_all__0.npy,Normal
Pistachio/VAD/vit-features/train/normal/industrial_normal_less/hd253_all__1.npy,Normal
Pistachio/VAD/vit-features/train/normal/industrial_normal_less/hd253_all__2.npy,Normal
Pistachio/VAD/vit-features/train/normal/industrial_normal_less/hd253_all__3.npy,Normal
Pistachio/VAD/vit-features/train/normal/industrial_normal_less/hd253_all__4.npy,Normal
Pistachio/VAD/vit-features/train/normal/industrial_normal_less/hd253_all__5.npy,Normal
Pistachio/VAD/vit-features/train/normal/industrial_normal_less/hd253_all__6.npy,Normal
Pistachio/VAD/vit-features/train/normal/industrial_normal_less/hd253_all__7.npy,Normal
Pistachio/VAD/vit-features/train/normal/industrial_normal_less/hd253_all__8.npy,Normal
Pistachio/VAD/vit-features/train/normal/industrial_normal_less/hd253_all__9.npy,Normal
Pistachio/VAD/vit-features/train/normal/industrial_normal_less/hd254_all__0.npy,Normal
Pistachio/VAD/vit-features/train/normal/industrial_normal_less/hd254_all__1.npy,Normal
Pistachio/VAD/vit-features/train/normal/industrial_normal_less/hd254_all__2.npy,Normal
Pistachio/VAD/vit-features/train/normal/industrial_normal_less/hd254_all__3.npy,Normal
Pistachio/VAD/vit-features/train/normal/industrial_normal_less/hd254_all__4.npy,Normal
Pistachio/VAD/vit-features/train/normal/industrial_normal_less/hd254_all__5.npy,Normal
Pistachio/VAD/vit-features/train/normal/industrial_normal_less/hd254_all__6.npy,Normal
Pistachio/VAD/vit-features/train/normal/industrial_normal_less/hd254_all__7.npy,Normal
Pistachio/VAD/vit-features/train/normal/industrial_normal_less/hd254_all__8.npy,Normal
Pistachio/VAD/vit-features/train/normal/industrial_normal_less/hd254_all__9.npy,Normal
Pistachio/VAD/vit-features/train/normal/industrial_normal_less/hd255_all__0.npy,Normal
Pistachio/VAD/vit-features/train/normal/industrial_normal_less/hd255_all__1.npy,Normal
Pistachio/VAD/vit-features/train/normal/industrial_normal_less/hd255_all__2.npy,Normal
Pistachio/VAD/vit-features/train/normal/industrial_normal_less/hd255_all__3.npy,Normal
Pistachio/VAD/vit-features/train/normal/industrial_normal_less/hd255_all__4.npy,Normal
Pistachio/VAD/vit-features/train/normal/industrial_normal_less/hd255_all__5.npy,Normal
Pistachio/VAD/vit-features/train/normal/industrial_normal_less/hd255_all__6.npy,Normal
Pistachio/VAD/vit-features/train/normal/industrial_normal_less/hd255_all__7.npy,Normal
Pistachio/VAD/vit-features/train/normal/industrial_normal_less/hd255_all__8.npy,Normal
Pistachio/VAD/vit-features/train/normal/industrial_normal_less/hd255_all__9.npy,Normal
Pistachio/VAD/vit-features/train/normal/industrial_normal_less/hd256_all__0.npy,Normal
Pistachio/VAD/vit-features/train/normal/industrial_normal_less/hd256_all__1.npy,Normal
Pistachio/VAD/vit-features/train/normal/industrial_normal_less/hd256_all__2.npy,Normal
Pistachio/VAD/vit-features/train/normal/industrial_normal_less/hd256_all__3.npy,Normal
Pistachio/VAD/vit-features/train/normal/industrial_normal_less/hd256_all__4.npy,Normal
Pistachio/VAD/vit-features/train/normal/industrial_normal_less/hd256_all__5.npy,Normal
Pistachio/VAD/vit-features/train/normal/industrial_normal_less/hd256_all__6.npy,Normal
Pistachio/VAD/vit-features/train/normal/industrial_normal_less/hd256_all__7.npy,Normal
Pistachio/VAD/vit-features/train/normal/industrial_normal_less/hd256_all__8.npy,Normal
Pistachio/VAD/vit-features/train/normal/industrial_normal_less/hd256_all__9.npy,Normal
Pistachio/VAD/vit-features/train/normal/industrial_normal_less/hd259_all__0.npy,Normal
Pistachio/VAD/vit-features/train/normal/industrial_normal_less/hd259_all__1.npy,Normal
Pistachio/VAD/vit-features/train/normal/industrial_normal_less/hd259_all__2.npy,Normal
Pistachio/VAD/vit-features/train/normal/industrial_normal_less/hd259_all__3.npy,Normal
Pistachio/VAD/vit-features/train/normal/industrial_normal_less/hd259_all__4.npy,Normal
Pistachio/VAD/vit-features/train/normal/industrial_normal_less/hd259_all__5.npy,Normal
Pistachio/VAD/vit-features/train/normal/industrial_normal_less/hd259_all__6.npy,Normal
Pistachio/VAD/vit-features/train/normal/industrial_normal_less/hd259_all__7.npy,Normal
Pistachio/VAD/vit-features/train/normal/industrial_normal_less/hd259_all__8.npy,Normal
Pistachio/VAD/vit-features/train/normal/industrial_normal_less/hd259_all__9.npy,Normal
Pistachio/VAD/vit-features/train/normal/industrial_normal_less/hd25_all__0.npy,Normal
Pistachio/VAD/vit-features/train/normal/industrial_normal_less/hd25_all__1.npy,Normal
Pistachio/VAD/vit-features/train/normal/industrial_normal_less/hd25_all__2.npy,Normal
Pistachio/VAD/vit-features/train/normal/industrial_normal_less/hd25_all__3.npy,Normal
Pistachio/VAD/vit-features/train/normal/industrial_normal_less/hd25_all__4.npy,Normal
Pistachio/VAD/vit-features/train/normal/industrial_normal_less/hd25_all__5.npy,Normal
Pistachio/VAD/vit-features/train/normal/industrial_normal_less/hd25_all__6.npy,Normal
Pistachio/VAD/vit-features/train/normal/industrial_normal_less/hd25_all__7.npy,Normal
Pistachio/VAD/vit-features/train/normal/industrial_normal_less/hd25_all__8.npy,Normal
Pistachio/VAD/vit-features/train/normal/industrial_normal_less/hd25_all__9.npy,Normal
Pistachio/VAD/vit-features/train/normal/industrial_normal_less/hd260_all__0.npy,Normal
Pistachio/VAD/vit-features/train/normal/industrial_normal_less/hd260_all__1.npy,Normal
Pistachio/VAD/vit-features/train/normal/industrial_normal_less/hd260_all__2.npy,Normal
Pistachio/VAD/vit-features/train/normal/industrial_normal_less/hd260_all__3.npy,Normal
Pistachio/VAD/vit-features/train/normal/industrial_normal_less/hd260_all__4.npy,Normal
Pistachio/VAD/vit-features/train/normal/industrial_normal_less/hd260_all__5.npy,Normal
Pistachio/VAD/vit-features/train/normal/industrial_normal_less/hd260_all__6.npy,Normal
Pistachio/VAD/vit-features/train/normal/industrial_normal_less/hd260_all__7.npy,Normal
Pistachio/VAD/vit-features/train/normal/industrial_normal_less/hd260_all__8.npy,Normal
Pistachio/VAD/vit-features/train/normal/industrial_normal_less/hd260_all__9.npy,Normal
Pistachio/VAD/vit-features/train/normal/industrial_normal_less/hd261_all__0.npy,Normal
Pistachio/VAD/vit-features/train/normal/industrial_normal_less/hd261_all__1.npy,Normal
Pistachio/VAD/vit-features/train/normal/industrial_normal_less/hd261_all__2.npy,Normal
Pistachio/VAD/vit-features/train/normal/industrial_normal_less/hd261_all__3.npy,Normal
Pistachio/VAD/vit-features/train/normal/industrial_normal_less/hd261_all__4.npy,Normal
Pistachio/VAD/vit-features/train/normal/industrial_normal_less/hd261_all__5.npy,Normal
Pistachio/VAD/vit-features/train/normal/industrial_normal_less/hd261_all__6.npy,Normal
Pistachio/VAD/vit-features/train/normal/industrial_normal_less/hd261_all__7.npy,Normal
Pistachio/VAD/vit-features/train/normal/industrial_normal_less/hd261_all__8.npy,Normal
Pistachio/VAD/vit-features/train/normal/industrial_normal_less/hd261_all__9.npy,Normal
Pistachio/VAD/vit-features/train/normal/industrial_normal_less/hd262_all__0.npy,Normal
Pistachio/VAD/vit-features/train/normal/industrial_normal_less/hd262_all__1.npy,Normal
Pistachio/VAD/vit-features/train/normal/industrial_normal_less/hd262_all__2.npy,Normal
Pistachio/VAD/vit-features/train/normal/industrial_normal_less/hd262_all__3.npy,Normal
Pistachio/VAD/vit-features/train/normal/industrial_normal_less/hd262_all__4.npy,Normal
Pistachio/VAD/vit-features/train/normal/industrial_normal_less/hd262_all__5.npy,Normal
Pistachio/VAD/vit-features/train/normal/industrial_normal_less/hd262_all__6.npy,Normal
Pistachio/VAD/vit-features/train/normal/industrial_normal_less/hd262_all__7.npy,Normal
Pistachio/VAD/vit-features/train/normal/industrial_normal_less/hd262_all__8.npy,Normal
Pistachio/VAD/vit-features/train/normal/industrial_normal_less/hd262_all__9.npy,Normal
Pistachio/VAD/vit-features/train/normal/industrial_normal_less/hd267_all__0.npy,Normal
Pistachio/VAD/vit-features/train/normal/industrial_normal_less/hd267_all__1.npy,Normal
Pistachio/VAD/vit-features/train/normal/industrial_normal_less/hd267_all__2.npy,Normal
Pistachio/VAD/vit-features/train/normal/industrial_normal_less/hd267_all__3.npy,Normal
Pistachio/VAD/vit-features/train/normal/industrial_normal_less/hd267_all__4.npy,Normal
Pistachio/VAD/vit-features/train/normal/industrial_normal_less/hd267_all__5.npy,Normal
Pistachio/VAD/vit-features/train/normal/industrial_normal_less/hd267_all__6.npy,Normal
Pistachio/VAD/vit-features/train/normal/industrial_normal_less/hd267_all__7.npy,Normal
Pistachio/VAD/vit-features/train/normal/industrial_normal_less/hd267_all__8.npy,Normal
Pistachio/VAD/vit-features/train/normal/industrial_normal_less/hd267_all__9.npy,Normal
Pistachio/VAD/vit-features/train/normal/industrial_normal_less/hd268_all__0.npy,Normal
Pistachio/VAD/vit-features/train/normal/industrial_normal_less/hd268_all__1.npy,Normal
Pistachio/VAD/vit-features/train/normal/industrial_normal_less/hd268_all__2.npy,Normal
Pistachio/VAD/vit-features/train/normal/industrial_normal_less/hd268_all__3.npy,Normal
Pistachio/VAD/vit-features/train/normal/industrial_normal_less/hd268_all__4.npy,Normal
Pistachio/VAD/vit-features/train/normal/industrial_normal_less/hd268_all__5.npy,Normal
Pistachio/VAD/vit-features/train/normal/industrial_normal_less/hd268_all__6.npy,Normal
Pistachio/VAD/vit-features/train/normal/industrial_normal_less/hd268_all__7.npy,Normal
Pistachio/VAD/vit-features/train/normal/industrial_normal_less/hd268_all__8.npy,Normal
Pistachio/VAD/vit-features/train/normal/industrial_normal_less/hd268_all__9.npy,Normal
Pistachio/VAD/vit-features/train/normal/industrial_normal_less/hd274_all__0.npy,Normal
Pistachio/VAD/vit-features/train/normal/industrial_normal_less/hd274_all__1.npy,Normal
Pistachio/VAD/vit-features/train/normal/industrial_normal_less/hd274_all__2.npy,Normal
Pistachio/VAD/vit-features/train/normal/industrial_normal_less/hd274_all__3.npy,Normal
Pistachio/VAD/vit-features/train/normal/industrial_normal_less/hd274_all__4.npy,Normal
Pistachio/VAD/vit-features/train/normal/industrial_normal_less/hd274_all__5.npy,Normal
Pistachio/VAD/vit-features/train/normal/industrial_normal_less/hd274_all__6.npy,Normal
Pistachio/VAD/vit-features/train/normal/industrial_normal_less/hd274_all__7.npy,Normal
Pistachio/VAD/vit-features/train/normal/industrial_normal_less/hd274_all__8.npy,Normal
Pistachio/VAD/vit-features/train/normal/industrial_normal_less/hd274_all__9.npy,Normal
Pistachio/VAD/vit-features/train/normal/industrial_normal_less/hd275_all__0.npy,Normal
Pistachio/VAD/vit-features/train/normal/industrial_normal_less/hd275_all__1.npy,Normal
Pistachio/VAD/vit-features/train/normal/industrial_normal_less/hd275_all__2.npy,Normal
Pistachio/VAD/vit-features/train/normal/industrial_normal_less/hd275_all__3.npy,Normal
Pistachio/VAD/vit-features/train/normal/industrial_normal_less/hd275_all__4.npy,Normal
Pistachio/VAD/vit-features/train/normal/industrial_normal_less/hd275_all__5.npy,Normal
Pistachio/VAD/vit-features/train/normal/industrial_normal_less/hd275_all__6.npy,Normal
Pistachio/VAD/vit-features/train/normal/industrial_normal_less/hd275_all__7.npy,Normal
Pistachio/VAD/vit-features/train/normal/industrial_normal_less/hd275_all__8.npy,Normal
Pistachio/VAD/vit-features/train/normal/industrial_normal_less/hd275_all__9.npy,Normal
Pistachio/VAD/vit-features/train/normal/industrial_normal_less/hd276_all__0.npy,Normal
Pistachio/VAD/vit-features/train/normal/industrial_normal_less/hd276_all__1.npy,Normal
Pistachio/VAD/vit-features/train/normal/industrial_normal_less/hd276_all__2.npy,Normal
Pistachio/VAD/vit-features/train/normal/industrial_normal_less/hd276_all__3.npy,Normal
Pistachio/VAD/vit-features/train/normal/industrial_normal_less/hd276_all__4.npy,Normal
Pistachio/VAD/vit-features/train/normal/industrial_normal_less/hd276_all__5.npy,Normal
Pistachio/VAD/vit-features/train/normal/industrial_normal_less/hd276_all__6.npy,Normal
Pistachio/VAD/vit-features/train/normal/industrial_normal_less/hd276_all__7.npy,Normal
Pistachio/VAD/vit-features/train/normal/industrial_normal_less/hd276_all__8.npy,Normal
Pistachio/VAD/vit-features/train/normal/industrial_normal_less/hd276_all__9.npy,Normal
Pistachio/VAD/vit-features/train/normal/industrial_normal_less/hd277_all__0.npy,Normal
Pistachio/VAD/vit-features/train/normal/industrial_normal_less/hd277_all__1.npy,Normal
Pistachio/VAD/vit-features/train/normal/industrial_normal_less/hd277_all__2.npy,Normal
Pistachio/VAD/vit-features/train/normal/industrial_normal_less/hd277_all__3.npy,Normal
Pistachio/VAD/vit-features/train/normal/industrial_normal_less/hd277_all__4.npy,Normal
Pistachio/VAD/vit-features/train/normal/industrial_normal_less/hd277_all__5.npy,Normal
Pistachio/VAD/vit-features/train/normal/industrial_normal_less/hd277_all__6.npy,Normal
Pistachio/VAD/vit-features/train/normal/industrial_normal_less/hd277_all__7.npy,Normal
Pistachio/VAD/vit-features/train/normal/industrial_normal_less/hd277_all__8.npy,Normal
Pistachio/VAD/vit-features/train/normal/industrial_normal_less/hd277_all__9.npy,Normal
Pistachio/VAD/vit-features/train/normal/industrial_normal_less/hd278_all__0.npy,Normal
Pistachio/VAD/vit-features/train/normal/industrial_normal_less/hd278_all__1.npy,Normal
Pistachio/VAD/vit-features/train/normal/industrial_normal_less/hd278_all__2.npy,Normal
Pistachio/VAD/vit-features/train/normal/industrial_normal_less/hd278_all__3.npy,Normal
Pistachio/VAD/vit-features/train/normal/industrial_normal_less/hd278_all__4.npy,Normal
Pistachio/VAD/vit-features/train/normal/industrial_normal_less/hd278_all__5.npy,Normal
Pistachio/VAD/vit-features/train/normal/industrial_normal_less/hd278_all__6.npy,Normal
Pistachio/VAD/vit-features/train/normal/industrial_normal_less/hd278_all__7.npy,Normal
Pistachio/VAD/vit-features/train/normal/industrial_normal_less/hd278_all__8.npy,Normal
Pistachio/VAD/vit-features/train/normal/industrial_normal_less/hd278_all__9.npy,Normal
Pistachio/VAD/vit-features/train/normal/industrial_normal_less/hd27_all__0.npy,Normal
Pistachio/VAD/vit-features/train/normal/industrial_normal_less/hd27_all__1.npy,Normal
Pistachio/VAD/vit-features/train/normal/industrial_normal_less/hd27_all__2.npy,Normal
Pistachio/VAD/vit-features/train/normal/industrial_normal_less/hd27_all__3.npy,Normal
Pistachio/VAD/vit-features/train/normal/industrial_normal_less/hd27_all__4.npy,Normal
Pistachio/VAD/vit-features/train/normal/industrial_normal_less/hd27_all__5.npy,Normal
Pistachio/VAD/vit-features/train/normal/industrial_normal_less/hd27_all__6.npy,Normal
Pistachio/VAD/vit-features/train/normal/industrial_normal_less/hd27_all__7.npy,Normal
Pistachio/VAD/vit-features/train/normal/industrial_normal_less/hd27_all__8.npy,Normal
Pistachio/VAD/vit-features/train/normal/industrial_normal_less/hd27_all__9.npy,Normal
Pistachio/VAD/vit-features/train/normal/industrial_normal_less/hd281_all__0.npy,Normal
Pistachio/VAD/vit-features/train/normal/industrial_normal_less/hd281_all__1.npy,Normal
Pistachio/VAD/vit-features/train/normal/industrial_normal_less/hd281_all__2.npy,Normal
Pistachio/VAD/vit-features/train/normal/industrial_normal_less/hd281_all__3.npy,Normal
Pistachio/VAD/vit-features/train/normal/industrial_normal_less/hd281_all__4.npy,Normal
Pistachio/VAD/vit-features/train/normal/industrial_normal_less/hd281_all__5.npy,Normal
Pistachio/VAD/vit-features/train/normal/industrial_normal_less/hd281_all__6.npy,Normal
Pistachio/VAD/vit-features/train/normal/industrial_normal_less/hd281_all__7.npy,Normal
Pistachio/VAD/vit-features/train/normal/industrial_normal_less/hd281_all__8.npy,Normal
Pistachio/VAD/vit-features/train/normal/industrial_normal_less/hd281_all__9.npy,Normal
Pistachio/VAD/vit-features/train/normal/industrial_normal_less/hd290_all__0.npy,Normal
Pistachio/VAD/vit-features/train/normal/industrial_normal_less/hd290_all__1.npy,Normal
Pistachio/VAD/vit-features/train/normal/industrial_normal_less/hd290_all__2.npy,Normal
Pistachio/VAD/vit-features/train/normal/industrial_normal_less/hd290_all__3.npy,Normal
Pistachio/VAD/vit-features/train/normal/industrial_normal_less/hd290_all__4.npy,Normal
Pistachio/VAD/vit-features/train/normal/industrial_normal_less/hd290_all__5.npy,Normal
Pistachio/VAD/vit-features/train/normal/industrial_normal_less/hd290_all__6.npy,Normal
Pistachio/VAD/vit-features/train/normal/industrial_normal_less/hd290_all__7.npy,Normal
Pistachio/VAD/vit-features/train/normal/industrial_normal_less/hd290_all__8.npy,Normal
Pistachio/VAD/vit-features/train/normal/industrial_normal_less/hd290_all__9.npy,Normal
Pistachio/VAD/vit-features/train/normal/industrial_normal_less/hd291_all__0.npy,Normal
Pistachio/VAD/vit-features/train/normal/industrial_normal_less/hd291_all__1.npy,Normal
Pistachio/VAD/vit-features/train/normal/industrial_normal_less/hd291_all__2.npy,Normal
Pistachio/VAD/vit-features/train/normal/industrial_normal_less/hd291_all__3.npy,Normal
Pistachio/VAD/vit-features/train/normal/industrial_normal_less/hd291_all__4.npy,Normal
Pistachio/VAD/vit-features/train/normal/industrial_normal_less/hd291_all__5.npy,Normal
Pistachio/VAD/vit-features/train/normal/industrial_normal_less/hd291_all__6.npy,Normal
Pistachio/VAD/vit-features/train/normal/industrial_normal_less/hd291_all__7.npy,Normal
Pistachio/VAD/vit-features/train/normal/industrial_normal_less/hd291_all__8.npy,Normal
Pistachio/VAD/vit-features/train/normal/industrial_normal_less/hd291_all__9.npy,Normal
Pistachio/VAD/vit-features/train/normal/industrial_normal_less/hd299_all__0.npy,Normal
Pistachio/VAD/vit-features/train/normal/industrial_normal_less/hd299_all__1.npy,Normal
Pistachio/VAD/vit-features/train/normal/industrial_normal_less/hd299_all__2.npy,Normal
Pistachio/VAD/vit-features/train/normal/industrial_normal_less/hd299_all__3.npy,Normal
Pistachio/VAD/vit-features/train/normal/industrial_normal_less/hd299_all__4.npy,Normal
Pistachio/VAD/vit-features/train/normal/industrial_normal_less/hd299_all__5.npy,Normal
Pistachio/VAD/vit-features/train/normal/industrial_normal_less/hd299_all__6.npy,Normal
Pistachio/VAD/vit-features/train/normal/industrial_normal_less/hd299_all__7.npy,Normal
Pistachio/VAD/vit-features/train/normal/industrial_normal_less/hd299_all__8.npy,Normal
Pistachio/VAD/vit-features/train/normal/industrial_normal_less/hd299_all__9.npy,Normal
Pistachio/VAD/vit-features/train/normal/industrial_normal_less/hd300_all__0.npy,Normal
Pistachio/VAD/vit-features/train/normal/industrial_normal_less/hd300_all__1.npy,Normal
Pistachio/VAD/vit-features/train/normal/industrial_normal_less/hd300_all__2.npy,Normal
Pistachio/VAD/vit-features/train/normal/industrial_normal_less/hd300_all__3.npy,Normal
Pistachio/VAD/vit-features/train/normal/industrial_normal_less/hd300_all__4.npy,Normal
Pistachio/VAD/vit-features/train/normal/industrial_normal_less/hd300_all__5.npy,Normal
Pistachio/VAD/vit-features/train/normal/industrial_normal_less/hd300_all__6.npy,Normal
Pistachio/VAD/vit-features/train/normal/industrial_normal_less/hd300_all__7.npy,Normal
Pistachio/VAD/vit-features/train/normal/industrial_normal_less/hd300_all__8.npy,Normal
Pistachio/VAD/vit-features/train/normal/industrial_normal_less/hd300_all__9.npy,Normal
Pistachio/VAD/vit-features/train/normal/industrial_normal_less/hd302_all__0.npy,Normal
Pistachio/VAD/vit-features/train/normal/industrial_normal_less/hd302_all__1.npy,Normal
Pistachio/VAD/vit-features/train/normal/industrial_normal_less/hd302_all__2.npy,Normal
Pistachio/VAD/vit-features/train/normal/industrial_normal_less/hd302_all__3.npy,Normal
Pistachio/VAD/vit-features/train/normal/industrial_normal_less/hd302_all__4.npy,Normal
Pistachio/VAD/vit-features/train/normal/industrial_normal_less/hd302_all__5.npy,Normal
Pistachio/VAD/vit-features/train/normal/industrial_normal_less/hd302_all__6.npy,Normal
Pistachio/VAD/vit-features/train/normal/industrial_normal_less/hd302_all__7.npy,Normal
Pistachio/VAD/vit-features/train/normal/industrial_normal_less/hd302_all__8.npy,Normal
Pistachio/VAD/vit-features/train/normal/industrial_normal_less/hd302_all__9.npy,Normal
Pistachio/VAD/vit-features/train/normal/industrial_normal_less/hd304_all__0.npy,Normal
Pistachio/VAD/vit-features/train/normal/industrial_normal_less/hd304_all__1.npy,Normal
Pistachio/VAD/vit-features/train/normal/industrial_normal_less/hd304_all__2.npy,Normal
Pistachio/VAD/vit-features/train/normal/industrial_normal_less/hd304_all__3.npy,Normal
Pistachio/VAD/vit-features/train/normal/industrial_normal_less/hd304_all__4.npy,Normal
Pistachio/VAD/vit-features/train/normal/industrial_normal_less/hd304_all__5.npy,Normal
Pistachio/VAD/vit-features/train/normal/industrial_normal_less/hd304_all__6.npy,Normal
Pistachio/VAD/vit-features/train/normal/industrial_normal_less/hd304_all__7.npy,Normal
Pistachio/VAD/vit-features/train/normal/industrial_normal_less/hd304_all__8.npy,Normal
Pistachio/VAD/vit-features/train/normal/industrial_normal_less/hd304_all__9.npy,Normal
Pistachio/VAD/vit-features/train/normal/industrial_normal_less/hd305_all__0.npy,Normal
Pistachio/VAD/vit-features/train/normal/industrial_normal_less/hd305_all__1.npy,Normal
Pistachio/VAD/vit-features/train/normal/industrial_normal_less/hd305_all__2.npy,Normal
Pistachio/VAD/vit-features/train/normal/industrial_normal_less/hd305_all__3.npy,Normal
Pistachio/VAD/vit-features/train/normal/industrial_normal_less/hd305_all__4.npy,Normal
Pistachio/VAD/vit-features/train/normal/industrial_normal_less/hd305_all__5.npy,Normal
Pistachio/VAD/vit-features/train/normal/industrial_normal_less/hd305_all__6.npy,Normal
Pistachio/VAD/vit-features/train/normal/industrial_normal_less/hd305_all__7.npy,Normal
Pistachio/VAD/vit-features/train/normal/industrial_normal_less/hd305_all__8.npy,Normal
Pistachio/VAD/vit-features/train/normal/industrial_normal_less/hd305_all__9.npy,Normal
Pistachio/VAD/vit-features/train/normal/industrial_normal_less/hd311_all__0.npy,Normal
Pistachio/VAD/vit-features/train/normal/industrial_normal_less/hd311_all__1.npy,Normal
Pistachio/VAD/vit-features/train/normal/industrial_normal_less/hd311_all__2.npy,Normal
Pistachio/VAD/vit-features/train/normal/industrial_normal_less/hd311_all__3.npy,Normal
Pistachio/VAD/vit-features/train/normal/industrial_normal_less/hd311_all__4.npy,Normal
Pistachio/VAD/vit-features/train/normal/industrial_normal_less/hd311_all__5.npy,Normal
Pistachio/VAD/vit-features/train/normal/industrial_normal_less/hd311_all__6.npy,Normal
Pistachio/VAD/vit-features/train/normal/industrial_normal_less/hd311_all__7.npy,Normal
Pistachio/VAD/vit-features/train/normal/industrial_normal_less/hd311_all__8.npy,Normal
Pistachio/VAD/vit-features/train/normal/industrial_normal_less/hd311_all__9.npy,Normal
Pistachio/VAD/vit-features/train/normal/industrial_normal_less/hd32_all__0.npy,Normal
Pistachio/VAD/vit-features/train/normal/industrial_normal_less/hd32_all__1.npy,Normal
Pistachio/VAD/vit-features/train/normal/industrial_normal_less/hd32_all__2.npy,Normal
Pistachio/VAD/vit-features/train/normal/industrial_normal_less/hd32_all__3.npy,Normal
Pistachio/VAD/vit-features/train/normal/industrial_normal_less/hd32_all__4.npy,Normal
Pistachio/VAD/vit-features/train/normal/industrial_normal_less/hd32_all__5.npy,Normal
Pistachio/VAD/vit-features/train/normal/industrial_normal_less/hd32_all__6.npy,Normal
Pistachio/VAD/vit-features/train/normal/industrial_normal_less/hd32_all__7.npy,Normal
Pistachio/VAD/vit-features/train/normal/industrial_normal_less/hd32_all__8.npy,Normal
Pistachio/VAD/vit-features/train/normal/industrial_normal_less/hd32_all__9.npy,Normal
Pistachio/VAD/vit-features/train/normal/industrial_normal_less/hd333_all__0.npy,Normal
Pistachio/VAD/vit-features/train/normal/industrial_normal_less/hd333_all__1.npy,Normal
Pistachio/VAD/vit-features/train/normal/industrial_normal_less/hd333_all__2.npy,Normal
Pistachio/VAD/vit-features/train/normal/industrial_normal_less/hd333_all__3.npy,Normal
Pistachio/VAD/vit-features/train/normal/industrial_normal_less/hd333_all__4.npy,Normal
Pistachio/VAD/vit-features/train/normal/industrial_normal_less/hd333_all__5.npy,Normal
Pistachio/VAD/vit-features/train/normal/industrial_normal_less/hd333_all__6.npy,Normal
Pistachio/VAD/vit-features/train/normal/industrial_normal_less/hd333_all__7.npy,Normal
Pistachio/VAD/vit-features/train/normal/industrial_normal_less/hd333_all__8.npy,Normal
Pistachio/VAD/vit-features/train/normal/industrial_normal_less/hd333_all__9.npy,Normal
Pistachio/VAD/vit-features/train/normal/industrial_normal_less/hd334_all__0.npy,Normal
Pistachio/VAD/vit-features/train/normal/industrial_normal_less/hd334_all__1.npy,Normal
Pistachio/VAD/vit-features/train/normal/industrial_normal_less/hd334_all__2.npy,Normal
Pistachio/VAD/vit-features/train/normal/industrial_normal_less/hd334_all__3.npy,Normal
Pistachio/VAD/vit-features/train/normal/industrial_normal_less/hd334_all__4.npy,Normal
Pistachio/VAD/vit-features/train/normal/industrial_normal_less/hd334_all__5.npy,Normal
Pistachio/VAD/vit-features/train/normal/industrial_normal_less/hd334_all__6.npy,Normal
Pistachio/VAD/vit-features/train/normal/industrial_normal_less/hd334_all__7.npy,Normal
Pistachio/VAD/vit-features/train/normal/industrial_normal_less/hd334_all__8.npy,Normal
Pistachio/VAD/vit-features/train/normal/industrial_normal_less/hd334_all__9.npy,Normal
Pistachio/VAD/vit-features/train/normal/industrial_normal_less/hd335_all__0.npy,Normal
Pistachio/VAD/vit-features/train/normal/industrial_normal_less/hd335_all__1.npy,Normal
Pistachio/VAD/vit-features/train/normal/industrial_normal_less/hd335_all__2.npy,Normal
Pistachio/VAD/vit-features/train/normal/industrial_normal_less/hd335_all__3.npy,Normal
Pistachio/VAD/vit-features/train/normal/industrial_normal_less/hd335_all__4.npy,Normal
Pistachio/VAD/vit-features/train/normal/industrial_normal_less/hd335_all__5.npy,Normal
Pistachio/VAD/vit-features/train/normal/industrial_normal_less/hd335_all__6.npy,Normal
Pistachio/VAD/vit-features/train/normal/industrial_normal_less/hd335_all__7.npy,Normal
Pistachio/VAD/vit-features/train/normal/industrial_normal_less/hd335_all__8.npy,Normal
Pistachio/VAD/vit-features/train/normal/industrial_normal_less/hd335_all__9.npy,Normal
Pistachio/VAD/vit-features/train/normal/industrial_normal_less/hd338_all__0.npy,Normal
Pistachio/VAD/vit-features/train/normal/industrial_normal_less/hd338_all__1.npy,Normal
Pistachio/VAD/vit-features/train/normal/industrial_normal_less/hd338_all__2.npy,Normal
Pistachio/VAD/vit-features/train/normal/industrial_normal_less/hd338_all__3.npy,Normal
Pistachio/VAD/vit-features/train/normal/industrial_normal_less/hd338_all__4.npy,Normal
Pistachio/VAD/vit-features/train/normal/industrial_normal_less/hd338_all__5.npy,Normal
Pistachio/VAD/vit-features/train/normal/industrial_normal_less/hd338_all__6.npy,Normal
Pistachio/VAD/vit-features/train/normal/industrial_normal_less/hd338_all__7.npy,Normal
Pistachio/VAD/vit-features/train/normal/industrial_normal_less/hd338_all__8.npy,Normal
Pistachio/VAD/vit-features/train/normal/industrial_normal_less/hd338_all__9.npy,Normal
Pistachio/VAD/vit-features/train/normal/industrial_normal_less/hd339_all__0.npy,Normal
Pistachio/VAD/vit-features/train/normal/industrial_normal_less/hd339_all__1.npy,Normal
Pistachio/VAD/vit-features/train/normal/industrial_normal_less/hd339_all__2.npy,Normal
Pistachio/VAD/vit-features/train/normal/industrial_normal_less/hd339_all__3.npy,Normal
Pistachio/VAD/vit-features/train/normal/industrial_normal_less/hd339_all__4.npy,Normal
Pistachio/VAD/vit-features/train/normal/industrial_normal_less/hd339_all__5.npy,Normal
Pistachio/VAD/vit-features/train/normal/industrial_normal_less/hd339_all__6.npy,Normal
Pistachio/VAD/vit-features/train/normal/industrial_normal_less/hd339_all__7.npy,Normal
Pistachio/VAD/vit-features/train/normal/industrial_normal_less/hd339_all__8.npy,Normal
Pistachio/VAD/vit-features/train/normal/industrial_normal_less/hd339_all__9.npy,Normal
Pistachio/VAD/vit-features/train/normal/industrial_normal_less/hd340_all__0.npy,Normal
Pistachio/VAD/vit-features/train/normal/industrial_normal_less/hd340_all__1.npy,Normal
Pistachio/VAD/vit-features/train/normal/industrial_normal_less/hd340_all__2.npy,Normal
Pistachio/VAD/vit-features/train/normal/industrial_normal_less/hd340_all__3.npy,Normal
Pistachio/VAD/vit-features/train/normal/industrial_normal_less/hd340_all__4.npy,Normal
Pistachio/VAD/vit-features/train/normal/industrial_normal_less/hd340_all__5.npy,Normal
Pistachio/VAD/vit-features/train/normal/industrial_normal_less/hd340_all__6.npy,Normal
Pistachio/VAD/vit-features/train/normal/industrial_normal_less/hd340_all__7.npy,Normal
Pistachio/VAD/vit-features/train/normal/industrial_normal_less/hd340_all__8.npy,Normal
Pistachio/VAD/vit-features/train/normal/industrial_normal_less/hd340_all__9.npy,Normal
Pistachio/VAD/vit-features/train/normal/industrial_normal_less/hd344_all__0.npy,Normal
Pistachio/VAD/vit-features/train/normal/industrial_normal_less/hd344_all__1.npy,Normal
Pistachio/VAD/vit-features/train/normal/industrial_normal_less/hd344_all__2.npy,Normal
Pistachio/VAD/vit-features/train/normal/industrial_normal_less/hd344_all__3.npy,Normal
Pistachio/VAD/vit-features/train/normal/industrial_normal_less/hd344_all__4.npy,Normal
Pistachio/VAD/vit-features/train/normal/industrial_normal_less/hd344_all__5.npy,Normal
Pistachio/VAD/vit-features/train/normal/industrial_normal_less/hd344_all__6.npy,Normal
Pistachio/VAD/vit-features/train/normal/industrial_normal_less/hd344_all__7.npy,Normal
Pistachio/VAD/vit-features/train/normal/industrial_normal_less/hd344_all__8.npy,Normal
Pistachio/VAD/vit-features/train/normal/industrial_normal_less/hd344_all__9.npy,Normal
Pistachio/VAD/vit-features/train/normal/industrial_normal_less/hd345_all__0.npy,Normal
Pistachio/VAD/vit-features/train/normal/industrial_normal_less/hd345_all__1.npy,Normal
Pistachio/VAD/vit-features/train/normal/industrial_normal_less/hd345_all__2.npy,Normal
Pistachio/VAD/vit-features/train/normal/industrial_normal_less/hd345_all__3.npy,Normal
Pistachio/VAD/vit-features/train/normal/industrial_normal_less/hd345_all__4.npy,Normal
Pistachio/VAD/vit-features/train/normal/industrial_normal_less/hd345_all__5.npy,Normal
Pistachio/VAD/vit-features/train/normal/industrial_normal_less/hd345_all__6.npy,Normal
Pistachio/VAD/vit-features/train/normal/industrial_normal_less/hd345_all__7.npy,Normal
Pistachio/VAD/vit-features/train/normal/industrial_normal_less/hd345_all__8.npy,Normal
Pistachio/VAD/vit-features/train/normal/industrial_normal_less/hd345_all__9.npy,Normal
Pistachio/VAD/vit-features/train/normal/industrial_normal_less/hd351_all__0.npy,Normal
Pistachio/VAD/vit-features/train/normal/industrial_normal_less/hd351_all__1.npy,Normal
Pistachio/VAD/vit-features/train/normal/industrial_normal_less/hd351_all__2.npy,Normal
Pistachio/VAD/vit-features/train/normal/industrial_normal_less/hd351_all__3.npy,Normal
Pistachio/VAD/vit-features/train/normal/industrial_normal_less/hd351_all__4.npy,Normal
Pistachio/VAD/vit-features/train/normal/industrial_normal_less/hd351_all__5.npy,Normal
Pistachio/VAD/vit-features/train/normal/industrial_normal_less/hd351_all__6.npy,Normal
Pistachio/VAD/vit-features/train/normal/industrial_normal_less/hd351_all__7.npy,Normal
Pistachio/VAD/vit-features/train/normal/industrial_normal_less/hd351_all__8.npy,Normal
Pistachio/VAD/vit-features/train/normal/industrial_normal_less/hd351_all__9.npy,Normal
Pistachio/VAD/vit-features/train/normal/industrial_normal_less/hd352_all__0.npy,Normal
Pistachio/VAD/vit-features/train/normal/industrial_normal_less/hd352_all__1.npy,Normal
Pistachio/VAD/vit-features/train/normal/industrial_normal_less/hd352_all__2.npy,Normal
Pistachio/VAD/vit-features/train/normal/industrial_normal_less/hd352_all__3.npy,Normal
Pistachio/VAD/vit-features/train/normal/industrial_normal_less/hd352_all__4.npy,Normal
Pistachio/VAD/vit-features/train/normal/industrial_normal_less/hd352_all__5.npy,Normal
Pistachio/VAD/vit-features/train/normal/industrial_normal_less/hd352_all__6.npy,Normal
Pistachio/VAD/vit-features/train/normal/industrial_normal_less/hd352_all__7.npy,Normal
Pistachio/VAD/vit-features/train/normal/industrial_normal_less/hd352_all__8.npy,Normal
Pistachio/VAD/vit-features/train/normal/industrial_normal_less/hd352_all__9.npy,Normal
Pistachio/VAD/vit-features/train/normal/industrial_normal_less/hd353_all__0.npy,Normal
Pistachio/VAD/vit-features/train/normal/industrial_normal_less/hd353_all__1.npy,Normal
Pistachio/VAD/vit-features/train/normal/industrial_normal_less/hd353_all__2.npy,Normal
Pistachio/VAD/vit-features/train/normal/industrial_normal_less/hd353_all__3.npy,Normal
Pistachio/VAD/vit-features/train/normal/industrial_normal_less/hd353_all__4.npy,Normal
Pistachio/VAD/vit-features/train/normal/industrial_normal_less/hd353_all__5.npy,Normal
Pistachio/VAD/vit-features/train/normal/industrial_normal_less/hd353_all__6.npy,Normal
Pistachio/VAD/vit-features/train/normal/industrial_normal_less/hd353_all__7.npy,Normal
Pistachio/VAD/vit-features/train/normal/industrial_normal_less/hd353_all__8.npy,Normal
Pistachio/VAD/vit-features/train/normal/industrial_normal_less/hd353_all__9.npy,Normal
Pistachio/VAD/vit-features/train/normal/industrial_normal_less/hd355_all__0.npy,Normal
Pistachio/VAD/vit-features/train/normal/industrial_normal_less/hd355_all__1.npy,Normal
Pistachio/VAD/vit-features/train/normal/industrial_normal_less/hd355_all__2.npy,Normal
Pistachio/VAD/vit-features/train/normal/industrial_normal_less/hd355_all__3.npy,Normal
Pistachio/VAD/vit-features/train/normal/industrial_normal_less/hd355_all__4.npy,Normal
Pistachio/VAD/vit-features/train/normal/industrial_normal_less/hd355_all__5.npy,Normal
Pistachio/VAD/vit-features/train/normal/industrial_normal_less/hd355_all__6.npy,Normal
Pistachio/VAD/vit-features/train/normal/industrial_normal_less/hd355_all__7.npy,Normal
Pistachio/VAD/vit-features/train/normal/industrial_normal_less/hd355_all__8.npy,Normal
Pistachio/VAD/vit-features/train/normal/industrial_normal_less/hd355_all__9.npy,Normal
Pistachio/VAD/vit-features/train/normal/industrial_normal_less/hd356_all__0.npy,Normal
Pistachio/VAD/vit-features/train/normal/industrial_normal_less/hd356_all__1.npy,Normal
Pistachio/VAD/vit-features/train/normal/industrial_normal_less/hd356_all__2.npy,Normal
Pistachio/VAD/vit-features/train/normal/industrial_normal_less/hd356_all__3.npy,Normal
Pistachio/VAD/vit-features/train/normal/industrial_normal_less/hd356_all__4.npy,Normal
Pistachio/VAD/vit-features/train/normal/industrial_normal_less/hd356_all__5.npy,Normal
Pistachio/VAD/vit-features/train/normal/industrial_normal_less/hd356_all__6.npy,Normal
Pistachio/VAD/vit-features/train/normal/industrial_normal_less/hd356_all__7.npy,Normal
Pistachio/VAD/vit-features/train/normal/industrial_normal_less/hd356_all__8.npy,Normal
Pistachio/VAD/vit-features/train/normal/industrial_normal_less/hd356_all__9.npy,Normal
Pistachio/VAD/vit-features/train/normal/industrial_normal_less/hd361_all__0.npy,Normal
Pistachio/VAD/vit-features/train/normal/industrial_normal_less/hd361_all__1.npy,Normal
Pistachio/VAD/vit-features/train/normal/industrial_normal_less/hd361_all__2.npy,Normal
Pistachio/VAD/vit-features/train/normal/industrial_normal_less/hd361_all__3.npy,Normal
Pistachio/VAD/vit-features/train/normal/industrial_normal_less/hd361_all__4.npy,Normal
Pistachio/VAD/vit-features/train/normal/industrial_normal_less/hd361_all__5.npy,Normal
Pistachio/VAD/vit-features/train/normal/industrial_normal_less/hd361_all__6.npy,Normal
Pistachio/VAD/vit-features/train/normal/industrial_normal_less/hd361_all__7.npy,Normal
Pistachio/VAD/vit-features/train/normal/industrial_normal_less/hd361_all__8.npy,Normal
Pistachio/VAD/vit-features/train/normal/industrial_normal_less/hd361_all__9.npy,Normal
Pistachio/VAD/vit-features/train/normal/industrial_normal_less/hd363_all__0.npy,Normal
Pistachio/VAD/vit-features/train/normal/industrial_normal_less/hd363_all__1.npy,Normal
Pistachio/VAD/vit-features/train/normal/industrial_normal_less/hd363_all__2.npy,Normal
Pistachio/VAD/vit-features/train/normal/industrial_normal_less/hd363_all__3.npy,Normal
Pistachio/VAD/vit-features/train/normal/industrial_normal_less/hd363_all__4.npy,Normal
Pistachio/VAD/vit-features/train/normal/industrial_normal_less/hd363_all__5.npy,Normal
Pistachio/VAD/vit-features/train/normal/industrial_normal_less/hd363_all__6.npy,Normal
Pistachio/VAD/vit-features/train/normal/industrial_normal_less/hd363_all__7.npy,Normal
Pistachio/VAD/vit-features/train/normal/industrial_normal_less/hd363_all__8.npy,Normal
Pistachio/VAD/vit-features/train/normal/industrial_normal_less/hd363_all__9.npy,Normal
Pistachio/VAD/vit-features/train/normal/industrial_normal_less/hd367_all__0.npy,Normal
Pistachio/VAD/vit-features/train/normal/industrial_normal_less/hd367_all__1.npy,Normal
Pistachio/VAD/vit-features/train/normal/industrial_normal_less/hd367_all__2.npy,Normal
Pistachio/VAD/vit-features/train/normal/industrial_normal_less/hd367_all__3.npy,Normal
Pistachio/VAD/vit-features/train/normal/industrial_normal_less/hd367_all__4.npy,Normal
Pistachio/VAD/vit-features/train/normal/industrial_normal_less/hd367_all__5.npy,Normal
Pistachio/VAD/vit-features/train/normal/industrial_normal_less/hd367_all__6.npy,Normal
Pistachio/VAD/vit-features/train/normal/industrial_normal_less/hd367_all__7.npy,Normal
Pistachio/VAD/vit-features/train/normal/industrial_normal_less/hd367_all__8.npy,Normal
Pistachio/VAD/vit-features/train/normal/industrial_normal_less/hd367_all__9.npy,Normal
Pistachio/VAD/vit-features/train/normal/industrial_normal_less/hd375_all__0.npy,Normal
Pistachio/VAD/vit-features/train/normal/industrial_normal_less/hd375_all__1.npy,Normal
Pistachio/VAD/vit-features/train/normal/industrial_normal_less/hd375_all__2.npy,Normal
Pistachio/VAD/vit-features/train/normal/industrial_normal_less/hd375_all__3.npy,Normal
Pistachio/VAD/vit-features/train/normal/industrial_normal_less/hd375_all__4.npy,Normal
Pistachio/VAD/vit-features/train/normal/industrial_normal_less/hd375_all__5.npy,Normal
Pistachio/VAD/vit-features/train/normal/industrial_normal_less/hd375_all__6.npy,Normal
Pistachio/VAD/vit-features/train/normal/industrial_normal_less/hd375_all__7.npy,Normal
Pistachio/VAD/vit-features/train/normal/industrial_normal_less/hd375_all__8.npy,Normal
Pistachio/VAD/vit-features/train/normal/industrial_normal_less/hd375_all__9.npy,Normal
Pistachio/VAD/vit-features/train/normal/industrial_normal_less/hd376_all__0.npy,Normal
Pistachio/VAD/vit-features/train/normal/industrial_normal_less/hd376_all__1.npy,Normal
Pistachio/VAD/vit-features/train/normal/industrial_normal_less/hd376_all__2.npy,Normal
Pistachio/VAD/vit-features/train/normal/industrial_normal_less/hd376_all__3.npy,Normal
Pistachio/VAD/vit-features/train/normal/industrial_normal_less/hd376_all__4.npy,Normal
Pistachio/VAD/vit-features/train/normal/industrial_normal_less/hd376_all__5.npy,Normal
Pistachio/VAD/vit-features/train/normal/industrial_normal_less/hd376_all__6.npy,Normal
Pistachio/VAD/vit-features/train/normal/industrial_normal_less/hd376_all__7.npy,Normal
Pistachio/VAD/vit-features/train/normal/industrial_normal_less/hd376_all__8.npy,Normal
Pistachio/VAD/vit-features/train/normal/industrial_normal_less/hd376_all__9.npy,Normal
Pistachio/VAD/vit-features/train/normal/industrial_normal_less/hd377_all__0.npy,Normal
Pistachio/VAD/vit-features/train/normal/industrial_normal_less/hd377_all__1.npy,Normal
Pistachio/VAD/vit-features/train/normal/industrial_normal_less/hd377_all__2.npy,Normal
Pistachio/VAD/vit-features/train/normal/industrial_normal_less/hd377_all__3.npy,Normal
Pistachio/VAD/vit-features/train/normal/industrial_normal_less/hd377_all__4.npy,Normal
Pistachio/VAD/vit-features/train/normal/industrial_normal_less/hd377_all__5.npy,Normal
Pistachio/VAD/vit-features/train/normal/industrial_normal_less/hd377_all__6.npy,Normal
Pistachio/VAD/vit-features/train/normal/industrial_normal_less/hd377_all__7.npy,Normal
Pistachio/VAD/vit-features/train/normal/industrial_normal_less/hd377_all__8.npy,Normal
Pistachio/VAD/vit-features/train/normal/industrial_normal_less/hd377_all__9.npy,Normal
Pistachio/VAD/vit-features/train/normal/industrial_normal_less/hd378_all__0.npy,Normal
Pistachio/VAD/vit-features/train/normal/industrial_normal_less/hd378_all__1.npy,Normal
Pistachio/VAD/vit-features/train/normal/industrial_normal_less/hd378_all__2.npy,Normal
Pistachio/VAD/vit-features/train/normal/industrial_normal_less/hd378_all__3.npy,Normal
Pistachio/VAD/vit-features/train/normal/industrial_normal_less/hd378_all__4.npy,Normal
Pistachio/VAD/vit-features/train/normal/industrial_normal_less/hd378_all__5.npy,Normal
Pistachio/VAD/vit-features/train/normal/industrial_normal_less/hd378_all__6.npy,Normal
Pistachio/VAD/vit-features/train/normal/industrial_normal_less/hd378_all__7.npy,Normal
Pistachio/VAD/vit-features/train/normal/industrial_normal_less/hd378_all__8.npy,Normal
Pistachio/VAD/vit-features/train/normal/industrial_normal_less/hd378_all__9.npy,Normal
Pistachio/VAD/vit-features/train/normal/industrial_normal_less/hd387_all__0.npy,Normal
Pistachio/VAD/vit-features/train/normal/industrial_normal_less/hd387_all__1.npy,Normal
Pistachio/VAD/vit-features/train/normal/industrial_normal_less/hd387_all__2.npy,Normal
Pistachio/VAD/vit-features/train/normal/industrial_normal_less/hd387_all__3.npy,Normal
Pistachio/VAD/vit-features/train/normal/industrial_normal_less/hd387_all__4.npy,Normal
Pistachio/VAD/vit-features/train/normal/industrial_normal_less/hd387_all__5.npy,Normal
Pistachio/VAD/vit-features/train/normal/industrial_normal_less/hd387_all__6.npy,Normal
Pistachio/VAD/vit-features/train/normal/industrial_normal_less/hd387_all__7.npy,Normal
Pistachio/VAD/vit-features/train/normal/industrial_normal_less/hd387_all__8.npy,Normal
Pistachio/VAD/vit-features/train/normal/industrial_normal_less/hd387_all__9.npy,Normal
Pistachio/VAD/vit-features/train/normal/industrial_normal_less/hd388_all__0.npy,Normal
Pistachio/VAD/vit-features/train/normal/industrial_normal_less/hd388_all__1.npy,Normal
Pistachio/VAD/vit-features/train/normal/industrial_normal_less/hd388_all__2.npy,Normal
Pistachio/VAD/vit-features/train/normal/industrial_normal_less/hd388_all__3.npy,Normal
Pistachio/VAD/vit-features/train/normal/industrial_normal_less/hd388_all__4.npy,Normal
Pistachio/VAD/vit-features/train/normal/industrial_normal_less/hd388_all__5.npy,Normal
Pistachio/VAD/vit-features/train/normal/industrial_normal_less/hd388_all__6.npy,Normal
Pistachio/VAD/vit-features/train/normal/industrial_normal_less/hd388_all__7.npy,Normal
Pistachio/VAD/vit-features/train/normal/industrial_normal_less/hd388_all__8.npy,Normal
Pistachio/VAD/vit-features/train/normal/industrial_normal_less/hd388_all__9.npy,Normal
Pistachio/VAD/vit-features/train/normal/industrial_normal_less/hd389_all__0.npy,Normal
Pistachio/VAD/vit-features/train/normal/industrial_normal_less/hd389_all__1.npy,Normal
Pistachio/VAD/vit-features/train/normal/industrial_normal_less/hd389_all__2.npy,Normal
Pistachio/VAD/vit-features/train/normal/industrial_normal_less/hd389_all__3.npy,Normal
Pistachio/VAD/vit-features/train/normal/industrial_normal_less/hd389_all__4.npy,Normal
Pistachio/VAD/vit-features/train/normal/industrial_normal_less/hd389_all__5.npy,Normal
Pistachio/VAD/vit-features/train/normal/industrial_normal_less/hd389_all__6.npy,Normal
Pistachio/VAD/vit-features/train/normal/industrial_normal_less/hd389_all__7.npy,Normal
Pistachio/VAD/vit-features/train/normal/industrial_normal_less/hd389_all__8.npy,Normal
Pistachio/VAD/vit-features/train/normal/industrial_normal_less/hd389_all__9.npy,Normal
Pistachio/VAD/vit-features/train/normal/industrial_normal_less/hd393_all__0.npy,Normal
Pistachio/VAD/vit-features/train/normal/industrial_normal_less/hd393_all__1.npy,Normal
Pistachio/VAD/vit-features/train/normal/industrial_normal_less/hd393_all__2.npy,Normal
Pistachio/VAD/vit-features/train/normal/industrial_normal_less/hd393_all__3.npy,Normal
Pistachio/VAD/vit-features/train/normal/industrial_normal_less/hd393_all__4.npy,Normal
Pistachio/VAD/vit-features/train/normal/industrial_normal_less/hd393_all__5.npy,Normal
Pistachio/VAD/vit-features/train/normal/industrial_normal_less/hd393_all__6.npy,Normal
Pistachio/VAD/vit-features/train/normal/industrial_normal_less/hd393_all__7.npy,Normal
Pistachio/VAD/vit-features/train/normal/industrial_normal_less/hd393_all__8.npy,Normal
Pistachio/VAD/vit-features/train/normal/industrial_normal_less/hd393_all__9.npy,Normal
Pistachio/VAD/vit-features/train/normal/industrial_normal_less/hd397_all__0.npy,Normal
Pistachio/VAD/vit-features/train/normal/industrial_normal_less/hd397_all__1.npy,Normal
Pistachio/VAD/vit-features/train/normal/industrial_normal_less/hd397_all__2.npy,Normal
Pistachio/VAD/vit-features/train/normal/industrial_normal_less/hd397_all__3.npy,Normal
Pistachio/VAD/vit-features/train/normal/industrial_normal_less/hd397_all__4.npy,Normal
Pistachio/VAD/vit-features/train/normal/industrial_normal_less/hd397_all__5.npy,Normal
Pistachio/VAD/vit-features/train/normal/industrial_normal_less/hd397_all__6.npy,Normal
Pistachio/VAD/vit-features/train/normal/industrial_normal_less/hd397_all__7.npy,Normal
Pistachio/VAD/vit-features/train/normal/industrial_normal_less/hd397_all__8.npy,Normal
Pistachio/VAD/vit-features/train/normal/industrial_normal_less/hd397_all__9.npy,Normal
Pistachio/VAD/vit-features/train/normal/industrial_normal_less/hd403_all__0.npy,Normal
Pistachio/VAD/vit-features/train/normal/industrial_normal_less/hd403_all__1.npy,Normal
Pistachio/VAD/vit-features/train/normal/industrial_normal_less/hd403_all__2.npy,Normal
Pistachio/VAD/vit-features/train/normal/industrial_normal_less/hd403_all__3.npy,Normal
Pistachio/VAD/vit-features/train/normal/industrial_normal_less/hd403_all__4.npy,Normal
Pistachio/VAD/vit-features/train/normal/industrial_normal_less/hd403_all__5.npy,Normal
Pistachio/VAD/vit-features/train/normal/industrial_normal_less/hd403_all__6.npy,Normal
Pistachio/VAD/vit-features/train/normal/industrial_normal_less/hd403_all__7.npy,Normal
Pistachio/VAD/vit-features/train/normal/industrial_normal_less/hd403_all__8.npy,Normal
Pistachio/VAD/vit-features/train/normal/industrial_normal_less/hd403_all__9.npy,Normal
Pistachio/VAD/vit-features/train/normal/industrial_normal_less/hd406_all__0.npy,Normal
Pistachio/VAD/vit-features/train/normal/industrial_normal_less/hd406_all__1.npy,Normal
Pistachio/VAD/vit-features/train/normal/industrial_normal_less/hd406_all__2.npy,Normal
Pistachio/VAD/vit-features/train/normal/industrial_normal_less/hd406_all__3.npy,Normal
Pistachio/VAD/vit-features/train/normal/industrial_normal_less/hd406_all__4.npy,Normal
Pistachio/VAD/vit-features/train/normal/industrial_normal_less/hd406_all__5.npy,Normal
Pistachio/VAD/vit-features/train/normal/industrial_normal_less/hd406_all__6.npy,Normal
Pistachio/VAD/vit-features/train/normal/industrial_normal_less/hd406_all__7.npy,Normal
Pistachio/VAD/vit-features/train/normal/industrial_normal_less/hd406_all__8.npy,Normal
Pistachio/VAD/vit-features/train/normal/industrial_normal_less/hd406_all__9.npy,Normal
Pistachio/VAD/vit-features/train/normal/industrial_normal_less/hd410_all__0.npy,Normal
Pistachio/VAD/vit-features/train/normal/industrial_normal_less/hd410_all__1.npy,Normal
Pistachio/VAD/vit-features/train/normal/industrial_normal_less/hd410_all__2.npy,Normal
Pistachio/VAD/vit-features/train/normal/industrial_normal_less/hd410_all__3.npy,Normal
Pistachio/VAD/vit-features/train/normal/industrial_normal_less/hd410_all__4.npy,Normal
Pistachio/VAD/vit-features/train/normal/industrial_normal_less/hd410_all__5.npy,Normal
Pistachio/VAD/vit-features/train/normal/industrial_normal_less/hd410_all__6.npy,Normal
Pistachio/VAD/vit-features/train/normal/industrial_normal_less/hd410_all__7.npy,Normal
Pistachio/VAD/vit-features/train/normal/industrial_normal_less/hd410_all__8.npy,Normal
Pistachio/VAD/vit-features/train/normal/industrial_normal_less/hd410_all__9.npy,Normal
Pistachio/VAD/vit-features/train/normal/industrial_normal_less/hd411_all__0.npy,Normal
Pistachio/VAD/vit-features/train/normal/industrial_normal_less/hd411_all__1.npy,Normal
Pistachio/VAD/vit-features/train/normal/industrial_normal_less/hd411_all__2.npy,Normal
Pistachio/VAD/vit-features/train/normal/industrial_normal_less/hd411_all__3.npy,Normal
Pistachio/VAD/vit-features/train/normal/industrial_normal_less/hd411_all__4.npy,Normal
Pistachio/VAD/vit-features/train/normal/industrial_normal_less/hd411_all__5.npy,Normal
Pistachio/VAD/vit-features/train/normal/industrial_normal_less/hd411_all__6.npy,Normal
Pistachio/VAD/vit-features/train/normal/industrial_normal_less/hd411_all__7.npy,Normal
Pistachio/VAD/vit-features/train/normal/industrial_normal_less/hd411_all__8.npy,Normal
Pistachio/VAD/vit-features/train/normal/industrial_normal_less/hd411_all__9.npy,Normal
Pistachio/VAD/vit-features/train/normal/industrial_normal_less/hd412_all__0.npy,Normal
Pistachio/VAD/vit-features/train/normal/industrial_normal_less/hd412_all__1.npy,Normal
Pistachio/VAD/vit-features/train/normal/industrial_normal_less/hd412_all__2.npy,Normal
Pistachio/VAD/vit-features/train/normal/industrial_normal_less/hd412_all__3.npy,Normal
Pistachio/VAD/vit-features/train/normal/industrial_normal_less/hd412_all__4.npy,Normal
Pistachio/VAD/vit-features/train/normal/industrial_normal_less/hd412_all__5.npy,Normal
Pistachio/VAD/vit-features/train/normal/industrial_normal_less/hd412_all__6.npy,Normal
Pistachio/VAD/vit-features/train/normal/industrial_normal_less/hd412_all__7.npy,Normal
Pistachio/VAD/vit-features/train/normal/industrial_normal_less/hd412_all__8.npy,Normal
Pistachio/VAD/vit-features/train/normal/industrial_normal_less/hd412_all__9.npy,Normal
Pistachio/VAD/vit-features/train/normal/industrial_normal_less/hd413_all__0.npy,Normal
Pistachio/VAD/vit-features/train/normal/industrial_normal_less/hd413_all__1.npy,Normal
Pistachio/VAD/vit-features/train/normal/industrial_normal_less/hd413_all__2.npy,Normal
Pistachio/VAD/vit-features/train/normal/industrial_normal_less/hd413_all__3.npy,Normal
Pistachio/VAD/vit-features/train/normal/industrial_normal_less/hd413_all__4.npy,Normal
Pistachio/VAD/vit-features/train/normal/industrial_normal_less/hd413_all__5.npy,Normal
Pistachio/VAD/vit-features/train/normal/industrial_normal_less/hd413_all__6.npy,Normal
Pistachio/VAD/vit-features/train/normal/industrial_normal_less/hd413_all__7.npy,Normal
Pistachio/VAD/vit-features/train/normal/industrial_normal_less/hd413_all__8.npy,Normal
Pistachio/VAD/vit-features/train/normal/industrial_normal_less/hd413_all__9.npy,Normal
Pistachio/VAD/vit-features/train/normal/industrial_normal_less/hd414_all__0.npy,Normal
Pistachio/VAD/vit-features/train/normal/industrial_normal_less/hd414_all__1.npy,Normal
Pistachio/VAD/vit-features/train/normal/industrial_normal_less/hd414_all__2.npy,Normal
Pistachio/VAD/vit-features/train/normal/industrial_normal_less/hd414_all__3.npy,Normal
Pistachio/VAD/vit-features/train/normal/industrial_normal_less/hd414_all__4.npy,Normal
Pistachio/VAD/vit-features/train/normal/industrial_normal_less/hd414_all__5.npy,Normal
Pistachio/VAD/vit-features/train/normal/industrial_normal_less/hd414_all__6.npy,Normal
Pistachio/VAD/vit-features/train/normal/industrial_normal_less/hd414_all__7.npy,Normal
Pistachio/VAD/vit-features/train/normal/industrial_normal_less/hd414_all__8.npy,Normal
Pistachio/VAD/vit-features/train/normal/industrial_normal_less/hd414_all__9.npy,Normal
Pistachio/VAD/vit-features/train/normal/industrial_normal_less/hd415_all__0.npy,Normal
Pistachio/VAD/vit-features/train/normal/industrial_normal_less/hd415_all__1.npy,Normal
Pistachio/VAD/vit-features/train/normal/industrial_normal_less/hd415_all__2.npy,Normal
Pistachio/VAD/vit-features/train/normal/industrial_normal_less/hd415_all__3.npy,Normal
Pistachio/VAD/vit-features/train/normal/industrial_normal_less/hd415_all__4.npy,Normal
Pistachio/VAD/vit-features/train/normal/industrial_normal_less/hd415_all__5.npy,Normal
Pistachio/VAD/vit-features/train/normal/industrial_normal_less/hd415_all__6.npy,Normal
Pistachio/VAD/vit-features/train/normal/industrial_normal_less/hd415_all__7.npy,Normal
Pistachio/VAD/vit-features/train/normal/industrial_normal_less/hd415_all__8.npy,Normal
Pistachio/VAD/vit-features/train/normal/industrial_normal_less/hd415_all__9.npy,Normal
Pistachio/VAD/vit-features/train/normal/industrial_normal_less/hd416_all__0.npy,Normal
Pistachio/VAD/vit-features/train/normal/industrial_normal_less/hd416_all__1.npy,Normal
Pistachio/VAD/vit-features/train/normal/industrial_normal_less/hd416_all__2.npy,Normal
Pistachio/VAD/vit-features/train/normal/industrial_normal_less/hd416_all__3.npy,Normal
Pistachio/VAD/vit-features/train/normal/industrial_normal_less/hd416_all__4.npy,Normal
Pistachio/VAD/vit-features/train/normal/industrial_normal_less/hd416_all__5.npy,Normal
Pistachio/VAD/vit-features/train/normal/industrial_normal_less/hd416_all__6.npy,Normal
Pistachio/VAD/vit-features/train/normal/industrial_normal_less/hd416_all__7.npy,Normal
Pistachio/VAD/vit-features/train/normal/industrial_normal_less/hd416_all__8.npy,Normal
Pistachio/VAD/vit-features/train/normal/industrial_normal_less/hd416_all__9.npy,Normal
Pistachio/VAD/vit-features/train/normal/industrial_normal_less/hd421_all__0.npy,Normal
Pistachio/VAD/vit-features/train/normal/industrial_normal_less/hd421_all__1.npy,Normal
Pistachio/VAD/vit-features/train/normal/industrial_normal_less/hd421_all__2.npy,Normal
Pistachio/VAD/vit-features/train/normal/industrial_normal_less/hd421_all__3.npy,Normal
Pistachio/VAD/vit-features/train/normal/industrial_normal_less/hd421_all__4.npy,Normal
Pistachio/VAD/vit-features/train/normal/industrial_normal_less/hd421_all__5.npy,Normal
Pistachio/VAD/vit-features/train/normal/industrial_normal_less/hd421_all__6.npy,Normal
Pistachio/VAD/vit-features/train/normal/industrial_normal_less/hd421_all__7.npy,Normal
Pistachio/VAD/vit-features/train/normal/industrial_normal_less/hd421_all__8.npy,Normal
Pistachio/VAD/vit-features/train/normal/industrial_normal_less/hd421_all__9.npy,Normal
Pistachio/VAD/vit-features/train/normal/industrial_normal_less/hd422_all__0.npy,Normal
Pistachio/VAD/vit-features/train/normal/industrial_normal_less/hd422_all__1.npy,Normal
Pistachio/VAD/vit-features/train/normal/industrial_normal_less/hd422_all__2.npy,Normal
Pistachio/VAD/vit-features/train/normal/industrial_normal_less/hd422_all__3.npy,Normal
Pistachio/VAD/vit-features/train/normal/industrial_normal_less/hd422_all__4.npy,Normal
Pistachio/VAD/vit-features/train/normal/industrial_normal_less/hd422_all__5.npy,Normal
Pistachio/VAD/vit-features/train/normal/industrial_normal_less/hd422_all__6.npy,Normal
Pistachio/VAD/vit-features/train/normal/industrial_normal_less/hd422_all__7.npy,Normal
Pistachio/VAD/vit-features/train/normal/industrial_normal_less/hd422_all__8.npy,Normal
Pistachio/VAD/vit-features/train/normal/industrial_normal_less/hd422_all__9.npy,Normal
Pistachio/VAD/vit-features/train/normal/industrial_normal_less/hd424_all__0.npy,Normal
Pistachio/VAD/vit-features/train/normal/industrial_normal_less/hd424_all__1.npy,Normal
Pistachio/VAD/vit-features/train/normal/industrial_normal_less/hd424_all__2.npy,Normal
Pistachio/VAD/vit-features/train/normal/industrial_normal_less/hd424_all__3.npy,Normal
Pistachio/VAD/vit-features/train/normal/industrial_normal_less/hd424_all__4.npy,Normal
Pistachio/VAD/vit-features/train/normal/industrial_normal_less/hd424_all__5.npy,Normal
Pistachio/VAD/vit-features/train/normal/industrial_normal_less/hd424_all__6.npy,Normal
Pistachio/VAD/vit-features/train/normal/industrial_normal_less/hd424_all__7.npy,Normal
Pistachio/VAD/vit-features/train/normal/industrial_normal_less/hd424_all__8.npy,Normal
Pistachio/VAD/vit-features/train/normal/industrial_normal_less/hd424_all__9.npy,Normal
Pistachio/VAD/vit-features/train/normal/industrial_normal_less/hd425_all__0.npy,Normal
Pistachio/VAD/vit-features/train/normal/industrial_normal_less/hd425_all__1.npy,Normal
Pistachio/VAD/vit-features/train/normal/industrial_normal_less/hd425_all__2.npy,Normal
Pistachio/VAD/vit-features/train/normal/industrial_normal_less/hd425_all__3.npy,Normal
Pistachio/VAD/vit-features/train/normal/industrial_normal_less/hd425_all__4.npy,Normal
Pistachio/VAD/vit-features/train/normal/industrial_normal_less/hd425_all__5.npy,Normal
Pistachio/VAD/vit-features/train/normal/industrial_normal_less/hd425_all__6.npy,Normal
Pistachio/VAD/vit-features/train/normal/industrial_normal_less/hd425_all__7.npy,Normal
Pistachio/VAD/vit-features/train/normal/industrial_normal_less/hd425_all__8.npy,Normal
Pistachio/VAD/vit-features/train/normal/industrial_normal_less/hd425_all__9.npy,Normal
Pistachio/VAD/vit-features/train/normal/industrial_normal_less/hd426_all__0.npy,Normal
Pistachio/VAD/vit-features/train/normal/industrial_normal_less/hd426_all__1.npy,Normal
Pistachio/VAD/vit-features/train/normal/industrial_normal_less/hd426_all__2.npy,Normal
Pistachio/VAD/vit-features/train/normal/industrial_normal_less/hd426_all__3.npy,Normal
Pistachio/VAD/vit-features/train/normal/industrial_normal_less/hd426_all__4.npy,Normal
Pistachio/VAD/vit-features/train/normal/industrial_normal_less/hd426_all__5.npy,Normal
Pistachio/VAD/vit-features/train/normal/industrial_normal_less/hd426_all__6.npy,Normal
Pistachio/VAD/vit-features/train/normal/industrial_normal_less/hd426_all__7.npy,Normal
Pistachio/VAD/vit-features/train/normal/industrial_normal_less/hd426_all__8.npy,Normal
Pistachio/VAD/vit-features/train/normal/industrial_normal_less/hd426_all__9.npy,Normal
Pistachio/VAD/vit-features/train/normal/industrial_normal_less/hd430_all__0.npy,Normal
Pistachio/VAD/vit-features/train/normal/industrial_normal_less/hd430_all__1.npy,Normal
Pistachio/VAD/vit-features/train/normal/industrial_normal_less/hd430_all__2.npy,Normal
Pistachio/VAD/vit-features/train/normal/industrial_normal_less/hd430_all__3.npy,Normal
Pistachio/VAD/vit-features/train/normal/industrial_normal_less/hd430_all__4.npy,Normal
Pistachio/VAD/vit-features/train/normal/industrial_normal_less/hd430_all__5.npy,Normal
Pistachio/VAD/vit-features/train/normal/industrial_normal_less/hd430_all__6.npy,Normal
Pistachio/VAD/vit-features/train/normal/industrial_normal_less/hd430_all__7.npy,Normal
Pistachio/VAD/vit-features/train/normal/industrial_normal_less/hd430_all__8.npy,Normal
Pistachio/VAD/vit-features/train/normal/industrial_normal_less/hd430_all__9.npy,Normal
Pistachio/VAD/vit-features/train/normal/industrial_normal_less/hd434_all__0.npy,Normal
Pistachio/VAD/vit-features/train/normal/industrial_normal_less/hd434_all__1.npy,Normal
Pistachio/VAD/vit-features/train/normal/industrial_normal_less/hd434_all__2.npy,Normal
Pistachio/VAD/vit-features/train/normal/industrial_normal_less/hd434_all__3.npy,Normal
Pistachio/VAD/vit-features/train/normal/industrial_normal_less/hd434_all__4.npy,Normal
Pistachio/VAD/vit-features/train/normal/industrial_normal_less/hd434_all__5.npy,Normal
Pistachio/VAD/vit-features/train/normal/industrial_normal_less/hd434_all__6.npy,Normal
Pistachio/VAD/vit-features/train/normal/industrial_normal_less/hd434_all__7.npy,Normal
Pistachio/VAD/vit-features/train/normal/industrial_normal_less/hd434_all__8.npy,Normal
Pistachio/VAD/vit-features/train/normal/industrial_normal_less/hd434_all__9.npy,Normal
Pistachio/VAD/vit-features/train/normal/industrial_normal_less/hd435_all__0.npy,Normal
Pistachio/VAD/vit-features/train/normal/industrial_normal_less/hd435_all__1.npy,Normal
Pistachio/VAD/vit-features/train/normal/industrial_normal_less/hd435_all__2.npy,Normal
Pistachio/VAD/vit-features/train/normal/industrial_normal_less/hd435_all__3.npy,Normal
Pistachio/VAD/vit-features/train/normal/industrial_normal_less/hd435_all__4.npy,Normal
Pistachio/VAD/vit-features/train/normal/industrial_normal_less/hd435_all__5.npy,Normal
Pistachio/VAD/vit-features/train/normal/industrial_normal_less/hd435_all__6.npy,Normal
Pistachio/VAD/vit-features/train/normal/industrial_normal_less/hd435_all__7.npy,Normal
Pistachio/VAD/vit-features/train/normal/industrial_normal_less/hd435_all__8.npy,Normal
Pistachio/VAD/vit-features/train/normal/industrial_normal_less/hd435_all__9.npy,Normal
Pistachio/VAD/vit-features/train/normal/industrial_normal_less/hd436_all__0.npy,Normal
Pistachio/VAD/vit-features/train/normal/industrial_normal_less/hd436_all__1.npy,Normal
Pistachio/VAD/vit-features/train/normal/industrial_normal_less/hd436_all__2.npy,Normal
Pistachio/VAD/vit-features/train/normal/industrial_normal_less/hd436_all__3.npy,Normal
Pistachio/VAD/vit-features/train/normal/industrial_normal_less/hd436_all__4.npy,Normal
Pistachio/VAD/vit-features/train/normal/industrial_normal_less/hd436_all__5.npy,Normal
Pistachio/VAD/vit-features/train/normal/industrial_normal_less/hd436_all__6.npy,Normal
Pistachio/VAD/vit-features/train/normal/industrial_normal_less/hd436_all__7.npy,Normal
Pistachio/VAD/vit-features/train/normal/industrial_normal_less/hd436_all__8.npy,Normal
Pistachio/VAD/vit-features/train/normal/industrial_normal_less/hd436_all__9.npy,Normal
Pistachio/VAD/vit-features/train/normal/industrial_normal_less/hd437_all__0.npy,Normal
Pistachio/VAD/vit-features/train/normal/industrial_normal_less/hd437_all__1.npy,Normal
Pistachio/VAD/vit-features/train/normal/industrial_normal_less/hd437_all__2.npy,Normal
Pistachio/VAD/vit-features/train/normal/industrial_normal_less/hd437_all__3.npy,Normal
Pistachio/VAD/vit-features/train/normal/industrial_normal_less/hd437_all__4.npy,Normal
Pistachio/VAD/vit-features/train/normal/industrial_normal_less/hd437_all__5.npy,Normal
Pistachio/VAD/vit-features/train/normal/industrial_normal_less/hd437_all__6.npy,Normal
Pistachio/VAD/vit-features/train/normal/industrial_normal_less/hd437_all__7.npy,Normal
Pistachio/VAD/vit-features/train/normal/industrial_normal_less/hd437_all__8.npy,Normal
Pistachio/VAD/vit-features/train/normal/industrial_normal_less/hd437_all__9.npy,Normal
Pistachio/VAD/vit-features/train/normal/industrial_normal_less/hd440_all__0.npy,Normal
Pistachio/VAD/vit-features/train/normal/industrial_normal_less/hd440_all__1.npy,Normal
Pistachio/VAD/vit-features/train/normal/industrial_normal_less/hd440_all__2.npy,Normal
Pistachio/VAD/vit-features/train/normal/industrial_normal_less/hd440_all__3.npy,Normal
Pistachio/VAD/vit-features/train/normal/industrial_normal_less/hd440_all__4.npy,Normal
Pistachio/VAD/vit-features/train/normal/industrial_normal_less/hd440_all__5.npy,Normal
Pistachio/VAD/vit-features/train/normal/industrial_normal_less/hd440_all__6.npy,Normal
Pistachio/VAD/vit-features/train/normal/industrial_normal_less/hd440_all__7.npy,Normal
Pistachio/VAD/vit-features/train/normal/industrial_normal_less/hd440_all__8.npy,Normal
Pistachio/VAD/vit-features/train/normal/industrial_normal_less/hd440_all__9.npy,Normal
Pistachio/VAD/vit-features/train/normal/industrial_normal_less/hd441_all__0.npy,Normal
Pistachio/VAD/vit-features/train/normal/industrial_normal_less/hd441_all__1.npy,Normal
Pistachio/VAD/vit-features/train/normal/industrial_normal_less/hd441_all__2.npy,Normal
Pistachio/VAD/vit-features/train/normal/industrial_normal_less/hd441_all__3.npy,Normal
Pistachio/VAD/vit-features/train/normal/industrial_normal_less/hd441_all__4.npy,Normal
Pistachio/VAD/vit-features/train/normal/industrial_normal_less/hd441_all__5.npy,Normal
Pistachio/VAD/vit-features/train/normal/industrial_normal_less/hd441_all__6.npy,Normal
Pistachio/VAD/vit-features/train/normal/industrial_normal_less/hd441_all__7.npy,Normal
Pistachio/VAD/vit-features/train/normal/industrial_normal_less/hd441_all__8.npy,Normal
Pistachio/VAD/vit-features/train/normal/industrial_normal_less/hd441_all__9.npy,Normal
Pistachio/VAD/vit-features/train/normal/industrial_normal_less/hd443_all__0.npy,Normal
Pistachio/VAD/vit-features/train/normal/industrial_normal_less/hd443_all__1.npy,Normal
Pistachio/VAD/vit-features/train/normal/industrial_normal_less/hd443_all__2.npy,Normal
Pistachio/VAD/vit-features/train/normal/industrial_normal_less/hd443_all__3.npy,Normal
Pistachio/VAD/vit-features/train/normal/industrial_normal_less/hd443_all__4.npy,Normal
Pistachio/VAD/vit-features/train/normal/industrial_normal_less/hd443_all__5.npy,Normal
Pistachio/VAD/vit-features/train/normal/industrial_normal_less/hd443_all__6.npy,Normal
Pistachio/VAD/vit-features/train/normal/industrial_normal_less/hd443_all__7.npy,Normal
Pistachio/VAD/vit-features/train/normal/industrial_normal_less/hd443_all__8.npy,Normal
Pistachio/VAD/vit-features/train/normal/industrial_normal_less/hd443_all__9.npy,Normal
Pistachio/VAD/vit-features/train/normal/industrial_normal_less/hd445_all__0.npy,Normal
Pistachio/VAD/vit-features/train/normal/industrial_normal_less/hd445_all__1.npy,Normal
Pistachio/VAD/vit-features/train/normal/industrial_normal_less/hd445_all__2.npy,Normal
Pistachio/VAD/vit-features/train/normal/industrial_normal_less/hd445_all__3.npy,Normal
Pistachio/VAD/vit-features/train/normal/industrial_normal_less/hd445_all__4.npy,Normal
Pistachio/VAD/vit-features/train/normal/industrial_normal_less/hd445_all__5.npy,Normal
Pistachio/VAD/vit-features/train/normal/industrial_normal_less/hd445_all__6.npy,Normal
Pistachio/VAD/vit-features/train/normal/industrial_normal_less/hd445_all__7.npy,Normal
Pistachio/VAD/vit-features/train/normal/industrial_normal_less/hd445_all__8.npy,Normal
Pistachio/VAD/vit-features/train/normal/industrial_normal_less/hd445_all__9.npy,Normal
Pistachio/VAD/vit-features/train/normal/industrial_normal_less/hd446_all__0.npy,Normal
Pistachio/VAD/vit-features/train/normal/industrial_normal_less/hd446_all__1.npy,Normal
Pistachio/VAD/vit-features/train/normal/industrial_normal_less/hd446_all__2.npy,Normal
Pistachio/VAD/vit-features/train/normal/industrial_normal_less/hd446_all__3.npy,Normal
Pistachio/VAD/vit-features/train/normal/industrial_normal_less/hd446_all__4.npy,Normal
Pistachio/VAD/vit-features/train/normal/industrial_normal_less/hd446_all__5.npy,Normal
Pistachio/VAD/vit-features/train/normal/industrial_normal_less/hd446_all__6.npy,Normal
Pistachio/VAD/vit-features/train/normal/industrial_normal_less/hd446_all__7.npy,Normal
Pistachio/VAD/vit-features/train/normal/industrial_normal_less/hd446_all__8.npy,Normal
Pistachio/VAD/vit-features/train/normal/industrial_normal_less/hd446_all__9.npy,Normal
Pistachio/VAD/vit-features/train/normal/industrial_normal_less/hd447_all__0.npy,Normal
Pistachio/VAD/vit-features/train/normal/industrial_normal_less/hd447_all__1.npy,Normal
Pistachio/VAD/vit-features/train/normal/industrial_normal_less/hd447_all__2.npy,Normal
Pistachio/VAD/vit-features/train/normal/industrial_normal_less/hd447_all__3.npy,Normal
Pistachio/VAD/vit-features/train/normal/industrial_normal_less/hd447_all__4.npy,Normal
Pistachio/VAD/vit-features/train/normal/industrial_normal_less/hd447_all__5.npy,Normal
Pistachio/VAD/vit-features/train/normal/industrial_normal_less/hd447_all__6.npy,Normal
Pistachio/VAD/vit-features/train/normal/industrial_normal_less/hd447_all__7.npy,Normal
Pistachio/VAD/vit-features/train/normal/industrial_normal_less/hd447_all__8.npy,Normal
Pistachio/VAD/vit-features/train/normal/industrial_normal_less/hd447_all__9.npy,Normal
Pistachio/VAD/vit-features/train/normal/industrial_normal_less/hd448_all__0.npy,Normal
Pistachio/VAD/vit-features/train/normal/industrial_normal_less/hd448_all__1.npy,Normal
Pistachio/VAD/vit-features/train/normal/industrial_normal_less/hd448_all__2.npy,Normal
Pistachio/VAD/vit-features/train/normal/industrial_normal_less/hd448_all__3.npy,Normal
Pistachio/VAD/vit-features/train/normal/industrial_normal_less/hd448_all__4.npy,Normal
Pistachio/VAD/vit-features/train/normal/industrial_normal_less/hd448_all__5.npy,Normal
Pistachio/VAD/vit-features/train/normal/industrial_normal_less/hd448_all__6.npy,Normal
Pistachio/VAD/vit-features/train/normal/industrial_normal_less/hd448_all__7.npy,Normal
Pistachio/VAD/vit-features/train/normal/industrial_normal_less/hd448_all__8.npy,Normal
Pistachio/VAD/vit-features/train/normal/industrial_normal_less/hd448_all__9.npy,Normal
Pistachio/VAD/vit-features/train/normal/industrial_normal_less/hd450_all__0.npy,Normal
Pistachio/VAD/vit-features/train/normal/industrial_normal_less/hd450_all__1.npy,Normal
Pistachio/VAD/vit-features/train/normal/industrial_normal_less/hd450_all__2.npy,Normal
Pistachio/VAD/vit-features/train/normal/industrial_normal_less/hd450_all__3.npy,Normal
Pistachio/VAD/vit-features/train/normal/industrial_normal_less/hd450_all__4.npy,Normal
Pistachio/VAD/vit-features/train/normal/industrial_normal_less/hd450_all__5.npy,Normal
Pistachio/VAD/vit-features/train/normal/industrial_normal_less/hd450_all__6.npy,Normal
Pistachio/VAD/vit-features/train/normal/industrial_normal_less/hd450_all__7.npy,Normal
Pistachio/VAD/vit-features/train/normal/industrial_normal_less/hd450_all__8.npy,Normal
Pistachio/VAD/vit-features/train/normal/industrial_normal_less/hd450_all__9.npy,Normal
Pistachio/VAD/vit-features/train/normal/industrial_normal_less/hd455_all__0.npy,Normal
Pistachio/VAD/vit-features/train/normal/industrial_normal_less/hd455_all__1.npy,Normal
Pistachio/VAD/vit-features/train/normal/industrial_normal_less/hd455_all__2.npy,Normal
Pistachio/VAD/vit-features/train/normal/industrial_normal_less/hd455_all__3.npy,Normal
Pistachio/VAD/vit-features/train/normal/industrial_normal_less/hd455_all__4.npy,Normal
Pistachio/VAD/vit-features/train/normal/industrial_normal_less/hd455_all__5.npy,Normal
Pistachio/VAD/vit-features/train/normal/industrial_normal_less/hd455_all__6.npy,Normal
Pistachio/VAD/vit-features/train/normal/industrial_normal_less/hd455_all__7.npy,Normal
Pistachio/VAD/vit-features/train/normal/industrial_normal_less/hd455_all__8.npy,Normal
Pistachio/VAD/vit-features/train/normal/industrial_normal_less/hd455_all__9.npy,Normal
Pistachio/VAD/vit-features/train/normal/industrial_normal_less/hd456_all__0.npy,Normal
Pistachio/VAD/vit-features/train/normal/industrial_normal_less/hd456_all__1.npy,Normal
Pistachio/VAD/vit-features/train/normal/industrial_normal_less/hd456_all__2.npy,Normal
Pistachio/VAD/vit-features/train/normal/industrial_normal_less/hd456_all__3.npy,Normal
Pistachio/VAD/vit-features/train/normal/industrial_normal_less/hd456_all__4.npy,Normal
Pistachio/VAD/vit-features/train/normal/industrial_normal_less/hd456_all__5.npy,Normal
Pistachio/VAD/vit-features/train/normal/industrial_normal_less/hd456_all__6.npy,Normal
Pistachio/VAD/vit-features/train/normal/industrial_normal_less/hd456_all__7.npy,Normal
Pistachio/VAD/vit-features/train/normal/industrial_normal_less/hd456_all__8.npy,Normal
Pistachio/VAD/vit-features/train/normal/industrial_normal_less/hd456_all__9.npy,Normal
Pistachio/VAD/vit-features/train/normal/industrial_normal_less/hd458_all__0.npy,Normal
Pistachio/VAD/vit-features/train/normal/industrial_normal_less/hd458_all__1.npy,Normal
Pistachio/VAD/vit-features/train/normal/industrial_normal_less/hd458_all__2.npy,Normal
Pistachio/VAD/vit-features/train/normal/industrial_normal_less/hd458_all__3.npy,Normal
Pistachio/VAD/vit-features/train/normal/industrial_normal_less/hd458_all__4.npy,Normal
Pistachio/VAD/vit-features/train/normal/industrial_normal_less/hd458_all__5.npy,Normal
Pistachio/VAD/vit-features/train/normal/industrial_normal_less/hd458_all__6.npy,Normal
Pistachio/VAD/vit-features/train/normal/industrial_normal_less/hd458_all__7.npy,Normal
Pistachio/VAD/vit-features/train/normal/industrial_normal_less/hd458_all__8.npy,Normal
Pistachio/VAD/vit-features/train/normal/industrial_normal_less/hd458_all__9.npy,Normal
Pistachio/VAD/vit-features/train/normal/industrial_normal_less/hd460_all__0.npy,Normal
Pistachio/VAD/vit-features/train/normal/industrial_normal_less/hd460_all__1.npy,Normal
Pistachio/VAD/vit-features/train/normal/industrial_normal_less/hd460_all__2.npy,Normal
Pistachio/VAD/vit-features/train/normal/industrial_normal_less/hd460_all__3.npy,Normal
Pistachio/VAD/vit-features/train/normal/industrial_normal_less/hd460_all__4.npy,Normal
Pistachio/VAD/vit-features/train/normal/industrial_normal_less/hd460_all__5.npy,Normal
Pistachio/VAD/vit-features/train/normal/industrial_normal_less/hd460_all__6.npy,Normal
Pistachio/VAD/vit-features/train/normal/industrial_normal_less/hd460_all__7.npy,Normal
Pistachio/VAD/vit-features/train/normal/industrial_normal_less/hd460_all__8.npy,Normal
Pistachio/VAD/vit-features/train/normal/industrial_normal_less/hd460_all__9.npy,Normal
Pistachio/VAD/vit-features/train/normal/industrial_normal_less/hd461_all__0.npy,Normal
Pistachio/VAD/vit-features/train/normal/industrial_normal_less/hd461_all__1.npy,Normal
Pistachio/VAD/vit-features/train/normal/industrial_normal_less/hd461_all__2.npy,Normal
Pistachio/VAD/vit-features/train/normal/industrial_normal_less/hd461_all__3.npy,Normal
Pistachio/VAD/vit-features/train/normal/industrial_normal_less/hd461_all__4.npy,Normal
Pistachio/VAD/vit-features/train/normal/industrial_normal_less/hd461_all__5.npy,Normal
Pistachio/VAD/vit-features/train/normal/industrial_normal_less/hd461_all__6.npy,Normal
Pistachio/VAD/vit-features/train/normal/industrial_normal_less/hd461_all__7.npy,Normal
Pistachio/VAD/vit-features/train/normal/industrial_normal_less/hd461_all__8.npy,Normal
Pistachio/VAD/vit-features/train/normal/industrial_normal_less/hd461_all__9.npy,Normal
Pistachio/VAD/vit-features/train/normal/industrial_normal_less/hd463_all__0.npy,Normal
Pistachio/VAD/vit-features/train/normal/industrial_normal_less/hd463_all__1.npy,Normal
Pistachio/VAD/vit-features/train/normal/industrial_normal_less/hd463_all__2.npy,Normal
Pistachio/VAD/vit-features/train/normal/industrial_normal_less/hd463_all__3.npy,Normal
Pistachio/VAD/vit-features/train/normal/industrial_normal_less/hd463_all__4.npy,Normal
Pistachio/VAD/vit-features/train/normal/industrial_normal_less/hd463_all__5.npy,Normal
Pistachio/VAD/vit-features/train/normal/industrial_normal_less/hd463_all__6.npy,Normal
Pistachio/VAD/vit-features/train/normal/industrial_normal_less/hd463_all__7.npy,Normal
Pistachio/VAD/vit-features/train/normal/industrial_normal_less/hd463_all__8.npy,Normal
Pistachio/VAD/vit-features/train/normal/industrial_normal_less/hd463_all__9.npy,Normal
Pistachio/VAD/vit-features/train/normal/industrial_normal_less/hd467_all__0.npy,Normal
Pistachio/VAD/vit-features/train/normal/industrial_normal_less/hd467_all__1.npy,Normal
Pistachio/VAD/vit-features/train/normal/industrial_normal_less/hd467_all__2.npy,Normal
Pistachio/VAD/vit-features/train/normal/industrial_normal_less/hd467_all__3.npy,Normal
Pistachio/VAD/vit-features/train/normal/industrial_normal_less/hd467_all__4.npy,Normal
Pistachio/VAD/vit-features/train/normal/industrial_normal_less/hd467_all__5.npy,Normal
Pistachio/VAD/vit-features/train/normal/industrial_normal_less/hd467_all__6.npy,Normal
Pistachio/VAD/vit-features/train/normal/industrial_normal_less/hd467_all__7.npy,Normal
Pistachio/VAD/vit-features/train/normal/industrial_normal_less/hd467_all__8.npy,Normal
Pistachio/VAD/vit-features/train/normal/industrial_normal_less/hd467_all__9.npy,Normal
Pistachio/VAD/vit-features/train/normal/industrial_normal_less/hd468_all__0.npy,Normal
Pistachio/VAD/vit-features/train/normal/industrial_normal_less/hd468_all__1.npy,Normal
Pistachio/VAD/vit-features/train/normal/industrial_normal_less/hd468_all__2.npy,Normal
Pistachio/VAD/vit-features/train/normal/industrial_normal_less/hd468_all__3.npy,Normal
Pistachio/VAD/vit-features/train/normal/industrial_normal_less/hd468_all__4.npy,Normal
Pistachio/VAD/vit-features/train/normal/industrial_normal_less/hd468_all__5.npy,Normal
Pistachio/VAD/vit-features/train/normal/industrial_normal_less/hd468_all__6.npy,Normal
Pistachio/VAD/vit-features/train/normal/industrial_normal_less/hd468_all__7.npy,Normal
Pistachio/VAD/vit-features/train/normal/industrial_normal_less/hd468_all__8.npy,Normal
Pistachio/VAD/vit-features/train/normal/industrial_normal_less/hd468_all__9.npy,Normal
Pistachio/VAD/vit-features/train/normal/industrial_normal_less/hd473_all__0.npy,Normal
Pistachio/VAD/vit-features/train/normal/industrial_normal_less/hd473_all__1.npy,Normal
Pistachio/VAD/vit-features/train/normal/industrial_normal_less/hd473_all__2.npy,Normal
Pistachio/VAD/vit-features/train/normal/industrial_normal_less/hd473_all__3.npy,Normal
Pistachio/VAD/vit-features/train/normal/industrial_normal_less/hd473_all__4.npy,Normal
Pistachio/VAD/vit-features/train/normal/industrial_normal_less/hd473_all__5.npy,Normal
Pistachio/VAD/vit-features/train/normal/industrial_normal_less/hd473_all__6.npy,Normal
Pistachio/VAD/vit-features/train/normal/industrial_normal_less/hd473_all__7.npy,Normal
Pistachio/VAD/vit-features/train/normal/industrial_normal_less/hd473_all__8.npy,Normal
Pistachio/VAD/vit-features/train/normal/industrial_normal_less/hd473_all__9.npy,Normal
Pistachio/VAD/vit-features/train/normal/industrial_normal_less/hd474_all__0.npy,Normal
Pistachio/VAD/vit-features/train/normal/industrial_normal_less/hd474_all__1.npy,Normal
Pistachio/VAD/vit-features/train/normal/industrial_normal_less/hd474_all__2.npy,Normal
Pistachio/VAD/vit-features/train/normal/industrial_normal_less/hd474_all__3.npy,Normal
Pistachio/VAD/vit-features/train/normal/industrial_normal_less/hd474_all__4.npy,Normal
Pistachio/VAD/vit-features/train/normal/industrial_normal_less/hd474_all__5.npy,Normal
Pistachio/VAD/vit-features/train/normal/industrial_normal_less/hd474_all__6.npy,Normal
Pistachio/VAD/vit-features/train/normal/industrial_normal_less/hd474_all__7.npy,Normal
Pistachio/VAD/vit-features/train/normal/industrial_normal_less/hd474_all__8.npy,Normal
Pistachio/VAD/vit-features/train/normal/industrial_normal_less/hd474_all__9.npy,Normal
Pistachio/VAD/vit-features/train/normal/industrial_normal_less/hd477_all__0.npy,Normal
Pistachio/VAD/vit-features/train/normal/industrial_normal_less/hd477_all__1.npy,Normal
Pistachio/VAD/vit-features/train/normal/industrial_normal_less/hd477_all__2.npy,Normal
Pistachio/VAD/vit-features/train/normal/industrial_normal_less/hd477_all__3.npy,Normal
Pistachio/VAD/vit-features/train/normal/industrial_normal_less/hd477_all__4.npy,Normal
Pistachio/VAD/vit-features/train/normal/industrial_normal_less/hd477_all__5.npy,Normal
Pistachio/VAD/vit-features/train/normal/industrial_normal_less/hd477_all__6.npy,Normal
Pistachio/VAD/vit-features/train/normal/industrial_normal_less/hd477_all__7.npy,Normal
Pistachio/VAD/vit-features/train/normal/industrial_normal_less/hd477_all__8.npy,Normal
Pistachio/VAD/vit-features/train/normal/industrial_normal_less/hd477_all__9.npy,Normal
Pistachio/VAD/vit-features/train/normal/industrial_normal_less/hd478_all__0.npy,Normal
Pistachio/VAD/vit-features/train/normal/industrial_normal_less/hd478_all__1.npy,Normal
Pistachio/VAD/vit-features/train/normal/industrial_normal_less/hd478_all__2.npy,Normal
Pistachio/VAD/vit-features/train/normal/industrial_normal_less/hd478_all__3.npy,Normal
Pistachio/VAD/vit-features/train/normal/industrial_normal_less/hd478_all__4.npy,Normal
Pistachio/VAD/vit-features/train/normal/industrial_normal_less/hd478_all__5.npy,Normal
Pistachio/VAD/vit-features/train/normal/industrial_normal_less/hd478_all__6.npy,Normal
Pistachio/VAD/vit-features/train/normal/industrial_normal_less/hd478_all__7.npy,Normal
Pistachio/VAD/vit-features/train/normal/industrial_normal_less/hd478_all__8.npy,Normal
Pistachio/VAD/vit-features/train/normal/industrial_normal_less/hd478_all__9.npy,Normal
Pistachio/VAD/vit-features/train/normal/industrial_normal_less/hd479_all__0.npy,Normal
Pistachio/VAD/vit-features/train/normal/industrial_normal_less/hd479_all__1.npy,Normal
Pistachio/VAD/vit-features/train/normal/industrial_normal_less/hd479_all__2.npy,Normal
Pistachio/VAD/vit-features/train/normal/industrial_normal_less/hd479_all__3.npy,Normal
Pistachio/VAD/vit-features/train/normal/industrial_normal_less/hd479_all__4.npy,Normal
Pistachio/VAD/vit-features/train/normal/industrial_normal_less/hd479_all__5.npy,Normal
Pistachio/VAD/vit-features/train/normal/industrial_normal_less/hd479_all__6.npy,Normal
Pistachio/VAD/vit-features/train/normal/industrial_normal_less/hd479_all__7.npy,Normal
Pistachio/VAD/vit-features/train/normal/industrial_normal_less/hd479_all__8.npy,Normal
Pistachio/VAD/vit-features/train/normal/industrial_normal_less/hd479_all__9.npy,Normal
Pistachio/VAD/vit-features/train/normal/industrial_normal_less/hd485_all__0.npy,Normal
Pistachio/VAD/vit-features/train/normal/industrial_normal_less/hd485_all__1.npy,Normal
Pistachio/VAD/vit-features/train/normal/industrial_normal_less/hd485_all__2.npy,Normal
Pistachio/VAD/vit-features/train/normal/industrial_normal_less/hd485_all__3.npy,Normal
Pistachio/VAD/vit-features/train/normal/industrial_normal_less/hd485_all__4.npy,Normal
Pistachio/VAD/vit-features/train/normal/industrial_normal_less/hd485_all__5.npy,Normal
Pistachio/VAD/vit-features/train/normal/industrial_normal_less/hd485_all__6.npy,Normal
Pistachio/VAD/vit-features/train/normal/industrial_normal_less/hd485_all__7.npy,Normal
Pistachio/VAD/vit-features/train/normal/industrial_normal_less/hd485_all__8.npy,Normal
Pistachio/VAD/vit-features/train/normal/industrial_normal_less/hd485_all__9.npy,Normal
Pistachio/VAD/vit-features/train/normal/industrial_normal_less/hd486_all__0.npy,Normal
Pistachio/VAD/vit-features/train/normal/industrial_normal_less/hd486_all__1.npy,Normal
Pistachio/VAD/vit-features/train/normal/industrial_normal_less/hd486_all__2.npy,Normal
Pistachio/VAD/vit-features/train/normal/industrial_normal_less/hd486_all__3.npy,Normal
Pistachio/VAD/vit-features/train/normal/industrial_normal_less/hd486_all__4.npy,Normal
Pistachio/VAD/vit-features/train/normal/industrial_normal_less/hd486_all__5.npy,Normal
Pistachio/VAD/vit-features/train/normal/industrial_normal_less/hd486_all__6.npy,Normal
Pistachio/VAD/vit-features/train/normal/industrial_normal_less/hd486_all__7.npy,Normal
Pistachio/VAD/vit-features/train/normal/industrial_normal_less/hd486_all__8.npy,Normal
Pistachio/VAD/vit-features/train/normal/industrial_normal_less/hd486_all__9.npy,Normal
Pistachio/VAD/vit-features/train/normal/industrial_normal_less/hd488_all__0.npy,Normal
Pistachio/VAD/vit-features/train/normal/industrial_normal_less/hd488_all__1.npy,Normal
Pistachio/VAD/vit-features/train/normal/industrial_normal_less/hd488_all__2.npy,Normal
Pistachio/VAD/vit-features/train/normal/industrial_normal_less/hd488_all__3.npy,Normal
Pistachio/VAD/vit-features/train/normal/industrial_normal_less/hd488_all__4.npy,Normal
Pistachio/VAD/vit-features/train/normal/industrial_normal_less/hd488_all__5.npy,Normal
Pistachio/VAD/vit-features/train/normal/industrial_normal_less/hd488_all__6.npy,Normal
Pistachio/VAD/vit-features/train/normal/industrial_normal_less/hd488_all__7.npy,Normal
Pistachio/VAD/vit-features/train/normal/industrial_normal_less/hd488_all__8.npy,Normal
Pistachio/VAD/vit-features/train/normal/industrial_normal_less/hd488_all__9.npy,Normal
Pistachio/VAD/vit-features/train/normal/industrial_normal_less/hd489_all__0.npy,Normal
Pistachio/VAD/vit-features/train/normal/industrial_normal_less/hd489_all__1.npy,Normal
Pistachio/VAD/vit-features/train/normal/industrial_normal_less/hd489_all__2.npy,Normal
Pistachio/VAD/vit-features/train/normal/industrial_normal_less/hd489_all__3.npy,Normal
Pistachio/VAD/vit-features/train/normal/industrial_normal_less/hd489_all__4.npy,Normal
Pistachio/VAD/vit-features/train/normal/industrial_normal_less/hd489_all__5.npy,Normal
Pistachio/VAD/vit-features/train/normal/industrial_normal_less/hd489_all__6.npy,Normal
Pistachio/VAD/vit-features/train/normal/industrial_normal_less/hd489_all__7.npy,Normal
Pistachio/VAD/vit-features/train/normal/industrial_normal_less/hd489_all__8.npy,Normal
Pistachio/VAD/vit-features/train/normal/industrial_normal_less/hd489_all__9.npy,Normal
Pistachio/VAD/vit-features/train/normal/industrial_normal_less/hd490_all__0.npy,Normal
Pistachio/VAD/vit-features/train/normal/industrial_normal_less/hd490_all__1.npy,Normal
Pistachio/VAD/vit-features/train/normal/industrial_normal_less/hd490_all__2.npy,Normal
Pistachio/VAD/vit-features/train/normal/industrial_normal_less/hd490_all__3.npy,Normal
Pistachio/VAD/vit-features/train/normal/industrial_normal_less/hd490_all__4.npy,Normal
Pistachio/VAD/vit-features/train/normal/industrial_normal_less/hd490_all__5.npy,Normal
Pistachio/VAD/vit-features/train/normal/industrial_normal_less/hd490_all__6.npy,Normal
Pistachio/VAD/vit-features/train/normal/industrial_normal_less/hd490_all__7.npy,Normal
Pistachio/VAD/vit-features/train/normal/industrial_normal_less/hd490_all__8.npy,Normal
Pistachio/VAD/vit-features/train/normal/industrial_normal_less/hd490_all__9.npy,Normal
Pistachio/VAD/vit-features/train/normal/industrial_normal_less/hd491_all__0.npy,Normal
Pistachio/VAD/vit-features/train/normal/industrial_normal_less/hd491_all__1.npy,Normal
Pistachio/VAD/vit-features/train/normal/industrial_normal_less/hd491_all__2.npy,Normal
Pistachio/VAD/vit-features/train/normal/industrial_normal_less/hd491_all__3.npy,Normal
Pistachio/VAD/vit-features/train/normal/industrial_normal_less/hd491_all__4.npy,Normal
Pistachio/VAD/vit-features/train/normal/industrial_normal_less/hd491_all__5.npy,Normal
Pistachio/VAD/vit-features/train/normal/industrial_normal_less/hd491_all__6.npy,Normal
Pistachio/VAD/vit-features/train/normal/industrial_normal_less/hd491_all__7.npy,Normal
Pistachio/VAD/vit-features/train/normal/industrial_normal_less/hd491_all__8.npy,Normal
Pistachio/VAD/vit-features/train/normal/industrial_normal_less/hd491_all__9.npy,Normal
Pistachio/VAD/vit-features/train/normal/industrial_normal_less/hd492_all__0.npy,Normal
Pistachio/VAD/vit-features/train/normal/industrial_normal_less/hd492_all__1.npy,Normal
Pistachio/VAD/vit-features/train/normal/industrial_normal_less/hd492_all__2.npy,Normal
Pistachio/VAD/vit-features/train/normal/industrial_normal_less/hd492_all__3.npy,Normal
Pistachio/VAD/vit-features/train/normal/industrial_normal_less/hd492_all__4.npy,Normal
Pistachio/VAD/vit-features/train/normal/industrial_normal_less/hd492_all__5.npy,Normal
Pistachio/VAD/vit-features/train/normal/industrial_normal_less/hd492_all__6.npy,Normal
Pistachio/VAD/vit-features/train/normal/industrial_normal_less/hd492_all__7.npy,Normal
Pistachio/VAD/vit-features/train/normal/industrial_normal_less/hd492_all__8.npy,Normal
Pistachio/VAD/vit-features/train/normal/industrial_normal_less/hd492_all__9.npy,Normal
Pistachio/VAD/vit-features/train/normal/industrial_normal_less/hd495_all__0.npy,Normal
Pistachio/VAD/vit-features/train/normal/industrial_normal_less/hd495_all__1.npy,Normal
Pistachio/VAD/vit-features/train/normal/industrial_normal_less/hd495_all__2.npy,Normal
Pistachio/VAD/vit-features/train/normal/industrial_normal_less/hd495_all__3.npy,Normal
Pistachio/VAD/vit-features/train/normal/industrial_normal_less/hd495_all__4.npy,Normal
Pistachio/VAD/vit-features/train/normal/industrial_normal_less/hd495_all__5.npy,Normal
Pistachio/VAD/vit-features/train/normal/industrial_normal_less/hd495_all__6.npy,Normal
Pistachio/VAD/vit-features/train/normal/industrial_normal_less/hd495_all__7.npy,Normal
Pistachio/VAD/vit-features/train/normal/industrial_normal_less/hd495_all__8.npy,Normal
Pistachio/VAD/vit-features/train/normal/industrial_normal_less/hd495_all__9.npy,Normal
Pistachio/VAD/vit-features/train/normal/industrial_normal_less/hd497_all__0.npy,Normal
Pistachio/VAD/vit-features/train/normal/industrial_normal_less/hd497_all__1.npy,Normal
Pistachio/VAD/vit-features/train/normal/industrial_normal_less/hd497_all__2.npy,Normal
Pistachio/VAD/vit-features/train/normal/industrial_normal_less/hd497_all__3.npy,Normal
Pistachio/VAD/vit-features/train/normal/industrial_normal_less/hd497_all__4.npy,Normal
Pistachio/VAD/vit-features/train/normal/industrial_normal_less/hd497_all__5.npy,Normal
Pistachio/VAD/vit-features/train/normal/industrial_normal_less/hd497_all__6.npy,Normal
Pistachio/VAD/vit-features/train/normal/industrial_normal_less/hd497_all__7.npy,Normal
Pistachio/VAD/vit-features/train/normal/industrial_normal_less/hd497_all__8.npy,Normal
Pistachio/VAD/vit-features/train/normal/industrial_normal_less/hd497_all__9.npy,Normal
Pistachio/VAD/vit-features/train/normal/industrial_normal_less/hd499_all__0.npy,Normal
Pistachio/VAD/vit-features/train/normal/industrial_normal_less/hd499_all__1.npy,Normal
Pistachio/VAD/vit-features/train/normal/industrial_normal_less/hd499_all__2.npy,Normal
Pistachio/VAD/vit-features/train/normal/industrial_normal_less/hd499_all__3.npy,Normal
Pistachio/VAD/vit-features/train/normal/industrial_normal_less/hd499_all__4.npy,Normal
Pistachio/VAD/vit-features/train/normal/industrial_normal_less/hd499_all__5.npy,Normal
Pistachio/VAD/vit-features/train/normal/industrial_normal_less/hd499_all__6.npy,Normal
Pistachio/VAD/vit-features/train/normal/industrial_normal_less/hd499_all__7.npy,Normal
Pistachio/VAD/vit-features/train/normal/industrial_normal_less/hd499_all__8.npy,Normal
Pistachio/VAD/vit-features/train/normal/industrial_normal_less/hd499_all__9.npy,Normal
Pistachio/VAD/vit-features/train/normal/industrial_normal_less/hd500_all__0.npy,Normal
Pistachio/VAD/vit-features/train/normal/industrial_normal_less/hd500_all__1.npy,Normal
Pistachio/VAD/vit-features/train/normal/industrial_normal_less/hd500_all__2.npy,Normal
Pistachio/VAD/vit-features/train/normal/industrial_normal_less/hd500_all__3.npy,Normal
Pistachio/VAD/vit-features/train/normal/industrial_normal_less/hd500_all__4.npy,Normal
Pistachio/VAD/vit-features/train/normal/industrial_normal_less/hd500_all__5.npy,Normal
Pistachio/VAD/vit-features/train/normal/industrial_normal_less/hd500_all__6.npy,Normal
Pistachio/VAD/vit-features/train/normal/industrial_normal_less/hd500_all__7.npy,Normal
Pistachio/VAD/vit-features/train/normal/industrial_normal_less/hd500_all__8.npy,Normal
Pistachio/VAD/vit-features/train/normal/industrial_normal_less/hd500_all__9.npy,Normal
Pistachio/VAD/vit-features/train/normal/industrial_normal_less/hd501_all__0.npy,Normal
Pistachio/VAD/vit-features/train/normal/industrial_normal_less/hd501_all__1.npy,Normal
Pistachio/VAD/vit-features/train/normal/industrial_normal_less/hd501_all__2.npy,Normal
Pistachio/VAD/vit-features/train/normal/industrial_normal_less/hd501_all__3.npy,Normal
Pistachio/VAD/vit-features/train/normal/industrial_normal_less/hd501_all__4.npy,Normal
Pistachio/VAD/vit-features/train/normal/industrial_normal_less/hd501_all__5.npy,Normal
Pistachio/VAD/vit-features/train/normal/industrial_normal_less/hd501_all__6.npy,Normal
Pistachio/VAD/vit-features/train/normal/industrial_normal_less/hd501_all__7.npy,Normal
Pistachio/VAD/vit-features/train/normal/industrial_normal_less/hd501_all__8.npy,Normal
Pistachio/VAD/vit-features/train/normal/industrial_normal_less/hd501_all__9.npy,Normal
Pistachio/VAD/vit-features/train/normal/industrial_normal_less/hd502_all__0.npy,Normal
Pistachio/VAD/vit-features/train/normal/industrial_normal_less/hd502_all__1.npy,Normal
Pistachio/VAD/vit-features/train/normal/industrial_normal_less/hd502_all__2.npy,Normal
Pistachio/VAD/vit-features/train/normal/industrial_normal_less/hd502_all__3.npy,Normal
Pistachio/VAD/vit-features/train/normal/industrial_normal_less/hd502_all__4.npy,Normal
Pistachio/VAD/vit-features/train/normal/industrial_normal_less/hd502_all__5.npy,Normal
Pistachio/VAD/vit-features/train/normal/industrial_normal_less/hd502_all__6.npy,Normal
Pistachio/VAD/vit-features/train/normal/industrial_normal_less/hd502_all__7.npy,Normal
Pistachio/VAD/vit-features/train/normal/industrial_normal_less/hd502_all__8.npy,Normal
Pistachio/VAD/vit-features/train/normal/industrial_normal_less/hd502_all__9.npy,Normal
Pistachio/VAD/vit-features/train/normal/industrial_normal_less/hd503_all__0.npy,Normal
Pistachio/VAD/vit-features/train/normal/industrial_normal_less/hd503_all__1.npy,Normal
Pistachio/VAD/vit-features/train/normal/industrial_normal_less/hd503_all__2.npy,Normal
Pistachio/VAD/vit-features/train/normal/industrial_normal_less/hd503_all__3.npy,Normal
Pistachio/VAD/vit-features/train/normal/industrial_normal_less/hd503_all__4.npy,Normal
Pistachio/VAD/vit-features/train/normal/industrial_normal_less/hd503_all__5.npy,Normal
Pistachio/VAD/vit-features/train/normal/industrial_normal_less/hd503_all__6.npy,Normal
Pistachio/VAD/vit-features/train/normal/industrial_normal_less/hd503_all__7.npy,Normal
Pistachio/VAD/vit-features/train/normal/industrial_normal_less/hd503_all__8.npy,Normal
Pistachio/VAD/vit-features/train/normal/industrial_normal_less/hd503_all__9.npy,Normal
Pistachio/VAD/vit-features/train/normal/industrial_normal_less/hd505_all__0.npy,Normal
Pistachio/VAD/vit-features/train/normal/industrial_normal_less/hd505_all__1.npy,Normal
Pistachio/VAD/vit-features/train/normal/industrial_normal_less/hd505_all__2.npy,Normal
Pistachio/VAD/vit-features/train/normal/industrial_normal_less/hd505_all__3.npy,Normal
Pistachio/VAD/vit-features/train/normal/industrial_normal_less/hd505_all__4.npy,Normal
Pistachio/VAD/vit-features/train/normal/industrial_normal_less/hd505_all__5.npy,Normal
Pistachio/VAD/vit-features/train/normal/industrial_normal_less/hd505_all__6.npy,Normal
Pistachio/VAD/vit-features/train/normal/industrial_normal_less/hd505_all__7.npy,Normal
Pistachio/VAD/vit-features/train/normal/industrial_normal_less/hd505_all__8.npy,Normal
Pistachio/VAD/vit-features/train/normal/industrial_normal_less/hd505_all__9.npy,Normal
Pistachio/VAD/vit-features/train/normal/industrial_normal_less/hd507_all__0.npy,Normal
Pistachio/VAD/vit-features/train/normal/industrial_normal_less/hd507_all__1.npy,Normal
Pistachio/VAD/vit-features/train/normal/industrial_normal_less/hd507_all__2.npy,Normal
Pistachio/VAD/vit-features/train/normal/industrial_normal_less/hd507_all__3.npy,Normal
Pistachio/VAD/vit-features/train/normal/industrial_normal_less/hd507_all__4.npy,Normal
Pistachio/VAD/vit-features/train/normal/industrial_normal_less/hd507_all__5.npy,Normal
Pistachio/VAD/vit-features/train/normal/industrial_normal_less/hd507_all__6.npy,Normal
Pistachio/VAD/vit-features/train/normal/industrial_normal_less/hd507_all__7.npy,Normal
Pistachio/VAD/vit-features/train/normal/industrial_normal_less/hd507_all__8.npy,Normal
Pistachio/VAD/vit-features/train/normal/industrial_normal_less/hd507_all__9.npy,Normal
Pistachio/VAD/vit-features/train/normal/industrial_normal_less/hd509_all__0.npy,Normal
Pistachio/VAD/vit-features/train/normal/industrial_normal_less/hd509_all__1.npy,Normal
Pistachio/VAD/vit-features/train/normal/industrial_normal_less/hd509_all__2.npy,Normal
Pistachio/VAD/vit-features/train/normal/industrial_normal_less/hd509_all__3.npy,Normal
Pistachio/VAD/vit-features/train/normal/industrial_normal_less/hd509_all__4.npy,Normal
Pistachio/VAD/vit-features/train/normal/industrial_normal_less/hd509_all__5.npy,Normal
Pistachio/VAD/vit-features/train/normal/industrial_normal_less/hd509_all__6.npy,Normal
Pistachio/VAD/vit-features/train/normal/industrial_normal_less/hd509_all__7.npy,Normal
Pistachio/VAD/vit-features/train/normal/industrial_normal_less/hd509_all__8.npy,Normal
Pistachio/VAD/vit-features/train/normal/industrial_normal_less/hd509_all__9.npy,Normal
Pistachio/VAD/vit-features/train/normal/industrial_normal_less/hd511_all__0.npy,Normal
Pistachio/VAD/vit-features/train/normal/industrial_normal_less/hd511_all__1.npy,Normal
Pistachio/VAD/vit-features/train/normal/industrial_normal_less/hd511_all__2.npy,Normal
Pistachio/VAD/vit-features/train/normal/industrial_normal_less/hd511_all__3.npy,Normal
Pistachio/VAD/vit-features/train/normal/industrial_normal_less/hd511_all__4.npy,Normal
Pistachio/VAD/vit-features/train/normal/industrial_normal_less/hd511_all__5.npy,Normal
Pistachio/VAD/vit-features/train/normal/industrial_normal_less/hd511_all__6.npy,Normal
Pistachio/VAD/vit-features/train/normal/industrial_normal_less/hd511_all__7.npy,Normal
Pistachio/VAD/vit-features/train/normal/industrial_normal_less/hd511_all__8.npy,Normal
Pistachio/VAD/vit-features/train/normal/industrial_normal_less/hd511_all__9.npy,Normal
Pistachio/VAD/vit-features/train/normal/industrial_normal_less/hd515_all__0.npy,Normal
Pistachio/VAD/vit-features/train/normal/industrial_normal_less/hd515_all__1.npy,Normal
Pistachio/VAD/vit-features/train/normal/industrial_normal_less/hd515_all__2.npy,Normal
Pistachio/VAD/vit-features/train/normal/industrial_normal_less/hd515_all__3.npy,Normal
Pistachio/VAD/vit-features/train/normal/industrial_normal_less/hd515_all__4.npy,Normal
Pistachio/VAD/vit-features/train/normal/industrial_normal_less/hd515_all__5.npy,Normal
Pistachio/VAD/vit-features/train/normal/industrial_normal_less/hd515_all__6.npy,Normal
Pistachio/VAD/vit-features/train/normal/industrial_normal_less/hd515_all__7.npy,Normal
Pistachio/VAD/vit-features/train/normal/industrial_normal_less/hd515_all__8.npy,Normal
Pistachio/VAD/vit-features/train/normal/industrial_normal_less/hd515_all__9.npy,Normal
Pistachio/VAD/vit-features/train/normal/industrial_normal_less/hd519_all__0.npy,Normal
Pistachio/VAD/vit-features/train/normal/industrial_normal_less/hd519_all__1.npy,Normal
Pistachio/VAD/vit-features/train/normal/industrial_normal_less/hd519_all__2.npy,Normal
Pistachio/VAD/vit-features/train/normal/industrial_normal_less/hd519_all__3.npy,Normal
Pistachio/VAD/vit-features/train/normal/industrial_normal_less/hd519_all__4.npy,Normal
Pistachio/VAD/vit-features/train/normal/industrial_normal_less/hd519_all__5.npy,Normal
Pistachio/VAD/vit-features/train/normal/industrial_normal_less/hd519_all__6.npy,Normal
Pistachio/VAD/vit-features/train/normal/industrial_normal_less/hd519_all__7.npy,Normal
Pistachio/VAD/vit-features/train/normal/industrial_normal_less/hd519_all__8.npy,Normal
Pistachio/VAD/vit-features/train/normal/industrial_normal_less/hd519_all__9.npy,Normal
Pistachio/VAD/vit-features/train/normal/industrial_normal_less/hd521_all__0.npy,Normal
Pistachio/VAD/vit-features/train/normal/industrial_normal_less/hd521_all__1.npy,Normal
Pistachio/VAD/vit-features/train/normal/industrial_normal_less/hd521_all__2.npy,Normal
Pistachio/VAD/vit-features/train/normal/industrial_normal_less/hd521_all__3.npy,Normal
Pistachio/VAD/vit-features/train/normal/industrial_normal_less/hd521_all__4.npy,Normal
Pistachio/VAD/vit-features/train/normal/industrial_normal_less/hd521_all__5.npy,Normal
Pistachio/VAD/vit-features/train/normal/industrial_normal_less/hd521_all__6.npy,Normal
Pistachio/VAD/vit-features/train/normal/industrial_normal_less/hd521_all__7.npy,Normal
Pistachio/VAD/vit-features/train/normal/industrial_normal_less/hd521_all__8.npy,Normal
Pistachio/VAD/vit-features/train/normal/industrial_normal_less/hd521_all__9.npy,Normal
Pistachio/VAD/vit-features/train/normal/industrial_normal_less/hd522_all__0.npy,Normal
Pistachio/VAD/vit-features/train/normal/industrial_normal_less/hd522_all__1.npy,Normal
Pistachio/VAD/vit-features/train/normal/industrial_normal_less/hd522_all__2.npy,Normal
Pistachio/VAD/vit-features/train/normal/industrial_normal_less/hd522_all__3.npy,Normal
Pistachio/VAD/vit-features/train/normal/industrial_normal_less/hd522_all__4.npy,Normal
Pistachio/VAD/vit-features/train/normal/industrial_normal_less/hd522_all__5.npy,Normal
Pistachio/VAD/vit-features/train/normal/industrial_normal_less/hd522_all__6.npy,Normal
Pistachio/VAD/vit-features/train/normal/industrial_normal_less/hd522_all__7.npy,Normal
Pistachio/VAD/vit-features/train/normal/industrial_normal_less/hd522_all__8.npy,Normal
Pistachio/VAD/vit-features/train/normal/industrial_normal_less/hd522_all__9.npy,Normal
Pistachio/VAD/vit-features/train/normal/industrial_normal_less/hd524_all__0.npy,Normal
Pistachio/VAD/vit-features/train/normal/industrial_normal_less/hd524_all__1.npy,Normal
Pistachio/VAD/vit-features/train/normal/industrial_normal_less/hd524_all__2.npy,Normal
Pistachio/VAD/vit-features/train/normal/industrial_normal_less/hd524_all__3.npy,Normal
Pistachio/VAD/vit-features/train/normal/industrial_normal_less/hd524_all__4.npy,Normal
Pistachio/VAD/vit-features/train/normal/industrial_normal_less/hd524_all__5.npy,Normal
Pistachio/VAD/vit-features/train/normal/industrial_normal_less/hd524_all__6.npy,Normal
Pistachio/VAD/vit-features/train/normal/industrial_normal_less/hd524_all__7.npy,Normal
Pistachio/VAD/vit-features/train/normal/industrial_normal_less/hd524_all__8.npy,Normal
Pistachio/VAD/vit-features/train/normal/industrial_normal_less/hd524_all__9.npy,Normal
Pistachio/VAD/vit-features/train/normal/industrial_normal_less/hd525_all__0.npy,Normal
Pistachio/VAD/vit-features/train/normal/industrial_normal_less/hd525_all__1.npy,Normal
Pistachio/VAD/vit-features/train/normal/industrial_normal_less/hd525_all__2.npy,Normal
Pistachio/VAD/vit-features/train/normal/industrial_normal_less/hd525_all__3.npy,Normal
Pistachio/VAD/vit-features/train/normal/industrial_normal_less/hd525_all__4.npy,Normal
Pistachio/VAD/vit-features/train/normal/industrial_normal_less/hd525_all__5.npy,Normal
Pistachio/VAD/vit-features/train/normal/industrial_normal_less/hd525_all__6.npy,Normal
Pistachio/VAD/vit-features/train/normal/industrial_normal_less/hd525_all__7.npy,Normal
Pistachio/VAD/vit-features/train/normal/industrial_normal_less/hd525_all__8.npy,Normal
Pistachio/VAD/vit-features/train/normal/industrial_normal_less/hd525_all__9.npy,Normal
Pistachio/VAD/vit-features/train/normal/industrial_normal_less/hd527_all__0.npy,Normal
Pistachio/VAD/vit-features/train/normal/industrial_normal_less/hd527_all__1.npy,Normal
Pistachio/VAD/vit-features/train/normal/industrial_normal_less/hd527_all__2.npy,Normal
Pistachio/VAD/vit-features/train/normal/industrial_normal_less/hd527_all__3.npy,Normal
Pistachio/VAD/vit-features/train/normal/industrial_normal_less/hd527_all__4.npy,Normal
Pistachio/VAD/vit-features/train/normal/industrial_normal_less/hd527_all__5.npy,Normal
Pistachio/VAD/vit-features/train/normal/industrial_normal_less/hd527_all__6.npy,Normal
Pistachio/VAD/vit-features/train/normal/industrial_normal_less/hd527_all__7.npy,Normal
Pistachio/VAD/vit-features/train/normal/industrial_normal_less/hd527_all__8.npy,Normal
Pistachio/VAD/vit-features/train/normal/industrial_normal_less/hd527_all__9.npy,Normal
Pistachio/VAD/vit-features/train/normal/industrial_normal_less/hd528_all__0.npy,Normal
Pistachio/VAD/vit-features/train/normal/industrial_normal_less/hd528_all__1.npy,Normal
Pistachio/VAD/vit-features/train/normal/industrial_normal_less/hd528_all__2.npy,Normal
Pistachio/VAD/vit-features/train/normal/industrial_normal_less/hd528_all__3.npy,Normal
Pistachio/VAD/vit-features/train/normal/industrial_normal_less/hd528_all__4.npy,Normal
Pistachio/VAD/vit-features/train/normal/industrial_normal_less/hd528_all__5.npy,Normal
Pistachio/VAD/vit-features/train/normal/industrial_normal_less/hd528_all__6.npy,Normal
Pistachio/VAD/vit-features/train/normal/industrial_normal_less/hd528_all__7.npy,Normal
Pistachio/VAD/vit-features/train/normal/industrial_normal_less/hd528_all__8.npy,Normal
Pistachio/VAD/vit-features/train/normal/industrial_normal_less/hd528_all__9.npy,Normal
Pistachio/VAD/vit-features/train/normal/industrial_normal_less/hd529_all__0.npy,Normal
Pistachio/VAD/vit-features/train/normal/industrial_normal_less/hd529_all__1.npy,Normal
Pistachio/VAD/vit-features/train/normal/industrial_normal_less/hd529_all__2.npy,Normal
Pistachio/VAD/vit-features/train/normal/industrial_normal_less/hd529_all__3.npy,Normal
Pistachio/VAD/vit-features/train/normal/industrial_normal_less/hd529_all__4.npy,Normal
Pistachio/VAD/vit-features/train/normal/industrial_normal_less/hd529_all__5.npy,Normal
Pistachio/VAD/vit-features/train/normal/industrial_normal_less/hd529_all__6.npy,Normal
Pistachio/VAD/vit-features/train/normal/industrial_normal_less/hd529_all__7.npy,Normal
Pistachio/VAD/vit-features/train/normal/industrial_normal_less/hd529_all__8.npy,Normal
Pistachio/VAD/vit-features/train/normal/industrial_normal_less/hd529_all__9.npy,Normal
Pistachio/VAD/vit-features/train/normal/industrial_normal_less/hd533_all__0.npy,Normal
Pistachio/VAD/vit-features/train/normal/industrial_normal_less/hd533_all__1.npy,Normal
Pistachio/VAD/vit-features/train/normal/industrial_normal_less/hd533_all__2.npy,Normal
Pistachio/VAD/vit-features/train/normal/industrial_normal_less/hd533_all__3.npy,Normal
Pistachio/VAD/vit-features/train/normal/industrial_normal_less/hd533_all__4.npy,Normal
Pistachio/VAD/vit-features/train/normal/industrial_normal_less/hd533_all__5.npy,Normal
Pistachio/VAD/vit-features/train/normal/industrial_normal_less/hd533_all__6.npy,Normal
Pistachio/VAD/vit-features/train/normal/industrial_normal_less/hd533_all__7.npy,Normal
Pistachio/VAD/vit-features/train/normal/industrial_normal_less/hd533_all__8.npy,Normal
Pistachio/VAD/vit-features/train/normal/industrial_normal_less/hd533_all__9.npy,Normal
Pistachio/VAD/vit-features/train/normal/industrial_normal_less/hd534_all__0.npy,Normal
Pistachio/VAD/vit-features/train/normal/industrial_normal_less/hd534_all__1.npy,Normal
Pistachio/VAD/vit-features/train/normal/industrial_normal_less/hd534_all__2.npy,Normal
Pistachio/VAD/vit-features/train/normal/industrial_normal_less/hd534_all__3.npy,Normal
Pistachio/VAD/vit-features/train/normal/industrial_normal_less/hd534_all__4.npy,Normal
Pistachio/VAD/vit-features/train/normal/industrial_normal_less/hd534_all__5.npy,Normal
Pistachio/VAD/vit-features/train/normal/industrial_normal_less/hd534_all__6.npy,Normal
Pistachio/VAD/vit-features/train/normal/industrial_normal_less/hd534_all__7.npy,Normal
Pistachio/VAD/vit-features/train/normal/industrial_normal_less/hd534_all__8.npy,Normal
Pistachio/VAD/vit-features/train/normal/industrial_normal_less/hd534_all__9.npy,Normal
Pistachio/VAD/vit-features/train/normal/industrial_normal_less/hd535_all__0.npy,Normal
Pistachio/VAD/vit-features/train/normal/industrial_normal_less/hd535_all__1.npy,Normal
Pistachio/VAD/vit-features/train/normal/industrial_normal_less/hd535_all__2.npy,Normal
Pistachio/VAD/vit-features/train/normal/industrial_normal_less/hd535_all__3.npy,Normal
Pistachio/VAD/vit-features/train/normal/industrial_normal_less/hd535_all__4.npy,Normal
Pistachio/VAD/vit-features/train/normal/industrial_normal_less/hd535_all__5.npy,Normal
Pistachio/VAD/vit-features/train/normal/industrial_normal_less/hd535_all__6.npy,Normal
Pistachio/VAD/vit-features/train/normal/industrial_normal_less/hd535_all__7.npy,Normal
Pistachio/VAD/vit-features/train/normal/industrial_normal_less/hd535_all__8.npy,Normal
Pistachio/VAD/vit-features/train/normal/industrial_normal_less/hd535_all__9.npy,Normal
Pistachio/VAD/vit-features/train/normal/industrial_normal_less/hd537_all__0.npy,Normal
Pistachio/VAD/vit-features/train/normal/industrial_normal_less/hd537_all__1.npy,Normal
Pistachio/VAD/vit-features/train/normal/industrial_normal_less/hd537_all__2.npy,Normal
Pistachio/VAD/vit-features/train/normal/industrial_normal_less/hd537_all__3.npy,Normal
Pistachio/VAD/vit-features/train/normal/industrial_normal_less/hd537_all__4.npy,Normal
Pistachio/VAD/vit-features/train/normal/industrial_normal_less/hd537_all__5.npy,Normal
Pistachio/VAD/vit-features/train/normal/industrial_normal_less/hd537_all__6.npy,Normal
Pistachio/VAD/vit-features/train/normal/industrial_normal_less/hd537_all__7.npy,Normal
Pistachio/VAD/vit-features/train/normal/industrial_normal_less/hd537_all__8.npy,Normal
Pistachio/VAD/vit-features/train/normal/industrial_normal_less/hd537_all__9.npy,Normal
Pistachio/VAD/vit-features/train/normal/industrial_normal_less/hd538_all__0.npy,Normal
Pistachio/VAD/vit-features/train/normal/industrial_normal_less/hd538_all__1.npy,Normal
Pistachio/VAD/vit-features/train/normal/industrial_normal_less/hd538_all__2.npy,Normal
Pistachio/VAD/vit-features/train/normal/industrial_normal_less/hd538_all__3.npy,Normal
Pistachio/VAD/vit-features/train/normal/industrial_normal_less/hd538_all__4.npy,Normal
Pistachio/VAD/vit-features/train/normal/industrial_normal_less/hd538_all__5.npy,Normal
Pistachio/VAD/vit-features/train/normal/industrial_normal_less/hd538_all__6.npy,Normal
Pistachio/VAD/vit-features/train/normal/industrial_normal_less/hd538_all__7.npy,Normal
Pistachio/VAD/vit-features/train/normal/industrial_normal_less/hd538_all__8.npy,Normal
Pistachio/VAD/vit-features/train/normal/industrial_normal_less/hd538_all__9.npy,Normal
Pistachio/VAD/vit-features/train/normal/industrial_normal_less/hd539_all__0.npy,Normal
Pistachio/VAD/vit-features/train/normal/industrial_normal_less/hd539_all__1.npy,Normal
Pistachio/VAD/vit-features/train/normal/industrial_normal_less/hd539_all__2.npy,Normal
Pistachio/VAD/vit-features/train/normal/industrial_normal_less/hd539_all__3.npy,Normal
Pistachio/VAD/vit-features/train/normal/industrial_normal_less/hd539_all__4.npy,Normal
Pistachio/VAD/vit-features/train/normal/industrial_normal_less/hd539_all__5.npy,Normal
Pistachio/VAD/vit-features/train/normal/industrial_normal_less/hd539_all__6.npy,Normal
Pistachio/VAD/vit-features/train/normal/industrial_normal_less/hd539_all__7.npy,Normal
Pistachio/VAD/vit-features/train/normal/industrial_normal_less/hd539_all__8.npy,Normal
Pistachio/VAD/vit-features/train/normal/industrial_normal_less/hd539_all__9.npy,Normal
Pistachio/VAD/vit-features/train/normal/industrial_normal_less/hd540_all__0.npy,Normal
Pistachio/VAD/vit-features/train/normal/industrial_normal_less/hd540_all__1.npy,Normal
Pistachio/VAD/vit-features/train/normal/industrial_normal_less/hd540_all__2.npy,Normal
Pistachio/VAD/vit-features/train/normal/industrial_normal_less/hd540_all__3.npy,Normal
Pistachio/VAD/vit-features/train/normal/industrial_normal_less/hd540_all__4.npy,Normal
Pistachio/VAD/vit-features/train/normal/industrial_normal_less/hd540_all__5.npy,Normal
Pistachio/VAD/vit-features/train/normal/industrial_normal_less/hd540_all__6.npy,Normal
Pistachio/VAD/vit-features/train/normal/industrial_normal_less/hd540_all__7.npy,Normal
Pistachio/VAD/vit-features/train/normal/industrial_normal_less/hd540_all__8.npy,Normal
Pistachio/VAD/vit-features/train/normal/industrial_normal_less/hd540_all__9.npy,Normal
Pistachio/VAD/vit-features/train/normal/industrial_normal_less/hd541_all__0.npy,Normal
Pistachio/VAD/vit-features/train/normal/industrial_normal_less/hd541_all__1.npy,Normal
Pistachio/VAD/vit-features/train/normal/industrial_normal_less/hd541_all__2.npy,Normal
Pistachio/VAD/vit-features/train/normal/industrial_normal_less/hd541_all__3.npy,Normal
Pistachio/VAD/vit-features/train/normal/industrial_normal_less/hd541_all__4.npy,Normal
Pistachio/VAD/vit-features/train/normal/industrial_normal_less/hd541_all__5.npy,Normal
Pistachio/VAD/vit-features/train/normal/industrial_normal_less/hd541_all__6.npy,Normal
Pistachio/VAD/vit-features/train/normal/industrial_normal_less/hd541_all__7.npy,Normal
Pistachio/VAD/vit-features/train/normal/industrial_normal_less/hd541_all__8.npy,Normal
Pistachio/VAD/vit-features/train/normal/industrial_normal_less/hd541_all__9.npy,Normal
Pistachio/VAD/vit-features/train/normal/industrial_normal_less/hd542_all__0.npy,Normal
Pistachio/VAD/vit-features/train/normal/industrial_normal_less/hd542_all__1.npy,Normal
Pistachio/VAD/vit-features/train/normal/industrial_normal_less/hd542_all__2.npy,Normal
Pistachio/VAD/vit-features/train/normal/industrial_normal_less/hd542_all__3.npy,Normal
Pistachio/VAD/vit-features/train/normal/industrial_normal_less/hd542_all__4.npy,Normal
Pistachio/VAD/vit-features/train/normal/industrial_normal_less/hd542_all__5.npy,Normal
Pistachio/VAD/vit-features/train/normal/industrial_normal_less/hd542_all__6.npy,Normal
Pistachio/VAD/vit-features/train/normal/industrial_normal_less/hd542_all__7.npy,Normal
Pistachio/VAD/vit-features/train/normal/industrial_normal_less/hd542_all__8.npy,Normal
Pistachio/VAD/vit-features/train/normal/industrial_normal_less/hd542_all__9.npy,Normal
Pistachio/VAD/vit-features/train/normal/industrial_normal_less/hd544_all__0.npy,Normal
Pistachio/VAD/vit-features/train/normal/industrial_normal_less/hd544_all__1.npy,Normal
Pistachio/VAD/vit-features/train/normal/industrial_normal_less/hd544_all__2.npy,Normal
Pistachio/VAD/vit-features/train/normal/industrial_normal_less/hd544_all__3.npy,Normal
Pistachio/VAD/vit-features/train/normal/industrial_normal_less/hd544_all__4.npy,Normal
Pistachio/VAD/vit-features/train/normal/industrial_normal_less/hd544_all__5.npy,Normal
Pistachio/VAD/vit-features/train/normal/industrial_normal_less/hd544_all__6.npy,Normal
Pistachio/VAD/vit-features/train/normal/industrial_normal_less/hd544_all__7.npy,Normal
Pistachio/VAD/vit-features/train/normal/industrial_normal_less/hd544_all__8.npy,Normal
Pistachio/VAD/vit-features/train/normal/industrial_normal_less/hd544_all__9.npy,Normal
Pistachio/VAD/vit-features/train/normal/industrial_normal_less/hd545_all__0.npy,Normal
Pistachio/VAD/vit-features/train/normal/industrial_normal_less/hd545_all__1.npy,Normal
Pistachio/VAD/vit-features/train/normal/industrial_normal_less/hd545_all__2.npy,Normal
Pistachio/VAD/vit-features/train/normal/industrial_normal_less/hd545_all__3.npy,Normal
Pistachio/VAD/vit-features/train/normal/industrial_normal_less/hd545_all__4.npy,Normal
Pistachio/VAD/vit-features/train/normal/industrial_normal_less/hd545_all__5.npy,Normal
Pistachio/VAD/vit-features/train/normal/industrial_normal_less/hd545_all__6.npy,Normal
Pistachio/VAD/vit-features/train/normal/industrial_normal_less/hd545_all__7.npy,Normal
Pistachio/VAD/vit-features/train/normal/industrial_normal_less/hd545_all__8.npy,Normal
Pistachio/VAD/vit-features/train/normal/industrial_normal_less/hd545_all__9.npy,Normal
Pistachio/VAD/vit-features/train/normal/industrial_normal_less/hd546_all__0.npy,Normal
Pistachio/VAD/vit-features/train/normal/industrial_normal_less/hd546_all__1.npy,Normal
Pistachio/VAD/vit-features/train/normal/industrial_normal_less/hd546_all__2.npy,Normal
Pistachio/VAD/vit-features/train/normal/industrial_normal_less/hd546_all__3.npy,Normal
Pistachio/VAD/vit-features/train/normal/industrial_normal_less/hd546_all__4.npy,Normal
Pistachio/VAD/vit-features/train/normal/industrial_normal_less/hd546_all__5.npy,Normal
Pistachio/VAD/vit-features/train/normal/industrial_normal_less/hd546_all__6.npy,Normal
Pistachio/VAD/vit-features/train/normal/industrial_normal_less/hd546_all__7.npy,Normal
Pistachio/VAD/vit-features/train/normal/industrial_normal_less/hd546_all__8.npy,Normal
Pistachio/VAD/vit-features/train/normal/industrial_normal_less/hd546_all__9.npy,Normal
Pistachio/VAD/vit-features/train/normal/industrial_normal_less/hd548_all__0.npy,Normal
Pistachio/VAD/vit-features/train/normal/industrial_normal_less/hd548_all__1.npy,Normal
Pistachio/VAD/vit-features/train/normal/industrial_normal_less/hd548_all__2.npy,Normal
Pistachio/VAD/vit-features/train/normal/industrial_normal_less/hd548_all__3.npy,Normal
Pistachio/VAD/vit-features/train/normal/industrial_normal_less/hd548_all__4.npy,Normal
Pistachio/VAD/vit-features/train/normal/industrial_normal_less/hd548_all__5.npy,Normal
Pistachio/VAD/vit-features/train/normal/industrial_normal_less/hd548_all__6.npy,Normal
Pistachio/VAD/vit-features/train/normal/industrial_normal_less/hd548_all__7.npy,Normal
Pistachio/VAD/vit-features/train/normal/industrial_normal_less/hd548_all__8.npy,Normal
Pistachio/VAD/vit-features/train/normal/industrial_normal_less/hd548_all__9.npy,Normal
Pistachio/VAD/vit-features/train/normal/industrial_normal_less/hd550_all__0.npy,Normal
Pistachio/VAD/vit-features/train/normal/industrial_normal_less/hd550_all__1.npy,Normal
Pistachio/VAD/vit-features/train/normal/industrial_normal_less/hd550_all__2.npy,Normal
Pistachio/VAD/vit-features/train/normal/industrial_normal_less/hd550_all__3.npy,Normal
Pistachio/VAD/vit-features/train/normal/industrial_normal_less/hd550_all__4.npy,Normal
Pistachio/VAD/vit-features/train/normal/industrial_normal_less/hd550_all__5.npy,Normal
Pistachio/VAD/vit-features/train/normal/industrial_normal_less/hd550_all__6.npy,Normal
Pistachio/VAD/vit-features/train/normal/industrial_normal_less/hd550_all__7.npy,Normal
Pistachio/VAD/vit-features/train/normal/industrial_normal_less/hd550_all__8.npy,Normal
Pistachio/VAD/vit-features/train/normal/industrial_normal_less/hd550_all__9.npy,Normal
Pistachio/VAD/vit-features/train/normal/industrial_normal_less/hd553_all__0.npy,Normal
Pistachio/VAD/vit-features/train/normal/industrial_normal_less/hd553_all__1.npy,Normal
Pistachio/VAD/vit-features/train/normal/industrial_normal_less/hd553_all__2.npy,Normal
Pistachio/VAD/vit-features/train/normal/industrial_normal_less/hd553_all__3.npy,Normal
Pistachio/VAD/vit-features/train/normal/industrial_normal_less/hd553_all__4.npy,Normal
Pistachio/VAD/vit-features/train/normal/industrial_normal_less/hd553_all__5.npy,Normal
Pistachio/VAD/vit-features/train/normal/industrial_normal_less/hd553_all__6.npy,Normal
Pistachio/VAD/vit-features/train/normal/industrial_normal_less/hd553_all__7.npy,Normal
Pistachio/VAD/vit-features/train/normal/industrial_normal_less/hd553_all__8.npy,Normal
Pistachio/VAD/vit-features/train/normal/industrial_normal_less/hd553_all__9.npy,Normal
Pistachio/VAD/vit-features/train/normal/industrial_normal_less/hd554_all__0.npy,Normal
Pistachio/VAD/vit-features/train/normal/industrial_normal_less/hd554_all__1.npy,Normal
Pistachio/VAD/vit-features/train/normal/industrial_normal_less/hd554_all__2.npy,Normal
Pistachio/VAD/vit-features/train/normal/industrial_normal_less/hd554_all__3.npy,Normal
Pistachio/VAD/vit-features/train/normal/industrial_normal_less/hd554_all__4.npy,Normal
Pistachio/VAD/vit-features/train/normal/industrial_normal_less/hd554_all__5.npy,Normal
Pistachio/VAD/vit-features/train/normal/industrial_normal_less/hd554_all__6.npy,Normal
Pistachio/VAD/vit-features/train/normal/industrial_normal_less/hd554_all__7.npy,Normal
Pistachio/VAD/vit-features/train/normal/industrial_normal_less/hd554_all__8.npy,Normal
Pistachio/VAD/vit-features/train/normal/industrial_normal_less/hd554_all__9.npy,Normal
Pistachio/VAD/vit-features/train/normal/industrial_normal_less/hd555_all__0.npy,Normal
Pistachio/VAD/vit-features/train/normal/industrial_normal_less/hd555_all__1.npy,Normal
Pistachio/VAD/vit-features/train/normal/industrial_normal_less/hd555_all__2.npy,Normal
Pistachio/VAD/vit-features/train/normal/industrial_normal_less/hd555_all__3.npy,Normal
Pistachio/VAD/vit-features/train/normal/industrial_normal_less/hd555_all__4.npy,Normal
Pistachio/VAD/vit-features/train/normal/industrial_normal_less/hd555_all__5.npy,Normal
Pistachio/VAD/vit-features/train/normal/industrial_normal_less/hd555_all__6.npy,Normal
Pistachio/VAD/vit-features/train/normal/industrial_normal_less/hd555_all__7.npy,Normal
Pistachio/VAD/vit-features/train/normal/industrial_normal_less/hd555_all__8.npy,Normal
Pistachio/VAD/vit-features/train/normal/industrial_normal_less/hd555_all__9.npy,Normal
Pistachio/VAD/vit-features/train/normal/industrial_normal_less/hd557_all__0.npy,Normal
Pistachio/VAD/vit-features/train/normal/industrial_normal_less/hd557_all__1.npy,Normal
Pistachio/VAD/vit-features/train/normal/industrial_normal_less/hd557_all__2.npy,Normal
Pistachio/VAD/vit-features/train/normal/industrial_normal_less/hd557_all__3.npy,Normal
Pistachio/VAD/vit-features/train/normal/industrial_normal_less/hd557_all__4.npy,Normal
Pistachio/VAD/vit-features/train/normal/industrial_normal_less/hd557_all__5.npy,Normal
Pistachio/VAD/vit-features/train/normal/industrial_normal_less/hd557_all__6.npy,Normal
Pistachio/VAD/vit-features/train/normal/industrial_normal_less/hd557_all__7.npy,Normal
Pistachio/VAD/vit-features/train/normal/industrial_normal_less/hd557_all__8.npy,Normal
Pistachio/VAD/vit-features/train/normal/industrial_normal_less/hd557_all__9.npy,Normal
Pistachio/VAD/vit-features/train/normal/industrial_normal_less/hd558_all__0.npy,Normal
Pistachio/VAD/vit-features/train/normal/industrial_normal_less/hd558_all__1.npy,Normal
Pistachio/VAD/vit-features/train/normal/industrial_normal_less/hd558_all__2.npy,Normal
Pistachio/VAD/vit-features/train/normal/industrial_normal_less/hd558_all__3.npy,Normal
Pistachio/VAD/vit-features/train/normal/industrial_normal_less/hd558_all__4.npy,Normal
Pistachio/VAD/vit-features/train/normal/industrial_normal_less/hd558_all__5.npy,Normal
Pistachio/VAD/vit-features/train/normal/industrial_normal_less/hd558_all__6.npy,Normal
Pistachio/VAD/vit-features/train/normal/industrial_normal_less/hd558_all__7.npy,Normal
Pistachio/VAD/vit-features/train/normal/industrial_normal_less/hd558_all__8.npy,Normal
Pistachio/VAD/vit-features/train/normal/industrial_normal_less/hd558_all__9.npy,Normal
Pistachio/VAD/vit-features/train/normal/industrial_normal_less/hd561_all__0.npy,Normal
Pistachio/VAD/vit-features/train/normal/industrial_normal_less/hd561_all__1.npy,Normal
Pistachio/VAD/vit-features/train/normal/industrial_normal_less/hd561_all__2.npy,Normal
Pistachio/VAD/vit-features/train/normal/industrial_normal_less/hd561_all__3.npy,Normal
Pistachio/VAD/vit-features/train/normal/industrial_normal_less/hd561_all__4.npy,Normal
Pistachio/VAD/vit-features/train/normal/industrial_normal_less/hd561_all__5.npy,Normal
Pistachio/VAD/vit-features/train/normal/industrial_normal_less/hd561_all__6.npy,Normal
Pistachio/VAD/vit-features/train/normal/industrial_normal_less/hd561_all__7.npy,Normal
Pistachio/VAD/vit-features/train/normal/industrial_normal_less/hd561_all__8.npy,Normal
Pistachio/VAD/vit-features/train/normal/industrial_normal_less/hd561_all__9.npy,Normal
Pistachio/VAD/vit-features/train/normal/industrial_normal_less/hd563_all__0.npy,Normal
Pistachio/VAD/vit-features/train/normal/industrial_normal_less/hd563_all__1.npy,Normal
Pistachio/VAD/vit-features/train/normal/industrial_normal_less/hd563_all__2.npy,Normal
Pistachio/VAD/vit-features/train/normal/industrial_normal_less/hd563_all__3.npy,Normal
Pistachio/VAD/vit-features/train/normal/industrial_normal_less/hd563_all__4.npy,Normal
Pistachio/VAD/vit-features/train/normal/industrial_normal_less/hd563_all__5.npy,Normal
Pistachio/VAD/vit-features/train/normal/industrial_normal_less/hd563_all__6.npy,Normal
Pistachio/VAD/vit-features/train/normal/industrial_normal_less/hd563_all__7.npy,Normal
Pistachio/VAD/vit-features/train/normal/industrial_normal_less/hd563_all__8.npy,Normal
Pistachio/VAD/vit-features/train/normal/industrial_normal_less/hd563_all__9.npy,Normal
Pistachio/VAD/vit-features/train/normal/industrial_normal_less/hd568_all__0.npy,Normal
Pistachio/VAD/vit-features/train/normal/industrial_normal_less/hd568_all__1.npy,Normal
Pistachio/VAD/vit-features/train/normal/industrial_normal_less/hd568_all__2.npy,Normal
Pistachio/VAD/vit-features/train/normal/industrial_normal_less/hd568_all__3.npy,Normal
Pistachio/VAD/vit-features/train/normal/industrial_normal_less/hd568_all__4.npy,Normal
Pistachio/VAD/vit-features/train/normal/industrial_normal_less/hd568_all__5.npy,Normal
Pistachio/VAD/vit-features/train/normal/industrial_normal_less/hd568_all__6.npy,Normal
Pistachio/VAD/vit-features/train/normal/industrial_normal_less/hd568_all__7.npy,Normal
Pistachio/VAD/vit-features/train/normal/industrial_normal_less/hd568_all__8.npy,Normal
Pistachio/VAD/vit-features/train/normal/industrial_normal_less/hd568_all__9.npy,Normal
Pistachio/VAD/vit-features/train/normal/industrial_normal_less/hd572_all__0.npy,Normal
Pistachio/VAD/vit-features/train/normal/industrial_normal_less/hd572_all__1.npy,Normal
Pistachio/VAD/vit-features/train/normal/industrial_normal_less/hd572_all__2.npy,Normal
Pistachio/VAD/vit-features/train/normal/industrial_normal_less/hd572_all__3.npy,Normal
Pistachio/VAD/vit-features/train/normal/industrial_normal_less/hd572_all__4.npy,Normal
Pistachio/VAD/vit-features/train/normal/industrial_normal_less/hd572_all__5.npy,Normal
Pistachio/VAD/vit-features/train/normal/industrial_normal_less/hd572_all__6.npy,Normal
Pistachio/VAD/vit-features/train/normal/industrial_normal_less/hd572_all__7.npy,Normal
Pistachio/VAD/vit-features/train/normal/industrial_normal_less/hd572_all__8.npy,Normal
Pistachio/VAD/vit-features/train/normal/industrial_normal_less/hd572_all__9.npy,Normal
Pistachio/VAD/vit-features/train/normal/industrial_normal_less/hd573_all__0.npy,Normal
Pistachio/VAD/vit-features/train/normal/industrial_normal_less/hd573_all__1.npy,Normal
Pistachio/VAD/vit-features/train/normal/industrial_normal_less/hd573_all__2.npy,Normal
Pistachio/VAD/vit-features/train/normal/industrial_normal_less/hd573_all__3.npy,Normal
Pistachio/VAD/vit-features/train/normal/industrial_normal_less/hd573_all__4.npy,Normal
Pistachio/VAD/vit-features/train/normal/industrial_normal_less/hd573_all__5.npy,Normal
Pistachio/VAD/vit-features/train/normal/industrial_normal_less/hd573_all__6.npy,Normal
Pistachio/VAD/vit-features/train/normal/industrial_normal_less/hd573_all__7.npy,Normal
Pistachio/VAD/vit-features/train/normal/industrial_normal_less/hd573_all__8.npy,Normal
Pistachio/VAD/vit-features/train/normal/industrial_normal_less/hd573_all__9.npy,Normal
Pistachio/VAD/vit-features/train/normal/industrial_normal_less/hd575_all__0.npy,Normal
Pistachio/VAD/vit-features/train/normal/industrial_normal_less/hd575_all__1.npy,Normal
Pistachio/VAD/vit-features/train/normal/industrial_normal_less/hd575_all__2.npy,Normal
Pistachio/VAD/vit-features/train/normal/industrial_normal_less/hd575_all__3.npy,Normal
Pistachio/VAD/vit-features/train/normal/industrial_normal_less/hd575_all__4.npy,Normal
Pistachio/VAD/vit-features/train/normal/industrial_normal_less/hd575_all__5.npy,Normal
Pistachio/VAD/vit-features/train/normal/industrial_normal_less/hd575_all__6.npy,Normal
Pistachio/VAD/vit-features/train/normal/industrial_normal_less/hd575_all__7.npy,Normal
Pistachio/VAD/vit-features/train/normal/industrial_normal_less/hd575_all__8.npy,Normal
Pistachio/VAD/vit-features/train/normal/industrial_normal_less/hd575_all__9.npy,Normal
Pistachio/VAD/vit-features/train/normal/industrial_normal_less/hd579_all__0.npy,Normal
Pistachio/VAD/vit-features/train/normal/industrial_normal_less/hd579_all__1.npy,Normal
Pistachio/VAD/vit-features/train/normal/industrial_normal_less/hd579_all__2.npy,Normal
Pistachio/VAD/vit-features/train/normal/industrial_normal_less/hd579_all__3.npy,Normal
Pistachio/VAD/vit-features/train/normal/industrial_normal_less/hd579_all__4.npy,Normal
Pistachio/VAD/vit-features/train/normal/industrial_normal_less/hd579_all__5.npy,Normal
Pistachio/VAD/vit-features/train/normal/industrial_normal_less/hd579_all__6.npy,Normal
Pistachio/VAD/vit-features/train/normal/industrial_normal_less/hd579_all__7.npy,Normal
Pistachio/VAD/vit-features/train/normal/industrial_normal_less/hd579_all__8.npy,Normal
Pistachio/VAD/vit-features/train/normal/industrial_normal_less/hd579_all__9.npy,Normal
Pistachio/VAD/vit-features/train/normal/industrial_normal_less/hd580_all__0.npy,Normal
Pistachio/VAD/vit-features/train/normal/industrial_normal_less/hd580_all__1.npy,Normal
Pistachio/VAD/vit-features/train/normal/industrial_normal_less/hd580_all__2.npy,Normal
Pistachio/VAD/vit-features/train/normal/industrial_normal_less/hd580_all__3.npy,Normal
Pistachio/VAD/vit-features/train/normal/industrial_normal_less/hd580_all__4.npy,Normal
Pistachio/VAD/vit-features/train/normal/industrial_normal_less/hd580_all__5.npy,Normal
Pistachio/VAD/vit-features/train/normal/industrial_normal_less/hd580_all__6.npy,Normal
Pistachio/VAD/vit-features/train/normal/industrial_normal_less/hd580_all__7.npy,Normal
Pistachio/VAD/vit-features/train/normal/industrial_normal_less/hd580_all__8.npy,Normal
Pistachio/VAD/vit-features/train/normal/industrial_normal_less/hd580_all__9.npy,Normal
Pistachio/VAD/vit-features/train/normal/industrial_normal_less/hd583_all__0.npy,Normal
Pistachio/VAD/vit-features/train/normal/industrial_normal_less/hd583_all__1.npy,Normal
Pistachio/VAD/vit-features/train/normal/industrial_normal_less/hd583_all__2.npy,Normal
Pistachio/VAD/vit-features/train/normal/industrial_normal_less/hd583_all__3.npy,Normal
Pistachio/VAD/vit-features/train/normal/industrial_normal_less/hd583_all__4.npy,Normal
Pistachio/VAD/vit-features/train/normal/industrial_normal_less/hd583_all__5.npy,Normal
Pistachio/VAD/vit-features/train/normal/industrial_normal_less/hd583_all__6.npy,Normal
Pistachio/VAD/vit-features/train/normal/industrial_normal_less/hd583_all__7.npy,Normal
Pistachio/VAD/vit-features/train/normal/industrial_normal_less/hd583_all__8.npy,Normal
Pistachio/VAD/vit-features/train/normal/industrial_normal_less/hd583_all__9.npy,Normal
Pistachio/VAD/vit-features/train/normal/industrial_normal_less/hd584_all__0.npy,Normal
Pistachio/VAD/vit-features/train/normal/industrial_normal_less/hd584_all__1.npy,Normal
Pistachio/VAD/vit-features/train/normal/industrial_normal_less/hd584_all__2.npy,Normal
Pistachio/VAD/vit-features/train/normal/industrial_normal_less/hd584_all__3.npy,Normal
Pistachio/VAD/vit-features/train/normal/industrial_normal_less/hd584_all__4.npy,Normal
Pistachio/VAD/vit-features/train/normal/industrial_normal_less/hd584_all__5.npy,Normal
Pistachio/VAD/vit-features/train/normal/industrial_normal_less/hd584_all__6.npy,Normal
Pistachio/VAD/vit-features/train/normal/industrial_normal_less/hd584_all__7.npy,Normal
Pistachio/VAD/vit-features/train/normal/industrial_normal_less/hd584_all__8.npy,Normal
Pistachio/VAD/vit-features/train/normal/industrial_normal_less/hd584_all__9.npy,Normal
Pistachio/VAD/vit-features/train/normal/industrial_normal_less/hd585_all__0.npy,Normal
Pistachio/VAD/vit-features/train/normal/industrial_normal_less/hd585_all__1.npy,Normal
Pistachio/VAD/vit-features/train/normal/industrial_normal_less/hd585_all__2.npy,Normal
Pistachio/VAD/vit-features/train/normal/industrial_normal_less/hd585_all__3.npy,Normal
Pistachio/VAD/vit-features/train/normal/industrial_normal_less/hd585_all__4.npy,Normal
Pistachio/VAD/vit-features/train/normal/industrial_normal_less/hd585_all__5.npy,Normal
Pistachio/VAD/vit-features/train/normal/industrial_normal_less/hd585_all__6.npy,Normal
Pistachio/VAD/vit-features/train/normal/industrial_normal_less/hd585_all__7.npy,Normal
Pistachio/VAD/vit-features/train/normal/industrial_normal_less/hd585_all__8.npy,Normal
Pistachio/VAD/vit-features/train/normal/industrial_normal_less/hd585_all__9.npy,Normal
Pistachio/VAD/vit-features/train/normal/industrial_normal_less/hd597_all__0.npy,Normal
Pistachio/VAD/vit-features/train/normal/industrial_normal_less/hd597_all__1.npy,Normal
Pistachio/VAD/vit-features/train/normal/industrial_normal_less/hd597_all__2.npy,Normal
Pistachio/VAD/vit-features/train/normal/industrial_normal_less/hd597_all__3.npy,Normal
Pistachio/VAD/vit-features/train/normal/industrial_normal_less/hd597_all__4.npy,Normal
Pistachio/VAD/vit-features/train/normal/industrial_normal_less/hd597_all__5.npy,Normal
Pistachio/VAD/vit-features/train/normal/industrial_normal_less/hd597_all__6.npy,Normal
Pistachio/VAD/vit-features/train/normal/industrial_normal_less/hd597_all__7.npy,Normal
Pistachio/VAD/vit-features/train/normal/industrial_normal_less/hd597_all__8.npy,Normal
Pistachio/VAD/vit-features/train/normal/industrial_normal_less/hd597_all__9.npy,Normal
Pistachio/VAD/vit-features/train/normal/industrial_normal_less/hd598_all__0.npy,Normal
Pistachio/VAD/vit-features/train/normal/industrial_normal_less/hd598_all__1.npy,Normal
Pistachio/VAD/vit-features/train/normal/industrial_normal_less/hd598_all__2.npy,Normal
Pistachio/VAD/vit-features/train/normal/industrial_normal_less/hd598_all__3.npy,Normal
Pistachio/VAD/vit-features/train/normal/industrial_normal_less/hd598_all__4.npy,Normal
Pistachio/VAD/vit-features/train/normal/industrial_normal_less/hd598_all__5.npy,Normal
Pistachio/VAD/vit-features/train/normal/industrial_normal_less/hd598_all__6.npy,Normal
Pistachio/VAD/vit-features/train/normal/industrial_normal_less/hd598_all__7.npy,Normal
Pistachio/VAD/vit-features/train/normal/industrial_normal_less/hd598_all__8.npy,Normal
Pistachio/VAD/vit-features/train/normal/industrial_normal_less/hd598_all__9.npy,Normal
Pistachio/VAD/vit-features/train/normal/industrial_normal_less/hd600_all__0.npy,Normal
Pistachio/VAD/vit-features/train/normal/industrial_normal_less/hd600_all__1.npy,Normal
Pistachio/VAD/vit-features/train/normal/industrial_normal_less/hd600_all__2.npy,Normal
Pistachio/VAD/vit-features/train/normal/industrial_normal_less/hd600_all__3.npy,Normal
Pistachio/VAD/vit-features/train/normal/industrial_normal_less/hd600_all__4.npy,Normal
Pistachio/VAD/vit-features/train/normal/industrial_normal_less/hd600_all__5.npy,Normal
Pistachio/VAD/vit-features/train/normal/industrial_normal_less/hd600_all__6.npy,Normal
Pistachio/VAD/vit-features/train/normal/industrial_normal_less/hd600_all__7.npy,Normal
Pistachio/VAD/vit-features/train/normal/industrial_normal_less/hd600_all__8.npy,Normal
Pistachio/VAD/vit-features/train/normal/industrial_normal_less/hd600_all__9.npy,Normal
Pistachio/VAD/vit-features/train/normal/industrial_normal_less/hd601_all__0.npy,Normal
Pistachio/VAD/vit-features/train/normal/industrial_normal_less/hd601_all__1.npy,Normal
Pistachio/VAD/vit-features/train/normal/industrial_normal_less/hd601_all__2.npy,Normal
Pistachio/VAD/vit-features/train/normal/industrial_normal_less/hd601_all__3.npy,Normal
Pistachio/VAD/vit-features/train/normal/industrial_normal_less/hd601_all__4.npy,Normal
Pistachio/VAD/vit-features/train/normal/industrial_normal_less/hd601_all__5.npy,Normal
Pistachio/VAD/vit-features/train/normal/industrial_normal_less/hd601_all__6.npy,Normal
Pistachio/VAD/vit-features/train/normal/industrial_normal_less/hd601_all__7.npy,Normal
Pistachio/VAD/vit-features/train/normal/industrial_normal_less/hd601_all__8.npy,Normal
Pistachio/VAD/vit-features/train/normal/industrial_normal_less/hd601_all__9.npy,Normal
Pistachio/VAD/vit-features/train/normal/industrial_normal_less/hd608_all__0.npy,Normal
Pistachio/VAD/vit-features/train/normal/industrial_normal_less/hd608_all__1.npy,Normal
Pistachio/VAD/vit-features/train/normal/industrial_normal_less/hd608_all__2.npy,Normal
Pistachio/VAD/vit-features/train/normal/industrial_normal_less/hd608_all__3.npy,Normal
Pistachio/VAD/vit-features/train/normal/industrial_normal_less/hd608_all__4.npy,Normal
Pistachio/VAD/vit-features/train/normal/industrial_normal_less/hd608_all__5.npy,Normal
Pistachio/VAD/vit-features/train/normal/industrial_normal_less/hd608_all__6.npy,Normal
Pistachio/VAD/vit-features/train/normal/industrial_normal_less/hd608_all__7.npy,Normal
Pistachio/VAD/vit-features/train/normal/industrial_normal_less/hd608_all__8.npy,Normal
Pistachio/VAD/vit-features/train/normal/industrial_normal_less/hd608_all__9.npy,Normal
Pistachio/VAD/vit-features/train/normal/industrial_normal_less/hd609_all__0.npy,Normal
Pistachio/VAD/vit-features/train/normal/industrial_normal_less/hd609_all__1.npy,Normal
Pistachio/VAD/vit-features/train/normal/industrial_normal_less/hd609_all__2.npy,Normal
Pistachio/VAD/vit-features/train/normal/industrial_normal_less/hd609_all__3.npy,Normal
Pistachio/VAD/vit-features/train/normal/industrial_normal_less/hd609_all__4.npy,Normal
Pistachio/VAD/vit-features/train/normal/industrial_normal_less/hd609_all__5.npy,Normal
Pistachio/VAD/vit-features/train/normal/industrial_normal_less/hd609_all__6.npy,Normal
Pistachio/VAD/vit-features/train/normal/industrial_normal_less/hd609_all__7.npy,Normal
Pistachio/VAD/vit-features/train/normal/industrial_normal_less/hd609_all__8.npy,Normal
Pistachio/VAD/vit-features/train/normal/industrial_normal_less/hd609_all__9.npy,Normal
Pistachio/VAD/vit-features/train/normal/industrial_normal_less/hd610_all__0.npy,Normal
Pistachio/VAD/vit-features/train/normal/industrial_normal_less/hd610_all__1.npy,Normal
Pistachio/VAD/vit-features/train/normal/industrial_normal_less/hd610_all__2.npy,Normal
Pistachio/VAD/vit-features/train/normal/industrial_normal_less/hd610_all__3.npy,Normal
Pistachio/VAD/vit-features/train/normal/industrial_normal_less/hd610_all__4.npy,Normal
Pistachio/VAD/vit-features/train/normal/industrial_normal_less/hd610_all__5.npy,Normal
Pistachio/VAD/vit-features/train/normal/industrial_normal_less/hd610_all__6.npy,Normal
Pistachio/VAD/vit-features/train/normal/industrial_normal_less/hd610_all__7.npy,Normal
Pistachio/VAD/vit-features/train/normal/industrial_normal_less/hd610_all__8.npy,Normal
Pistachio/VAD/vit-features/train/normal/industrial_normal_less/hd610_all__9.npy,Normal
Pistachio/VAD/vit-features/train/normal/industrial_normal_less/hd613_all__0.npy,Normal
Pistachio/VAD/vit-features/train/normal/industrial_normal_less/hd613_all__1.npy,Normal
Pistachio/VAD/vit-features/train/normal/industrial_normal_less/hd613_all__2.npy,Normal
Pistachio/VAD/vit-features/train/normal/industrial_normal_less/hd613_all__3.npy,Normal
Pistachio/VAD/vit-features/train/normal/industrial_normal_less/hd613_all__4.npy,Normal
Pistachio/VAD/vit-features/train/normal/industrial_normal_less/hd613_all__5.npy,Normal
Pistachio/VAD/vit-features/train/normal/industrial_normal_less/hd613_all__6.npy,Normal
Pistachio/VAD/vit-features/train/normal/industrial_normal_less/hd613_all__7.npy,Normal
Pistachio/VAD/vit-features/train/normal/industrial_normal_less/hd613_all__8.npy,Normal
Pistachio/VAD/vit-features/train/normal/industrial_normal_less/hd613_all__9.npy,Normal
Pistachio/VAD/vit-features/train/normal/industrial_normal_less/hd614_all__0.npy,Normal
Pistachio/VAD/vit-features/train/normal/industrial_normal_less/hd614_all__1.npy,Normal
Pistachio/VAD/vit-features/train/normal/industrial_normal_less/hd614_all__2.npy,Normal
Pistachio/VAD/vit-features/train/normal/industrial_normal_less/hd614_all__3.npy,Normal
Pistachio/VAD/vit-features/train/normal/industrial_normal_less/hd614_all__4.npy,Normal
Pistachio/VAD/vit-features/train/normal/industrial_normal_less/hd614_all__5.npy,Normal
Pistachio/VAD/vit-features/train/normal/industrial_normal_less/hd614_all__6.npy,Normal
Pistachio/VAD/vit-features/train/normal/industrial_normal_less/hd614_all__7.npy,Normal
Pistachio/VAD/vit-features/train/normal/industrial_normal_less/hd614_all__8.npy,Normal
Pistachio/VAD/vit-features/train/normal/industrial_normal_less/hd614_all__9.npy,Normal
Pistachio/VAD/vit-features/train/normal/industrial_normal_less/hd615_all__0.npy,Normal
Pistachio/VAD/vit-features/train/normal/industrial_normal_less/hd615_all__1.npy,Normal
Pistachio/VAD/vit-features/train/normal/industrial_normal_less/hd615_all__2.npy,Normal
Pistachio/VAD/vit-features/train/normal/industrial_normal_less/hd615_all__3.npy,Normal
Pistachio/VAD/vit-features/train/normal/industrial_normal_less/hd615_all__4.npy,Normal
Pistachio/VAD/vit-features/train/normal/industrial_normal_less/hd615_all__5.npy,Normal
Pistachio/VAD/vit-features/train/normal/industrial_normal_less/hd615_all__6.npy,Normal
Pistachio/VAD/vit-features/train/normal/industrial_normal_less/hd615_all__7.npy,Normal
Pistachio/VAD/vit-features/train/normal/industrial_normal_less/hd615_all__8.npy,Normal
Pistachio/VAD/vit-features/train/normal/industrial_normal_less/hd615_all__9.npy,Normal
Pistachio/VAD/vit-features/train/normal/industrial_normal_less/hd616_all__0.npy,Normal
Pistachio/VAD/vit-features/train/normal/industrial_normal_less/hd616_all__1.npy,Normal
Pistachio/VAD/vit-features/train/normal/industrial_normal_less/hd616_all__2.npy,Normal
Pistachio/VAD/vit-features/train/normal/industrial_normal_less/hd616_all__3.npy,Normal
Pistachio/VAD/vit-features/train/normal/industrial_normal_less/hd616_all__4.npy,Normal
Pistachio/VAD/vit-features/train/normal/industrial_normal_less/hd616_all__5.npy,Normal
Pistachio/VAD/vit-features/train/normal/industrial_normal_less/hd616_all__6.npy,Normal
Pistachio/VAD/vit-features/train/normal/industrial_normal_less/hd616_all__7.npy,Normal
Pistachio/VAD/vit-features/train/normal/industrial_normal_less/hd616_all__8.npy,Normal
Pistachio/VAD/vit-features/train/normal/industrial_normal_less/hd616_all__9.npy,Normal
Pistachio/VAD/vit-features/train/normal/industrial_normal_less/hd617_all__0.npy,Normal
Pistachio/VAD/vit-features/train/normal/industrial_normal_less/hd617_all__1.npy,Normal
Pistachio/VAD/vit-features/train/normal/industrial_normal_less/hd617_all__2.npy,Normal
Pistachio/VAD/vit-features/train/normal/industrial_normal_less/hd617_all__3.npy,Normal
Pistachio/VAD/vit-features/train/normal/industrial_normal_less/hd617_all__4.npy,Normal
Pistachio/VAD/vit-features/train/normal/industrial_normal_less/hd617_all__5.npy,Normal
Pistachio/VAD/vit-features/train/normal/industrial_normal_less/hd617_all__6.npy,Normal
Pistachio/VAD/vit-features/train/normal/industrial_normal_less/hd617_all__7.npy,Normal
Pistachio/VAD/vit-features/train/normal/industrial_normal_less/hd617_all__8.npy,Normal
Pistachio/VAD/vit-features/train/normal/industrial_normal_less/hd617_all__9.npy,Normal
Pistachio/VAD/vit-features/train/normal/industrial_normal_less/hd618_all__0.npy,Normal
Pistachio/VAD/vit-features/train/normal/industrial_normal_less/hd618_all__1.npy,Normal
Pistachio/VAD/vit-features/train/normal/industrial_normal_less/hd618_all__2.npy,Normal
Pistachio/VAD/vit-features/train/normal/industrial_normal_less/hd618_all__3.npy,Normal
Pistachio/VAD/vit-features/train/normal/industrial_normal_less/hd618_all__4.npy,Normal
Pistachio/VAD/vit-features/train/normal/industrial_normal_less/hd618_all__5.npy,Normal
Pistachio/VAD/vit-features/train/normal/industrial_normal_less/hd618_all__6.npy,Normal
Pistachio/VAD/vit-features/train/normal/industrial_normal_less/hd618_all__7.npy,Normal
Pistachio/VAD/vit-features/train/normal/industrial_normal_less/hd618_all__8.npy,Normal
Pistachio/VAD/vit-features/train/normal/industrial_normal_less/hd618_all__9.npy,Normal
Pistachio/VAD/vit-features/train/normal/industrial_normal_less/hd619_all__0.npy,Normal
Pistachio/VAD/vit-features/train/normal/industrial_normal_less/hd619_all__1.npy,Normal
Pistachio/VAD/vit-features/train/normal/industrial_normal_less/hd619_all__2.npy,Normal
Pistachio/VAD/vit-features/train/normal/industrial_normal_less/hd619_all__3.npy,Normal
Pistachio/VAD/vit-features/train/normal/industrial_normal_less/hd619_all__4.npy,Normal
Pistachio/VAD/vit-features/train/normal/industrial_normal_less/hd619_all__5.npy,Normal
Pistachio/VAD/vit-features/train/normal/industrial_normal_less/hd619_all__6.npy,Normal
Pistachio/VAD/vit-features/train/normal/industrial_normal_less/hd619_all__7.npy,Normal
Pistachio/VAD/vit-features/train/normal/industrial_normal_less/hd619_all__8.npy,Normal
Pistachio/VAD/vit-features/train/normal/industrial_normal_less/hd619_all__9.npy,Normal
Pistachio/VAD/vit-features/train/normal/industrial_normal_less/hd620_all__0.npy,Normal
Pistachio/VAD/vit-features/train/normal/industrial_normal_less/hd620_all__1.npy,Normal
Pistachio/VAD/vit-features/train/normal/industrial_normal_less/hd620_all__2.npy,Normal
Pistachio/VAD/vit-features/train/normal/industrial_normal_less/hd620_all__3.npy,Normal
Pistachio/VAD/vit-features/train/normal/industrial_normal_less/hd620_all__4.npy,Normal
Pistachio/VAD/vit-features/train/normal/industrial_normal_less/hd620_all__5.npy,Normal
Pistachio/VAD/vit-features/train/normal/industrial_normal_less/hd620_all__6.npy,Normal
Pistachio/VAD/vit-features/train/normal/industrial_normal_less/hd620_all__7.npy,Normal
Pistachio/VAD/vit-features/train/normal/industrial_normal_less/hd620_all__8.npy,Normal
Pistachio/VAD/vit-features/train/normal/industrial_normal_less/hd620_all__9.npy,Normal
Pistachio/VAD/vit-features/train/normal/industrial_normal_less/hd622_all__0.npy,Normal
Pistachio/VAD/vit-features/train/normal/industrial_normal_less/hd622_all__1.npy,Normal
Pistachio/VAD/vit-features/train/normal/industrial_normal_less/hd622_all__2.npy,Normal
Pistachio/VAD/vit-features/train/normal/industrial_normal_less/hd622_all__3.npy,Normal
Pistachio/VAD/vit-features/train/normal/industrial_normal_less/hd622_all__4.npy,Normal
Pistachio/VAD/vit-features/train/normal/industrial_normal_less/hd622_all__5.npy,Normal
Pistachio/VAD/vit-features/train/normal/industrial_normal_less/hd622_all__6.npy,Normal
Pistachio/VAD/vit-features/train/normal/industrial_normal_less/hd622_all__7.npy,Normal
Pistachio/VAD/vit-features/train/normal/industrial_normal_less/hd622_all__8.npy,Normal
Pistachio/VAD/vit-features/train/normal/industrial_normal_less/hd622_all__9.npy,Normal
Pistachio/VAD/vit-features/train/normal/industrial_normal_less/hd623_all__0.npy,Normal
Pistachio/VAD/vit-features/train/normal/industrial_normal_less/hd623_all__1.npy,Normal
Pistachio/VAD/vit-features/train/normal/industrial_normal_less/hd623_all__2.npy,Normal
Pistachio/VAD/vit-features/train/normal/industrial_normal_less/hd623_all__3.npy,Normal
Pistachio/VAD/vit-features/train/normal/industrial_normal_less/hd623_all__4.npy,Normal
Pistachio/VAD/vit-features/train/normal/industrial_normal_less/hd623_all__5.npy,Normal
Pistachio/VAD/vit-features/train/normal/industrial_normal_less/hd623_all__6.npy,Normal
Pistachio/VAD/vit-features/train/normal/industrial_normal_less/hd623_all__7.npy,Normal
Pistachio/VAD/vit-features/train/normal/industrial_normal_less/hd623_all__8.npy,Normal
Pistachio/VAD/vit-features/train/normal/industrial_normal_less/hd623_all__9.npy,Normal
Pistachio/VAD/vit-features/train/normal/industrial_normal_less/hd624_all__0.npy,Normal
Pistachio/VAD/vit-features/train/normal/industrial_normal_less/hd624_all__1.npy,Normal
Pistachio/VAD/vit-features/train/normal/industrial_normal_less/hd624_all__2.npy,Normal
Pistachio/VAD/vit-features/train/normal/industrial_normal_less/hd624_all__3.npy,Normal
Pistachio/VAD/vit-features/train/normal/industrial_normal_less/hd624_all__4.npy,Normal
Pistachio/VAD/vit-features/train/normal/industrial_normal_less/hd624_all__5.npy,Normal
Pistachio/VAD/vit-features/train/normal/industrial_normal_less/hd624_all__6.npy,Normal
Pistachio/VAD/vit-features/train/normal/industrial_normal_less/hd624_all__7.npy,Normal
Pistachio/VAD/vit-features/train/normal/industrial_normal_less/hd624_all__8.npy,Normal
Pistachio/VAD/vit-features/train/normal/industrial_normal_less/hd624_all__9.npy,Normal
Pistachio/VAD/vit-features/train/normal/industrial_normal_less/hd625_all__0.npy,Normal
Pistachio/VAD/vit-features/train/normal/industrial_normal_less/hd625_all__1.npy,Normal
Pistachio/VAD/vit-features/train/normal/industrial_normal_less/hd625_all__2.npy,Normal
Pistachio/VAD/vit-features/train/normal/industrial_normal_less/hd625_all__3.npy,Normal
Pistachio/VAD/vit-features/train/normal/industrial_normal_less/hd625_all__4.npy,Normal
Pistachio/VAD/vit-features/train/normal/industrial_normal_less/hd625_all__5.npy,Normal
Pistachio/VAD/vit-features/train/normal/industrial_normal_less/hd625_all__6.npy,Normal
Pistachio/VAD/vit-features/train/normal/industrial_normal_less/hd625_all__7.npy,Normal
Pistachio/VAD/vit-features/train/normal/industrial_normal_less/hd625_all__8.npy,Normal
Pistachio/VAD/vit-features/train/normal/industrial_normal_less/hd625_all__9.npy,Normal
Pistachio/VAD/vit-features/train/normal/industrial_normal_less/hd626_all__0.npy,Normal
Pistachio/VAD/vit-features/train/normal/industrial_normal_less/hd626_all__1.npy,Normal
Pistachio/VAD/vit-features/train/normal/industrial_normal_less/hd626_all__2.npy,Normal
Pistachio/VAD/vit-features/train/normal/industrial_normal_less/hd626_all__3.npy,Normal
Pistachio/VAD/vit-features/train/normal/industrial_normal_less/hd626_all__4.npy,Normal
Pistachio/VAD/vit-features/train/normal/industrial_normal_less/hd626_all__5.npy,Normal
Pistachio/VAD/vit-features/train/normal/industrial_normal_less/hd626_all__6.npy,Normal
Pistachio/VAD/vit-features/train/normal/industrial_normal_less/hd626_all__7.npy,Normal
Pistachio/VAD/vit-features/train/normal/industrial_normal_less/hd626_all__8.npy,Normal
Pistachio/VAD/vit-features/train/normal/industrial_normal_less/hd626_all__9.npy,Normal
Pistachio/VAD/vit-features/train/normal/industrial_normal_less/hd627_all__0.npy,Normal
Pistachio/VAD/vit-features/train/normal/industrial_normal_less/hd627_all__1.npy,Normal
Pistachio/VAD/vit-features/train/normal/industrial_normal_less/hd627_all__2.npy,Normal
Pistachio/VAD/vit-features/train/normal/industrial_normal_less/hd627_all__3.npy,Normal
Pistachio/VAD/vit-features/train/normal/industrial_normal_less/hd627_all__4.npy,Normal
Pistachio/VAD/vit-features/train/normal/industrial_normal_less/hd627_all__5.npy,Normal
Pistachio/VAD/vit-features/train/normal/industrial_normal_less/hd627_all__6.npy,Normal
Pistachio/VAD/vit-features/train/normal/industrial_normal_less/hd627_all__7.npy,Normal
Pistachio/VAD/vit-features/train/normal/industrial_normal_less/hd627_all__8.npy,Normal
Pistachio/VAD/vit-features/train/normal/industrial_normal_less/hd627_all__9.npy,Normal
Pistachio/VAD/vit-features/train/normal/industrial_normal_less/hd633_all__0.npy,Normal
Pistachio/VAD/vit-features/train/normal/industrial_normal_less/hd633_all__1.npy,Normal
Pistachio/VAD/vit-features/train/normal/industrial_normal_less/hd633_all__2.npy,Normal
Pistachio/VAD/vit-features/train/normal/industrial_normal_less/hd633_all__3.npy,Normal
Pistachio/VAD/vit-features/train/normal/industrial_normal_less/hd633_all__4.npy,Normal
Pistachio/VAD/vit-features/train/normal/industrial_normal_less/hd633_all__5.npy,Normal
Pistachio/VAD/vit-features/train/normal/industrial_normal_less/hd633_all__6.npy,Normal
Pistachio/VAD/vit-features/train/normal/industrial_normal_less/hd633_all__7.npy,Normal
Pistachio/VAD/vit-features/train/normal/industrial_normal_less/hd633_all__8.npy,Normal
Pistachio/VAD/vit-features/train/normal/industrial_normal_less/hd633_all__9.npy,Normal
Pistachio/VAD/vit-features/train/normal/industrial_normal_less/hd637_all__0.npy,Normal
Pistachio/VAD/vit-features/train/normal/industrial_normal_less/hd637_all__1.npy,Normal
Pistachio/VAD/vit-features/train/normal/industrial_normal_less/hd637_all__2.npy,Normal
Pistachio/VAD/vit-features/train/normal/industrial_normal_less/hd637_all__3.npy,Normal
Pistachio/VAD/vit-features/train/normal/industrial_normal_less/hd637_all__4.npy,Normal
Pistachio/VAD/vit-features/train/normal/industrial_normal_less/hd637_all__5.npy,Normal
Pistachio/VAD/vit-features/train/normal/industrial_normal_less/hd637_all__6.npy,Normal
Pistachio/VAD/vit-features/train/normal/industrial_normal_less/hd637_all__7.npy,Normal
Pistachio/VAD/vit-features/train/normal/industrial_normal_less/hd637_all__8.npy,Normal
Pistachio/VAD/vit-features/train/normal/industrial_normal_less/hd637_all__9.npy,Normal
Pistachio/VAD/vit-features/train/normal/industrial_normal_less/hd638_all__0.npy,Normal
Pistachio/VAD/vit-features/train/normal/industrial_normal_less/hd638_all__1.npy,Normal
Pistachio/VAD/vit-features/train/normal/industrial_normal_less/hd638_all__2.npy,Normal
Pistachio/VAD/vit-features/train/normal/industrial_normal_less/hd638_all__3.npy,Normal
Pistachio/VAD/vit-features/train/normal/industrial_normal_less/hd638_all__4.npy,Normal
Pistachio/VAD/vit-features/train/normal/industrial_normal_less/hd638_all__5.npy,Normal
Pistachio/VAD/vit-features/train/normal/industrial_normal_less/hd638_all__6.npy,Normal
Pistachio/VAD/vit-features/train/normal/industrial_normal_less/hd638_all__7.npy,Normal
Pistachio/VAD/vit-features/train/normal/industrial_normal_less/hd638_all__8.npy,Normal
Pistachio/VAD/vit-features/train/normal/industrial_normal_less/hd638_all__9.npy,Normal
Pistachio/VAD/vit-features/train/normal/industrial_normal_less/hd644_all__0.npy,Normal
Pistachio/VAD/vit-features/train/normal/industrial_normal_less/hd644_all__1.npy,Normal
Pistachio/VAD/vit-features/train/normal/industrial_normal_less/hd644_all__2.npy,Normal
Pistachio/VAD/vit-features/train/normal/industrial_normal_less/hd644_all__3.npy,Normal
Pistachio/VAD/vit-features/train/normal/industrial_normal_less/hd644_all__4.npy,Normal
Pistachio/VAD/vit-features/train/normal/industrial_normal_less/hd644_all__5.npy,Normal
Pistachio/VAD/vit-features/train/normal/industrial_normal_less/hd644_all__6.npy,Normal
Pistachio/VAD/vit-features/train/normal/industrial_normal_less/hd644_all__7.npy,Normal
Pistachio/VAD/vit-features/train/normal/industrial_normal_less/hd644_all__8.npy,Normal
Pistachio/VAD/vit-features/train/normal/industrial_normal_less/hd644_all__9.npy,Normal
Pistachio/VAD/vit-features/train/normal/industrial_normal_less/hd645_all__0.npy,Normal
Pistachio/VAD/vit-features/train/normal/industrial_normal_less/hd645_all__1.npy,Normal
Pistachio/VAD/vit-features/train/normal/industrial_normal_less/hd645_all__2.npy,Normal
Pistachio/VAD/vit-features/train/normal/industrial_normal_less/hd645_all__3.npy,Normal
Pistachio/VAD/vit-features/train/normal/industrial_normal_less/hd645_all__4.npy,Normal
Pistachio/VAD/vit-features/train/normal/industrial_normal_less/hd645_all__5.npy,Normal
Pistachio/VAD/vit-features/train/normal/industrial_normal_less/hd645_all__6.npy,Normal
Pistachio/VAD/vit-features/train/normal/industrial_normal_less/hd645_all__7.npy,Normal
Pistachio/VAD/vit-features/train/normal/industrial_normal_less/hd645_all__8.npy,Normal
Pistachio/VAD/vit-features/train/normal/industrial_normal_less/hd645_all__9.npy,Normal
Pistachio/VAD/vit-features/train/normal/industrial_normal_less/hd646_all__0.npy,Normal
Pistachio/VAD/vit-features/train/normal/industrial_normal_less/hd646_all__1.npy,Normal
Pistachio/VAD/vit-features/train/normal/industrial_normal_less/hd646_all__2.npy,Normal
Pistachio/VAD/vit-features/train/normal/industrial_normal_less/hd646_all__3.npy,Normal
Pistachio/VAD/vit-features/train/normal/industrial_normal_less/hd646_all__4.npy,Normal
Pistachio/VAD/vit-features/train/normal/industrial_normal_less/hd646_all__5.npy,Normal
Pistachio/VAD/vit-features/train/normal/industrial_normal_less/hd646_all__6.npy,Normal
Pistachio/VAD/vit-features/train/normal/industrial_normal_less/hd646_all__7.npy,Normal
Pistachio/VAD/vit-features/train/normal/industrial_normal_less/hd646_all__8.npy,Normal
Pistachio/VAD/vit-features/train/normal/industrial_normal_less/hd646_all__9.npy,Normal
Pistachio/VAD/vit-features/train/normal/industrial_normal_less/hd647_all__0.npy,Normal
Pistachio/VAD/vit-features/train/normal/industrial_normal_less/hd647_all__1.npy,Normal
Pistachio/VAD/vit-features/train/normal/industrial_normal_less/hd647_all__2.npy,Normal
Pistachio/VAD/vit-features/train/normal/industrial_normal_less/hd647_all__3.npy,Normal
Pistachio/VAD/vit-features/train/normal/industrial_normal_less/hd647_all__4.npy,Normal
Pistachio/VAD/vit-features/train/normal/industrial_normal_less/hd647_all__5.npy,Normal
Pistachio/VAD/vit-features/train/normal/industrial_normal_less/hd647_all__6.npy,Normal
Pistachio/VAD/vit-features/train/normal/industrial_normal_less/hd647_all__7.npy,Normal
Pistachio/VAD/vit-features/train/normal/industrial_normal_less/hd647_all__8.npy,Normal
Pistachio/VAD/vit-features/train/normal/industrial_normal_less/hd647_all__9.npy,Normal
Pistachio/VAD/vit-features/train/normal/industrial_normal_less/hd648_all__0.npy,Normal
Pistachio/VAD/vit-features/train/normal/industrial_normal_less/hd648_all__1.npy,Normal
Pistachio/VAD/vit-features/train/normal/industrial_normal_less/hd648_all__2.npy,Normal
Pistachio/VAD/vit-features/train/normal/industrial_normal_less/hd648_all__3.npy,Normal
Pistachio/VAD/vit-features/train/normal/industrial_normal_less/hd648_all__4.npy,Normal
Pistachio/VAD/vit-features/train/normal/industrial_normal_less/hd648_all__5.npy,Normal
Pistachio/VAD/vit-features/train/normal/industrial_normal_less/hd648_all__6.npy,Normal
Pistachio/VAD/vit-features/train/normal/industrial_normal_less/hd648_all__7.npy,Normal
Pistachio/VAD/vit-features/train/normal/industrial_normal_less/hd648_all__8.npy,Normal
Pistachio/VAD/vit-features/train/normal/industrial_normal_less/hd648_all__9.npy,Normal
Pistachio/VAD/vit-features/train/normal/industrial_normal_less/hd649_all__0.npy,Normal
Pistachio/VAD/vit-features/train/normal/industrial_normal_less/hd649_all__1.npy,Normal
Pistachio/VAD/vit-features/train/normal/industrial_normal_less/hd649_all__2.npy,Normal
Pistachio/VAD/vit-features/train/normal/industrial_normal_less/hd649_all__3.npy,Normal
Pistachio/VAD/vit-features/train/normal/industrial_normal_less/hd649_all__4.npy,Normal
Pistachio/VAD/vit-features/train/normal/industrial_normal_less/hd649_all__5.npy,Normal
Pistachio/VAD/vit-features/train/normal/industrial_normal_less/hd649_all__6.npy,Normal
Pistachio/VAD/vit-features/train/normal/industrial_normal_less/hd649_all__7.npy,Normal
Pistachio/VAD/vit-features/train/normal/industrial_normal_less/hd649_all__8.npy,Normal
Pistachio/VAD/vit-features/train/normal/industrial_normal_less/hd649_all__9.npy,Normal
Pistachio/VAD/vit-features/train/normal/industrial_normal_less/hd650_all__0.npy,Normal
Pistachio/VAD/vit-features/train/normal/industrial_normal_less/hd650_all__1.npy,Normal
Pistachio/VAD/vit-features/train/normal/industrial_normal_less/hd650_all__2.npy,Normal
Pistachio/VAD/vit-features/train/normal/industrial_normal_less/hd650_all__3.npy,Normal
Pistachio/VAD/vit-features/train/normal/industrial_normal_less/hd650_all__4.npy,Normal
Pistachio/VAD/vit-features/train/normal/industrial_normal_less/hd650_all__5.npy,Normal
Pistachio/VAD/vit-features/train/normal/industrial_normal_less/hd650_all__6.npy,Normal
Pistachio/VAD/vit-features/train/normal/industrial_normal_less/hd650_all__7.npy,Normal
Pistachio/VAD/vit-features/train/normal/industrial_normal_less/hd650_all__8.npy,Normal
Pistachio/VAD/vit-features/train/normal/industrial_normal_less/hd650_all__9.npy,Normal
Pistachio/VAD/vit-features/train/normal/industrial_normal_less/hd651_all__0.npy,Normal
Pistachio/VAD/vit-features/train/normal/industrial_normal_less/hd651_all__1.npy,Normal
Pistachio/VAD/vit-features/train/normal/industrial_normal_less/hd651_all__2.npy,Normal
Pistachio/VAD/vit-features/train/normal/industrial_normal_less/hd651_all__3.npy,Normal
Pistachio/VAD/vit-features/train/normal/industrial_normal_less/hd651_all__4.npy,Normal
Pistachio/VAD/vit-features/train/normal/industrial_normal_less/hd651_all__5.npy,Normal
Pistachio/VAD/vit-features/train/normal/industrial_normal_less/hd651_all__6.npy,Normal
Pistachio/VAD/vit-features/train/normal/industrial_normal_less/hd651_all__7.npy,Normal
Pistachio/VAD/vit-features/train/normal/industrial_normal_less/hd651_all__8.npy,Normal
Pistachio/VAD/vit-features/train/normal/industrial_normal_less/hd651_all__9.npy,Normal
Pistachio/VAD/vit-features/train/normal/industrial_normal_less/hd652_all__0.npy,Normal
Pistachio/VAD/vit-features/train/normal/industrial_normal_less/hd652_all__1.npy,Normal
Pistachio/VAD/vit-features/train/normal/industrial_normal_less/hd652_all__2.npy,Normal
Pistachio/VAD/vit-features/train/normal/industrial_normal_less/hd652_all__3.npy,Normal
Pistachio/VAD/vit-features/train/normal/industrial_normal_less/hd652_all__4.npy,Normal
Pistachio/VAD/vit-features/train/normal/industrial_normal_less/hd652_all__5.npy,Normal
Pistachio/VAD/vit-features/train/normal/industrial_normal_less/hd652_all__6.npy,Normal
Pistachio/VAD/vit-features/train/normal/industrial_normal_less/hd652_all__7.npy,Normal
Pistachio/VAD/vit-features/train/normal/industrial_normal_less/hd652_all__8.npy,Normal
Pistachio/VAD/vit-features/train/normal/industrial_normal_less/hd652_all__9.npy,Normal
Pistachio/VAD/vit-features/train/normal/industrial_normal_less/hd653_all__0.npy,Normal
Pistachio/VAD/vit-features/train/normal/industrial_normal_less/hd653_all__1.npy,Normal
Pistachio/VAD/vit-features/train/normal/industrial_normal_less/hd653_all__2.npy,Normal
Pistachio/VAD/vit-features/train/normal/industrial_normal_less/hd653_all__3.npy,Normal
Pistachio/VAD/vit-features/train/normal/industrial_normal_less/hd653_all__4.npy,Normal
Pistachio/VAD/vit-features/train/normal/industrial_normal_less/hd653_all__5.npy,Normal
Pistachio/VAD/vit-features/train/normal/industrial_normal_less/hd653_all__6.npy,Normal
Pistachio/VAD/vit-features/train/normal/industrial_normal_less/hd653_all__7.npy,Normal
Pistachio/VAD/vit-features/train/normal/industrial_normal_less/hd653_all__8.npy,Normal
Pistachio/VAD/vit-features/train/normal/industrial_normal_less/hd653_all__9.npy,Normal
Pistachio/VAD/vit-features/train/normal/industrial_normal_less/hd654_all__0.npy,Normal
Pistachio/VAD/vit-features/train/normal/industrial_normal_less/hd654_all__1.npy,Normal
Pistachio/VAD/vit-features/train/normal/industrial_normal_less/hd654_all__2.npy,Normal
Pistachio/VAD/vit-features/train/normal/industrial_normal_less/hd654_all__3.npy,Normal
Pistachio/VAD/vit-features/train/normal/industrial_normal_less/hd654_all__4.npy,Normal
Pistachio/VAD/vit-features/train/normal/industrial_normal_less/hd654_all__5.npy,Normal
Pistachio/VAD/vit-features/train/normal/industrial_normal_less/hd654_all__6.npy,Normal
Pistachio/VAD/vit-features/train/normal/industrial_normal_less/hd654_all__7.npy,Normal
Pistachio/VAD/vit-features/train/normal/industrial_normal_less/hd654_all__8.npy,Normal
Pistachio/VAD/vit-features/train/normal/industrial_normal_less/hd654_all__9.npy,Normal
Pistachio/VAD/vit-features/train/normal/industrial_normal_less/hd655_all__0.npy,Normal
Pistachio/VAD/vit-features/train/normal/industrial_normal_less/hd655_all__1.npy,Normal
Pistachio/VAD/vit-features/train/normal/industrial_normal_less/hd655_all__2.npy,Normal
Pistachio/VAD/vit-features/train/normal/industrial_normal_less/hd655_all__3.npy,Normal
Pistachio/VAD/vit-features/train/normal/industrial_normal_less/hd655_all__4.npy,Normal
Pistachio/VAD/vit-features/train/normal/industrial_normal_less/hd655_all__5.npy,Normal
Pistachio/VAD/vit-features/train/normal/industrial_normal_less/hd655_all__6.npy,Normal
Pistachio/VAD/vit-features/train/normal/industrial_normal_less/hd655_all__7.npy,Normal
Pistachio/VAD/vit-features/train/normal/industrial_normal_less/hd655_all__8.npy,Normal
Pistachio/VAD/vit-features/train/normal/industrial_normal_less/hd655_all__9.npy,Normal
Pistachio/VAD/vit-features/train/normal/industrial_normal_less/hd660_all__0.npy,Normal
Pistachio/VAD/vit-features/train/normal/industrial_normal_less/hd660_all__1.npy,Normal
Pistachio/VAD/vit-features/train/normal/industrial_normal_less/hd660_all__2.npy,Normal
Pistachio/VAD/vit-features/train/normal/industrial_normal_less/hd660_all__3.npy,Normal
Pistachio/VAD/vit-features/train/normal/industrial_normal_less/hd660_all__4.npy,Normal
Pistachio/VAD/vit-features/train/normal/industrial_normal_less/hd660_all__5.npy,Normal
Pistachio/VAD/vit-features/train/normal/industrial_normal_less/hd660_all__6.npy,Normal
Pistachio/VAD/vit-features/train/normal/industrial_normal_less/hd660_all__7.npy,Normal
Pistachio/VAD/vit-features/train/normal/industrial_normal_less/hd660_all__8.npy,Normal
Pistachio/VAD/vit-features/train/normal/industrial_normal_less/hd660_all__9.npy,Normal
Pistachio/VAD/vit-features/train/normal/industrial_normal_less/hd661_all__0.npy,Normal
Pistachio/VAD/vit-features/train/normal/industrial_normal_less/hd661_all__1.npy,Normal
Pistachio/VAD/vit-features/train/normal/industrial_normal_less/hd661_all__2.npy,Normal
Pistachio/VAD/vit-features/train/normal/industrial_normal_less/hd661_all__3.npy,Normal
Pistachio/VAD/vit-features/train/normal/industrial_normal_less/hd661_all__4.npy,Normal
Pistachio/VAD/vit-features/train/normal/industrial_normal_less/hd661_all__5.npy,Normal
Pistachio/VAD/vit-features/train/normal/industrial_normal_less/hd661_all__6.npy,Normal
Pistachio/VAD/vit-features/train/normal/industrial_normal_less/hd661_all__7.npy,Normal
Pistachio/VAD/vit-features/train/normal/industrial_normal_less/hd661_all__8.npy,Normal
Pistachio/VAD/vit-features/train/normal/industrial_normal_less/hd661_all__9.npy,Normal
Pistachio/VAD/vit-features/train/normal/industrial_normal_less/hd662_all__0.npy,Normal
Pistachio/VAD/vit-features/train/normal/industrial_normal_less/hd662_all__1.npy,Normal
Pistachio/VAD/vit-features/train/normal/industrial_normal_less/hd662_all__2.npy,Normal
Pistachio/VAD/vit-features/train/normal/industrial_normal_less/hd662_all__3.npy,Normal
Pistachio/VAD/vit-features/train/normal/industrial_normal_less/hd662_all__4.npy,Normal
Pistachio/VAD/vit-features/train/normal/industrial_normal_less/hd662_all__5.npy,Normal
Pistachio/VAD/vit-features/train/normal/industrial_normal_less/hd662_all__6.npy,Normal
Pistachio/VAD/vit-features/train/normal/industrial_normal_less/hd662_all__7.npy,Normal
Pistachio/VAD/vit-features/train/normal/industrial_normal_less/hd662_all__8.npy,Normal
Pistachio/VAD/vit-features/train/normal/industrial_normal_less/hd662_all__9.npy,Normal
Pistachio/VAD/vit-features/train/normal/industrial_normal_less/hd663_all__0.npy,Normal
Pistachio/VAD/vit-features/train/normal/industrial_normal_less/hd663_all__1.npy,Normal
Pistachio/VAD/vit-features/train/normal/industrial_normal_less/hd663_all__2.npy,Normal
Pistachio/VAD/vit-features/train/normal/industrial_normal_less/hd663_all__3.npy,Normal
Pistachio/VAD/vit-features/train/normal/industrial_normal_less/hd663_all__4.npy,Normal
Pistachio/VAD/vit-features/train/normal/industrial_normal_less/hd663_all__5.npy,Normal
Pistachio/VAD/vit-features/train/normal/industrial_normal_less/hd663_all__6.npy,Normal
Pistachio/VAD/vit-features/train/normal/industrial_normal_less/hd663_all__7.npy,Normal
Pistachio/VAD/vit-features/train/normal/industrial_normal_less/hd663_all__8.npy,Normal
Pistachio/VAD/vit-features/train/normal/industrial_normal_less/hd663_all__9.npy,Normal
Pistachio/VAD/vit-features/train/normal/industrial_normal_less/hd664_all__0.npy,Normal
Pistachio/VAD/vit-features/train/normal/industrial_normal_less/hd664_all__1.npy,Normal
Pistachio/VAD/vit-features/train/normal/industrial_normal_less/hd664_all__2.npy,Normal
Pistachio/VAD/vit-features/train/normal/industrial_normal_less/hd664_all__3.npy,Normal
Pistachio/VAD/vit-features/train/normal/industrial_normal_less/hd664_all__4.npy,Normal
Pistachio/VAD/vit-features/train/normal/industrial_normal_less/hd664_all__5.npy,Normal
Pistachio/VAD/vit-features/train/normal/industrial_normal_less/hd664_all__6.npy,Normal
Pistachio/VAD/vit-features/train/normal/industrial_normal_less/hd664_all__7.npy,Normal
Pistachio/VAD/vit-features/train/normal/industrial_normal_less/hd664_all__8.npy,Normal
Pistachio/VAD/vit-features/train/normal/industrial_normal_less/hd664_all__9.npy,Normal
Pistachio/VAD/vit-features/train/normal/industrial_normal_less/hd665_all__0.npy,Normal
Pistachio/VAD/vit-features/train/normal/industrial_normal_less/hd665_all__1.npy,Normal
Pistachio/VAD/vit-features/train/normal/industrial_normal_less/hd665_all__2.npy,Normal
Pistachio/VAD/vit-features/train/normal/industrial_normal_less/hd665_all__3.npy,Normal
Pistachio/VAD/vit-features/train/normal/industrial_normal_less/hd665_all__4.npy,Normal
Pistachio/VAD/vit-features/train/normal/industrial_normal_less/hd665_all__5.npy,Normal
Pistachio/VAD/vit-features/train/normal/industrial_normal_less/hd665_all__6.npy,Normal
Pistachio/VAD/vit-features/train/normal/industrial_normal_less/hd665_all__7.npy,Normal
Pistachio/VAD/vit-features/train/normal/industrial_normal_less/hd665_all__8.npy,Normal
Pistachio/VAD/vit-features/train/normal/industrial_normal_less/hd665_all__9.npy,Normal
Pistachio/VAD/vit-features/train/normal/industrial_normal_less/hd666_all__0.npy,Normal
Pistachio/VAD/vit-features/train/normal/industrial_normal_less/hd666_all__1.npy,Normal
Pistachio/VAD/vit-features/train/normal/industrial_normal_less/hd666_all__2.npy,Normal
Pistachio/VAD/vit-features/train/normal/industrial_normal_less/hd666_all__3.npy,Normal
Pistachio/VAD/vit-features/train/normal/industrial_normal_less/hd666_all__4.npy,Normal
Pistachio/VAD/vit-features/train/normal/industrial_normal_less/hd666_all__5.npy,Normal
Pistachio/VAD/vit-features/train/normal/industrial_normal_less/hd666_all__6.npy,Normal
Pistachio/VAD/vit-features/train/normal/industrial_normal_less/hd666_all__7.npy,Normal
Pistachio/VAD/vit-features/train/normal/industrial_normal_less/hd666_all__8.npy,Normal
Pistachio/VAD/vit-features/train/normal/industrial_normal_less/hd666_all__9.npy,Normal
Pistachio/VAD/vit-features/train/normal/industrial_normal_less/hd667_all__0.npy,Normal
Pistachio/VAD/vit-features/train/normal/industrial_normal_less/hd667_all__1.npy,Normal
Pistachio/VAD/vit-features/train/normal/industrial_normal_less/hd667_all__2.npy,Normal
Pistachio/VAD/vit-features/train/normal/industrial_normal_less/hd667_all__3.npy,Normal
Pistachio/VAD/vit-features/train/normal/industrial_normal_less/hd667_all__4.npy,Normal
Pistachio/VAD/vit-features/train/normal/industrial_normal_less/hd667_all__5.npy,Normal
Pistachio/VAD/vit-features/train/normal/industrial_normal_less/hd667_all__6.npy,Normal
Pistachio/VAD/vit-features/train/normal/industrial_normal_less/hd667_all__7.npy,Normal
Pistachio/VAD/vit-features/train/normal/industrial_normal_less/hd667_all__8.npy,Normal
Pistachio/VAD/vit-features/train/normal/industrial_normal_less/hd667_all__9.npy,Normal
Pistachio/VAD/vit-features/train/normal/industrial_normal_less/hd668_all__0.npy,Normal
Pistachio/VAD/vit-features/train/normal/industrial_normal_less/hd668_all__1.npy,Normal
Pistachio/VAD/vit-features/train/normal/industrial_normal_less/hd668_all__2.npy,Normal
Pistachio/VAD/vit-features/train/normal/industrial_normal_less/hd668_all__3.npy,Normal
Pistachio/VAD/vit-features/train/normal/industrial_normal_less/hd668_all__4.npy,Normal
Pistachio/VAD/vit-features/train/normal/industrial_normal_less/hd668_all__5.npy,Normal
Pistachio/VAD/vit-features/train/normal/industrial_normal_less/hd668_all__6.npy,Normal
Pistachio/VAD/vit-features/train/normal/industrial_normal_less/hd668_all__7.npy,Normal
Pistachio/VAD/vit-features/train/normal/industrial_normal_less/hd668_all__8.npy,Normal
Pistachio/VAD/vit-features/train/normal/industrial_normal_less/hd668_all__9.npy,Normal
Pistachio/VAD/vit-features/train/normal/industrial_normal_less/hd669_all__0.npy,Normal
Pistachio/VAD/vit-features/train/normal/industrial_normal_less/hd669_all__1.npy,Normal
Pistachio/VAD/vit-features/train/normal/industrial_normal_less/hd669_all__2.npy,Normal
Pistachio/VAD/vit-features/train/normal/industrial_normal_less/hd669_all__3.npy,Normal
Pistachio/VAD/vit-features/train/normal/industrial_normal_less/hd669_all__4.npy,Normal
Pistachio/VAD/vit-features/train/normal/industrial_normal_less/hd669_all__5.npy,Normal
Pistachio/VAD/vit-features/train/normal/industrial_normal_less/hd669_all__6.npy,Normal
Pistachio/VAD/vit-features/train/normal/industrial_normal_less/hd669_all__7.npy,Normal
Pistachio/VAD/vit-features/train/normal/industrial_normal_less/hd669_all__8.npy,Normal
Pistachio/VAD/vit-features/train/normal/industrial_normal_less/hd669_all__9.npy,Normal
Pistachio/VAD/vit-features/train/normal/industrial_normal_less/hd670_all__0.npy,Normal
Pistachio/VAD/vit-features/train/normal/industrial_normal_less/hd670_all__1.npy,Normal
Pistachio/VAD/vit-features/train/normal/industrial_normal_less/hd670_all__2.npy,Normal
Pistachio/VAD/vit-features/train/normal/industrial_normal_less/hd670_all__3.npy,Normal
Pistachio/VAD/vit-features/train/normal/industrial_normal_less/hd670_all__4.npy,Normal
Pistachio/VAD/vit-features/train/normal/industrial_normal_less/hd670_all__5.npy,Normal
Pistachio/VAD/vit-features/train/normal/industrial_normal_less/hd670_all__6.npy,Normal
Pistachio/VAD/vit-features/train/normal/industrial_normal_less/hd670_all__7.npy,Normal
Pistachio/VAD/vit-features/train/normal/industrial_normal_less/hd670_all__8.npy,Normal
Pistachio/VAD/vit-features/train/normal/industrial_normal_less/hd670_all__9.npy,Normal
Pistachio/VAD/vit-features/train/normal/industrial_normal_less/hd671_all__0.npy,Normal
Pistachio/VAD/vit-features/train/normal/industrial_normal_less/hd671_all__1.npy,Normal
Pistachio/VAD/vit-features/train/normal/industrial_normal_less/hd671_all__2.npy,Normal
Pistachio/VAD/vit-features/train/normal/industrial_normal_less/hd671_all__3.npy,Normal
Pistachio/VAD/vit-features/train/normal/industrial_normal_less/hd671_all__4.npy,Normal
Pistachio/VAD/vit-features/train/normal/industrial_normal_less/hd671_all__5.npy,Normal
Pistachio/VAD/vit-features/train/normal/industrial_normal_less/hd671_all__6.npy,Normal
Pistachio/VAD/vit-features/train/normal/industrial_normal_less/hd671_all__7.npy,Normal
Pistachio/VAD/vit-features/train/normal/industrial_normal_less/hd671_all__8.npy,Normal
Pistachio/VAD/vit-features/train/normal/industrial_normal_less/hd671_all__9.npy,Normal
Pistachio/VAD/vit-features/train/normal/industrial_normal_less/hd672_all__0.npy,Normal
Pistachio/VAD/vit-features/train/normal/industrial_normal_less/hd672_all__1.npy,Normal
Pistachio/VAD/vit-features/train/normal/industrial_normal_less/hd672_all__2.npy,Normal
Pistachio/VAD/vit-features/train/normal/industrial_normal_less/hd672_all__3.npy,Normal
Pistachio/VAD/vit-features/train/normal/industrial_normal_less/hd672_all__4.npy,Normal
Pistachio/VAD/vit-features/train/normal/industrial_normal_less/hd672_all__5.npy,Normal
Pistachio/VAD/vit-features/train/normal/industrial_normal_less/hd672_all__6.npy,Normal
Pistachio/VAD/vit-features/train/normal/industrial_normal_less/hd672_all__7.npy,Normal
Pistachio/VAD/vit-features/train/normal/industrial_normal_less/hd672_all__8.npy,Normal
Pistachio/VAD/vit-features/train/normal/industrial_normal_less/hd672_all__9.npy,Normal
Pistachio/VAD/vit-features/train/normal/industrial_normal_less/hd673_all__0.npy,Normal
Pistachio/VAD/vit-features/train/normal/industrial_normal_less/hd673_all__1.npy,Normal
Pistachio/VAD/vit-features/train/normal/industrial_normal_less/hd673_all__2.npy,Normal
Pistachio/VAD/vit-features/train/normal/industrial_normal_less/hd673_all__3.npy,Normal
Pistachio/VAD/vit-features/train/normal/industrial_normal_less/hd673_all__4.npy,Normal
Pistachio/VAD/vit-features/train/normal/industrial_normal_less/hd673_all__5.npy,Normal
Pistachio/VAD/vit-features/train/normal/industrial_normal_less/hd673_all__6.npy,Normal
Pistachio/VAD/vit-features/train/normal/industrial_normal_less/hd673_all__7.npy,Normal
Pistachio/VAD/vit-features/train/normal/industrial_normal_less/hd673_all__8.npy,Normal
Pistachio/VAD/vit-features/train/normal/industrial_normal_less/hd673_all__9.npy,Normal
Pistachio/VAD/vit-features/train/normal/industrial_normal_less/hd674_all__0.npy,Normal
Pistachio/VAD/vit-features/train/normal/industrial_normal_less/hd674_all__1.npy,Normal
Pistachio/VAD/vit-features/train/normal/industrial_normal_less/hd674_all__2.npy,Normal
Pistachio/VAD/vit-features/train/normal/industrial_normal_less/hd674_all__3.npy,Normal
Pistachio/VAD/vit-features/train/normal/industrial_normal_less/hd674_all__4.npy,Normal
Pistachio/VAD/vit-features/train/normal/industrial_normal_less/hd674_all__5.npy,Normal
Pistachio/VAD/vit-features/train/normal/industrial_normal_less/hd674_all__6.npy,Normal
Pistachio/VAD/vit-features/train/normal/industrial_normal_less/hd674_all__7.npy,Normal
Pistachio/VAD/vit-features/train/normal/industrial_normal_less/hd674_all__8.npy,Normal
Pistachio/VAD/vit-features/train/normal/industrial_normal_less/hd674_all__9.npy,Normal
Pistachio/VAD/vit-features/train/normal/industrial_normal_less/hd675_all__0.npy,Normal
Pistachio/VAD/vit-features/train/normal/industrial_normal_less/hd675_all__1.npy,Normal
Pistachio/VAD/vit-features/train/normal/industrial_normal_less/hd675_all__2.npy,Normal
Pistachio/VAD/vit-features/train/normal/industrial_normal_less/hd675_all__3.npy,Normal
Pistachio/VAD/vit-features/train/normal/industrial_normal_less/hd675_all__4.npy,Normal
Pistachio/VAD/vit-features/train/normal/industrial_normal_less/hd675_all__5.npy,Normal
Pistachio/VAD/vit-features/train/normal/industrial_normal_less/hd675_all__6.npy,Normal
Pistachio/VAD/vit-features/train/normal/industrial_normal_less/hd675_all__7.npy,Normal
Pistachio/VAD/vit-features/train/normal/industrial_normal_less/hd675_all__8.npy,Normal
Pistachio/VAD/vit-features/train/normal/industrial_normal_less/hd675_all__9.npy,Normal
Pistachio/VAD/vit-features/train/normal/industrial_normal_less/hd676_all__0.npy,Normal
Pistachio/VAD/vit-features/train/normal/industrial_normal_less/hd676_all__1.npy,Normal
Pistachio/VAD/vit-features/train/normal/industrial_normal_less/hd676_all__2.npy,Normal
Pistachio/VAD/vit-features/train/normal/industrial_normal_less/hd676_all__3.npy,Normal
Pistachio/VAD/vit-features/train/normal/industrial_normal_less/hd676_all__4.npy,Normal
Pistachio/VAD/vit-features/train/normal/industrial_normal_less/hd676_all__5.npy,Normal
Pistachio/VAD/vit-features/train/normal/industrial_normal_less/hd676_all__6.npy,Normal
Pistachio/VAD/vit-features/train/normal/industrial_normal_less/hd676_all__7.npy,Normal
Pistachio/VAD/vit-features/train/normal/industrial_normal_less/hd676_all__8.npy,Normal
Pistachio/VAD/vit-features/train/normal/industrial_normal_less/hd676_all__9.npy,Normal
Pistachio/VAD/vit-features/train/normal/industrial_normal_less/hd677_all__0.npy,Normal
Pistachio/VAD/vit-features/train/normal/industrial_normal_less/hd677_all__1.npy,Normal
Pistachio/VAD/vit-features/train/normal/industrial_normal_less/hd677_all__2.npy,Normal
Pistachio/VAD/vit-features/train/normal/industrial_normal_less/hd677_all__3.npy,Normal
Pistachio/VAD/vit-features/train/normal/industrial_normal_less/hd677_all__4.npy,Normal
Pistachio/VAD/vit-features/train/normal/industrial_normal_less/hd677_all__5.npy,Normal
Pistachio/VAD/vit-features/train/normal/industrial_normal_less/hd677_all__6.npy,Normal
Pistachio/VAD/vit-features/train/normal/industrial_normal_less/hd677_all__7.npy,Normal
Pistachio/VAD/vit-features/train/normal/industrial_normal_less/hd677_all__8.npy,Normal
Pistachio/VAD/vit-features/train/normal/industrial_normal_less/hd677_all__9.npy,Normal
Pistachio/VAD/vit-features/train/normal/industrial_normal_less/hd678_all__0.npy,Normal
Pistachio/VAD/vit-features/train/normal/industrial_normal_less/hd678_all__1.npy,Normal
Pistachio/VAD/vit-features/train/normal/industrial_normal_less/hd678_all__2.npy,Normal
Pistachio/VAD/vit-features/train/normal/industrial_normal_less/hd678_all__3.npy,Normal
Pistachio/VAD/vit-features/train/normal/industrial_normal_less/hd678_all__4.npy,Normal
Pistachio/VAD/vit-features/train/normal/industrial_normal_less/hd678_all__5.npy,Normal
Pistachio/VAD/vit-features/train/normal/industrial_normal_less/hd678_all__6.npy,Normal
Pistachio/VAD/vit-features/train/normal/industrial_normal_less/hd678_all__7.npy,Normal
Pistachio/VAD/vit-features/train/normal/industrial_normal_less/hd678_all__8.npy,Normal
Pistachio/VAD/vit-features/train/normal/industrial_normal_less/hd678_all__9.npy,Normal
Pistachio/VAD/vit-features/train/normal/industrial_normal_less/hd679_all__0.npy,Normal
Pistachio/VAD/vit-features/train/normal/industrial_normal_less/hd679_all__1.npy,Normal
Pistachio/VAD/vit-features/train/normal/industrial_normal_less/hd679_all__2.npy,Normal
Pistachio/VAD/vit-features/train/normal/industrial_normal_less/hd679_all__3.npy,Normal
Pistachio/VAD/vit-features/train/normal/industrial_normal_less/hd679_all__4.npy,Normal
Pistachio/VAD/vit-features/train/normal/industrial_normal_less/hd679_all__5.npy,Normal
Pistachio/VAD/vit-features/train/normal/industrial_normal_less/hd679_all__6.npy,Normal
Pistachio/VAD/vit-features/train/normal/industrial_normal_less/hd679_all__7.npy,Normal
Pistachio/VAD/vit-features/train/normal/industrial_normal_less/hd679_all__8.npy,Normal
Pistachio/VAD/vit-features/train/normal/industrial_normal_less/hd679_all__9.npy,Normal
Pistachio/VAD/vit-features/train/normal/industrial_normal_less/hd67_all__0.npy,Normal
Pistachio/VAD/vit-features/train/normal/industrial_normal_less/hd67_all__1.npy,Normal
Pistachio/VAD/vit-features/train/normal/industrial_normal_less/hd67_all__2.npy,Normal
Pistachio/VAD/vit-features/train/normal/industrial_normal_less/hd67_all__3.npy,Normal
Pistachio/VAD/vit-features/train/normal/industrial_normal_less/hd67_all__4.npy,Normal
Pistachio/VAD/vit-features/train/normal/industrial_normal_less/hd67_all__5.npy,Normal
Pistachio/VAD/vit-features/train/normal/industrial_normal_less/hd67_all__6.npy,Normal
Pistachio/VAD/vit-features/train/normal/industrial_normal_less/hd67_all__7.npy,Normal
Pistachio/VAD/vit-features/train/normal/industrial_normal_less/hd67_all__8.npy,Normal
Pistachio/VAD/vit-features/train/normal/industrial_normal_less/hd67_all__9.npy,Normal
Pistachio/VAD/vit-features/train/normal/industrial_normal_less/hd680_all__0.npy,Normal
Pistachio/VAD/vit-features/train/normal/industrial_normal_less/hd680_all__1.npy,Normal
Pistachio/VAD/vit-features/train/normal/industrial_normal_less/hd680_all__2.npy,Normal
Pistachio/VAD/vit-features/train/normal/industrial_normal_less/hd680_all__3.npy,Normal
Pistachio/VAD/vit-features/train/normal/industrial_normal_less/hd680_all__4.npy,Normal
Pistachio/VAD/vit-features/train/normal/industrial_normal_less/hd680_all__5.npy,Normal
Pistachio/VAD/vit-features/train/normal/industrial_normal_less/hd680_all__6.npy,Normal
Pistachio/VAD/vit-features/train/normal/industrial_normal_less/hd680_all__7.npy,Normal
Pistachio/VAD/vit-features/train/normal/industrial_normal_less/hd680_all__8.npy,Normal
Pistachio/VAD/vit-features/train/normal/industrial_normal_less/hd680_all__9.npy,Normal
Pistachio/VAD/vit-features/train/normal/industrial_normal_less/hd681_all__0.npy,Normal
Pistachio/VAD/vit-features/train/normal/industrial_normal_less/hd681_all__1.npy,Normal
Pistachio/VAD/vit-features/train/normal/industrial_normal_less/hd681_all__2.npy,Normal
Pistachio/VAD/vit-features/train/normal/industrial_normal_less/hd681_all__3.npy,Normal
Pistachio/VAD/vit-features/train/normal/industrial_normal_less/hd681_all__4.npy,Normal
Pistachio/VAD/vit-features/train/normal/industrial_normal_less/hd681_all__5.npy,Normal
Pistachio/VAD/vit-features/train/normal/industrial_normal_less/hd681_all__6.npy,Normal
Pistachio/VAD/vit-features/train/normal/industrial_normal_less/hd681_all__7.npy,Normal
Pistachio/VAD/vit-features/train/normal/industrial_normal_less/hd681_all__8.npy,Normal
Pistachio/VAD/vit-features/train/normal/industrial_normal_less/hd681_all__9.npy,Normal
Pistachio/VAD/vit-features/train/normal/industrial_normal_less/hd682_all__0.npy,Normal
Pistachio/VAD/vit-features/train/normal/industrial_normal_less/hd682_all__1.npy,Normal
Pistachio/VAD/vit-features/train/normal/industrial_normal_less/hd682_all__2.npy,Normal
Pistachio/VAD/vit-features/train/normal/industrial_normal_less/hd682_all__3.npy,Normal
Pistachio/VAD/vit-features/train/normal/industrial_normal_less/hd682_all__4.npy,Normal
Pistachio/VAD/vit-features/train/normal/industrial_normal_less/hd682_all__5.npy,Normal
Pistachio/VAD/vit-features/train/normal/industrial_normal_less/hd682_all__6.npy,Normal
Pistachio/VAD/vit-features/train/normal/industrial_normal_less/hd682_all__7.npy,Normal
Pistachio/VAD/vit-features/train/normal/industrial_normal_less/hd682_all__8.npy,Normal
Pistachio/VAD/vit-features/train/normal/industrial_normal_less/hd682_all__9.npy,Normal
Pistachio/VAD/vit-features/train/normal/industrial_normal_less/hd683_all__0.npy,Normal
Pistachio/VAD/vit-features/train/normal/industrial_normal_less/hd683_all__1.npy,Normal
Pistachio/VAD/vit-features/train/normal/industrial_normal_less/hd683_all__2.npy,Normal
Pistachio/VAD/vit-features/train/normal/industrial_normal_less/hd683_all__3.npy,Normal
Pistachio/VAD/vit-features/train/normal/industrial_normal_less/hd683_all__4.npy,Normal
Pistachio/VAD/vit-features/train/normal/industrial_normal_less/hd683_all__5.npy,Normal
Pistachio/VAD/vit-features/train/normal/industrial_normal_less/hd683_all__6.npy,Normal
Pistachio/VAD/vit-features/train/normal/industrial_normal_less/hd683_all__7.npy,Normal
Pistachio/VAD/vit-features/train/normal/industrial_normal_less/hd683_all__8.npy,Normal
Pistachio/VAD/vit-features/train/normal/industrial_normal_less/hd683_all__9.npy,Normal
Pistachio/VAD/vit-features/train/normal/industrial_normal_less/hd684_all__0.npy,Normal
Pistachio/VAD/vit-features/train/normal/industrial_normal_less/hd684_all__1.npy,Normal
Pistachio/VAD/vit-features/train/normal/industrial_normal_less/hd684_all__2.npy,Normal
Pistachio/VAD/vit-features/train/normal/industrial_normal_less/hd684_all__3.npy,Normal
Pistachio/VAD/vit-features/train/normal/industrial_normal_less/hd684_all__4.npy,Normal
Pistachio/VAD/vit-features/train/normal/industrial_normal_less/hd684_all__5.npy,Normal
Pistachio/VAD/vit-features/train/normal/industrial_normal_less/hd684_all__6.npy,Normal
Pistachio/VAD/vit-features/train/normal/industrial_normal_less/hd684_all__7.npy,Normal
Pistachio/VAD/vit-features/train/normal/industrial_normal_less/hd684_all__8.npy,Normal
Pistachio/VAD/vit-features/train/normal/industrial_normal_less/hd684_all__9.npy,Normal
Pistachio/VAD/vit-features/train/normal/industrial_normal_less/hd685_all__0.npy,Normal
Pistachio/VAD/vit-features/train/normal/industrial_normal_less/hd685_all__1.npy,Normal
Pistachio/VAD/vit-features/train/normal/industrial_normal_less/hd685_all__2.npy,Normal
Pistachio/VAD/vit-features/train/normal/industrial_normal_less/hd685_all__3.npy,Normal
Pistachio/VAD/vit-features/train/normal/industrial_normal_less/hd685_all__4.npy,Normal
Pistachio/VAD/vit-features/train/normal/industrial_normal_less/hd685_all__5.npy,Normal
Pistachio/VAD/vit-features/train/normal/industrial_normal_less/hd685_all__6.npy,Normal
Pistachio/VAD/vit-features/train/normal/industrial_normal_less/hd685_all__7.npy,Normal
Pistachio/VAD/vit-features/train/normal/industrial_normal_less/hd685_all__8.npy,Normal
Pistachio/VAD/vit-features/train/normal/industrial_normal_less/hd685_all__9.npy,Normal
Pistachio/VAD/vit-features/train/normal/industrial_normal_less/hd686_all__0.npy,Normal
Pistachio/VAD/vit-features/train/normal/industrial_normal_less/hd686_all__1.npy,Normal
Pistachio/VAD/vit-features/train/normal/industrial_normal_less/hd686_all__2.npy,Normal
Pistachio/VAD/vit-features/train/normal/industrial_normal_less/hd686_all__3.npy,Normal
Pistachio/VAD/vit-features/train/normal/industrial_normal_less/hd686_all__4.npy,Normal
Pistachio/VAD/vit-features/train/normal/industrial_normal_less/hd686_all__5.npy,Normal
Pistachio/VAD/vit-features/train/normal/industrial_normal_less/hd686_all__6.npy,Normal
Pistachio/VAD/vit-features/train/normal/industrial_normal_less/hd686_all__7.npy,Normal
Pistachio/VAD/vit-features/train/normal/industrial_normal_less/hd686_all__8.npy,Normal
Pistachio/VAD/vit-features/train/normal/industrial_normal_less/hd686_all__9.npy,Normal
Pistachio/VAD/vit-features/train/normal/industrial_normal_less/hd687_all__0.npy,Normal
Pistachio/VAD/vit-features/train/normal/industrial_normal_less/hd687_all__1.npy,Normal
Pistachio/VAD/vit-features/train/normal/industrial_normal_less/hd687_all__2.npy,Normal
Pistachio/VAD/vit-features/train/normal/industrial_normal_less/hd687_all__3.npy,Normal
Pistachio/VAD/vit-features/train/normal/industrial_normal_less/hd687_all__4.npy,Normal
Pistachio/VAD/vit-features/train/normal/industrial_normal_less/hd687_all__5.npy,Normal
Pistachio/VAD/vit-features/train/normal/industrial_normal_less/hd687_all__6.npy,Normal
Pistachio/VAD/vit-features/train/normal/industrial_normal_less/hd687_all__7.npy,Normal
Pistachio/VAD/vit-features/train/normal/industrial_normal_less/hd687_all__8.npy,Normal
Pistachio/VAD/vit-features/train/normal/industrial_normal_less/hd687_all__9.npy,Normal
Pistachio/VAD/vit-features/train/normal/industrial_normal_less/hd688_all__0.npy,Normal
Pistachio/VAD/vit-features/train/normal/industrial_normal_less/hd688_all__1.npy,Normal
Pistachio/VAD/vit-features/train/normal/industrial_normal_less/hd688_all__2.npy,Normal
Pistachio/VAD/vit-features/train/normal/industrial_normal_less/hd688_all__3.npy,Normal
Pistachio/VAD/vit-features/train/normal/industrial_normal_less/hd688_all__4.npy,Normal
Pistachio/VAD/vit-features/train/normal/industrial_normal_less/hd688_all__5.npy,Normal
Pistachio/VAD/vit-features/train/normal/industrial_normal_less/hd688_all__6.npy,Normal
Pistachio/VAD/vit-features/train/normal/industrial_normal_less/hd688_all__7.npy,Normal
Pistachio/VAD/vit-features/train/normal/industrial_normal_less/hd688_all__8.npy,Normal
Pistachio/VAD/vit-features/train/normal/industrial_normal_less/hd688_all__9.npy,Normal
Pistachio/VAD/vit-features/train/normal/industrial_normal_less/hd689_all__0.npy,Normal
Pistachio/VAD/vit-features/train/normal/industrial_normal_less/hd689_all__1.npy,Normal
Pistachio/VAD/vit-features/train/normal/industrial_normal_less/hd689_all__2.npy,Normal
Pistachio/VAD/vit-features/train/normal/industrial_normal_less/hd689_all__3.npy,Normal
Pistachio/VAD/vit-features/train/normal/industrial_normal_less/hd689_all__4.npy,Normal
Pistachio/VAD/vit-features/train/normal/industrial_normal_less/hd689_all__5.npy,Normal
Pistachio/VAD/vit-features/train/normal/industrial_normal_less/hd689_all__6.npy,Normal
Pistachio/VAD/vit-features/train/normal/industrial_normal_less/hd689_all__7.npy,Normal
Pistachio/VAD/vit-features/train/normal/industrial_normal_less/hd689_all__8.npy,Normal
Pistachio/VAD/vit-features/train/normal/industrial_normal_less/hd689_all__9.npy,Normal
Pistachio/VAD/vit-features/train/normal/industrial_normal_less/hd68_all__0.npy,Normal
Pistachio/VAD/vit-features/train/normal/industrial_normal_less/hd68_all__1.npy,Normal
Pistachio/VAD/vit-features/train/normal/industrial_normal_less/hd68_all__2.npy,Normal
Pistachio/VAD/vit-features/train/normal/industrial_normal_less/hd68_all__3.npy,Normal
Pistachio/VAD/vit-features/train/normal/industrial_normal_less/hd68_all__4.npy,Normal
Pistachio/VAD/vit-features/train/normal/industrial_normal_less/hd68_all__5.npy,Normal
Pistachio/VAD/vit-features/train/normal/industrial_normal_less/hd68_all__6.npy,Normal
Pistachio/VAD/vit-features/train/normal/industrial_normal_less/hd68_all__7.npy,Normal
Pistachio/VAD/vit-features/train/normal/industrial_normal_less/hd68_all__8.npy,Normal
Pistachio/VAD/vit-features/train/normal/industrial_normal_less/hd68_all__9.npy,Normal
Pistachio/VAD/vit-features/train/normal/industrial_normal_less/hd690_all__0.npy,Normal
Pistachio/VAD/vit-features/train/normal/industrial_normal_less/hd690_all__1.npy,Normal
Pistachio/VAD/vit-features/train/normal/industrial_normal_less/hd690_all__2.npy,Normal
Pistachio/VAD/vit-features/train/normal/industrial_normal_less/hd690_all__3.npy,Normal
Pistachio/VAD/vit-features/train/normal/industrial_normal_less/hd690_all__4.npy,Normal
Pistachio/VAD/vit-features/train/normal/industrial_normal_less/hd690_all__5.npy,Normal
Pistachio/VAD/vit-features/train/normal/industrial_normal_less/hd690_all__6.npy,Normal
Pistachio/VAD/vit-features/train/normal/industrial_normal_less/hd690_all__7.npy,Normal
Pistachio/VAD/vit-features/train/normal/industrial_normal_less/hd690_all__8.npy,Normal
Pistachio/VAD/vit-features/train/normal/industrial_normal_less/hd690_all__9.npy,Normal
Pistachio/VAD/vit-features/train/normal/industrial_normal_less/hd691_all__0.npy,Normal
Pistachio/VAD/vit-features/train/normal/industrial_normal_less/hd691_all__1.npy,Normal
Pistachio/VAD/vit-features/train/normal/industrial_normal_less/hd691_all__2.npy,Normal
Pistachio/VAD/vit-features/train/normal/industrial_normal_less/hd691_all__3.npy,Normal
Pistachio/VAD/vit-features/train/normal/industrial_normal_less/hd691_all__4.npy,Normal
Pistachio/VAD/vit-features/train/normal/industrial_normal_less/hd691_all__5.npy,Normal
Pistachio/VAD/vit-features/train/normal/industrial_normal_less/hd691_all__6.npy,Normal
Pistachio/VAD/vit-features/train/normal/industrial_normal_less/hd691_all__7.npy,Normal
Pistachio/VAD/vit-features/train/normal/industrial_normal_less/hd691_all__8.npy,Normal
Pistachio/VAD/vit-features/train/normal/industrial_normal_less/hd691_all__9.npy,Normal
Pistachio/VAD/vit-features/train/normal/industrial_normal_less/hd692_all__0.npy,Normal
Pistachio/VAD/vit-features/train/normal/industrial_normal_less/hd692_all__1.npy,Normal
Pistachio/VAD/vit-features/train/normal/industrial_normal_less/hd692_all__2.npy,Normal
Pistachio/VAD/vit-features/train/normal/industrial_normal_less/hd692_all__3.npy,Normal
Pistachio/VAD/vit-features/train/normal/industrial_normal_less/hd692_all__4.npy,Normal
Pistachio/VAD/vit-features/train/normal/industrial_normal_less/hd692_all__5.npy,Normal
Pistachio/VAD/vit-features/train/normal/industrial_normal_less/hd692_all__6.npy,Normal
Pistachio/VAD/vit-features/train/normal/industrial_normal_less/hd692_all__7.npy,Normal
Pistachio/VAD/vit-features/train/normal/industrial_normal_less/hd692_all__8.npy,Normal
Pistachio/VAD/vit-features/train/normal/industrial_normal_less/hd692_all__9.npy,Normal
Pistachio/VAD/vit-features/train/normal/industrial_normal_less/hd693_all__0.npy,Normal
Pistachio/VAD/vit-features/train/normal/industrial_normal_less/hd693_all__1.npy,Normal
Pistachio/VAD/vit-features/train/normal/industrial_normal_less/hd693_all__2.npy,Normal
Pistachio/VAD/vit-features/train/normal/industrial_normal_less/hd693_all__3.npy,Normal
Pistachio/VAD/vit-features/train/normal/industrial_normal_less/hd693_all__4.npy,Normal
Pistachio/VAD/vit-features/train/normal/industrial_normal_less/hd693_all__5.npy,Normal
Pistachio/VAD/vit-features/train/normal/industrial_normal_less/hd693_all__6.npy,Normal
Pistachio/VAD/vit-features/train/normal/industrial_normal_less/hd693_all__7.npy,Normal
Pistachio/VAD/vit-features/train/normal/industrial_normal_less/hd693_all__8.npy,Normal
Pistachio/VAD/vit-features/train/normal/industrial_normal_less/hd693_all__9.npy,Normal
Pistachio/VAD/vit-features/train/normal/industrial_normal_less/hd694_all__0.npy,Normal
Pistachio/VAD/vit-features/train/normal/industrial_normal_less/hd694_all__1.npy,Normal
Pistachio/VAD/vit-features/train/normal/industrial_normal_less/hd694_all__2.npy,Normal
Pistachio/VAD/vit-features/train/normal/industrial_normal_less/hd694_all__3.npy,Normal
Pistachio/VAD/vit-features/train/normal/industrial_normal_less/hd694_all__4.npy,Normal
Pistachio/VAD/vit-features/train/normal/industrial_normal_less/hd694_all__5.npy,Normal
Pistachio/VAD/vit-features/train/normal/industrial_normal_less/hd694_all__6.npy,Normal
Pistachio/VAD/vit-features/train/normal/industrial_normal_less/hd694_all__7.npy,Normal
Pistachio/VAD/vit-features/train/normal/industrial_normal_less/hd694_all__8.npy,Normal
Pistachio/VAD/vit-features/train/normal/industrial_normal_less/hd694_all__9.npy,Normal
Pistachio/VAD/vit-features/train/normal/industrial_normal_less/hd695_all__0.npy,Normal
Pistachio/VAD/vit-features/train/normal/industrial_normal_less/hd695_all__1.npy,Normal
Pistachio/VAD/vit-features/train/normal/industrial_normal_less/hd695_all__2.npy,Normal
Pistachio/VAD/vit-features/train/normal/industrial_normal_less/hd695_all__3.npy,Normal
Pistachio/VAD/vit-features/train/normal/industrial_normal_less/hd695_all__4.npy,Normal
Pistachio/VAD/vit-features/train/normal/industrial_normal_less/hd695_all__5.npy,Normal
Pistachio/VAD/vit-features/train/normal/industrial_normal_less/hd695_all__6.npy,Normal
Pistachio/VAD/vit-features/train/normal/industrial_normal_less/hd695_all__7.npy,Normal
Pistachio/VAD/vit-features/train/normal/industrial_normal_less/hd695_all__8.npy,Normal
Pistachio/VAD/vit-features/train/normal/industrial_normal_less/hd695_all__9.npy,Normal
Pistachio/VAD/vit-features/train/normal/industrial_normal_less/hd696_all__0.npy,Normal
Pistachio/VAD/vit-features/train/normal/industrial_normal_less/hd696_all__1.npy,Normal
Pistachio/VAD/vit-features/train/normal/industrial_normal_less/hd696_all__2.npy,Normal
Pistachio/VAD/vit-features/train/normal/industrial_normal_less/hd696_all__3.npy,Normal
Pistachio/VAD/vit-features/train/normal/industrial_normal_less/hd696_all__4.npy,Normal
Pistachio/VAD/vit-features/train/normal/industrial_normal_less/hd696_all__5.npy,Normal
Pistachio/VAD/vit-features/train/normal/industrial_normal_less/hd696_all__6.npy,Normal
Pistachio/VAD/vit-features/train/normal/industrial_normal_less/hd696_all__7.npy,Normal
Pistachio/VAD/vit-features/train/normal/industrial_normal_less/hd696_all__8.npy,Normal
Pistachio/VAD/vit-features/train/normal/industrial_normal_less/hd696_all__9.npy,Normal
Pistachio/VAD/vit-features/train/normal/industrial_normal_less/hd705_all__0.npy,Normal
Pistachio/VAD/vit-features/train/normal/industrial_normal_less/hd705_all__1.npy,Normal
Pistachio/VAD/vit-features/train/normal/industrial_normal_less/hd705_all__2.npy,Normal
Pistachio/VAD/vit-features/train/normal/industrial_normal_less/hd705_all__3.npy,Normal
Pistachio/VAD/vit-features/train/normal/industrial_normal_less/hd705_all__4.npy,Normal
Pistachio/VAD/vit-features/train/normal/industrial_normal_less/hd705_all__5.npy,Normal
Pistachio/VAD/vit-features/train/normal/industrial_normal_less/hd705_all__6.npy,Normal
Pistachio/VAD/vit-features/train/normal/industrial_normal_less/hd705_all__7.npy,Normal
Pistachio/VAD/vit-features/train/normal/industrial_normal_less/hd705_all__8.npy,Normal
Pistachio/VAD/vit-features/train/normal/industrial_normal_less/hd705_all__9.npy,Normal
Pistachio/VAD/vit-features/train/normal/industrial_normal_less/hd706_all__0.npy,Normal
Pistachio/VAD/vit-features/train/normal/industrial_normal_less/hd706_all__1.npy,Normal
Pistachio/VAD/vit-features/train/normal/industrial_normal_less/hd706_all__2.npy,Normal
Pistachio/VAD/vit-features/train/normal/industrial_normal_less/hd706_all__3.npy,Normal
Pistachio/VAD/vit-features/train/normal/industrial_normal_less/hd706_all__4.npy,Normal
Pistachio/VAD/vit-features/train/normal/industrial_normal_less/hd706_all__5.npy,Normal
Pistachio/VAD/vit-features/train/normal/industrial_normal_less/hd706_all__6.npy,Normal
Pistachio/VAD/vit-features/train/normal/industrial_normal_less/hd706_all__7.npy,Normal
Pistachio/VAD/vit-features/train/normal/industrial_normal_less/hd706_all__8.npy,Normal
Pistachio/VAD/vit-features/train/normal/industrial_normal_less/hd706_all__9.npy,Normal
Pistachio/VAD/vit-features/train/normal/industrial_normal_less/hd707_all__0.npy,Normal
Pistachio/VAD/vit-features/train/normal/industrial_normal_less/hd707_all__1.npy,Normal
Pistachio/VAD/vit-features/train/normal/industrial_normal_less/hd707_all__2.npy,Normal
Pistachio/VAD/vit-features/train/normal/industrial_normal_less/hd707_all__3.npy,Normal
Pistachio/VAD/vit-features/train/normal/industrial_normal_less/hd707_all__4.npy,Normal
Pistachio/VAD/vit-features/train/normal/industrial_normal_less/hd707_all__5.npy,Normal
Pistachio/VAD/vit-features/train/normal/industrial_normal_less/hd707_all__6.npy,Normal
Pistachio/VAD/vit-features/train/normal/industrial_normal_less/hd707_all__7.npy,Normal
Pistachio/VAD/vit-features/train/normal/industrial_normal_less/hd707_all__8.npy,Normal
Pistachio/VAD/vit-features/train/normal/industrial_normal_less/hd707_all__9.npy,Normal
Pistachio/VAD/vit-features/train/normal/industrial_normal_less/hd708_all__0.npy,Normal
Pistachio/VAD/vit-features/train/normal/industrial_normal_less/hd708_all__1.npy,Normal
Pistachio/VAD/vit-features/train/normal/industrial_normal_less/hd708_all__2.npy,Normal
Pistachio/VAD/vit-features/train/normal/industrial_normal_less/hd708_all__3.npy,Normal
Pistachio/VAD/vit-features/train/normal/industrial_normal_less/hd708_all__4.npy,Normal
Pistachio/VAD/vit-features/train/normal/industrial_normal_less/hd708_all__5.npy,Normal
Pistachio/VAD/vit-features/train/normal/industrial_normal_less/hd708_all__6.npy,Normal
Pistachio/VAD/vit-features/train/normal/industrial_normal_less/hd708_all__7.npy,Normal
Pistachio/VAD/vit-features/train/normal/industrial_normal_less/hd708_all__8.npy,Normal
Pistachio/VAD/vit-features/train/normal/industrial_normal_less/hd708_all__9.npy,Normal
Pistachio/VAD/vit-features/train/normal/industrial_normal_less/hd709_all__0.npy,Normal
Pistachio/VAD/vit-features/train/normal/industrial_normal_less/hd709_all__1.npy,Normal
Pistachio/VAD/vit-features/train/normal/industrial_normal_less/hd709_all__2.npy,Normal
Pistachio/VAD/vit-features/train/normal/industrial_normal_less/hd709_all__3.npy,Normal
Pistachio/VAD/vit-features/train/normal/industrial_normal_less/hd709_all__4.npy,Normal
Pistachio/VAD/vit-features/train/normal/industrial_normal_less/hd709_all__5.npy,Normal
Pistachio/VAD/vit-features/train/normal/industrial_normal_less/hd709_all__6.npy,Normal
Pistachio/VAD/vit-features/train/normal/industrial_normal_less/hd709_all__7.npy,Normal
Pistachio/VAD/vit-features/train/normal/industrial_normal_less/hd709_all__8.npy,Normal
Pistachio/VAD/vit-features/train/normal/industrial_normal_less/hd709_all__9.npy,Normal
Pistachio/VAD/vit-features/train/normal/industrial_normal_less/hd710_all__0.npy,Normal
Pistachio/VAD/vit-features/train/normal/industrial_normal_less/hd710_all__1.npy,Normal
Pistachio/VAD/vit-features/train/normal/industrial_normal_less/hd710_all__2.npy,Normal
Pistachio/VAD/vit-features/train/normal/industrial_normal_less/hd710_all__3.npy,Normal
Pistachio/VAD/vit-features/train/normal/industrial_normal_less/hd710_all__4.npy,Normal
Pistachio/VAD/vit-features/train/normal/industrial_normal_less/hd710_all__5.npy,Normal
Pistachio/VAD/vit-features/train/normal/industrial_normal_less/hd710_all__6.npy,Normal
Pistachio/VAD/vit-features/train/normal/industrial_normal_less/hd710_all__7.npy,Normal
Pistachio/VAD/vit-features/train/normal/industrial_normal_less/hd710_all__8.npy,Normal
Pistachio/VAD/vit-features/train/normal/industrial_normal_less/hd710_all__9.npy,Normal
Pistachio/VAD/vit-features/train/normal/industrial_normal_less/hd711_all__0.npy,Normal
Pistachio/VAD/vit-features/train/normal/industrial_normal_less/hd711_all__1.npy,Normal
Pistachio/VAD/vit-features/train/normal/industrial_normal_less/hd711_all__2.npy,Normal
Pistachio/VAD/vit-features/train/normal/industrial_normal_less/hd711_all__3.npy,Normal
Pistachio/VAD/vit-features/train/normal/industrial_normal_less/hd711_all__4.npy,Normal
Pistachio/VAD/vit-features/train/normal/industrial_normal_less/hd711_all__5.npy,Normal
Pistachio/VAD/vit-features/train/normal/industrial_normal_less/hd711_all__6.npy,Normal
Pistachio/VAD/vit-features/train/normal/industrial_normal_less/hd711_all__7.npy,Normal
Pistachio/VAD/vit-features/train/normal/industrial_normal_less/hd711_all__8.npy,Normal
Pistachio/VAD/vit-features/train/normal/industrial_normal_less/hd711_all__9.npy,Normal
Pistachio/VAD/vit-features/train/normal/industrial_normal_less/hd712_all__0.npy,Normal
Pistachio/VAD/vit-features/train/normal/industrial_normal_less/hd712_all__1.npy,Normal
Pistachio/VAD/vit-features/train/normal/industrial_normal_less/hd712_all__2.npy,Normal
Pistachio/VAD/vit-features/train/normal/industrial_normal_less/hd712_all__3.npy,Normal
Pistachio/VAD/vit-features/train/normal/industrial_normal_less/hd712_all__4.npy,Normal
Pistachio/VAD/vit-features/train/normal/industrial_normal_less/hd712_all__5.npy,Normal
Pistachio/VAD/vit-features/train/normal/industrial_normal_less/hd712_all__6.npy,Normal
Pistachio/VAD/vit-features/train/normal/industrial_normal_less/hd712_all__7.npy,Normal
Pistachio/VAD/vit-features/train/normal/industrial_normal_less/hd712_all__8.npy,Normal
Pistachio/VAD/vit-features/train/normal/industrial_normal_less/hd712_all__9.npy,Normal
Pistachio/VAD/vit-features/train/normal/industrial_normal_less/hd713_all__0.npy,Normal
Pistachio/VAD/vit-features/train/normal/industrial_normal_less/hd713_all__1.npy,Normal
Pistachio/VAD/vit-features/train/normal/industrial_normal_less/hd713_all__2.npy,Normal
Pistachio/VAD/vit-features/train/normal/industrial_normal_less/hd713_all__3.npy,Normal
Pistachio/VAD/vit-features/train/normal/industrial_normal_less/hd713_all__4.npy,Normal
Pistachio/VAD/vit-features/train/normal/industrial_normal_less/hd713_all__5.npy,Normal
Pistachio/VAD/vit-features/train/normal/industrial_normal_less/hd713_all__6.npy,Normal
Pistachio/VAD/vit-features/train/normal/industrial_normal_less/hd713_all__7.npy,Normal
Pistachio/VAD/vit-features/train/normal/industrial_normal_less/hd713_all__8.npy,Normal
Pistachio/VAD/vit-features/train/normal/industrial_normal_less/hd713_all__9.npy,Normal
Pistachio/VAD/vit-features/train/normal/industrial_normal_less/hd714_all__0.npy,Normal
Pistachio/VAD/vit-features/train/normal/industrial_normal_less/hd714_all__1.npy,Normal
Pistachio/VAD/vit-features/train/normal/industrial_normal_less/hd714_all__2.npy,Normal
Pistachio/VAD/vit-features/train/normal/industrial_normal_less/hd714_all__3.npy,Normal
Pistachio/VAD/vit-features/train/normal/industrial_normal_less/hd714_all__4.npy,Normal
Pistachio/VAD/vit-features/train/normal/industrial_normal_less/hd714_all__5.npy,Normal
Pistachio/VAD/vit-features/train/normal/industrial_normal_less/hd714_all__6.npy,Normal
Pistachio/VAD/vit-features/train/normal/industrial_normal_less/hd714_all__7.npy,Normal
Pistachio/VAD/vit-features/train/normal/industrial_normal_less/hd714_all__8.npy,Normal
Pistachio/VAD/vit-features/train/normal/industrial_normal_less/hd714_all__9.npy,Normal
Pistachio/VAD/vit-features/train/normal/industrial_normal_less/hd715_all__0.npy,Normal
Pistachio/VAD/vit-features/train/normal/industrial_normal_less/hd715_all__1.npy,Normal
Pistachio/VAD/vit-features/train/normal/industrial_normal_less/hd715_all__2.npy,Normal
Pistachio/VAD/vit-features/train/normal/industrial_normal_less/hd715_all__3.npy,Normal
Pistachio/VAD/vit-features/train/normal/industrial_normal_less/hd715_all__4.npy,Normal
Pistachio/VAD/vit-features/train/normal/industrial_normal_less/hd715_all__5.npy,Normal
Pistachio/VAD/vit-features/train/normal/industrial_normal_less/hd715_all__6.npy,Normal
Pistachio/VAD/vit-features/train/normal/industrial_normal_less/hd715_all__7.npy,Normal
Pistachio/VAD/vit-features/train/normal/industrial_normal_less/hd715_all__8.npy,Normal
Pistachio/VAD/vit-features/train/normal/industrial_normal_less/hd715_all__9.npy,Normal
Pistachio/VAD/vit-features/train/normal/industrial_normal_less/hd716_all__0.npy,Normal
Pistachio/VAD/vit-features/train/normal/industrial_normal_less/hd716_all__1.npy,Normal
Pistachio/VAD/vit-features/train/normal/industrial_normal_less/hd716_all__2.npy,Normal
Pistachio/VAD/vit-features/train/normal/industrial_normal_less/hd716_all__3.npy,Normal
Pistachio/VAD/vit-features/train/normal/industrial_normal_less/hd716_all__4.npy,Normal
Pistachio/VAD/vit-features/train/normal/industrial_normal_less/hd716_all__5.npy,Normal
Pistachio/VAD/vit-features/train/normal/industrial_normal_less/hd716_all__6.npy,Normal
Pistachio/VAD/vit-features/train/normal/industrial_normal_less/hd716_all__7.npy,Normal
Pistachio/VAD/vit-features/train/normal/industrial_normal_less/hd716_all__8.npy,Normal
Pistachio/VAD/vit-features/train/normal/industrial_normal_less/hd716_all__9.npy,Normal
Pistachio/VAD/vit-features/train/normal/industrial_normal_less/hd717_all__0.npy,Normal
Pistachio/VAD/vit-features/train/normal/industrial_normal_less/hd717_all__1.npy,Normal
Pistachio/VAD/vit-features/train/normal/industrial_normal_less/hd717_all__2.npy,Normal
Pistachio/VAD/vit-features/train/normal/industrial_normal_less/hd717_all__3.npy,Normal
Pistachio/VAD/vit-features/train/normal/industrial_normal_less/hd717_all__4.npy,Normal
Pistachio/VAD/vit-features/train/normal/industrial_normal_less/hd717_all__5.npy,Normal
Pistachio/VAD/vit-features/train/normal/industrial_normal_less/hd717_all__6.npy,Normal
Pistachio/VAD/vit-features/train/normal/industrial_normal_less/hd717_all__7.npy,Normal
Pistachio/VAD/vit-features/train/normal/industrial_normal_less/hd717_all__8.npy,Normal
Pistachio/VAD/vit-features/train/normal/industrial_normal_less/hd717_all__9.npy,Normal
Pistachio/VAD/vit-features/train/normal/industrial_normal_less/hd718_all__0.npy,Normal
Pistachio/VAD/vit-features/train/normal/industrial_normal_less/hd718_all__1.npy,Normal
Pistachio/VAD/vit-features/train/normal/industrial_normal_less/hd718_all__2.npy,Normal
Pistachio/VAD/vit-features/train/normal/industrial_normal_less/hd718_all__3.npy,Normal
Pistachio/VAD/vit-features/train/normal/industrial_normal_less/hd718_all__4.npy,Normal
Pistachio/VAD/vit-features/train/normal/industrial_normal_less/hd718_all__5.npy,Normal
Pistachio/VAD/vit-features/train/normal/industrial_normal_less/hd718_all__6.npy,Normal
Pistachio/VAD/vit-features/train/normal/industrial_normal_less/hd718_all__7.npy,Normal
Pistachio/VAD/vit-features/train/normal/industrial_normal_less/hd718_all__8.npy,Normal
Pistachio/VAD/vit-features/train/normal/industrial_normal_less/hd718_all__9.npy,Normal
Pistachio/VAD/vit-features/train/normal/industrial_normal_less/hd719_all__0.npy,Normal
Pistachio/VAD/vit-features/train/normal/industrial_normal_less/hd719_all__1.npy,Normal
Pistachio/VAD/vit-features/train/normal/industrial_normal_less/hd719_all__2.npy,Normal
Pistachio/VAD/vit-features/train/normal/industrial_normal_less/hd719_all__3.npy,Normal
Pistachio/VAD/vit-features/train/normal/industrial_normal_less/hd719_all__4.npy,Normal
Pistachio/VAD/vit-features/train/normal/industrial_normal_less/hd719_all__5.npy,Normal
Pistachio/VAD/vit-features/train/normal/industrial_normal_less/hd719_all__6.npy,Normal
Pistachio/VAD/vit-features/train/normal/industrial_normal_less/hd719_all__7.npy,Normal
Pistachio/VAD/vit-features/train/normal/industrial_normal_less/hd719_all__8.npy,Normal
Pistachio/VAD/vit-features/train/normal/industrial_normal_less/hd719_all__9.npy,Normal
Pistachio/VAD/vit-features/train/normal/industrial_normal_less/hd71_all__0.npy,Normal
Pistachio/VAD/vit-features/train/normal/industrial_normal_less/hd71_all__1.npy,Normal
Pistachio/VAD/vit-features/train/normal/industrial_normal_less/hd71_all__2.npy,Normal
Pistachio/VAD/vit-features/train/normal/industrial_normal_less/hd71_all__3.npy,Normal
Pistachio/VAD/vit-features/train/normal/industrial_normal_less/hd71_all__4.npy,Normal
Pistachio/VAD/vit-features/train/normal/industrial_normal_less/hd71_all__5.npy,Normal
Pistachio/VAD/vit-features/train/normal/industrial_normal_less/hd71_all__6.npy,Normal
Pistachio/VAD/vit-features/train/normal/industrial_normal_less/hd71_all__7.npy,Normal
Pistachio/VAD/vit-features/train/normal/industrial_normal_less/hd71_all__8.npy,Normal
Pistachio/VAD/vit-features/train/normal/industrial_normal_less/hd71_all__9.npy,Normal
Pistachio/VAD/vit-features/train/normal/industrial_normal_less/hd720_all__0.npy,Normal
Pistachio/VAD/vit-features/train/normal/industrial_normal_less/hd720_all__1.npy,Normal
Pistachio/VAD/vit-features/train/normal/industrial_normal_less/hd720_all__2.npy,Normal
Pistachio/VAD/vit-features/train/normal/industrial_normal_less/hd720_all__3.npy,Normal
Pistachio/VAD/vit-features/train/normal/industrial_normal_less/hd720_all__4.npy,Normal
Pistachio/VAD/vit-features/train/normal/industrial_normal_less/hd720_all__5.npy,Normal
Pistachio/VAD/vit-features/train/normal/industrial_normal_less/hd720_all__6.npy,Normal
Pistachio/VAD/vit-features/train/normal/industrial_normal_less/hd720_all__7.npy,Normal
Pistachio/VAD/vit-features/train/normal/industrial_normal_less/hd720_all__8.npy,Normal
Pistachio/VAD/vit-features/train/normal/industrial_normal_less/hd720_all__9.npy,Normal
Pistachio/VAD/vit-features/train/normal/industrial_normal_less/hd721_all__0.npy,Normal
Pistachio/VAD/vit-features/train/normal/industrial_normal_less/hd721_all__1.npy,Normal
Pistachio/VAD/vit-features/train/normal/industrial_normal_less/hd721_all__2.npy,Normal
Pistachio/VAD/vit-features/train/normal/industrial_normal_less/hd721_all__3.npy,Normal
Pistachio/VAD/vit-features/train/normal/industrial_normal_less/hd721_all__4.npy,Normal
Pistachio/VAD/vit-features/train/normal/industrial_normal_less/hd721_all__5.npy,Normal
Pistachio/VAD/vit-features/train/normal/industrial_normal_less/hd721_all__6.npy,Normal
Pistachio/VAD/vit-features/train/normal/industrial_normal_less/hd721_all__7.npy,Normal
Pistachio/VAD/vit-features/train/normal/industrial_normal_less/hd721_all__8.npy,Normal
Pistachio/VAD/vit-features/train/normal/industrial_normal_less/hd721_all__9.npy,Normal
Pistachio/VAD/vit-features/train/normal/industrial_normal_less/hd722_all__0.npy,Normal
Pistachio/VAD/vit-features/train/normal/industrial_normal_less/hd722_all__1.npy,Normal
Pistachio/VAD/vit-features/train/normal/industrial_normal_less/hd722_all__2.npy,Normal
Pistachio/VAD/vit-features/train/normal/industrial_normal_less/hd722_all__3.npy,Normal
Pistachio/VAD/vit-features/train/normal/industrial_normal_less/hd722_all__4.npy,Normal
Pistachio/VAD/vit-features/train/normal/industrial_normal_less/hd722_all__5.npy,Normal
Pistachio/VAD/vit-features/train/normal/industrial_normal_less/hd722_all__6.npy,Normal
Pistachio/VAD/vit-features/train/normal/industrial_normal_less/hd722_all__7.npy,Normal
Pistachio/VAD/vit-features/train/normal/industrial_normal_less/hd722_all__8.npy,Normal
Pistachio/VAD/vit-features/train/normal/industrial_normal_less/hd722_all__9.npy,Normal
Pistachio/VAD/vit-features/train/normal/industrial_normal_less/hd723_all__0.npy,Normal
Pistachio/VAD/vit-features/train/normal/industrial_normal_less/hd723_all__1.npy,Normal
Pistachio/VAD/vit-features/train/normal/industrial_normal_less/hd723_all__2.npy,Normal
Pistachio/VAD/vit-features/train/normal/industrial_normal_less/hd723_all__3.npy,Normal
Pistachio/VAD/vit-features/train/normal/industrial_normal_less/hd723_all__4.npy,Normal
Pistachio/VAD/vit-features/train/normal/industrial_normal_less/hd723_all__5.npy,Normal
Pistachio/VAD/vit-features/train/normal/industrial_normal_less/hd723_all__6.npy,Normal
Pistachio/VAD/vit-features/train/normal/industrial_normal_less/hd723_all__7.npy,Normal
Pistachio/VAD/vit-features/train/normal/industrial_normal_less/hd723_all__8.npy,Normal
Pistachio/VAD/vit-features/train/normal/industrial_normal_less/hd723_all__9.npy,Normal
Pistachio/VAD/vit-features/train/normal/industrial_normal_less/hd724_all__0.npy,Normal
Pistachio/VAD/vit-features/train/normal/industrial_normal_less/hd724_all__1.npy,Normal
Pistachio/VAD/vit-features/train/normal/industrial_normal_less/hd724_all__2.npy,Normal
Pistachio/VAD/vit-features/train/normal/industrial_normal_less/hd724_all__3.npy,Normal
Pistachio/VAD/vit-features/train/normal/industrial_normal_less/hd724_all__4.npy,Normal
Pistachio/VAD/vit-features/train/normal/industrial_normal_less/hd724_all__5.npy,Normal
Pistachio/VAD/vit-features/train/normal/industrial_normal_less/hd724_all__6.npy,Normal
Pistachio/VAD/vit-features/train/normal/industrial_normal_less/hd724_all__7.npy,Normal
Pistachio/VAD/vit-features/train/normal/industrial_normal_less/hd724_all__8.npy,Normal
Pistachio/VAD/vit-features/train/normal/industrial_normal_less/hd724_all__9.npy,Normal
Pistachio/VAD/vit-features/train/normal/industrial_normal_less/hd725_all__0.npy,Normal
Pistachio/VAD/vit-features/train/normal/industrial_normal_less/hd725_all__1.npy,Normal
Pistachio/VAD/vit-features/train/normal/industrial_normal_less/hd725_all__2.npy,Normal
Pistachio/VAD/vit-features/train/normal/industrial_normal_less/hd725_all__3.npy,Normal
Pistachio/VAD/vit-features/train/normal/industrial_normal_less/hd725_all__4.npy,Normal
Pistachio/VAD/vit-features/train/normal/industrial_normal_less/hd725_all__5.npy,Normal
Pistachio/VAD/vit-features/train/normal/industrial_normal_less/hd725_all__6.npy,Normal
Pistachio/VAD/vit-features/train/normal/industrial_normal_less/hd725_all__7.npy,Normal
Pistachio/VAD/vit-features/train/normal/industrial_normal_less/hd725_all__8.npy,Normal
Pistachio/VAD/vit-features/train/normal/industrial_normal_less/hd725_all__9.npy,Normal
Pistachio/VAD/vit-features/train/normal/industrial_normal_less/hd726_all__0.npy,Normal
Pistachio/VAD/vit-features/train/normal/industrial_normal_less/hd726_all__1.npy,Normal
Pistachio/VAD/vit-features/train/normal/industrial_normal_less/hd726_all__2.npy,Normal
Pistachio/VAD/vit-features/train/normal/industrial_normal_less/hd726_all__3.npy,Normal
Pistachio/VAD/vit-features/train/normal/industrial_normal_less/hd726_all__4.npy,Normal
Pistachio/VAD/vit-features/train/normal/industrial_normal_less/hd726_all__5.npy,Normal
Pistachio/VAD/vit-features/train/normal/industrial_normal_less/hd726_all__6.npy,Normal
Pistachio/VAD/vit-features/train/normal/industrial_normal_less/hd726_all__7.npy,Normal
Pistachio/VAD/vit-features/train/normal/industrial_normal_less/hd726_all__8.npy,Normal
Pistachio/VAD/vit-features/train/normal/industrial_normal_less/hd726_all__9.npy,Normal
Pistachio/VAD/vit-features/train/normal/industrial_normal_less/hd727_all__0.npy,Normal
Pistachio/VAD/vit-features/train/normal/industrial_normal_less/hd727_all__1.npy,Normal
Pistachio/VAD/vit-features/train/normal/industrial_normal_less/hd727_all__2.npy,Normal
Pistachio/VAD/vit-features/train/normal/industrial_normal_less/hd727_all__3.npy,Normal
Pistachio/VAD/vit-features/train/normal/industrial_normal_less/hd727_all__4.npy,Normal
Pistachio/VAD/vit-features/train/normal/industrial_normal_less/hd727_all__5.npy,Normal
Pistachio/VAD/vit-features/train/normal/industrial_normal_less/hd727_all__6.npy,Normal
Pistachio/VAD/vit-features/train/normal/industrial_normal_less/hd727_all__7.npy,Normal
Pistachio/VAD/vit-features/train/normal/industrial_normal_less/hd727_all__8.npy,Normal
Pistachio/VAD/vit-features/train/normal/industrial_normal_less/hd727_all__9.npy,Normal
Pistachio/VAD/vit-features/train/normal/industrial_normal_less/hd728_all__0.npy,Normal
Pistachio/VAD/vit-features/train/normal/industrial_normal_less/hd728_all__1.npy,Normal
Pistachio/VAD/vit-features/train/normal/industrial_normal_less/hd728_all__2.npy,Normal
Pistachio/VAD/vit-features/train/normal/industrial_normal_less/hd728_all__3.npy,Normal
Pistachio/VAD/vit-features/train/normal/industrial_normal_less/hd728_all__4.npy,Normal
Pistachio/VAD/vit-features/train/normal/industrial_normal_less/hd728_all__5.npy,Normal
Pistachio/VAD/vit-features/train/normal/industrial_normal_less/hd728_all__6.npy,Normal
Pistachio/VAD/vit-features/train/normal/industrial_normal_less/hd728_all__7.npy,Normal
Pistachio/VAD/vit-features/train/normal/industrial_normal_less/hd728_all__8.npy,Normal
Pistachio/VAD/vit-features/train/normal/industrial_normal_less/hd728_all__9.npy,Normal
Pistachio/VAD/vit-features/train/normal/industrial_normal_less/hd729_all__0.npy,Normal
Pistachio/VAD/vit-features/train/normal/industrial_normal_less/hd729_all__1.npy,Normal
Pistachio/VAD/vit-features/train/normal/industrial_normal_less/hd729_all__2.npy,Normal
Pistachio/VAD/vit-features/train/normal/industrial_normal_less/hd729_all__3.npy,Normal
Pistachio/VAD/vit-features/train/normal/industrial_normal_less/hd729_all__4.npy,Normal
Pistachio/VAD/vit-features/train/normal/industrial_normal_less/hd729_all__5.npy,Normal
Pistachio/VAD/vit-features/train/normal/industrial_normal_less/hd729_all__6.npy,Normal
Pistachio/VAD/vit-features/train/normal/industrial_normal_less/hd729_all__7.npy,Normal
Pistachio/VAD/vit-features/train/normal/industrial_normal_less/hd729_all__8.npy,Normal
Pistachio/VAD/vit-features/train/normal/industrial_normal_less/hd729_all__9.npy,Normal
Pistachio/VAD/vit-features/train/normal/industrial_normal_less/hd72_all__0.npy,Normal
Pistachio/VAD/vit-features/train/normal/industrial_normal_less/hd72_all__1.npy,Normal
Pistachio/VAD/vit-features/train/normal/industrial_normal_less/hd72_all__2.npy,Normal
Pistachio/VAD/vit-features/train/normal/industrial_normal_less/hd72_all__3.npy,Normal
Pistachio/VAD/vit-features/train/normal/industrial_normal_less/hd72_all__4.npy,Normal
Pistachio/VAD/vit-features/train/normal/industrial_normal_less/hd72_all__5.npy,Normal
Pistachio/VAD/vit-features/train/normal/industrial_normal_less/hd72_all__6.npy,Normal
Pistachio/VAD/vit-features/train/normal/industrial_normal_less/hd72_all__7.npy,Normal
Pistachio/VAD/vit-features/train/normal/industrial_normal_less/hd72_all__8.npy,Normal
Pistachio/VAD/vit-features/train/normal/industrial_normal_less/hd72_all__9.npy,Normal
Pistachio/VAD/vit-features/train/normal/industrial_normal_less/hd730_all__0.npy,Normal
Pistachio/VAD/vit-features/train/normal/industrial_normal_less/hd730_all__1.npy,Normal
Pistachio/VAD/vit-features/train/normal/industrial_normal_less/hd730_all__2.npy,Normal
Pistachio/VAD/vit-features/train/normal/industrial_normal_less/hd730_all__3.npy,Normal
Pistachio/VAD/vit-features/train/normal/industrial_normal_less/hd730_all__4.npy,Normal
Pistachio/VAD/vit-features/train/normal/industrial_normal_less/hd730_all__5.npy,Normal
Pistachio/VAD/vit-features/train/normal/industrial_normal_less/hd730_all__6.npy,Normal
Pistachio/VAD/vit-features/train/normal/industrial_normal_less/hd730_all__7.npy,Normal
Pistachio/VAD/vit-features/train/normal/industrial_normal_less/hd730_all__8.npy,Normal
Pistachio/VAD/vit-features/train/normal/industrial_normal_less/hd730_all__9.npy,Normal
Pistachio/VAD/vit-features/train/normal/industrial_normal_less/hd731_all__0.npy,Normal
Pistachio/VAD/vit-features/train/normal/industrial_normal_less/hd731_all__1.npy,Normal
Pistachio/VAD/vit-features/train/normal/industrial_normal_less/hd731_all__2.npy,Normal
Pistachio/VAD/vit-features/train/normal/industrial_normal_less/hd731_all__3.npy,Normal
Pistachio/VAD/vit-features/train/normal/industrial_normal_less/hd731_all__4.npy,Normal
Pistachio/VAD/vit-features/train/normal/industrial_normal_less/hd731_all__5.npy,Normal
Pistachio/VAD/vit-features/train/normal/industrial_normal_less/hd731_all__6.npy,Normal
Pistachio/VAD/vit-features/train/normal/industrial_normal_less/hd731_all__7.npy,Normal
Pistachio/VAD/vit-features/train/normal/industrial_normal_less/hd731_all__8.npy,Normal
Pistachio/VAD/vit-features/train/normal/industrial_normal_less/hd731_all__9.npy,Normal
Pistachio/VAD/vit-features/train/normal/industrial_normal_less/hd732_all__0.npy,Normal
Pistachio/VAD/vit-features/train/normal/industrial_normal_less/hd732_all__1.npy,Normal
Pistachio/VAD/vit-features/train/normal/industrial_normal_less/hd732_all__2.npy,Normal
Pistachio/VAD/vit-features/train/normal/industrial_normal_less/hd732_all__3.npy,Normal
Pistachio/VAD/vit-features/train/normal/industrial_normal_less/hd732_all__4.npy,Normal
Pistachio/VAD/vit-features/train/normal/industrial_normal_less/hd732_all__5.npy,Normal
Pistachio/VAD/vit-features/train/normal/industrial_normal_less/hd732_all__6.npy,Normal
Pistachio/VAD/vit-features/train/normal/industrial_normal_less/hd732_all__7.npy,Normal
Pistachio/VAD/vit-features/train/normal/industrial_normal_less/hd732_all__8.npy,Normal
Pistachio/VAD/vit-features/train/normal/industrial_normal_less/hd732_all__9.npy,Normal
Pistachio/VAD/vit-features/train/normal/industrial_normal_less/hd733_all__0.npy,Normal
Pistachio/VAD/vit-features/train/normal/industrial_normal_less/hd733_all__1.npy,Normal
Pistachio/VAD/vit-features/train/normal/industrial_normal_less/hd733_all__2.npy,Normal
Pistachio/VAD/vit-features/train/normal/industrial_normal_less/hd733_all__3.npy,Normal
Pistachio/VAD/vit-features/train/normal/industrial_normal_less/hd733_all__4.npy,Normal
Pistachio/VAD/vit-features/train/normal/industrial_normal_less/hd733_all__5.npy,Normal
Pistachio/VAD/vit-features/train/normal/industrial_normal_less/hd733_all__6.npy,Normal
Pistachio/VAD/vit-features/train/normal/industrial_normal_less/hd733_all__7.npy,Normal
Pistachio/VAD/vit-features/train/normal/industrial_normal_less/hd733_all__8.npy,Normal
Pistachio/VAD/vit-features/train/normal/industrial_normal_less/hd733_all__9.npy,Normal
Pistachio/VAD/vit-features/train/normal/industrial_normal_less/hd734_all__0.npy,Normal
Pistachio/VAD/vit-features/train/normal/industrial_normal_less/hd734_all__1.npy,Normal
Pistachio/VAD/vit-features/train/normal/industrial_normal_less/hd734_all__2.npy,Normal
Pistachio/VAD/vit-features/train/normal/industrial_normal_less/hd734_all__3.npy,Normal
Pistachio/VAD/vit-features/train/normal/industrial_normal_less/hd734_all__4.npy,Normal
Pistachio/VAD/vit-features/train/normal/industrial_normal_less/hd734_all__5.npy,Normal
Pistachio/VAD/vit-features/train/normal/industrial_normal_less/hd734_all__6.npy,Normal
Pistachio/VAD/vit-features/train/normal/industrial_normal_less/hd734_all__7.npy,Normal
Pistachio/VAD/vit-features/train/normal/industrial_normal_less/hd734_all__8.npy,Normal
Pistachio/VAD/vit-features/train/normal/industrial_normal_less/hd734_all__9.npy,Normal
Pistachio/VAD/vit-features/train/normal/industrial_normal_less/hd735_all__0.npy,Normal
Pistachio/VAD/vit-features/train/normal/industrial_normal_less/hd735_all__1.npy,Normal
Pistachio/VAD/vit-features/train/normal/industrial_normal_less/hd735_all__2.npy,Normal
Pistachio/VAD/vit-features/train/normal/industrial_normal_less/hd735_all__3.npy,Normal
Pistachio/VAD/vit-features/train/normal/industrial_normal_less/hd735_all__4.npy,Normal
Pistachio/VAD/vit-features/train/normal/industrial_normal_less/hd735_all__5.npy,Normal
Pistachio/VAD/vit-features/train/normal/industrial_normal_less/hd735_all__6.npy,Normal
Pistachio/VAD/vit-features/train/normal/industrial_normal_less/hd735_all__7.npy,Normal
Pistachio/VAD/vit-features/train/normal/industrial_normal_less/hd735_all__8.npy,Normal
Pistachio/VAD/vit-features/train/normal/industrial_normal_less/hd735_all__9.npy,Normal
Pistachio/VAD/vit-features/train/normal/industrial_normal_less/hd736_all__0.npy,Normal
Pistachio/VAD/vit-features/train/normal/industrial_normal_less/hd736_all__1.npy,Normal
Pistachio/VAD/vit-features/train/normal/industrial_normal_less/hd736_all__2.npy,Normal
Pistachio/VAD/vit-features/train/normal/industrial_normal_less/hd736_all__3.npy,Normal
Pistachio/VAD/vit-features/train/normal/industrial_normal_less/hd736_all__4.npy,Normal
Pistachio/VAD/vit-features/train/normal/industrial_normal_less/hd736_all__5.npy,Normal
Pistachio/VAD/vit-features/train/normal/industrial_normal_less/hd736_all__6.npy,Normal
Pistachio/VAD/vit-features/train/normal/industrial_normal_less/hd736_all__7.npy,Normal
Pistachio/VAD/vit-features/train/normal/industrial_normal_less/hd736_all__8.npy,Normal
Pistachio/VAD/vit-features/train/normal/industrial_normal_less/hd736_all__9.npy,Normal
Pistachio/VAD/vit-features/train/normal/industrial_normal_less/hd737_all__0.npy,Normal
Pistachio/VAD/vit-features/train/normal/industrial_normal_less/hd737_all__1.npy,Normal
Pistachio/VAD/vit-features/train/normal/industrial_normal_less/hd737_all__2.npy,Normal
Pistachio/VAD/vit-features/train/normal/industrial_normal_less/hd737_all__3.npy,Normal
Pistachio/VAD/vit-features/train/normal/industrial_normal_less/hd737_all__4.npy,Normal
Pistachio/VAD/vit-features/train/normal/industrial_normal_less/hd737_all__5.npy,Normal
Pistachio/VAD/vit-features/train/normal/industrial_normal_less/hd737_all__6.npy,Normal
Pistachio/VAD/vit-features/train/normal/industrial_normal_less/hd737_all__7.npy,Normal
Pistachio/VAD/vit-features/train/normal/industrial_normal_less/hd737_all__8.npy,Normal
Pistachio/VAD/vit-features/train/normal/industrial_normal_less/hd737_all__9.npy,Normal
Pistachio/VAD/vit-features/train/normal/industrial_normal_less/hd73_all__0.npy,Normal
Pistachio/VAD/vit-features/train/normal/industrial_normal_less/hd73_all__1.npy,Normal
Pistachio/VAD/vit-features/train/normal/industrial_normal_less/hd73_all__2.npy,Normal
Pistachio/VAD/vit-features/train/normal/industrial_normal_less/hd73_all__3.npy,Normal
Pistachio/VAD/vit-features/train/normal/industrial_normal_less/hd73_all__4.npy,Normal
Pistachio/VAD/vit-features/train/normal/industrial_normal_less/hd73_all__5.npy,Normal
Pistachio/VAD/vit-features/train/normal/industrial_normal_less/hd73_all__6.npy,Normal
Pistachio/VAD/vit-features/train/normal/industrial_normal_less/hd73_all__7.npy,Normal
Pistachio/VAD/vit-features/train/normal/industrial_normal_less/hd73_all__8.npy,Normal
Pistachio/VAD/vit-features/train/normal/industrial_normal_less/hd73_all__9.npy,Normal
Pistachio/VAD/vit-features/train/normal/industrial_normal_less/hd743_all__0.npy,Normal
Pistachio/VAD/vit-features/train/normal/industrial_normal_less/hd743_all__1.npy,Normal
Pistachio/VAD/vit-features/train/normal/industrial_normal_less/hd743_all__2.npy,Normal
Pistachio/VAD/vit-features/train/normal/industrial_normal_less/hd743_all__3.npy,Normal
Pistachio/VAD/vit-features/train/normal/industrial_normal_less/hd743_all__4.npy,Normal
Pistachio/VAD/vit-features/train/normal/industrial_normal_less/hd743_all__5.npy,Normal
Pistachio/VAD/vit-features/train/normal/industrial_normal_less/hd743_all__6.npy,Normal
Pistachio/VAD/vit-features/train/normal/industrial_normal_less/hd743_all__7.npy,Normal
Pistachio/VAD/vit-features/train/normal/industrial_normal_less/hd743_all__8.npy,Normal
Pistachio/VAD/vit-features/train/normal/industrial_normal_less/hd743_all__9.npy,Normal
Pistachio/VAD/vit-features/train/normal/industrial_normal_less/hd744_all__0.npy,Normal
Pistachio/VAD/vit-features/train/normal/industrial_normal_less/hd744_all__1.npy,Normal
Pistachio/VAD/vit-features/train/normal/industrial_normal_less/hd744_all__2.npy,Normal
Pistachio/VAD/vit-features/train/normal/industrial_normal_less/hd744_all__3.npy,Normal
Pistachio/VAD/vit-features/train/normal/industrial_normal_less/hd744_all__4.npy,Normal
Pistachio/VAD/vit-features/train/normal/industrial_normal_less/hd744_all__5.npy,Normal
Pistachio/VAD/vit-features/train/normal/industrial_normal_less/hd744_all__6.npy,Normal
Pistachio/VAD/vit-features/train/normal/industrial_normal_less/hd744_all__7.npy,Normal
Pistachio/VAD/vit-features/train/normal/industrial_normal_less/hd744_all__8.npy,Normal
Pistachio/VAD/vit-features/train/normal/industrial_normal_less/hd744_all__9.npy,Normal
Pistachio/VAD/vit-features/train/normal/industrial_normal_less/hd745_all__0.npy,Normal
Pistachio/VAD/vit-features/train/normal/industrial_normal_less/hd745_all__1.npy,Normal
Pistachio/VAD/vit-features/train/normal/industrial_normal_less/hd745_all__2.npy,Normal
Pistachio/VAD/vit-features/train/normal/industrial_normal_less/hd745_all__3.npy,Normal
Pistachio/VAD/vit-features/train/normal/industrial_normal_less/hd745_all__4.npy,Normal
Pistachio/VAD/vit-features/train/normal/industrial_normal_less/hd745_all__5.npy,Normal
Pistachio/VAD/vit-features/train/normal/industrial_normal_less/hd745_all__6.npy,Normal
Pistachio/VAD/vit-features/train/normal/industrial_normal_less/hd745_all__7.npy,Normal
Pistachio/VAD/vit-features/train/normal/industrial_normal_less/hd745_all__8.npy,Normal
Pistachio/VAD/vit-features/train/normal/industrial_normal_less/hd745_all__9.npy,Normal
Pistachio/VAD/vit-features/train/normal/industrial_normal_less/hd748_all__0.npy,Normal
Pistachio/VAD/vit-features/train/normal/industrial_normal_less/hd748_all__1.npy,Normal
Pistachio/VAD/vit-features/train/normal/industrial_normal_less/hd748_all__2.npy,Normal
Pistachio/VAD/vit-features/train/normal/industrial_normal_less/hd748_all__3.npy,Normal
Pistachio/VAD/vit-features/train/normal/industrial_normal_less/hd748_all__4.npy,Normal
Pistachio/VAD/vit-features/train/normal/industrial_normal_less/hd748_all__5.npy,Normal
Pistachio/VAD/vit-features/train/normal/industrial_normal_less/hd748_all__6.npy,Normal
Pistachio/VAD/vit-features/train/normal/industrial_normal_less/hd748_all__7.npy,Normal
Pistachio/VAD/vit-features/train/normal/industrial_normal_less/hd748_all__8.npy,Normal
Pistachio/VAD/vit-features/train/normal/industrial_normal_less/hd748_all__9.npy,Normal
Pistachio/VAD/vit-features/train/normal/industrial_normal_less/hd751_all__0.npy,Normal
Pistachio/VAD/vit-features/train/normal/industrial_normal_less/hd751_all__1.npy,Normal
Pistachio/VAD/vit-features/train/normal/industrial_normal_less/hd751_all__2.npy,Normal
Pistachio/VAD/vit-features/train/normal/industrial_normal_less/hd751_all__3.npy,Normal
Pistachio/VAD/vit-features/train/normal/industrial_normal_less/hd751_all__4.npy,Normal
Pistachio/VAD/vit-features/train/normal/industrial_normal_less/hd751_all__5.npy,Normal
Pistachio/VAD/vit-features/train/normal/industrial_normal_less/hd751_all__6.npy,Normal
Pistachio/VAD/vit-features/train/normal/industrial_normal_less/hd751_all__7.npy,Normal
Pistachio/VAD/vit-features/train/normal/industrial_normal_less/hd751_all__8.npy,Normal
Pistachio/VAD/vit-features/train/normal/industrial_normal_less/hd751_all__9.npy,Normal
Pistachio/VAD/vit-features/train/normal/industrial_normal_less/hd754_all__0.npy,Normal
Pistachio/VAD/vit-features/train/normal/industrial_normal_less/hd754_all__1.npy,Normal
Pistachio/VAD/vit-features/train/normal/industrial_normal_less/hd754_all__2.npy,Normal
Pistachio/VAD/vit-features/train/normal/industrial_normal_less/hd754_all__3.npy,Normal
Pistachio/VAD/vit-features/train/normal/industrial_normal_less/hd754_all__4.npy,Normal
Pistachio/VAD/vit-features/train/normal/industrial_normal_less/hd754_all__5.npy,Normal
Pistachio/VAD/vit-features/train/normal/industrial_normal_less/hd754_all__6.npy,Normal
Pistachio/VAD/vit-features/train/normal/industrial_normal_less/hd754_all__7.npy,Normal
Pistachio/VAD/vit-features/train/normal/industrial_normal_less/hd754_all__8.npy,Normal
Pistachio/VAD/vit-features/train/normal/industrial_normal_less/hd754_all__9.npy,Normal
Pistachio/VAD/vit-features/train/normal/industrial_normal_less/hd755_all__0.npy,Normal
Pistachio/VAD/vit-features/train/normal/industrial_normal_less/hd755_all__1.npy,Normal
Pistachio/VAD/vit-features/train/normal/industrial_normal_less/hd755_all__2.npy,Normal
Pistachio/VAD/vit-features/train/normal/industrial_normal_less/hd755_all__3.npy,Normal
Pistachio/VAD/vit-features/train/normal/industrial_normal_less/hd755_all__4.npy,Normal
Pistachio/VAD/vit-features/train/normal/industrial_normal_less/hd755_all__5.npy,Normal
Pistachio/VAD/vit-features/train/normal/industrial_normal_less/hd755_all__6.npy,Normal
Pistachio/VAD/vit-features/train/normal/industrial_normal_less/hd755_all__7.npy,Normal
Pistachio/VAD/vit-features/train/normal/industrial_normal_less/hd755_all__8.npy,Normal
Pistachio/VAD/vit-features/train/normal/industrial_normal_less/hd755_all__9.npy,Normal
Pistachio/VAD/vit-features/train/normal/industrial_normal_less/hd756_all__0.npy,Normal
Pistachio/VAD/vit-features/train/normal/industrial_normal_less/hd756_all__1.npy,Normal
Pistachio/VAD/vit-features/train/normal/industrial_normal_less/hd756_all__2.npy,Normal
Pistachio/VAD/vit-features/train/normal/industrial_normal_less/hd756_all__3.npy,Normal
Pistachio/VAD/vit-features/train/normal/industrial_normal_less/hd756_all__4.npy,Normal
Pistachio/VAD/vit-features/train/normal/industrial_normal_less/hd756_all__5.npy,Normal
Pistachio/VAD/vit-features/train/normal/industrial_normal_less/hd756_all__6.npy,Normal
Pistachio/VAD/vit-features/train/normal/industrial_normal_less/hd756_all__7.npy,Normal
Pistachio/VAD/vit-features/train/normal/industrial_normal_less/hd756_all__8.npy,Normal
Pistachio/VAD/vit-features/train/normal/industrial_normal_less/hd756_all__9.npy,Normal
Pistachio/VAD/vit-features/train/normal/industrial_normal_less/hd757_all__0.npy,Normal
Pistachio/VAD/vit-features/train/normal/industrial_normal_less/hd757_all__1.npy,Normal
Pistachio/VAD/vit-features/train/normal/industrial_normal_less/hd757_all__2.npy,Normal
Pistachio/VAD/vit-features/train/normal/industrial_normal_less/hd757_all__3.npy,Normal
Pistachio/VAD/vit-features/train/normal/industrial_normal_less/hd757_all__4.npy,Normal
Pistachio/VAD/vit-features/train/normal/industrial_normal_less/hd757_all__5.npy,Normal
Pistachio/VAD/vit-features/train/normal/industrial_normal_less/hd757_all__6.npy,Normal
Pistachio/VAD/vit-features/train/normal/industrial_normal_less/hd757_all__7.npy,Normal
Pistachio/VAD/vit-features/train/normal/industrial_normal_less/hd757_all__8.npy,Normal
Pistachio/VAD/vit-features/train/normal/industrial_normal_less/hd757_all__9.npy,Normal
Pistachio/VAD/vit-features/train/normal/industrial_normal_less/hd761_all__0.npy,Normal
Pistachio/VAD/vit-features/train/normal/industrial_normal_less/hd761_all__1.npy,Normal
Pistachio/VAD/vit-features/train/normal/industrial_normal_less/hd761_all__2.npy,Normal
Pistachio/VAD/vit-features/train/normal/industrial_normal_less/hd761_all__3.npy,Normal
Pistachio/VAD/vit-features/train/normal/industrial_normal_less/hd761_all__4.npy,Normal
Pistachio/VAD/vit-features/train/normal/industrial_normal_less/hd761_all__5.npy,Normal
Pistachio/VAD/vit-features/train/normal/industrial_normal_less/hd761_all__6.npy,Normal
Pistachio/VAD/vit-features/train/normal/industrial_normal_less/hd761_all__7.npy,Normal
Pistachio/VAD/vit-features/train/normal/industrial_normal_less/hd761_all__8.npy,Normal
Pistachio/VAD/vit-features/train/normal/industrial_normal_less/hd761_all__9.npy,Normal
Pistachio/VAD/vit-features/train/normal/industrial_normal_less/hd789_all__0.npy,Normal
Pistachio/VAD/vit-features/train/normal/industrial_normal_less/hd789_all__1.npy,Normal
Pistachio/VAD/vit-features/train/normal/industrial_normal_less/hd789_all__2.npy,Normal
Pistachio/VAD/vit-features/train/normal/industrial_normal_less/hd789_all__3.npy,Normal
Pistachio/VAD/vit-features/train/normal/industrial_normal_less/hd789_all__4.npy,Normal
Pistachio/VAD/vit-features/train/normal/industrial_normal_less/hd789_all__5.npy,Normal
Pistachio/VAD/vit-features/train/normal/industrial_normal_less/hd789_all__6.npy,Normal
Pistachio/VAD/vit-features/train/normal/industrial_normal_less/hd789_all__7.npy,Normal
Pistachio/VAD/vit-features/train/normal/industrial_normal_less/hd789_all__8.npy,Normal
Pistachio/VAD/vit-features/train/normal/industrial_normal_less/hd789_all__9.npy,Normal
Pistachio/VAD/vit-features/train/normal/industrial_normal_less/hd790_all__0.npy,Normal
Pistachio/VAD/vit-features/train/normal/industrial_normal_less/hd790_all__1.npy,Normal
Pistachio/VAD/vit-features/train/normal/industrial_normal_less/hd790_all__2.npy,Normal
Pistachio/VAD/vit-features/train/normal/industrial_normal_less/hd790_all__3.npy,Normal
Pistachio/VAD/vit-features/train/normal/industrial_normal_less/hd790_all__4.npy,Normal
Pistachio/VAD/vit-features/train/normal/industrial_normal_less/hd790_all__5.npy,Normal
Pistachio/VAD/vit-features/train/normal/industrial_normal_less/hd790_all__6.npy,Normal
Pistachio/VAD/vit-features/train/normal/industrial_normal_less/hd790_all__7.npy,Normal
Pistachio/VAD/vit-features/train/normal/industrial_normal_less/hd790_all__8.npy,Normal
Pistachio/VAD/vit-features/train/normal/industrial_normal_less/hd790_all__9.npy,Normal
Pistachio/VAD/vit-features/train/normal/industrial_normal_less/hd793_all__0.npy,Normal
Pistachio/VAD/vit-features/train/normal/industrial_normal_less/hd793_all__1.npy,Normal
Pistachio/VAD/vit-features/train/normal/industrial_normal_less/hd793_all__2.npy,Normal
Pistachio/VAD/vit-features/train/normal/industrial_normal_less/hd793_all__3.npy,Normal
Pistachio/VAD/vit-features/train/normal/industrial_normal_less/hd793_all__4.npy,Normal
Pistachio/VAD/vit-features/train/normal/industrial_normal_less/hd793_all__5.npy,Normal
Pistachio/VAD/vit-features/train/normal/industrial_normal_less/hd793_all__6.npy,Normal
Pistachio/VAD/vit-features/train/normal/industrial_normal_less/hd793_all__7.npy,Normal
Pistachio/VAD/vit-features/train/normal/industrial_normal_less/hd793_all__8.npy,Normal
Pistachio/VAD/vit-features/train/normal/industrial_normal_less/hd793_all__9.npy,Normal
Pistachio/VAD/vit-features/train/normal/industrial_normal_less/hd794_all__0.npy,Normal
Pistachio/VAD/vit-features/train/normal/industrial_normal_less/hd794_all__1.npy,Normal
Pistachio/VAD/vit-features/train/normal/industrial_normal_less/hd794_all__2.npy,Normal
Pistachio/VAD/vit-features/train/normal/industrial_normal_less/hd794_all__3.npy,Normal
Pistachio/VAD/vit-features/train/normal/industrial_normal_less/hd794_all__4.npy,Normal
Pistachio/VAD/vit-features/train/normal/industrial_normal_less/hd794_all__5.npy,Normal
Pistachio/VAD/vit-features/train/normal/industrial_normal_less/hd794_all__6.npy,Normal
Pistachio/VAD/vit-features/train/normal/industrial_normal_less/hd794_all__7.npy,Normal
Pistachio/VAD/vit-features/train/normal/industrial_normal_less/hd794_all__8.npy,Normal
Pistachio/VAD/vit-features/train/normal/industrial_normal_less/hd794_all__9.npy,Normal
Pistachio/VAD/vit-features/train/normal/industrial_normal_less/hd795_all__0.npy,Normal
Pistachio/VAD/vit-features/train/normal/industrial_normal_less/hd795_all__1.npy,Normal
Pistachio/VAD/vit-features/train/normal/industrial_normal_less/hd795_all__2.npy,Normal
Pistachio/VAD/vit-features/train/normal/industrial_normal_less/hd795_all__3.npy,Normal
Pistachio/VAD/vit-features/train/normal/industrial_normal_less/hd795_all__4.npy,Normal
Pistachio/VAD/vit-features/train/normal/industrial_normal_less/hd795_all__5.npy,Normal
Pistachio/VAD/vit-features/train/normal/industrial_normal_less/hd795_all__6.npy,Normal
Pistachio/VAD/vit-features/train/normal/industrial_normal_less/hd795_all__7.npy,Normal
Pistachio/VAD/vit-features/train/normal/industrial_normal_less/hd795_all__8.npy,Normal
Pistachio/VAD/vit-features/train/normal/industrial_normal_less/hd795_all__9.npy,Normal
Pistachio/VAD/vit-features/train/normal/industrial_normal_less/hd796_all__0.npy,Normal
Pistachio/VAD/vit-features/train/normal/industrial_normal_less/hd796_all__1.npy,Normal
Pistachio/VAD/vit-features/train/normal/industrial_normal_less/hd796_all__2.npy,Normal
Pistachio/VAD/vit-features/train/normal/industrial_normal_less/hd796_all__3.npy,Normal
Pistachio/VAD/vit-features/train/normal/industrial_normal_less/hd796_all__4.npy,Normal
Pistachio/VAD/vit-features/train/normal/industrial_normal_less/hd796_all__5.npy,Normal
Pistachio/VAD/vit-features/train/normal/industrial_normal_less/hd796_all__6.npy,Normal
Pistachio/VAD/vit-features/train/normal/industrial_normal_less/hd796_all__7.npy,Normal
Pistachio/VAD/vit-features/train/normal/industrial_normal_less/hd796_all__8.npy,Normal
Pistachio/VAD/vit-features/train/normal/industrial_normal_less/hd796_all__9.npy,Normal
Pistachio/VAD/vit-features/train/normal/industrial_normal_less/hd797_all__0.npy,Normal
Pistachio/VAD/vit-features/train/normal/industrial_normal_less/hd797_all__1.npy,Normal
Pistachio/VAD/vit-features/train/normal/industrial_normal_less/hd797_all__2.npy,Normal
Pistachio/VAD/vit-features/train/normal/industrial_normal_less/hd797_all__3.npy,Normal
Pistachio/VAD/vit-features/train/normal/industrial_normal_less/hd797_all__4.npy,Normal
Pistachio/VAD/vit-features/train/normal/industrial_normal_less/hd797_all__5.npy,Normal
Pistachio/VAD/vit-features/train/normal/industrial_normal_less/hd797_all__6.npy,Normal
Pistachio/VAD/vit-features/train/normal/industrial_normal_less/hd797_all__7.npy,Normal
Pistachio/VAD/vit-features/train/normal/industrial_normal_less/hd797_all__8.npy,Normal
Pistachio/VAD/vit-features/train/normal/industrial_normal_less/hd797_all__9.npy,Normal
Pistachio/VAD/vit-features/train/normal/industrial_normal_less/hd798_all__0.npy,Normal
Pistachio/VAD/vit-features/train/normal/industrial_normal_less/hd798_all__1.npy,Normal
Pistachio/VAD/vit-features/train/normal/industrial_normal_less/hd798_all__2.npy,Normal
Pistachio/VAD/vit-features/train/normal/industrial_normal_less/hd798_all__3.npy,Normal
Pistachio/VAD/vit-features/train/normal/industrial_normal_less/hd798_all__4.npy,Normal
Pistachio/VAD/vit-features/train/normal/industrial_normal_less/hd798_all__5.npy,Normal
Pistachio/VAD/vit-features/train/normal/industrial_normal_less/hd798_all__6.npy,Normal
Pistachio/VAD/vit-features/train/normal/industrial_normal_less/hd798_all__7.npy,Normal
Pistachio/VAD/vit-features/train/normal/industrial_normal_less/hd798_all__8.npy,Normal
Pistachio/VAD/vit-features/train/normal/industrial_normal_less/hd798_all__9.npy,Normal
Pistachio/VAD/vit-features/train/normal/industrial_normal_less/hd799_all__0.npy,Normal
Pistachio/VAD/vit-features/train/normal/industrial_normal_less/hd799_all__1.npy,Normal
Pistachio/VAD/vit-features/train/normal/industrial_normal_less/hd799_all__2.npy,Normal
Pistachio/VAD/vit-features/train/normal/industrial_normal_less/hd799_all__3.npy,Normal
Pistachio/VAD/vit-features/train/normal/industrial_normal_less/hd799_all__4.npy,Normal
Pistachio/VAD/vit-features/train/normal/industrial_normal_less/hd799_all__5.npy,Normal
Pistachio/VAD/vit-features/train/normal/industrial_normal_less/hd799_all__6.npy,Normal
Pistachio/VAD/vit-features/train/normal/industrial_normal_less/hd799_all__7.npy,Normal
Pistachio/VAD/vit-features/train/normal/industrial_normal_less/hd799_all__8.npy,Normal
Pistachio/VAD/vit-features/train/normal/industrial_normal_less/hd799_all__9.npy,Normal
Pistachio/VAD/vit-features/train/normal/industrial_normal_less/hd800_all__0.npy,Normal
Pistachio/VAD/vit-features/train/normal/industrial_normal_less/hd800_all__1.npy,Normal
Pistachio/VAD/vit-features/train/normal/industrial_normal_less/hd800_all__2.npy,Normal
Pistachio/VAD/vit-features/train/normal/industrial_normal_less/hd800_all__3.npy,Normal
Pistachio/VAD/vit-features/train/normal/industrial_normal_less/hd800_all__4.npy,Normal
Pistachio/VAD/vit-features/train/normal/industrial_normal_less/hd800_all__5.npy,Normal
Pistachio/VAD/vit-features/train/normal/industrial_normal_less/hd800_all__6.npy,Normal
Pistachio/VAD/vit-features/train/normal/industrial_normal_less/hd800_all__7.npy,Normal
Pistachio/VAD/vit-features/train/normal/industrial_normal_less/hd800_all__8.npy,Normal
Pistachio/VAD/vit-features/train/normal/industrial_normal_less/hd800_all__9.npy,Normal
Pistachio/VAD/vit-features/train/normal/industrial_normal_less/hd806_all__0.npy,Normal
Pistachio/VAD/vit-features/train/normal/industrial_normal_less/hd806_all__1.npy,Normal
Pistachio/VAD/vit-features/train/normal/industrial_normal_less/hd806_all__2.npy,Normal
Pistachio/VAD/vit-features/train/normal/industrial_normal_less/hd806_all__3.npy,Normal
Pistachio/VAD/vit-features/train/normal/industrial_normal_less/hd806_all__4.npy,Normal
Pistachio/VAD/vit-features/train/normal/industrial_normal_less/hd806_all__5.npy,Normal
Pistachio/VAD/vit-features/train/normal/industrial_normal_less/hd806_all__6.npy,Normal
Pistachio/VAD/vit-features/train/normal/industrial_normal_less/hd806_all__7.npy,Normal
Pistachio/VAD/vit-features/train/normal/industrial_normal_less/hd806_all__8.npy,Normal
Pistachio/VAD/vit-features/train/normal/industrial_normal_less/hd806_all__9.npy,Normal
Pistachio/VAD/vit-features/train/normal/industrial_normal_less/hd807_all__0.npy,Normal
Pistachio/VAD/vit-features/train/normal/industrial_normal_less/hd807_all__1.npy,Normal
Pistachio/VAD/vit-features/train/normal/industrial_normal_less/hd807_all__2.npy,Normal
Pistachio/VAD/vit-features/train/normal/industrial_normal_less/hd807_all__3.npy,Normal
Pistachio/VAD/vit-features/train/normal/industrial_normal_less/hd807_all__4.npy,Normal
Pistachio/VAD/vit-features/train/normal/industrial_normal_less/hd807_all__5.npy,Normal
Pistachio/VAD/vit-features/train/normal/industrial_normal_less/hd807_all__6.npy,Normal
Pistachio/VAD/vit-features/train/normal/industrial_normal_less/hd807_all__7.npy,Normal
Pistachio/VAD/vit-features/train/normal/industrial_normal_less/hd807_all__8.npy,Normal
Pistachio/VAD/vit-features/train/normal/industrial_normal_less/hd807_all__9.npy,Normal
Pistachio/VAD/vit-features/train/normal/industrial_normal_less/hd808_all__0.npy,Normal
Pistachio/VAD/vit-features/train/normal/industrial_normal_less/hd808_all__1.npy,Normal
Pistachio/VAD/vit-features/train/normal/industrial_normal_less/hd808_all__2.npy,Normal
Pistachio/VAD/vit-features/train/normal/industrial_normal_less/hd808_all__3.npy,Normal
Pistachio/VAD/vit-features/train/normal/industrial_normal_less/hd808_all__4.npy,Normal
Pistachio/VAD/vit-features/train/normal/industrial_normal_less/hd808_all__5.npy,Normal
Pistachio/VAD/vit-features/train/normal/industrial_normal_less/hd808_all__6.npy,Normal
Pistachio/VAD/vit-features/train/normal/industrial_normal_less/hd808_all__7.npy,Normal
Pistachio/VAD/vit-features/train/normal/industrial_normal_less/hd808_all__8.npy,Normal
Pistachio/VAD/vit-features/train/normal/industrial_normal_less/hd808_all__9.npy,Normal
Pistachio/VAD/vit-features/train/normal/industrial_normal_less/hd809_all__0.npy,Normal
Pistachio/VAD/vit-features/train/normal/industrial_normal_less/hd809_all__1.npy,Normal
Pistachio/VAD/vit-features/train/normal/industrial_normal_less/hd809_all__2.npy,Normal
Pistachio/VAD/vit-features/train/normal/industrial_normal_less/hd809_all__3.npy,Normal
Pistachio/VAD/vit-features/train/normal/industrial_normal_less/hd809_all__4.npy,Normal
Pistachio/VAD/vit-features/train/normal/industrial_normal_less/hd809_all__5.npy,Normal
Pistachio/VAD/vit-features/train/normal/industrial_normal_less/hd809_all__6.npy,Normal
Pistachio/VAD/vit-features/train/normal/industrial_normal_less/hd809_all__7.npy,Normal
Pistachio/VAD/vit-features/train/normal/industrial_normal_less/hd809_all__8.npy,Normal
Pistachio/VAD/vit-features/train/normal/industrial_normal_less/hd809_all__9.npy,Normal
Pistachio/VAD/vit-features/train/normal/industrial_normal_less/hd810_all__0.npy,Normal
Pistachio/VAD/vit-features/train/normal/industrial_normal_less/hd810_all__1.npy,Normal
Pistachio/VAD/vit-features/train/normal/industrial_normal_less/hd810_all__2.npy,Normal
Pistachio/VAD/vit-features/train/normal/industrial_normal_less/hd810_all__3.npy,Normal
Pistachio/VAD/vit-features/train/normal/industrial_normal_less/hd810_all__4.npy,Normal
Pistachio/VAD/vit-features/train/normal/industrial_normal_less/hd810_all__5.npy,Normal
Pistachio/VAD/vit-features/train/normal/industrial_normal_less/hd810_all__6.npy,Normal
Pistachio/VAD/vit-features/train/normal/industrial_normal_less/hd810_all__7.npy,Normal
Pistachio/VAD/vit-features/train/normal/industrial_normal_less/hd810_all__8.npy,Normal
Pistachio/VAD/vit-features/train/normal/industrial_normal_less/hd810_all__9.npy,Normal
Pistachio/VAD/vit-features/train/normal/industrial_normal_less/hd811_all__0.npy,Normal
Pistachio/VAD/vit-features/train/normal/industrial_normal_less/hd811_all__1.npy,Normal
Pistachio/VAD/vit-features/train/normal/industrial_normal_less/hd811_all__2.npy,Normal
Pistachio/VAD/vit-features/train/normal/industrial_normal_less/hd811_all__3.npy,Normal
Pistachio/VAD/vit-features/train/normal/industrial_normal_less/hd811_all__4.npy,Normal
Pistachio/VAD/vit-features/train/normal/industrial_normal_less/hd811_all__5.npy,Normal
Pistachio/VAD/vit-features/train/normal/industrial_normal_less/hd811_all__6.npy,Normal
Pistachio/VAD/vit-features/train/normal/industrial_normal_less/hd811_all__7.npy,Normal
Pistachio/VAD/vit-features/train/normal/industrial_normal_less/hd811_all__8.npy,Normal
Pistachio/VAD/vit-features/train/normal/industrial_normal_less/hd811_all__9.npy,Normal
Pistachio/VAD/vit-features/train/normal/industrial_normal_less/hd812_all__0.npy,Normal
Pistachio/VAD/vit-features/train/normal/industrial_normal_less/hd812_all__1.npy,Normal
Pistachio/VAD/vit-features/train/normal/industrial_normal_less/hd812_all__2.npy,Normal
Pistachio/VAD/vit-features/train/normal/industrial_normal_less/hd812_all__3.npy,Normal
Pistachio/VAD/vit-features/train/normal/industrial_normal_less/hd812_all__4.npy,Normal
Pistachio/VAD/vit-features/train/normal/industrial_normal_less/hd812_all__5.npy,Normal
Pistachio/VAD/vit-features/train/normal/industrial_normal_less/hd812_all__6.npy,Normal
Pistachio/VAD/vit-features/train/normal/industrial_normal_less/hd812_all__7.npy,Normal
Pistachio/VAD/vit-features/train/normal/industrial_normal_less/hd812_all__8.npy,Normal
Pistachio/VAD/vit-features/train/normal/industrial_normal_less/hd812_all__9.npy,Normal
Pistachio/VAD/vit-features/train/normal/industrial_normal_less/hd813_all__0.npy,Normal
Pistachio/VAD/vit-features/train/normal/industrial_normal_less/hd813_all__1.npy,Normal
Pistachio/VAD/vit-features/train/normal/industrial_normal_less/hd813_all__2.npy,Normal
Pistachio/VAD/vit-features/train/normal/industrial_normal_less/hd813_all__3.npy,Normal
Pistachio/VAD/vit-features/train/normal/industrial_normal_less/hd813_all__4.npy,Normal
Pistachio/VAD/vit-features/train/normal/industrial_normal_less/hd813_all__5.npy,Normal
Pistachio/VAD/vit-features/train/normal/industrial_normal_less/hd813_all__6.npy,Normal
Pistachio/VAD/vit-features/train/normal/industrial_normal_less/hd813_all__7.npy,Normal
Pistachio/VAD/vit-features/train/normal/industrial_normal_less/hd813_all__8.npy,Normal
Pistachio/VAD/vit-features/train/normal/industrial_normal_less/hd813_all__9.npy,Normal
Pistachio/VAD/vit-features/train/normal/industrial_normal_less/hd814_all__0.npy,Normal
Pistachio/VAD/vit-features/train/normal/industrial_normal_less/hd814_all__1.npy,Normal
Pistachio/VAD/vit-features/train/normal/industrial_normal_less/hd814_all__2.npy,Normal
Pistachio/VAD/vit-features/train/normal/industrial_normal_less/hd814_all__3.npy,Normal
Pistachio/VAD/vit-features/train/normal/industrial_normal_less/hd814_all__4.npy,Normal
Pistachio/VAD/vit-features/train/normal/industrial_normal_less/hd814_all__5.npy,Normal
Pistachio/VAD/vit-features/train/normal/industrial_normal_less/hd814_all__6.npy,Normal
Pistachio/VAD/vit-features/train/normal/industrial_normal_less/hd814_all__7.npy,Normal
Pistachio/VAD/vit-features/train/normal/industrial_normal_less/hd814_all__8.npy,Normal
Pistachio/VAD/vit-features/train/normal/industrial_normal_less/hd814_all__9.npy,Normal
Pistachio/VAD/vit-features/train/normal/industrial_normal_less/hd815_all__0.npy,Normal
Pistachio/VAD/vit-features/train/normal/industrial_normal_less/hd815_all__1.npy,Normal
Pistachio/VAD/vit-features/train/normal/industrial_normal_less/hd815_all__2.npy,Normal
Pistachio/VAD/vit-features/train/normal/industrial_normal_less/hd815_all__3.npy,Normal
Pistachio/VAD/vit-features/train/normal/industrial_normal_less/hd815_all__4.npy,Normal
Pistachio/VAD/vit-features/train/normal/industrial_normal_less/hd815_all__5.npy,Normal
Pistachio/VAD/vit-features/train/normal/industrial_normal_less/hd815_all__6.npy,Normal
Pistachio/VAD/vit-features/train/normal/industrial_normal_less/hd815_all__7.npy,Normal
Pistachio/VAD/vit-features/train/normal/industrial_normal_less/hd815_all__8.npy,Normal
Pistachio/VAD/vit-features/train/normal/industrial_normal_less/hd815_all__9.npy,Normal
Pistachio/VAD/vit-features/train/normal/industrial_normal_less/hd816_all__0.npy,Normal
Pistachio/VAD/vit-features/train/normal/industrial_normal_less/hd816_all__1.npy,Normal
Pistachio/VAD/vit-features/train/normal/industrial_normal_less/hd816_all__2.npy,Normal
Pistachio/VAD/vit-features/train/normal/industrial_normal_less/hd816_all__3.npy,Normal
Pistachio/VAD/vit-features/train/normal/industrial_normal_less/hd816_all__4.npy,Normal
Pistachio/VAD/vit-features/train/normal/industrial_normal_less/hd816_all__5.npy,Normal
Pistachio/VAD/vit-features/train/normal/industrial_normal_less/hd816_all__6.npy,Normal
Pistachio/VAD/vit-features/train/normal/industrial_normal_less/hd816_all__7.npy,Normal
Pistachio/VAD/vit-features/train/normal/industrial_normal_less/hd816_all__8.npy,Normal
Pistachio/VAD/vit-features/train/normal/industrial_normal_less/hd816_all__9.npy,Normal
Pistachio/VAD/vit-features/train/normal/industrial_normal_less/hd817_all__0.npy,Normal
Pistachio/VAD/vit-features/train/normal/industrial_normal_less/hd817_all__1.npy,Normal
Pistachio/VAD/vit-features/train/normal/industrial_normal_less/hd817_all__2.npy,Normal
Pistachio/VAD/vit-features/train/normal/industrial_normal_less/hd817_all__3.npy,Normal
Pistachio/VAD/vit-features/train/normal/industrial_normal_less/hd817_all__4.npy,Normal
Pistachio/VAD/vit-features/train/normal/industrial_normal_less/hd817_all__5.npy,Normal
Pistachio/VAD/vit-features/train/normal/industrial_normal_less/hd817_all__6.npy,Normal
Pistachio/VAD/vit-features/train/normal/industrial_normal_less/hd817_all__7.npy,Normal
Pistachio/VAD/vit-features/train/normal/industrial_normal_less/hd817_all__8.npy,Normal
Pistachio/VAD/vit-features/train/normal/industrial_normal_less/hd817_all__9.npy,Normal
Pistachio/VAD/vit-features/train/normal/industrial_normal_less/hd818_all__0.npy,Normal
Pistachio/VAD/vit-features/train/normal/industrial_normal_less/hd818_all__1.npy,Normal
Pistachio/VAD/vit-features/train/normal/industrial_normal_less/hd818_all__2.npy,Normal
Pistachio/VAD/vit-features/train/normal/industrial_normal_less/hd818_all__3.npy,Normal
Pistachio/VAD/vit-features/train/normal/industrial_normal_less/hd818_all__4.npy,Normal
Pistachio/VAD/vit-features/train/normal/industrial_normal_less/hd818_all__5.npy,Normal
Pistachio/VAD/vit-features/train/normal/industrial_normal_less/hd818_all__6.npy,Normal
Pistachio/VAD/vit-features/train/normal/industrial_normal_less/hd818_all__7.npy,Normal
Pistachio/VAD/vit-features/train/normal/industrial_normal_less/hd818_all__8.npy,Normal
Pistachio/VAD/vit-features/train/normal/industrial_normal_less/hd818_all__9.npy,Normal
Pistachio/VAD/vit-features/train/normal/industrial_normal_less/hd819_all__0.npy,Normal
Pistachio/VAD/vit-features/train/normal/industrial_normal_less/hd819_all__1.npy,Normal
Pistachio/VAD/vit-features/train/normal/industrial_normal_less/hd819_all__2.npy,Normal
Pistachio/VAD/vit-features/train/normal/industrial_normal_less/hd819_all__3.npy,Normal
Pistachio/VAD/vit-features/train/normal/industrial_normal_less/hd819_all__4.npy,Normal
Pistachio/VAD/vit-features/train/normal/industrial_normal_less/hd819_all__5.npy,Normal
Pistachio/VAD/vit-features/train/normal/industrial_normal_less/hd819_all__6.npy,Normal
Pistachio/VAD/vit-features/train/normal/industrial_normal_less/hd819_all__7.npy,Normal
Pistachio/VAD/vit-features/train/normal/industrial_normal_less/hd819_all__8.npy,Normal
Pistachio/VAD/vit-features/train/normal/industrial_normal_less/hd819_all__9.npy,Normal
Pistachio/VAD/vit-features/train/normal/industrial_normal_less/hd820_all__0.npy,Normal
Pistachio/VAD/vit-features/train/normal/industrial_normal_less/hd820_all__1.npy,Normal
Pistachio/VAD/vit-features/train/normal/industrial_normal_less/hd820_all__2.npy,Normal
Pistachio/VAD/vit-features/train/normal/industrial_normal_less/hd820_all__3.npy,Normal
Pistachio/VAD/vit-features/train/normal/industrial_normal_less/hd820_all__4.npy,Normal
Pistachio/VAD/vit-features/train/normal/industrial_normal_less/hd820_all__5.npy,Normal
Pistachio/VAD/vit-features/train/normal/industrial_normal_less/hd820_all__6.npy,Normal
Pistachio/VAD/vit-features/train/normal/industrial_normal_less/hd820_all__7.npy,Normal
Pistachio/VAD/vit-features/train/normal/industrial_normal_less/hd820_all__8.npy,Normal
Pistachio/VAD/vit-features/train/normal/industrial_normal_less/hd820_all__9.npy,Normal
Pistachio/VAD/vit-features/train/normal/industrial_normal_less/hd821_all__0.npy,Normal
Pistachio/VAD/vit-features/train/normal/industrial_normal_less/hd821_all__1.npy,Normal
Pistachio/VAD/vit-features/train/normal/industrial_normal_less/hd821_all__2.npy,Normal
Pistachio/VAD/vit-features/train/normal/industrial_normal_less/hd821_all__3.npy,Normal
Pistachio/VAD/vit-features/train/normal/industrial_normal_less/hd821_all__4.npy,Normal
Pistachio/VAD/vit-features/train/normal/industrial_normal_less/hd821_all__5.npy,Normal
Pistachio/VAD/vit-features/train/normal/industrial_normal_less/hd821_all__6.npy,Normal
Pistachio/VAD/vit-features/train/normal/industrial_normal_less/hd821_all__7.npy,Normal
Pistachio/VAD/vit-features/train/normal/industrial_normal_less/hd821_all__8.npy,Normal
Pistachio/VAD/vit-features/train/normal/industrial_normal_less/hd821_all__9.npy,Normal
Pistachio/VAD/vit-features/train/normal/industrial_normal_less/hd822_all__0.npy,Normal
Pistachio/VAD/vit-features/train/normal/industrial_normal_less/hd822_all__1.npy,Normal
Pistachio/VAD/vit-features/train/normal/industrial_normal_less/hd822_all__2.npy,Normal
Pistachio/VAD/vit-features/train/normal/industrial_normal_less/hd822_all__3.npy,Normal
Pistachio/VAD/vit-features/train/normal/industrial_normal_less/hd822_all__4.npy,Normal
Pistachio/VAD/vit-features/train/normal/industrial_normal_less/hd822_all__5.npy,Normal
Pistachio/VAD/vit-features/train/normal/industrial_normal_less/hd822_all__6.npy,Normal
Pistachio/VAD/vit-features/train/normal/industrial_normal_less/hd822_all__7.npy,Normal
Pistachio/VAD/vit-features/train/normal/industrial_normal_less/hd822_all__8.npy,Normal
Pistachio/VAD/vit-features/train/normal/industrial_normal_less/hd822_all__9.npy,Normal
Pistachio/VAD/vit-features/train/normal/industrial_normal_less/hd823_all__0.npy,Normal
Pistachio/VAD/vit-features/train/normal/industrial_normal_less/hd823_all__1.npy,Normal
Pistachio/VAD/vit-features/train/normal/industrial_normal_less/hd823_all__2.npy,Normal
Pistachio/VAD/vit-features/train/normal/industrial_normal_less/hd823_all__3.npy,Normal
Pistachio/VAD/vit-features/train/normal/industrial_normal_less/hd823_all__4.npy,Normal
Pistachio/VAD/vit-features/train/normal/industrial_normal_less/hd823_all__5.npy,Normal
Pistachio/VAD/vit-features/train/normal/industrial_normal_less/hd823_all__6.npy,Normal
Pistachio/VAD/vit-features/train/normal/industrial_normal_less/hd823_all__7.npy,Normal
Pistachio/VAD/vit-features/train/normal/industrial_normal_less/hd823_all__8.npy,Normal
Pistachio/VAD/vit-features/train/normal/industrial_normal_less/hd823_all__9.npy,Normal
Pistachio/VAD/vit-features/train/normal/industrial_normal_less/hd824_all__0.npy,Normal
Pistachio/VAD/vit-features/train/normal/industrial_normal_less/hd824_all__1.npy,Normal
Pistachio/VAD/vit-features/train/normal/industrial_normal_less/hd824_all__2.npy,Normal
Pistachio/VAD/vit-features/train/normal/industrial_normal_less/hd824_all__3.npy,Normal
Pistachio/VAD/vit-features/train/normal/industrial_normal_less/hd824_all__4.npy,Normal
Pistachio/VAD/vit-features/train/normal/industrial_normal_less/hd824_all__5.npy,Normal
Pistachio/VAD/vit-features/train/normal/industrial_normal_less/hd824_all__6.npy,Normal
Pistachio/VAD/vit-features/train/normal/industrial_normal_less/hd824_all__7.npy,Normal
Pistachio/VAD/vit-features/train/normal/industrial_normal_less/hd824_all__8.npy,Normal
Pistachio/VAD/vit-features/train/normal/industrial_normal_less/hd824_all__9.npy,Normal
Pistachio/VAD/vit-features/train/normal/industrial_normal_less/hd825_all__0.npy,Normal
Pistachio/VAD/vit-features/train/normal/industrial_normal_less/hd825_all__1.npy,Normal
Pistachio/VAD/vit-features/train/normal/industrial_normal_less/hd825_all__2.npy,Normal
Pistachio/VAD/vit-features/train/normal/industrial_normal_less/hd825_all__3.npy,Normal
Pistachio/VAD/vit-features/train/normal/industrial_normal_less/hd825_all__4.npy,Normal
Pistachio/VAD/vit-features/train/normal/industrial_normal_less/hd825_all__5.npy,Normal
Pistachio/VAD/vit-features/train/normal/industrial_normal_less/hd825_all__6.npy,Normal
Pistachio/VAD/vit-features/train/normal/industrial_normal_less/hd825_all__7.npy,Normal
Pistachio/VAD/vit-features/train/normal/industrial_normal_less/hd825_all__8.npy,Normal
Pistachio/VAD/vit-features/train/normal/industrial_normal_less/hd825_all__9.npy,Normal
Pistachio/VAD/vit-features/train/normal/industrial_normal_less/hd826_all__0.npy,Normal
Pistachio/VAD/vit-features/train/normal/industrial_normal_less/hd826_all__1.npy,Normal
Pistachio/VAD/vit-features/train/normal/industrial_normal_less/hd826_all__2.npy,Normal
Pistachio/VAD/vit-features/train/normal/industrial_normal_less/hd826_all__3.npy,Normal
Pistachio/VAD/vit-features/train/normal/industrial_normal_less/hd826_all__4.npy,Normal
Pistachio/VAD/vit-features/train/normal/industrial_normal_less/hd826_all__5.npy,Normal
Pistachio/VAD/vit-features/train/normal/industrial_normal_less/hd826_all__6.npy,Normal
Pistachio/VAD/vit-features/train/normal/industrial_normal_less/hd826_all__7.npy,Normal
Pistachio/VAD/vit-features/train/normal/industrial_normal_less/hd826_all__8.npy,Normal
Pistachio/VAD/vit-features/train/normal/industrial_normal_less/hd826_all__9.npy,Normal
Pistachio/VAD/vit-features/train/normal/industrial_normal_less/hd827_all__0.npy,Normal
Pistachio/VAD/vit-features/train/normal/industrial_normal_less/hd827_all__1.npy,Normal
Pistachio/VAD/vit-features/train/normal/industrial_normal_less/hd827_all__2.npy,Normal
Pistachio/VAD/vit-features/train/normal/industrial_normal_less/hd827_all__3.npy,Normal
Pistachio/VAD/vit-features/train/normal/industrial_normal_less/hd827_all__4.npy,Normal
Pistachio/VAD/vit-features/train/normal/industrial_normal_less/hd827_all__5.npy,Normal
Pistachio/VAD/vit-features/train/normal/industrial_normal_less/hd827_all__6.npy,Normal
Pistachio/VAD/vit-features/train/normal/industrial_normal_less/hd827_all__7.npy,Normal
Pistachio/VAD/vit-features/train/normal/industrial_normal_less/hd827_all__8.npy,Normal
Pistachio/VAD/vit-features/train/normal/industrial_normal_less/hd827_all__9.npy,Normal
Pistachio/VAD/vit-features/train/normal/industrial_normal_less/hd828_all__0.npy,Normal
Pistachio/VAD/vit-features/train/normal/industrial_normal_less/hd828_all__1.npy,Normal
Pistachio/VAD/vit-features/train/normal/industrial_normal_less/hd828_all__2.npy,Normal
Pistachio/VAD/vit-features/train/normal/industrial_normal_less/hd828_all__3.npy,Normal
Pistachio/VAD/vit-features/train/normal/industrial_normal_less/hd828_all__4.npy,Normal
Pistachio/VAD/vit-features/train/normal/industrial_normal_less/hd828_all__5.npy,Normal
Pistachio/VAD/vit-features/train/normal/industrial_normal_less/hd828_all__6.npy,Normal
Pistachio/VAD/vit-features/train/normal/industrial_normal_less/hd828_all__7.npy,Normal
Pistachio/VAD/vit-features/train/normal/industrial_normal_less/hd828_all__8.npy,Normal
Pistachio/VAD/vit-features/train/normal/industrial_normal_less/hd828_all__9.npy,Normal
Pistachio/VAD/vit-features/train/normal/industrial_normal_less/hd829_all__0.npy,Normal
Pistachio/VAD/vit-features/train/normal/industrial_normal_less/hd829_all__1.npy,Normal
Pistachio/VAD/vit-features/train/normal/industrial_normal_less/hd829_all__2.npy,Normal
Pistachio/VAD/vit-features/train/normal/industrial_normal_less/hd829_all__3.npy,Normal
Pistachio/VAD/vit-features/train/normal/industrial_normal_less/hd829_all__4.npy,Normal
Pistachio/VAD/vit-features/train/normal/industrial_normal_less/hd829_all__5.npy,Normal
Pistachio/VAD/vit-features/train/normal/industrial_normal_less/hd829_all__6.npy,Normal
Pistachio/VAD/vit-features/train/normal/industrial_normal_less/hd829_all__7.npy,Normal
Pistachio/VAD/vit-features/train/normal/industrial_normal_less/hd829_all__8.npy,Normal
Pistachio/VAD/vit-features/train/normal/industrial_normal_less/hd829_all__9.npy,Normal
Pistachio/VAD/vit-features/train/normal/industrial_normal_less/hd831_all__0.npy,Normal
Pistachio/VAD/vit-features/train/normal/industrial_normal_less/hd831_all__1.npy,Normal
Pistachio/VAD/vit-features/train/normal/industrial_normal_less/hd831_all__2.npy,Normal
Pistachio/VAD/vit-features/train/normal/industrial_normal_less/hd831_all__3.npy,Normal
Pistachio/VAD/vit-features/train/normal/industrial_normal_less/hd831_all__4.npy,Normal
Pistachio/VAD/vit-features/train/normal/industrial_normal_less/hd831_all__5.npy,Normal
Pistachio/VAD/vit-features/train/normal/industrial_normal_less/hd831_all__6.npy,Normal
Pistachio/VAD/vit-features/train/normal/industrial_normal_less/hd831_all__7.npy,Normal
Pistachio/VAD/vit-features/train/normal/industrial_normal_less/hd831_all__8.npy,Normal
Pistachio/VAD/vit-features/train/normal/industrial_normal_less/hd831_all__9.npy,Normal
Pistachio/VAD/vit-features/train/normal/industrial_normal_less/hd832_all__0.npy,Normal
Pistachio/VAD/vit-features/train/normal/industrial_normal_less/hd832_all__1.npy,Normal
Pistachio/VAD/vit-features/train/normal/industrial_normal_less/hd832_all__2.npy,Normal
Pistachio/VAD/vit-features/train/normal/industrial_normal_less/hd832_all__3.npy,Normal
Pistachio/VAD/vit-features/train/normal/industrial_normal_less/hd832_all__4.npy,Normal
Pistachio/VAD/vit-features/train/normal/industrial_normal_less/hd832_all__5.npy,Normal
Pistachio/VAD/vit-features/train/normal/industrial_normal_less/hd832_all__6.npy,Normal
Pistachio/VAD/vit-features/train/normal/industrial_normal_less/hd832_all__7.npy,Normal
Pistachio/VAD/vit-features/train/normal/industrial_normal_less/hd832_all__8.npy,Normal
Pistachio/VAD/vit-features/train/normal/industrial_normal_less/hd832_all__9.npy,Normal
Pistachio/VAD/vit-features/train/normal/industrial_normal_less/hd833_all__0.npy,Normal
Pistachio/VAD/vit-features/train/normal/industrial_normal_less/hd833_all__1.npy,Normal
Pistachio/VAD/vit-features/train/normal/industrial_normal_less/hd833_all__2.npy,Normal
Pistachio/VAD/vit-features/train/normal/industrial_normal_less/hd833_all__3.npy,Normal
Pistachio/VAD/vit-features/train/normal/industrial_normal_less/hd833_all__4.npy,Normal
Pistachio/VAD/vit-features/train/normal/industrial_normal_less/hd833_all__5.npy,Normal
Pistachio/VAD/vit-features/train/normal/industrial_normal_less/hd833_all__6.npy,Normal
Pistachio/VAD/vit-features/train/normal/industrial_normal_less/hd833_all__7.npy,Normal
Pistachio/VAD/vit-features/train/normal/industrial_normal_less/hd833_all__8.npy,Normal
Pistachio/VAD/vit-features/train/normal/industrial_normal_less/hd833_all__9.npy,Normal
Pistachio/VAD/vit-features/train/normal/industrial_normal_less/hd834_all__0.npy,Normal
Pistachio/VAD/vit-features/train/normal/industrial_normal_less/hd834_all__1.npy,Normal
Pistachio/VAD/vit-features/train/normal/industrial_normal_less/hd834_all__2.npy,Normal
Pistachio/VAD/vit-features/train/normal/industrial_normal_less/hd834_all__3.npy,Normal
Pistachio/VAD/vit-features/train/normal/industrial_normal_less/hd834_all__4.npy,Normal
Pistachio/VAD/vit-features/train/normal/industrial_normal_less/hd834_all__5.npy,Normal
Pistachio/VAD/vit-features/train/normal/industrial_normal_less/hd834_all__6.npy,Normal
Pistachio/VAD/vit-features/train/normal/industrial_normal_less/hd834_all__7.npy,Normal
Pistachio/VAD/vit-features/train/normal/industrial_normal_less/hd834_all__8.npy,Normal
Pistachio/VAD/vit-features/train/normal/industrial_normal_less/hd834_all__9.npy,Normal
Pistachio/VAD/vit-features/train/normal/industrial_normal_less/hd835_all__0.npy,Normal
Pistachio/VAD/vit-features/train/normal/industrial_normal_less/hd835_all__1.npy,Normal
Pistachio/VAD/vit-features/train/normal/industrial_normal_less/hd835_all__2.npy,Normal
Pistachio/VAD/vit-features/train/normal/industrial_normal_less/hd835_all__3.npy,Normal
Pistachio/VAD/vit-features/train/normal/industrial_normal_less/hd835_all__4.npy,Normal
Pistachio/VAD/vit-features/train/normal/industrial_normal_less/hd835_all__5.npy,Normal
Pistachio/VAD/vit-features/train/normal/industrial_normal_less/hd835_all__6.npy,Normal
Pistachio/VAD/vit-features/train/normal/industrial_normal_less/hd835_all__7.npy,Normal
Pistachio/VAD/vit-features/train/normal/industrial_normal_less/hd835_all__8.npy,Normal
Pistachio/VAD/vit-features/train/normal/industrial_normal_less/hd835_all__9.npy,Normal
Pistachio/VAD/vit-features/train/normal/industrial_normal_less/hd836_all__0.npy,Normal
Pistachio/VAD/vit-features/train/normal/industrial_normal_less/hd836_all__1.npy,Normal
Pistachio/VAD/vit-features/train/normal/industrial_normal_less/hd836_all__2.npy,Normal
Pistachio/VAD/vit-features/train/normal/industrial_normal_less/hd836_all__3.npy,Normal
Pistachio/VAD/vit-features/train/normal/industrial_normal_less/hd836_all__4.npy,Normal
Pistachio/VAD/vit-features/train/normal/industrial_normal_less/hd836_all__5.npy,Normal
Pistachio/VAD/vit-features/train/normal/industrial_normal_less/hd836_all__6.npy,Normal
Pistachio/VAD/vit-features/train/normal/industrial_normal_less/hd836_all__7.npy,Normal
Pistachio/VAD/vit-features/train/normal/industrial_normal_less/hd836_all__8.npy,Normal
Pistachio/VAD/vit-features/train/normal/industrial_normal_less/hd836_all__9.npy,Normal
Pistachio/VAD/vit-features/train/normal/industrial_normal_less/hd837_all__0.npy,Normal
Pistachio/VAD/vit-features/train/normal/industrial_normal_less/hd837_all__1.npy,Normal
Pistachio/VAD/vit-features/train/normal/industrial_normal_less/hd837_all__2.npy,Normal
Pistachio/VAD/vit-features/train/normal/industrial_normal_less/hd837_all__3.npy,Normal
Pistachio/VAD/vit-features/train/normal/industrial_normal_less/hd837_all__4.npy,Normal
Pistachio/VAD/vit-features/train/normal/industrial_normal_less/hd837_all__5.npy,Normal
Pistachio/VAD/vit-features/train/normal/industrial_normal_less/hd837_all__6.npy,Normal
Pistachio/VAD/vit-features/train/normal/industrial_normal_less/hd837_all__7.npy,Normal
Pistachio/VAD/vit-features/train/normal/industrial_normal_less/hd837_all__8.npy,Normal
Pistachio/VAD/vit-features/train/normal/industrial_normal_less/hd837_all__9.npy,Normal
Pistachio/VAD/vit-features/train/normal/industrial_normal_less/hd838_all__0.npy,Normal
Pistachio/VAD/vit-features/train/normal/industrial_normal_less/hd838_all__1.npy,Normal
Pistachio/VAD/vit-features/train/normal/industrial_normal_less/hd838_all__2.npy,Normal
Pistachio/VAD/vit-features/train/normal/industrial_normal_less/hd838_all__3.npy,Normal
Pistachio/VAD/vit-features/train/normal/industrial_normal_less/hd838_all__4.npy,Normal
Pistachio/VAD/vit-features/train/normal/industrial_normal_less/hd838_all__5.npy,Normal
Pistachio/VAD/vit-features/train/normal/industrial_normal_less/hd838_all__6.npy,Normal
Pistachio/VAD/vit-features/train/normal/industrial_normal_less/hd838_all__7.npy,Normal
Pistachio/VAD/vit-features/train/normal/industrial_normal_less/hd838_all__8.npy,Normal
Pistachio/VAD/vit-features/train/normal/industrial_normal_less/hd838_all__9.npy,Normal
Pistachio/VAD/vit-features/train/normal/industrial_normal_less/hd839_all__0.npy,Normal
Pistachio/VAD/vit-features/train/normal/industrial_normal_less/hd839_all__1.npy,Normal
Pistachio/VAD/vit-features/train/normal/industrial_normal_less/hd839_all__2.npy,Normal
Pistachio/VAD/vit-features/train/normal/industrial_normal_less/hd839_all__3.npy,Normal
Pistachio/VAD/vit-features/train/normal/industrial_normal_less/hd839_all__4.npy,Normal
Pistachio/VAD/vit-features/train/normal/industrial_normal_less/hd839_all__5.npy,Normal
Pistachio/VAD/vit-features/train/normal/industrial_normal_less/hd839_all__6.npy,Normal
Pistachio/VAD/vit-features/train/normal/industrial_normal_less/hd839_all__7.npy,Normal
Pistachio/VAD/vit-features/train/normal/industrial_normal_less/hd839_all__8.npy,Normal
Pistachio/VAD/vit-features/train/normal/industrial_normal_less/hd839_all__9.npy,Normal
Pistachio/VAD/vit-features/train/normal/industrial_normal_less/hd83_all__0.npy,Normal
Pistachio/VAD/vit-features/train/normal/industrial_normal_less/hd83_all__1.npy,Normal
Pistachio/VAD/vit-features/train/normal/industrial_normal_less/hd83_all__2.npy,Normal
Pistachio/VAD/vit-features/train/normal/industrial_normal_less/hd83_all__3.npy,Normal
Pistachio/VAD/vit-features/train/normal/industrial_normal_less/hd83_all__4.npy,Normal
Pistachio/VAD/vit-features/train/normal/industrial_normal_less/hd83_all__5.npy,Normal
Pistachio/VAD/vit-features/train/normal/industrial_normal_less/hd83_all__6.npy,Normal
Pistachio/VAD/vit-features/train/normal/industrial_normal_less/hd83_all__7.npy,Normal
Pistachio/VAD/vit-features/train/normal/industrial_normal_less/hd83_all__8.npy,Normal
Pistachio/VAD/vit-features/train/normal/industrial_normal_less/hd83_all__9.npy,Normal
Pistachio/VAD/vit-features/train/normal/industrial_normal_less/hd840_all__0.npy,Normal
Pistachio/VAD/vit-features/train/normal/industrial_normal_less/hd840_all__1.npy,Normal
Pistachio/VAD/vit-features/train/normal/industrial_normal_less/hd840_all__2.npy,Normal
Pistachio/VAD/vit-features/train/normal/industrial_normal_less/hd840_all__3.npy,Normal
Pistachio/VAD/vit-features/train/normal/industrial_normal_less/hd840_all__4.npy,Normal
Pistachio/VAD/vit-features/train/normal/industrial_normal_less/hd840_all__5.npy,Normal
Pistachio/VAD/vit-features/train/normal/industrial_normal_less/hd840_all__6.npy,Normal
Pistachio/VAD/vit-features/train/normal/industrial_normal_less/hd840_all__7.npy,Normal
Pistachio/VAD/vit-features/train/normal/industrial_normal_less/hd840_all__8.npy,Normal
Pistachio/VAD/vit-features/train/normal/industrial_normal_less/hd840_all__9.npy,Normal
Pistachio/VAD/vit-features/train/normal/industrial_normal_less/hd843_all__0.npy,Normal
Pistachio/VAD/vit-features/train/normal/industrial_normal_less/hd843_all__1.npy,Normal
Pistachio/VAD/vit-features/train/normal/industrial_normal_less/hd843_all__2.npy,Normal
Pistachio/VAD/vit-features/train/normal/industrial_normal_less/hd843_all__3.npy,Normal
Pistachio/VAD/vit-features/train/normal/industrial_normal_less/hd843_all__4.npy,Normal
Pistachio/VAD/vit-features/train/normal/industrial_normal_less/hd843_all__5.npy,Normal
Pistachio/VAD/vit-features/train/normal/industrial_normal_less/hd843_all__6.npy,Normal
Pistachio/VAD/vit-features/train/normal/industrial_normal_less/hd843_all__7.npy,Normal
Pistachio/VAD/vit-features/train/normal/industrial_normal_less/hd843_all__8.npy,Normal
Pistachio/VAD/vit-features/train/normal/industrial_normal_less/hd843_all__9.npy,Normal
Pistachio/VAD/vit-features/train/normal/industrial_normal_less/hd844_all__0.npy,Normal
Pistachio/VAD/vit-features/train/normal/industrial_normal_less/hd844_all__1.npy,Normal
Pistachio/VAD/vit-features/train/normal/industrial_normal_less/hd844_all__2.npy,Normal
Pistachio/VAD/vit-features/train/normal/industrial_normal_less/hd844_all__3.npy,Normal
Pistachio/VAD/vit-features/train/normal/industrial_normal_less/hd844_all__4.npy,Normal
Pistachio/VAD/vit-features/train/normal/industrial_normal_less/hd844_all__5.npy,Normal
Pistachio/VAD/vit-features/train/normal/industrial_normal_less/hd844_all__6.npy,Normal
Pistachio/VAD/vit-features/train/normal/industrial_normal_less/hd844_all__7.npy,Normal
Pistachio/VAD/vit-features/train/normal/industrial_normal_less/hd844_all__8.npy,Normal
Pistachio/VAD/vit-features/train/normal/industrial_normal_less/hd844_all__9.npy,Normal
Pistachio/VAD/vit-features/train/normal/industrial_normal_less/hd846_all__0.npy,Normal
Pistachio/VAD/vit-features/train/normal/industrial_normal_less/hd846_all__1.npy,Normal
Pistachio/VAD/vit-features/train/normal/industrial_normal_less/hd846_all__2.npy,Normal
Pistachio/VAD/vit-features/train/normal/industrial_normal_less/hd846_all__3.npy,Normal
Pistachio/VAD/vit-features/train/normal/industrial_normal_less/hd846_all__4.npy,Normal
Pistachio/VAD/vit-features/train/normal/industrial_normal_less/hd846_all__5.npy,Normal
Pistachio/VAD/vit-features/train/normal/industrial_normal_less/hd846_all__6.npy,Normal
Pistachio/VAD/vit-features/train/normal/industrial_normal_less/hd846_all__7.npy,Normal
Pistachio/VAD/vit-features/train/normal/industrial_normal_less/hd846_all__8.npy,Normal
Pistachio/VAD/vit-features/train/normal/industrial_normal_less/hd846_all__9.npy,Normal
Pistachio/VAD/vit-features/train/normal/industrial_normal_less/hd848_all__0.npy,Normal
Pistachio/VAD/vit-features/train/normal/industrial_normal_less/hd848_all__1.npy,Normal
Pistachio/VAD/vit-features/train/normal/industrial_normal_less/hd848_all__2.npy,Normal
Pistachio/VAD/vit-features/train/normal/industrial_normal_less/hd848_all__3.npy,Normal
Pistachio/VAD/vit-features/train/normal/industrial_normal_less/hd848_all__4.npy,Normal
Pistachio/VAD/vit-features/train/normal/industrial_normal_less/hd848_all__5.npy,Normal
Pistachio/VAD/vit-features/train/normal/industrial_normal_less/hd848_all__6.npy,Normal
Pistachio/VAD/vit-features/train/normal/industrial_normal_less/hd848_all__7.npy,Normal
Pistachio/VAD/vit-features/train/normal/industrial_normal_less/hd848_all__8.npy,Normal
Pistachio/VAD/vit-features/train/normal/industrial_normal_less/hd848_all__9.npy,Normal
Pistachio/VAD/vit-features/train/normal/industrial_normal_less/hd851_all__0.npy,Normal
Pistachio/VAD/vit-features/train/normal/industrial_normal_less/hd851_all__1.npy,Normal
Pistachio/VAD/vit-features/train/normal/industrial_normal_less/hd851_all__2.npy,Normal
Pistachio/VAD/vit-features/train/normal/industrial_normal_less/hd851_all__3.npy,Normal
Pistachio/VAD/vit-features/train/normal/industrial_normal_less/hd851_all__4.npy,Normal
Pistachio/VAD/vit-features/train/normal/industrial_normal_less/hd851_all__5.npy,Normal
Pistachio/VAD/vit-features/train/normal/industrial_normal_less/hd851_all__6.npy,Normal
Pistachio/VAD/vit-features/train/normal/industrial_normal_less/hd851_all__7.npy,Normal
Pistachio/VAD/vit-features/train/normal/industrial_normal_less/hd851_all__8.npy,Normal
Pistachio/VAD/vit-features/train/normal/industrial_normal_less/hd851_all__9.npy,Normal
Pistachio/VAD/vit-features/train/normal/industrial_normal_less/hd852_all__0.npy,Normal
Pistachio/VAD/vit-features/train/normal/industrial_normal_less/hd852_all__1.npy,Normal
Pistachio/VAD/vit-features/train/normal/industrial_normal_less/hd852_all__2.npy,Normal
Pistachio/VAD/vit-features/train/normal/industrial_normal_less/hd852_all__3.npy,Normal
Pistachio/VAD/vit-features/train/normal/industrial_normal_less/hd852_all__4.npy,Normal
Pistachio/VAD/vit-features/train/normal/industrial_normal_less/hd852_all__5.npy,Normal
Pistachio/VAD/vit-features/train/normal/industrial_normal_less/hd852_all__6.npy,Normal
Pistachio/VAD/vit-features/train/normal/industrial_normal_less/hd852_all__7.npy,Normal
Pistachio/VAD/vit-features/train/normal/industrial_normal_less/hd852_all__8.npy,Normal
Pistachio/VAD/vit-features/train/normal/industrial_normal_less/hd852_all__9.npy,Normal
Pistachio/VAD/vit-features/train/normal/industrial_normal_less/hd853_all__0.npy,Normal
Pistachio/VAD/vit-features/train/normal/industrial_normal_less/hd853_all__1.npy,Normal
Pistachio/VAD/vit-features/train/normal/industrial_normal_less/hd853_all__2.npy,Normal
Pistachio/VAD/vit-features/train/normal/industrial_normal_less/hd853_all__3.npy,Normal
Pistachio/VAD/vit-features/train/normal/industrial_normal_less/hd853_all__4.npy,Normal
Pistachio/VAD/vit-features/train/normal/industrial_normal_less/hd853_all__5.npy,Normal
Pistachio/VAD/vit-features/train/normal/industrial_normal_less/hd853_all__6.npy,Normal
Pistachio/VAD/vit-features/train/normal/industrial_normal_less/hd853_all__7.npy,Normal
Pistachio/VAD/vit-features/train/normal/industrial_normal_less/hd853_all__8.npy,Normal
Pistachio/VAD/vit-features/train/normal/industrial_normal_less/hd853_all__9.npy,Normal
Pistachio/VAD/vit-features/train/normal/industrial_normal_less/hd854_all__0.npy,Normal
Pistachio/VAD/vit-features/train/normal/industrial_normal_less/hd854_all__1.npy,Normal
Pistachio/VAD/vit-features/train/normal/industrial_normal_less/hd854_all__2.npy,Normal
Pistachio/VAD/vit-features/train/normal/industrial_normal_less/hd854_all__3.npy,Normal
Pistachio/VAD/vit-features/train/normal/industrial_normal_less/hd854_all__4.npy,Normal
Pistachio/VAD/vit-features/train/normal/industrial_normal_less/hd854_all__5.npy,Normal
Pistachio/VAD/vit-features/train/normal/industrial_normal_less/hd854_all__6.npy,Normal
Pistachio/VAD/vit-features/train/normal/industrial_normal_less/hd854_all__7.npy,Normal
Pistachio/VAD/vit-features/train/normal/industrial_normal_less/hd854_all__8.npy,Normal
Pistachio/VAD/vit-features/train/normal/industrial_normal_less/hd854_all__9.npy,Normal
Pistachio/VAD/vit-features/train/normal/industrial_normal_less/hd855_all__0.npy,Normal
Pistachio/VAD/vit-features/train/normal/industrial_normal_less/hd855_all__1.npy,Normal
Pistachio/VAD/vit-features/train/normal/industrial_normal_less/hd855_all__2.npy,Normal
Pistachio/VAD/vit-features/train/normal/industrial_normal_less/hd855_all__3.npy,Normal
Pistachio/VAD/vit-features/train/normal/industrial_normal_less/hd855_all__4.npy,Normal
Pistachio/VAD/vit-features/train/normal/industrial_normal_less/hd855_all__5.npy,Normal
Pistachio/VAD/vit-features/train/normal/industrial_normal_less/hd855_all__6.npy,Normal
Pistachio/VAD/vit-features/train/normal/industrial_normal_less/hd855_all__7.npy,Normal
Pistachio/VAD/vit-features/train/normal/industrial_normal_less/hd855_all__8.npy,Normal
Pistachio/VAD/vit-features/train/normal/industrial_normal_less/hd855_all__9.npy,Normal
Pistachio/VAD/vit-features/train/normal/industrial_normal_less/hd856_all__0.npy,Normal
Pistachio/VAD/vit-features/train/normal/industrial_normal_less/hd856_all__1.npy,Normal
Pistachio/VAD/vit-features/train/normal/industrial_normal_less/hd856_all__2.npy,Normal
Pistachio/VAD/vit-features/train/normal/industrial_normal_less/hd856_all__3.npy,Normal
Pistachio/VAD/vit-features/train/normal/industrial_normal_less/hd856_all__4.npy,Normal
Pistachio/VAD/vit-features/train/normal/industrial_normal_less/hd856_all__5.npy,Normal
Pistachio/VAD/vit-features/train/normal/industrial_normal_less/hd856_all__6.npy,Normal
Pistachio/VAD/vit-features/train/normal/industrial_normal_less/hd856_all__7.npy,Normal
Pistachio/VAD/vit-features/train/normal/industrial_normal_less/hd856_all__8.npy,Normal
Pistachio/VAD/vit-features/train/normal/industrial_normal_less/hd856_all__9.npy,Normal
Pistachio/VAD/vit-features/train/normal/industrial_normal_less/hd857_all__0.npy,Normal
Pistachio/VAD/vit-features/train/normal/industrial_normal_less/hd857_all__1.npy,Normal
Pistachio/VAD/vit-features/train/normal/industrial_normal_less/hd857_all__2.npy,Normal
Pistachio/VAD/vit-features/train/normal/industrial_normal_less/hd857_all__3.npy,Normal
Pistachio/VAD/vit-features/train/normal/industrial_normal_less/hd857_all__4.npy,Normal
Pistachio/VAD/vit-features/train/normal/industrial_normal_less/hd857_all__5.npy,Normal
Pistachio/VAD/vit-features/train/normal/industrial_normal_less/hd857_all__6.npy,Normal
Pistachio/VAD/vit-features/train/normal/industrial_normal_less/hd857_all__7.npy,Normal
Pistachio/VAD/vit-features/train/normal/industrial_normal_less/hd857_all__8.npy,Normal
Pistachio/VAD/vit-features/train/normal/industrial_normal_less/hd857_all__9.npy,Normal
Pistachio/VAD/vit-features/train/normal/industrial_normal_less/hd858_all__0.npy,Normal
Pistachio/VAD/vit-features/train/normal/industrial_normal_less/hd858_all__1.npy,Normal
Pistachio/VAD/vit-features/train/normal/industrial_normal_less/hd858_all__2.npy,Normal
Pistachio/VAD/vit-features/train/normal/industrial_normal_less/hd858_all__3.npy,Normal
Pistachio/VAD/vit-features/train/normal/industrial_normal_less/hd858_all__4.npy,Normal
Pistachio/VAD/vit-features/train/normal/industrial_normal_less/hd858_all__5.npy,Normal
Pistachio/VAD/vit-features/train/normal/industrial_normal_less/hd858_all__6.npy,Normal
Pistachio/VAD/vit-features/train/normal/industrial_normal_less/hd858_all__7.npy,Normal
Pistachio/VAD/vit-features/train/normal/industrial_normal_less/hd858_all__8.npy,Normal
Pistachio/VAD/vit-features/train/normal/industrial_normal_less/hd858_all__9.npy,Normal
Pistachio/VAD/vit-features/train/normal/industrial_normal_less/hd860_all__0.npy,Normal
Pistachio/VAD/vit-features/train/normal/industrial_normal_less/hd860_all__1.npy,Normal
Pistachio/VAD/vit-features/train/normal/industrial_normal_less/hd860_all__2.npy,Normal
Pistachio/VAD/vit-features/train/normal/industrial_normal_less/hd860_all__3.npy,Normal
Pistachio/VAD/vit-features/train/normal/industrial_normal_less/hd860_all__4.npy,Normal
Pistachio/VAD/vit-features/train/normal/industrial_normal_less/hd860_all__5.npy,Normal
Pistachio/VAD/vit-features/train/normal/industrial_normal_less/hd860_all__6.npy,Normal
Pistachio/VAD/vit-features/train/normal/industrial_normal_less/hd860_all__7.npy,Normal
Pistachio/VAD/vit-features/train/normal/industrial_normal_less/hd860_all__8.npy,Normal
Pistachio/VAD/vit-features/train/normal/industrial_normal_less/hd860_all__9.npy,Normal
Pistachio/VAD/vit-features/train/normal/industrial_normal_less/hd862_all__0.npy,Normal
Pistachio/VAD/vit-features/train/normal/industrial_normal_less/hd862_all__1.npy,Normal
Pistachio/VAD/vit-features/train/normal/industrial_normal_less/hd862_all__2.npy,Normal
Pistachio/VAD/vit-features/train/normal/industrial_normal_less/hd862_all__3.npy,Normal
Pistachio/VAD/vit-features/train/normal/industrial_normal_less/hd862_all__4.npy,Normal
Pistachio/VAD/vit-features/train/normal/industrial_normal_less/hd862_all__5.npy,Normal
Pistachio/VAD/vit-features/train/normal/industrial_normal_less/hd862_all__6.npy,Normal
Pistachio/VAD/vit-features/train/normal/industrial_normal_less/hd862_all__7.npy,Normal
Pistachio/VAD/vit-features/train/normal/industrial_normal_less/hd862_all__8.npy,Normal
Pistachio/VAD/vit-features/train/normal/industrial_normal_less/hd862_all__9.npy,Normal
Pistachio/VAD/vit-features/train/normal/industrial_normal_less/hd918_all__0.npy,Normal
Pistachio/VAD/vit-features/train/normal/industrial_normal_less/hd918_all__1.npy,Normal
Pistachio/VAD/vit-features/train/normal/industrial_normal_less/hd918_all__2.npy,Normal
Pistachio/VAD/vit-features/train/normal/industrial_normal_less/hd918_all__3.npy,Normal
Pistachio/VAD/vit-features/train/normal/industrial_normal_less/hd918_all__4.npy,Normal
Pistachio/VAD/vit-features/train/normal/industrial_normal_less/hd918_all__5.npy,Normal
Pistachio/VAD/vit-features/train/normal/industrial_normal_less/hd918_all__6.npy,Normal
Pistachio/VAD/vit-features/train/normal/industrial_normal_less/hd918_all__7.npy,Normal
Pistachio/VAD/vit-features/train/normal/industrial_normal_less/hd918_all__8.npy,Normal
Pistachio/VAD/vit-features/train/normal/industrial_normal_less/hd918_all__9.npy,Normal
Pistachio/VAD/vit-features/train/normal/industrial_normal_less/hd922_all__0.npy,Normal
Pistachio/VAD/vit-features/train/normal/industrial_normal_less/hd922_all__1.npy,Normal
Pistachio/VAD/vit-features/train/normal/industrial_normal_less/hd922_all__2.npy,Normal
Pistachio/VAD/vit-features/train/normal/industrial_normal_less/hd922_all__3.npy,Normal
Pistachio/VAD/vit-features/train/normal/industrial_normal_less/hd922_all__4.npy,Normal
Pistachio/VAD/vit-features/train/normal/industrial_normal_less/hd922_all__5.npy,Normal
Pistachio/VAD/vit-features/train/normal/industrial_normal_less/hd922_all__6.npy,Normal
Pistachio/VAD/vit-features/train/normal/industrial_normal_less/hd922_all__7.npy,Normal
Pistachio/VAD/vit-features/train/normal/industrial_normal_less/hd922_all__8.npy,Normal
Pistachio/VAD/vit-features/train/normal/industrial_normal_less/hd922_all__9.npy,Normal
Pistachio/VAD/vit-features/train/normal/industrial_normal_more/000000008997_all__0.npy,Normal
Pistachio/VAD/vit-features/train/normal/industrial_normal_more/000000008997_all__1.npy,Normal
Pistachio/VAD/vit-features/train/normal/industrial_normal_more/000000008997_all__2.npy,Normal
Pistachio/VAD/vit-features/train/normal/industrial_normal_more/000000008997_all__3.npy,Normal
Pistachio/VAD/vit-features/train/normal/industrial_normal_more/000000008997_all__4.npy,Normal
Pistachio/VAD/vit-features/train/normal/industrial_normal_more/000000008997_all__5.npy,Normal
Pistachio/VAD/vit-features/train/normal/industrial_normal_more/000000008997_all__6.npy,Normal
Pistachio/VAD/vit-features/train/normal/industrial_normal_more/000000008997_all__7.npy,Normal
Pistachio/VAD/vit-features/train/normal/industrial_normal_more/000000008997_all__8.npy,Normal
Pistachio/VAD/vit-features/train/normal/industrial_normal_more/000000008997_all__9.npy,Normal
Pistachio/VAD/vit-features/train/normal/industrial_normal_more/000000009152_all__0.npy,Normal
Pistachio/VAD/vit-features/train/normal/industrial_normal_more/000000009152_all__1.npy,Normal
Pistachio/VAD/vit-features/train/normal/industrial_normal_more/000000009152_all__2.npy,Normal
Pistachio/VAD/vit-features/train/normal/industrial_normal_more/000000009152_all__3.npy,Normal
Pistachio/VAD/vit-features/train/normal/industrial_normal_more/000000009152_all__4.npy,Normal
Pistachio/VAD/vit-features/train/normal/industrial_normal_more/000000009152_all__5.npy,Normal
Pistachio/VAD/vit-features/train/normal/industrial_normal_more/000000009152_all__6.npy,Normal
Pistachio/VAD/vit-features/train/normal/industrial_normal_more/000000009152_all__7.npy,Normal
Pistachio/VAD/vit-features/train/normal/industrial_normal_more/000000009152_all__8.npy,Normal
Pistachio/VAD/vit-features/train/normal/industrial_normal_more/000000009152_all__9.npy,Normal
Pistachio/VAD/vit-features/train/normal/industrial_normal_more/000000012035_all__0.npy,Normal
Pistachio/VAD/vit-features/train/normal/industrial_normal_more/000000012035_all__1.npy,Normal
Pistachio/VAD/vit-features/train/normal/industrial_normal_more/000000012035_all__2.npy,Normal
Pistachio/VAD/vit-features/train/normal/industrial_normal_more/000000012035_all__3.npy,Normal
Pistachio/VAD/vit-features/train/normal/industrial_normal_more/000000012035_all__4.npy,Normal
Pistachio/VAD/vit-features/train/normal/industrial_normal_more/000000012035_all__5.npy,Normal
Pistachio/VAD/vit-features/train/normal/industrial_normal_more/000000012035_all__6.npy,Normal
Pistachio/VAD/vit-features/train/normal/industrial_normal_more/000000012035_all__7.npy,Normal
Pistachio/VAD/vit-features/train/normal/industrial_normal_more/000000012035_all__8.npy,Normal
Pistachio/VAD/vit-features/train/normal/industrial_normal_more/000000012035_all__9.npy,Normal
Pistachio/VAD/vit-features/train/normal/industrial_normal_more/000000017575_all__0.npy,Normal
Pistachio/VAD/vit-features/train/normal/industrial_normal_more/000000017575_all__1.npy,Normal
Pistachio/VAD/vit-features/train/normal/industrial_normal_more/000000017575_all__2.npy,Normal
Pistachio/VAD/vit-features/train/normal/industrial_normal_more/000000017575_all__3.npy,Normal
Pistachio/VAD/vit-features/train/normal/industrial_normal_more/000000017575_all__4.npy,Normal
Pistachio/VAD/vit-features/train/normal/industrial_normal_more/000000017575_all__5.npy,Normal
Pistachio/VAD/vit-features/train/normal/industrial_normal_more/000000017575_all__6.npy,Normal
Pistachio/VAD/vit-features/train/normal/industrial_normal_more/000000017575_all__7.npy,Normal
Pistachio/VAD/vit-features/train/normal/industrial_normal_more/000000017575_all__8.npy,Normal
Pistachio/VAD/vit-features/train/normal/industrial_normal_more/000000017575_all__9.npy,Normal
Pistachio/VAD/vit-features/train/normal/industrial_normal_more/000000019389_all__0.npy,Normal
Pistachio/VAD/vit-features/train/normal/industrial_normal_more/000000019389_all__1.npy,Normal
Pistachio/VAD/vit-features/train/normal/industrial_normal_more/000000019389_all__2.npy,Normal
Pistachio/VAD/vit-features/train/normal/industrial_normal_more/000000019389_all__3.npy,Normal
Pistachio/VAD/vit-features/train/normal/industrial_normal_more/000000019389_all__4.npy,Normal
Pistachio/VAD/vit-features/train/normal/industrial_normal_more/000000019389_all__5.npy,Normal
Pistachio/VAD/vit-features/train/normal/industrial_normal_more/000000019389_all__6.npy,Normal
Pistachio/VAD/vit-features/train/normal/industrial_normal_more/000000019389_all__7.npy,Normal
Pistachio/VAD/vit-features/train/normal/industrial_normal_more/000000019389_all__8.npy,Normal
Pistachio/VAD/vit-features/train/normal/industrial_normal_more/000000019389_all__9.npy,Normal
Pistachio/VAD/vit-features/train/normal/industrial_normal_more/000000038700_all__0.npy,Normal
Pistachio/VAD/vit-features/train/normal/industrial_normal_more/000000038700_all__1.npy,Normal
Pistachio/VAD/vit-features/train/normal/industrial_normal_more/000000038700_all__2.npy,Normal
Pistachio/VAD/vit-features/train/normal/industrial_normal_more/000000038700_all__3.npy,Normal
Pistachio/VAD/vit-features/train/normal/industrial_normal_more/000000038700_all__4.npy,Normal
Pistachio/VAD/vit-features/train/normal/industrial_normal_more/000000038700_all__5.npy,Normal
Pistachio/VAD/vit-features/train/normal/industrial_normal_more/000000038700_all__6.npy,Normal
Pistachio/VAD/vit-features/train/normal/industrial_normal_more/000000038700_all__7.npy,Normal
Pistachio/VAD/vit-features/train/normal/industrial_normal_more/000000038700_all__8.npy,Normal
Pistachio/VAD/vit-features/train/normal/industrial_normal_more/000000038700_all__9.npy,Normal
Pistachio/VAD/vit-features/train/normal/industrial_normal_more/000000048404_all__0.npy,Normal
Pistachio/VAD/vit-features/train/normal/industrial_normal_more/000000048404_all__1.npy,Normal
Pistachio/VAD/vit-features/train/normal/industrial_normal_more/000000048404_all__2.npy,Normal
Pistachio/VAD/vit-features/train/normal/industrial_normal_more/000000048404_all__3.npy,Normal
Pistachio/VAD/vit-features/train/normal/industrial_normal_more/000000048404_all__4.npy,Normal
Pistachio/VAD/vit-features/train/normal/industrial_normal_more/000000048404_all__5.npy,Normal
Pistachio/VAD/vit-features/train/normal/industrial_normal_more/000000048404_all__6.npy,Normal
Pistachio/VAD/vit-features/train/normal/industrial_normal_more/000000048404_all__7.npy,Normal
Pistachio/VAD/vit-features/train/normal/industrial_normal_more/000000048404_all__8.npy,Normal
Pistachio/VAD/vit-features/train/normal/industrial_normal_more/000000048404_all__9.npy,Normal
Pistachio/VAD/vit-features/train/normal/industrial_normal_more/000000052552_all__0.npy,Normal
Pistachio/VAD/vit-features/train/normal/industrial_normal_more/000000052552_all__1.npy,Normal
Pistachio/VAD/vit-features/train/normal/industrial_normal_more/000000052552_all__2.npy,Normal
Pistachio/VAD/vit-features/train/normal/industrial_normal_more/000000052552_all__3.npy,Normal
Pistachio/VAD/vit-features/train/normal/industrial_normal_more/000000052552_all__4.npy,Normal
Pistachio/VAD/vit-features/train/normal/industrial_normal_more/000000052552_all__5.npy,Normal
Pistachio/VAD/vit-features/train/normal/industrial_normal_more/000000052552_all__6.npy,Normal
Pistachio/VAD/vit-features/train/normal/industrial_normal_more/000000052552_all__7.npy,Normal
Pistachio/VAD/vit-features/train/normal/industrial_normal_more/000000052552_all__8.npy,Normal
Pistachio/VAD/vit-features/train/normal/industrial_normal_more/000000052552_all__9.npy,Normal
Pistachio/VAD/vit-features/train/normal/industrial_normal_more/000000070141_all__0.npy,Normal
Pistachio/VAD/vit-features/train/normal/industrial_normal_more/000000070141_all__1.npy,Normal
Pistachio/VAD/vit-features/train/normal/industrial_normal_more/000000070141_all__2.npy,Normal
Pistachio/VAD/vit-features/train/normal/industrial_normal_more/000000070141_all__3.npy,Normal
Pistachio/VAD/vit-features/train/normal/industrial_normal_more/000000070141_all__4.npy,Normal
Pistachio/VAD/vit-features/train/normal/industrial_normal_more/000000070141_all__5.npy,Normal
Pistachio/VAD/vit-features/train/normal/industrial_normal_more/000000070141_all__6.npy,Normal
Pistachio/VAD/vit-features/train/normal/industrial_normal_more/000000070141_all__7.npy,Normal
Pistachio/VAD/vit-features/train/normal/industrial_normal_more/000000070141_all__8.npy,Normal
Pistachio/VAD/vit-features/train/normal/industrial_normal_more/000000070141_all__9.npy,Normal
Pistachio/VAD/vit-features/train/normal/industrial_normal_more/000000077636_all__0.npy,Normal
Pistachio/VAD/vit-features/train/normal/industrial_normal_more/000000077636_all__1.npy,Normal
Pistachio/VAD/vit-features/train/normal/industrial_normal_more/000000077636_all__2.npy,Normal
Pistachio/VAD/vit-features/train/normal/industrial_normal_more/000000077636_all__3.npy,Normal
Pistachio/VAD/vit-features/train/normal/industrial_normal_more/000000077636_all__4.npy,Normal
Pistachio/VAD/vit-features/train/normal/industrial_normal_more/000000077636_all__5.npy,Normal
Pistachio/VAD/vit-features/train/normal/industrial_normal_more/000000077636_all__6.npy,Normal
Pistachio/VAD/vit-features/train/normal/industrial_normal_more/000000077636_all__7.npy,Normal
Pistachio/VAD/vit-features/train/normal/industrial_normal_more/000000077636_all__8.npy,Normal
Pistachio/VAD/vit-features/train/normal/industrial_normal_more/000000077636_all__9.npy,Normal
Pistachio/VAD/vit-features/train/normal/industrial_normal_more/000000086028_all__0.npy,Normal
Pistachio/VAD/vit-features/train/normal/industrial_normal_more/000000086028_all__1.npy,Normal
Pistachio/VAD/vit-features/train/normal/industrial_normal_more/000000086028_all__2.npy,Normal
Pistachio/VAD/vit-features/train/normal/industrial_normal_more/000000086028_all__3.npy,Normal
Pistachio/VAD/vit-features/train/normal/industrial_normal_more/000000086028_all__4.npy,Normal
Pistachio/VAD/vit-features/train/normal/industrial_normal_more/000000086028_all__5.npy,Normal
Pistachio/VAD/vit-features/train/normal/industrial_normal_more/000000086028_all__6.npy,Normal
Pistachio/VAD/vit-features/train/normal/industrial_normal_more/000000086028_all__7.npy,Normal
Pistachio/VAD/vit-features/train/normal/industrial_normal_more/000000086028_all__8.npy,Normal
Pistachio/VAD/vit-features/train/normal/industrial_normal_more/000000086028_all__9.npy,Normal
Pistachio/VAD/vit-features/train/normal/industrial_normal_more/000000111540_all__0.npy,Normal
Pistachio/VAD/vit-features/train/normal/industrial_normal_more/000000111540_all__1.npy,Normal
Pistachio/VAD/vit-features/train/normal/industrial_normal_more/000000111540_all__2.npy,Normal
Pistachio/VAD/vit-features/train/normal/industrial_normal_more/000000111540_all__3.npy,Normal
Pistachio/VAD/vit-features/train/normal/industrial_normal_more/000000111540_all__4.npy,Normal
Pistachio/VAD/vit-features/train/normal/industrial_normal_more/000000111540_all__5.npy,Normal
Pistachio/VAD/vit-features/train/normal/industrial_normal_more/000000111540_all__6.npy,Normal
Pistachio/VAD/vit-features/train/normal/industrial_normal_more/000000111540_all__7.npy,Normal
Pistachio/VAD/vit-features/train/normal/industrial_normal_more/000000111540_all__8.npy,Normal
Pistachio/VAD/vit-features/train/normal/industrial_normal_more/000000111540_all__9.npy,Normal
Pistachio/VAD/vit-features/train/normal/industrial_normal_more/000000133177_all__0.npy,Normal
Pistachio/VAD/vit-features/train/normal/industrial_normal_more/000000133177_all__1.npy,Normal
Pistachio/VAD/vit-features/train/normal/industrial_normal_more/000000133177_all__2.npy,Normal
Pistachio/VAD/vit-features/train/normal/industrial_normal_more/000000133177_all__3.npy,Normal
Pistachio/VAD/vit-features/train/normal/industrial_normal_more/000000133177_all__4.npy,Normal
Pistachio/VAD/vit-features/train/normal/industrial_normal_more/000000133177_all__5.npy,Normal
Pistachio/VAD/vit-features/train/normal/industrial_normal_more/000000133177_all__6.npy,Normal
Pistachio/VAD/vit-features/train/normal/industrial_normal_more/000000133177_all__7.npy,Normal
Pistachio/VAD/vit-features/train/normal/industrial_normal_more/000000133177_all__8.npy,Normal
Pistachio/VAD/vit-features/train/normal/industrial_normal_more/000000133177_all__9.npy,Normal
Pistachio/VAD/vit-features/train/normal/industrial_normal_more/000000137084_all__0.npy,Normal
Pistachio/VAD/vit-features/train/normal/industrial_normal_more/000000137084_all__1.npy,Normal
Pistachio/VAD/vit-features/train/normal/industrial_normal_more/000000137084_all__2.npy,Normal
Pistachio/VAD/vit-features/train/normal/industrial_normal_more/000000137084_all__3.npy,Normal
Pistachio/VAD/vit-features/train/normal/industrial_normal_more/000000137084_all__4.npy,Normal
Pistachio/VAD/vit-features/train/normal/industrial_normal_more/000000137084_all__5.npy,Normal
Pistachio/VAD/vit-features/train/normal/industrial_normal_more/000000137084_all__6.npy,Normal
Pistachio/VAD/vit-features/train/normal/industrial_normal_more/000000137084_all__7.npy,Normal
Pistachio/VAD/vit-features/train/normal/industrial_normal_more/000000137084_all__8.npy,Normal
Pistachio/VAD/vit-features/train/normal/industrial_normal_more/000000137084_all__9.npy,Normal
Pistachio/VAD/vit-features/train/normal/industrial_normal_more/000000159221_all__0.npy,Normal
Pistachio/VAD/vit-features/train/normal/industrial_normal_more/000000159221_all__1.npy,Normal
Pistachio/VAD/vit-features/train/normal/industrial_normal_more/000000159221_all__2.npy,Normal
Pistachio/VAD/vit-features/train/normal/industrial_normal_more/000000159221_all__3.npy,Normal
Pistachio/VAD/vit-features/train/normal/industrial_normal_more/000000159221_all__4.npy,Normal
Pistachio/VAD/vit-features/train/normal/industrial_normal_more/000000159221_all__5.npy,Normal
Pistachio/VAD/vit-features/train/normal/industrial_normal_more/000000159221_all__6.npy,Normal
Pistachio/VAD/vit-features/train/normal/industrial_normal_more/000000159221_all__7.npy,Normal
Pistachio/VAD/vit-features/train/normal/industrial_normal_more/000000159221_all__8.npy,Normal
Pistachio/VAD/vit-features/train/normal/industrial_normal_more/000000159221_all__9.npy,Normal
Pistachio/VAD/vit-features/train/normal/industrial_normal_more/000000169542_all__0.npy,Normal
Pistachio/VAD/vit-features/train/normal/industrial_normal_more/000000169542_all__1.npy,Normal
Pistachio/VAD/vit-features/train/normal/industrial_normal_more/000000169542_all__2.npy,Normal
Pistachio/VAD/vit-features/train/normal/industrial_normal_more/000000169542_all__3.npy,Normal
Pistachio/VAD/vit-features/train/normal/industrial_normal_more/000000169542_all__4.npy,Normal
Pistachio/VAD/vit-features/train/normal/industrial_normal_more/000000169542_all__5.npy,Normal
Pistachio/VAD/vit-features/train/normal/industrial_normal_more/000000169542_all__6.npy,Normal
Pistachio/VAD/vit-features/train/normal/industrial_normal_more/000000169542_all__7.npy,Normal
Pistachio/VAD/vit-features/train/normal/industrial_normal_more/000000169542_all__8.npy,Normal
Pistachio/VAD/vit-features/train/normal/industrial_normal_more/000000169542_all__9.npy,Normal
Pistachio/VAD/vit-features/train/normal/industrial_normal_more/000000170258_all__0.npy,Normal
Pistachio/VAD/vit-features/train/normal/industrial_normal_more/000000170258_all__1.npy,Normal
Pistachio/VAD/vit-features/train/normal/industrial_normal_more/000000170258_all__2.npy,Normal
Pistachio/VAD/vit-features/train/normal/industrial_normal_more/000000170258_all__3.npy,Normal
Pistachio/VAD/vit-features/train/normal/industrial_normal_more/000000170258_all__4.npy,Normal
Pistachio/VAD/vit-features/train/normal/industrial_normal_more/000000170258_all__5.npy,Normal
Pistachio/VAD/vit-features/train/normal/industrial_normal_more/000000170258_all__6.npy,Normal
Pistachio/VAD/vit-features/train/normal/industrial_normal_more/000000170258_all__7.npy,Normal
Pistachio/VAD/vit-features/train/normal/industrial_normal_more/000000170258_all__8.npy,Normal
Pistachio/VAD/vit-features/train/normal/industrial_normal_more/000000170258_all__9.npy,Normal
Pistachio/VAD/vit-features/train/normal/industrial_normal_more/000000183326_all__0.npy,Normal
Pistachio/VAD/vit-features/train/normal/industrial_normal_more/000000183326_all__1.npy,Normal
Pistachio/VAD/vit-features/train/normal/industrial_normal_more/000000183326_all__2.npy,Normal
Pistachio/VAD/vit-features/train/normal/industrial_normal_more/000000183326_all__3.npy,Normal
Pistachio/VAD/vit-features/train/normal/industrial_normal_more/000000183326_all__4.npy,Normal
Pistachio/VAD/vit-features/train/normal/industrial_normal_more/000000183326_all__5.npy,Normal
Pistachio/VAD/vit-features/train/normal/industrial_normal_more/000000183326_all__6.npy,Normal
Pistachio/VAD/vit-features/train/normal/industrial_normal_more/000000183326_all__7.npy,Normal
Pistachio/VAD/vit-features/train/normal/industrial_normal_more/000000183326_all__8.npy,Normal
Pistachio/VAD/vit-features/train/normal/industrial_normal_more/000000183326_all__9.npy,Normal
Pistachio/VAD/vit-features/train/normal/industrial_normal_more/000000188680_all__0.npy,Normal
Pistachio/VAD/vit-features/train/normal/industrial_normal_more/000000188680_all__1.npy,Normal
Pistachio/VAD/vit-features/train/normal/industrial_normal_more/000000188680_all__2.npy,Normal
Pistachio/VAD/vit-features/train/normal/industrial_normal_more/000000188680_all__3.npy,Normal
Pistachio/VAD/vit-features/train/normal/industrial_normal_more/000000188680_all__4.npy,Normal
Pistachio/VAD/vit-features/train/normal/industrial_normal_more/000000188680_all__5.npy,Normal
Pistachio/VAD/vit-features/train/normal/industrial_normal_more/000000188680_all__6.npy,Normal
Pistachio/VAD/vit-features/train/normal/industrial_normal_more/000000188680_all__7.npy,Normal
Pistachio/VAD/vit-features/train/normal/industrial_normal_more/000000188680_all__8.npy,Normal
Pistachio/VAD/vit-features/train/normal/industrial_normal_more/000000188680_all__9.npy,Normal
Pistachio/VAD/vit-features/train/normal/industrial_normal_more/000000190725_all__0.npy,Normal
Pistachio/VAD/vit-features/train/normal/industrial_normal_more/000000190725_all__1.npy,Normal
Pistachio/VAD/vit-features/train/normal/industrial_normal_more/000000190725_all__2.npy,Normal
Pistachio/VAD/vit-features/train/normal/industrial_normal_more/000000190725_all__3.npy,Normal
Pistachio/VAD/vit-features/train/normal/industrial_normal_more/000000190725_all__4.npy,Normal
Pistachio/VAD/vit-features/train/normal/industrial_normal_more/000000190725_all__5.npy,Normal
Pistachio/VAD/vit-features/train/normal/industrial_normal_more/000000190725_all__6.npy,Normal
Pistachio/VAD/vit-features/train/normal/industrial_normal_more/000000190725_all__7.npy,Normal
Pistachio/VAD/vit-features/train/normal/industrial_normal_more/000000190725_all__8.npy,Normal
Pistachio/VAD/vit-features/train/normal/industrial_normal_more/000000190725_all__9.npy,Normal
Pistachio/VAD/vit-features/train/normal/industrial_normal_more/000000192404_all__0.npy,Normal
Pistachio/VAD/vit-features/train/normal/industrial_normal_more/000000192404_all__1.npy,Normal
Pistachio/VAD/vit-features/train/normal/industrial_normal_more/000000192404_all__2.npy,Normal
Pistachio/VAD/vit-features/train/normal/industrial_normal_more/000000192404_all__3.npy,Normal
Pistachio/VAD/vit-features/train/normal/industrial_normal_more/000000192404_all__4.npy,Normal
Pistachio/VAD/vit-features/train/normal/industrial_normal_more/000000192404_all__5.npy,Normal
Pistachio/VAD/vit-features/train/normal/industrial_normal_more/000000192404_all__6.npy,Normal
Pistachio/VAD/vit-features/train/normal/industrial_normal_more/000000192404_all__7.npy,Normal
Pistachio/VAD/vit-features/train/normal/industrial_normal_more/000000192404_all__8.npy,Normal
Pistachio/VAD/vit-features/train/normal/industrial_normal_more/000000192404_all__9.npy,Normal
Pistachio/VAD/vit-features/train/normal/industrial_normal_more/000000195040_all__0.npy,Normal
Pistachio/VAD/vit-features/train/normal/industrial_normal_more/000000195040_all__1.npy,Normal
Pistachio/VAD/vit-features/train/normal/industrial_normal_more/000000195040_all__2.npy,Normal
Pistachio/VAD/vit-features/train/normal/industrial_normal_more/000000195040_all__3.npy,Normal
Pistachio/VAD/vit-features/train/normal/industrial_normal_more/000000195040_all__4.npy,Normal
Pistachio/VAD/vit-features/train/normal/industrial_normal_more/000000195040_all__5.npy,Normal
Pistachio/VAD/vit-features/train/normal/industrial_normal_more/000000195040_all__6.npy,Normal
Pistachio/VAD/vit-features/train/normal/industrial_normal_more/000000195040_all__7.npy,Normal
Pistachio/VAD/vit-features/train/normal/industrial_normal_more/000000195040_all__8.npy,Normal
Pistachio/VAD/vit-features/train/normal/industrial_normal_more/000000195040_all__9.npy,Normal
Pistachio/VAD/vit-features/train/normal/industrial_normal_more/000000206500_all__0.npy,Normal
Pistachio/VAD/vit-features/train/normal/industrial_normal_more/000000206500_all__1.npy,Normal
Pistachio/VAD/vit-features/train/normal/industrial_normal_more/000000206500_all__2.npy,Normal
Pistachio/VAD/vit-features/train/normal/industrial_normal_more/000000206500_all__3.npy,Normal
Pistachio/VAD/vit-features/train/normal/industrial_normal_more/000000206500_all__4.npy,Normal
Pistachio/VAD/vit-features/train/normal/industrial_normal_more/000000206500_all__5.npy,Normal
Pistachio/VAD/vit-features/train/normal/industrial_normal_more/000000206500_all__6.npy,Normal
Pistachio/VAD/vit-features/train/normal/industrial_normal_more/000000206500_all__7.npy,Normal
Pistachio/VAD/vit-features/train/normal/industrial_normal_more/000000206500_all__8.npy,Normal
Pistachio/VAD/vit-features/train/normal/industrial_normal_more/000000206500_all__9.npy,Normal
Pistachio/VAD/vit-features/train/normal/industrial_normal_more/000000210328_all__0.npy,Normal
Pistachio/VAD/vit-features/train/normal/industrial_normal_more/000000210328_all__1.npy,Normal
Pistachio/VAD/vit-features/train/normal/industrial_normal_more/000000210328_all__2.npy,Normal
Pistachio/VAD/vit-features/train/normal/industrial_normal_more/000000210328_all__3.npy,Normal
Pistachio/VAD/vit-features/train/normal/industrial_normal_more/000000210328_all__4.npy,Normal
Pistachio/VAD/vit-features/train/normal/industrial_normal_more/000000210328_all__5.npy,Normal
Pistachio/VAD/vit-features/train/normal/industrial_normal_more/000000210328_all__6.npy,Normal
Pistachio/VAD/vit-features/train/normal/industrial_normal_more/000000210328_all__7.npy,Normal
Pistachio/VAD/vit-features/train/normal/industrial_normal_more/000000210328_all__8.npy,Normal
Pistachio/VAD/vit-features/train/normal/industrial_normal_more/000000210328_all__9.npy,Normal
Pistachio/VAD/vit-features/train/normal/industrial_normal_more/000000230198_all__0.npy,Normal
Pistachio/VAD/vit-features/train/normal/industrial_normal_more/000000230198_all__1.npy,Normal
Pistachio/VAD/vit-features/train/normal/industrial_normal_more/000000230198_all__2.npy,Normal
Pistachio/VAD/vit-features/train/normal/industrial_normal_more/000000230198_all__3.npy,Normal
Pistachio/VAD/vit-features/train/normal/industrial_normal_more/000000230198_all__4.npy,Normal
Pistachio/VAD/vit-features/train/normal/industrial_normal_more/000000230198_all__5.npy,Normal
Pistachio/VAD/vit-features/train/normal/industrial_normal_more/000000230198_all__6.npy,Normal
Pistachio/VAD/vit-features/train/normal/industrial_normal_more/000000230198_all__7.npy,Normal
Pistachio/VAD/vit-features/train/normal/industrial_normal_more/000000230198_all__8.npy,Normal
Pistachio/VAD/vit-features/train/normal/industrial_normal_more/000000230198_all__9.npy,Normal
Pistachio/VAD/vit-features/train/normal/industrial_normal_more/000000240103_all__0.npy,Normal
Pistachio/VAD/vit-features/train/normal/industrial_normal_more/000000240103_all__1.npy,Normal
Pistachio/VAD/vit-features/train/normal/industrial_normal_more/000000240103_all__2.npy,Normal
Pistachio/VAD/vit-features/train/normal/industrial_normal_more/000000240103_all__3.npy,Normal
Pistachio/VAD/vit-features/train/normal/industrial_normal_more/000000240103_all__4.npy,Normal
Pistachio/VAD/vit-features/train/normal/industrial_normal_more/000000240103_all__5.npy,Normal
Pistachio/VAD/vit-features/train/normal/industrial_normal_more/000000240103_all__6.npy,Normal
Pistachio/VAD/vit-features/train/normal/industrial_normal_more/000000240103_all__7.npy,Normal
Pistachio/VAD/vit-features/train/normal/industrial_normal_more/000000240103_all__8.npy,Normal
Pistachio/VAD/vit-features/train/normal/industrial_normal_more/000000240103_all__9.npy,Normal
Pistachio/VAD/vit-features/train/normal/industrial_normal_more/000000252578_all__0.npy,Normal
Pistachio/VAD/vit-features/train/normal/industrial_normal_more/000000252578_all__1.npy,Normal
Pistachio/VAD/vit-features/train/normal/industrial_normal_more/000000252578_all__2.npy,Normal
Pistachio/VAD/vit-features/train/normal/industrial_normal_more/000000252578_all__3.npy,Normal
Pistachio/VAD/vit-features/train/normal/industrial_normal_more/000000252578_all__4.npy,Normal
Pistachio/VAD/vit-features/train/normal/industrial_normal_more/000000252578_all__5.npy,Normal
Pistachio/VAD/vit-features/train/normal/industrial_normal_more/000000252578_all__6.npy,Normal
Pistachio/VAD/vit-features/train/normal/industrial_normal_more/000000252578_all__7.npy,Normal
Pistachio/VAD/vit-features/train/normal/industrial_normal_more/000000252578_all__8.npy,Normal
Pistachio/VAD/vit-features/train/normal/industrial_normal_more/000000252578_all__9.npy,Normal
Pistachio/VAD/vit-features/train/normal/industrial_normal_more/000000252663_all__0.npy,Normal
Pistachio/VAD/vit-features/train/normal/industrial_normal_more/000000252663_all__1.npy,Normal
Pistachio/VAD/vit-features/train/normal/industrial_normal_more/000000252663_all__2.npy,Normal
Pistachio/VAD/vit-features/train/normal/industrial_normal_more/000000252663_all__3.npy,Normal
Pistachio/VAD/vit-features/train/normal/industrial_normal_more/000000252663_all__4.npy,Normal
Pistachio/VAD/vit-features/train/normal/industrial_normal_more/000000252663_all__5.npy,Normal
Pistachio/VAD/vit-features/train/normal/industrial_normal_more/000000252663_all__6.npy,Normal
Pistachio/VAD/vit-features/train/normal/industrial_normal_more/000000252663_all__7.npy,Normal
Pistachio/VAD/vit-features/train/normal/industrial_normal_more/000000252663_all__8.npy,Normal
Pistachio/VAD/vit-features/train/normal/industrial_normal_more/000000252663_all__9.npy,Normal
Pistachio/VAD/vit-features/train/normal/industrial_normal_more/000000259780_all__0.npy,Normal
Pistachio/VAD/vit-features/train/normal/industrial_normal_more/000000259780_all__1.npy,Normal
Pistachio/VAD/vit-features/train/normal/industrial_normal_more/000000259780_all__2.npy,Normal
Pistachio/VAD/vit-features/train/normal/industrial_normal_more/000000259780_all__3.npy,Normal
Pistachio/VAD/vit-features/train/normal/industrial_normal_more/000000259780_all__4.npy,Normal
Pistachio/VAD/vit-features/train/normal/industrial_normal_more/000000259780_all__5.npy,Normal
Pistachio/VAD/vit-features/train/normal/industrial_normal_more/000000259780_all__6.npy,Normal
Pistachio/VAD/vit-features/train/normal/industrial_normal_more/000000259780_all__7.npy,Normal
Pistachio/VAD/vit-features/train/normal/industrial_normal_more/000000259780_all__8.npy,Normal
Pistachio/VAD/vit-features/train/normal/industrial_normal_more/000000259780_all__9.npy,Normal
Pistachio/VAD/vit-features/train/normal/industrial_normal_more/000000271995_all__0.npy,Normal
Pistachio/VAD/vit-features/train/normal/industrial_normal_more/000000271995_all__1.npy,Normal
Pistachio/VAD/vit-features/train/normal/industrial_normal_more/000000271995_all__2.npy,Normal
Pistachio/VAD/vit-features/train/normal/industrial_normal_more/000000271995_all__3.npy,Normal
Pistachio/VAD/vit-features/train/normal/industrial_normal_more/000000271995_all__4.npy,Normal
Pistachio/VAD/vit-features/train/normal/industrial_normal_more/000000271995_all__5.npy,Normal
Pistachio/VAD/vit-features/train/normal/industrial_normal_more/000000271995_all__6.npy,Normal
Pistachio/VAD/vit-features/train/normal/industrial_normal_more/000000271995_all__7.npy,Normal
Pistachio/VAD/vit-features/train/normal/industrial_normal_more/000000271995_all__8.npy,Normal
Pistachio/VAD/vit-features/train/normal/industrial_normal_more/000000271995_all__9.npy,Normal
Pistachio/VAD/vit-features/train/normal/industrial_normal_more/000000284537_all__0.npy,Normal
Pistachio/VAD/vit-features/train/normal/industrial_normal_more/000000284537_all__1.npy,Normal
Pistachio/VAD/vit-features/train/normal/industrial_normal_more/000000284537_all__2.npy,Normal
Pistachio/VAD/vit-features/train/normal/industrial_normal_more/000000284537_all__3.npy,Normal
Pistachio/VAD/vit-features/train/normal/industrial_normal_more/000000284537_all__4.npy,Normal
Pistachio/VAD/vit-features/train/normal/industrial_normal_more/000000284537_all__5.npy,Normal
Pistachio/VAD/vit-features/train/normal/industrial_normal_more/000000284537_all__6.npy,Normal
Pistachio/VAD/vit-features/train/normal/industrial_normal_more/000000284537_all__7.npy,Normal
Pistachio/VAD/vit-features/train/normal/industrial_normal_more/000000284537_all__8.npy,Normal
Pistachio/VAD/vit-features/train/normal/industrial_normal_more/000000284537_all__9.npy,Normal
Pistachio/VAD/vit-features/train/normal/industrial_normal_more/000000292261_all__0.npy,Normal
Pistachio/VAD/vit-features/train/normal/industrial_normal_more/000000292261_all__1.npy,Normal
Pistachio/VAD/vit-features/train/normal/industrial_normal_more/000000292261_all__2.npy,Normal
Pistachio/VAD/vit-features/train/normal/industrial_normal_more/000000292261_all__3.npy,Normal
Pistachio/VAD/vit-features/train/normal/industrial_normal_more/000000292261_all__4.npy,Normal
Pistachio/VAD/vit-features/train/normal/industrial_normal_more/000000292261_all__5.npy,Normal
Pistachio/VAD/vit-features/train/normal/industrial_normal_more/000000292261_all__6.npy,Normal
Pistachio/VAD/vit-features/train/normal/industrial_normal_more/000000292261_all__7.npy,Normal
Pistachio/VAD/vit-features/train/normal/industrial_normal_more/000000292261_all__8.npy,Normal
Pistachio/VAD/vit-features/train/normal/industrial_normal_more/000000292261_all__9.npy,Normal
Pistachio/VAD/vit-features/train/normal/industrial_normal_more/000000298785_all__0.npy,Normal
Pistachio/VAD/vit-features/train/normal/industrial_normal_more/000000298785_all__1.npy,Normal
Pistachio/VAD/vit-features/train/normal/industrial_normal_more/000000298785_all__2.npy,Normal
Pistachio/VAD/vit-features/train/normal/industrial_normal_more/000000298785_all__3.npy,Normal
Pistachio/VAD/vit-features/train/normal/industrial_normal_more/000000298785_all__4.npy,Normal
Pistachio/VAD/vit-features/train/normal/industrial_normal_more/000000298785_all__5.npy,Normal
Pistachio/VAD/vit-features/train/normal/industrial_normal_more/000000298785_all__6.npy,Normal
Pistachio/VAD/vit-features/train/normal/industrial_normal_more/000000298785_all__7.npy,Normal
Pistachio/VAD/vit-features/train/normal/industrial_normal_more/000000298785_all__8.npy,Normal
Pistachio/VAD/vit-features/train/normal/industrial_normal_more/000000298785_all__9.npy,Normal
Pistachio/VAD/vit-features/train/normal/industrial_normal_more/000000299627_all__0.npy,Normal
Pistachio/VAD/vit-features/train/normal/industrial_normal_more/000000299627_all__1.npy,Normal
Pistachio/VAD/vit-features/train/normal/industrial_normal_more/000000299627_all__2.npy,Normal
Pistachio/VAD/vit-features/train/normal/industrial_normal_more/000000299627_all__3.npy,Normal
Pistachio/VAD/vit-features/train/normal/industrial_normal_more/000000299627_all__4.npy,Normal
Pistachio/VAD/vit-features/train/normal/industrial_normal_more/000000299627_all__5.npy,Normal
Pistachio/VAD/vit-features/train/normal/industrial_normal_more/000000299627_all__6.npy,Normal
Pistachio/VAD/vit-features/train/normal/industrial_normal_more/000000299627_all__7.npy,Normal
Pistachio/VAD/vit-features/train/normal/industrial_normal_more/000000299627_all__8.npy,Normal
Pistachio/VAD/vit-features/train/normal/industrial_normal_more/000000299627_all__9.npy,Normal
Pistachio/VAD/vit-features/train/normal/industrial_normal_more/000000301907_all__0.npy,Normal
Pistachio/VAD/vit-features/train/normal/industrial_normal_more/000000301907_all__1.npy,Normal
Pistachio/VAD/vit-features/train/normal/industrial_normal_more/000000301907_all__2.npy,Normal
Pistachio/VAD/vit-features/train/normal/industrial_normal_more/000000301907_all__3.npy,Normal
Pistachio/VAD/vit-features/train/normal/industrial_normal_more/000000301907_all__4.npy,Normal
Pistachio/VAD/vit-features/train/normal/industrial_normal_more/000000301907_all__5.npy,Normal
Pistachio/VAD/vit-features/train/normal/industrial_normal_more/000000301907_all__6.npy,Normal
Pistachio/VAD/vit-features/train/normal/industrial_normal_more/000000301907_all__7.npy,Normal
Pistachio/VAD/vit-features/train/normal/industrial_normal_more/000000301907_all__8.npy,Normal
Pistachio/VAD/vit-features/train/normal/industrial_normal_more/000000301907_all__9.npy,Normal
Pistachio/VAD/vit-features/train/normal/industrial_normal_more/000000306888_all__0.npy,Normal
Pistachio/VAD/vit-features/train/normal/industrial_normal_more/000000306888_all__1.npy,Normal
Pistachio/VAD/vit-features/train/normal/industrial_normal_more/000000306888_all__2.npy,Normal
Pistachio/VAD/vit-features/train/normal/industrial_normal_more/000000306888_all__3.npy,Normal
Pistachio/VAD/vit-features/train/normal/industrial_normal_more/000000306888_all__4.npy,Normal
Pistachio/VAD/vit-features/train/normal/industrial_normal_more/000000306888_all__5.npy,Normal
Pistachio/VAD/vit-features/train/normal/industrial_normal_more/000000306888_all__6.npy,Normal
Pistachio/VAD/vit-features/train/normal/industrial_normal_more/000000306888_all__7.npy,Normal
Pistachio/VAD/vit-features/train/normal/industrial_normal_more/000000306888_all__8.npy,Normal
Pistachio/VAD/vit-features/train/normal/industrial_normal_more/000000306888_all__9.npy,Normal
Pistachio/VAD/vit-features/train/normal/industrial_normal_more/000000345723_all__0.npy,Normal
Pistachio/VAD/vit-features/train/normal/industrial_normal_more/000000345723_all__1.npy,Normal
Pistachio/VAD/vit-features/train/normal/industrial_normal_more/000000345723_all__2.npy,Normal
Pistachio/VAD/vit-features/train/normal/industrial_normal_more/000000345723_all__3.npy,Normal
Pistachio/VAD/vit-features/train/normal/industrial_normal_more/000000345723_all__4.npy,Normal
Pistachio/VAD/vit-features/train/normal/industrial_normal_more/000000345723_all__5.npy,Normal
Pistachio/VAD/vit-features/train/normal/industrial_normal_more/000000345723_all__6.npy,Normal
Pistachio/VAD/vit-features/train/normal/industrial_normal_more/000000345723_all__7.npy,Normal
Pistachio/VAD/vit-features/train/normal/industrial_normal_more/000000345723_all__8.npy,Normal
Pistachio/VAD/vit-features/train/normal/industrial_normal_more/000000345723_all__9.npy,Normal
Pistachio/VAD/vit-features/train/normal/industrial_normal_more/000000345794_all__0.npy,Normal
Pistachio/VAD/vit-features/train/normal/industrial_normal_more/000000345794_all__1.npy,Normal
Pistachio/VAD/vit-features/train/normal/industrial_normal_more/000000345794_all__2.npy,Normal
Pistachio/VAD/vit-features/train/normal/industrial_normal_more/000000345794_all__3.npy,Normal
Pistachio/VAD/vit-features/train/normal/industrial_normal_more/000000345794_all__4.npy,Normal
Pistachio/VAD/vit-features/train/normal/industrial_normal_more/000000345794_all__5.npy,Normal
Pistachio/VAD/vit-features/train/normal/industrial_normal_more/000000345794_all__6.npy,Normal
Pistachio/VAD/vit-features/train/normal/industrial_normal_more/000000345794_all__7.npy,Normal
Pistachio/VAD/vit-features/train/normal/industrial_normal_more/000000345794_all__8.npy,Normal
Pistachio/VAD/vit-features/train/normal/industrial_normal_more/000000345794_all__9.npy,Normal
Pistachio/VAD/vit-features/train/normal/industrial_normal_more/000000356497_all__0.npy,Normal
Pistachio/VAD/vit-features/train/normal/industrial_normal_more/000000356497_all__1.npy,Normal
Pistachio/VAD/vit-features/train/normal/industrial_normal_more/000000356497_all__2.npy,Normal
Pistachio/VAD/vit-features/train/normal/industrial_normal_more/000000356497_all__3.npy,Normal
Pistachio/VAD/vit-features/train/normal/industrial_normal_more/000000356497_all__4.npy,Normal
Pistachio/VAD/vit-features/train/normal/industrial_normal_more/000000356497_all__5.npy,Normal
Pistachio/VAD/vit-features/train/normal/industrial_normal_more/000000356497_all__6.npy,Normal
Pistachio/VAD/vit-features/train/normal/industrial_normal_more/000000356497_all__7.npy,Normal
Pistachio/VAD/vit-features/train/normal/industrial_normal_more/000000356497_all__8.npy,Normal
Pistachio/VAD/vit-features/train/normal/industrial_normal_more/000000356497_all__9.npy,Normal
Pistachio/VAD/vit-features/train/normal/industrial_normal_more/000000358602_all__0.npy,Normal
Pistachio/VAD/vit-features/train/normal/industrial_normal_more/000000358602_all__1.npy,Normal
Pistachio/VAD/vit-features/train/normal/industrial_normal_more/000000358602_all__2.npy,Normal
Pistachio/VAD/vit-features/train/normal/industrial_normal_more/000000358602_all__3.npy,Normal
Pistachio/VAD/vit-features/train/normal/industrial_normal_more/000000358602_all__4.npy,Normal
Pistachio/VAD/vit-features/train/normal/industrial_normal_more/000000358602_all__5.npy,Normal
Pistachio/VAD/vit-features/train/normal/industrial_normal_more/000000358602_all__6.npy,Normal
Pistachio/VAD/vit-features/train/normal/industrial_normal_more/000000358602_all__7.npy,Normal
Pistachio/VAD/vit-features/train/normal/industrial_normal_more/000000358602_all__8.npy,Normal
Pistachio/VAD/vit-features/train/normal/industrial_normal_more/000000358602_all__9.npy,Normal
Pistachio/VAD/vit-features/train/normal/industrial_normal_more/000000360272_all__0.npy,Normal
Pistachio/VAD/vit-features/train/normal/industrial_normal_more/000000360272_all__1.npy,Normal
Pistachio/VAD/vit-features/train/normal/industrial_normal_more/000000360272_all__2.npy,Normal
Pistachio/VAD/vit-features/train/normal/industrial_normal_more/000000360272_all__3.npy,Normal
Pistachio/VAD/vit-features/train/normal/industrial_normal_more/000000360272_all__4.npy,Normal
Pistachio/VAD/vit-features/train/normal/industrial_normal_more/000000360272_all__5.npy,Normal
Pistachio/VAD/vit-features/train/normal/industrial_normal_more/000000360272_all__6.npy,Normal
Pistachio/VAD/vit-features/train/normal/industrial_normal_more/000000360272_all__7.npy,Normal
Pistachio/VAD/vit-features/train/normal/industrial_normal_more/000000360272_all__8.npy,Normal
Pistachio/VAD/vit-features/train/normal/industrial_normal_more/000000360272_all__9.npy,Normal
Pistachio/VAD/vit-features/train/normal/industrial_normal_more/000000360875_all__0.npy,Normal
Pistachio/VAD/vit-features/train/normal/industrial_normal_more/000000360875_all__1.npy,Normal
Pistachio/VAD/vit-features/train/normal/industrial_normal_more/000000360875_all__2.npy,Normal
Pistachio/VAD/vit-features/train/normal/industrial_normal_more/000000360875_all__3.npy,Normal
Pistachio/VAD/vit-features/train/normal/industrial_normal_more/000000360875_all__4.npy,Normal
Pistachio/VAD/vit-features/train/normal/industrial_normal_more/000000360875_all__5.npy,Normal
Pistachio/VAD/vit-features/train/normal/industrial_normal_more/000000360875_all__6.npy,Normal
Pistachio/VAD/vit-features/train/normal/industrial_normal_more/000000360875_all__7.npy,Normal
Pistachio/VAD/vit-features/train/normal/industrial_normal_more/000000360875_all__8.npy,Normal
Pistachio/VAD/vit-features/train/normal/industrial_normal_more/000000360875_all__9.npy,Normal
Pistachio/VAD/vit-features/train/normal/industrial_normal_more/000000361187_all__0.npy,Normal
Pistachio/VAD/vit-features/train/normal/industrial_normal_more/000000361187_all__1.npy,Normal
Pistachio/VAD/vit-features/train/normal/industrial_normal_more/000000361187_all__2.npy,Normal
Pistachio/VAD/vit-features/train/normal/industrial_normal_more/000000361187_all__3.npy,Normal
Pistachio/VAD/vit-features/train/normal/industrial_normal_more/000000361187_all__4.npy,Normal
Pistachio/VAD/vit-features/train/normal/industrial_normal_more/000000361187_all__5.npy,Normal
Pistachio/VAD/vit-features/train/normal/industrial_normal_more/000000361187_all__6.npy,Normal
Pistachio/VAD/vit-features/train/normal/industrial_normal_more/000000361187_all__7.npy,Normal
Pistachio/VAD/vit-features/train/normal/industrial_normal_more/000000361187_all__8.npy,Normal
Pistachio/VAD/vit-features/train/normal/industrial_normal_more/000000361187_all__9.npy,Normal
Pistachio/VAD/vit-features/train/normal/industrial_normal_more/000000377247_all__0.npy,Normal
Pistachio/VAD/vit-features/train/normal/industrial_normal_more/000000377247_all__1.npy,Normal
Pistachio/VAD/vit-features/train/normal/industrial_normal_more/000000377247_all__2.npy,Normal
Pistachio/VAD/vit-features/train/normal/industrial_normal_more/000000377247_all__3.npy,Normal
Pistachio/VAD/vit-features/train/normal/industrial_normal_more/000000377247_all__4.npy,Normal
Pistachio/VAD/vit-features/train/normal/industrial_normal_more/000000377247_all__5.npy,Normal
Pistachio/VAD/vit-features/train/normal/industrial_normal_more/000000377247_all__6.npy,Normal
Pistachio/VAD/vit-features/train/normal/industrial_normal_more/000000377247_all__7.npy,Normal
Pistachio/VAD/vit-features/train/normal/industrial_normal_more/000000377247_all__8.npy,Normal
Pistachio/VAD/vit-features/train/normal/industrial_normal_more/000000377247_all__9.npy,Normal
Pistachio/VAD/vit-features/train/normal/industrial_normal_more/000000392267_all__0.npy,Normal
Pistachio/VAD/vit-features/train/normal/industrial_normal_more/000000392267_all__1.npy,Normal
Pistachio/VAD/vit-features/train/normal/industrial_normal_more/000000392267_all__2.npy,Normal
Pistachio/VAD/vit-features/train/normal/industrial_normal_more/000000392267_all__3.npy,Normal
Pistachio/VAD/vit-features/train/normal/industrial_normal_more/000000392267_all__4.npy,Normal
Pistachio/VAD/vit-features/train/normal/industrial_normal_more/000000392267_all__5.npy,Normal
Pistachio/VAD/vit-features/train/normal/industrial_normal_more/000000392267_all__6.npy,Normal
Pistachio/VAD/vit-features/train/normal/industrial_normal_more/000000392267_all__7.npy,Normal
Pistachio/VAD/vit-features/train/normal/industrial_normal_more/000000392267_all__8.npy,Normal
Pistachio/VAD/vit-features/train/normal/industrial_normal_more/000000392267_all__9.npy,Normal
Pistachio/VAD/vit-features/train/normal/industrial_normal_more/000000392540_all__0.npy,Normal
Pistachio/VAD/vit-features/train/normal/industrial_normal_more/000000392540_all__1.npy,Normal
Pistachio/VAD/vit-features/train/normal/industrial_normal_more/000000392540_all__2.npy,Normal
Pistachio/VAD/vit-features/train/normal/industrial_normal_more/000000392540_all__3.npy,Normal
Pistachio/VAD/vit-features/train/normal/industrial_normal_more/000000392540_all__4.npy,Normal
Pistachio/VAD/vit-features/train/normal/industrial_normal_more/000000392540_all__5.npy,Normal
Pistachio/VAD/vit-features/train/normal/industrial_normal_more/000000392540_all__6.npy,Normal
Pistachio/VAD/vit-features/train/normal/industrial_normal_more/000000392540_all__7.npy,Normal
Pistachio/VAD/vit-features/train/normal/industrial_normal_more/000000392540_all__8.npy,Normal
Pistachio/VAD/vit-features/train/normal/industrial_normal_more/000000392540_all__9.npy,Normal
Pistachio/VAD/vit-features/train/normal/industrial_normal_more/000000399379_all__0.npy,Normal
Pistachio/VAD/vit-features/train/normal/industrial_normal_more/000000399379_all__1.npy,Normal
Pistachio/VAD/vit-features/train/normal/industrial_normal_more/000000399379_all__2.npy,Normal
Pistachio/VAD/vit-features/train/normal/industrial_normal_more/000000399379_all__3.npy,Normal
Pistachio/VAD/vit-features/train/normal/industrial_normal_more/000000399379_all__4.npy,Normal
Pistachio/VAD/vit-features/train/normal/industrial_normal_more/000000399379_all__5.npy,Normal
Pistachio/VAD/vit-features/train/normal/industrial_normal_more/000000399379_all__6.npy,Normal
Pistachio/VAD/vit-features/train/normal/industrial_normal_more/000000399379_all__7.npy,Normal
Pistachio/VAD/vit-features/train/normal/industrial_normal_more/000000399379_all__8.npy,Normal
Pistachio/VAD/vit-features/train/normal/industrial_normal_more/000000399379_all__9.npy,Normal
Pistachio/VAD/vit-features/train/normal/industrial_normal_more/000000399381_all__0.npy,Normal
Pistachio/VAD/vit-features/train/normal/industrial_normal_more/000000399381_all__1.npy,Normal
Pistachio/VAD/vit-features/train/normal/industrial_normal_more/000000399381_all__2.npy,Normal
Pistachio/VAD/vit-features/train/normal/industrial_normal_more/000000399381_all__3.npy,Normal
Pistachio/VAD/vit-features/train/normal/industrial_normal_more/000000399381_all__4.npy,Normal
Pistachio/VAD/vit-features/train/normal/industrial_normal_more/000000399381_all__5.npy,Normal
Pistachio/VAD/vit-features/train/normal/industrial_normal_more/000000399381_all__6.npy,Normal
Pistachio/VAD/vit-features/train/normal/industrial_normal_more/000000399381_all__7.npy,Normal
Pistachio/VAD/vit-features/train/normal/industrial_normal_more/000000399381_all__8.npy,Normal
Pistachio/VAD/vit-features/train/normal/industrial_normal_more/000000399381_all__9.npy,Normal
Pistachio/VAD/vit-features/train/normal/industrial_normal_more/000000408793_all__0.npy,Normal
Pistachio/VAD/vit-features/train/normal/industrial_normal_more/000000408793_all__1.npy,Normal
Pistachio/VAD/vit-features/train/normal/industrial_normal_more/000000408793_all__2.npy,Normal
Pistachio/VAD/vit-features/train/normal/industrial_normal_more/000000408793_all__3.npy,Normal
Pistachio/VAD/vit-features/train/normal/industrial_normal_more/000000408793_all__4.npy,Normal
Pistachio/VAD/vit-features/train/normal/industrial_normal_more/000000408793_all__5.npy,Normal
Pistachio/VAD/vit-features/train/normal/industrial_normal_more/000000408793_all__6.npy,Normal
Pistachio/VAD/vit-features/train/normal/industrial_normal_more/000000408793_all__7.npy,Normal
Pistachio/VAD/vit-features/train/normal/industrial_normal_more/000000408793_all__8.npy,Normal
Pistachio/VAD/vit-features/train/normal/industrial_normal_more/000000408793_all__9.npy,Normal
Pistachio/VAD/vit-features/train/normal/industrial_normal_more/000000409082_all__0.npy,Normal
Pistachio/VAD/vit-features/train/normal/industrial_normal_more/000000409082_all__1.npy,Normal
Pistachio/VAD/vit-features/train/normal/industrial_normal_more/000000409082_all__2.npy,Normal
Pistachio/VAD/vit-features/train/normal/industrial_normal_more/000000409082_all__3.npy,Normal
Pistachio/VAD/vit-features/train/normal/industrial_normal_more/000000409082_all__4.npy,Normal
Pistachio/VAD/vit-features/train/normal/industrial_normal_more/000000409082_all__5.npy,Normal
Pistachio/VAD/vit-features/train/normal/industrial_normal_more/000000409082_all__6.npy,Normal
Pistachio/VAD/vit-features/train/normal/industrial_normal_more/000000409082_all__7.npy,Normal
Pistachio/VAD/vit-features/train/normal/industrial_normal_more/000000409082_all__8.npy,Normal
Pistachio/VAD/vit-features/train/normal/industrial_normal_more/000000409082_all__9.npy,Normal
Pistachio/VAD/vit-features/train/normal/industrial_normal_more/000000412192_all__0.npy,Normal
Pistachio/VAD/vit-features/train/normal/industrial_normal_more/000000412192_all__1.npy,Normal
Pistachio/VAD/vit-features/train/normal/industrial_normal_more/000000412192_all__2.npy,Normal
Pistachio/VAD/vit-features/train/normal/industrial_normal_more/000000412192_all__3.npy,Normal
Pistachio/VAD/vit-features/train/normal/industrial_normal_more/000000412192_all__4.npy,Normal
Pistachio/VAD/vit-features/train/normal/industrial_normal_more/000000412192_all__5.npy,Normal
Pistachio/VAD/vit-features/train/normal/industrial_normal_more/000000412192_all__6.npy,Normal
Pistachio/VAD/vit-features/train/normal/industrial_normal_more/000000412192_all__7.npy,Normal
Pistachio/VAD/vit-features/train/normal/industrial_normal_more/000000412192_all__8.npy,Normal
Pistachio/VAD/vit-features/train/normal/industrial_normal_more/000000412192_all__9.npy,Normal
Pistachio/VAD/vit-features/train/normal/industrial_normal_more/000000434801_all__0.npy,Normal
Pistachio/VAD/vit-features/train/normal/industrial_normal_more/000000434801_all__1.npy,Normal
Pistachio/VAD/vit-features/train/normal/industrial_normal_more/000000434801_all__2.npy,Normal
Pistachio/VAD/vit-features/train/normal/industrial_normal_more/000000434801_all__3.npy,Normal
Pistachio/VAD/vit-features/train/normal/industrial_normal_more/000000434801_all__4.npy,Normal
Pistachio/VAD/vit-features/train/normal/industrial_normal_more/000000434801_all__5.npy,Normal
Pistachio/VAD/vit-features/train/normal/industrial_normal_more/000000434801_all__6.npy,Normal
Pistachio/VAD/vit-features/train/normal/industrial_normal_more/000000434801_all__7.npy,Normal
Pistachio/VAD/vit-features/train/normal/industrial_normal_more/000000434801_all__8.npy,Normal
Pistachio/VAD/vit-features/train/normal/industrial_normal_more/000000434801_all__9.npy,Normal
Pistachio/VAD/vit-features/train/normal/industrial_normal_more/000000465151_all__0.npy,Normal
Pistachio/VAD/vit-features/train/normal/industrial_normal_more/000000465151_all__1.npy,Normal
Pistachio/VAD/vit-features/train/normal/industrial_normal_more/000000465151_all__2.npy,Normal
Pistachio/VAD/vit-features/train/normal/industrial_normal_more/000000465151_all__3.npy,Normal
Pistachio/VAD/vit-features/train/normal/industrial_normal_more/000000465151_all__4.npy,Normal
Pistachio/VAD/vit-features/train/normal/industrial_normal_more/000000465151_all__5.npy,Normal
Pistachio/VAD/vit-features/train/normal/industrial_normal_more/000000465151_all__6.npy,Normal
Pistachio/VAD/vit-features/train/normal/industrial_normal_more/000000465151_all__7.npy,Normal
Pistachio/VAD/vit-features/train/normal/industrial_normal_more/000000465151_all__8.npy,Normal
Pistachio/VAD/vit-features/train/normal/industrial_normal_more/000000465151_all__9.npy,Normal
Pistachio/VAD/vit-features/train/normal/industrial_normal_more/000000480067_all__0.npy,Normal
Pistachio/VAD/vit-features/train/normal/industrial_normal_more/000000480067_all__1.npy,Normal
Pistachio/VAD/vit-features/train/normal/industrial_normal_more/000000480067_all__2.npy,Normal
Pistachio/VAD/vit-features/train/normal/industrial_normal_more/000000480067_all__3.npy,Normal
Pistachio/VAD/vit-features/train/normal/industrial_normal_more/000000480067_all__4.npy,Normal
Pistachio/VAD/vit-features/train/normal/industrial_normal_more/000000480067_all__5.npy,Normal
Pistachio/VAD/vit-features/train/normal/industrial_normal_more/000000480067_all__6.npy,Normal
Pistachio/VAD/vit-features/train/normal/industrial_normal_more/000000480067_all__7.npy,Normal
Pistachio/VAD/vit-features/train/normal/industrial_normal_more/000000480067_all__8.npy,Normal
Pistachio/VAD/vit-features/train/normal/industrial_normal_more/000000480067_all__9.npy,Normal
Pistachio/VAD/vit-features/train/normal/industrial_normal_more/000000495968_all__0.npy,Normal
Pistachio/VAD/vit-features/train/normal/industrial_normal_more/000000495968_all__1.npy,Normal
Pistachio/VAD/vit-features/train/normal/industrial_normal_more/000000495968_all__2.npy,Normal
Pistachio/VAD/vit-features/train/normal/industrial_normal_more/000000495968_all__3.npy,Normal
Pistachio/VAD/vit-features/train/normal/industrial_normal_more/000000495968_all__4.npy,Normal
Pistachio/VAD/vit-features/train/normal/industrial_normal_more/000000495968_all__5.npy,Normal
Pistachio/VAD/vit-features/train/normal/industrial_normal_more/000000495968_all__6.npy,Normal
Pistachio/VAD/vit-features/train/normal/industrial_normal_more/000000495968_all__7.npy,Normal
Pistachio/VAD/vit-features/train/normal/industrial_normal_more/000000495968_all__8.npy,Normal
Pistachio/VAD/vit-features/train/normal/industrial_normal_more/000000495968_all__9.npy,Normal
Pistachio/VAD/vit-features/train/normal/industrial_normal_more/000000505249_all__0.npy,Normal
Pistachio/VAD/vit-features/train/normal/industrial_normal_more/000000505249_all__1.npy,Normal
Pistachio/VAD/vit-features/train/normal/industrial_normal_more/000000505249_all__2.npy,Normal
Pistachio/VAD/vit-features/train/normal/industrial_normal_more/000000505249_all__3.npy,Normal
Pistachio/VAD/vit-features/train/normal/industrial_normal_more/000000505249_all__4.npy,Normal
Pistachio/VAD/vit-features/train/normal/industrial_normal_more/000000505249_all__5.npy,Normal
Pistachio/VAD/vit-features/train/normal/industrial_normal_more/000000505249_all__6.npy,Normal
Pistachio/VAD/vit-features/train/normal/industrial_normal_more/000000505249_all__7.npy,Normal
Pistachio/VAD/vit-features/train/normal/industrial_normal_more/000000505249_all__8.npy,Normal
Pistachio/VAD/vit-features/train/normal/industrial_normal_more/000000505249_all__9.npy,Normal
Pistachio/VAD/vit-features/train/normal/industrial_normal_more/000000506818_all__0.npy,Normal
Pistachio/VAD/vit-features/train/normal/industrial_normal_more/000000506818_all__1.npy,Normal
Pistachio/VAD/vit-features/train/normal/industrial_normal_more/000000506818_all__2.npy,Normal
Pistachio/VAD/vit-features/train/normal/industrial_normal_more/000000506818_all__3.npy,Normal
Pistachio/VAD/vit-features/train/normal/industrial_normal_more/000000506818_all__4.npy,Normal
Pistachio/VAD/vit-features/train/normal/industrial_normal_more/000000506818_all__5.npy,Normal
Pistachio/VAD/vit-features/train/normal/industrial_normal_more/000000506818_all__6.npy,Normal
Pistachio/VAD/vit-features/train/normal/industrial_normal_more/000000506818_all__7.npy,Normal
Pistachio/VAD/vit-features/train/normal/industrial_normal_more/000000506818_all__8.npy,Normal
Pistachio/VAD/vit-features/train/normal/industrial_normal_more/000000506818_all__9.npy,Normal
Pistachio/VAD/vit-features/train/normal/industrial_normal_more/000000512052_all__0.npy,Normal
Pistachio/VAD/vit-features/train/normal/industrial_normal_more/000000512052_all__1.npy,Normal
Pistachio/VAD/vit-features/train/normal/industrial_normal_more/000000512052_all__2.npy,Normal
Pistachio/VAD/vit-features/train/normal/industrial_normal_more/000000512052_all__3.npy,Normal
Pistachio/VAD/vit-features/train/normal/industrial_normal_more/000000512052_all__4.npy,Normal
Pistachio/VAD/vit-features/train/normal/industrial_normal_more/000000512052_all__5.npy,Normal
Pistachio/VAD/vit-features/train/normal/industrial_normal_more/000000512052_all__6.npy,Normal
Pistachio/VAD/vit-features/train/normal/industrial_normal_more/000000512052_all__7.npy,Normal
Pistachio/VAD/vit-features/train/normal/industrial_normal_more/000000512052_all__8.npy,Normal
Pistachio/VAD/vit-features/train/normal/industrial_normal_more/000000512052_all__9.npy,Normal
Pistachio/VAD/vit-features/train/normal/industrial_normal_more/000000520829_all__0.npy,Normal
Pistachio/VAD/vit-features/train/normal/industrial_normal_more/000000520829_all__1.npy,Normal
Pistachio/VAD/vit-features/train/normal/industrial_normal_more/000000520829_all__2.npy,Normal
Pistachio/VAD/vit-features/train/normal/industrial_normal_more/000000520829_all__3.npy,Normal
Pistachio/VAD/vit-features/train/normal/industrial_normal_more/000000520829_all__4.npy,Normal
Pistachio/VAD/vit-features/train/normal/industrial_normal_more/000000520829_all__5.npy,Normal
Pistachio/VAD/vit-features/train/normal/industrial_normal_more/000000520829_all__6.npy,Normal
Pistachio/VAD/vit-features/train/normal/industrial_normal_more/000000520829_all__7.npy,Normal
Pistachio/VAD/vit-features/train/normal/industrial_normal_more/000000520829_all__8.npy,Normal
Pistachio/VAD/vit-features/train/normal/industrial_normal_more/000000520829_all__9.npy,Normal
Pistachio/VAD/vit-features/train/normal/industrial_normal_more/000000522313_all__0.npy,Normal
Pistachio/VAD/vit-features/train/normal/industrial_normal_more/000000522313_all__1.npy,Normal
Pistachio/VAD/vit-features/train/normal/industrial_normal_more/000000522313_all__2.npy,Normal
Pistachio/VAD/vit-features/train/normal/industrial_normal_more/000000522313_all__3.npy,Normal
Pistachio/VAD/vit-features/train/normal/industrial_normal_more/000000522313_all__4.npy,Normal
Pistachio/VAD/vit-features/train/normal/industrial_normal_more/000000522313_all__5.npy,Normal
Pistachio/VAD/vit-features/train/normal/industrial_normal_more/000000522313_all__6.npy,Normal
Pistachio/VAD/vit-features/train/normal/industrial_normal_more/000000522313_all__7.npy,Normal
Pistachio/VAD/vit-features/train/normal/industrial_normal_more/000000522313_all__8.npy,Normal
Pistachio/VAD/vit-features/train/normal/industrial_normal_more/000000522313_all__9.npy,Normal
Pistachio/VAD/vit-features/train/normal/industrial_normal_more/000000532871_all__0.npy,Normal
Pistachio/VAD/vit-features/train/normal/industrial_normal_more/000000532871_all__1.npy,Normal
Pistachio/VAD/vit-features/train/normal/industrial_normal_more/000000532871_all__2.npy,Normal
Pistachio/VAD/vit-features/train/normal/industrial_normal_more/000000532871_all__3.npy,Normal
Pistachio/VAD/vit-features/train/normal/industrial_normal_more/000000532871_all__4.npy,Normal
Pistachio/VAD/vit-features/train/normal/industrial_normal_more/000000532871_all__5.npy,Normal
Pistachio/VAD/vit-features/train/normal/industrial_normal_more/000000532871_all__6.npy,Normal
Pistachio/VAD/vit-features/train/normal/industrial_normal_more/000000532871_all__7.npy,Normal
Pistachio/VAD/vit-features/train/normal/industrial_normal_more/000000532871_all__8.npy,Normal
Pistachio/VAD/vit-features/train/normal/industrial_normal_more/000000532871_all__9.npy,Normal
Pistachio/VAD/vit-features/train/normal/industrial_normal_more/000000538101_all__0.npy,Normal
Pistachio/VAD/vit-features/train/normal/industrial_normal_more/000000538101_all__1.npy,Normal
Pistachio/VAD/vit-features/train/normal/industrial_normal_more/000000538101_all__2.npy,Normal
Pistachio/VAD/vit-features/train/normal/industrial_normal_more/000000538101_all__3.npy,Normal
Pistachio/VAD/vit-features/train/normal/industrial_normal_more/000000538101_all__4.npy,Normal
Pistachio/VAD/vit-features/train/normal/industrial_normal_more/000000538101_all__5.npy,Normal
Pistachio/VAD/vit-features/train/normal/industrial_normal_more/000000538101_all__6.npy,Normal
Pistachio/VAD/vit-features/train/normal/industrial_normal_more/000000538101_all__7.npy,Normal
Pistachio/VAD/vit-features/train/normal/industrial_normal_more/000000538101_all__8.npy,Normal
Pistachio/VAD/vit-features/train/normal/industrial_normal_more/000000538101_all__9.npy,Normal
Pistachio/VAD/vit-features/train/normal/industrial_normal_more/000000543187_all__0.npy,Normal
Pistachio/VAD/vit-features/train/normal/industrial_normal_more/000000543187_all__1.npy,Normal
Pistachio/VAD/vit-features/train/normal/industrial_normal_more/000000543187_all__2.npy,Normal
Pistachio/VAD/vit-features/train/normal/industrial_normal_more/000000543187_all__3.npy,Normal
Pistachio/VAD/vit-features/train/normal/industrial_normal_more/000000543187_all__4.npy,Normal
Pistachio/VAD/vit-features/train/normal/industrial_normal_more/000000543187_all__5.npy,Normal
Pistachio/VAD/vit-features/train/normal/industrial_normal_more/000000543187_all__6.npy,Normal
Pistachio/VAD/vit-features/train/normal/industrial_normal_more/000000543187_all__7.npy,Normal
Pistachio/VAD/vit-features/train/normal/industrial_normal_more/000000543187_all__8.npy,Normal
Pistachio/VAD/vit-features/train/normal/industrial_normal_more/000000543187_all__9.npy,Normal
Pistachio/VAD/vit-features/train/normal/industrial_normal_more/000000548642_all__0.npy,Normal
Pistachio/VAD/vit-features/train/normal/industrial_normal_more/000000548642_all__1.npy,Normal
Pistachio/VAD/vit-features/train/normal/industrial_normal_more/000000548642_all__2.npy,Normal
Pistachio/VAD/vit-features/train/normal/industrial_normal_more/000000548642_all__3.npy,Normal
Pistachio/VAD/vit-features/train/normal/industrial_normal_more/000000548642_all__4.npy,Normal
Pistachio/VAD/vit-features/train/normal/industrial_normal_more/000000548642_all__5.npy,Normal
Pistachio/VAD/vit-features/train/normal/industrial_normal_more/000000548642_all__6.npy,Normal
Pistachio/VAD/vit-features/train/normal/industrial_normal_more/000000548642_all__7.npy,Normal
Pistachio/VAD/vit-features/train/normal/industrial_normal_more/000000548642_all__8.npy,Normal
Pistachio/VAD/vit-features/train/normal/industrial_normal_more/000000548642_all__9.npy,Normal
Pistachio/VAD/vit-features/train/normal/industrial_normal_more/000000574730_all__0.npy,Normal
Pistachio/VAD/vit-features/train/normal/industrial_normal_more/000000574730_all__1.npy,Normal
Pistachio/VAD/vit-features/train/normal/industrial_normal_more/000000574730_all__2.npy,Normal
Pistachio/VAD/vit-features/train/normal/industrial_normal_more/000000574730_all__3.npy,Normal
Pistachio/VAD/vit-features/train/normal/industrial_normal_more/000000574730_all__4.npy,Normal
Pistachio/VAD/vit-features/train/normal/industrial_normal_more/000000574730_all__5.npy,Normal
Pistachio/VAD/vit-features/train/normal/industrial_normal_more/000000574730_all__6.npy,Normal
Pistachio/VAD/vit-features/train/normal/industrial_normal_more/000000574730_all__7.npy,Normal
Pistachio/VAD/vit-features/train/normal/industrial_normal_more/000000574730_all__8.npy,Normal
Pistachio/VAD/vit-features/train/normal/industrial_normal_more/000000574730_all__9.npy,Normal
Pistachio/VAD/vit-features/train/normal/industrial_normal_more/000000576522_all__0.npy,Normal
Pistachio/VAD/vit-features/train/normal/industrial_normal_more/000000576522_all__1.npy,Normal
Pistachio/VAD/vit-features/train/normal/industrial_normal_more/000000576522_all__2.npy,Normal
Pistachio/VAD/vit-features/train/normal/industrial_normal_more/000000576522_all__3.npy,Normal
Pistachio/VAD/vit-features/train/normal/industrial_normal_more/000000576522_all__4.npy,Normal
Pistachio/VAD/vit-features/train/normal/industrial_normal_more/000000576522_all__5.npy,Normal
Pistachio/VAD/vit-features/train/normal/industrial_normal_more/000000576522_all__6.npy,Normal
Pistachio/VAD/vit-features/train/normal/industrial_normal_more/000000576522_all__7.npy,Normal
Pistachio/VAD/vit-features/train/normal/industrial_normal_more/000000576522_all__8.npy,Normal
Pistachio/VAD/vit-features/train/normal/industrial_normal_more/000000576522_all__9.npy,Normal
Pistachio/VAD/vit-features/train/normal/industrial_normal_more/000000579143_all__0.npy,Normal
Pistachio/VAD/vit-features/train/normal/industrial_normal_more/000000579143_all__1.npy,Normal
Pistachio/VAD/vit-features/train/normal/industrial_normal_more/000000579143_all__2.npy,Normal
Pistachio/VAD/vit-features/train/normal/industrial_normal_more/000000579143_all__3.npy,Normal
Pistachio/VAD/vit-features/train/normal/industrial_normal_more/000000579143_all__4.npy,Normal
Pistachio/VAD/vit-features/train/normal/industrial_normal_more/000000579143_all__5.npy,Normal
Pistachio/VAD/vit-features/train/normal/industrial_normal_more/000000579143_all__6.npy,Normal
Pistachio/VAD/vit-features/train/normal/industrial_normal_more/000000579143_all__7.npy,Normal
Pistachio/VAD/vit-features/train/normal/industrial_normal_more/000000579143_all__8.npy,Normal
Pistachio/VAD/vit-features/train/normal/industrial_normal_more/000000579143_all__9.npy,Normal
Pistachio/VAD/vit-features/train/normal/industrial_normal_more/000000580299_all__0.npy,Normal
Pistachio/VAD/vit-features/train/normal/industrial_normal_more/000000580299_all__1.npy,Normal
Pistachio/VAD/vit-features/train/normal/industrial_normal_more/000000580299_all__2.npy,Normal
Pistachio/VAD/vit-features/train/normal/industrial_normal_more/000000580299_all__3.npy,Normal
Pistachio/VAD/vit-features/train/normal/industrial_normal_more/000000580299_all__4.npy,Normal
Pistachio/VAD/vit-features/train/normal/industrial_normal_more/000000580299_all__5.npy,Normal
Pistachio/VAD/vit-features/train/normal/industrial_normal_more/000000580299_all__6.npy,Normal
Pistachio/VAD/vit-features/train/normal/industrial_normal_more/000000580299_all__7.npy,Normal
Pistachio/VAD/vit-features/train/normal/industrial_normal_more/000000580299_all__8.npy,Normal
Pistachio/VAD/vit-features/train/normal/industrial_normal_more/000000580299_all__9.npy,Normal
Pistachio/VAD/vit-features/train/normal/industrial_normal_more/hd012_all__0.npy,Normal
Pistachio/VAD/vit-features/train/normal/industrial_normal_more/hd012_all__1.npy,Normal
Pistachio/VAD/vit-features/train/normal/industrial_normal_more/hd012_all__2.npy,Normal
Pistachio/VAD/vit-features/train/normal/industrial_normal_more/hd012_all__3.npy,Normal
Pistachio/VAD/vit-features/train/normal/industrial_normal_more/hd012_all__4.npy,Normal
Pistachio/VAD/vit-features/train/normal/industrial_normal_more/hd012_all__5.npy,Normal
Pistachio/VAD/vit-features/train/normal/industrial_normal_more/hd012_all__6.npy,Normal
Pistachio/VAD/vit-features/train/normal/industrial_normal_more/hd012_all__7.npy,Normal
Pistachio/VAD/vit-features/train/normal/industrial_normal_more/hd012_all__8.npy,Normal
Pistachio/VAD/vit-features/train/normal/industrial_normal_more/hd012_all__9.npy,Normal
Pistachio/VAD/vit-features/train/normal/industrial_normal_more/hd013_all__0.npy,Normal
Pistachio/VAD/vit-features/train/normal/industrial_normal_more/hd013_all__1.npy,Normal
Pistachio/VAD/vit-features/train/normal/industrial_normal_more/hd013_all__2.npy,Normal
Pistachio/VAD/vit-features/train/normal/industrial_normal_more/hd013_all__3.npy,Normal
Pistachio/VAD/vit-features/train/normal/industrial_normal_more/hd013_all__4.npy,Normal
Pistachio/VAD/vit-features/train/normal/industrial_normal_more/hd013_all__5.npy,Normal
Pistachio/VAD/vit-features/train/normal/industrial_normal_more/hd013_all__6.npy,Normal
Pistachio/VAD/vit-features/train/normal/industrial_normal_more/hd013_all__7.npy,Normal
Pistachio/VAD/vit-features/train/normal/industrial_normal_more/hd013_all__8.npy,Normal
Pistachio/VAD/vit-features/train/normal/industrial_normal_more/hd013_all__9.npy,Normal
Pistachio/VAD/vit-features/train/normal/industrial_normal_more/hd014_all__0.npy,Normal
Pistachio/VAD/vit-features/train/normal/industrial_normal_more/hd014_all__1.npy,Normal
Pistachio/VAD/vit-features/train/normal/industrial_normal_more/hd014_all__2.npy,Normal
Pistachio/VAD/vit-features/train/normal/industrial_normal_more/hd014_all__3.npy,Normal
Pistachio/VAD/vit-features/train/normal/industrial_normal_more/hd014_all__4.npy,Normal
Pistachio/VAD/vit-features/train/normal/industrial_normal_more/hd014_all__5.npy,Normal
Pistachio/VAD/vit-features/train/normal/industrial_normal_more/hd014_all__6.npy,Normal
Pistachio/VAD/vit-features/train/normal/industrial_normal_more/hd014_all__7.npy,Normal
Pistachio/VAD/vit-features/train/normal/industrial_normal_more/hd014_all__8.npy,Normal
Pistachio/VAD/vit-features/train/normal/industrial_normal_more/hd014_all__9.npy,Normal
Pistachio/VAD/vit-features/train/normal/industrial_normal_more/hd015_all__0.npy,Normal
Pistachio/VAD/vit-features/train/normal/industrial_normal_more/hd015_all__1.npy,Normal
Pistachio/VAD/vit-features/train/normal/industrial_normal_more/hd015_all__2.npy,Normal
Pistachio/VAD/vit-features/train/normal/industrial_normal_more/hd015_all__3.npy,Normal
Pistachio/VAD/vit-features/train/normal/industrial_normal_more/hd015_all__4.npy,Normal
Pistachio/VAD/vit-features/train/normal/industrial_normal_more/hd015_all__5.npy,Normal
Pistachio/VAD/vit-features/train/normal/industrial_normal_more/hd015_all__6.npy,Normal
Pistachio/VAD/vit-features/train/normal/industrial_normal_more/hd015_all__7.npy,Normal
Pistachio/VAD/vit-features/train/normal/industrial_normal_more/hd015_all__8.npy,Normal
Pistachio/VAD/vit-features/train/normal/industrial_normal_more/hd015_all__9.npy,Normal
Pistachio/VAD/vit-features/train/normal/industrial_normal_more/hd017_all__0.npy,Normal
Pistachio/VAD/vit-features/train/normal/industrial_normal_more/hd017_all__1.npy,Normal
Pistachio/VAD/vit-features/train/normal/industrial_normal_more/hd017_all__2.npy,Normal
Pistachio/VAD/vit-features/train/normal/industrial_normal_more/hd017_all__3.npy,Normal
Pistachio/VAD/vit-features/train/normal/industrial_normal_more/hd017_all__4.npy,Normal
Pistachio/VAD/vit-features/train/normal/industrial_normal_more/hd017_all__5.npy,Normal
Pistachio/VAD/vit-features/train/normal/industrial_normal_more/hd017_all__6.npy,Normal
Pistachio/VAD/vit-features/train/normal/industrial_normal_more/hd017_all__7.npy,Normal
Pistachio/VAD/vit-features/train/normal/industrial_normal_more/hd017_all__8.npy,Normal
Pistachio/VAD/vit-features/train/normal/industrial_normal_more/hd017_all__9.npy,Normal
Pistachio/VAD/vit-features/train/normal/industrial_normal_more/hd018_all__0.npy,Normal
Pistachio/VAD/vit-features/train/normal/industrial_normal_more/hd018_all__1.npy,Normal
Pistachio/VAD/vit-features/train/normal/industrial_normal_more/hd018_all__2.npy,Normal
Pistachio/VAD/vit-features/train/normal/industrial_normal_more/hd018_all__3.npy,Normal
Pistachio/VAD/vit-features/train/normal/industrial_normal_more/hd018_all__4.npy,Normal
Pistachio/VAD/vit-features/train/normal/industrial_normal_more/hd018_all__5.npy,Normal
Pistachio/VAD/vit-features/train/normal/industrial_normal_more/hd018_all__6.npy,Normal
Pistachio/VAD/vit-features/train/normal/industrial_normal_more/hd018_all__7.npy,Normal
Pistachio/VAD/vit-features/train/normal/industrial_normal_more/hd018_all__8.npy,Normal
Pistachio/VAD/vit-features/train/normal/industrial_normal_more/hd018_all__9.npy,Normal
Pistachio/VAD/vit-features/train/normal/industrial_normal_more/hd01_all__0.npy,Normal
Pistachio/VAD/vit-features/train/normal/industrial_normal_more/hd01_all__1.npy,Normal
Pistachio/VAD/vit-features/train/normal/industrial_normal_more/hd01_all__2.npy,Normal
Pistachio/VAD/vit-features/train/normal/industrial_normal_more/hd01_all__3.npy,Normal
Pistachio/VAD/vit-features/train/normal/industrial_normal_more/hd01_all__4.npy,Normal
Pistachio/VAD/vit-features/train/normal/industrial_normal_more/hd01_all__5.npy,Normal
Pistachio/VAD/vit-features/train/normal/industrial_normal_more/hd01_all__6.npy,Normal
Pistachio/VAD/vit-features/train/normal/industrial_normal_more/hd01_all__7.npy,Normal
Pistachio/VAD/vit-features/train/normal/industrial_normal_more/hd01_all__8.npy,Normal
Pistachio/VAD/vit-features/train/normal/industrial_normal_more/hd01_all__9.npy,Normal
Pistachio/VAD/vit-features/train/normal/industrial_normal_more/hd02_all__0.npy,Normal
Pistachio/VAD/vit-features/train/normal/industrial_normal_more/hd02_all__1.npy,Normal
Pistachio/VAD/vit-features/train/normal/industrial_normal_more/hd02_all__2.npy,Normal
Pistachio/VAD/vit-features/train/normal/industrial_normal_more/hd02_all__3.npy,Normal
Pistachio/VAD/vit-features/train/normal/industrial_normal_more/hd02_all__4.npy,Normal
Pistachio/VAD/vit-features/train/normal/industrial_normal_more/hd02_all__5.npy,Normal
Pistachio/VAD/vit-features/train/normal/industrial_normal_more/hd02_all__6.npy,Normal
Pistachio/VAD/vit-features/train/normal/industrial_normal_more/hd02_all__7.npy,Normal
Pistachio/VAD/vit-features/train/normal/industrial_normal_more/hd02_all__8.npy,Normal
Pistachio/VAD/vit-features/train/normal/industrial_normal_more/hd02_all__9.npy,Normal
Pistachio/VAD/vit-features/train/normal/industrial_normal_more/hd04_all__0.npy,Normal
Pistachio/VAD/vit-features/train/normal/industrial_normal_more/hd04_all__1.npy,Normal
Pistachio/VAD/vit-features/train/normal/industrial_normal_more/hd04_all__2.npy,Normal
Pistachio/VAD/vit-features/train/normal/industrial_normal_more/hd04_all__3.npy,Normal
Pistachio/VAD/vit-features/train/normal/industrial_normal_more/hd04_all__4.npy,Normal
Pistachio/VAD/vit-features/train/normal/industrial_normal_more/hd04_all__5.npy,Normal
Pistachio/VAD/vit-features/train/normal/industrial_normal_more/hd04_all__6.npy,Normal
Pistachio/VAD/vit-features/train/normal/industrial_normal_more/hd04_all__7.npy,Normal
Pistachio/VAD/vit-features/train/normal/industrial_normal_more/hd04_all__8.npy,Normal
Pistachio/VAD/vit-features/train/normal/industrial_normal_more/hd04_all__9.npy,Normal
Pistachio/VAD/vit-features/train/normal/industrial_normal_more/hd1000_all__0.npy,Normal
Pistachio/VAD/vit-features/train/normal/industrial_normal_more/hd1000_all__1.npy,Normal
Pistachio/VAD/vit-features/train/normal/industrial_normal_more/hd1000_all__2.npy,Normal
Pistachio/VAD/vit-features/train/normal/industrial_normal_more/hd1000_all__3.npy,Normal
Pistachio/VAD/vit-features/train/normal/industrial_normal_more/hd1000_all__4.npy,Normal
Pistachio/VAD/vit-features/train/normal/industrial_normal_more/hd1000_all__5.npy,Normal
Pistachio/VAD/vit-features/train/normal/industrial_normal_more/hd1000_all__6.npy,Normal
Pistachio/VAD/vit-features/train/normal/industrial_normal_more/hd1000_all__7.npy,Normal
Pistachio/VAD/vit-features/train/normal/industrial_normal_more/hd1000_all__8.npy,Normal
Pistachio/VAD/vit-features/train/normal/industrial_normal_more/hd1000_all__9.npy,Normal
Pistachio/VAD/vit-features/train/normal/industrial_normal_more/hd112_all__0.npy,Normal
Pistachio/VAD/vit-features/train/normal/industrial_normal_more/hd112_all__1.npy,Normal
Pistachio/VAD/vit-features/train/normal/industrial_normal_more/hd112_all__2.npy,Normal
Pistachio/VAD/vit-features/train/normal/industrial_normal_more/hd112_all__3.npy,Normal
Pistachio/VAD/vit-features/train/normal/industrial_normal_more/hd112_all__4.npy,Normal
Pistachio/VAD/vit-features/train/normal/industrial_normal_more/hd112_all__5.npy,Normal
Pistachio/VAD/vit-features/train/normal/industrial_normal_more/hd112_all__6.npy,Normal
Pistachio/VAD/vit-features/train/normal/industrial_normal_more/hd112_all__7.npy,Normal
Pistachio/VAD/vit-features/train/normal/industrial_normal_more/hd112_all__8.npy,Normal
Pistachio/VAD/vit-features/train/normal/industrial_normal_more/hd112_all__9.npy,Normal
Pistachio/VAD/vit-features/train/normal/industrial_normal_more/hd113_all__0.npy,Normal
Pistachio/VAD/vit-features/train/normal/industrial_normal_more/hd113_all__1.npy,Normal
Pistachio/VAD/vit-features/train/normal/industrial_normal_more/hd113_all__2.npy,Normal
Pistachio/VAD/vit-features/train/normal/industrial_normal_more/hd113_all__3.npy,Normal
Pistachio/VAD/vit-features/train/normal/industrial_normal_more/hd113_all__4.npy,Normal
Pistachio/VAD/vit-features/train/normal/industrial_normal_more/hd113_all__5.npy,Normal
Pistachio/VAD/vit-features/train/normal/industrial_normal_more/hd113_all__6.npy,Normal
Pistachio/VAD/vit-features/train/normal/industrial_normal_more/hd113_all__7.npy,Normal
Pistachio/VAD/vit-features/train/normal/industrial_normal_more/hd113_all__8.npy,Normal
Pistachio/VAD/vit-features/train/normal/industrial_normal_more/hd113_all__9.npy,Normal
Pistachio/VAD/vit-features/train/normal/industrial_normal_more/hd11_all__0.npy,Normal
Pistachio/VAD/vit-features/train/normal/industrial_normal_more/hd11_all__1.npy,Normal
Pistachio/VAD/vit-features/train/normal/industrial_normal_more/hd11_all__2.npy,Normal
Pistachio/VAD/vit-features/train/normal/industrial_normal_more/hd11_all__3.npy,Normal
Pistachio/VAD/vit-features/train/normal/industrial_normal_more/hd11_all__4.npy,Normal
Pistachio/VAD/vit-features/train/normal/industrial_normal_more/hd11_all__5.npy,Normal
Pistachio/VAD/vit-features/train/normal/industrial_normal_more/hd11_all__6.npy,Normal
Pistachio/VAD/vit-features/train/normal/industrial_normal_more/hd11_all__7.npy,Normal
Pistachio/VAD/vit-features/train/normal/industrial_normal_more/hd11_all__8.npy,Normal
Pistachio/VAD/vit-features/train/normal/industrial_normal_more/hd11_all__9.npy,Normal
Pistachio/VAD/vit-features/train/normal/industrial_normal_more/hd122_all__0.npy,Normal
Pistachio/VAD/vit-features/train/normal/industrial_normal_more/hd122_all__1.npy,Normal
Pistachio/VAD/vit-features/train/normal/industrial_normal_more/hd122_all__2.npy,Normal
Pistachio/VAD/vit-features/train/normal/industrial_normal_more/hd122_all__3.npy,Normal
Pistachio/VAD/vit-features/train/normal/industrial_normal_more/hd122_all__4.npy,Normal
Pistachio/VAD/vit-features/train/normal/industrial_normal_more/hd122_all__5.npy,Normal
Pistachio/VAD/vit-features/train/normal/industrial_normal_more/hd122_all__6.npy,Normal
Pistachio/VAD/vit-features/train/normal/industrial_normal_more/hd122_all__7.npy,Normal
Pistachio/VAD/vit-features/train/normal/industrial_normal_more/hd122_all__8.npy,Normal
Pistachio/VAD/vit-features/train/normal/industrial_normal_more/hd122_all__9.npy,Normal
Pistachio/VAD/vit-features/train/normal/industrial_normal_more/hd126_all__0.npy,Normal
Pistachio/VAD/vit-features/train/normal/industrial_normal_more/hd126_all__1.npy,Normal
Pistachio/VAD/vit-features/train/normal/industrial_normal_more/hd126_all__2.npy,Normal
Pistachio/VAD/vit-features/train/normal/industrial_normal_more/hd126_all__3.npy,Normal
Pistachio/VAD/vit-features/train/normal/industrial_normal_more/hd126_all__4.npy,Normal
Pistachio/VAD/vit-features/train/normal/industrial_normal_more/hd126_all__5.npy,Normal
Pistachio/VAD/vit-features/train/normal/industrial_normal_more/hd126_all__6.npy,Normal
Pistachio/VAD/vit-features/train/normal/industrial_normal_more/hd126_all__7.npy,Normal
Pistachio/VAD/vit-features/train/normal/industrial_normal_more/hd126_all__8.npy,Normal
Pistachio/VAD/vit-features/train/normal/industrial_normal_more/hd126_all__9.npy,Normal
Pistachio/VAD/vit-features/train/normal/industrial_normal_more/hd12_all__0.npy,Normal
Pistachio/VAD/vit-features/train/normal/industrial_normal_more/hd12_all__1.npy,Normal
Pistachio/VAD/vit-features/train/normal/industrial_normal_more/hd12_all__2.npy,Normal
Pistachio/VAD/vit-features/train/normal/industrial_normal_more/hd12_all__3.npy,Normal
Pistachio/VAD/vit-features/train/normal/industrial_normal_more/hd12_all__4.npy,Normal
Pistachio/VAD/vit-features/train/normal/industrial_normal_more/hd12_all__5.npy,Normal
Pistachio/VAD/vit-features/train/normal/industrial_normal_more/hd12_all__6.npy,Normal
Pistachio/VAD/vit-features/train/normal/industrial_normal_more/hd12_all__7.npy,Normal
Pistachio/VAD/vit-features/train/normal/industrial_normal_more/hd12_all__8.npy,Normal
Pistachio/VAD/vit-features/train/normal/industrial_normal_more/hd12_all__9.npy,Normal
Pistachio/VAD/vit-features/train/normal/industrial_normal_more/hd137_all__0.npy,Normal
Pistachio/VAD/vit-features/train/normal/industrial_normal_more/hd137_all__1.npy,Normal
Pistachio/VAD/vit-features/train/normal/industrial_normal_more/hd137_all__2.npy,Normal
Pistachio/VAD/vit-features/train/normal/industrial_normal_more/hd137_all__3.npy,Normal
Pistachio/VAD/vit-features/train/normal/industrial_normal_more/hd137_all__4.npy,Normal
Pistachio/VAD/vit-features/train/normal/industrial_normal_more/hd137_all__5.npy,Normal
Pistachio/VAD/vit-features/train/normal/industrial_normal_more/hd137_all__6.npy,Normal
Pistachio/VAD/vit-features/train/normal/industrial_normal_more/hd137_all__7.npy,Normal
Pistachio/VAD/vit-features/train/normal/industrial_normal_more/hd137_all__8.npy,Normal
Pistachio/VAD/vit-features/train/normal/industrial_normal_more/hd137_all__9.npy,Normal
Pistachio/VAD/vit-features/train/normal/industrial_normal_more/hd143_all__0.npy,Normal
Pistachio/VAD/vit-features/train/normal/industrial_normal_more/hd143_all__1.npy,Normal
Pistachio/VAD/vit-features/train/normal/industrial_normal_more/hd143_all__2.npy,Normal
Pistachio/VAD/vit-features/train/normal/industrial_normal_more/hd143_all__3.npy,Normal
Pistachio/VAD/vit-features/train/normal/industrial_normal_more/hd143_all__4.npy,Normal
Pistachio/VAD/vit-features/train/normal/industrial_normal_more/hd143_all__5.npy,Normal
Pistachio/VAD/vit-features/train/normal/industrial_normal_more/hd143_all__6.npy,Normal
Pistachio/VAD/vit-features/train/normal/industrial_normal_more/hd143_all__7.npy,Normal
Pistachio/VAD/vit-features/train/normal/industrial_normal_more/hd143_all__8.npy,Normal
Pistachio/VAD/vit-features/train/normal/industrial_normal_more/hd143_all__9.npy,Normal
Pistachio/VAD/vit-features/train/normal/industrial_normal_more/hd170_all__0.npy,Normal
Pistachio/VAD/vit-features/train/normal/industrial_normal_more/hd170_all__1.npy,Normal
Pistachio/VAD/vit-features/train/normal/industrial_normal_more/hd170_all__2.npy,Normal
Pistachio/VAD/vit-features/train/normal/industrial_normal_more/hd170_all__3.npy,Normal
Pistachio/VAD/vit-features/train/normal/industrial_normal_more/hd170_all__4.npy,Normal
Pistachio/VAD/vit-features/train/normal/industrial_normal_more/hd170_all__5.npy,Normal
Pistachio/VAD/vit-features/train/normal/industrial_normal_more/hd170_all__6.npy,Normal
Pistachio/VAD/vit-features/train/normal/industrial_normal_more/hd170_all__7.npy,Normal
Pistachio/VAD/vit-features/train/normal/industrial_normal_more/hd170_all__8.npy,Normal
Pistachio/VAD/vit-features/train/normal/industrial_normal_more/hd170_all__9.npy,Normal
Pistachio/VAD/vit-features/train/normal/industrial_normal_more/hd232_all__0.npy,Normal
Pistachio/VAD/vit-features/train/normal/industrial_normal_more/hd232_all__1.npy,Normal
Pistachio/VAD/vit-features/train/normal/industrial_normal_more/hd232_all__2.npy,Normal
Pistachio/VAD/vit-features/train/normal/industrial_normal_more/hd232_all__3.npy,Normal
Pistachio/VAD/vit-features/train/normal/industrial_normal_more/hd232_all__4.npy,Normal
Pistachio/VAD/vit-features/train/normal/industrial_normal_more/hd232_all__5.npy,Normal
Pistachio/VAD/vit-features/train/normal/industrial_normal_more/hd232_all__6.npy,Normal
Pistachio/VAD/vit-features/train/normal/industrial_normal_more/hd232_all__7.npy,Normal
Pistachio/VAD/vit-features/train/normal/industrial_normal_more/hd232_all__8.npy,Normal
Pistachio/VAD/vit-features/train/normal/industrial_normal_more/hd232_all__9.npy,Normal
Pistachio/VAD/vit-features/train/normal/industrial_normal_more/hd23_all__0.npy,Normal
Pistachio/VAD/vit-features/train/normal/industrial_normal_more/hd23_all__1.npy,Normal
Pistachio/VAD/vit-features/train/normal/industrial_normal_more/hd23_all__2.npy,Normal
Pistachio/VAD/vit-features/train/normal/industrial_normal_more/hd23_all__3.npy,Normal
Pistachio/VAD/vit-features/train/normal/industrial_normal_more/hd23_all__4.npy,Normal
Pistachio/VAD/vit-features/train/normal/industrial_normal_more/hd23_all__5.npy,Normal
Pistachio/VAD/vit-features/train/normal/industrial_normal_more/hd23_all__6.npy,Normal
Pistachio/VAD/vit-features/train/normal/industrial_normal_more/hd23_all__7.npy,Normal
Pistachio/VAD/vit-features/train/normal/industrial_normal_more/hd23_all__8.npy,Normal
Pistachio/VAD/vit-features/train/normal/industrial_normal_more/hd23_all__9.npy,Normal
Pistachio/VAD/vit-features/train/normal/industrial_normal_more/hd244_all__0.npy,Normal
Pistachio/VAD/vit-features/train/normal/industrial_normal_more/hd244_all__1.npy,Normal
Pistachio/VAD/vit-features/train/normal/industrial_normal_more/hd244_all__2.npy,Normal
Pistachio/VAD/vit-features/train/normal/industrial_normal_more/hd244_all__3.npy,Normal
Pistachio/VAD/vit-features/train/normal/industrial_normal_more/hd244_all__4.npy,Normal
Pistachio/VAD/vit-features/train/normal/industrial_normal_more/hd244_all__5.npy,Normal
Pistachio/VAD/vit-features/train/normal/industrial_normal_more/hd244_all__6.npy,Normal
Pistachio/VAD/vit-features/train/normal/industrial_normal_more/hd244_all__7.npy,Normal
Pistachio/VAD/vit-features/train/normal/industrial_normal_more/hd244_all__8.npy,Normal
Pistachio/VAD/vit-features/train/normal/industrial_normal_more/hd244_all__9.npy,Normal
Pistachio/VAD/vit-features/train/normal/industrial_normal_more/hd245_all__0.npy,Normal
Pistachio/VAD/vit-features/train/normal/industrial_normal_more/hd245_all__1.npy,Normal
Pistachio/VAD/vit-features/train/normal/industrial_normal_more/hd245_all__2.npy,Normal
Pistachio/VAD/vit-features/train/normal/industrial_normal_more/hd245_all__3.npy,Normal
Pistachio/VAD/vit-features/train/normal/industrial_normal_more/hd245_all__4.npy,Normal
Pistachio/VAD/vit-features/train/normal/industrial_normal_more/hd245_all__5.npy,Normal
Pistachio/VAD/vit-features/train/normal/industrial_normal_more/hd245_all__6.npy,Normal
Pistachio/VAD/vit-features/train/normal/industrial_normal_more/hd245_all__7.npy,Normal
Pistachio/VAD/vit-features/train/normal/industrial_normal_more/hd245_all__8.npy,Normal
Pistachio/VAD/vit-features/train/normal/industrial_normal_more/hd245_all__9.npy,Normal
Pistachio/VAD/vit-features/train/normal/industrial_normal_more/hd246_all__0.npy,Normal
Pistachio/VAD/vit-features/train/normal/industrial_normal_more/hd246_all__1.npy,Normal
Pistachio/VAD/vit-features/train/normal/industrial_normal_more/hd246_all__2.npy,Normal
Pistachio/VAD/vit-features/train/normal/industrial_normal_more/hd246_all__3.npy,Normal
Pistachio/VAD/vit-features/train/normal/industrial_normal_more/hd246_all__4.npy,Normal
Pistachio/VAD/vit-features/train/normal/industrial_normal_more/hd246_all__5.npy,Normal
Pistachio/VAD/vit-features/train/normal/industrial_normal_more/hd246_all__6.npy,Normal
Pistachio/VAD/vit-features/train/normal/industrial_normal_more/hd246_all__7.npy,Normal
Pistachio/VAD/vit-features/train/normal/industrial_normal_more/hd246_all__8.npy,Normal
Pistachio/VAD/vit-features/train/normal/industrial_normal_more/hd246_all__9.npy,Normal
Pistachio/VAD/vit-features/train/normal/industrial_normal_more/hd249_all__0.npy,Normal
Pistachio/VAD/vit-features/train/normal/industrial_normal_more/hd249_all__1.npy,Normal
Pistachio/VAD/vit-features/train/normal/industrial_normal_more/hd249_all__2.npy,Normal
Pistachio/VAD/vit-features/train/normal/industrial_normal_more/hd249_all__3.npy,Normal
Pistachio/VAD/vit-features/train/normal/industrial_normal_more/hd249_all__4.npy,Normal
Pistachio/VAD/vit-features/train/normal/industrial_normal_more/hd249_all__5.npy,Normal
Pistachio/VAD/vit-features/train/normal/industrial_normal_more/hd249_all__6.npy,Normal
Pistachio/VAD/vit-features/train/normal/industrial_normal_more/hd249_all__7.npy,Normal
Pistachio/VAD/vit-features/train/normal/industrial_normal_more/hd249_all__8.npy,Normal
Pistachio/VAD/vit-features/train/normal/industrial_normal_more/hd249_all__9.npy,Normal
Pistachio/VAD/vit-features/train/normal/industrial_normal_more/hd250_all__0.npy,Normal
Pistachio/VAD/vit-features/train/normal/industrial_normal_more/hd250_all__1.npy,Normal
Pistachio/VAD/vit-features/train/normal/industrial_normal_more/hd250_all__2.npy,Normal
Pistachio/VAD/vit-features/train/normal/industrial_normal_more/hd250_all__3.npy,Normal
Pistachio/VAD/vit-features/train/normal/industrial_normal_more/hd250_all__4.npy,Normal
Pistachio/VAD/vit-features/train/normal/industrial_normal_more/hd250_all__5.npy,Normal
Pistachio/VAD/vit-features/train/normal/industrial_normal_more/hd250_all__6.npy,Normal
Pistachio/VAD/vit-features/train/normal/industrial_normal_more/hd250_all__7.npy,Normal
Pistachio/VAD/vit-features/train/normal/industrial_normal_more/hd250_all__8.npy,Normal
Pistachio/VAD/vit-features/train/normal/industrial_normal_more/hd250_all__9.npy,Normal
Pistachio/VAD/vit-features/train/normal/industrial_normal_more/hd276_all__0.npy,Normal
Pistachio/VAD/vit-features/train/normal/industrial_normal_more/hd276_all__1.npy,Normal
Pistachio/VAD/vit-features/train/normal/industrial_normal_more/hd276_all__2.npy,Normal
Pistachio/VAD/vit-features/train/normal/industrial_normal_more/hd276_all__3.npy,Normal
Pistachio/VAD/vit-features/train/normal/industrial_normal_more/hd276_all__4.npy,Normal
Pistachio/VAD/vit-features/train/normal/industrial_normal_more/hd276_all__5.npy,Normal
Pistachio/VAD/vit-features/train/normal/industrial_normal_more/hd276_all__6.npy,Normal
Pistachio/VAD/vit-features/train/normal/industrial_normal_more/hd276_all__7.npy,Normal
Pistachio/VAD/vit-features/train/normal/industrial_normal_more/hd276_all__8.npy,Normal
Pistachio/VAD/vit-features/train/normal/industrial_normal_more/hd276_all__9.npy,Normal
Pistachio/VAD/vit-features/train/normal/industrial_normal_more/hd281_all__0.npy,Normal
Pistachio/VAD/vit-features/train/normal/industrial_normal_more/hd281_all__1.npy,Normal
Pistachio/VAD/vit-features/train/normal/industrial_normal_more/hd281_all__2.npy,Normal
Pistachio/VAD/vit-features/train/normal/industrial_normal_more/hd281_all__3.npy,Normal
Pistachio/VAD/vit-features/train/normal/industrial_normal_more/hd281_all__4.npy,Normal
Pistachio/VAD/vit-features/train/normal/industrial_normal_more/hd281_all__5.npy,Normal
Pistachio/VAD/vit-features/train/normal/industrial_normal_more/hd281_all__6.npy,Normal
Pistachio/VAD/vit-features/train/normal/industrial_normal_more/hd281_all__7.npy,Normal
Pistachio/VAD/vit-features/train/normal/industrial_normal_more/hd281_all__8.npy,Normal
Pistachio/VAD/vit-features/train/normal/industrial_normal_more/hd281_all__9.npy,Normal
Pistachio/VAD/vit-features/train/normal/industrial_normal_more/hd305_all__0.npy,Normal
Pistachio/VAD/vit-features/train/normal/industrial_normal_more/hd305_all__1.npy,Normal
Pistachio/VAD/vit-features/train/normal/industrial_normal_more/hd305_all__2.npy,Normal
Pistachio/VAD/vit-features/train/normal/industrial_normal_more/hd305_all__3.npy,Normal
Pistachio/VAD/vit-features/train/normal/industrial_normal_more/hd305_all__4.npy,Normal
Pistachio/VAD/vit-features/train/normal/industrial_normal_more/hd305_all__5.npy,Normal
Pistachio/VAD/vit-features/train/normal/industrial_normal_more/hd305_all__6.npy,Normal
Pistachio/VAD/vit-features/train/normal/industrial_normal_more/hd305_all__7.npy,Normal
Pistachio/VAD/vit-features/train/normal/industrial_normal_more/hd305_all__8.npy,Normal
Pistachio/VAD/vit-features/train/normal/industrial_normal_more/hd305_all__9.npy,Normal
Pistachio/VAD/vit-features/train/normal/industrial_normal_more/hd32_all__0.npy,Normal
Pistachio/VAD/vit-features/train/normal/industrial_normal_more/hd32_all__1.npy,Normal
Pistachio/VAD/vit-features/train/normal/industrial_normal_more/hd32_all__2.npy,Normal
Pistachio/VAD/vit-features/train/normal/industrial_normal_more/hd32_all__3.npy,Normal
Pistachio/VAD/vit-features/train/normal/industrial_normal_more/hd32_all__4.npy,Normal
Pistachio/VAD/vit-features/train/normal/industrial_normal_more/hd32_all__5.npy,Normal
Pistachio/VAD/vit-features/train/normal/industrial_normal_more/hd32_all__6.npy,Normal
Pistachio/VAD/vit-features/train/normal/industrial_normal_more/hd32_all__7.npy,Normal
Pistachio/VAD/vit-features/train/normal/industrial_normal_more/hd32_all__8.npy,Normal
Pistachio/VAD/vit-features/train/normal/industrial_normal_more/hd32_all__9.npy,Normal
Pistachio/VAD/vit-features/train/normal/industrial_normal_more/hd340_all__0.npy,Normal
Pistachio/VAD/vit-features/train/normal/industrial_normal_more/hd340_all__1.npy,Normal
Pistachio/VAD/vit-features/train/normal/industrial_normal_more/hd340_all__2.npy,Normal
Pistachio/VAD/vit-features/train/normal/industrial_normal_more/hd340_all__3.npy,Normal
Pistachio/VAD/vit-features/train/normal/industrial_normal_more/hd340_all__4.npy,Normal
Pistachio/VAD/vit-features/train/normal/industrial_normal_more/hd340_all__5.npy,Normal
Pistachio/VAD/vit-features/train/normal/industrial_normal_more/hd340_all__6.npy,Normal
Pistachio/VAD/vit-features/train/normal/industrial_normal_more/hd340_all__7.npy,Normal
Pistachio/VAD/vit-features/train/normal/industrial_normal_more/hd340_all__8.npy,Normal
Pistachio/VAD/vit-features/train/normal/industrial_normal_more/hd340_all__9.npy,Normal
Pistachio/VAD/vit-features/train/normal/industrial_normal_more/hd347_all__0.npy,Normal
Pistachio/VAD/vit-features/train/normal/industrial_normal_more/hd347_all__1.npy,Normal
Pistachio/VAD/vit-features/train/normal/industrial_normal_more/hd347_all__2.npy,Normal
Pistachio/VAD/vit-features/train/normal/industrial_normal_more/hd347_all__3.npy,Normal
Pistachio/VAD/vit-features/train/normal/industrial_normal_more/hd347_all__4.npy,Normal
Pistachio/VAD/vit-features/train/normal/industrial_normal_more/hd347_all__5.npy,Normal
Pistachio/VAD/vit-features/train/normal/industrial_normal_more/hd347_all__6.npy,Normal
Pistachio/VAD/vit-features/train/normal/industrial_normal_more/hd347_all__7.npy,Normal
Pistachio/VAD/vit-features/train/normal/industrial_normal_more/hd347_all__8.npy,Normal
Pistachio/VAD/vit-features/train/normal/industrial_normal_more/hd347_all__9.npy,Normal
Pistachio/VAD/vit-features/train/normal/industrial_normal_more/hd348_all__0.npy,Normal
Pistachio/VAD/vit-features/train/normal/industrial_normal_more/hd348_all__1.npy,Normal
Pistachio/VAD/vit-features/train/normal/industrial_normal_more/hd348_all__2.npy,Normal
Pistachio/VAD/vit-features/train/normal/industrial_normal_more/hd348_all__3.npy,Normal
Pistachio/VAD/vit-features/train/normal/industrial_normal_more/hd348_all__4.npy,Normal
Pistachio/VAD/vit-features/train/normal/industrial_normal_more/hd348_all__5.npy,Normal
Pistachio/VAD/vit-features/train/normal/industrial_normal_more/hd348_all__6.npy,Normal
Pistachio/VAD/vit-features/train/normal/industrial_normal_more/hd348_all__7.npy,Normal
Pistachio/VAD/vit-features/train/normal/industrial_normal_more/hd348_all__8.npy,Normal
Pistachio/VAD/vit-features/train/normal/industrial_normal_more/hd348_all__9.npy,Normal
Pistachio/VAD/vit-features/train/normal/industrial_normal_more/hd356_all__0.npy,Normal
Pistachio/VAD/vit-features/train/normal/industrial_normal_more/hd356_all__1.npy,Normal
Pistachio/VAD/vit-features/train/normal/industrial_normal_more/hd356_all__2.npy,Normal
Pistachio/VAD/vit-features/train/normal/industrial_normal_more/hd356_all__3.npy,Normal
Pistachio/VAD/vit-features/train/normal/industrial_normal_more/hd356_all__4.npy,Normal
Pistachio/VAD/vit-features/train/normal/industrial_normal_more/hd356_all__5.npy,Normal
Pistachio/VAD/vit-features/train/normal/industrial_normal_more/hd356_all__6.npy,Normal
Pistachio/VAD/vit-features/train/normal/industrial_normal_more/hd356_all__7.npy,Normal
Pistachio/VAD/vit-features/train/normal/industrial_normal_more/hd356_all__8.npy,Normal
Pistachio/VAD/vit-features/train/normal/industrial_normal_more/hd356_all__9.npy,Normal
Pistachio/VAD/vit-features/train/normal/industrial_normal_more/hd367_all__0.npy,Normal
Pistachio/VAD/vit-features/train/normal/industrial_normal_more/hd367_all__1.npy,Normal
Pistachio/VAD/vit-features/train/normal/industrial_normal_more/hd367_all__2.npy,Normal
Pistachio/VAD/vit-features/train/normal/industrial_normal_more/hd367_all__3.npy,Normal
Pistachio/VAD/vit-features/train/normal/industrial_normal_more/hd367_all__4.npy,Normal
Pistachio/VAD/vit-features/train/normal/industrial_normal_more/hd367_all__5.npy,Normal
Pistachio/VAD/vit-features/train/normal/industrial_normal_more/hd367_all__6.npy,Normal
Pistachio/VAD/vit-features/train/normal/industrial_normal_more/hd367_all__7.npy,Normal
Pistachio/VAD/vit-features/train/normal/industrial_normal_more/hd367_all__8.npy,Normal
Pistachio/VAD/vit-features/train/normal/industrial_normal_more/hd367_all__9.npy,Normal
Pistachio/VAD/vit-features/train/normal/industrial_normal_more/hd376_all__0.npy,Normal
Pistachio/VAD/vit-features/train/normal/industrial_normal_more/hd376_all__1.npy,Normal
Pistachio/VAD/vit-features/train/normal/industrial_normal_more/hd376_all__2.npy,Normal
Pistachio/VAD/vit-features/train/normal/industrial_normal_more/hd376_all__3.npy,Normal
Pistachio/VAD/vit-features/train/normal/industrial_normal_more/hd376_all__4.npy,Normal
Pistachio/VAD/vit-features/train/normal/industrial_normal_more/hd376_all__5.npy,Normal
Pistachio/VAD/vit-features/train/normal/industrial_normal_more/hd376_all__6.npy,Normal
Pistachio/VAD/vit-features/train/normal/industrial_normal_more/hd376_all__7.npy,Normal
Pistachio/VAD/vit-features/train/normal/industrial_normal_more/hd376_all__8.npy,Normal
Pistachio/VAD/vit-features/train/normal/industrial_normal_more/hd376_all__9.npy,Normal
Pistachio/VAD/vit-features/train/normal/industrial_normal_more/hd389_all__0.npy,Normal
Pistachio/VAD/vit-features/train/normal/industrial_normal_more/hd389_all__1.npy,Normal
Pistachio/VAD/vit-features/train/normal/industrial_normal_more/hd389_all__2.npy,Normal
Pistachio/VAD/vit-features/train/normal/industrial_normal_more/hd389_all__3.npy,Normal
Pistachio/VAD/vit-features/train/normal/industrial_normal_more/hd389_all__4.npy,Normal
Pistachio/VAD/vit-features/train/normal/industrial_normal_more/hd389_all__5.npy,Normal
Pistachio/VAD/vit-features/train/normal/industrial_normal_more/hd389_all__6.npy,Normal
Pistachio/VAD/vit-features/train/normal/industrial_normal_more/hd389_all__7.npy,Normal
Pistachio/VAD/vit-features/train/normal/industrial_normal_more/hd389_all__8.npy,Normal
Pistachio/VAD/vit-features/train/normal/industrial_normal_more/hd389_all__9.npy,Normal
Pistachio/VAD/vit-features/train/normal/industrial_normal_more/hd421_all__0.npy,Normal
Pistachio/VAD/vit-features/train/normal/industrial_normal_more/hd421_all__1.npy,Normal
Pistachio/VAD/vit-features/train/normal/industrial_normal_more/hd421_all__2.npy,Normal
Pistachio/VAD/vit-features/train/normal/industrial_normal_more/hd421_all__3.npy,Normal
Pistachio/VAD/vit-features/train/normal/industrial_normal_more/hd421_all__4.npy,Normal
Pistachio/VAD/vit-features/train/normal/industrial_normal_more/hd421_all__5.npy,Normal
Pistachio/VAD/vit-features/train/normal/industrial_normal_more/hd421_all__6.npy,Normal
Pistachio/VAD/vit-features/train/normal/industrial_normal_more/hd421_all__7.npy,Normal
Pistachio/VAD/vit-features/train/normal/industrial_normal_more/hd421_all__8.npy,Normal
Pistachio/VAD/vit-features/train/normal/industrial_normal_more/hd421_all__9.npy,Normal
Pistachio/VAD/vit-features/train/normal/industrial_normal_more/hd424_all__0.npy,Normal
Pistachio/VAD/vit-features/train/normal/industrial_normal_more/hd424_all__1.npy,Normal
Pistachio/VAD/vit-features/train/normal/industrial_normal_more/hd424_all__2.npy,Normal
Pistachio/VAD/vit-features/train/normal/industrial_normal_more/hd424_all__3.npy,Normal
Pistachio/VAD/vit-features/train/normal/industrial_normal_more/hd424_all__4.npy,Normal
Pistachio/VAD/vit-features/train/normal/industrial_normal_more/hd424_all__5.npy,Normal
Pistachio/VAD/vit-features/train/normal/industrial_normal_more/hd424_all__6.npy,Normal
Pistachio/VAD/vit-features/train/normal/industrial_normal_more/hd424_all__7.npy,Normal
Pistachio/VAD/vit-features/train/normal/industrial_normal_more/hd424_all__8.npy,Normal
Pistachio/VAD/vit-features/train/normal/industrial_normal_more/hd424_all__9.npy,Normal
Pistachio/VAD/vit-features/train/normal/industrial_normal_more/hd434_all__0.npy,Normal
Pistachio/VAD/vit-features/train/normal/industrial_normal_more/hd434_all__1.npy,Normal
Pistachio/VAD/vit-features/train/normal/industrial_normal_more/hd434_all__2.npy,Normal
Pistachio/VAD/vit-features/train/normal/industrial_normal_more/hd434_all__3.npy,Normal
Pistachio/VAD/vit-features/train/normal/industrial_normal_more/hd434_all__4.npy,Normal
Pistachio/VAD/vit-features/train/normal/industrial_normal_more/hd434_all__5.npy,Normal
Pistachio/VAD/vit-features/train/normal/industrial_normal_more/hd434_all__6.npy,Normal
Pistachio/VAD/vit-features/train/normal/industrial_normal_more/hd434_all__7.npy,Normal
Pistachio/VAD/vit-features/train/normal/industrial_normal_more/hd434_all__8.npy,Normal
Pistachio/VAD/vit-features/train/normal/industrial_normal_more/hd434_all__9.npy,Normal
Pistachio/VAD/vit-features/train/normal/industrial_normal_more/hd440_all__0.npy,Normal
Pistachio/VAD/vit-features/train/normal/industrial_normal_more/hd440_all__1.npy,Normal
Pistachio/VAD/vit-features/train/normal/industrial_normal_more/hd440_all__2.npy,Normal
Pistachio/VAD/vit-features/train/normal/industrial_normal_more/hd440_all__3.npy,Normal
Pistachio/VAD/vit-features/train/normal/industrial_normal_more/hd440_all__4.npy,Normal
Pistachio/VAD/vit-features/train/normal/industrial_normal_more/hd440_all__5.npy,Normal
Pistachio/VAD/vit-features/train/normal/industrial_normal_more/hd440_all__6.npy,Normal
Pistachio/VAD/vit-features/train/normal/industrial_normal_more/hd440_all__7.npy,Normal
Pistachio/VAD/vit-features/train/normal/industrial_normal_more/hd440_all__8.npy,Normal
Pistachio/VAD/vit-features/train/normal/industrial_normal_more/hd440_all__9.npy,Normal
Pistachio/VAD/vit-features/train/normal/industrial_normal_more/hd445_all__0.npy,Normal
Pistachio/VAD/vit-features/train/normal/industrial_normal_more/hd445_all__1.npy,Normal
Pistachio/VAD/vit-features/train/normal/industrial_normal_more/hd445_all__2.npy,Normal
Pistachio/VAD/vit-features/train/normal/industrial_normal_more/hd445_all__3.npy,Normal
Pistachio/VAD/vit-features/train/normal/industrial_normal_more/hd445_all__4.npy,Normal
Pistachio/VAD/vit-features/train/normal/industrial_normal_more/hd445_all__5.npy,Normal
Pistachio/VAD/vit-features/train/normal/industrial_normal_more/hd445_all__6.npy,Normal
Pistachio/VAD/vit-features/train/normal/industrial_normal_more/hd445_all__7.npy,Normal
Pistachio/VAD/vit-features/train/normal/industrial_normal_more/hd445_all__8.npy,Normal
Pistachio/VAD/vit-features/train/normal/industrial_normal_more/hd445_all__9.npy,Normal
Pistachio/VAD/vit-features/train/normal/industrial_normal_more/hd448_all__0.npy,Normal
Pistachio/VAD/vit-features/train/normal/industrial_normal_more/hd448_all__1.npy,Normal
Pistachio/VAD/vit-features/train/normal/industrial_normal_more/hd448_all__2.npy,Normal
Pistachio/VAD/vit-features/train/normal/industrial_normal_more/hd448_all__3.npy,Normal
Pistachio/VAD/vit-features/train/normal/industrial_normal_more/hd448_all__4.npy,Normal
Pistachio/VAD/vit-features/train/normal/industrial_normal_more/hd448_all__5.npy,Normal
Pistachio/VAD/vit-features/train/normal/industrial_normal_more/hd448_all__6.npy,Normal
Pistachio/VAD/vit-features/train/normal/industrial_normal_more/hd448_all__7.npy,Normal
Pistachio/VAD/vit-features/train/normal/industrial_normal_more/hd448_all__8.npy,Normal
Pistachio/VAD/vit-features/train/normal/industrial_normal_more/hd448_all__9.npy,Normal
Pistachio/VAD/vit-features/train/normal/industrial_normal_more/hd458_all__0.npy,Normal
Pistachio/VAD/vit-features/train/normal/industrial_normal_more/hd458_all__1.npy,Normal
Pistachio/VAD/vit-features/train/normal/industrial_normal_more/hd458_all__2.npy,Normal
Pistachio/VAD/vit-features/train/normal/industrial_normal_more/hd458_all__3.npy,Normal
Pistachio/VAD/vit-features/train/normal/industrial_normal_more/hd458_all__4.npy,Normal
Pistachio/VAD/vit-features/train/normal/industrial_normal_more/hd458_all__5.npy,Normal
Pistachio/VAD/vit-features/train/normal/industrial_normal_more/hd458_all__6.npy,Normal
Pistachio/VAD/vit-features/train/normal/industrial_normal_more/hd458_all__7.npy,Normal
Pistachio/VAD/vit-features/train/normal/industrial_normal_more/hd458_all__8.npy,Normal
Pistachio/VAD/vit-features/train/normal/industrial_normal_more/hd458_all__9.npy,Normal
Pistachio/VAD/vit-features/train/normal/industrial_normal_more/hd461_all__0.npy,Normal
Pistachio/VAD/vit-features/train/normal/industrial_normal_more/hd461_all__1.npy,Normal
Pistachio/VAD/vit-features/train/normal/industrial_normal_more/hd461_all__2.npy,Normal
Pistachio/VAD/vit-features/train/normal/industrial_normal_more/hd461_all__3.npy,Normal
Pistachio/VAD/vit-features/train/normal/industrial_normal_more/hd461_all__4.npy,Normal
Pistachio/VAD/vit-features/train/normal/industrial_normal_more/hd461_all__5.npy,Normal
Pistachio/VAD/vit-features/train/normal/industrial_normal_more/hd461_all__6.npy,Normal
Pistachio/VAD/vit-features/train/normal/industrial_normal_more/hd461_all__7.npy,Normal
Pistachio/VAD/vit-features/train/normal/industrial_normal_more/hd461_all__8.npy,Normal
Pistachio/VAD/vit-features/train/normal/industrial_normal_more/hd461_all__9.npy,Normal
Pistachio/VAD/vit-features/train/normal/industrial_normal_more/hd473_all__0.npy,Normal
Pistachio/VAD/vit-features/train/normal/industrial_normal_more/hd473_all__1.npy,Normal
Pistachio/VAD/vit-features/train/normal/industrial_normal_more/hd473_all__2.npy,Normal
Pistachio/VAD/vit-features/train/normal/industrial_normal_more/hd473_all__3.npy,Normal
Pistachio/VAD/vit-features/train/normal/industrial_normal_more/hd473_all__4.npy,Normal
Pistachio/VAD/vit-features/train/normal/industrial_normal_more/hd473_all__5.npy,Normal
Pistachio/VAD/vit-features/train/normal/industrial_normal_more/hd473_all__6.npy,Normal
Pistachio/VAD/vit-features/train/normal/industrial_normal_more/hd473_all__7.npy,Normal
Pistachio/VAD/vit-features/train/normal/industrial_normal_more/hd473_all__8.npy,Normal
Pistachio/VAD/vit-features/train/normal/industrial_normal_more/hd473_all__9.npy,Normal
Pistachio/VAD/vit-features/train/normal/industrial_normal_more/hd913_all__0.npy,Normal
Pistachio/VAD/vit-features/train/normal/industrial_normal_more/hd913_all__1.npy,Normal
Pistachio/VAD/vit-features/train/normal/industrial_normal_more/hd913_all__2.npy,Normal
Pistachio/VAD/vit-features/train/normal/industrial_normal_more/hd913_all__3.npy,Normal
Pistachio/VAD/vit-features/train/normal/industrial_normal_more/hd913_all__4.npy,Normal
Pistachio/VAD/vit-features/train/normal/industrial_normal_more/hd913_all__5.npy,Normal
Pistachio/VAD/vit-features/train/normal/industrial_normal_more/hd913_all__6.npy,Normal
Pistachio/VAD/vit-features/train/normal/industrial_normal_more/hd913_all__7.npy,Normal
Pistachio/VAD/vit-features/train/normal/industrial_normal_more/hd913_all__8.npy,Normal
Pistachio/VAD/vit-features/train/normal/industrial_normal_more/hd913_all__9.npy,Normal
Pistachio/VAD/vit-features/train/normal/industrial_normal_more/hd917_all__0.npy,Normal
Pistachio/VAD/vit-features/train/normal/industrial_normal_more/hd917_all__1.npy,Normal
Pistachio/VAD/vit-features/train/normal/industrial_normal_more/hd917_all__2.npy,Normal
Pistachio/VAD/vit-features/train/normal/industrial_normal_more/hd917_all__3.npy,Normal
Pistachio/VAD/vit-features/train/normal/industrial_normal_more/hd917_all__4.npy,Normal
Pistachio/VAD/vit-features/train/normal/industrial_normal_more/hd917_all__5.npy,Normal
Pistachio/VAD/vit-features/train/normal/industrial_normal_more/hd917_all__6.npy,Normal
Pistachio/VAD/vit-features/train/normal/industrial_normal_more/hd917_all__7.npy,Normal
Pistachio/VAD/vit-features/train/normal/industrial_normal_more/hd917_all__8.npy,Normal
Pistachio/VAD/vit-features/train/normal/industrial_normal_more/hd917_all__9.npy,Normal
Pistachio/VAD/vit-features/train/normal/industrial_normal_more/hd918_all__0.npy,Normal
Pistachio/VAD/vit-features/train/normal/industrial_normal_more/hd918_all__1.npy,Normal
Pistachio/VAD/vit-features/train/normal/industrial_normal_more/hd918_all__2.npy,Normal
Pistachio/VAD/vit-features/train/normal/industrial_normal_more/hd918_all__3.npy,Normal
Pistachio/VAD/vit-features/train/normal/industrial_normal_more/hd918_all__4.npy,Normal
Pistachio/VAD/vit-features/train/normal/industrial_normal_more/hd918_all__5.npy,Normal
Pistachio/VAD/vit-features/train/normal/industrial_normal_more/hd918_all__6.npy,Normal
Pistachio/VAD/vit-features/train/normal/industrial_normal_more/hd918_all__7.npy,Normal
Pistachio/VAD/vit-features/train/normal/industrial_normal_more/hd918_all__8.npy,Normal
Pistachio/VAD/vit-features/train/normal/industrial_normal_more/hd918_all__9.npy,Normal
Pistachio/VAD/vit-features/train/normal/industrial_normal_more/hd919_all__0.npy,Normal
Pistachio/VAD/vit-features/train/normal/industrial_normal_more/hd919_all__1.npy,Normal
Pistachio/VAD/vit-features/train/normal/industrial_normal_more/hd919_all__2.npy,Normal
Pistachio/VAD/vit-features/train/normal/industrial_normal_more/hd919_all__3.npy,Normal
Pistachio/VAD/vit-features/train/normal/industrial_normal_more/hd919_all__4.npy,Normal
Pistachio/VAD/vit-features/train/normal/industrial_normal_more/hd919_all__5.npy,Normal
Pistachio/VAD/vit-features/train/normal/industrial_normal_more/hd919_all__6.npy,Normal
Pistachio/VAD/vit-features/train/normal/industrial_normal_more/hd919_all__7.npy,Normal
Pistachio/VAD/vit-features/train/normal/industrial_normal_more/hd919_all__8.npy,Normal
Pistachio/VAD/vit-features/train/normal/industrial_normal_more/hd919_all__9.npy,Normal
Pistachio/VAD/vit-features/train/normal/industrial_normal_more/hd920_all__0.npy,Normal
Pistachio/VAD/vit-features/train/normal/industrial_normal_more/hd920_all__1.npy,Normal
Pistachio/VAD/vit-features/train/normal/industrial_normal_more/hd920_all__2.npy,Normal
Pistachio/VAD/vit-features/train/normal/industrial_normal_more/hd920_all__3.npy,Normal
Pistachio/VAD/vit-features/train/normal/industrial_normal_more/hd920_all__4.npy,Normal
Pistachio/VAD/vit-features/train/normal/industrial_normal_more/hd920_all__5.npy,Normal
Pistachio/VAD/vit-features/train/normal/industrial_normal_more/hd920_all__6.npy,Normal
Pistachio/VAD/vit-features/train/normal/industrial_normal_more/hd920_all__7.npy,Normal
Pistachio/VAD/vit-features/train/normal/industrial_normal_more/hd920_all__8.npy,Normal
Pistachio/VAD/vit-features/train/normal/industrial_normal_more/hd920_all__9.npy,Normal
Pistachio/VAD/vit-features/train/normal/industrial_normal_more/hd922_all__0.npy,Normal
Pistachio/VAD/vit-features/train/normal/industrial_normal_more/hd922_all__1.npy,Normal
Pistachio/VAD/vit-features/train/normal/industrial_normal_more/hd922_all__2.npy,Normal
Pistachio/VAD/vit-features/train/normal/industrial_normal_more/hd922_all__3.npy,Normal
Pistachio/VAD/vit-features/train/normal/industrial_normal_more/hd922_all__4.npy,Normal
Pistachio/VAD/vit-features/train/normal/industrial_normal_more/hd922_all__5.npy,Normal
Pistachio/VAD/vit-features/train/normal/industrial_normal_more/hd922_all__6.npy,Normal
Pistachio/VAD/vit-features/train/normal/industrial_normal_more/hd922_all__7.npy,Normal
Pistachio/VAD/vit-features/train/normal/industrial_normal_more/hd922_all__8.npy,Normal
Pistachio/VAD/vit-features/train/normal/industrial_normal_more/hd922_all__9.npy,Normal
Pistachio/VAD/vit-features/train/normal/industrial_normal_more/hd931_all__0.npy,Normal
Pistachio/VAD/vit-features/train/normal/industrial_normal_more/hd931_all__1.npy,Normal
Pistachio/VAD/vit-features/train/normal/industrial_normal_more/hd931_all__2.npy,Normal
Pistachio/VAD/vit-features/train/normal/industrial_normal_more/hd931_all__3.npy,Normal
Pistachio/VAD/vit-features/train/normal/industrial_normal_more/hd931_all__4.npy,Normal
Pistachio/VAD/vit-features/train/normal/industrial_normal_more/hd931_all__5.npy,Normal
Pistachio/VAD/vit-features/train/normal/industrial_normal_more/hd931_all__6.npy,Normal
Pistachio/VAD/vit-features/train/normal/industrial_normal_more/hd931_all__7.npy,Normal
Pistachio/VAD/vit-features/train/normal/industrial_normal_more/hd931_all__8.npy,Normal
Pistachio/VAD/vit-features/train/normal/industrial_normal_more/hd931_all__9.npy,Normal
Pistachio/VAD/vit-features/train/normal/industrial_normal_more/hd932_all__0.npy,Normal
Pistachio/VAD/vit-features/train/normal/industrial_normal_more/hd932_all__1.npy,Normal
Pistachio/VAD/vit-features/train/normal/industrial_normal_more/hd932_all__2.npy,Normal
Pistachio/VAD/vit-features/train/normal/industrial_normal_more/hd932_all__3.npy,Normal
Pistachio/VAD/vit-features/train/normal/industrial_normal_more/hd932_all__4.npy,Normal
Pistachio/VAD/vit-features/train/normal/industrial_normal_more/hd932_all__5.npy,Normal
Pistachio/VAD/vit-features/train/normal/industrial_normal_more/hd932_all__6.npy,Normal
Pistachio/VAD/vit-features/train/normal/industrial_normal_more/hd932_all__7.npy,Normal
Pistachio/VAD/vit-features/train/normal/industrial_normal_more/hd932_all__8.npy,Normal
Pistachio/VAD/vit-features/train/normal/industrial_normal_more/hd932_all__9.npy,Normal
Pistachio/VAD/vit-features/train/normal/industrial_normal_more/hd934_all__0.npy,Normal
Pistachio/VAD/vit-features/train/normal/industrial_normal_more/hd934_all__1.npy,Normal
Pistachio/VAD/vit-features/train/normal/industrial_normal_more/hd934_all__2.npy,Normal
Pistachio/VAD/vit-features/train/normal/industrial_normal_more/hd934_all__3.npy,Normal
Pistachio/VAD/vit-features/train/normal/industrial_normal_more/hd934_all__4.npy,Normal
Pistachio/VAD/vit-features/train/normal/industrial_normal_more/hd934_all__5.npy,Normal
Pistachio/VAD/vit-features/train/normal/industrial_normal_more/hd934_all__6.npy,Normal
Pistachio/VAD/vit-features/train/normal/industrial_normal_more/hd934_all__7.npy,Normal
Pistachio/VAD/vit-features/train/normal/industrial_normal_more/hd934_all__8.npy,Normal
Pistachio/VAD/vit-features/train/normal/industrial_normal_more/hd934_all__9.npy,Normal
Pistachio/VAD/vit-features/train/normal/industrial_normal_more/hd936_all__0.npy,Normal
Pistachio/VAD/vit-features/train/normal/industrial_normal_more/hd936_all__1.npy,Normal
Pistachio/VAD/vit-features/train/normal/industrial_normal_more/hd936_all__2.npy,Normal
Pistachio/VAD/vit-features/train/normal/industrial_normal_more/hd936_all__3.npy,Normal
Pistachio/VAD/vit-features/train/normal/industrial_normal_more/hd936_all__4.npy,Normal
Pistachio/VAD/vit-features/train/normal/industrial_normal_more/hd936_all__5.npy,Normal
Pistachio/VAD/vit-features/train/normal/industrial_normal_more/hd936_all__6.npy,Normal
Pistachio/VAD/vit-features/train/normal/industrial_normal_more/hd936_all__7.npy,Normal
Pistachio/VAD/vit-features/train/normal/industrial_normal_more/hd936_all__8.npy,Normal
Pistachio/VAD/vit-features/train/normal/industrial_normal_more/hd936_all__9.npy,Normal
Pistachio/VAD/vit-features/train/normal/industrial_normal_more/hd941_all__0.npy,Normal
Pistachio/VAD/vit-features/train/normal/industrial_normal_more/hd941_all__1.npy,Normal
Pistachio/VAD/vit-features/train/normal/industrial_normal_more/hd941_all__2.npy,Normal
Pistachio/VAD/vit-features/train/normal/industrial_normal_more/hd941_all__3.npy,Normal
Pistachio/VAD/vit-features/train/normal/industrial_normal_more/hd941_all__4.npy,Normal
Pistachio/VAD/vit-features/train/normal/industrial_normal_more/hd941_all__5.npy,Normal
Pistachio/VAD/vit-features/train/normal/industrial_normal_more/hd941_all__6.npy,Normal
Pistachio/VAD/vit-features/train/normal/industrial_normal_more/hd941_all__7.npy,Normal
Pistachio/VAD/vit-features/train/normal/industrial_normal_more/hd941_all__8.npy,Normal
Pistachio/VAD/vit-features/train/normal/industrial_normal_more/hd941_all__9.npy,Normal
Pistachio/VAD/vit-features/train/normal/industrial_normal_more/hd942_all__0.npy,Normal
Pistachio/VAD/vit-features/train/normal/industrial_normal_more/hd942_all__1.npy,Normal
Pistachio/VAD/vit-features/train/normal/industrial_normal_more/hd942_all__2.npy,Normal
Pistachio/VAD/vit-features/train/normal/industrial_normal_more/hd942_all__3.npy,Normal
Pistachio/VAD/vit-features/train/normal/industrial_normal_more/hd942_all__4.npy,Normal
Pistachio/VAD/vit-features/train/normal/industrial_normal_more/hd942_all__5.npy,Normal
Pistachio/VAD/vit-features/train/normal/industrial_normal_more/hd942_all__6.npy,Normal
Pistachio/VAD/vit-features/train/normal/industrial_normal_more/hd942_all__7.npy,Normal
Pistachio/VAD/vit-features/train/normal/industrial_normal_more/hd942_all__8.npy,Normal
Pistachio/VAD/vit-features/train/normal/industrial_normal_more/hd942_all__9.npy,Normal
Pistachio/VAD/vit-features/train/normal/industrial_normal_more/hd943_all__0.npy,Normal
Pistachio/VAD/vit-features/train/normal/industrial_normal_more/hd943_all__1.npy,Normal
Pistachio/VAD/vit-features/train/normal/industrial_normal_more/hd943_all__2.npy,Normal
Pistachio/VAD/vit-features/train/normal/industrial_normal_more/hd943_all__3.npy,Normal
Pistachio/VAD/vit-features/train/normal/industrial_normal_more/hd943_all__4.npy,Normal
Pistachio/VAD/vit-features/train/normal/industrial_normal_more/hd943_all__5.npy,Normal
Pistachio/VAD/vit-features/train/normal/industrial_normal_more/hd943_all__6.npy,Normal
Pistachio/VAD/vit-features/train/normal/industrial_normal_more/hd943_all__7.npy,Normal
Pistachio/VAD/vit-features/train/normal/industrial_normal_more/hd943_all__8.npy,Normal
Pistachio/VAD/vit-features/train/normal/industrial_normal_more/hd943_all__9.npy,Normal
