path,label
Pistachio/VAD/vit-features/train/anomaly/infrastructure_anomaly_less/construction_accident/000000067285_all__0.npy,construction_accident
Pistachio/VAD/vit-features/train/anomaly/infrastructure_anomaly_less/construction_accident/000000067285_all__1.npy,construction_accident
Pistachio/VAD/vit-features/train/anomaly/infrastructure_anomaly_less/construction_accident/000000067285_all__2.npy,construction_accident
Pistachio/VAD/vit-features/train/anomaly/infrastructure_anomaly_less/construction_accident/000000067285_all__3.npy,construction_accident
Pistachio/VAD/vit-features/train/anomaly/infrastructure_anomaly_less/construction_accident/000000067285_all__4.npy,construction_accident
Pistachio/VAD/vit-features/train/anomaly/infrastructure_anomaly_less/construction_accident/000000067285_all__5.npy,construction_accident
Pistachio/VAD/vit-features/train/anomaly/infrastructure_anomaly_less/construction_accident/000000067285_all__6.npy,construction_accident
Pistachio/VAD/vit-features/train/anomaly/infrastructure_anomaly_less/construction_accident/000000067285_all__7.npy,construction_accident
Pistachio/VAD/vit-features/train/anomaly/infrastructure_anomaly_less/construction_accident/000000067285_all__8.npy,construction_accident
Pistachio/VAD/vit-features/train/anomaly/infrastructure_anomaly_less/construction_accident/000000067285_all__9.npy,construction_accident
Pistachio/VAD/vit-features/train/anomaly/infrastructure_anomaly_less/construction_accident/000000243635_all__0.npy,construction_accident
Pistachio/VAD/vit-features/train/anomaly/infrastructure_anomaly_less/construction_accident/000000243635_all__1.npy,construction_accident
Pistachio/VAD/vit-features/train/anomaly/infrastructure_anomaly_less/construction_accident/000000243635_all__2.npy,construction_accident
Pistachio/VAD/vit-features/train/anomaly/infrastructure_anomaly_less/construction_accident/000000243635_all__3.npy,construction_accident
Pistachio/VAD/vit-features/train/anomaly/infrastructure_anomaly_less/construction_accident/000000243635_all__4.npy,construction_accident
Pistachio/VAD/vit-features/train/anomaly/infrastructure_anomaly_less/construction_accident/000000243635_all__5.npy,construction_accident
Pistachio/VAD/vit-features/train/anomaly/infrastructure_anomaly_less/construction_accident/000000243635_all__6.npy,construction_accident
Pistachio/VAD/vit-features/train/anomaly/infrastructure_anomaly_less/construction_accident/000000243635_all__7.npy,construction_accident
Pistachio/VAD/vit-features/train/anomaly/infrastructure_anomaly_less/construction_accident/000000243635_all__8.npy,construction_accident
Pistachio/VAD/vit-features/train/anomaly/infrastructure_anomaly_less/construction_accident/000000243635_all__9.npy,construction_accident
Pistachio/VAD/vit-features/train/anomaly/infrastructure_anomaly_less/construction_accident/000000252152_all__0.npy,construction_accident
Pistachio/VAD/vit-features/train/anomaly/infrastructure_anomaly_less/construction_accident/000000252152_all__1.npy,construction_accident
Pistachio/VAD/vit-features/train/anomaly/infrastructure_anomaly_less/construction_accident/000000252152_all__2.npy,construction_accident
Pistachio/VAD/vit-features/train/anomaly/infrastructure_anomaly_less/construction_accident/000000252152_all__3.npy,construction_accident
Pistachio/VAD/vit-features/train/anomaly/infrastructure_anomaly_less/construction_accident/000000252152_all__4.npy,construction_accident
Pistachio/VAD/vit-features/train/anomaly/infrastructure_anomaly_less/construction_accident/000000252152_all__5.npy,construction_accident
Pistachio/VAD/vit-features/train/anomaly/infrastructure_anomaly_less/construction_accident/000000252152_all__6.npy,construction_accident
Pistachio/VAD/vit-features/train/anomaly/infrastructure_anomaly_less/construction_accident/000000252152_all__7.npy,construction_accident
Pistachio/VAD/vit-features/train/anomaly/infrastructure_anomaly_less/construction_accident/000000252152_all__8.npy,construction_accident
Pistachio/VAD/vit-features/train/anomaly/infrastructure_anomaly_less/construction_accident/000000252152_all__9.npy,construction_accident
Pistachio/VAD/vit-features/train/anomaly/infrastructure_anomaly_less/construction_accident/000000329070_all__0.npy,construction_accident
Pistachio/VAD/vit-features/train/anomaly/infrastructure_anomaly_less/construction_accident/000000329070_all__1.npy,construction_accident
Pistachio/VAD/vit-features/train/anomaly/infrastructure_anomaly_less/construction_accident/000000329070_all__2.npy,construction_accident
Pistachio/VAD/vit-features/train/anomaly/infrastructure_anomaly_less/construction_accident/000000329070_all__3.npy,construction_accident
Pistachio/VAD/vit-features/train/anomaly/infrastructure_anomaly_less/construction_accident/000000329070_all__4.npy,construction_accident
Pistachio/VAD/vit-features/train/anomaly/infrastructure_anomaly_less/construction_accident/000000329070_all__5.npy,construction_accident
Pistachio/VAD/vit-features/train/anomaly/infrastructure_anomaly_less/construction_accident/000000329070_all__6.npy,construction_accident
Pistachio/VAD/vit-features/train/anomaly/infrastructure_anomaly_less/construction_accident/000000329070_all__7.npy,construction_accident
Pistachio/VAD/vit-features/train/anomaly/infrastructure_anomaly_less/construction_accident/000000329070_all__8.npy,construction_accident
Pistachio/VAD/vit-features/train/anomaly/infrastructure_anomaly_less/construction_accident/000000329070_all__9.npy,construction_accident
Pistachio/VAD/vit-features/train/anomaly/infrastructure_anomaly_less/construction_accident/000000339037_all__0.npy,construction_accident
Pistachio/VAD/vit-features/train/anomaly/infrastructure_anomaly_less/construction_accident/000000339037_all__1.npy,construction_accident
Pistachio/VAD/vit-features/train/anomaly/infrastructure_anomaly_less/construction_accident/000000339037_all__2.npy,construction_accident
Pistachio/VAD/vit-features/train/anomaly/infrastructure_anomaly_less/construction_accident/000000339037_all__3.npy,construction_accident
Pistachio/VAD/vit-features/train/anomaly/infrastructure_anomaly_less/construction_accident/000000339037_all__4.npy,construction_accident
Pistachio/VAD/vit-features/train/anomaly/infrastructure_anomaly_less/construction_accident/000000339037_all__5.npy,construction_accident
Pistachio/VAD/vit-features/train/anomaly/infrastructure_anomaly_less/construction_accident/000000339037_all__6.npy,construction_accident
Pistachio/VAD/vit-features/train/anomaly/infrastructure_anomaly_less/construction_accident/000000339037_all__7.npy,construction_accident
Pistachio/VAD/vit-features/train/anomaly/infrastructure_anomaly_less/construction_accident/000000339037_all__8.npy,construction_accident
Pistachio/VAD/vit-features/train/anomaly/infrastructure_anomaly_less/construction_accident/000000339037_all__9.npy,construction_accident
Pistachio/VAD/vit-features/train/anomaly/infrastructure_anomaly_less/construction_accident/000000341249_all__0.npy,construction_accident
Pistachio/VAD/vit-features/train/anomaly/infrastructure_anomaly_less/construction_accident/000000341249_all__1.npy,construction_accident
Pistachio/VAD/vit-features/train/anomaly/infrastructure_anomaly_less/construction_accident/000000341249_all__2.npy,construction_accident
Pistachio/VAD/vit-features/train/anomaly/infrastructure_anomaly_less/construction_accident/000000341249_all__3.npy,construction_accident
Pistachio/VAD/vit-features/train/anomaly/infrastructure_anomaly_less/construction_accident/000000341249_all__4.npy,construction_accident
Pistachio/VAD/vit-features/train/anomaly/infrastructure_anomaly_less/construction_accident/000000341249_all__5.npy,construction_accident
Pistachio/VAD/vit-features/train/anomaly/infrastructure_anomaly_less/construction_accident/000000341249_all__6.npy,construction_accident
Pistachio/VAD/vit-features/train/anomaly/infrastructure_anomaly_less/construction_accident/000000341249_all__7.npy,construction_accident
Pistachio/VAD/vit-features/train/anomaly/infrastructure_anomaly_less/construction_accident/000000341249_all__8.npy,construction_accident
Pistachio/VAD/vit-features/train/anomaly/infrastructure_anomaly_less/construction_accident/000000341249_all__9.npy,construction_accident
Pistachio/VAD/vit-features/train/anomaly/infrastructure_anomaly_less/construction_accident/000000348412_all__0.npy,construction_accident
Pistachio/VAD/vit-features/train/anomaly/infrastructure_anomaly_less/construction_accident/000000348412_all__1.npy,construction_accident
Pistachio/VAD/vit-features/train/anomaly/infrastructure_anomaly_less/construction_accident/000000348412_all__2.npy,construction_accident
Pistachio/VAD/vit-features/train/anomaly/infrastructure_anomaly_less/construction_accident/000000348412_all__3.npy,construction_accident
Pistachio/VAD/vit-features/train/anomaly/infrastructure_anomaly_less/construction_accident/000000348412_all__4.npy,construction_accident
Pistachio/VAD/vit-features/train/anomaly/infrastructure_anomaly_less/construction_accident/000000348412_all__5.npy,construction_accident
Pistachio/VAD/vit-features/train/anomaly/infrastructure_anomaly_less/construction_accident/000000348412_all__6.npy,construction_accident
Pistachio/VAD/vit-features/train/anomaly/infrastructure_anomaly_less/construction_accident/000000348412_all__7.npy,construction_accident
Pistachio/VAD/vit-features/train/anomaly/infrastructure_anomaly_less/construction_accident/000000348412_all__8.npy,construction_accident
Pistachio/VAD/vit-features/train/anomaly/infrastructure_anomaly_less/construction_accident/000000348412_all__9.npy,construction_accident
Pistachio/VAD/vit-features/train/anomaly/infrastructure_anomaly_less/construction_accident/000000384144_all__0.npy,construction_accident
Pistachio/VAD/vit-features/train/anomaly/infrastructure_anomaly_less/construction_accident/000000384144_all__1.npy,construction_accident
Pistachio/VAD/vit-features/train/anomaly/infrastructure_anomaly_less/construction_accident/000000384144_all__2.npy,construction_accident
Pistachio/VAD/vit-features/train/anomaly/infrastructure_anomaly_less/construction_accident/000000384144_all__3.npy,construction_accident
Pistachio/VAD/vit-features/train/anomaly/infrastructure_anomaly_less/construction_accident/000000384144_all__4.npy,construction_accident
Pistachio/VAD/vit-features/train/anomaly/infrastructure_anomaly_less/construction_accident/000000384144_all__5.npy,construction_accident
Pistachio/VAD/vit-features/train/anomaly/infrastructure_anomaly_less/construction_accident/000000384144_all__6.npy,construction_accident
Pistachio/VAD/vit-features/train/anomaly/infrastructure_anomaly_less/construction_accident/000000384144_all__7.npy,construction_accident
Pistachio/VAD/vit-features/train/anomaly/infrastructure_anomaly_less/construction_accident/000000384144_all__8.npy,construction_accident
Pistachio/VAD/vit-features/train/anomaly/infrastructure_anomaly_less/construction_accident/000000384144_all__9.npy,construction_accident
Pistachio/VAD/vit-features/train/anomaly/infrastructure_anomaly_less/construction_accident/000000388535_all__0.npy,construction_accident
Pistachio/VAD/vit-features/train/anomaly/infrastructure_anomaly_less/construction_accident/000000388535_all__1.npy,construction_accident
Pistachio/VAD/vit-features/train/anomaly/infrastructure_anomaly_less/construction_accident/000000388535_all__2.npy,construction_accident
Pistachio/VAD/vit-features/train/anomaly/infrastructure_anomaly_less/construction_accident/000000388535_all__3.npy,construction_accident
Pistachio/VAD/vit-features/train/anomaly/infrastructure_anomaly_less/construction_accident/000000388535_all__4.npy,construction_accident
Pistachio/VAD/vit-features/train/anomaly/infrastructure_anomaly_less/construction_accident/000000388535_all__5.npy,construction_accident
Pistachio/VAD/vit-features/train/anomaly/infrastructure_anomaly_less/construction_accident/000000388535_all__6.npy,construction_accident
Pistachio/VAD/vit-features/train/anomaly/infrastructure_anomaly_less/construction_accident/000000388535_all__7.npy,construction_accident
Pistachio/VAD/vit-features/train/anomaly/infrastructure_anomaly_less/construction_accident/000000388535_all__8.npy,construction_accident
Pistachio/VAD/vit-features/train/anomaly/infrastructure_anomaly_less/construction_accident/000000388535_all__9.npy,construction_accident
Pistachio/VAD/vit-features/train/anomaly/infrastructure_anomaly_less/construction_accident/000000392361_all__0.npy,construction_accident
Pistachio/VAD/vit-features/train/anomaly/infrastructure_anomaly_less/construction_accident/000000392361_all__1.npy,construction_accident
Pistachio/VAD/vit-features/train/anomaly/infrastructure_anomaly_less/construction_accident/000000392361_all__2.npy,construction_accident
Pistachio/VAD/vit-features/train/anomaly/infrastructure_anomaly_less/construction_accident/000000392361_all__3.npy,construction_accident
Pistachio/VAD/vit-features/train/anomaly/infrastructure_anomaly_less/construction_accident/000000392361_all__4.npy,construction_accident
Pistachio/VAD/vit-features/train/anomaly/infrastructure_anomaly_less/construction_accident/000000392361_all__5.npy,construction_accident
Pistachio/VAD/vit-features/train/anomaly/infrastructure_anomaly_less/construction_accident/000000392361_all__6.npy,construction_accident
Pistachio/VAD/vit-features/train/anomaly/infrastructure_anomaly_less/construction_accident/000000392361_all__7.npy,construction_accident
Pistachio/VAD/vit-features/train/anomaly/infrastructure_anomaly_less/construction_accident/000000392361_all__8.npy,construction_accident
Pistachio/VAD/vit-features/train/anomaly/infrastructure_anomaly_less/construction_accident/000000392361_all__9.npy,construction_accident
Pistachio/VAD/vit-features/train/anomaly/infrastructure_anomaly_less/equipment_breakdown/000000040644_all__0.npy,equipment_breakdown
Pistachio/VAD/vit-features/train/anomaly/infrastructure_anomaly_less/equipment_breakdown/000000040644_all__1.npy,equipment_breakdown
Pistachio/VAD/vit-features/train/anomaly/infrastructure_anomaly_less/equipment_breakdown/000000040644_all__2.npy,equipment_breakdown
Pistachio/VAD/vit-features/train/anomaly/infrastructure_anomaly_less/equipment_breakdown/000000040644_all__3.npy,equipment_breakdown
Pistachio/VAD/vit-features/train/anomaly/infrastructure_anomaly_less/equipment_breakdown/000000040644_all__4.npy,equipment_breakdown
Pistachio/VAD/vit-features/train/anomaly/infrastructure_anomaly_less/equipment_breakdown/000000040644_all__5.npy,equipment_breakdown
Pistachio/VAD/vit-features/train/anomaly/infrastructure_anomaly_less/equipment_breakdown/000000040644_all__6.npy,equipment_breakdown
Pistachio/VAD/vit-features/train/anomaly/infrastructure_anomaly_less/equipment_breakdown/000000040644_all__7.npy,equipment_breakdown
Pistachio/VAD/vit-features/train/anomaly/infrastructure_anomaly_less/equipment_breakdown/000000040644_all__8.npy,equipment_breakdown
Pistachio/VAD/vit-features/train/anomaly/infrastructure_anomaly_less/equipment_breakdown/000000040644_all__9.npy,equipment_breakdown
Pistachio/VAD/vit-features/train/anomaly/infrastructure_anomaly_less/equipment_breakdown/000000044442_all__0.npy,equipment_breakdown
Pistachio/VAD/vit-features/train/anomaly/infrastructure_anomaly_less/equipment_breakdown/000000044442_all__1.npy,equipment_breakdown
Pistachio/VAD/vit-features/train/anomaly/infrastructure_anomaly_less/equipment_breakdown/000000044442_all__2.npy,equipment_breakdown
Pistachio/VAD/vit-features/train/anomaly/infrastructure_anomaly_less/equipment_breakdown/000000044442_all__3.npy,equipment_breakdown
Pistachio/VAD/vit-features/train/anomaly/infrastructure_anomaly_less/equipment_breakdown/000000044442_all__4.npy,equipment_breakdown
Pistachio/VAD/vit-features/train/anomaly/infrastructure_anomaly_less/equipment_breakdown/000000044442_all__5.npy,equipment_breakdown
Pistachio/VAD/vit-features/train/anomaly/infrastructure_anomaly_less/equipment_breakdown/000000044442_all__6.npy,equipment_breakdown
Pistachio/VAD/vit-features/train/anomaly/infrastructure_anomaly_less/equipment_breakdown/000000044442_all__7.npy,equipment_breakdown
Pistachio/VAD/vit-features/train/anomaly/infrastructure_anomaly_less/equipment_breakdown/000000044442_all__8.npy,equipment_breakdown
Pistachio/VAD/vit-features/train/anomaly/infrastructure_anomaly_less/equipment_breakdown/000000044442_all__9.npy,equipment_breakdown
Pistachio/VAD/vit-features/train/anomaly/infrastructure_anomaly_less/equipment_breakdown/000000049176_all__0.npy,equipment_breakdown
Pistachio/VAD/vit-features/train/anomaly/infrastructure_anomaly_less/equipment_breakdown/000000049176_all__1.npy,equipment_breakdown
Pistachio/VAD/vit-features/train/anomaly/infrastructure_anomaly_less/equipment_breakdown/000000049176_all__2.npy,equipment_breakdown
Pistachio/VAD/vit-features/train/anomaly/infrastructure_anomaly_less/equipment_breakdown/000000049176_all__3.npy,equipment_breakdown
Pistachio/VAD/vit-features/train/anomaly/infrastructure_anomaly_less/equipment_breakdown/000000049176_all__4.npy,equipment_breakdown
Pistachio/VAD/vit-features/train/anomaly/infrastructure_anomaly_less/equipment_breakdown/000000049176_all__5.npy,equipment_breakdown
Pistachio/VAD/vit-features/train/anomaly/infrastructure_anomaly_less/equipment_breakdown/000000049176_all__6.npy,equipment_breakdown
Pistachio/VAD/vit-features/train/anomaly/infrastructure_anomaly_less/equipment_breakdown/000000049176_all__7.npy,equipment_breakdown
Pistachio/VAD/vit-features/train/anomaly/infrastructure_anomaly_less/equipment_breakdown/000000049176_all__8.npy,equipment_breakdown
Pistachio/VAD/vit-features/train/anomaly/infrastructure_anomaly_less/equipment_breakdown/000000049176_all__9.npy,equipment_breakdown
Pistachio/VAD/vit-features/train/anomaly/infrastructure_anomaly_less/equipment_breakdown/000000057512_all__0.npy,equipment_breakdown
Pistachio/VAD/vit-features/train/anomaly/infrastructure_anomaly_less/equipment_breakdown/000000057512_all__1.npy,equipment_breakdown
Pistachio/VAD/vit-features/train/anomaly/infrastructure_anomaly_less/equipment_breakdown/000000057512_all__2.npy,equipment_breakdown
Pistachio/VAD/vit-features/train/anomaly/infrastructure_anomaly_less/equipment_breakdown/000000057512_all__3.npy,equipment_breakdown
Pistachio/VAD/vit-features/train/anomaly/infrastructure_anomaly_less/equipment_breakdown/000000057512_all__4.npy,equipment_breakdown
Pistachio/VAD/vit-features/train/anomaly/infrastructure_anomaly_less/equipment_breakdown/000000057512_all__5.npy,equipment_breakdown
Pistachio/VAD/vit-features/train/anomaly/infrastructure_anomaly_less/equipment_breakdown/000000057512_all__6.npy,equipment_breakdown
Pistachio/VAD/vit-features/train/anomaly/infrastructure_anomaly_less/equipment_breakdown/000000057512_all__7.npy,equipment_breakdown
Pistachio/VAD/vit-features/train/anomaly/infrastructure_anomaly_less/equipment_breakdown/000000057512_all__8.npy,equipment_breakdown
Pistachio/VAD/vit-features/train/anomaly/infrastructure_anomaly_less/equipment_breakdown/000000057512_all__9.npy,equipment_breakdown
Pistachio/VAD/vit-features/train/anomaly/infrastructure_anomaly_less/equipment_breakdown/000000057826_all__0.npy,equipment_breakdown
Pistachio/VAD/vit-features/train/anomaly/infrastructure_anomaly_less/equipment_breakdown/000000057826_all__1.npy,equipment_breakdown
Pistachio/VAD/vit-features/train/anomaly/infrastructure_anomaly_less/equipment_breakdown/000000057826_all__2.npy,equipment_breakdown
Pistachio/VAD/vit-features/train/anomaly/infrastructure_anomaly_less/equipment_breakdown/000000057826_all__3.npy,equipment_breakdown
Pistachio/VAD/vit-features/train/anomaly/infrastructure_anomaly_less/equipment_breakdown/000000057826_all__4.npy,equipment_breakdown
Pistachio/VAD/vit-features/train/anomaly/infrastructure_anomaly_less/equipment_breakdown/000000057826_all__5.npy,equipment_breakdown
Pistachio/VAD/vit-features/train/anomaly/infrastructure_anomaly_less/equipment_breakdown/000000057826_all__6.npy,equipment_breakdown
Pistachio/VAD/vit-features/train/anomaly/infrastructure_anomaly_less/equipment_breakdown/000000057826_all__7.npy,equipment_breakdown
Pistachio/VAD/vit-features/train/anomaly/infrastructure_anomaly_less/equipment_breakdown/000000057826_all__8.npy,equipment_breakdown
Pistachio/VAD/vit-features/train/anomaly/infrastructure_anomaly_less/equipment_breakdown/000000057826_all__9.npy,equipment_breakdown
Pistachio/VAD/vit-features/train/anomaly/infrastructure_anomaly_less/equipment_breakdown/000000060195_all__0.npy,equipment_breakdown
Pistachio/VAD/vit-features/train/anomaly/infrastructure_anomaly_less/equipment_breakdown/000000060195_all__1.npy,equipment_breakdown
Pistachio/VAD/vit-features/train/anomaly/infrastructure_anomaly_less/equipment_breakdown/000000060195_all__2.npy,equipment_breakdown
Pistachio/VAD/vit-features/train/anomaly/infrastructure_anomaly_less/equipment_breakdown/000000060195_all__3.npy,equipment_breakdown
Pistachio/VAD/vit-features/train/anomaly/infrastructure_anomaly_less/equipment_breakdown/000000060195_all__4.npy,equipment_breakdown
Pistachio/VAD/vit-features/train/anomaly/infrastructure_anomaly_less/equipment_breakdown/000000060195_all__5.npy,equipment_breakdown
Pistachio/VAD/vit-features/train/anomaly/infrastructure_anomaly_less/equipment_breakdown/000000060195_all__6.npy,equipment_breakdown
Pistachio/VAD/vit-features/train/anomaly/infrastructure_anomaly_less/equipment_breakdown/000000060195_all__7.npy,equipment_breakdown
Pistachio/VAD/vit-features/train/anomaly/infrastructure_anomaly_less/equipment_breakdown/000000060195_all__8.npy,equipment_breakdown
Pistachio/VAD/vit-features/train/anomaly/infrastructure_anomaly_less/equipment_breakdown/000000060195_all__9.npy,equipment_breakdown
Pistachio/VAD/vit-features/train/anomaly/infrastructure_anomaly_less/equipment_breakdown/000000168496_all__0.npy,equipment_breakdown
Pistachio/VAD/vit-features/train/anomaly/infrastructure_anomaly_less/equipment_breakdown/000000168496_all__1.npy,equipment_breakdown
Pistachio/VAD/vit-features/train/anomaly/infrastructure_anomaly_less/equipment_breakdown/000000168496_all__2.npy,equipment_breakdown
Pistachio/VAD/vit-features/train/anomaly/infrastructure_anomaly_less/equipment_breakdown/000000168496_all__3.npy,equipment_breakdown
Pistachio/VAD/vit-features/train/anomaly/infrastructure_anomaly_less/equipment_breakdown/000000168496_all__4.npy,equipment_breakdown
Pistachio/VAD/vit-features/train/anomaly/infrastructure_anomaly_less/equipment_breakdown/000000168496_all__5.npy,equipment_breakdown
Pistachio/VAD/vit-features/train/anomaly/infrastructure_anomaly_less/equipment_breakdown/000000168496_all__6.npy,equipment_breakdown
Pistachio/VAD/vit-features/train/anomaly/infrastructure_anomaly_less/equipment_breakdown/000000168496_all__7.npy,equipment_breakdown
Pistachio/VAD/vit-features/train/anomaly/infrastructure_anomaly_less/equipment_breakdown/000000168496_all__8.npy,equipment_breakdown
Pistachio/VAD/vit-features/train/anomaly/infrastructure_anomaly_less/equipment_breakdown/000000168496_all__9.npy,equipment_breakdown
Pistachio/VAD/vit-features/train/anomaly/infrastructure_anomaly_less/equipment_breakdown/000000187562_all__0.npy,equipment_breakdown
Pistachio/VAD/vit-features/train/anomaly/infrastructure_anomaly_less/equipment_breakdown/000000187562_all__1.npy,equipment_breakdown
Pistachio/VAD/vit-features/train/anomaly/infrastructure_anomaly_less/equipment_breakdown/000000187562_all__2.npy,equipment_breakdown
Pistachio/VAD/vit-features/train/anomaly/infrastructure_anomaly_less/equipment_breakdown/000000187562_all__3.npy,equipment_breakdown
Pistachio/VAD/vit-features/train/anomaly/infrastructure_anomaly_less/equipment_breakdown/000000187562_all__4.npy,equipment_breakdown
Pistachio/VAD/vit-features/train/anomaly/infrastructure_anomaly_less/equipment_breakdown/000000187562_all__5.npy,equipment_breakdown
Pistachio/VAD/vit-features/train/anomaly/infrastructure_anomaly_less/equipment_breakdown/000000187562_all__6.npy,equipment_breakdown
Pistachio/VAD/vit-features/train/anomaly/infrastructure_anomaly_less/equipment_breakdown/000000187562_all__7.npy,equipment_breakdown
Pistachio/VAD/vit-features/train/anomaly/infrastructure_anomaly_less/equipment_breakdown/000000187562_all__8.npy,equipment_breakdown
Pistachio/VAD/vit-features/train/anomaly/infrastructure_anomaly_less/equipment_breakdown/000000187562_all__9.npy,equipment_breakdown
Pistachio/VAD/vit-features/train/anomaly/infrastructure_anomaly_less/equipment_breakdown/000000204873_all__0.npy,equipment_breakdown
Pistachio/VAD/vit-features/train/anomaly/infrastructure_anomaly_less/equipment_breakdown/000000204873_all__1.npy,equipment_breakdown
Pistachio/VAD/vit-features/train/anomaly/infrastructure_anomaly_less/equipment_breakdown/000000204873_all__2.npy,equipment_breakdown
Pistachio/VAD/vit-features/train/anomaly/infrastructure_anomaly_less/equipment_breakdown/000000204873_all__3.npy,equipment_breakdown
Pistachio/VAD/vit-features/train/anomaly/infrastructure_anomaly_less/equipment_breakdown/000000204873_all__4.npy,equipment_breakdown
Pistachio/VAD/vit-features/train/anomaly/infrastructure_anomaly_less/equipment_breakdown/000000204873_all__5.npy,equipment_breakdown
Pistachio/VAD/vit-features/train/anomaly/infrastructure_anomaly_less/equipment_breakdown/000000204873_all__6.npy,equipment_breakdown
Pistachio/VAD/vit-features/train/anomaly/infrastructure_anomaly_less/equipment_breakdown/000000204873_all__7.npy,equipment_breakdown
Pistachio/VAD/vit-features/train/anomaly/infrastructure_anomaly_less/equipment_breakdown/000000204873_all__8.npy,equipment_breakdown
Pistachio/VAD/vit-features/train/anomaly/infrastructure_anomaly_less/equipment_breakdown/000000204873_all__9.npy,equipment_breakdown
Pistachio/VAD/vit-features/train/anomaly/infrastructure_anomaly_less/equipment_breakdown/000000205576_all__0.npy,equipment_breakdown
Pistachio/VAD/vit-features/train/anomaly/infrastructure_anomaly_less/equipment_breakdown/000000205576_all__1.npy,equipment_breakdown
Pistachio/VAD/vit-features/train/anomaly/infrastructure_anomaly_less/equipment_breakdown/000000205576_all__2.npy,equipment_breakdown
Pistachio/VAD/vit-features/train/anomaly/infrastructure_anomaly_less/equipment_breakdown/000000205576_all__3.npy,equipment_breakdown
Pistachio/VAD/vit-features/train/anomaly/infrastructure_anomaly_less/equipment_breakdown/000000205576_all__4.npy,equipment_breakdown
Pistachio/VAD/vit-features/train/anomaly/infrastructure_anomaly_less/equipment_breakdown/000000205576_all__5.npy,equipment_breakdown
Pistachio/VAD/vit-features/train/anomaly/infrastructure_anomaly_less/equipment_breakdown/000000205576_all__6.npy,equipment_breakdown
Pistachio/VAD/vit-features/train/anomaly/infrastructure_anomaly_less/equipment_breakdown/000000205576_all__7.npy,equipment_breakdown
Pistachio/VAD/vit-features/train/anomaly/infrastructure_anomaly_less/equipment_breakdown/000000205576_all__8.npy,equipment_breakdown
Pistachio/VAD/vit-features/train/anomaly/infrastructure_anomaly_less/equipment_breakdown/000000205576_all__9.npy,equipment_breakdown
Pistachio/VAD/vit-features/train/anomaly/infrastructure_anomaly_less/explosion/000000039636_all__0.npy,explosion
Pistachio/VAD/vit-features/train/anomaly/infrastructure_anomaly_less/explosion/000000039636_all__1.npy,explosion
Pistachio/VAD/vit-features/train/anomaly/infrastructure_anomaly_less/explosion/000000039636_all__2.npy,explosion
Pistachio/VAD/vit-features/train/anomaly/infrastructure_anomaly_less/explosion/000000039636_all__3.npy,explosion
Pistachio/VAD/vit-features/train/anomaly/infrastructure_anomaly_less/explosion/000000039636_all__4.npy,explosion
Pistachio/VAD/vit-features/train/anomaly/infrastructure_anomaly_less/explosion/000000039636_all__5.npy,explosion
Pistachio/VAD/vit-features/train/anomaly/infrastructure_anomaly_less/explosion/000000039636_all__6.npy,explosion
Pistachio/VAD/vit-features/train/anomaly/infrastructure_anomaly_less/explosion/000000039636_all__7.npy,explosion
Pistachio/VAD/vit-features/train/anomaly/infrastructure_anomaly_less/explosion/000000039636_all__8.npy,explosion
Pistachio/VAD/vit-features/train/anomaly/infrastructure_anomaly_less/explosion/000000039636_all__9.npy,explosion
Pistachio/VAD/vit-features/train/anomaly/infrastructure_anomaly_less/explosion/000000090541_all__0.npy,explosion
Pistachio/VAD/vit-features/train/anomaly/infrastructure_anomaly_less/explosion/000000090541_all__1.npy,explosion
Pistachio/VAD/vit-features/train/anomaly/infrastructure_anomaly_less/explosion/000000090541_all__2.npy,explosion
Pistachio/VAD/vit-features/train/anomaly/infrastructure_anomaly_less/explosion/000000090541_all__3.npy,explosion
Pistachio/VAD/vit-features/train/anomaly/infrastructure_anomaly_less/explosion/000000090541_all__4.npy,explosion
Pistachio/VAD/vit-features/train/anomaly/infrastructure_anomaly_less/explosion/000000090541_all__5.npy,explosion
Pistachio/VAD/vit-features/train/anomaly/infrastructure_anomaly_less/explosion/000000090541_all__6.npy,explosion
Pistachio/VAD/vit-features/train/anomaly/infrastructure_anomaly_less/explosion/000000090541_all__7.npy,explosion
Pistachio/VAD/vit-features/train/anomaly/infrastructure_anomaly_less/explosion/000000090541_all__8.npy,explosion
Pistachio/VAD/vit-features/train/anomaly/infrastructure_anomaly_less/explosion/000000090541_all__9.npy,explosion
Pistachio/VAD/vit-features/train/anomaly/infrastructure_anomaly_less/explosion/000000176844_all__0.npy,explosion
Pistachio/VAD/vit-features/train/anomaly/infrastructure_anomaly_less/explosion/000000176844_all__1.npy,explosion
Pistachio/VAD/vit-features/train/anomaly/infrastructure_anomaly_less/explosion/000000176844_all__2.npy,explosion
Pistachio/VAD/vit-features/train/anomaly/infrastructure_anomaly_less/explosion/000000176844_all__3.npy,explosion
Pistachio/VAD/vit-features/train/anomaly/infrastructure_anomaly_less/explosion/000000176844_all__4.npy,explosion
Pistachio/VAD/vit-features/train/anomaly/infrastructure_anomaly_less/explosion/000000176844_all__5.npy,explosion
Pistachio/VAD/vit-features/train/anomaly/infrastructure_anomaly_less/explosion/000000176844_all__6.npy,explosion
Pistachio/VAD/vit-features/train/anomaly/infrastructure_anomaly_less/explosion/000000176844_all__7.npy,explosion
Pistachio/VAD/vit-features/train/anomaly/infrastructure_anomaly_less/explosion/000000176844_all__8.npy,explosion
Pistachio/VAD/vit-features/train/anomaly/infrastructure_anomaly_less/explosion/000000176844_all__9.npy,explosion
Pistachio/VAD/vit-features/train/anomaly/infrastructure_anomaly_less/explosion/000000249173_all__0.npy,explosion
Pistachio/VAD/vit-features/train/anomaly/infrastructure_anomaly_less/explosion/000000249173_all__1.npy,explosion
Pistachio/VAD/vit-features/train/anomaly/infrastructure_anomaly_less/explosion/000000249173_all__2.npy,explosion
Pistachio/VAD/vit-features/train/anomaly/infrastructure_anomaly_less/explosion/000000249173_all__3.npy,explosion
Pistachio/VAD/vit-features/train/anomaly/infrastructure_anomaly_less/explosion/000000249173_all__4.npy,explosion
Pistachio/VAD/vit-features/train/anomaly/infrastructure_anomaly_less/explosion/000000249173_all__5.npy,explosion
Pistachio/VAD/vit-features/train/anomaly/infrastructure_anomaly_less/explosion/000000249173_all__6.npy,explosion
Pistachio/VAD/vit-features/train/anomaly/infrastructure_anomaly_less/explosion/000000249173_all__7.npy,explosion
Pistachio/VAD/vit-features/train/anomaly/infrastructure_anomaly_less/explosion/000000249173_all__8.npy,explosion
Pistachio/VAD/vit-features/train/anomaly/infrastructure_anomaly_less/explosion/000000249173_all__9.npy,explosion
Pistachio/VAD/vit-features/train/anomaly/infrastructure_anomaly_less/explosion/000000273585_all__0.npy,explosion
Pistachio/VAD/vit-features/train/anomaly/infrastructure_anomaly_less/explosion/000000273585_all__1.npy,explosion
Pistachio/VAD/vit-features/train/anomaly/infrastructure_anomaly_less/explosion/000000273585_all__2.npy,explosion
Pistachio/VAD/vit-features/train/anomaly/infrastructure_anomaly_less/explosion/000000273585_all__3.npy,explosion
Pistachio/VAD/vit-features/train/anomaly/infrastructure_anomaly_less/explosion/000000273585_all__4.npy,explosion
Pistachio/VAD/vit-features/train/anomaly/infrastructure_anomaly_less/explosion/000000273585_all__5.npy,explosion
Pistachio/VAD/vit-features/train/anomaly/infrastructure_anomaly_less/explosion/000000273585_all__6.npy,explosion
Pistachio/VAD/vit-features/train/anomaly/infrastructure_anomaly_less/explosion/000000273585_all__7.npy,explosion
Pistachio/VAD/vit-features/train/anomaly/infrastructure_anomaly_less/explosion/000000273585_all__8.npy,explosion
Pistachio/VAD/vit-features/train/anomaly/infrastructure_anomaly_less/explosion/000000273585_all__9.npy,explosion
Pistachio/VAD/vit-features/train/anomaly/infrastructure_anomaly_less/explosion/000000361702_all__0.npy,explosion
Pistachio/VAD/vit-features/train/anomaly/infrastructure_anomaly_less/explosion/000000361702_all__1.npy,explosion
Pistachio/VAD/vit-features/train/anomaly/infrastructure_anomaly_less/explosion/000000361702_all__2.npy,explosion
Pistachio/VAD/vit-features/train/anomaly/infrastructure_anomaly_less/explosion/000000361702_all__3.npy,explosion
Pistachio/VAD/vit-features/train/anomaly/infrastructure_anomaly_less/explosion/000000361702_all__4.npy,explosion
Pistachio/VAD/vit-features/train/anomaly/infrastructure_anomaly_less/explosion/000000361702_all__5.npy,explosion
Pistachio/VAD/vit-features/train/anomaly/infrastructure_anomaly_less/explosion/000000361702_all__6.npy,explosion
Pistachio/VAD/vit-features/train/anomaly/infrastructure_anomaly_less/explosion/000000361702_all__7.npy,explosion
Pistachio/VAD/vit-features/train/anomaly/infrastructure_anomaly_less/explosion/000000361702_all__8.npy,explosion
Pistachio/VAD/vit-features/train/anomaly/infrastructure_anomaly_less/explosion/000000361702_all__9.npy,explosion
Pistachio/VAD/vit-features/train/anomaly/infrastructure_anomaly_less/explosion/000000453081_all__0.npy,explosion
Pistachio/VAD/vit-features/train/anomaly/infrastructure_anomaly_less/explosion/000000453081_all__1.npy,explosion
Pistachio/VAD/vit-features/train/anomaly/infrastructure_anomaly_less/explosion/000000453081_all__2.npy,explosion
Pistachio/VAD/vit-features/train/anomaly/infrastructure_anomaly_less/explosion/000000453081_all__3.npy,explosion
Pistachio/VAD/vit-features/train/anomaly/infrastructure_anomaly_less/explosion/000000453081_all__4.npy,explosion
Pistachio/VAD/vit-features/train/anomaly/infrastructure_anomaly_less/explosion/000000453081_all__5.npy,explosion
Pistachio/VAD/vit-features/train/anomaly/infrastructure_anomaly_less/explosion/000000453081_all__6.npy,explosion
Pistachio/VAD/vit-features/train/anomaly/infrastructure_anomaly_less/explosion/000000453081_all__7.npy,explosion
Pistachio/VAD/vit-features/train/anomaly/infrastructure_anomaly_less/explosion/000000453081_all__8.npy,explosion
Pistachio/VAD/vit-features/train/anomaly/infrastructure_anomaly_less/explosion/000000453081_all__9.npy,explosion
Pistachio/VAD/vit-features/train/anomaly/infrastructure_anomaly_less/explosion/000000485352_all__0.npy,explosion
Pistachio/VAD/vit-features/train/anomaly/infrastructure_anomaly_less/explosion/000000485352_all__1.npy,explosion
Pistachio/VAD/vit-features/train/anomaly/infrastructure_anomaly_less/explosion/000000485352_all__2.npy,explosion
Pistachio/VAD/vit-features/train/anomaly/infrastructure_anomaly_less/explosion/000000485352_all__3.npy,explosion
Pistachio/VAD/vit-features/train/anomaly/infrastructure_anomaly_less/explosion/000000485352_all__4.npy,explosion
Pistachio/VAD/vit-features/train/anomaly/infrastructure_anomaly_less/explosion/000000485352_all__5.npy,explosion
Pistachio/VAD/vit-features/train/anomaly/infrastructure_anomaly_less/explosion/000000485352_all__6.npy,explosion
Pistachio/VAD/vit-features/train/anomaly/infrastructure_anomaly_less/explosion/000000485352_all__7.npy,explosion
Pistachio/VAD/vit-features/train/anomaly/infrastructure_anomaly_less/explosion/000000485352_all__8.npy,explosion
Pistachio/VAD/vit-features/train/anomaly/infrastructure_anomaly_less/explosion/000000485352_all__9.npy,explosion
Pistachio/VAD/vit-features/train/anomaly/infrastructure_anomaly_less/extreme_weather_events/000000151427_all__0.npy,extreme_weather_events
Pistachio/VAD/vit-features/train/anomaly/infrastructure_anomaly_less/extreme_weather_events/000000151427_all__1.npy,extreme_weather_events
Pistachio/VAD/vit-features/train/anomaly/infrastructure_anomaly_less/extreme_weather_events/000000151427_all__2.npy,extreme_weather_events
Pistachio/VAD/vit-features/train/anomaly/infrastructure_anomaly_less/extreme_weather_events/000000151427_all__3.npy,extreme_weather_events
Pistachio/VAD/vit-features/train/anomaly/infrastructure_anomaly_less/extreme_weather_events/000000151427_all__4.npy,extreme_weather_events
Pistachio/VAD/vit-features/train/anomaly/infrastructure_anomaly_less/extreme_weather_events/000000151427_all__5.npy,extreme_weather_events
Pistachio/VAD/vit-features/train/anomaly/infrastructure_anomaly_less/extreme_weather_events/000000151427_all__6.npy,extreme_weather_events
Pistachio/VAD/vit-features/train/anomaly/infrastructure_anomaly_less/extreme_weather_events/000000151427_all__7.npy,extreme_weather_events
Pistachio/VAD/vit-features/train/anomaly/infrastructure_anomaly_less/extreme_weather_events/000000151427_all__8.npy,extreme_weather_events
Pistachio/VAD/vit-features/train/anomaly/infrastructure_anomaly_less/extreme_weather_events/000000151427_all__9.npy,extreme_weather_events
Pistachio/VAD/vit-features/train/anomaly/infrastructure_anomaly_less/extreme_weather_events/000000288010_all__0.npy,extreme_weather_events
Pistachio/VAD/vit-features/train/anomaly/infrastructure_anomaly_less/extreme_weather_events/000000288010_all__1.npy,extreme_weather_events
Pistachio/VAD/vit-features/train/anomaly/infrastructure_anomaly_less/extreme_weather_events/000000288010_all__2.npy,extreme_weather_events
Pistachio/VAD/vit-features/train/anomaly/infrastructure_anomaly_less/extreme_weather_events/000000288010_all__3.npy,extreme_weather_events
Pistachio/VAD/vit-features/train/anomaly/infrastructure_anomaly_less/extreme_weather_events/000000288010_all__4.npy,extreme_weather_events
Pistachio/VAD/vit-features/train/anomaly/infrastructure_anomaly_less/extreme_weather_events/000000288010_all__5.npy,extreme_weather_events
Pistachio/VAD/vit-features/train/anomaly/infrastructure_anomaly_less/extreme_weather_events/000000288010_all__6.npy,extreme_weather_events
Pistachio/VAD/vit-features/train/anomaly/infrastructure_anomaly_less/extreme_weather_events/000000288010_all__7.npy,extreme_weather_events
Pistachio/VAD/vit-features/train/anomaly/infrastructure_anomaly_less/extreme_weather_events/000000288010_all__8.npy,extreme_weather_events
Pistachio/VAD/vit-features/train/anomaly/infrastructure_anomaly_less/extreme_weather_events/000000288010_all__9.npy,extreme_weather_events
Pistachio/VAD/vit-features/train/anomaly/infrastructure_anomaly_less/extreme_weather_events/000000309594_all__0.npy,extreme_weather_events
Pistachio/VAD/vit-features/train/anomaly/infrastructure_anomaly_less/extreme_weather_events/000000309594_all__1.npy,extreme_weather_events
Pistachio/VAD/vit-features/train/anomaly/infrastructure_anomaly_less/extreme_weather_events/000000309594_all__2.npy,extreme_weather_events
Pistachio/VAD/vit-features/train/anomaly/infrastructure_anomaly_less/extreme_weather_events/000000309594_all__3.npy,extreme_weather_events
Pistachio/VAD/vit-features/train/anomaly/infrastructure_anomaly_less/extreme_weather_events/000000309594_all__4.npy,extreme_weather_events
Pistachio/VAD/vit-features/train/anomaly/infrastructure_anomaly_less/extreme_weather_events/000000309594_all__5.npy,extreme_weather_events
Pistachio/VAD/vit-features/train/anomaly/infrastructure_anomaly_less/extreme_weather_events/000000309594_all__6.npy,extreme_weather_events
Pistachio/VAD/vit-features/train/anomaly/infrastructure_anomaly_less/extreme_weather_events/000000309594_all__7.npy,extreme_weather_events
Pistachio/VAD/vit-features/train/anomaly/infrastructure_anomaly_less/extreme_weather_events/000000309594_all__8.npy,extreme_weather_events
Pistachio/VAD/vit-features/train/anomaly/infrastructure_anomaly_less/extreme_weather_events/000000309594_all__9.npy,extreme_weather_events
Pistachio/VAD/vit-features/train/anomaly/infrastructure_anomaly_less/extreme_weather_events/000000373944_all__0.npy,extreme_weather_events
Pistachio/VAD/vit-features/train/anomaly/infrastructure_anomaly_less/extreme_weather_events/000000373944_all__1.npy,extreme_weather_events
Pistachio/VAD/vit-features/train/anomaly/infrastructure_anomaly_less/extreme_weather_events/000000373944_all__2.npy,extreme_weather_events
Pistachio/VAD/vit-features/train/anomaly/infrastructure_anomaly_less/extreme_weather_events/000000373944_all__3.npy,extreme_weather_events
Pistachio/VAD/vit-features/train/anomaly/infrastructure_anomaly_less/extreme_weather_events/000000373944_all__4.npy,extreme_weather_events
Pistachio/VAD/vit-features/train/anomaly/infrastructure_anomaly_less/extreme_weather_events/000000373944_all__5.npy,extreme_weather_events
Pistachio/VAD/vit-features/train/anomaly/infrastructure_anomaly_less/extreme_weather_events/000000373944_all__6.npy,extreme_weather_events
Pistachio/VAD/vit-features/train/anomaly/infrastructure_anomaly_less/extreme_weather_events/000000373944_all__7.npy,extreme_weather_events
Pistachio/VAD/vit-features/train/anomaly/infrastructure_anomaly_less/extreme_weather_events/000000373944_all__8.npy,extreme_weather_events
Pistachio/VAD/vit-features/train/anomaly/infrastructure_anomaly_less/extreme_weather_events/000000373944_all__9.npy,extreme_weather_events
Pistachio/VAD/vit-features/train/anomaly/infrastructure_anomaly_less/extreme_weather_events/000000443734_all__0.npy,extreme_weather_events
Pistachio/VAD/vit-features/train/anomaly/infrastructure_anomaly_less/extreme_weather_events/000000443734_all__1.npy,extreme_weather_events
Pistachio/VAD/vit-features/train/anomaly/infrastructure_anomaly_less/extreme_weather_events/000000443734_all__2.npy,extreme_weather_events
Pistachio/VAD/vit-features/train/anomaly/infrastructure_anomaly_less/extreme_weather_events/000000443734_all__3.npy,extreme_weather_events
Pistachio/VAD/vit-features/train/anomaly/infrastructure_anomaly_less/extreme_weather_events/000000443734_all__4.npy,extreme_weather_events
Pistachio/VAD/vit-features/train/anomaly/infrastructure_anomaly_less/extreme_weather_events/000000443734_all__5.npy,extreme_weather_events
Pistachio/VAD/vit-features/train/anomaly/infrastructure_anomaly_less/extreme_weather_events/000000443734_all__6.npy,extreme_weather_events
Pistachio/VAD/vit-features/train/anomaly/infrastructure_anomaly_less/extreme_weather_events/000000443734_all__7.npy,extreme_weather_events
Pistachio/VAD/vit-features/train/anomaly/infrastructure_anomaly_less/extreme_weather_events/000000443734_all__8.npy,extreme_weather_events
Pistachio/VAD/vit-features/train/anomaly/infrastructure_anomaly_less/extreme_weather_events/000000443734_all__9.npy,extreme_weather_events
Pistachio/VAD/vit-features/train/anomaly/infrastructure_anomaly_less/extreme_weather_events/000000505466_all__0.npy,extreme_weather_events
Pistachio/VAD/vit-features/train/anomaly/infrastructure_anomaly_less/extreme_weather_events/000000505466_all__1.npy,extreme_weather_events
Pistachio/VAD/vit-features/train/anomaly/infrastructure_anomaly_less/extreme_weather_events/000000505466_all__2.npy,extreme_weather_events
Pistachio/VAD/vit-features/train/anomaly/infrastructure_anomaly_less/extreme_weather_events/000000505466_all__3.npy,extreme_weather_events
Pistachio/VAD/vit-features/train/anomaly/infrastructure_anomaly_less/extreme_weather_events/000000505466_all__4.npy,extreme_weather_events
Pistachio/VAD/vit-features/train/anomaly/infrastructure_anomaly_less/extreme_weather_events/000000505466_all__5.npy,extreme_weather_events
Pistachio/VAD/vit-features/train/anomaly/infrastructure_anomaly_less/extreme_weather_events/000000505466_all__6.npy,extreme_weather_events
Pistachio/VAD/vit-features/train/anomaly/infrastructure_anomaly_less/extreme_weather_events/000000505466_all__7.npy,extreme_weather_events
Pistachio/VAD/vit-features/train/anomaly/infrastructure_anomaly_less/extreme_weather_events/000000505466_all__8.npy,extreme_weather_events
Pistachio/VAD/vit-features/train/anomaly/infrastructure_anomaly_less/extreme_weather_events/000000505466_all__9.npy,extreme_weather_events
Pistachio/VAD/vit-features/train/anomaly/infrastructure_anomaly_less/extreme_weather_events/000000529194_all__0.npy,extreme_weather_events
Pistachio/VAD/vit-features/train/anomaly/infrastructure_anomaly_less/extreme_weather_events/000000529194_all__1.npy,extreme_weather_events
Pistachio/VAD/vit-features/train/anomaly/infrastructure_anomaly_less/extreme_weather_events/000000529194_all__2.npy,extreme_weather_events
Pistachio/VAD/vit-features/train/anomaly/infrastructure_anomaly_less/extreme_weather_events/000000529194_all__3.npy,extreme_weather_events
Pistachio/VAD/vit-features/train/anomaly/infrastructure_anomaly_less/extreme_weather_events/000000529194_all__4.npy,extreme_weather_events
Pistachio/VAD/vit-features/train/anomaly/infrastructure_anomaly_less/extreme_weather_events/000000529194_all__5.npy,extreme_weather_events
Pistachio/VAD/vit-features/train/anomaly/infrastructure_anomaly_less/extreme_weather_events/000000529194_all__6.npy,extreme_weather_events
Pistachio/VAD/vit-features/train/anomaly/infrastructure_anomaly_less/extreme_weather_events/000000529194_all__7.npy,extreme_weather_events
Pistachio/VAD/vit-features/train/anomaly/infrastructure_anomaly_less/extreme_weather_events/000000529194_all__8.npy,extreme_weather_events
Pistachio/VAD/vit-features/train/anomaly/infrastructure_anomaly_less/extreme_weather_events/000000529194_all__9.npy,extreme_weather_events
Pistachio/VAD/vit-features/train/anomaly/infrastructure_anomaly_less/extreme_weather_events/000000568028_all__0.npy,extreme_weather_events
Pistachio/VAD/vit-features/train/anomaly/infrastructure_anomaly_less/extreme_weather_events/000000568028_all__1.npy,extreme_weather_events
Pistachio/VAD/vit-features/train/anomaly/infrastructure_anomaly_less/extreme_weather_events/000000568028_all__2.npy,extreme_weather_events
Pistachio/VAD/vit-features/train/anomaly/infrastructure_anomaly_less/extreme_weather_events/000000568028_all__3.npy,extreme_weather_events
Pistachio/VAD/vit-features/train/anomaly/infrastructure_anomaly_less/extreme_weather_events/000000568028_all__4.npy,extreme_weather_events
Pistachio/VAD/vit-features/train/anomaly/infrastructure_anomaly_less/extreme_weather_events/000000568028_all__5.npy,extreme_weather_events
Pistachio/VAD/vit-features/train/anomaly/infrastructure_anomaly_less/extreme_weather_events/000000568028_all__6.npy,extreme_weather_events
Pistachio/VAD/vit-features/train/anomaly/infrastructure_anomaly_less/extreme_weather_events/000000568028_all__7.npy,extreme_weather_events
Pistachio/VAD/vit-features/train/anomaly/infrastructure_anomaly_less/extreme_weather_events/000000568028_all__8.npy,extreme_weather_events
Pistachio/VAD/vit-features/train/anomaly/infrastructure_anomaly_less/extreme_weather_events/000000568028_all__9.npy,extreme_weather_events
Pistachio/VAD/vit-features/train/anomaly/infrastructure_anomaly_less/extreme_weather_events/000000580123_all__0.npy,extreme_weather_events
Pistachio/VAD/vit-features/train/anomaly/infrastructure_anomaly_less/extreme_weather_events/000000580123_all__1.npy,extreme_weather_events
Pistachio/VAD/vit-features/train/anomaly/infrastructure_anomaly_less/extreme_weather_events/000000580123_all__2.npy,extreme_weather_events
Pistachio/VAD/vit-features/train/anomaly/infrastructure_anomaly_less/extreme_weather_events/000000580123_all__3.npy,extreme_weather_events
Pistachio/VAD/vit-features/train/anomaly/infrastructure_anomaly_less/extreme_weather_events/000000580123_all__4.npy,extreme_weather_events
Pistachio/VAD/vit-features/train/anomaly/infrastructure_anomaly_less/extreme_weather_events/000000580123_all__5.npy,extreme_weather_events
Pistachio/VAD/vit-features/train/anomaly/infrastructure_anomaly_less/extreme_weather_events/000000580123_all__6.npy,extreme_weather_events
Pistachio/VAD/vit-features/train/anomaly/infrastructure_anomaly_less/extreme_weather_events/000000580123_all__7.npy,extreme_weather_events
Pistachio/VAD/vit-features/train/anomaly/infrastructure_anomaly_less/extreme_weather_events/000000580123_all__8.npy,extreme_weather_events
Pistachio/VAD/vit-features/train/anomaly/infrastructure_anomaly_less/extreme_weather_events/000000580123_all__9.npy,extreme_weather_events
Pistachio/VAD/vit-features/train/anomaly/infrastructure_anomaly_less/falling_object_and_collapse/000000062560_all__0.npy,falling_object_and_collapse
Pistachio/VAD/vit-features/train/anomaly/infrastructure_anomaly_less/falling_object_and_collapse/000000062560_all__1.npy,falling_object_and_collapse
Pistachio/VAD/vit-features/train/anomaly/infrastructure_anomaly_less/falling_object_and_collapse/000000062560_all__2.npy,falling_object_and_collapse
Pistachio/VAD/vit-features/train/anomaly/infrastructure_anomaly_less/falling_object_and_collapse/000000062560_all__3.npy,falling_object_and_collapse
Pistachio/VAD/vit-features/train/anomaly/infrastructure_anomaly_less/falling_object_and_collapse/000000062560_all__4.npy,falling_object_and_collapse
Pistachio/VAD/vit-features/train/anomaly/infrastructure_anomaly_less/falling_object_and_collapse/000000062560_all__5.npy,falling_object_and_collapse
Pistachio/VAD/vit-features/train/anomaly/infrastructure_anomaly_less/falling_object_and_collapse/000000062560_all__6.npy,falling_object_and_collapse
Pistachio/VAD/vit-features/train/anomaly/infrastructure_anomaly_less/falling_object_and_collapse/000000062560_all__7.npy,falling_object_and_collapse
Pistachio/VAD/vit-features/train/anomaly/infrastructure_anomaly_less/falling_object_and_collapse/000000062560_all__8.npy,falling_object_and_collapse
Pistachio/VAD/vit-features/train/anomaly/infrastructure_anomaly_less/falling_object_and_collapse/000000062560_all__9.npy,falling_object_and_collapse
Pistachio/VAD/vit-features/train/anomaly/infrastructure_anomaly_less/falling_object_and_collapse/000000069265_all__0.npy,falling_object_and_collapse
Pistachio/VAD/vit-features/train/anomaly/infrastructure_anomaly_less/falling_object_and_collapse/000000069265_all__1.npy,falling_object_and_collapse
Pistachio/VAD/vit-features/train/anomaly/infrastructure_anomaly_less/falling_object_and_collapse/000000069265_all__2.npy,falling_object_and_collapse
Pistachio/VAD/vit-features/train/anomaly/infrastructure_anomaly_less/falling_object_and_collapse/000000069265_all__3.npy,falling_object_and_collapse
Pistachio/VAD/vit-features/train/anomaly/infrastructure_anomaly_less/falling_object_and_collapse/000000069265_all__4.npy,falling_object_and_collapse
Pistachio/VAD/vit-features/train/anomaly/infrastructure_anomaly_less/falling_object_and_collapse/000000069265_all__5.npy,falling_object_and_collapse
Pistachio/VAD/vit-features/train/anomaly/infrastructure_anomaly_less/falling_object_and_collapse/000000069265_all__6.npy,falling_object_and_collapse
Pistachio/VAD/vit-features/train/anomaly/infrastructure_anomaly_less/falling_object_and_collapse/000000069265_all__7.npy,falling_object_and_collapse
Pistachio/VAD/vit-features/train/anomaly/infrastructure_anomaly_less/falling_object_and_collapse/000000069265_all__8.npy,falling_object_and_collapse
Pistachio/VAD/vit-features/train/anomaly/infrastructure_anomaly_less/falling_object_and_collapse/000000069265_all__9.npy,falling_object_and_collapse
Pistachio/VAD/vit-features/train/anomaly/infrastructure_anomaly_less/falling_object_and_collapse/000000181033_all__0.npy,falling_object_and_collapse
Pistachio/VAD/vit-features/train/anomaly/infrastructure_anomaly_less/falling_object_and_collapse/000000181033_all__1.npy,falling_object_and_collapse
Pistachio/VAD/vit-features/train/anomaly/infrastructure_anomaly_less/falling_object_and_collapse/000000181033_all__2.npy,falling_object_and_collapse
Pistachio/VAD/vit-features/train/anomaly/infrastructure_anomaly_less/falling_object_and_collapse/000000181033_all__3.npy,falling_object_and_collapse
Pistachio/VAD/vit-features/train/anomaly/infrastructure_anomaly_less/falling_object_and_collapse/000000181033_all__4.npy,falling_object_and_collapse
Pistachio/VAD/vit-features/train/anomaly/infrastructure_anomaly_less/falling_object_and_collapse/000000181033_all__5.npy,falling_object_and_collapse
Pistachio/VAD/vit-features/train/anomaly/infrastructure_anomaly_less/falling_object_and_collapse/000000181033_all__6.npy,falling_object_and_collapse
Pistachio/VAD/vit-features/train/anomaly/infrastructure_anomaly_less/falling_object_and_collapse/000000181033_all__7.npy,falling_object_and_collapse
Pistachio/VAD/vit-features/train/anomaly/infrastructure_anomaly_less/falling_object_and_collapse/000000181033_all__8.npy,falling_object_and_collapse
Pistachio/VAD/vit-features/train/anomaly/infrastructure_anomaly_less/falling_object_and_collapse/000000181033_all__9.npy,falling_object_and_collapse
Pistachio/VAD/vit-features/train/anomaly/infrastructure_anomaly_less/falling_object_and_collapse/000000281778_all__0.npy,falling_object_and_collapse
Pistachio/VAD/vit-features/train/anomaly/infrastructure_anomaly_less/falling_object_and_collapse/000000281778_all__1.npy,falling_object_and_collapse
Pistachio/VAD/vit-features/train/anomaly/infrastructure_anomaly_less/falling_object_and_collapse/000000281778_all__2.npy,falling_object_and_collapse
Pistachio/VAD/vit-features/train/anomaly/infrastructure_anomaly_less/falling_object_and_collapse/000000281778_all__3.npy,falling_object_and_collapse
Pistachio/VAD/vit-features/train/anomaly/infrastructure_anomaly_less/falling_object_and_collapse/000000281778_all__4.npy,falling_object_and_collapse
Pistachio/VAD/vit-features/train/anomaly/infrastructure_anomaly_less/falling_object_and_collapse/000000281778_all__5.npy,falling_object_and_collapse
Pistachio/VAD/vit-features/train/anomaly/infrastructure_anomaly_less/falling_object_and_collapse/000000281778_all__6.npy,falling_object_and_collapse
Pistachio/VAD/vit-features/train/anomaly/infrastructure_anomaly_less/falling_object_and_collapse/000000281778_all__7.npy,falling_object_and_collapse
Pistachio/VAD/vit-features/train/anomaly/infrastructure_anomaly_less/falling_object_and_collapse/000000281778_all__8.npy,falling_object_and_collapse
Pistachio/VAD/vit-features/train/anomaly/infrastructure_anomaly_less/falling_object_and_collapse/000000281778_all__9.npy,falling_object_and_collapse
Pistachio/VAD/vit-features/train/anomaly/infrastructure_anomaly_less/falling_object_and_collapse/000000363918_all__0.npy,falling_object_and_collapse
Pistachio/VAD/vit-features/train/anomaly/infrastructure_anomaly_less/falling_object_and_collapse/000000363918_all__1.npy,falling_object_and_collapse
Pistachio/VAD/vit-features/train/anomaly/infrastructure_anomaly_less/falling_object_and_collapse/000000363918_all__2.npy,falling_object_and_collapse
Pistachio/VAD/vit-features/train/anomaly/infrastructure_anomaly_less/falling_object_and_collapse/000000363918_all__3.npy,falling_object_and_collapse
Pistachio/VAD/vit-features/train/anomaly/infrastructure_anomaly_less/falling_object_and_collapse/000000363918_all__4.npy,falling_object_and_collapse
Pistachio/VAD/vit-features/train/anomaly/infrastructure_anomaly_less/falling_object_and_collapse/000000363918_all__5.npy,falling_object_and_collapse
Pistachio/VAD/vit-features/train/anomaly/infrastructure_anomaly_less/falling_object_and_collapse/000000363918_all__6.npy,falling_object_and_collapse
Pistachio/VAD/vit-features/train/anomaly/infrastructure_anomaly_less/falling_object_and_collapse/000000363918_all__7.npy,falling_object_and_collapse
Pistachio/VAD/vit-features/train/anomaly/infrastructure_anomaly_less/falling_object_and_collapse/000000363918_all__8.npy,falling_object_and_collapse
Pistachio/VAD/vit-features/train/anomaly/infrastructure_anomaly_less/falling_object_and_collapse/000000363918_all__9.npy,falling_object_and_collapse
Pistachio/VAD/vit-features/train/anomaly/infrastructure_anomaly_less/falling_object_and_collapse/000000474137_all__0.npy,falling_object_and_collapse
Pistachio/VAD/vit-features/train/anomaly/infrastructure_anomaly_less/falling_object_and_collapse/000000474137_all__1.npy,falling_object_and_collapse
Pistachio/VAD/vit-features/train/anomaly/infrastructure_anomaly_less/falling_object_and_collapse/000000474137_all__2.npy,falling_object_and_collapse
Pistachio/VAD/vit-features/train/anomaly/infrastructure_anomaly_less/falling_object_and_collapse/000000474137_all__3.npy,falling_object_and_collapse
Pistachio/VAD/vit-features/train/anomaly/infrastructure_anomaly_less/falling_object_and_collapse/000000474137_all__4.npy,falling_object_and_collapse
Pistachio/VAD/vit-features/train/anomaly/infrastructure_anomaly_less/falling_object_and_collapse/000000474137_all__5.npy,falling_object_and_collapse
Pistachio/VAD/vit-features/train/anomaly/infrastructure_anomaly_less/falling_object_and_collapse/000000474137_all__6.npy,falling_object_and_collapse
Pistachio/VAD/vit-features/train/anomaly/infrastructure_anomaly_less/falling_object_and_collapse/000000474137_all__7.npy,falling_object_and_collapse
Pistachio/VAD/vit-features/train/anomaly/infrastructure_anomaly_less/falling_object_and_collapse/000000474137_all__8.npy,falling_object_and_collapse
Pistachio/VAD/vit-features/train/anomaly/infrastructure_anomaly_less/falling_object_and_collapse/000000474137_all__9.npy,falling_object_and_collapse
Pistachio/VAD/vit-features/train/anomaly/infrastructure_anomaly_less/falling_object_and_collapse/000000500958_all__0.npy,falling_object_and_collapse
Pistachio/VAD/vit-features/train/anomaly/infrastructure_anomaly_less/falling_object_and_collapse/000000500958_all__1.npy,falling_object_and_collapse
Pistachio/VAD/vit-features/train/anomaly/infrastructure_anomaly_less/falling_object_and_collapse/000000500958_all__2.npy,falling_object_and_collapse
Pistachio/VAD/vit-features/train/anomaly/infrastructure_anomaly_less/falling_object_and_collapse/000000500958_all__3.npy,falling_object_and_collapse
Pistachio/VAD/vit-features/train/anomaly/infrastructure_anomaly_less/falling_object_and_collapse/000000500958_all__4.npy,falling_object_and_collapse
Pistachio/VAD/vit-features/train/anomaly/infrastructure_anomaly_less/falling_object_and_collapse/000000500958_all__5.npy,falling_object_and_collapse
Pistachio/VAD/vit-features/train/anomaly/infrastructure_anomaly_less/falling_object_and_collapse/000000500958_all__6.npy,falling_object_and_collapse
Pistachio/VAD/vit-features/train/anomaly/infrastructure_anomaly_less/falling_object_and_collapse/000000500958_all__7.npy,falling_object_and_collapse
Pistachio/VAD/vit-features/train/anomaly/infrastructure_anomaly_less/falling_object_and_collapse/000000500958_all__8.npy,falling_object_and_collapse
Pistachio/VAD/vit-features/train/anomaly/infrastructure_anomaly_less/falling_object_and_collapse/000000500958_all__9.npy,falling_object_and_collapse
Pistachio/VAD/vit-features/train/anomaly/infrastructure_anomaly_less/fire/000000060652_all__0.npy,fire
Pistachio/VAD/vit-features/train/anomaly/infrastructure_anomaly_less/fire/000000060652_all__1.npy,fire
Pistachio/VAD/vit-features/train/anomaly/infrastructure_anomaly_less/fire/000000060652_all__2.npy,fire
Pistachio/VAD/vit-features/train/anomaly/infrastructure_anomaly_less/fire/000000060652_all__3.npy,fire
Pistachio/VAD/vit-features/train/anomaly/infrastructure_anomaly_less/fire/000000060652_all__4.npy,fire
Pistachio/VAD/vit-features/train/anomaly/infrastructure_anomaly_less/fire/000000060652_all__5.npy,fire
Pistachio/VAD/vit-features/train/anomaly/infrastructure_anomaly_less/fire/000000060652_all__6.npy,fire
Pistachio/VAD/vit-features/train/anomaly/infrastructure_anomaly_less/fire/000000060652_all__7.npy,fire
Pistachio/VAD/vit-features/train/anomaly/infrastructure_anomaly_less/fire/000000060652_all__8.npy,fire
Pistachio/VAD/vit-features/train/anomaly/infrastructure_anomaly_less/fire/000000060652_all__9.npy,fire
Pistachio/VAD/vit-features/train/anomaly/infrastructure_anomaly_less/fire/000000065381_all__0.npy,fire
Pistachio/VAD/vit-features/train/anomaly/infrastructure_anomaly_less/fire/000000065381_all__1.npy,fire
Pistachio/VAD/vit-features/train/anomaly/infrastructure_anomaly_less/fire/000000065381_all__2.npy,fire
Pistachio/VAD/vit-features/train/anomaly/infrastructure_anomaly_less/fire/000000065381_all__3.npy,fire
Pistachio/VAD/vit-features/train/anomaly/infrastructure_anomaly_less/fire/000000065381_all__4.npy,fire
Pistachio/VAD/vit-features/train/anomaly/infrastructure_anomaly_less/fire/000000065381_all__5.npy,fire
Pistachio/VAD/vit-features/train/anomaly/infrastructure_anomaly_less/fire/000000065381_all__6.npy,fire
Pistachio/VAD/vit-features/train/anomaly/infrastructure_anomaly_less/fire/000000065381_all__7.npy,fire
Pistachio/VAD/vit-features/train/anomaly/infrastructure_anomaly_less/fire/000000065381_all__8.npy,fire
Pistachio/VAD/vit-features/train/anomaly/infrastructure_anomaly_less/fire/000000065381_all__9.npy,fire
Pistachio/VAD/vit-features/train/anomaly/infrastructure_anomaly_less/fire/000000068419_all__0.npy,fire
Pistachio/VAD/vit-features/train/anomaly/infrastructure_anomaly_less/fire/000000068419_all__1.npy,fire
Pistachio/VAD/vit-features/train/anomaly/infrastructure_anomaly_less/fire/000000068419_all__2.npy,fire
Pistachio/VAD/vit-features/train/anomaly/infrastructure_anomaly_less/fire/000000068419_all__3.npy,fire
Pistachio/VAD/vit-features/train/anomaly/infrastructure_anomaly_less/fire/000000068419_all__4.npy,fire
Pistachio/VAD/vit-features/train/anomaly/infrastructure_anomaly_less/fire/000000068419_all__5.npy,fire
Pistachio/VAD/vit-features/train/anomaly/infrastructure_anomaly_less/fire/000000068419_all__6.npy,fire
Pistachio/VAD/vit-features/train/anomaly/infrastructure_anomaly_less/fire/000000068419_all__7.npy,fire
Pistachio/VAD/vit-features/train/anomaly/infrastructure_anomaly_less/fire/000000068419_all__8.npy,fire
Pistachio/VAD/vit-features/train/anomaly/infrastructure_anomaly_less/fire/000000068419_all__9.npy,fire
Pistachio/VAD/vit-features/train/anomaly/infrastructure_anomaly_less/fire/000000085583_all__0.npy,fire
Pistachio/VAD/vit-features/train/anomaly/infrastructure_anomaly_less/fire/000000085583_all__1.npy,fire
Pistachio/VAD/vit-features/train/anomaly/infrastructure_anomaly_less/fire/000000085583_all__2.npy,fire
Pistachio/VAD/vit-features/train/anomaly/infrastructure_anomaly_less/fire/000000085583_all__3.npy,fire
Pistachio/VAD/vit-features/train/anomaly/infrastructure_anomaly_less/fire/000000085583_all__4.npy,fire
Pistachio/VAD/vit-features/train/anomaly/infrastructure_anomaly_less/fire/000000085583_all__5.npy,fire
Pistachio/VAD/vit-features/train/anomaly/infrastructure_anomaly_less/fire/000000085583_all__6.npy,fire
Pistachio/VAD/vit-features/train/anomaly/infrastructure_anomaly_less/fire/000000085583_all__7.npy,fire
Pistachio/VAD/vit-features/train/anomaly/infrastructure_anomaly_less/fire/000000085583_all__8.npy,fire
Pistachio/VAD/vit-features/train/anomaly/infrastructure_anomaly_less/fire/000000085583_all__9.npy,fire
Pistachio/VAD/vit-features/train/anomaly/infrastructure_anomaly_less/fire/000000089581_all__0.npy,fire
Pistachio/VAD/vit-features/train/anomaly/infrastructure_anomaly_less/fire/000000089581_all__1.npy,fire
Pistachio/VAD/vit-features/train/anomaly/infrastructure_anomaly_less/fire/000000089581_all__2.npy,fire
Pistachio/VAD/vit-features/train/anomaly/infrastructure_anomaly_less/fire/000000089581_all__3.npy,fire
Pistachio/VAD/vit-features/train/anomaly/infrastructure_anomaly_less/fire/000000089581_all__4.npy,fire
Pistachio/VAD/vit-features/train/anomaly/infrastructure_anomaly_less/fire/000000089581_all__5.npy,fire
Pistachio/VAD/vit-features/train/anomaly/infrastructure_anomaly_less/fire/000000089581_all__6.npy,fire
Pistachio/VAD/vit-features/train/anomaly/infrastructure_anomaly_less/fire/000000089581_all__7.npy,fire
Pistachio/VAD/vit-features/train/anomaly/infrastructure_anomaly_less/fire/000000089581_all__8.npy,fire
Pistachio/VAD/vit-features/train/anomaly/infrastructure_anomaly_less/fire/000000089581_all__9.npy,fire
Pistachio/VAD/vit-features/train/anomaly/infrastructure_anomaly_less/fire/000000093924_all__0.npy,fire
Pistachio/VAD/vit-features/train/anomaly/infrastructure_anomaly_less/fire/000000093924_all__1.npy,fire
Pistachio/VAD/vit-features/train/anomaly/infrastructure_anomaly_less/fire/000000093924_all__2.npy,fire
Pistachio/VAD/vit-features/train/anomaly/infrastructure_anomaly_less/fire/000000093924_all__3.npy,fire
Pistachio/VAD/vit-features/train/anomaly/infrastructure_anomaly_less/fire/000000093924_all__4.npy,fire
Pistachio/VAD/vit-features/train/anomaly/infrastructure_anomaly_less/fire/000000093924_all__5.npy,fire
Pistachio/VAD/vit-features/train/anomaly/infrastructure_anomaly_less/fire/000000093924_all__6.npy,fire
Pistachio/VAD/vit-features/train/anomaly/infrastructure_anomaly_less/fire/000000093924_all__7.npy,fire
Pistachio/VAD/vit-features/train/anomaly/infrastructure_anomaly_less/fire/000000093924_all__8.npy,fire
Pistachio/VAD/vit-features/train/anomaly/infrastructure_anomaly_less/fire/000000093924_all__9.npy,fire
Pistachio/VAD/vit-features/train/anomaly/infrastructure_anomaly_less/fire/000000096686_all__0.npy,fire
Pistachio/VAD/vit-features/train/anomaly/infrastructure_anomaly_less/fire/000000096686_all__1.npy,fire
Pistachio/VAD/vit-features/train/anomaly/infrastructure_anomaly_less/fire/000000096686_all__2.npy,fire
Pistachio/VAD/vit-features/train/anomaly/infrastructure_anomaly_less/fire/000000096686_all__3.npy,fire
Pistachio/VAD/vit-features/train/anomaly/infrastructure_anomaly_less/fire/000000096686_all__4.npy,fire
Pistachio/VAD/vit-features/train/anomaly/infrastructure_anomaly_less/fire/000000096686_all__5.npy,fire
Pistachio/VAD/vit-features/train/anomaly/infrastructure_anomaly_less/fire/000000096686_all__6.npy,fire
Pistachio/VAD/vit-features/train/anomaly/infrastructure_anomaly_less/fire/000000096686_all__7.npy,fire
Pistachio/VAD/vit-features/train/anomaly/infrastructure_anomaly_less/fire/000000096686_all__8.npy,fire
Pistachio/VAD/vit-features/train/anomaly/infrastructure_anomaly_less/fire/000000096686_all__9.npy,fire
Pistachio/VAD/vit-features/train/anomaly/infrastructure_anomaly_less/fire/000000101291_all__0.npy,fire
Pistachio/VAD/vit-features/train/anomaly/infrastructure_anomaly_less/fire/000000101291_all__1.npy,fire
Pistachio/VAD/vit-features/train/anomaly/infrastructure_anomaly_less/fire/000000101291_all__2.npy,fire
Pistachio/VAD/vit-features/train/anomaly/infrastructure_anomaly_less/fire/000000101291_all__3.npy,fire
Pistachio/VAD/vit-features/train/anomaly/infrastructure_anomaly_less/fire/000000101291_all__4.npy,fire
Pistachio/VAD/vit-features/train/anomaly/infrastructure_anomaly_less/fire/000000101291_all__5.npy,fire
Pistachio/VAD/vit-features/train/anomaly/infrastructure_anomaly_less/fire/000000101291_all__6.npy,fire
Pistachio/VAD/vit-features/train/anomaly/infrastructure_anomaly_less/fire/000000101291_all__7.npy,fire
Pistachio/VAD/vit-features/train/anomaly/infrastructure_anomaly_less/fire/000000101291_all__8.npy,fire
Pistachio/VAD/vit-features/train/anomaly/infrastructure_anomaly_less/fire/000000101291_all__9.npy,fire
Pistachio/VAD/vit-features/train/anomaly/infrastructure_anomaly_less/fire/000000101833_all__0.npy,fire
Pistachio/VAD/vit-features/train/anomaly/infrastructure_anomaly_less/fire/000000101833_all__1.npy,fire
Pistachio/VAD/vit-features/train/anomaly/infrastructure_anomaly_less/fire/000000101833_all__2.npy,fire
Pistachio/VAD/vit-features/train/anomaly/infrastructure_anomaly_less/fire/000000101833_all__3.npy,fire
Pistachio/VAD/vit-features/train/anomaly/infrastructure_anomaly_less/fire/000000101833_all__4.npy,fire
Pistachio/VAD/vit-features/train/anomaly/infrastructure_anomaly_less/fire/000000101833_all__5.npy,fire
Pistachio/VAD/vit-features/train/anomaly/infrastructure_anomaly_less/fire/000000101833_all__6.npy,fire
Pistachio/VAD/vit-features/train/anomaly/infrastructure_anomaly_less/fire/000000101833_all__7.npy,fire
Pistachio/VAD/vit-features/train/anomaly/infrastructure_anomaly_less/fire/000000101833_all__8.npy,fire
Pistachio/VAD/vit-features/train/anomaly/infrastructure_anomaly_less/fire/000000101833_all__9.npy,fire
Pistachio/VAD/vit-features/train/anomaly/infrastructure_anomaly_less/fire/000000102295_all__0.npy,fire
Pistachio/VAD/vit-features/train/anomaly/infrastructure_anomaly_less/fire/000000102295_all__1.npy,fire
Pistachio/VAD/vit-features/train/anomaly/infrastructure_anomaly_less/fire/000000102295_all__2.npy,fire
Pistachio/VAD/vit-features/train/anomaly/infrastructure_anomaly_less/fire/000000102295_all__3.npy,fire
Pistachio/VAD/vit-features/train/anomaly/infrastructure_anomaly_less/fire/000000102295_all__4.npy,fire
Pistachio/VAD/vit-features/train/anomaly/infrastructure_anomaly_less/fire/000000102295_all__5.npy,fire
Pistachio/VAD/vit-features/train/anomaly/infrastructure_anomaly_less/fire/000000102295_all__6.npy,fire
Pistachio/VAD/vit-features/train/anomaly/infrastructure_anomaly_less/fire/000000102295_all__7.npy,fire
Pistachio/VAD/vit-features/train/anomaly/infrastructure_anomaly_less/fire/000000102295_all__8.npy,fire
Pistachio/VAD/vit-features/train/anomaly/infrastructure_anomaly_less/fire/000000102295_all__9.npy,fire
Pistachio/VAD/vit-features/train/anomaly/infrastructure_anomaly_less/leakage/000000014465_all__0.npy,leakage
Pistachio/VAD/vit-features/train/anomaly/infrastructure_anomaly_less/leakage/000000014465_all__1.npy,leakage
Pistachio/VAD/vit-features/train/anomaly/infrastructure_anomaly_less/leakage/000000014465_all__2.npy,leakage
Pistachio/VAD/vit-features/train/anomaly/infrastructure_anomaly_less/leakage/000000014465_all__3.npy,leakage
Pistachio/VAD/vit-features/train/anomaly/infrastructure_anomaly_less/leakage/000000014465_all__4.npy,leakage
Pistachio/VAD/vit-features/train/anomaly/infrastructure_anomaly_less/leakage/000000014465_all__5.npy,leakage
Pistachio/VAD/vit-features/train/anomaly/infrastructure_anomaly_less/leakage/000000014465_all__6.npy,leakage
Pistachio/VAD/vit-features/train/anomaly/infrastructure_anomaly_less/leakage/000000014465_all__7.npy,leakage
Pistachio/VAD/vit-features/train/anomaly/infrastructure_anomaly_less/leakage/000000014465_all__8.npy,leakage
Pistachio/VAD/vit-features/train/anomaly/infrastructure_anomaly_less/leakage/000000014465_all__9.npy,leakage
Pistachio/VAD/vit-features/train/anomaly/infrastructure_anomaly_less/leakage/000000017007_all__0.npy,leakage
Pistachio/VAD/vit-features/train/anomaly/infrastructure_anomaly_less/leakage/000000017007_all__1.npy,leakage
Pistachio/VAD/vit-features/train/anomaly/infrastructure_anomaly_less/leakage/000000017007_all__2.npy,leakage
Pistachio/VAD/vit-features/train/anomaly/infrastructure_anomaly_less/leakage/000000017007_all__3.npy,leakage
Pistachio/VAD/vit-features/train/anomaly/infrastructure_anomaly_less/leakage/000000017007_all__4.npy,leakage
Pistachio/VAD/vit-features/train/anomaly/infrastructure_anomaly_less/leakage/000000017007_all__5.npy,leakage
Pistachio/VAD/vit-features/train/anomaly/infrastructure_anomaly_less/leakage/000000017007_all__6.npy,leakage
Pistachio/VAD/vit-features/train/anomaly/infrastructure_anomaly_less/leakage/000000017007_all__7.npy,leakage
Pistachio/VAD/vit-features/train/anomaly/infrastructure_anomaly_less/leakage/000000017007_all__8.npy,leakage
Pistachio/VAD/vit-features/train/anomaly/infrastructure_anomaly_less/leakage/000000017007_all__9.npy,leakage
Pistachio/VAD/vit-features/train/anomaly/infrastructure_anomaly_less/leakage/000000215710_all__0.npy,leakage
Pistachio/VAD/vit-features/train/anomaly/infrastructure_anomaly_less/leakage/000000215710_all__1.npy,leakage
Pistachio/VAD/vit-features/train/anomaly/infrastructure_anomaly_less/leakage/000000215710_all__2.npy,leakage
Pistachio/VAD/vit-features/train/anomaly/infrastructure_anomaly_less/leakage/000000215710_all__3.npy,leakage
Pistachio/VAD/vit-features/train/anomaly/infrastructure_anomaly_less/leakage/000000215710_all__4.npy,leakage
Pistachio/VAD/vit-features/train/anomaly/infrastructure_anomaly_less/leakage/000000215710_all__5.npy,leakage
Pistachio/VAD/vit-features/train/anomaly/infrastructure_anomaly_less/leakage/000000215710_all__6.npy,leakage
Pistachio/VAD/vit-features/train/anomaly/infrastructure_anomaly_less/leakage/000000215710_all__7.npy,leakage
Pistachio/VAD/vit-features/train/anomaly/infrastructure_anomaly_less/leakage/000000215710_all__8.npy,leakage
Pistachio/VAD/vit-features/train/anomaly/infrastructure_anomaly_less/leakage/000000215710_all__9.npy,leakage
Pistachio/VAD/vit-features/train/anomaly/infrastructure_anomaly_less/leakage/000000222202_all__0.npy,leakage
Pistachio/VAD/vit-features/train/anomaly/infrastructure_anomaly_less/leakage/000000222202_all__1.npy,leakage
Pistachio/VAD/vit-features/train/anomaly/infrastructure_anomaly_less/leakage/000000222202_all__2.npy,leakage
Pistachio/VAD/vit-features/train/anomaly/infrastructure_anomaly_less/leakage/000000222202_all__3.npy,leakage
Pistachio/VAD/vit-features/train/anomaly/infrastructure_anomaly_less/leakage/000000222202_all__4.npy,leakage
Pistachio/VAD/vit-features/train/anomaly/infrastructure_anomaly_less/leakage/000000222202_all__5.npy,leakage
Pistachio/VAD/vit-features/train/anomaly/infrastructure_anomaly_less/leakage/000000222202_all__6.npy,leakage
Pistachio/VAD/vit-features/train/anomaly/infrastructure_anomaly_less/leakage/000000222202_all__7.npy,leakage
Pistachio/VAD/vit-features/train/anomaly/infrastructure_anomaly_less/leakage/000000222202_all__8.npy,leakage
Pistachio/VAD/vit-features/train/anomaly/infrastructure_anomaly_less/leakage/000000222202_all__9.npy,leakage
Pistachio/VAD/vit-features/train/anomaly/infrastructure_anomaly_less/leakage/000000229029_all__0.npy,leakage
Pistachio/VAD/vit-features/train/anomaly/infrastructure_anomaly_less/leakage/000000229029_all__1.npy,leakage
Pistachio/VAD/vit-features/train/anomaly/infrastructure_anomaly_less/leakage/000000229029_all__2.npy,leakage
Pistachio/VAD/vit-features/train/anomaly/infrastructure_anomaly_less/leakage/000000229029_all__3.npy,leakage
Pistachio/VAD/vit-features/train/anomaly/infrastructure_anomaly_less/leakage/000000229029_all__4.npy,leakage
Pistachio/VAD/vit-features/train/anomaly/infrastructure_anomaly_less/leakage/000000229029_all__5.npy,leakage
Pistachio/VAD/vit-features/train/anomaly/infrastructure_anomaly_less/leakage/000000229029_all__6.npy,leakage
Pistachio/VAD/vit-features/train/anomaly/infrastructure_anomaly_less/leakage/000000229029_all__7.npy,leakage
Pistachio/VAD/vit-features/train/anomaly/infrastructure_anomaly_less/leakage/000000229029_all__8.npy,leakage
Pistachio/VAD/vit-features/train/anomaly/infrastructure_anomaly_less/leakage/000000229029_all__9.npy,leakage
Pistachio/VAD/vit-features/train/anomaly/infrastructure_anomaly_less/leakage/000000336200_all__0.npy,leakage
Pistachio/VAD/vit-features/train/anomaly/infrastructure_anomaly_less/leakage/000000336200_all__1.npy,leakage
Pistachio/VAD/vit-features/train/anomaly/infrastructure_anomaly_less/leakage/000000336200_all__2.npy,leakage
Pistachio/VAD/vit-features/train/anomaly/infrastructure_anomaly_less/leakage/000000336200_all__3.npy,leakage
Pistachio/VAD/vit-features/train/anomaly/infrastructure_anomaly_less/leakage/000000336200_all__4.npy,leakage
Pistachio/VAD/vit-features/train/anomaly/infrastructure_anomaly_less/leakage/000000336200_all__5.npy,leakage
Pistachio/VAD/vit-features/train/anomaly/infrastructure_anomaly_less/leakage/000000336200_all__6.npy,leakage
Pistachio/VAD/vit-features/train/anomaly/infrastructure_anomaly_less/leakage/000000336200_all__7.npy,leakage
Pistachio/VAD/vit-features/train/anomaly/infrastructure_anomaly_less/leakage/000000336200_all__8.npy,leakage
Pistachio/VAD/vit-features/train/anomaly/infrastructure_anomaly_less/leakage/000000336200_all__9.npy,leakage
Pistachio/VAD/vit-features/train/anomaly/infrastructure_anomaly_less/leakage/000000517354_all__0.npy,leakage
Pistachio/VAD/vit-features/train/anomaly/infrastructure_anomaly_less/leakage/000000517354_all__1.npy,leakage
Pistachio/VAD/vit-features/train/anomaly/infrastructure_anomaly_less/leakage/000000517354_all__2.npy,leakage
Pistachio/VAD/vit-features/train/anomaly/infrastructure_anomaly_less/leakage/000000517354_all__3.npy,leakage
Pistachio/VAD/vit-features/train/anomaly/infrastructure_anomaly_less/leakage/000000517354_all__4.npy,leakage
Pistachio/VAD/vit-features/train/anomaly/infrastructure_anomaly_less/leakage/000000517354_all__5.npy,leakage
Pistachio/VAD/vit-features/train/anomaly/infrastructure_anomaly_less/leakage/000000517354_all__6.npy,leakage
Pistachio/VAD/vit-features/train/anomaly/infrastructure_anomaly_less/leakage/000000517354_all__7.npy,leakage
Pistachio/VAD/vit-features/train/anomaly/infrastructure_anomaly_less/leakage/000000517354_all__8.npy,leakage
Pistachio/VAD/vit-features/train/anomaly/infrastructure_anomaly_less/leakage/000000517354_all__9.npy,leakage
Pistachio/VAD/vit-features/train/anomaly/infrastructure_anomaly_less/leakage/000000517550_all__0.npy,leakage
Pistachio/VAD/vit-features/train/anomaly/infrastructure_anomaly_less/leakage/000000517550_all__1.npy,leakage
Pistachio/VAD/vit-features/train/anomaly/infrastructure_anomaly_less/leakage/000000517550_all__2.npy,leakage
Pistachio/VAD/vit-features/train/anomaly/infrastructure_anomaly_less/leakage/000000517550_all__3.npy,leakage
Pistachio/VAD/vit-features/train/anomaly/infrastructure_anomaly_less/leakage/000000517550_all__4.npy,leakage
Pistachio/VAD/vit-features/train/anomaly/infrastructure_anomaly_less/leakage/000000517550_all__5.npy,leakage
Pistachio/VAD/vit-features/train/anomaly/infrastructure_anomaly_less/leakage/000000517550_all__6.npy,leakage
Pistachio/VAD/vit-features/train/anomaly/infrastructure_anomaly_less/leakage/000000517550_all__7.npy,leakage
Pistachio/VAD/vit-features/train/anomaly/infrastructure_anomaly_less/leakage/000000517550_all__8.npy,leakage
Pistachio/VAD/vit-features/train/anomaly/infrastructure_anomaly_less/leakage/000000517550_all__9.npy,leakage
Pistachio/VAD/vit-features/train/anomaly/infrastructure_anomaly_less/natural_disasters/000000065740_all__0.npy,natural_disasters
Pistachio/VAD/vit-features/train/anomaly/infrastructure_anomaly_less/natural_disasters/000000065740_all__1.npy,natural_disasters
Pistachio/VAD/vit-features/train/anomaly/infrastructure_anomaly_less/natural_disasters/000000065740_all__2.npy,natural_disasters
Pistachio/VAD/vit-features/train/anomaly/infrastructure_anomaly_less/natural_disasters/000000065740_all__3.npy,natural_disasters
Pistachio/VAD/vit-features/train/anomaly/infrastructure_anomaly_less/natural_disasters/000000065740_all__4.npy,natural_disasters
Pistachio/VAD/vit-features/train/anomaly/infrastructure_anomaly_less/natural_disasters/000000065740_all__5.npy,natural_disasters
Pistachio/VAD/vit-features/train/anomaly/infrastructure_anomaly_less/natural_disasters/000000065740_all__6.npy,natural_disasters
Pistachio/VAD/vit-features/train/anomaly/infrastructure_anomaly_less/natural_disasters/000000065740_all__7.npy,natural_disasters
Pistachio/VAD/vit-features/train/anomaly/infrastructure_anomaly_less/natural_disasters/000000065740_all__8.npy,natural_disasters
Pistachio/VAD/vit-features/train/anomaly/infrastructure_anomaly_less/natural_disasters/000000065740_all__9.npy,natural_disasters
Pistachio/VAD/vit-features/train/anomaly/infrastructure_anomaly_less/natural_disasters/000000243534_all__0.npy,natural_disasters
Pistachio/VAD/vit-features/train/anomaly/infrastructure_anomaly_less/natural_disasters/000000243534_all__1.npy,natural_disasters
Pistachio/VAD/vit-features/train/anomaly/infrastructure_anomaly_less/natural_disasters/000000243534_all__2.npy,natural_disasters
Pistachio/VAD/vit-features/train/anomaly/infrastructure_anomaly_less/natural_disasters/000000243534_all__3.npy,natural_disasters
Pistachio/VAD/vit-features/train/anomaly/infrastructure_anomaly_less/natural_disasters/000000243534_all__4.npy,natural_disasters
Pistachio/VAD/vit-features/train/anomaly/infrastructure_anomaly_less/natural_disasters/000000243534_all__5.npy,natural_disasters
Pistachio/VAD/vit-features/train/anomaly/infrastructure_anomaly_less/natural_disasters/000000243534_all__6.npy,natural_disasters
Pistachio/VAD/vit-features/train/anomaly/infrastructure_anomaly_less/natural_disasters/000000243534_all__7.npy,natural_disasters
Pistachio/VAD/vit-features/train/anomaly/infrastructure_anomaly_less/natural_disasters/000000243534_all__8.npy,natural_disasters
Pistachio/VAD/vit-features/train/anomaly/infrastructure_anomaly_less/natural_disasters/000000243534_all__9.npy,natural_disasters
Pistachio/VAD/vit-features/train/anomaly/infrastructure_anomaly_less/natural_disasters/000000269241_all__0.npy,natural_disasters
Pistachio/VAD/vit-features/train/anomaly/infrastructure_anomaly_less/natural_disasters/000000269241_all__1.npy,natural_disasters
Pistachio/VAD/vit-features/train/anomaly/infrastructure_anomaly_less/natural_disasters/000000269241_all__2.npy,natural_disasters
Pistachio/VAD/vit-features/train/anomaly/infrastructure_anomaly_less/natural_disasters/000000269241_all__3.npy,natural_disasters
Pistachio/VAD/vit-features/train/anomaly/infrastructure_anomaly_less/natural_disasters/000000269241_all__4.npy,natural_disasters
Pistachio/VAD/vit-features/train/anomaly/infrastructure_anomaly_less/natural_disasters/000000269241_all__5.npy,natural_disasters
Pistachio/VAD/vit-features/train/anomaly/infrastructure_anomaly_less/natural_disasters/000000269241_all__6.npy,natural_disasters
Pistachio/VAD/vit-features/train/anomaly/infrastructure_anomaly_less/natural_disasters/000000269241_all__7.npy,natural_disasters
Pistachio/VAD/vit-features/train/anomaly/infrastructure_anomaly_less/natural_disasters/000000269241_all__8.npy,natural_disasters
Pistachio/VAD/vit-features/train/anomaly/infrastructure_anomaly_less/natural_disasters/000000269241_all__9.npy,natural_disasters
Pistachio/VAD/vit-features/train/anomaly/infrastructure_anomaly_less/natural_disasters/000000283626_all__0.npy,natural_disasters
Pistachio/VAD/vit-features/train/anomaly/infrastructure_anomaly_less/natural_disasters/000000283626_all__1.npy,natural_disasters
Pistachio/VAD/vit-features/train/anomaly/infrastructure_anomaly_less/natural_disasters/000000283626_all__2.npy,natural_disasters
Pistachio/VAD/vit-features/train/anomaly/infrastructure_anomaly_less/natural_disasters/000000283626_all__3.npy,natural_disasters
Pistachio/VAD/vit-features/train/anomaly/infrastructure_anomaly_less/natural_disasters/000000283626_all__4.npy,natural_disasters
Pistachio/VAD/vit-features/train/anomaly/infrastructure_anomaly_less/natural_disasters/000000283626_all__5.npy,natural_disasters
Pistachio/VAD/vit-features/train/anomaly/infrastructure_anomaly_less/natural_disasters/000000283626_all__6.npy,natural_disasters
Pistachio/VAD/vit-features/train/anomaly/infrastructure_anomaly_less/natural_disasters/000000283626_all__7.npy,natural_disasters
Pistachio/VAD/vit-features/train/anomaly/infrastructure_anomaly_less/natural_disasters/000000283626_all__8.npy,natural_disasters
Pistachio/VAD/vit-features/train/anomaly/infrastructure_anomaly_less/natural_disasters/000000283626_all__9.npy,natural_disasters
Pistachio/VAD/vit-features/train/anomaly/infrastructure_anomaly_less/natural_disasters/000000443217_all__0.npy,natural_disasters
Pistachio/VAD/vit-features/train/anomaly/infrastructure_anomaly_less/natural_disasters/000000443217_all__1.npy,natural_disasters
Pistachio/VAD/vit-features/train/anomaly/infrastructure_anomaly_less/natural_disasters/000000443217_all__2.npy,natural_disasters
Pistachio/VAD/vit-features/train/anomaly/infrastructure_anomaly_less/natural_disasters/000000443217_all__3.npy,natural_disasters
Pistachio/VAD/vit-features/train/anomaly/infrastructure_anomaly_less/natural_disasters/000000443217_all__4.npy,natural_disasters
Pistachio/VAD/vit-features/train/anomaly/infrastructure_anomaly_less/natural_disasters/000000443217_all__5.npy,natural_disasters
Pistachio/VAD/vit-features/train/anomaly/infrastructure_anomaly_less/natural_disasters/000000443217_all__6.npy,natural_disasters
Pistachio/VAD/vit-features/train/anomaly/infrastructure_anomaly_less/natural_disasters/000000443217_all__7.npy,natural_disasters
Pistachio/VAD/vit-features/train/anomaly/infrastructure_anomaly_less/natural_disasters/000000443217_all__8.npy,natural_disasters
Pistachio/VAD/vit-features/train/anomaly/infrastructure_anomaly_less/natural_disasters/000000443217_all__9.npy,natural_disasters
Pistachio/VAD/vit-features/train/anomaly/infrastructure_anomaly_less/natural_disasters/000000466963_all__0.npy,natural_disasters
Pistachio/VAD/vit-features/train/anomaly/infrastructure_anomaly_less/natural_disasters/000000466963_all__1.npy,natural_disasters
Pistachio/VAD/vit-features/train/anomaly/infrastructure_anomaly_less/natural_disasters/000000466963_all__2.npy,natural_disasters
Pistachio/VAD/vit-features/train/anomaly/infrastructure_anomaly_less/natural_disasters/000000466963_all__3.npy,natural_disasters
Pistachio/VAD/vit-features/train/anomaly/infrastructure_anomaly_less/natural_disasters/000000466963_all__4.npy,natural_disasters
Pistachio/VAD/vit-features/train/anomaly/infrastructure_anomaly_less/natural_disasters/000000466963_all__5.npy,natural_disasters
Pistachio/VAD/vit-features/train/anomaly/infrastructure_anomaly_less/natural_disasters/000000466963_all__6.npy,natural_disasters
Pistachio/VAD/vit-features/train/anomaly/infrastructure_anomaly_less/natural_disasters/000000466963_all__7.npy,natural_disasters
Pistachio/VAD/vit-features/train/anomaly/infrastructure_anomaly_less/natural_disasters/000000466963_all__8.npy,natural_disasters
Pistachio/VAD/vit-features/train/anomaly/infrastructure_anomaly_less/natural_disasters/000000466963_all__9.npy,natural_disasters
Pistachio/VAD/vit-features/train/anomaly/infrastructure_anomaly_less/natural_disasters/000000473321_all__0.npy,natural_disasters
Pistachio/VAD/vit-features/train/anomaly/infrastructure_anomaly_less/natural_disasters/000000473321_all__1.npy,natural_disasters
Pistachio/VAD/vit-features/train/anomaly/infrastructure_anomaly_less/natural_disasters/000000473321_all__2.npy,natural_disasters
Pistachio/VAD/vit-features/train/anomaly/infrastructure_anomaly_less/natural_disasters/000000473321_all__3.npy,natural_disasters
Pistachio/VAD/vit-features/train/anomaly/infrastructure_anomaly_less/natural_disasters/000000473321_all__4.npy,natural_disasters
Pistachio/VAD/vit-features/train/anomaly/infrastructure_anomaly_less/natural_disasters/000000473321_all__5.npy,natural_disasters
Pistachio/VAD/vit-features/train/anomaly/infrastructure_anomaly_less/natural_disasters/000000473321_all__6.npy,natural_disasters
Pistachio/VAD/vit-features/train/anomaly/infrastructure_anomaly_less/natural_disasters/000000473321_all__7.npy,natural_disasters
Pistachio/VAD/vit-features/train/anomaly/infrastructure_anomaly_less/natural_disasters/000000473321_all__8.npy,natural_disasters
Pistachio/VAD/vit-features/train/anomaly/infrastructure_anomaly_less/natural_disasters/000000473321_all__9.npy,natural_disasters
Pistachio/VAD/vit-features/train/anomaly/infrastructure_anomaly_less/natural_disasters/000000484611_all__0.npy,natural_disasters
Pistachio/VAD/vit-features/train/anomaly/infrastructure_anomaly_less/natural_disasters/000000484611_all__1.npy,natural_disasters
Pistachio/VAD/vit-features/train/anomaly/infrastructure_anomaly_less/natural_disasters/000000484611_all__2.npy,natural_disasters
Pistachio/VAD/vit-features/train/anomaly/infrastructure_anomaly_less/natural_disasters/000000484611_all__3.npy,natural_disasters
Pistachio/VAD/vit-features/train/anomaly/infrastructure_anomaly_less/natural_disasters/000000484611_all__4.npy,natural_disasters
Pistachio/VAD/vit-features/train/anomaly/infrastructure_anomaly_less/natural_disasters/000000484611_all__5.npy,natural_disasters
Pistachio/VAD/vit-features/train/anomaly/infrastructure_anomaly_less/natural_disasters/000000484611_all__6.npy,natural_disasters
Pistachio/VAD/vit-features/train/anomaly/infrastructure_anomaly_less/natural_disasters/000000484611_all__7.npy,natural_disasters
Pistachio/VAD/vit-features/train/anomaly/infrastructure_anomaly_less/natural_disasters/000000484611_all__8.npy,natural_disasters
Pistachio/VAD/vit-features/train/anomaly/infrastructure_anomaly_less/natural_disasters/000000484611_all__9.npy,natural_disasters
Pistachio/VAD/vit-features/train/anomaly/infrastructure_anomaly_less/natural_disasters/000000506827_all__0.npy,natural_disasters
Pistachio/VAD/vit-features/train/anomaly/infrastructure_anomaly_less/natural_disasters/000000506827_all__1.npy,natural_disasters
Pistachio/VAD/vit-features/train/anomaly/infrastructure_anomaly_less/natural_disasters/000000506827_all__2.npy,natural_disasters
Pistachio/VAD/vit-features/train/anomaly/infrastructure_anomaly_less/natural_disasters/000000506827_all__3.npy,natural_disasters
Pistachio/VAD/vit-features/train/anomaly/infrastructure_anomaly_less/natural_disasters/000000506827_all__4.npy,natural_disasters
Pistachio/VAD/vit-features/train/anomaly/infrastructure_anomaly_less/natural_disasters/000000506827_all__5.npy,natural_disasters
Pistachio/VAD/vit-features/train/anomaly/infrastructure_anomaly_less/natural_disasters/000000506827_all__6.npy,natural_disasters
Pistachio/VAD/vit-features/train/anomaly/infrastructure_anomaly_less/natural_disasters/000000506827_all__7.npy,natural_disasters
Pistachio/VAD/vit-features/train/anomaly/infrastructure_anomaly_less/natural_disasters/000000506827_all__8.npy,natural_disasters
Pistachio/VAD/vit-features/train/anomaly/infrastructure_anomaly_less/natural_disasters/000000506827_all__9.npy,natural_disasters
Pistachio/VAD/vit-features/train/anomaly/infrastructure_anomaly_less/structural_failure/000000033026_all__0.npy,structural_failure
Pistachio/VAD/vit-features/train/anomaly/infrastructure_anomaly_less/structural_failure/000000033026_all__1.npy,structural_failure
Pistachio/VAD/vit-features/train/anomaly/infrastructure_anomaly_less/structural_failure/000000033026_all__2.npy,structural_failure
Pistachio/VAD/vit-features/train/anomaly/infrastructure_anomaly_less/structural_failure/000000033026_all__3.npy,structural_failure
Pistachio/VAD/vit-features/train/anomaly/infrastructure_anomaly_less/structural_failure/000000033026_all__4.npy,structural_failure
Pistachio/VAD/vit-features/train/anomaly/infrastructure_anomaly_less/structural_failure/000000033026_all__5.npy,structural_failure
Pistachio/VAD/vit-features/train/anomaly/infrastructure_anomaly_less/structural_failure/000000033026_all__6.npy,structural_failure
Pistachio/VAD/vit-features/train/anomaly/infrastructure_anomaly_less/structural_failure/000000033026_all__7.npy,structural_failure
Pistachio/VAD/vit-features/train/anomaly/infrastructure_anomaly_less/structural_failure/000000033026_all__8.npy,structural_failure
Pistachio/VAD/vit-features/train/anomaly/infrastructure_anomaly_less/structural_failure/000000033026_all__9.npy,structural_failure
Pistachio/VAD/vit-features/train/anomaly/infrastructure_anomaly_less/structural_failure/000000081203_all__0.npy,structural_failure
Pistachio/VAD/vit-features/train/anomaly/infrastructure_anomaly_less/structural_failure/000000081203_all__1.npy,structural_failure
Pistachio/VAD/vit-features/train/anomaly/infrastructure_anomaly_less/structural_failure/000000081203_all__2.npy,structural_failure
Pistachio/VAD/vit-features/train/anomaly/infrastructure_anomaly_less/structural_failure/000000081203_all__3.npy,structural_failure
Pistachio/VAD/vit-features/train/anomaly/infrastructure_anomaly_less/structural_failure/000000081203_all__4.npy,structural_failure
Pistachio/VAD/vit-features/train/anomaly/infrastructure_anomaly_less/structural_failure/000000081203_all__5.npy,structural_failure
Pistachio/VAD/vit-features/train/anomaly/infrastructure_anomaly_less/structural_failure/000000081203_all__6.npy,structural_failure
Pistachio/VAD/vit-features/train/anomaly/infrastructure_anomaly_less/structural_failure/000000081203_all__7.npy,structural_failure
Pistachio/VAD/vit-features/train/anomaly/infrastructure_anomaly_less/structural_failure/000000081203_all__8.npy,structural_failure
Pistachio/VAD/vit-features/train/anomaly/infrastructure_anomaly_less/structural_failure/000000081203_all__9.npy,structural_failure
Pistachio/VAD/vit-features/train/anomaly/infrastructure_anomaly_less/structural_failure/000000119301_all__0.npy,structural_failure
Pistachio/VAD/vit-features/train/anomaly/infrastructure_anomaly_less/structural_failure/000000119301_all__1.npy,structural_failure
Pistachio/VAD/vit-features/train/anomaly/infrastructure_anomaly_less/structural_failure/000000119301_all__2.npy,structural_failure
Pistachio/VAD/vit-features/train/anomaly/infrastructure_anomaly_less/structural_failure/000000119301_all__3.npy,structural_failure
Pistachio/VAD/vit-features/train/anomaly/infrastructure_anomaly_less/structural_failure/000000119301_all__4.npy,structural_failure
Pistachio/VAD/vit-features/train/anomaly/infrastructure_anomaly_less/structural_failure/000000119301_all__5.npy,structural_failure
Pistachio/VAD/vit-features/train/anomaly/infrastructure_anomaly_less/structural_failure/000000119301_all__6.npy,structural_failure
Pistachio/VAD/vit-features/train/anomaly/infrastructure_anomaly_less/structural_failure/000000119301_all__7.npy,structural_failure
Pistachio/VAD/vit-features/train/anomaly/infrastructure_anomaly_less/structural_failure/000000119301_all__8.npy,structural_failure
Pistachio/VAD/vit-features/train/anomaly/infrastructure_anomaly_less/structural_failure/000000119301_all__9.npy,structural_failure
Pistachio/VAD/vit-features/train/anomaly/infrastructure_anomaly_less/structural_failure/000000242456_all__0.npy,structural_failure
Pistachio/VAD/vit-features/train/anomaly/infrastructure_anomaly_less/structural_failure/000000242456_all__1.npy,structural_failure
Pistachio/VAD/vit-features/train/anomaly/infrastructure_anomaly_less/structural_failure/000000242456_all__2.npy,structural_failure
Pistachio/VAD/vit-features/train/anomaly/infrastructure_anomaly_less/structural_failure/000000242456_all__3.npy,structural_failure
Pistachio/VAD/vit-features/train/anomaly/infrastructure_anomaly_less/structural_failure/000000242456_all__4.npy,structural_failure
Pistachio/VAD/vit-features/train/anomaly/infrastructure_anomaly_less/structural_failure/000000242456_all__5.npy,structural_failure
Pistachio/VAD/vit-features/train/anomaly/infrastructure_anomaly_less/structural_failure/000000242456_all__6.npy,structural_failure
Pistachio/VAD/vit-features/train/anomaly/infrastructure_anomaly_less/structural_failure/000000242456_all__7.npy,structural_failure
Pistachio/VAD/vit-features/train/anomaly/infrastructure_anomaly_less/structural_failure/000000242456_all__8.npy,structural_failure
Pistachio/VAD/vit-features/train/anomaly/infrastructure_anomaly_less/structural_failure/000000242456_all__9.npy,structural_failure
Pistachio/VAD/vit-features/train/anomaly/infrastructure_anomaly_less/structural_failure/000000275629_all__0.npy,structural_failure
Pistachio/VAD/vit-features/train/anomaly/infrastructure_anomaly_less/structural_failure/000000275629_all__1.npy,structural_failure
Pistachio/VAD/vit-features/train/anomaly/infrastructure_anomaly_less/structural_failure/000000275629_all__2.npy,structural_failure
Pistachio/VAD/vit-features/train/anomaly/infrastructure_anomaly_less/structural_failure/000000275629_all__3.npy,structural_failure
Pistachio/VAD/vit-features/train/anomaly/infrastructure_anomaly_less/structural_failure/000000275629_all__4.npy,structural_failure
Pistachio/VAD/vit-features/train/anomaly/infrastructure_anomaly_less/structural_failure/000000275629_all__5.npy,structural_failure
Pistachio/VAD/vit-features/train/anomaly/infrastructure_anomaly_less/structural_failure/000000275629_all__6.npy,structural_failure
Pistachio/VAD/vit-features/train/anomaly/infrastructure_anomaly_less/structural_failure/000000275629_all__7.npy,structural_failure
Pistachio/VAD/vit-features/train/anomaly/infrastructure_anomaly_less/structural_failure/000000275629_all__8.npy,structural_failure
Pistachio/VAD/vit-features/train/anomaly/infrastructure_anomaly_less/structural_failure/000000275629_all__9.npy,structural_failure
Pistachio/VAD/vit-features/train/anomaly/infrastructure_anomaly_less/structural_failure/000000296516_all__0.npy,structural_failure
Pistachio/VAD/vit-features/train/anomaly/infrastructure_anomaly_less/structural_failure/000000296516_all__1.npy,structural_failure
Pistachio/VAD/vit-features/train/anomaly/infrastructure_anomaly_less/structural_failure/000000296516_all__2.npy,structural_failure
Pistachio/VAD/vit-features/train/anomaly/infrastructure_anomaly_less/structural_failure/000000296516_all__3.npy,structural_failure
Pistachio/VAD/vit-features/train/anomaly/infrastructure_anomaly_less/structural_failure/000000296516_all__4.npy,structural_failure
Pistachio/VAD/vit-features/train/anomaly/infrastructure_anomaly_less/structural_failure/000000296516_all__5.npy,structural_failure
Pistachio/VAD/vit-features/train/anomaly/infrastructure_anomaly_less/structural_failure/000000296516_all__6.npy,structural_failure
Pistachio/VAD/vit-features/train/anomaly/infrastructure_anomaly_less/structural_failure/000000296516_all__7.npy,structural_failure
Pistachio/VAD/vit-features/train/anomaly/infrastructure_anomaly_less/structural_failure/000000296516_all__8.npy,structural_failure
Pistachio/VAD/vit-features/train/anomaly/infrastructure_anomaly_less/structural_failure/000000296516_all__9.npy,structural_failure
Pistachio/VAD/vit-features/train/anomaly/infrastructure_anomaly_less/structural_failure/000000328060_all__0.npy,structural_failure
Pistachio/VAD/vit-features/train/anomaly/infrastructure_anomaly_less/structural_failure/000000328060_all__1.npy,structural_failure
Pistachio/VAD/vit-features/train/anomaly/infrastructure_anomaly_less/structural_failure/000000328060_all__2.npy,structural_failure
Pistachio/VAD/vit-features/train/anomaly/infrastructure_anomaly_less/structural_failure/000000328060_all__3.npy,structural_failure
Pistachio/VAD/vit-features/train/anomaly/infrastructure_anomaly_less/structural_failure/000000328060_all__4.npy,structural_failure
Pistachio/VAD/vit-features/train/anomaly/infrastructure_anomaly_less/structural_failure/000000328060_all__5.npy,structural_failure
Pistachio/VAD/vit-features/train/anomaly/infrastructure_anomaly_less/structural_failure/000000328060_all__6.npy,structural_failure
Pistachio/VAD/vit-features/train/anomaly/infrastructure_anomaly_less/structural_failure/000000328060_all__7.npy,structural_failure
Pistachio/VAD/vit-features/train/anomaly/infrastructure_anomaly_less/structural_failure/000000328060_all__8.npy,structural_failure
Pistachio/VAD/vit-features/train/anomaly/infrastructure_anomaly_less/structural_failure/000000328060_all__9.npy,structural_failure
Pistachio/VAD/vit-features/train/anomaly/infrastructure_anomaly_less/structural_failure/000000354152_all__0.npy,structural_failure
Pistachio/VAD/vit-features/train/anomaly/infrastructure_anomaly_less/structural_failure/000000354152_all__1.npy,structural_failure
Pistachio/VAD/vit-features/train/anomaly/infrastructure_anomaly_less/structural_failure/000000354152_all__2.npy,structural_failure
Pistachio/VAD/vit-features/train/anomaly/infrastructure_anomaly_less/structural_failure/000000354152_all__3.npy,structural_failure
Pistachio/VAD/vit-features/train/anomaly/infrastructure_anomaly_less/structural_failure/000000354152_all__4.npy,structural_failure
Pistachio/VAD/vit-features/train/anomaly/infrastructure_anomaly_less/structural_failure/000000354152_all__5.npy,structural_failure
Pistachio/VAD/vit-features/train/anomaly/infrastructure_anomaly_less/structural_failure/000000354152_all__6.npy,structural_failure
Pistachio/VAD/vit-features/train/anomaly/infrastructure_anomaly_less/structural_failure/000000354152_all__7.npy,structural_failure
Pistachio/VAD/vit-features/train/anomaly/infrastructure_anomaly_less/structural_failure/000000354152_all__8.npy,structural_failure
Pistachio/VAD/vit-features/train/anomaly/infrastructure_anomaly_less/structural_failure/000000354152_all__9.npy,structural_failure
Pistachio/VAD/vit-features/train/anomaly/infrastructure_anomaly_less/structural_failure/000000416602_all__0.npy,structural_failure
Pistachio/VAD/vit-features/train/anomaly/infrastructure_anomaly_less/structural_failure/000000416602_all__1.npy,structural_failure
Pistachio/VAD/vit-features/train/anomaly/infrastructure_anomaly_less/structural_failure/000000416602_all__2.npy,structural_failure
Pistachio/VAD/vit-features/train/anomaly/infrastructure_anomaly_less/structural_failure/000000416602_all__3.npy,structural_failure
Pistachio/VAD/vit-features/train/anomaly/infrastructure_anomaly_less/structural_failure/000000416602_all__4.npy,structural_failure
Pistachio/VAD/vit-features/train/anomaly/infrastructure_anomaly_less/structural_failure/000000416602_all__5.npy,structural_failure
Pistachio/VAD/vit-features/train/anomaly/infrastructure_anomaly_less/structural_failure/000000416602_all__6.npy,structural_failure
Pistachio/VAD/vit-features/train/anomaly/infrastructure_anomaly_less/structural_failure/000000416602_all__7.npy,structural_failure
Pistachio/VAD/vit-features/train/anomaly/infrastructure_anomaly_less/structural_failure/000000416602_all__8.npy,structural_failure
Pistachio/VAD/vit-features/train/anomaly/infrastructure_anomaly_less/structural_failure/000000416602_all__9.npy,structural_failure
Pistachio/VAD/vit-features/train/anomaly/infrastructure_anomaly_less/structural_failure/000000463871_all__0.npy,structural_failure
Pistachio/VAD/vit-features/train/anomaly/infrastructure_anomaly_less/structural_failure/000000463871_all__1.npy,structural_failure
Pistachio/VAD/vit-features/train/anomaly/infrastructure_anomaly_less/structural_failure/000000463871_all__2.npy,structural_failure
Pistachio/VAD/vit-features/train/anomaly/infrastructure_anomaly_less/structural_failure/000000463871_all__3.npy,structural_failure
Pistachio/VAD/vit-features/train/anomaly/infrastructure_anomaly_less/structural_failure/000000463871_all__4.npy,structural_failure
Pistachio/VAD/vit-features/train/anomaly/infrastructure_anomaly_less/structural_failure/000000463871_all__5.npy,structural_failure
Pistachio/VAD/vit-features/train/anomaly/infrastructure_anomaly_less/structural_failure/000000463871_all__6.npy,structural_failure
Pistachio/VAD/vit-features/train/anomaly/infrastructure_anomaly_less/structural_failure/000000463871_all__7.npy,structural_failure
Pistachio/VAD/vit-features/train/anomaly/infrastructure_anomaly_less/structural_failure/000000463871_all__8.npy,structural_failure
Pistachio/VAD/vit-features/train/anomaly/infrastructure_anomaly_less/structural_failure/000000463871_all__9.npy,structural_failure
Pistachio/VAD/vit-features/train/anomaly/infrastructure_anomaly_less/vandalism/000000005110_all__0.npy,vandalism
Pistachio/VAD/vit-features/train/anomaly/infrastructure_anomaly_less/vandalism/000000005110_all__1.npy,vandalism
Pistachio/VAD/vit-features/train/anomaly/infrastructure_anomaly_less/vandalism/000000005110_all__2.npy,vandalism
Pistachio/VAD/vit-features/train/anomaly/infrastructure_anomaly_less/vandalism/000000005110_all__3.npy,vandalism
Pistachio/VAD/vit-features/train/anomaly/infrastructure_anomaly_less/vandalism/000000005110_all__4.npy,vandalism
Pistachio/VAD/vit-features/train/anomaly/infrastructure_anomaly_less/vandalism/000000005110_all__5.npy,vandalism
Pistachio/VAD/vit-features/train/anomaly/infrastructure_anomaly_less/vandalism/000000005110_all__6.npy,vandalism
Pistachio/VAD/vit-features/train/anomaly/infrastructure_anomaly_less/vandalism/000000005110_all__7.npy,vandalism
Pistachio/VAD/vit-features/train/anomaly/infrastructure_anomaly_less/vandalism/000000005110_all__8.npy,vandalism
Pistachio/VAD/vit-features/train/anomaly/infrastructure_anomaly_less/vandalism/000000005110_all__9.npy,vandalism
Pistachio/VAD/vit-features/train/anomaly/infrastructure_anomaly_less/vandalism/000000005896_all__0.npy,vandalism
Pistachio/VAD/vit-features/train/anomaly/infrastructure_anomaly_less/vandalism/000000005896_all__1.npy,vandalism
Pistachio/VAD/vit-features/train/anomaly/infrastructure_anomaly_less/vandalism/000000005896_all__2.npy,vandalism
Pistachio/VAD/vit-features/train/anomaly/infrastructure_anomaly_less/vandalism/000000005896_all__3.npy,vandalism
Pistachio/VAD/vit-features/train/anomaly/infrastructure_anomaly_less/vandalism/000000005896_all__4.npy,vandalism
Pistachio/VAD/vit-features/train/anomaly/infrastructure_anomaly_less/vandalism/000000005896_all__5.npy,vandalism
Pistachio/VAD/vit-features/train/anomaly/infrastructure_anomaly_less/vandalism/000000005896_all__6.npy,vandalism
Pistachio/VAD/vit-features/train/anomaly/infrastructure_anomaly_less/vandalism/000000005896_all__7.npy,vandalism
Pistachio/VAD/vit-features/train/anomaly/infrastructure_anomaly_less/vandalism/000000005896_all__8.npy,vandalism
Pistachio/VAD/vit-features/train/anomaly/infrastructure_anomaly_less/vandalism/000000005896_all__9.npy,vandalism
Pistachio/VAD/vit-features/train/anomaly/infrastructure_anomaly_less/vandalism/000000009995_all__0.npy,vandalism
Pistachio/VAD/vit-features/train/anomaly/infrastructure_anomaly_less/vandalism/000000009995_all__1.npy,vandalism
Pistachio/VAD/vit-features/train/anomaly/infrastructure_anomaly_less/vandalism/000000009995_all__2.npy,vandalism
Pistachio/VAD/vit-features/train/anomaly/infrastructure_anomaly_less/vandalism/000000009995_all__3.npy,vandalism
Pistachio/VAD/vit-features/train/anomaly/infrastructure_anomaly_less/vandalism/000000009995_all__4.npy,vandalism
Pistachio/VAD/vit-features/train/anomaly/infrastructure_anomaly_less/vandalism/000000009995_all__5.npy,vandalism
Pistachio/VAD/vit-features/train/anomaly/infrastructure_anomaly_less/vandalism/000000009995_all__6.npy,vandalism
Pistachio/VAD/vit-features/train/anomaly/infrastructure_anomaly_less/vandalism/000000009995_all__7.npy,vandalism
Pistachio/VAD/vit-features/train/anomaly/infrastructure_anomaly_less/vandalism/000000009995_all__8.npy,vandalism
Pistachio/VAD/vit-features/train/anomaly/infrastructure_anomaly_less/vandalism/000000009995_all__9.npy,vandalism
Pistachio/VAD/vit-features/train/anomaly/infrastructure_anomaly_less/vandalism/000000015958_all__0.npy,vandalism
Pistachio/VAD/vit-features/train/anomaly/infrastructure_anomaly_less/vandalism/000000015958_all__1.npy,vandalism
Pistachio/VAD/vit-features/train/anomaly/infrastructure_anomaly_less/vandalism/000000015958_all__2.npy,vandalism
Pistachio/VAD/vit-features/train/anomaly/infrastructure_anomaly_less/vandalism/000000015958_all__3.npy,vandalism
Pistachio/VAD/vit-features/train/anomaly/infrastructure_anomaly_less/vandalism/000000015958_all__4.npy,vandalism
Pistachio/VAD/vit-features/train/anomaly/infrastructure_anomaly_less/vandalism/000000015958_all__5.npy,vandalism
Pistachio/VAD/vit-features/train/anomaly/infrastructure_anomaly_less/vandalism/000000015958_all__6.npy,vandalism
Pistachio/VAD/vit-features/train/anomaly/infrastructure_anomaly_less/vandalism/000000015958_all__7.npy,vandalism
Pistachio/VAD/vit-features/train/anomaly/infrastructure_anomaly_less/vandalism/000000015958_all__8.npy,vandalism
Pistachio/VAD/vit-features/train/anomaly/infrastructure_anomaly_less/vandalism/000000015958_all__9.npy,vandalism
Pistachio/VAD/vit-features/train/anomaly/infrastructure_anomaly_less/vandalism/000000017041_all__0.npy,vandalism
Pistachio/VAD/vit-features/train/anomaly/infrastructure_anomaly_less/vandalism/000000017041_all__1.npy,vandalism
Pistachio/VAD/vit-features/train/anomaly/infrastructure_anomaly_less/vandalism/000000017041_all__2.npy,vandalism
Pistachio/VAD/vit-features/train/anomaly/infrastructure_anomaly_less/vandalism/000000017041_all__3.npy,vandalism
Pistachio/VAD/vit-features/train/anomaly/infrastructure_anomaly_less/vandalism/000000017041_all__4.npy,vandalism
Pistachio/VAD/vit-features/train/anomaly/infrastructure_anomaly_less/vandalism/000000017041_all__5.npy,vandalism
Pistachio/VAD/vit-features/train/anomaly/infrastructure_anomaly_less/vandalism/000000017041_all__6.npy,vandalism
Pistachio/VAD/vit-features/train/anomaly/infrastructure_anomaly_less/vandalism/000000017041_all__7.npy,vandalism
Pistachio/VAD/vit-features/train/anomaly/infrastructure_anomaly_less/vandalism/000000017041_all__8.npy,vandalism
Pistachio/VAD/vit-features/train/anomaly/infrastructure_anomaly_less/vandalism/000000017041_all__9.npy,vandalism
Pistachio/VAD/vit-features/train/anomaly/infrastructure_anomaly_less/vandalism/000000034323_all__0.npy,vandalism
Pistachio/VAD/vit-features/train/anomaly/infrastructure_anomaly_less/vandalism/000000034323_all__1.npy,vandalism
Pistachio/VAD/vit-features/train/anomaly/infrastructure_anomaly_less/vandalism/000000034323_all__2.npy,vandalism
Pistachio/VAD/vit-features/train/anomaly/infrastructure_anomaly_less/vandalism/000000034323_all__3.npy,vandalism
Pistachio/VAD/vit-features/train/anomaly/infrastructure_anomaly_less/vandalism/000000034323_all__4.npy,vandalism
Pistachio/VAD/vit-features/train/anomaly/infrastructure_anomaly_less/vandalism/000000034323_all__5.npy,vandalism
Pistachio/VAD/vit-features/train/anomaly/infrastructure_anomaly_less/vandalism/000000034323_all__6.npy,vandalism
Pistachio/VAD/vit-features/train/anomaly/infrastructure_anomaly_less/vandalism/000000034323_all__7.npy,vandalism
Pistachio/VAD/vit-features/train/anomaly/infrastructure_anomaly_less/vandalism/000000034323_all__8.npy,vandalism
Pistachio/VAD/vit-features/train/anomaly/infrastructure_anomaly_less/vandalism/000000034323_all__9.npy,vandalism
Pistachio/VAD/vit-features/train/anomaly/infrastructure_anomaly_less/vandalism/000000053693_all__0.npy,vandalism
Pistachio/VAD/vit-features/train/anomaly/infrastructure_anomaly_less/vandalism/000000053693_all__1.npy,vandalism
Pistachio/VAD/vit-features/train/anomaly/infrastructure_anomaly_less/vandalism/000000053693_all__2.npy,vandalism
Pistachio/VAD/vit-features/train/anomaly/infrastructure_anomaly_less/vandalism/000000053693_all__3.npy,vandalism
Pistachio/VAD/vit-features/train/anomaly/infrastructure_anomaly_less/vandalism/000000053693_all__4.npy,vandalism
Pistachio/VAD/vit-features/train/anomaly/infrastructure_anomaly_less/vandalism/000000053693_all__5.npy,vandalism
Pistachio/VAD/vit-features/train/anomaly/infrastructure_anomaly_less/vandalism/000000053693_all__6.npy,vandalism
Pistachio/VAD/vit-features/train/anomaly/infrastructure_anomaly_less/vandalism/000000053693_all__7.npy,vandalism
Pistachio/VAD/vit-features/train/anomaly/infrastructure_anomaly_less/vandalism/000000053693_all__8.npy,vandalism
Pistachio/VAD/vit-features/train/anomaly/infrastructure_anomaly_less/vandalism/000000053693_all__9.npy,vandalism
Pistachio/VAD/vit-features/train/anomaly/infrastructure_anomaly_less/vandalism/000000069722_all__0.npy,vandalism
Pistachio/VAD/vit-features/train/anomaly/infrastructure_anomaly_less/vandalism/000000069722_all__1.npy,vandalism
Pistachio/VAD/vit-features/train/anomaly/infrastructure_anomaly_less/vandalism/000000069722_all__2.npy,vandalism
Pistachio/VAD/vit-features/train/anomaly/infrastructure_anomaly_less/vandalism/000000069722_all__3.npy,vandalism
Pistachio/VAD/vit-features/train/anomaly/infrastructure_anomaly_less/vandalism/000000069722_all__4.npy,vandalism
Pistachio/VAD/vit-features/train/anomaly/infrastructure_anomaly_less/vandalism/000000069722_all__5.npy,vandalism
Pistachio/VAD/vit-features/train/anomaly/infrastructure_anomaly_less/vandalism/000000069722_all__6.npy,vandalism
Pistachio/VAD/vit-features/train/anomaly/infrastructure_anomaly_less/vandalism/000000069722_all__7.npy,vandalism
Pistachio/VAD/vit-features/train/anomaly/infrastructure_anomaly_less/vandalism/000000069722_all__8.npy,vandalism
Pistachio/VAD/vit-features/train/anomaly/infrastructure_anomaly_less/vandalism/000000069722_all__9.npy,vandalism
Pistachio/VAD/vit-features/train/anomaly/infrastructure_anomaly_less/vandalism/000000088319_all__0.npy,vandalism
Pistachio/VAD/vit-features/train/anomaly/infrastructure_anomaly_less/vandalism/000000088319_all__1.npy,vandalism
Pistachio/VAD/vit-features/train/anomaly/infrastructure_anomaly_less/vandalism/000000088319_all__2.npy,vandalism
Pistachio/VAD/vit-features/train/anomaly/infrastructure_anomaly_less/vandalism/000000088319_all__3.npy,vandalism
Pistachio/VAD/vit-features/train/anomaly/infrastructure_anomaly_less/vandalism/000000088319_all__4.npy,vandalism
Pistachio/VAD/vit-features/train/anomaly/infrastructure_anomaly_less/vandalism/000000088319_all__5.npy,vandalism
Pistachio/VAD/vit-features/train/anomaly/infrastructure_anomaly_less/vandalism/000000088319_all__6.npy,vandalism
Pistachio/VAD/vit-features/train/anomaly/infrastructure_anomaly_less/vandalism/000000088319_all__7.npy,vandalism
Pistachio/VAD/vit-features/train/anomaly/infrastructure_anomaly_less/vandalism/000000088319_all__8.npy,vandalism
Pistachio/VAD/vit-features/train/anomaly/infrastructure_anomaly_less/vandalism/000000088319_all__9.npy,vandalism
Pistachio/VAD/vit-features/train/anomaly/infrastructure_anomaly_less/weapons_incident/000000005771_all__0.npy,weapons_incident
Pistachio/VAD/vit-features/train/anomaly/infrastructure_anomaly_less/weapons_incident/000000005771_all__1.npy,weapons_incident
Pistachio/VAD/vit-features/train/anomaly/infrastructure_anomaly_less/weapons_incident/000000005771_all__2.npy,weapons_incident
Pistachio/VAD/vit-features/train/anomaly/infrastructure_anomaly_less/weapons_incident/000000005771_all__3.npy,weapons_incident
Pistachio/VAD/vit-features/train/anomaly/infrastructure_anomaly_less/weapons_incident/000000005771_all__4.npy,weapons_incident
Pistachio/VAD/vit-features/train/anomaly/infrastructure_anomaly_less/weapons_incident/000000005771_all__5.npy,weapons_incident
Pistachio/VAD/vit-features/train/anomaly/infrastructure_anomaly_less/weapons_incident/000000005771_all__6.npy,weapons_incident
Pistachio/VAD/vit-features/train/anomaly/infrastructure_anomaly_less/weapons_incident/000000005771_all__7.npy,weapons_incident
Pistachio/VAD/vit-features/train/anomaly/infrastructure_anomaly_less/weapons_incident/000000005771_all__8.npy,weapons_incident
Pistachio/VAD/vit-features/train/anomaly/infrastructure_anomaly_less/weapons_incident/000000005771_all__9.npy,weapons_incident
Pistachio/VAD/vit-features/train/anomaly/infrastructure_anomaly_less/weapons_incident/000000006923_all__0.npy,weapons_incident
Pistachio/VAD/vit-features/train/anomaly/infrastructure_anomaly_less/weapons_incident/000000006923_all__1.npy,weapons_incident
Pistachio/VAD/vit-features/train/anomaly/infrastructure_anomaly_less/weapons_incident/000000006923_all__2.npy,weapons_incident
Pistachio/VAD/vit-features/train/anomaly/infrastructure_anomaly_less/weapons_incident/000000006923_all__3.npy,weapons_incident
Pistachio/VAD/vit-features/train/anomaly/infrastructure_anomaly_less/weapons_incident/000000006923_all__4.npy,weapons_incident
Pistachio/VAD/vit-features/train/anomaly/infrastructure_anomaly_less/weapons_incident/000000006923_all__5.npy,weapons_incident
Pistachio/VAD/vit-features/train/anomaly/infrastructure_anomaly_less/weapons_incident/000000006923_all__6.npy,weapons_incident
Pistachio/VAD/vit-features/train/anomaly/infrastructure_anomaly_less/weapons_incident/000000006923_all__7.npy,weapons_incident
Pistachio/VAD/vit-features/train/anomaly/infrastructure_anomaly_less/weapons_incident/000000006923_all__8.npy,weapons_incident
Pistachio/VAD/vit-features/train/anomaly/infrastructure_anomaly_less/weapons_incident/000000006923_all__9.npy,weapons_incident
Pistachio/VAD/vit-features/train/anomaly/infrastructure_anomaly_less/weapons_incident/000000009347_all__0.npy,weapons_incident
Pistachio/VAD/vit-features/train/anomaly/infrastructure_anomaly_less/weapons_incident/000000009347_all__1.npy,weapons_incident
Pistachio/VAD/vit-features/train/anomaly/infrastructure_anomaly_less/weapons_incident/000000009347_all__2.npy,weapons_incident
Pistachio/VAD/vit-features/train/anomaly/infrastructure_anomaly_less/weapons_incident/000000009347_all__3.npy,weapons_incident
Pistachio/VAD/vit-features/train/anomaly/infrastructure_anomaly_less/weapons_incident/000000009347_all__4.npy,weapons_incident
Pistachio/VAD/vit-features/train/anomaly/infrastructure_anomaly_less/weapons_incident/000000009347_all__5.npy,weapons_incident
Pistachio/VAD/vit-features/train/anomaly/infrastructure_anomaly_less/weapons_incident/000000009347_all__6.npy,weapons_incident
Pistachio/VAD/vit-features/train/anomaly/infrastructure_anomaly_less/weapons_incident/000000009347_all__7.npy,weapons_incident
Pistachio/VAD/vit-features/train/anomaly/infrastructure_anomaly_less/weapons_incident/000000009347_all__8.npy,weapons_incident
Pistachio/VAD/vit-features/train/anomaly/infrastructure_anomaly_less/weapons_incident/000000009347_all__9.npy,weapons_incident
Pistachio/VAD/vit-features/train/anomaly/infrastructure_anomaly_less/weapons_incident/000000009390_all__0.npy,weapons_incident
Pistachio/VAD/vit-features/train/anomaly/infrastructure_anomaly_less/weapons_incident/000000009390_all__1.npy,weapons_incident
Pistachio/VAD/vit-features/train/anomaly/infrastructure_anomaly_less/weapons_incident/000000009390_all__2.npy,weapons_incident
Pistachio/VAD/vit-features/train/anomaly/infrastructure_anomaly_less/weapons_incident/000000009390_all__3.npy,weapons_incident
Pistachio/VAD/vit-features/train/anomaly/infrastructure_anomaly_less/weapons_incident/000000009390_all__4.npy,weapons_incident
Pistachio/VAD/vit-features/train/anomaly/infrastructure_anomaly_less/weapons_incident/000000009390_all__5.npy,weapons_incident
Pistachio/VAD/vit-features/train/anomaly/infrastructure_anomaly_less/weapons_incident/000000009390_all__6.npy,weapons_incident
Pistachio/VAD/vit-features/train/anomaly/infrastructure_anomaly_less/weapons_incident/000000009390_all__7.npy,weapons_incident
Pistachio/VAD/vit-features/train/anomaly/infrastructure_anomaly_less/weapons_incident/000000009390_all__8.npy,weapons_incident
Pistachio/VAD/vit-features/train/anomaly/infrastructure_anomaly_less/weapons_incident/000000009390_all__9.npy,weapons_incident
Pistachio/VAD/vit-features/train/anomaly/infrastructure_anomaly_less/weapons_incident/000000010550_all__0.npy,weapons_incident
Pistachio/VAD/vit-features/train/anomaly/infrastructure_anomaly_less/weapons_incident/000000010550_all__1.npy,weapons_incident
Pistachio/VAD/vit-features/train/anomaly/infrastructure_anomaly_less/weapons_incident/000000010550_all__2.npy,weapons_incident
Pistachio/VAD/vit-features/train/anomaly/infrastructure_anomaly_less/weapons_incident/000000010550_all__3.npy,weapons_incident
Pistachio/VAD/vit-features/train/anomaly/infrastructure_anomaly_less/weapons_incident/000000010550_all__4.npy,weapons_incident
Pistachio/VAD/vit-features/train/anomaly/infrastructure_anomaly_less/weapons_incident/000000010550_all__5.npy,weapons_incident
Pistachio/VAD/vit-features/train/anomaly/infrastructure_anomaly_less/weapons_incident/000000010550_all__6.npy,weapons_incident
Pistachio/VAD/vit-features/train/anomaly/infrastructure_anomaly_less/weapons_incident/000000010550_all__7.npy,weapons_incident
Pistachio/VAD/vit-features/train/anomaly/infrastructure_anomaly_less/weapons_incident/000000010550_all__8.npy,weapons_incident
Pistachio/VAD/vit-features/train/anomaly/infrastructure_anomaly_less/weapons_incident/000000010550_all__9.npy,weapons_incident
Pistachio/VAD/vit-features/train/anomaly/infrastructure_anomaly_less/weapons_incident/000000010934_all__0.npy,weapons_incident
Pistachio/VAD/vit-features/train/anomaly/infrastructure_anomaly_less/weapons_incident/000000010934_all__1.npy,weapons_incident
Pistachio/VAD/vit-features/train/anomaly/infrastructure_anomaly_less/weapons_incident/000000010934_all__2.npy,weapons_incident
Pistachio/VAD/vit-features/train/anomaly/infrastructure_anomaly_less/weapons_incident/000000010934_all__3.npy,weapons_incident
Pistachio/VAD/vit-features/train/anomaly/infrastructure_anomaly_less/weapons_incident/000000010934_all__4.npy,weapons_incident
Pistachio/VAD/vit-features/train/anomaly/infrastructure_anomaly_less/weapons_incident/000000010934_all__5.npy,weapons_incident
Pistachio/VAD/vit-features/train/anomaly/infrastructure_anomaly_less/weapons_incident/000000010934_all__6.npy,weapons_incident
Pistachio/VAD/vit-features/train/anomaly/infrastructure_anomaly_less/weapons_incident/000000010934_all__7.npy,weapons_incident
Pistachio/VAD/vit-features/train/anomaly/infrastructure_anomaly_less/weapons_incident/000000010934_all__8.npy,weapons_incident
Pistachio/VAD/vit-features/train/anomaly/infrastructure_anomaly_less/weapons_incident/000000010934_all__9.npy,weapons_incident
Pistachio/VAD/vit-features/train/anomaly/infrastructure_anomaly_less/weapons_incident/000000011864_all__0.npy,weapons_incident
Pistachio/VAD/vit-features/train/anomaly/infrastructure_anomaly_less/weapons_incident/000000011864_all__1.npy,weapons_incident
Pistachio/VAD/vit-features/train/anomaly/infrastructure_anomaly_less/weapons_incident/000000011864_all__2.npy,weapons_incident
Pistachio/VAD/vit-features/train/anomaly/infrastructure_anomaly_less/weapons_incident/000000011864_all__3.npy,weapons_incident
Pistachio/VAD/vit-features/train/anomaly/infrastructure_anomaly_less/weapons_incident/000000011864_all__4.npy,weapons_incident
Pistachio/VAD/vit-features/train/anomaly/infrastructure_anomaly_less/weapons_incident/000000011864_all__5.npy,weapons_incident
Pistachio/VAD/vit-features/train/anomaly/infrastructure_anomaly_less/weapons_incident/000000011864_all__6.npy,weapons_incident
Pistachio/VAD/vit-features/train/anomaly/infrastructure_anomaly_less/weapons_incident/000000011864_all__7.npy,weapons_incident
Pistachio/VAD/vit-features/train/anomaly/infrastructure_anomaly_less/weapons_incident/000000011864_all__8.npy,weapons_incident
Pistachio/VAD/vit-features/train/anomaly/infrastructure_anomaly_less/weapons_incident/000000011864_all__9.npy,weapons_incident
Pistachio/VAD/vit-features/train/anomaly/infrastructure_anomaly_less/weapons_incident/000000063541_all__0.npy,weapons_incident
Pistachio/VAD/vit-features/train/anomaly/infrastructure_anomaly_less/weapons_incident/000000063541_all__1.npy,weapons_incident
Pistachio/VAD/vit-features/train/anomaly/infrastructure_anomaly_less/weapons_incident/000000063541_all__2.npy,weapons_incident
Pistachio/VAD/vit-features/train/anomaly/infrastructure_anomaly_less/weapons_incident/000000063541_all__3.npy,weapons_incident
Pistachio/VAD/vit-features/train/anomaly/infrastructure_anomaly_less/weapons_incident/000000063541_all__4.npy,weapons_incident
Pistachio/VAD/vit-features/train/anomaly/infrastructure_anomaly_less/weapons_incident/000000063541_all__5.npy,weapons_incident
Pistachio/VAD/vit-features/train/anomaly/infrastructure_anomaly_less/weapons_incident/000000063541_all__6.npy,weapons_incident
Pistachio/VAD/vit-features/train/anomaly/infrastructure_anomaly_less/weapons_incident/000000063541_all__7.npy,weapons_incident
Pistachio/VAD/vit-features/train/anomaly/infrastructure_anomaly_less/weapons_incident/000000063541_all__8.npy,weapons_incident
Pistachio/VAD/vit-features/train/anomaly/infrastructure_anomaly_less/weapons_incident/000000063541_all__9.npy,weapons_incident
Pistachio/VAD/vit-features/train/anomaly/infrastructure_anomaly_less/weapons_incident/000000067402_all__0.npy,weapons_incident
Pistachio/VAD/vit-features/train/anomaly/infrastructure_anomaly_less/weapons_incident/000000067402_all__1.npy,weapons_incident
Pistachio/VAD/vit-features/train/anomaly/infrastructure_anomaly_less/weapons_incident/000000067402_all__2.npy,weapons_incident
Pistachio/VAD/vit-features/train/anomaly/infrastructure_anomaly_less/weapons_incident/000000067402_all__3.npy,weapons_incident
Pistachio/VAD/vit-features/train/anomaly/infrastructure_anomaly_less/weapons_incident/000000067402_all__4.npy,weapons_incident
Pistachio/VAD/vit-features/train/anomaly/infrastructure_anomaly_less/weapons_incident/000000067402_all__5.npy,weapons_incident
Pistachio/VAD/vit-features/train/anomaly/infrastructure_anomaly_less/weapons_incident/000000067402_all__6.npy,weapons_incident
Pistachio/VAD/vit-features/train/anomaly/infrastructure_anomaly_less/weapons_incident/000000067402_all__7.npy,weapons_incident
Pistachio/VAD/vit-features/train/anomaly/infrastructure_anomaly_less/weapons_incident/000000067402_all__8.npy,weapons_incident
Pistachio/VAD/vit-features/train/anomaly/infrastructure_anomaly_less/weapons_incident/000000067402_all__9.npy,weapons_incident
Pistachio/VAD/vit-features/train/anomaly/infrastructure_anomaly_less/weapons_incident/000000291338_all__0.npy,weapons_incident
Pistachio/VAD/vit-features/train/anomaly/infrastructure_anomaly_less/weapons_incident/000000291338_all__1.npy,weapons_incident
Pistachio/VAD/vit-features/train/anomaly/infrastructure_anomaly_less/weapons_incident/000000291338_all__2.npy,weapons_incident
Pistachio/VAD/vit-features/train/anomaly/infrastructure_anomaly_less/weapons_incident/000000291338_all__3.npy,weapons_incident
Pistachio/VAD/vit-features/train/anomaly/infrastructure_anomaly_less/weapons_incident/000000291338_all__4.npy,weapons_incident
Pistachio/VAD/vit-features/train/anomaly/infrastructure_anomaly_less/weapons_incident/000000291338_all__5.npy,weapons_incident
Pistachio/VAD/vit-features/train/anomaly/infrastructure_anomaly_less/weapons_incident/000000291338_all__6.npy,weapons_incident
Pistachio/VAD/vit-features/train/anomaly/infrastructure_anomaly_less/weapons_incident/000000291338_all__7.npy,weapons_incident
Pistachio/VAD/vit-features/train/anomaly/infrastructure_anomaly_less/weapons_incident/000000291338_all__8.npy,weapons_incident
Pistachio/VAD/vit-features/train/anomaly/infrastructure_anomaly_less/weapons_incident/000000291338_all__9.npy,weapons_incident
Pistachio/VAD/vit-features/train/anomaly/infrastructure_anomaly_more/construction_accident/000000067285_all__0.npy,construction_accident
Pistachio/VAD/vit-features/train/anomaly/infrastructure_anomaly_more/construction_accident/000000067285_all__1.npy,construction_accident
Pistachio/VAD/vit-features/train/anomaly/infrastructure_anomaly_more/construction_accident/000000067285_all__2.npy,construction_accident
Pistachio/VAD/vit-features/train/anomaly/infrastructure_anomaly_more/construction_accident/000000067285_all__3.npy,construction_accident
Pistachio/VAD/vit-features/train/anomaly/infrastructure_anomaly_more/construction_accident/000000067285_all__4.npy,construction_accident
Pistachio/VAD/vit-features/train/anomaly/infrastructure_anomaly_more/construction_accident/000000067285_all__5.npy,construction_accident
Pistachio/VAD/vit-features/train/anomaly/infrastructure_anomaly_more/construction_accident/000000067285_all__6.npy,construction_accident
Pistachio/VAD/vit-features/train/anomaly/infrastructure_anomaly_more/construction_accident/000000067285_all__7.npy,construction_accident
Pistachio/VAD/vit-features/train/anomaly/infrastructure_anomaly_more/construction_accident/000000067285_all__8.npy,construction_accident
Pistachio/VAD/vit-features/train/anomaly/infrastructure_anomaly_more/construction_accident/000000067285_all__9.npy,construction_accident
Pistachio/VAD/vit-features/train/anomaly/infrastructure_anomaly_more/construction_accident/000000243635_all__0.npy,construction_accident
Pistachio/VAD/vit-features/train/anomaly/infrastructure_anomaly_more/construction_accident/000000243635_all__1.npy,construction_accident
Pistachio/VAD/vit-features/train/anomaly/infrastructure_anomaly_more/construction_accident/000000243635_all__2.npy,construction_accident
Pistachio/VAD/vit-features/train/anomaly/infrastructure_anomaly_more/construction_accident/000000243635_all__3.npy,construction_accident
Pistachio/VAD/vit-features/train/anomaly/infrastructure_anomaly_more/construction_accident/000000243635_all__4.npy,construction_accident
Pistachio/VAD/vit-features/train/anomaly/infrastructure_anomaly_more/construction_accident/000000243635_all__5.npy,construction_accident
Pistachio/VAD/vit-features/train/anomaly/infrastructure_anomaly_more/construction_accident/000000243635_all__6.npy,construction_accident
Pistachio/VAD/vit-features/train/anomaly/infrastructure_anomaly_more/construction_accident/000000243635_all__7.npy,construction_accident
Pistachio/VAD/vit-features/train/anomaly/infrastructure_anomaly_more/construction_accident/000000243635_all__8.npy,construction_accident
Pistachio/VAD/vit-features/train/anomaly/infrastructure_anomaly_more/construction_accident/000000243635_all__9.npy,construction_accident
Pistachio/VAD/vit-features/train/anomaly/infrastructure_anomaly_more/construction_accident/000000252152_all__0.npy,construction_accident
Pistachio/VAD/vit-features/train/anomaly/infrastructure_anomaly_more/construction_accident/000000252152_all__1.npy,construction_accident
Pistachio/VAD/vit-features/train/anomaly/infrastructure_anomaly_more/construction_accident/000000252152_all__2.npy,construction_accident
Pistachio/VAD/vit-features/train/anomaly/infrastructure_anomaly_more/construction_accident/000000252152_all__3.npy,construction_accident
Pistachio/VAD/vit-features/train/anomaly/infrastructure_anomaly_more/construction_accident/000000252152_all__4.npy,construction_accident
Pistachio/VAD/vit-features/train/anomaly/infrastructure_anomaly_more/construction_accident/000000252152_all__5.npy,construction_accident
Pistachio/VAD/vit-features/train/anomaly/infrastructure_anomaly_more/construction_accident/000000252152_all__6.npy,construction_accident
Pistachio/VAD/vit-features/train/anomaly/infrastructure_anomaly_more/construction_accident/000000252152_all__7.npy,construction_accident
Pistachio/VAD/vit-features/train/anomaly/infrastructure_anomaly_more/construction_accident/000000252152_all__8.npy,construction_accident
Pistachio/VAD/vit-features/train/anomaly/infrastructure_anomaly_more/construction_accident/000000252152_all__9.npy,construction_accident
Pistachio/VAD/vit-features/train/anomaly/infrastructure_anomaly_more/construction_accident/000000329070_all__0.npy,construction_accident
Pistachio/VAD/vit-features/train/anomaly/infrastructure_anomaly_more/construction_accident/000000329070_all__1.npy,construction_accident
Pistachio/VAD/vit-features/train/anomaly/infrastructure_anomaly_more/construction_accident/000000329070_all__2.npy,construction_accident
Pistachio/VAD/vit-features/train/anomaly/infrastructure_anomaly_more/construction_accident/000000329070_all__3.npy,construction_accident
Pistachio/VAD/vit-features/train/anomaly/infrastructure_anomaly_more/construction_accident/000000329070_all__4.npy,construction_accident
Pistachio/VAD/vit-features/train/anomaly/infrastructure_anomaly_more/construction_accident/000000329070_all__5.npy,construction_accident
Pistachio/VAD/vit-features/train/anomaly/infrastructure_anomaly_more/construction_accident/000000329070_all__6.npy,construction_accident
Pistachio/VAD/vit-features/train/anomaly/infrastructure_anomaly_more/construction_accident/000000329070_all__7.npy,construction_accident
Pistachio/VAD/vit-features/train/anomaly/infrastructure_anomaly_more/construction_accident/000000329070_all__8.npy,construction_accident
Pistachio/VAD/vit-features/train/anomaly/infrastructure_anomaly_more/construction_accident/000000329070_all__9.npy,construction_accident
Pistachio/VAD/vit-features/train/anomaly/infrastructure_anomaly_more/construction_accident/000000339037_all__0.npy,construction_accident
Pistachio/VAD/vit-features/train/anomaly/infrastructure_anomaly_more/construction_accident/000000339037_all__1.npy,construction_accident
Pistachio/VAD/vit-features/train/anomaly/infrastructure_anomaly_more/construction_accident/000000339037_all__2.npy,construction_accident
Pistachio/VAD/vit-features/train/anomaly/infrastructure_anomaly_more/construction_accident/000000339037_all__3.npy,construction_accident
Pistachio/VAD/vit-features/train/anomaly/infrastructure_anomaly_more/construction_accident/000000339037_all__4.npy,construction_accident
Pistachio/VAD/vit-features/train/anomaly/infrastructure_anomaly_more/construction_accident/000000339037_all__5.npy,construction_accident
Pistachio/VAD/vit-features/train/anomaly/infrastructure_anomaly_more/construction_accident/000000339037_all__6.npy,construction_accident
Pistachio/VAD/vit-features/train/anomaly/infrastructure_anomaly_more/construction_accident/000000339037_all__7.npy,construction_accident
Pistachio/VAD/vit-features/train/anomaly/infrastructure_anomaly_more/construction_accident/000000339037_all__8.npy,construction_accident
Pistachio/VAD/vit-features/train/anomaly/infrastructure_anomaly_more/construction_accident/000000339037_all__9.npy,construction_accident
Pistachio/VAD/vit-features/train/anomaly/infrastructure_anomaly_more/construction_accident/000000341249_all__0.npy,construction_accident
Pistachio/VAD/vit-features/train/anomaly/infrastructure_anomaly_more/construction_accident/000000341249_all__1.npy,construction_accident
Pistachio/VAD/vit-features/train/anomaly/infrastructure_anomaly_more/construction_accident/000000341249_all__2.npy,construction_accident
Pistachio/VAD/vit-features/train/anomaly/infrastructure_anomaly_more/construction_accident/000000341249_all__3.npy,construction_accident
Pistachio/VAD/vit-features/train/anomaly/infrastructure_anomaly_more/construction_accident/000000341249_all__4.npy,construction_accident
Pistachio/VAD/vit-features/train/anomaly/infrastructure_anomaly_more/construction_accident/000000341249_all__5.npy,construction_accident
Pistachio/VAD/vit-features/train/anomaly/infrastructure_anomaly_more/construction_accident/000000341249_all__6.npy,construction_accident
Pistachio/VAD/vit-features/train/anomaly/infrastructure_anomaly_more/construction_accident/000000341249_all__7.npy,construction_accident
Pistachio/VAD/vit-features/train/anomaly/infrastructure_anomaly_more/construction_accident/000000341249_all__8.npy,construction_accident
Pistachio/VAD/vit-features/train/anomaly/infrastructure_anomaly_more/construction_accident/000000341249_all__9.npy,construction_accident
Pistachio/VAD/vit-features/train/anomaly/infrastructure_anomaly_more/construction_accident/000000348412_all__0.npy,construction_accident
Pistachio/VAD/vit-features/train/anomaly/infrastructure_anomaly_more/construction_accident/000000348412_all__1.npy,construction_accident
Pistachio/VAD/vit-features/train/anomaly/infrastructure_anomaly_more/construction_accident/000000348412_all__2.npy,construction_accident
Pistachio/VAD/vit-features/train/anomaly/infrastructure_anomaly_more/construction_accident/000000348412_all__3.npy,construction_accident
Pistachio/VAD/vit-features/train/anomaly/infrastructure_anomaly_more/construction_accident/000000348412_all__4.npy,construction_accident
Pistachio/VAD/vit-features/train/anomaly/infrastructure_anomaly_more/construction_accident/000000348412_all__5.npy,construction_accident
Pistachio/VAD/vit-features/train/anomaly/infrastructure_anomaly_more/construction_accident/000000348412_all__6.npy,construction_accident
Pistachio/VAD/vit-features/train/anomaly/infrastructure_anomaly_more/construction_accident/000000348412_all__7.npy,construction_accident
Pistachio/VAD/vit-features/train/anomaly/infrastructure_anomaly_more/construction_accident/000000348412_all__8.npy,construction_accident
Pistachio/VAD/vit-features/train/anomaly/infrastructure_anomaly_more/construction_accident/000000348412_all__9.npy,construction_accident
Pistachio/VAD/vit-features/train/anomaly/infrastructure_anomaly_more/construction_accident/000000384144_all__0.npy,construction_accident
Pistachio/VAD/vit-features/train/anomaly/infrastructure_anomaly_more/construction_accident/000000384144_all__1.npy,construction_accident
Pistachio/VAD/vit-features/train/anomaly/infrastructure_anomaly_more/construction_accident/000000384144_all__2.npy,construction_accident
Pistachio/VAD/vit-features/train/anomaly/infrastructure_anomaly_more/construction_accident/000000384144_all__3.npy,construction_accident
Pistachio/VAD/vit-features/train/anomaly/infrastructure_anomaly_more/construction_accident/000000384144_all__4.npy,construction_accident
Pistachio/VAD/vit-features/train/anomaly/infrastructure_anomaly_more/construction_accident/000000384144_all__5.npy,construction_accident
Pistachio/VAD/vit-features/train/anomaly/infrastructure_anomaly_more/construction_accident/000000384144_all__6.npy,construction_accident
Pistachio/VAD/vit-features/train/anomaly/infrastructure_anomaly_more/construction_accident/000000384144_all__7.npy,construction_accident
Pistachio/VAD/vit-features/train/anomaly/infrastructure_anomaly_more/construction_accident/000000384144_all__8.npy,construction_accident
Pistachio/VAD/vit-features/train/anomaly/infrastructure_anomaly_more/construction_accident/000000384144_all__9.npy,construction_accident
Pistachio/VAD/vit-features/train/anomaly/infrastructure_anomaly_more/construction_accident/000000392361_all__0.npy,construction_accident
Pistachio/VAD/vit-features/train/anomaly/infrastructure_anomaly_more/construction_accident/000000392361_all__1.npy,construction_accident
Pistachio/VAD/vit-features/train/anomaly/infrastructure_anomaly_more/construction_accident/000000392361_all__2.npy,construction_accident
Pistachio/VAD/vit-features/train/anomaly/infrastructure_anomaly_more/construction_accident/000000392361_all__3.npy,construction_accident
Pistachio/VAD/vit-features/train/anomaly/infrastructure_anomaly_more/construction_accident/000000392361_all__4.npy,construction_accident
Pistachio/VAD/vit-features/train/anomaly/infrastructure_anomaly_more/construction_accident/000000392361_all__5.npy,construction_accident
Pistachio/VAD/vit-features/train/anomaly/infrastructure_anomaly_more/construction_accident/000000392361_all__6.npy,construction_accident
Pistachio/VAD/vit-features/train/anomaly/infrastructure_anomaly_more/construction_accident/000000392361_all__7.npy,construction_accident
Pistachio/VAD/vit-features/train/anomaly/infrastructure_anomaly_more/construction_accident/000000392361_all__8.npy,construction_accident
Pistachio/VAD/vit-features/train/anomaly/infrastructure_anomaly_more/construction_accident/000000392361_all__9.npy,construction_accident
Pistachio/VAD/vit-features/train/anomaly/infrastructure_anomaly_more/equipment_breakdown/000000049176_all__0.npy,equipment_breakdown
Pistachio/VAD/vit-features/train/anomaly/infrastructure_anomaly_more/equipment_breakdown/000000049176_all__1.npy,equipment_breakdown
Pistachio/VAD/vit-features/train/anomaly/infrastructure_anomaly_more/equipment_breakdown/000000049176_all__2.npy,equipment_breakdown
Pistachio/VAD/vit-features/train/anomaly/infrastructure_anomaly_more/equipment_breakdown/000000049176_all__3.npy,equipment_breakdown
Pistachio/VAD/vit-features/train/anomaly/infrastructure_anomaly_more/equipment_breakdown/000000049176_all__4.npy,equipment_breakdown
Pistachio/VAD/vit-features/train/anomaly/infrastructure_anomaly_more/equipment_breakdown/000000049176_all__5.npy,equipment_breakdown
Pistachio/VAD/vit-features/train/anomaly/infrastructure_anomaly_more/equipment_breakdown/000000049176_all__6.npy,equipment_breakdown
Pistachio/VAD/vit-features/train/anomaly/infrastructure_anomaly_more/equipment_breakdown/000000049176_all__7.npy,equipment_breakdown
Pistachio/VAD/vit-features/train/anomaly/infrastructure_anomaly_more/equipment_breakdown/000000049176_all__8.npy,equipment_breakdown
Pistachio/VAD/vit-features/train/anomaly/infrastructure_anomaly_more/equipment_breakdown/000000049176_all__9.npy,equipment_breakdown
Pistachio/VAD/vit-features/train/anomaly/infrastructure_anomaly_more/equipment_breakdown/000000057512_all__0.npy,equipment_breakdown
Pistachio/VAD/vit-features/train/anomaly/infrastructure_anomaly_more/equipment_breakdown/000000057512_all__1.npy,equipment_breakdown
Pistachio/VAD/vit-features/train/anomaly/infrastructure_anomaly_more/equipment_breakdown/000000057512_all__2.npy,equipment_breakdown
Pistachio/VAD/vit-features/train/anomaly/infrastructure_anomaly_more/equipment_breakdown/000000057512_all__3.npy,equipment_breakdown
Pistachio/VAD/vit-features/train/anomaly/infrastructure_anomaly_more/equipment_breakdown/000000057512_all__4.npy,equipment_breakdown
Pistachio/VAD/vit-features/train/anomaly/infrastructure_anomaly_more/equipment_breakdown/000000057512_all__5.npy,equipment_breakdown
Pistachio/VAD/vit-features/train/anomaly/infrastructure_anomaly_more/equipment_breakdown/000000057512_all__6.npy,equipment_breakdown
Pistachio/VAD/vit-features/train/anomaly/infrastructure_anomaly_more/equipment_breakdown/000000057512_all__7.npy,equipment_breakdown
Pistachio/VAD/vit-features/train/anomaly/infrastructure_anomaly_more/equipment_breakdown/000000057512_all__8.npy,equipment_breakdown
Pistachio/VAD/vit-features/train/anomaly/infrastructure_anomaly_more/equipment_breakdown/000000057512_all__9.npy,equipment_breakdown
Pistachio/VAD/vit-features/train/anomaly/infrastructure_anomaly_more/equipment_breakdown/000000057826_all__0.npy,equipment_breakdown
Pistachio/VAD/vit-features/train/anomaly/infrastructure_anomaly_more/equipment_breakdown/000000057826_all__1.npy,equipment_breakdown
Pistachio/VAD/vit-features/train/anomaly/infrastructure_anomaly_more/equipment_breakdown/000000057826_all__2.npy,equipment_breakdown
Pistachio/VAD/vit-features/train/anomaly/infrastructure_anomaly_more/equipment_breakdown/000000057826_all__3.npy,equipment_breakdown
Pistachio/VAD/vit-features/train/anomaly/infrastructure_anomaly_more/equipment_breakdown/000000057826_all__4.npy,equipment_breakdown
Pistachio/VAD/vit-features/train/anomaly/infrastructure_anomaly_more/equipment_breakdown/000000057826_all__5.npy,equipment_breakdown
Pistachio/VAD/vit-features/train/anomaly/infrastructure_anomaly_more/equipment_breakdown/000000057826_all__6.npy,equipment_breakdown
Pistachio/VAD/vit-features/train/anomaly/infrastructure_anomaly_more/equipment_breakdown/000000057826_all__7.npy,equipment_breakdown
Pistachio/VAD/vit-features/train/anomaly/infrastructure_anomaly_more/equipment_breakdown/000000057826_all__8.npy,equipment_breakdown
Pistachio/VAD/vit-features/train/anomaly/infrastructure_anomaly_more/equipment_breakdown/000000057826_all__9.npy,equipment_breakdown
Pistachio/VAD/vit-features/train/anomaly/infrastructure_anomaly_more/equipment_breakdown/000000168496_all__0.npy,equipment_breakdown
Pistachio/VAD/vit-features/train/anomaly/infrastructure_anomaly_more/equipment_breakdown/000000168496_all__1.npy,equipment_breakdown
Pistachio/VAD/vit-features/train/anomaly/infrastructure_anomaly_more/equipment_breakdown/000000168496_all__2.npy,equipment_breakdown
Pistachio/VAD/vit-features/train/anomaly/infrastructure_anomaly_more/equipment_breakdown/000000168496_all__3.npy,equipment_breakdown
Pistachio/VAD/vit-features/train/anomaly/infrastructure_anomaly_more/equipment_breakdown/000000168496_all__4.npy,equipment_breakdown
Pistachio/VAD/vit-features/train/anomaly/infrastructure_anomaly_more/equipment_breakdown/000000168496_all__5.npy,equipment_breakdown
Pistachio/VAD/vit-features/train/anomaly/infrastructure_anomaly_more/equipment_breakdown/000000168496_all__6.npy,equipment_breakdown
Pistachio/VAD/vit-features/train/anomaly/infrastructure_anomaly_more/equipment_breakdown/000000168496_all__7.npy,equipment_breakdown
Pistachio/VAD/vit-features/train/anomaly/infrastructure_anomaly_more/equipment_breakdown/000000168496_all__8.npy,equipment_breakdown
Pistachio/VAD/vit-features/train/anomaly/infrastructure_anomaly_more/equipment_breakdown/000000168496_all__9.npy,equipment_breakdown
Pistachio/VAD/vit-features/train/anomaly/infrastructure_anomaly_more/equipment_breakdown/000000205576_all__0.npy,equipment_breakdown
Pistachio/VAD/vit-features/train/anomaly/infrastructure_anomaly_more/equipment_breakdown/000000205576_all__1.npy,equipment_breakdown
Pistachio/VAD/vit-features/train/anomaly/infrastructure_anomaly_more/equipment_breakdown/000000205576_all__2.npy,equipment_breakdown
Pistachio/VAD/vit-features/train/anomaly/infrastructure_anomaly_more/equipment_breakdown/000000205576_all__3.npy,equipment_breakdown
Pistachio/VAD/vit-features/train/anomaly/infrastructure_anomaly_more/equipment_breakdown/000000205576_all__4.npy,equipment_breakdown
Pistachio/VAD/vit-features/train/anomaly/infrastructure_anomaly_more/equipment_breakdown/000000205576_all__5.npy,equipment_breakdown
Pistachio/VAD/vit-features/train/anomaly/infrastructure_anomaly_more/equipment_breakdown/000000205576_all__6.npy,equipment_breakdown
Pistachio/VAD/vit-features/train/anomaly/infrastructure_anomaly_more/equipment_breakdown/000000205576_all__7.npy,equipment_breakdown
Pistachio/VAD/vit-features/train/anomaly/infrastructure_anomaly_more/equipment_breakdown/000000205576_all__8.npy,equipment_breakdown
Pistachio/VAD/vit-features/train/anomaly/infrastructure_anomaly_more/equipment_breakdown/000000205576_all__9.npy,equipment_breakdown
Pistachio/VAD/vit-features/train/anomaly/infrastructure_anomaly_more/explosion/000000039636_all__0.npy,explosion
Pistachio/VAD/vit-features/train/anomaly/infrastructure_anomaly_more/explosion/000000039636_all__1.npy,explosion
Pistachio/VAD/vit-features/train/anomaly/infrastructure_anomaly_more/explosion/000000039636_all__2.npy,explosion
Pistachio/VAD/vit-features/train/anomaly/infrastructure_anomaly_more/explosion/000000039636_all__3.npy,explosion
Pistachio/VAD/vit-features/train/anomaly/infrastructure_anomaly_more/explosion/000000039636_all__4.npy,explosion
Pistachio/VAD/vit-features/train/anomaly/infrastructure_anomaly_more/explosion/000000039636_all__5.npy,explosion
Pistachio/VAD/vit-features/train/anomaly/infrastructure_anomaly_more/explosion/000000039636_all__6.npy,explosion
Pistachio/VAD/vit-features/train/anomaly/infrastructure_anomaly_more/explosion/000000039636_all__7.npy,explosion
Pistachio/VAD/vit-features/train/anomaly/infrastructure_anomaly_more/explosion/000000039636_all__8.npy,explosion
Pistachio/VAD/vit-features/train/anomaly/infrastructure_anomaly_more/explosion/000000039636_all__9.npy,explosion
Pistachio/VAD/vit-features/train/anomaly/infrastructure_anomaly_more/explosion/000000090541_all__0.npy,explosion
Pistachio/VAD/vit-features/train/anomaly/infrastructure_anomaly_more/explosion/000000090541_all__1.npy,explosion
Pistachio/VAD/vit-features/train/anomaly/infrastructure_anomaly_more/explosion/000000090541_all__2.npy,explosion
Pistachio/VAD/vit-features/train/anomaly/infrastructure_anomaly_more/explosion/000000090541_all__3.npy,explosion
Pistachio/VAD/vit-features/train/anomaly/infrastructure_anomaly_more/explosion/000000090541_all__4.npy,explosion
Pistachio/VAD/vit-features/train/anomaly/infrastructure_anomaly_more/explosion/000000090541_all__5.npy,explosion
Pistachio/VAD/vit-features/train/anomaly/infrastructure_anomaly_more/explosion/000000090541_all__6.npy,explosion
Pistachio/VAD/vit-features/train/anomaly/infrastructure_anomaly_more/explosion/000000090541_all__7.npy,explosion
Pistachio/VAD/vit-features/train/anomaly/infrastructure_anomaly_more/explosion/000000090541_all__8.npy,explosion
Pistachio/VAD/vit-features/train/anomaly/infrastructure_anomaly_more/explosion/000000090541_all__9.npy,explosion
Pistachio/VAD/vit-features/train/anomaly/infrastructure_anomaly_more/explosion/000000176844_all__0.npy,explosion
Pistachio/VAD/vit-features/train/anomaly/infrastructure_anomaly_more/explosion/000000176844_all__1.npy,explosion
Pistachio/VAD/vit-features/train/anomaly/infrastructure_anomaly_more/explosion/000000176844_all__2.npy,explosion
Pistachio/VAD/vit-features/train/anomaly/infrastructure_anomaly_more/explosion/000000176844_all__3.npy,explosion
Pistachio/VAD/vit-features/train/anomaly/infrastructure_anomaly_more/explosion/000000176844_all__4.npy,explosion
Pistachio/VAD/vit-features/train/anomaly/infrastructure_anomaly_more/explosion/000000176844_all__5.npy,explosion
Pistachio/VAD/vit-features/train/anomaly/infrastructure_anomaly_more/explosion/000000176844_all__6.npy,explosion
Pistachio/VAD/vit-features/train/anomaly/infrastructure_anomaly_more/explosion/000000176844_all__7.npy,explosion
Pistachio/VAD/vit-features/train/anomaly/infrastructure_anomaly_more/explosion/000000176844_all__8.npy,explosion
Pistachio/VAD/vit-features/train/anomaly/infrastructure_anomaly_more/explosion/000000176844_all__9.npy,explosion
Pistachio/VAD/vit-features/train/anomaly/infrastructure_anomaly_more/explosion/000000249173_all__0.npy,explosion
Pistachio/VAD/vit-features/train/anomaly/infrastructure_anomaly_more/explosion/000000249173_all__1.npy,explosion
Pistachio/VAD/vit-features/train/anomaly/infrastructure_anomaly_more/explosion/000000249173_all__2.npy,explosion
Pistachio/VAD/vit-features/train/anomaly/infrastructure_anomaly_more/explosion/000000249173_all__3.npy,explosion
Pistachio/VAD/vit-features/train/anomaly/infrastructure_anomaly_more/explosion/000000249173_all__4.npy,explosion
Pistachio/VAD/vit-features/train/anomaly/infrastructure_anomaly_more/explosion/000000249173_all__5.npy,explosion
Pistachio/VAD/vit-features/train/anomaly/infrastructure_anomaly_more/explosion/000000249173_all__6.npy,explosion
Pistachio/VAD/vit-features/train/anomaly/infrastructure_anomaly_more/explosion/000000249173_all__7.npy,explosion
Pistachio/VAD/vit-features/train/anomaly/infrastructure_anomaly_more/explosion/000000249173_all__8.npy,explosion
Pistachio/VAD/vit-features/train/anomaly/infrastructure_anomaly_more/explosion/000000249173_all__9.npy,explosion
Pistachio/VAD/vit-features/train/anomaly/infrastructure_anomaly_more/explosion/000000273585_all__0.npy,explosion
Pistachio/VAD/vit-features/train/anomaly/infrastructure_anomaly_more/explosion/000000273585_all__1.npy,explosion
Pistachio/VAD/vit-features/train/anomaly/infrastructure_anomaly_more/explosion/000000273585_all__2.npy,explosion
Pistachio/VAD/vit-features/train/anomaly/infrastructure_anomaly_more/explosion/000000273585_all__3.npy,explosion
Pistachio/VAD/vit-features/train/anomaly/infrastructure_anomaly_more/explosion/000000273585_all__4.npy,explosion
Pistachio/VAD/vit-features/train/anomaly/infrastructure_anomaly_more/explosion/000000273585_all__5.npy,explosion
Pistachio/VAD/vit-features/train/anomaly/infrastructure_anomaly_more/explosion/000000273585_all__6.npy,explosion
Pistachio/VAD/vit-features/train/anomaly/infrastructure_anomaly_more/explosion/000000273585_all__7.npy,explosion
Pistachio/VAD/vit-features/train/anomaly/infrastructure_anomaly_more/explosion/000000273585_all__8.npy,explosion
Pistachio/VAD/vit-features/train/anomaly/infrastructure_anomaly_more/explosion/000000273585_all__9.npy,explosion
Pistachio/VAD/vit-features/train/anomaly/infrastructure_anomaly_more/explosion/000000453081_all__0.npy,explosion
Pistachio/VAD/vit-features/train/anomaly/infrastructure_anomaly_more/explosion/000000453081_all__1.npy,explosion
Pistachio/VAD/vit-features/train/anomaly/infrastructure_anomaly_more/explosion/000000453081_all__2.npy,explosion
Pistachio/VAD/vit-features/train/anomaly/infrastructure_anomaly_more/explosion/000000453081_all__3.npy,explosion
Pistachio/VAD/vit-features/train/anomaly/infrastructure_anomaly_more/explosion/000000453081_all__4.npy,explosion
Pistachio/VAD/vit-features/train/anomaly/infrastructure_anomaly_more/explosion/000000453081_all__5.npy,explosion
Pistachio/VAD/vit-features/train/anomaly/infrastructure_anomaly_more/explosion/000000453081_all__6.npy,explosion
Pistachio/VAD/vit-features/train/anomaly/infrastructure_anomaly_more/explosion/000000453081_all__7.npy,explosion
Pistachio/VAD/vit-features/train/anomaly/infrastructure_anomaly_more/explosion/000000453081_all__8.npy,explosion
Pistachio/VAD/vit-features/train/anomaly/infrastructure_anomaly_more/explosion/000000453081_all__9.npy,explosion
Pistachio/VAD/vit-features/train/anomaly/infrastructure_anomaly_more/explosion/000000485352_all__0.npy,explosion
Pistachio/VAD/vit-features/train/anomaly/infrastructure_anomaly_more/explosion/000000485352_all__1.npy,explosion
Pistachio/VAD/vit-features/train/anomaly/infrastructure_anomaly_more/explosion/000000485352_all__2.npy,explosion
Pistachio/VAD/vit-features/train/anomaly/infrastructure_anomaly_more/explosion/000000485352_all__3.npy,explosion
Pistachio/VAD/vit-features/train/anomaly/infrastructure_anomaly_more/explosion/000000485352_all__4.npy,explosion
Pistachio/VAD/vit-features/train/anomaly/infrastructure_anomaly_more/explosion/000000485352_all__5.npy,explosion
Pistachio/VAD/vit-features/train/anomaly/infrastructure_anomaly_more/explosion/000000485352_all__6.npy,explosion
Pistachio/VAD/vit-features/train/anomaly/infrastructure_anomaly_more/explosion/000000485352_all__7.npy,explosion
Pistachio/VAD/vit-features/train/anomaly/infrastructure_anomaly_more/explosion/000000485352_all__8.npy,explosion
Pistachio/VAD/vit-features/train/anomaly/infrastructure_anomaly_more/explosion/000000485352_all__9.npy,explosion
Pistachio/VAD/vit-features/train/anomaly/infrastructure_anomaly_more/extreme_weather_events/000000151427_all__0.npy,extreme_weather_events
Pistachio/VAD/vit-features/train/anomaly/infrastructure_anomaly_more/extreme_weather_events/000000151427_all__1.npy,extreme_weather_events
Pistachio/VAD/vit-features/train/anomaly/infrastructure_anomaly_more/extreme_weather_events/000000151427_all__2.npy,extreme_weather_events
Pistachio/VAD/vit-features/train/anomaly/infrastructure_anomaly_more/extreme_weather_events/000000151427_all__3.npy,extreme_weather_events
Pistachio/VAD/vit-features/train/anomaly/infrastructure_anomaly_more/extreme_weather_events/000000151427_all__4.npy,extreme_weather_events
Pistachio/VAD/vit-features/train/anomaly/infrastructure_anomaly_more/extreme_weather_events/000000151427_all__5.npy,extreme_weather_events
Pistachio/VAD/vit-features/train/anomaly/infrastructure_anomaly_more/extreme_weather_events/000000151427_all__6.npy,extreme_weather_events
Pistachio/VAD/vit-features/train/anomaly/infrastructure_anomaly_more/extreme_weather_events/000000151427_all__7.npy,extreme_weather_events
Pistachio/VAD/vit-features/train/anomaly/infrastructure_anomaly_more/extreme_weather_events/000000151427_all__8.npy,extreme_weather_events
Pistachio/VAD/vit-features/train/anomaly/infrastructure_anomaly_more/extreme_weather_events/000000151427_all__9.npy,extreme_weather_events
Pistachio/VAD/vit-features/train/anomaly/infrastructure_anomaly_more/extreme_weather_events/000000288010_all__0.npy,extreme_weather_events
Pistachio/VAD/vit-features/train/anomaly/infrastructure_anomaly_more/extreme_weather_events/000000288010_all__1.npy,extreme_weather_events
Pistachio/VAD/vit-features/train/anomaly/infrastructure_anomaly_more/extreme_weather_events/000000288010_all__2.npy,extreme_weather_events
Pistachio/VAD/vit-features/train/anomaly/infrastructure_anomaly_more/extreme_weather_events/000000288010_all__3.npy,extreme_weather_events
Pistachio/VAD/vit-features/train/anomaly/infrastructure_anomaly_more/extreme_weather_events/000000288010_all__4.npy,extreme_weather_events
Pistachio/VAD/vit-features/train/anomaly/infrastructure_anomaly_more/extreme_weather_events/000000288010_all__5.npy,extreme_weather_events
Pistachio/VAD/vit-features/train/anomaly/infrastructure_anomaly_more/extreme_weather_events/000000288010_all__6.npy,extreme_weather_events
Pistachio/VAD/vit-features/train/anomaly/infrastructure_anomaly_more/extreme_weather_events/000000288010_all__7.npy,extreme_weather_events
Pistachio/VAD/vit-features/train/anomaly/infrastructure_anomaly_more/extreme_weather_events/000000288010_all__8.npy,extreme_weather_events
Pistachio/VAD/vit-features/train/anomaly/infrastructure_anomaly_more/extreme_weather_events/000000288010_all__9.npy,extreme_weather_events
Pistachio/VAD/vit-features/train/anomaly/infrastructure_anomaly_more/extreme_weather_events/000000309594_all__0.npy,extreme_weather_events
Pistachio/VAD/vit-features/train/anomaly/infrastructure_anomaly_more/extreme_weather_events/000000309594_all__1.npy,extreme_weather_events
Pistachio/VAD/vit-features/train/anomaly/infrastructure_anomaly_more/extreme_weather_events/000000309594_all__2.npy,extreme_weather_events
Pistachio/VAD/vit-features/train/anomaly/infrastructure_anomaly_more/extreme_weather_events/000000309594_all__3.npy,extreme_weather_events
Pistachio/VAD/vit-features/train/anomaly/infrastructure_anomaly_more/extreme_weather_events/000000309594_all__4.npy,extreme_weather_events
Pistachio/VAD/vit-features/train/anomaly/infrastructure_anomaly_more/extreme_weather_events/000000309594_all__5.npy,extreme_weather_events
Pistachio/VAD/vit-features/train/anomaly/infrastructure_anomaly_more/extreme_weather_events/000000309594_all__6.npy,extreme_weather_events
Pistachio/VAD/vit-features/train/anomaly/infrastructure_anomaly_more/extreme_weather_events/000000309594_all__7.npy,extreme_weather_events
Pistachio/VAD/vit-features/train/anomaly/infrastructure_anomaly_more/extreme_weather_events/000000309594_all__8.npy,extreme_weather_events
Pistachio/VAD/vit-features/train/anomaly/infrastructure_anomaly_more/extreme_weather_events/000000309594_all__9.npy,extreme_weather_events
Pistachio/VAD/vit-features/train/anomaly/infrastructure_anomaly_more/extreme_weather_events/000000373944_all__0.npy,extreme_weather_events
Pistachio/VAD/vit-features/train/anomaly/infrastructure_anomaly_more/extreme_weather_events/000000373944_all__1.npy,extreme_weather_events
Pistachio/VAD/vit-features/train/anomaly/infrastructure_anomaly_more/extreme_weather_events/000000373944_all__2.npy,extreme_weather_events
Pistachio/VAD/vit-features/train/anomaly/infrastructure_anomaly_more/extreme_weather_events/000000373944_all__3.npy,extreme_weather_events
Pistachio/VAD/vit-features/train/anomaly/infrastructure_anomaly_more/extreme_weather_events/000000373944_all__4.npy,extreme_weather_events
Pistachio/VAD/vit-features/train/anomaly/infrastructure_anomaly_more/extreme_weather_events/000000373944_all__5.npy,extreme_weather_events
Pistachio/VAD/vit-features/train/anomaly/infrastructure_anomaly_more/extreme_weather_events/000000373944_all__6.npy,extreme_weather_events
Pistachio/VAD/vit-features/train/anomaly/infrastructure_anomaly_more/extreme_weather_events/000000373944_all__7.npy,extreme_weather_events
Pistachio/VAD/vit-features/train/anomaly/infrastructure_anomaly_more/extreme_weather_events/000000373944_all__8.npy,extreme_weather_events
Pistachio/VAD/vit-features/train/anomaly/infrastructure_anomaly_more/extreme_weather_events/000000373944_all__9.npy,extreme_weather_events
Pistachio/VAD/vit-features/train/anomaly/infrastructure_anomaly_more/extreme_weather_events/000000443734_all__0.npy,extreme_weather_events
Pistachio/VAD/vit-features/train/anomaly/infrastructure_anomaly_more/extreme_weather_events/000000443734_all__1.npy,extreme_weather_events
Pistachio/VAD/vit-features/train/anomaly/infrastructure_anomaly_more/extreme_weather_events/000000443734_all__2.npy,extreme_weather_events
Pistachio/VAD/vit-features/train/anomaly/infrastructure_anomaly_more/extreme_weather_events/000000443734_all__3.npy,extreme_weather_events
Pistachio/VAD/vit-features/train/anomaly/infrastructure_anomaly_more/extreme_weather_events/000000443734_all__4.npy,extreme_weather_events
Pistachio/VAD/vit-features/train/anomaly/infrastructure_anomaly_more/extreme_weather_events/000000443734_all__5.npy,extreme_weather_events
Pistachio/VAD/vit-features/train/anomaly/infrastructure_anomaly_more/extreme_weather_events/000000443734_all__6.npy,extreme_weather_events
Pistachio/VAD/vit-features/train/anomaly/infrastructure_anomaly_more/extreme_weather_events/000000443734_all__7.npy,extreme_weather_events
Pistachio/VAD/vit-features/train/anomaly/infrastructure_anomaly_more/extreme_weather_events/000000443734_all__8.npy,extreme_weather_events
Pistachio/VAD/vit-features/train/anomaly/infrastructure_anomaly_more/extreme_weather_events/000000443734_all__9.npy,extreme_weather_events
Pistachio/VAD/vit-features/train/anomaly/infrastructure_anomaly_more/extreme_weather_events/000000505466_all__0.npy,extreme_weather_events
Pistachio/VAD/vit-features/train/anomaly/infrastructure_anomaly_more/extreme_weather_events/000000505466_all__1.npy,extreme_weather_events
Pistachio/VAD/vit-features/train/anomaly/infrastructure_anomaly_more/extreme_weather_events/000000505466_all__2.npy,extreme_weather_events
Pistachio/VAD/vit-features/train/anomaly/infrastructure_anomaly_more/extreme_weather_events/000000505466_all__3.npy,extreme_weather_events
Pistachio/VAD/vit-features/train/anomaly/infrastructure_anomaly_more/extreme_weather_events/000000505466_all__4.npy,extreme_weather_events
Pistachio/VAD/vit-features/train/anomaly/infrastructure_anomaly_more/extreme_weather_events/000000505466_all__5.npy,extreme_weather_events
Pistachio/VAD/vit-features/train/anomaly/infrastructure_anomaly_more/extreme_weather_events/000000505466_all__6.npy,extreme_weather_events
Pistachio/VAD/vit-features/train/anomaly/infrastructure_anomaly_more/extreme_weather_events/000000505466_all__7.npy,extreme_weather_events
Pistachio/VAD/vit-features/train/anomaly/infrastructure_anomaly_more/extreme_weather_events/000000505466_all__8.npy,extreme_weather_events
Pistachio/VAD/vit-features/train/anomaly/infrastructure_anomaly_more/extreme_weather_events/000000505466_all__9.npy,extreme_weather_events
Pistachio/VAD/vit-features/train/anomaly/infrastructure_anomaly_more/extreme_weather_events/000000529194_all__0.npy,extreme_weather_events
Pistachio/VAD/vit-features/train/anomaly/infrastructure_anomaly_more/extreme_weather_events/000000529194_all__1.npy,extreme_weather_events
Pistachio/VAD/vit-features/train/anomaly/infrastructure_anomaly_more/extreme_weather_events/000000529194_all__2.npy,extreme_weather_events
Pistachio/VAD/vit-features/train/anomaly/infrastructure_anomaly_more/extreme_weather_events/000000529194_all__3.npy,extreme_weather_events
Pistachio/VAD/vit-features/train/anomaly/infrastructure_anomaly_more/extreme_weather_events/000000529194_all__4.npy,extreme_weather_events
Pistachio/VAD/vit-features/train/anomaly/infrastructure_anomaly_more/extreme_weather_events/000000529194_all__5.npy,extreme_weather_events
Pistachio/VAD/vit-features/train/anomaly/infrastructure_anomaly_more/extreme_weather_events/000000529194_all__6.npy,extreme_weather_events
Pistachio/VAD/vit-features/train/anomaly/infrastructure_anomaly_more/extreme_weather_events/000000529194_all__7.npy,extreme_weather_events
Pistachio/VAD/vit-features/train/anomaly/infrastructure_anomaly_more/extreme_weather_events/000000529194_all__8.npy,extreme_weather_events
Pistachio/VAD/vit-features/train/anomaly/infrastructure_anomaly_more/extreme_weather_events/000000529194_all__9.npy,extreme_weather_events
Pistachio/VAD/vit-features/train/anomaly/infrastructure_anomaly_more/extreme_weather_events/000000568028_all__0.npy,extreme_weather_events
Pistachio/VAD/vit-features/train/anomaly/infrastructure_anomaly_more/extreme_weather_events/000000568028_all__1.npy,extreme_weather_events
Pistachio/VAD/vit-features/train/anomaly/infrastructure_anomaly_more/extreme_weather_events/000000568028_all__2.npy,extreme_weather_events
Pistachio/VAD/vit-features/train/anomaly/infrastructure_anomaly_more/extreme_weather_events/000000568028_all__3.npy,extreme_weather_events
Pistachio/VAD/vit-features/train/anomaly/infrastructure_anomaly_more/extreme_weather_events/000000568028_all__4.npy,extreme_weather_events
Pistachio/VAD/vit-features/train/anomaly/infrastructure_anomaly_more/extreme_weather_events/000000568028_all__5.npy,extreme_weather_events
Pistachio/VAD/vit-features/train/anomaly/infrastructure_anomaly_more/extreme_weather_events/000000568028_all__6.npy,extreme_weather_events
Pistachio/VAD/vit-features/train/anomaly/infrastructure_anomaly_more/extreme_weather_events/000000568028_all__7.npy,extreme_weather_events
Pistachio/VAD/vit-features/train/anomaly/infrastructure_anomaly_more/extreme_weather_events/000000568028_all__8.npy,extreme_weather_events
Pistachio/VAD/vit-features/train/anomaly/infrastructure_anomaly_more/extreme_weather_events/000000568028_all__9.npy,extreme_weather_events
Pistachio/VAD/vit-features/train/anomaly/infrastructure_anomaly_more/extreme_weather_events/000000580123_all__0.npy,extreme_weather_events
Pistachio/VAD/vit-features/train/anomaly/infrastructure_anomaly_more/extreme_weather_events/000000580123_all__1.npy,extreme_weather_events
Pistachio/VAD/vit-features/train/anomaly/infrastructure_anomaly_more/extreme_weather_events/000000580123_all__2.npy,extreme_weather_events
Pistachio/VAD/vit-features/train/anomaly/infrastructure_anomaly_more/extreme_weather_events/000000580123_all__3.npy,extreme_weather_events
Pistachio/VAD/vit-features/train/anomaly/infrastructure_anomaly_more/extreme_weather_events/000000580123_all__4.npy,extreme_weather_events
Pistachio/VAD/vit-features/train/anomaly/infrastructure_anomaly_more/extreme_weather_events/000000580123_all__5.npy,extreme_weather_events
Pistachio/VAD/vit-features/train/anomaly/infrastructure_anomaly_more/extreme_weather_events/000000580123_all__6.npy,extreme_weather_events
Pistachio/VAD/vit-features/train/anomaly/infrastructure_anomaly_more/extreme_weather_events/000000580123_all__7.npy,extreme_weather_events
Pistachio/VAD/vit-features/train/anomaly/infrastructure_anomaly_more/extreme_weather_events/000000580123_all__8.npy,extreme_weather_events
Pistachio/VAD/vit-features/train/anomaly/infrastructure_anomaly_more/extreme_weather_events/000000580123_all__9.npy,extreme_weather_events
Pistachio/VAD/vit-features/train/anomaly/infrastructure_anomaly_more/falling_object_and_collapse/000000062560_all__0.npy,falling_object_and_collapse
Pistachio/VAD/vit-features/train/anomaly/infrastructure_anomaly_more/falling_object_and_collapse/000000062560_all__1.npy,falling_object_and_collapse
Pistachio/VAD/vit-features/train/anomaly/infrastructure_anomaly_more/falling_object_and_collapse/000000062560_all__2.npy,falling_object_and_collapse
Pistachio/VAD/vit-features/train/anomaly/infrastructure_anomaly_more/falling_object_and_collapse/000000062560_all__3.npy,falling_object_and_collapse
Pistachio/VAD/vit-features/train/anomaly/infrastructure_anomaly_more/falling_object_and_collapse/000000062560_all__4.npy,falling_object_and_collapse
Pistachio/VAD/vit-features/train/anomaly/infrastructure_anomaly_more/falling_object_and_collapse/000000062560_all__5.npy,falling_object_and_collapse
Pistachio/VAD/vit-features/train/anomaly/infrastructure_anomaly_more/falling_object_and_collapse/000000062560_all__6.npy,falling_object_and_collapse
Pistachio/VAD/vit-features/train/anomaly/infrastructure_anomaly_more/falling_object_and_collapse/000000062560_all__7.npy,falling_object_and_collapse
Pistachio/VAD/vit-features/train/anomaly/infrastructure_anomaly_more/falling_object_and_collapse/000000062560_all__8.npy,falling_object_and_collapse
Pistachio/VAD/vit-features/train/anomaly/infrastructure_anomaly_more/falling_object_and_collapse/000000062560_all__9.npy,falling_object_and_collapse
Pistachio/VAD/vit-features/train/anomaly/infrastructure_anomaly_more/falling_object_and_collapse/000000181033_all__0.npy,falling_object_and_collapse
Pistachio/VAD/vit-features/train/anomaly/infrastructure_anomaly_more/falling_object_and_collapse/000000181033_all__1.npy,falling_object_and_collapse
Pistachio/VAD/vit-features/train/anomaly/infrastructure_anomaly_more/falling_object_and_collapse/000000181033_all__2.npy,falling_object_and_collapse
Pistachio/VAD/vit-features/train/anomaly/infrastructure_anomaly_more/falling_object_and_collapse/000000181033_all__3.npy,falling_object_and_collapse
Pistachio/VAD/vit-features/train/anomaly/infrastructure_anomaly_more/falling_object_and_collapse/000000181033_all__4.npy,falling_object_and_collapse
Pistachio/VAD/vit-features/train/anomaly/infrastructure_anomaly_more/falling_object_and_collapse/000000181033_all__5.npy,falling_object_and_collapse
Pistachio/VAD/vit-features/train/anomaly/infrastructure_anomaly_more/falling_object_and_collapse/000000181033_all__6.npy,falling_object_and_collapse
Pistachio/VAD/vit-features/train/anomaly/infrastructure_anomaly_more/falling_object_and_collapse/000000181033_all__7.npy,falling_object_and_collapse
Pistachio/VAD/vit-features/train/anomaly/infrastructure_anomaly_more/falling_object_and_collapse/000000181033_all__8.npy,falling_object_and_collapse
Pistachio/VAD/vit-features/train/anomaly/infrastructure_anomaly_more/falling_object_and_collapse/000000181033_all__9.npy,falling_object_and_collapse
Pistachio/VAD/vit-features/train/anomaly/infrastructure_anomaly_more/falling_object_and_collapse/000000281778_all__0.npy,falling_object_and_collapse
Pistachio/VAD/vit-features/train/anomaly/infrastructure_anomaly_more/falling_object_and_collapse/000000281778_all__1.npy,falling_object_and_collapse
Pistachio/VAD/vit-features/train/anomaly/infrastructure_anomaly_more/falling_object_and_collapse/000000281778_all__2.npy,falling_object_and_collapse
Pistachio/VAD/vit-features/train/anomaly/infrastructure_anomaly_more/falling_object_and_collapse/000000281778_all__3.npy,falling_object_and_collapse
Pistachio/VAD/vit-features/train/anomaly/infrastructure_anomaly_more/falling_object_and_collapse/000000281778_all__4.npy,falling_object_and_collapse
Pistachio/VAD/vit-features/train/anomaly/infrastructure_anomaly_more/falling_object_and_collapse/000000281778_all__5.npy,falling_object_and_collapse
Pistachio/VAD/vit-features/train/anomaly/infrastructure_anomaly_more/falling_object_and_collapse/000000281778_all__6.npy,falling_object_and_collapse
Pistachio/VAD/vit-features/train/anomaly/infrastructure_anomaly_more/falling_object_and_collapse/000000281778_all__7.npy,falling_object_and_collapse
Pistachio/VAD/vit-features/train/anomaly/infrastructure_anomaly_more/falling_object_and_collapse/000000281778_all__8.npy,falling_object_and_collapse
Pistachio/VAD/vit-features/train/anomaly/infrastructure_anomaly_more/falling_object_and_collapse/000000281778_all__9.npy,falling_object_and_collapse
Pistachio/VAD/vit-features/train/anomaly/infrastructure_anomaly_more/falling_object_and_collapse/000000363918_all__0.npy,falling_object_and_collapse
Pistachio/VAD/vit-features/train/anomaly/infrastructure_anomaly_more/falling_object_and_collapse/000000363918_all__1.npy,falling_object_and_collapse
Pistachio/VAD/vit-features/train/anomaly/infrastructure_anomaly_more/falling_object_and_collapse/000000363918_all__2.npy,falling_object_and_collapse
Pistachio/VAD/vit-features/train/anomaly/infrastructure_anomaly_more/falling_object_and_collapse/000000363918_all__3.npy,falling_object_and_collapse
Pistachio/VAD/vit-features/train/anomaly/infrastructure_anomaly_more/falling_object_and_collapse/000000363918_all__4.npy,falling_object_and_collapse
Pistachio/VAD/vit-features/train/anomaly/infrastructure_anomaly_more/falling_object_and_collapse/000000363918_all__5.npy,falling_object_and_collapse
Pistachio/VAD/vit-features/train/anomaly/infrastructure_anomaly_more/falling_object_and_collapse/000000363918_all__6.npy,falling_object_and_collapse
Pistachio/VAD/vit-features/train/anomaly/infrastructure_anomaly_more/falling_object_and_collapse/000000363918_all__7.npy,falling_object_and_collapse
Pistachio/VAD/vit-features/train/anomaly/infrastructure_anomaly_more/falling_object_and_collapse/000000363918_all__8.npy,falling_object_and_collapse
Pistachio/VAD/vit-features/train/anomaly/infrastructure_anomaly_more/falling_object_and_collapse/000000363918_all__9.npy,falling_object_and_collapse
Pistachio/VAD/vit-features/train/anomaly/infrastructure_anomaly_more/falling_object_and_collapse/000000474137_all__0.npy,falling_object_and_collapse
Pistachio/VAD/vit-features/train/anomaly/infrastructure_anomaly_more/falling_object_and_collapse/000000474137_all__1.npy,falling_object_and_collapse
Pistachio/VAD/vit-features/train/anomaly/infrastructure_anomaly_more/falling_object_and_collapse/000000474137_all__2.npy,falling_object_and_collapse
Pistachio/VAD/vit-features/train/anomaly/infrastructure_anomaly_more/falling_object_and_collapse/000000474137_all__3.npy,falling_object_and_collapse
Pistachio/VAD/vit-features/train/anomaly/infrastructure_anomaly_more/falling_object_and_collapse/000000474137_all__4.npy,falling_object_and_collapse
Pistachio/VAD/vit-features/train/anomaly/infrastructure_anomaly_more/falling_object_and_collapse/000000474137_all__5.npy,falling_object_and_collapse
Pistachio/VAD/vit-features/train/anomaly/infrastructure_anomaly_more/falling_object_and_collapse/000000474137_all__6.npy,falling_object_and_collapse
Pistachio/VAD/vit-features/train/anomaly/infrastructure_anomaly_more/falling_object_and_collapse/000000474137_all__7.npy,falling_object_and_collapse
Pistachio/VAD/vit-features/train/anomaly/infrastructure_anomaly_more/falling_object_and_collapse/000000474137_all__8.npy,falling_object_and_collapse
Pistachio/VAD/vit-features/train/anomaly/infrastructure_anomaly_more/falling_object_and_collapse/000000474137_all__9.npy,falling_object_and_collapse
Pistachio/VAD/vit-features/train/anomaly/infrastructure_anomaly_more/falling_object_and_collapse/000000500958_all__0.npy,falling_object_and_collapse
Pistachio/VAD/vit-features/train/anomaly/infrastructure_anomaly_more/falling_object_and_collapse/000000500958_all__1.npy,falling_object_and_collapse
Pistachio/VAD/vit-features/train/anomaly/infrastructure_anomaly_more/falling_object_and_collapse/000000500958_all__2.npy,falling_object_and_collapse
Pistachio/VAD/vit-features/train/anomaly/infrastructure_anomaly_more/falling_object_and_collapse/000000500958_all__3.npy,falling_object_and_collapse
Pistachio/VAD/vit-features/train/anomaly/infrastructure_anomaly_more/falling_object_and_collapse/000000500958_all__4.npy,falling_object_and_collapse
Pistachio/VAD/vit-features/train/anomaly/infrastructure_anomaly_more/falling_object_and_collapse/000000500958_all__5.npy,falling_object_and_collapse
Pistachio/VAD/vit-features/train/anomaly/infrastructure_anomaly_more/falling_object_and_collapse/000000500958_all__6.npy,falling_object_and_collapse
Pistachio/VAD/vit-features/train/anomaly/infrastructure_anomaly_more/falling_object_and_collapse/000000500958_all__7.npy,falling_object_and_collapse
Pistachio/VAD/vit-features/train/anomaly/infrastructure_anomaly_more/falling_object_and_collapse/000000500958_all__8.npy,falling_object_and_collapse
Pistachio/VAD/vit-features/train/anomaly/infrastructure_anomaly_more/falling_object_and_collapse/000000500958_all__9.npy,falling_object_and_collapse
Pistachio/VAD/vit-features/train/anomaly/infrastructure_anomaly_more/fire/000000060652_all__0.npy,fire
Pistachio/VAD/vit-features/train/anomaly/infrastructure_anomaly_more/fire/000000060652_all__1.npy,fire
Pistachio/VAD/vit-features/train/anomaly/infrastructure_anomaly_more/fire/000000060652_all__2.npy,fire
Pistachio/VAD/vit-features/train/anomaly/infrastructure_anomaly_more/fire/000000060652_all__3.npy,fire
Pistachio/VAD/vit-features/train/anomaly/infrastructure_anomaly_more/fire/000000060652_all__4.npy,fire
Pistachio/VAD/vit-features/train/anomaly/infrastructure_anomaly_more/fire/000000060652_all__5.npy,fire
Pistachio/VAD/vit-features/train/anomaly/infrastructure_anomaly_more/fire/000000060652_all__6.npy,fire
Pistachio/VAD/vit-features/train/anomaly/infrastructure_anomaly_more/fire/000000060652_all__7.npy,fire
Pistachio/VAD/vit-features/train/anomaly/infrastructure_anomaly_more/fire/000000060652_all__8.npy,fire
Pistachio/VAD/vit-features/train/anomaly/infrastructure_anomaly_more/fire/000000060652_all__9.npy,fire
Pistachio/VAD/vit-features/train/anomaly/infrastructure_anomaly_more/fire/000000065381_all__0.npy,fire
Pistachio/VAD/vit-features/train/anomaly/infrastructure_anomaly_more/fire/000000065381_all__1.npy,fire
Pistachio/VAD/vit-features/train/anomaly/infrastructure_anomaly_more/fire/000000065381_all__2.npy,fire
Pistachio/VAD/vit-features/train/anomaly/infrastructure_anomaly_more/fire/000000065381_all__3.npy,fire
Pistachio/VAD/vit-features/train/anomaly/infrastructure_anomaly_more/fire/000000065381_all__4.npy,fire
Pistachio/VAD/vit-features/train/anomaly/infrastructure_anomaly_more/fire/000000065381_all__5.npy,fire
Pistachio/VAD/vit-features/train/anomaly/infrastructure_anomaly_more/fire/000000065381_all__6.npy,fire
Pistachio/VAD/vit-features/train/anomaly/infrastructure_anomaly_more/fire/000000065381_all__7.npy,fire
Pistachio/VAD/vit-features/train/anomaly/infrastructure_anomaly_more/fire/000000065381_all__8.npy,fire
Pistachio/VAD/vit-features/train/anomaly/infrastructure_anomaly_more/fire/000000065381_all__9.npy,fire
Pistachio/VAD/vit-features/train/anomaly/infrastructure_anomaly_more/fire/000000068419_all__0.npy,fire
Pistachio/VAD/vit-features/train/anomaly/infrastructure_anomaly_more/fire/000000068419_all__1.npy,fire
Pistachio/VAD/vit-features/train/anomaly/infrastructure_anomaly_more/fire/000000068419_all__2.npy,fire
Pistachio/VAD/vit-features/train/anomaly/infrastructure_anomaly_more/fire/000000068419_all__3.npy,fire
Pistachio/VAD/vit-features/train/anomaly/infrastructure_anomaly_more/fire/000000068419_all__4.npy,fire
Pistachio/VAD/vit-features/train/anomaly/infrastructure_anomaly_more/fire/000000068419_all__5.npy,fire
Pistachio/VAD/vit-features/train/anomaly/infrastructure_anomaly_more/fire/000000068419_all__6.npy,fire
Pistachio/VAD/vit-features/train/anomaly/infrastructure_anomaly_more/fire/000000068419_all__7.npy,fire
Pistachio/VAD/vit-features/train/anomaly/infrastructure_anomaly_more/fire/000000068419_all__8.npy,fire
Pistachio/VAD/vit-features/train/anomaly/infrastructure_anomaly_more/fire/000000068419_all__9.npy,fire
Pistachio/VAD/vit-features/train/anomaly/infrastructure_anomaly_more/fire/000000085583_all__0.npy,fire
Pistachio/VAD/vit-features/train/anomaly/infrastructure_anomaly_more/fire/000000085583_all__1.npy,fire
Pistachio/VAD/vit-features/train/anomaly/infrastructure_anomaly_more/fire/000000085583_all__2.npy,fire
Pistachio/VAD/vit-features/train/anomaly/infrastructure_anomaly_more/fire/000000085583_all__3.npy,fire
Pistachio/VAD/vit-features/train/anomaly/infrastructure_anomaly_more/fire/000000085583_all__4.npy,fire
Pistachio/VAD/vit-features/train/anomaly/infrastructure_anomaly_more/fire/000000085583_all__5.npy,fire
Pistachio/VAD/vit-features/train/anomaly/infrastructure_anomaly_more/fire/000000085583_all__6.npy,fire
Pistachio/VAD/vit-features/train/anomaly/infrastructure_anomaly_more/fire/000000085583_all__7.npy,fire
Pistachio/VAD/vit-features/train/anomaly/infrastructure_anomaly_more/fire/000000085583_all__8.npy,fire
Pistachio/VAD/vit-features/train/anomaly/infrastructure_anomaly_more/fire/000000085583_all__9.npy,fire
Pistachio/VAD/vit-features/train/anomaly/infrastructure_anomaly_more/fire/000000089581_all__0.npy,fire
Pistachio/VAD/vit-features/train/anomaly/infrastructure_anomaly_more/fire/000000089581_all__1.npy,fire
Pistachio/VAD/vit-features/train/anomaly/infrastructure_anomaly_more/fire/000000089581_all__2.npy,fire
Pistachio/VAD/vit-features/train/anomaly/infrastructure_anomaly_more/fire/000000089581_all__3.npy,fire
Pistachio/VAD/vit-features/train/anomaly/infrastructure_anomaly_more/fire/000000089581_all__4.npy,fire
Pistachio/VAD/vit-features/train/anomaly/infrastructure_anomaly_more/fire/000000089581_all__5.npy,fire
Pistachio/VAD/vit-features/train/anomaly/infrastructure_anomaly_more/fire/000000089581_all__6.npy,fire
Pistachio/VAD/vit-features/train/anomaly/infrastructure_anomaly_more/fire/000000089581_all__7.npy,fire
Pistachio/VAD/vit-features/train/anomaly/infrastructure_anomaly_more/fire/000000089581_all__8.npy,fire
Pistachio/VAD/vit-features/train/anomaly/infrastructure_anomaly_more/fire/000000089581_all__9.npy,fire
Pistachio/VAD/vit-features/train/anomaly/infrastructure_anomaly_more/fire/000000093924_all__0.npy,fire
Pistachio/VAD/vit-features/train/anomaly/infrastructure_anomaly_more/fire/000000093924_all__1.npy,fire
Pistachio/VAD/vit-features/train/anomaly/infrastructure_anomaly_more/fire/000000093924_all__2.npy,fire
Pistachio/VAD/vit-features/train/anomaly/infrastructure_anomaly_more/fire/000000093924_all__3.npy,fire
Pistachio/VAD/vit-features/train/anomaly/infrastructure_anomaly_more/fire/000000093924_all__4.npy,fire
Pistachio/VAD/vit-features/train/anomaly/infrastructure_anomaly_more/fire/000000093924_all__5.npy,fire
Pistachio/VAD/vit-features/train/anomaly/infrastructure_anomaly_more/fire/000000093924_all__6.npy,fire
Pistachio/VAD/vit-features/train/anomaly/infrastructure_anomaly_more/fire/000000093924_all__7.npy,fire
Pistachio/VAD/vit-features/train/anomaly/infrastructure_anomaly_more/fire/000000093924_all__8.npy,fire
Pistachio/VAD/vit-features/train/anomaly/infrastructure_anomaly_more/fire/000000093924_all__9.npy,fire
Pistachio/VAD/vit-features/train/anomaly/infrastructure_anomaly_more/fire/000000096686_all__0.npy,fire
Pistachio/VAD/vit-features/train/anomaly/infrastructure_anomaly_more/fire/000000096686_all__1.npy,fire
Pistachio/VAD/vit-features/train/anomaly/infrastructure_anomaly_more/fire/000000096686_all__2.npy,fire
Pistachio/VAD/vit-features/train/anomaly/infrastructure_anomaly_more/fire/000000096686_all__3.npy,fire
Pistachio/VAD/vit-features/train/anomaly/infrastructure_anomaly_more/fire/000000096686_all__4.npy,fire
Pistachio/VAD/vit-features/train/anomaly/infrastructure_anomaly_more/fire/000000096686_all__5.npy,fire
Pistachio/VAD/vit-features/train/anomaly/infrastructure_anomaly_more/fire/000000096686_all__6.npy,fire
Pistachio/VAD/vit-features/train/anomaly/infrastructure_anomaly_more/fire/000000096686_all__7.npy,fire
Pistachio/VAD/vit-features/train/anomaly/infrastructure_anomaly_more/fire/000000096686_all__8.npy,fire
Pistachio/VAD/vit-features/train/anomaly/infrastructure_anomaly_more/fire/000000096686_all__9.npy,fire
Pistachio/VAD/vit-features/train/anomaly/infrastructure_anomaly_more/fire/000000101291_all__0.npy,fire
Pistachio/VAD/vit-features/train/anomaly/infrastructure_anomaly_more/fire/000000101291_all__1.npy,fire
Pistachio/VAD/vit-features/train/anomaly/infrastructure_anomaly_more/fire/000000101291_all__2.npy,fire
Pistachio/VAD/vit-features/train/anomaly/infrastructure_anomaly_more/fire/000000101291_all__3.npy,fire
Pistachio/VAD/vit-features/train/anomaly/infrastructure_anomaly_more/fire/000000101291_all__4.npy,fire
Pistachio/VAD/vit-features/train/anomaly/infrastructure_anomaly_more/fire/000000101291_all__5.npy,fire
Pistachio/VAD/vit-features/train/anomaly/infrastructure_anomaly_more/fire/000000101291_all__6.npy,fire
Pistachio/VAD/vit-features/train/anomaly/infrastructure_anomaly_more/fire/000000101291_all__7.npy,fire
Pistachio/VAD/vit-features/train/anomaly/infrastructure_anomaly_more/fire/000000101291_all__8.npy,fire
Pistachio/VAD/vit-features/train/anomaly/infrastructure_anomaly_more/fire/000000101291_all__9.npy,fire
Pistachio/VAD/vit-features/train/anomaly/infrastructure_anomaly_more/fire/000000101833_all__0.npy,fire
Pistachio/VAD/vit-features/train/anomaly/infrastructure_anomaly_more/fire/000000101833_all__1.npy,fire
Pistachio/VAD/vit-features/train/anomaly/infrastructure_anomaly_more/fire/000000101833_all__2.npy,fire
Pistachio/VAD/vit-features/train/anomaly/infrastructure_anomaly_more/fire/000000101833_all__3.npy,fire
Pistachio/VAD/vit-features/train/anomaly/infrastructure_anomaly_more/fire/000000101833_all__4.npy,fire
Pistachio/VAD/vit-features/train/anomaly/infrastructure_anomaly_more/fire/000000101833_all__5.npy,fire
Pistachio/VAD/vit-features/train/anomaly/infrastructure_anomaly_more/fire/000000101833_all__6.npy,fire
Pistachio/VAD/vit-features/train/anomaly/infrastructure_anomaly_more/fire/000000101833_all__7.npy,fire
Pistachio/VAD/vit-features/train/anomaly/infrastructure_anomaly_more/fire/000000101833_all__8.npy,fire
Pistachio/VAD/vit-features/train/anomaly/infrastructure_anomaly_more/fire/000000101833_all__9.npy,fire
Pistachio/VAD/vit-features/train/anomaly/infrastructure_anomaly_more/fire/000000102295_all__0.npy,fire
Pistachio/VAD/vit-features/train/anomaly/infrastructure_anomaly_more/fire/000000102295_all__1.npy,fire
Pistachio/VAD/vit-features/train/anomaly/infrastructure_anomaly_more/fire/000000102295_all__2.npy,fire
Pistachio/VAD/vit-features/train/anomaly/infrastructure_anomaly_more/fire/000000102295_all__3.npy,fire
Pistachio/VAD/vit-features/train/anomaly/infrastructure_anomaly_more/fire/000000102295_all__4.npy,fire
Pistachio/VAD/vit-features/train/anomaly/infrastructure_anomaly_more/fire/000000102295_all__5.npy,fire
Pistachio/VAD/vit-features/train/anomaly/infrastructure_anomaly_more/fire/000000102295_all__6.npy,fire
Pistachio/VAD/vit-features/train/anomaly/infrastructure_anomaly_more/fire/000000102295_all__7.npy,fire
Pistachio/VAD/vit-features/train/anomaly/infrastructure_anomaly_more/fire/000000102295_all__8.npy,fire
Pistachio/VAD/vit-features/train/anomaly/infrastructure_anomaly_more/fire/000000102295_all__9.npy,fire
Pistachio/VAD/vit-features/train/anomaly/infrastructure_anomaly_more/leakage/000000014465_all__0.npy,leakage
Pistachio/VAD/vit-features/train/anomaly/infrastructure_anomaly_more/leakage/000000014465_all__1.npy,leakage
Pistachio/VAD/vit-features/train/anomaly/infrastructure_anomaly_more/leakage/000000014465_all__2.npy,leakage
Pistachio/VAD/vit-features/train/anomaly/infrastructure_anomaly_more/leakage/000000014465_all__3.npy,leakage
Pistachio/VAD/vit-features/train/anomaly/infrastructure_anomaly_more/leakage/000000014465_all__4.npy,leakage
Pistachio/VAD/vit-features/train/anomaly/infrastructure_anomaly_more/leakage/000000014465_all__5.npy,leakage
Pistachio/VAD/vit-features/train/anomaly/infrastructure_anomaly_more/leakage/000000014465_all__6.npy,leakage
Pistachio/VAD/vit-features/train/anomaly/infrastructure_anomaly_more/leakage/000000014465_all__7.npy,leakage
Pistachio/VAD/vit-features/train/anomaly/infrastructure_anomaly_more/leakage/000000014465_all__8.npy,leakage
Pistachio/VAD/vit-features/train/anomaly/infrastructure_anomaly_more/leakage/000000014465_all__9.npy,leakage
Pistachio/VAD/vit-features/train/anomaly/infrastructure_anomaly_more/leakage/000000017007_all__0.npy,leakage
Pistachio/VAD/vit-features/train/anomaly/infrastructure_anomaly_more/leakage/000000017007_all__1.npy,leakage
Pistachio/VAD/vit-features/train/anomaly/infrastructure_anomaly_more/leakage/000000017007_all__2.npy,leakage
Pistachio/VAD/vit-features/train/anomaly/infrastructure_anomaly_more/leakage/000000017007_all__3.npy,leakage
Pistachio/VAD/vit-features/train/anomaly/infrastructure_anomaly_more/leakage/000000017007_all__4.npy,leakage
Pistachio/VAD/vit-features/train/anomaly/infrastructure_anomaly_more/leakage/000000017007_all__5.npy,leakage
Pistachio/VAD/vit-features/train/anomaly/infrastructure_anomaly_more/leakage/000000017007_all__6.npy,leakage
Pistachio/VAD/vit-features/train/anomaly/infrastructure_anomaly_more/leakage/000000017007_all__7.npy,leakage
Pistachio/VAD/vit-features/train/anomaly/infrastructure_anomaly_more/leakage/000000017007_all__8.npy,leakage
Pistachio/VAD/vit-features/train/anomaly/infrastructure_anomaly_more/leakage/000000017007_all__9.npy,leakage
Pistachio/VAD/vit-features/train/anomaly/infrastructure_anomaly_more/leakage/000000215710_all__0.npy,leakage
Pistachio/VAD/vit-features/train/anomaly/infrastructure_anomaly_more/leakage/000000215710_all__1.npy,leakage
Pistachio/VAD/vit-features/train/anomaly/infrastructure_anomaly_more/leakage/000000215710_all__2.npy,leakage
Pistachio/VAD/vit-features/train/anomaly/infrastructure_anomaly_more/leakage/000000215710_all__3.npy,leakage
Pistachio/VAD/vit-features/train/anomaly/infrastructure_anomaly_more/leakage/000000215710_all__4.npy,leakage
Pistachio/VAD/vit-features/train/anomaly/infrastructure_anomaly_more/leakage/000000215710_all__5.npy,leakage
Pistachio/VAD/vit-features/train/anomaly/infrastructure_anomaly_more/leakage/000000215710_all__6.npy,leakage
Pistachio/VAD/vit-features/train/anomaly/infrastructure_anomaly_more/leakage/000000215710_all__7.npy,leakage
Pistachio/VAD/vit-features/train/anomaly/infrastructure_anomaly_more/leakage/000000215710_all__8.npy,leakage
Pistachio/VAD/vit-features/train/anomaly/infrastructure_anomaly_more/leakage/000000215710_all__9.npy,leakage
Pistachio/VAD/vit-features/train/anomaly/infrastructure_anomaly_more/natural_disasters/000000065740_all__0.npy,natural_disasters
Pistachio/VAD/vit-features/train/anomaly/infrastructure_anomaly_more/natural_disasters/000000065740_all__1.npy,natural_disasters
Pistachio/VAD/vit-features/train/anomaly/infrastructure_anomaly_more/natural_disasters/000000065740_all__2.npy,natural_disasters
Pistachio/VAD/vit-features/train/anomaly/infrastructure_anomaly_more/natural_disasters/000000065740_all__3.npy,natural_disasters
Pistachio/VAD/vit-features/train/anomaly/infrastructure_anomaly_more/natural_disasters/000000065740_all__4.npy,natural_disasters
Pistachio/VAD/vit-features/train/anomaly/infrastructure_anomaly_more/natural_disasters/000000065740_all__5.npy,natural_disasters
Pistachio/VAD/vit-features/train/anomaly/infrastructure_anomaly_more/natural_disasters/000000065740_all__6.npy,natural_disasters
Pistachio/VAD/vit-features/train/anomaly/infrastructure_anomaly_more/natural_disasters/000000065740_all__7.npy,natural_disasters
Pistachio/VAD/vit-features/train/anomaly/infrastructure_anomaly_more/natural_disasters/000000065740_all__8.npy,natural_disasters
Pistachio/VAD/vit-features/train/anomaly/infrastructure_anomaly_more/natural_disasters/000000065740_all__9.npy,natural_disasters
Pistachio/VAD/vit-features/train/anomaly/infrastructure_anomaly_more/natural_disasters/000000243534_all__0.npy,natural_disasters
Pistachio/VAD/vit-features/train/anomaly/infrastructure_anomaly_more/natural_disasters/000000243534_all__1.npy,natural_disasters
Pistachio/VAD/vit-features/train/anomaly/infrastructure_anomaly_more/natural_disasters/000000243534_all__2.npy,natural_disasters
Pistachio/VAD/vit-features/train/anomaly/infrastructure_anomaly_more/natural_disasters/000000243534_all__3.npy,natural_disasters
Pistachio/VAD/vit-features/train/anomaly/infrastructure_anomaly_more/natural_disasters/000000243534_all__4.npy,natural_disasters
Pistachio/VAD/vit-features/train/anomaly/infrastructure_anomaly_more/natural_disasters/000000243534_all__5.npy,natural_disasters
Pistachio/VAD/vit-features/train/anomaly/infrastructure_anomaly_more/natural_disasters/000000243534_all__6.npy,natural_disasters
Pistachio/VAD/vit-features/train/anomaly/infrastructure_anomaly_more/natural_disasters/000000243534_all__7.npy,natural_disasters
Pistachio/VAD/vit-features/train/anomaly/infrastructure_anomaly_more/natural_disasters/000000243534_all__8.npy,natural_disasters
Pistachio/VAD/vit-features/train/anomaly/infrastructure_anomaly_more/natural_disasters/000000243534_all__9.npy,natural_disasters
Pistachio/VAD/vit-features/train/anomaly/infrastructure_anomaly_more/natural_disasters/000000269241_all__0.npy,natural_disasters
Pistachio/VAD/vit-features/train/anomaly/infrastructure_anomaly_more/natural_disasters/000000269241_all__1.npy,natural_disasters
Pistachio/VAD/vit-features/train/anomaly/infrastructure_anomaly_more/natural_disasters/000000269241_all__2.npy,natural_disasters
Pistachio/VAD/vit-features/train/anomaly/infrastructure_anomaly_more/natural_disasters/000000269241_all__3.npy,natural_disasters
Pistachio/VAD/vit-features/train/anomaly/infrastructure_anomaly_more/natural_disasters/000000269241_all__4.npy,natural_disasters
Pistachio/VAD/vit-features/train/anomaly/infrastructure_anomaly_more/natural_disasters/000000269241_all__5.npy,natural_disasters
Pistachio/VAD/vit-features/train/anomaly/infrastructure_anomaly_more/natural_disasters/000000269241_all__6.npy,natural_disasters
Pistachio/VAD/vit-features/train/anomaly/infrastructure_anomaly_more/natural_disasters/000000269241_all__7.npy,natural_disasters
Pistachio/VAD/vit-features/train/anomaly/infrastructure_anomaly_more/natural_disasters/000000269241_all__8.npy,natural_disasters
Pistachio/VAD/vit-features/train/anomaly/infrastructure_anomaly_more/natural_disasters/000000269241_all__9.npy,natural_disasters
Pistachio/VAD/vit-features/train/anomaly/infrastructure_anomaly_more/natural_disasters/000000283626_all__0.npy,natural_disasters
Pistachio/VAD/vit-features/train/anomaly/infrastructure_anomaly_more/natural_disasters/000000283626_all__1.npy,natural_disasters
Pistachio/VAD/vit-features/train/anomaly/infrastructure_anomaly_more/natural_disasters/000000283626_all__2.npy,natural_disasters
Pistachio/VAD/vit-features/train/anomaly/infrastructure_anomaly_more/natural_disasters/000000283626_all__3.npy,natural_disasters
Pistachio/VAD/vit-features/train/anomaly/infrastructure_anomaly_more/natural_disasters/000000283626_all__4.npy,natural_disasters
Pistachio/VAD/vit-features/train/anomaly/infrastructure_anomaly_more/natural_disasters/000000283626_all__5.npy,natural_disasters
Pistachio/VAD/vit-features/train/anomaly/infrastructure_anomaly_more/natural_disasters/000000283626_all__6.npy,natural_disasters
Pistachio/VAD/vit-features/train/anomaly/infrastructure_anomaly_more/natural_disasters/000000283626_all__7.npy,natural_disasters
Pistachio/VAD/vit-features/train/anomaly/infrastructure_anomaly_more/natural_disasters/000000283626_all__8.npy,natural_disasters
Pistachio/VAD/vit-features/train/anomaly/infrastructure_anomaly_more/natural_disasters/000000283626_all__9.npy,natural_disasters
Pistachio/VAD/vit-features/train/anomaly/infrastructure_anomaly_more/natural_disasters/000000443217_all__0.npy,natural_disasters
Pistachio/VAD/vit-features/train/anomaly/infrastructure_anomaly_more/natural_disasters/000000443217_all__1.npy,natural_disasters
Pistachio/VAD/vit-features/train/anomaly/infrastructure_anomaly_more/natural_disasters/000000443217_all__2.npy,natural_disasters
Pistachio/VAD/vit-features/train/anomaly/infrastructure_anomaly_more/natural_disasters/000000443217_all__3.npy,natural_disasters
Pistachio/VAD/vit-features/train/anomaly/infrastructure_anomaly_more/natural_disasters/000000443217_all__4.npy,natural_disasters
Pistachio/VAD/vit-features/train/anomaly/infrastructure_anomaly_more/natural_disasters/000000443217_all__5.npy,natural_disasters
Pistachio/VAD/vit-features/train/anomaly/infrastructure_anomaly_more/natural_disasters/000000443217_all__6.npy,natural_disasters
Pistachio/VAD/vit-features/train/anomaly/infrastructure_anomaly_more/natural_disasters/000000443217_all__7.npy,natural_disasters
Pistachio/VAD/vit-features/train/anomaly/infrastructure_anomaly_more/natural_disasters/000000443217_all__8.npy,natural_disasters
Pistachio/VAD/vit-features/train/anomaly/infrastructure_anomaly_more/natural_disasters/000000443217_all__9.npy,natural_disasters
Pistachio/VAD/vit-features/train/anomaly/infrastructure_anomaly_more/structural_failure/000000033026_all__0.npy,structural_failure
Pistachio/VAD/vit-features/train/anomaly/infrastructure_anomaly_more/structural_failure/000000033026_all__1.npy,structural_failure
Pistachio/VAD/vit-features/train/anomaly/infrastructure_anomaly_more/structural_failure/000000033026_all__2.npy,structural_failure
Pistachio/VAD/vit-features/train/anomaly/infrastructure_anomaly_more/structural_failure/000000033026_all__3.npy,structural_failure
Pistachio/VAD/vit-features/train/anomaly/infrastructure_anomaly_more/structural_failure/000000033026_all__4.npy,structural_failure
Pistachio/VAD/vit-features/train/anomaly/infrastructure_anomaly_more/structural_failure/000000033026_all__5.npy,structural_failure
Pistachio/VAD/vit-features/train/anomaly/infrastructure_anomaly_more/structural_failure/000000033026_all__6.npy,structural_failure
Pistachio/VAD/vit-features/train/anomaly/infrastructure_anomaly_more/structural_failure/000000033026_all__7.npy,structural_failure
Pistachio/VAD/vit-features/train/anomaly/infrastructure_anomaly_more/structural_failure/000000033026_all__8.npy,structural_failure
Pistachio/VAD/vit-features/train/anomaly/infrastructure_anomaly_more/structural_failure/000000033026_all__9.npy,structural_failure
Pistachio/VAD/vit-features/train/anomaly/infrastructure_anomaly_more/structural_failure/000000081203_all__0.npy,structural_failure
Pistachio/VAD/vit-features/train/anomaly/infrastructure_anomaly_more/structural_failure/000000081203_all__1.npy,structural_failure
Pistachio/VAD/vit-features/train/anomaly/infrastructure_anomaly_more/structural_failure/000000081203_all__2.npy,structural_failure
Pistachio/VAD/vit-features/train/anomaly/infrastructure_anomaly_more/structural_failure/000000081203_all__3.npy,structural_failure
Pistachio/VAD/vit-features/train/anomaly/infrastructure_anomaly_more/structural_failure/000000081203_all__4.npy,structural_failure
Pistachio/VAD/vit-features/train/anomaly/infrastructure_anomaly_more/structural_failure/000000081203_all__5.npy,structural_failure
Pistachio/VAD/vit-features/train/anomaly/infrastructure_anomaly_more/structural_failure/000000081203_all__6.npy,structural_failure
Pistachio/VAD/vit-features/train/anomaly/infrastructure_anomaly_more/structural_failure/000000081203_all__7.npy,structural_failure
Pistachio/VAD/vit-features/train/anomaly/infrastructure_anomaly_more/structural_failure/000000081203_all__8.npy,structural_failure
Pistachio/VAD/vit-features/train/anomaly/infrastructure_anomaly_more/structural_failure/000000081203_all__9.npy,structural_failure
Pistachio/VAD/vit-features/train/anomaly/infrastructure_anomaly_more/structural_failure/000000119301_all__0.npy,structural_failure
Pistachio/VAD/vit-features/train/anomaly/infrastructure_anomaly_more/structural_failure/000000119301_all__1.npy,structural_failure
Pistachio/VAD/vit-features/train/anomaly/infrastructure_anomaly_more/structural_failure/000000119301_all__2.npy,structural_failure
Pistachio/VAD/vit-features/train/anomaly/infrastructure_anomaly_more/structural_failure/000000119301_all__3.npy,structural_failure
Pistachio/VAD/vit-features/train/anomaly/infrastructure_anomaly_more/structural_failure/000000119301_all__4.npy,structural_failure
Pistachio/VAD/vit-features/train/anomaly/infrastructure_anomaly_more/structural_failure/000000119301_all__5.npy,structural_failure
Pistachio/VAD/vit-features/train/anomaly/infrastructure_anomaly_more/structural_failure/000000119301_all__6.npy,structural_failure
Pistachio/VAD/vit-features/train/anomaly/infrastructure_anomaly_more/structural_failure/000000119301_all__7.npy,structural_failure
Pistachio/VAD/vit-features/train/anomaly/infrastructure_anomaly_more/structural_failure/000000119301_all__8.npy,structural_failure
Pistachio/VAD/vit-features/train/anomaly/infrastructure_anomaly_more/structural_failure/000000119301_all__9.npy,structural_failure
Pistachio/VAD/vit-features/train/anomaly/infrastructure_anomaly_more/structural_failure/000000242456_all__0.npy,structural_failure
Pistachio/VAD/vit-features/train/anomaly/infrastructure_anomaly_more/structural_failure/000000242456_all__1.npy,structural_failure
Pistachio/VAD/vit-features/train/anomaly/infrastructure_anomaly_more/structural_failure/000000242456_all__2.npy,structural_failure
Pistachio/VAD/vit-features/train/anomaly/infrastructure_anomaly_more/structural_failure/000000242456_all__3.npy,structural_failure
Pistachio/VAD/vit-features/train/anomaly/infrastructure_anomaly_more/structural_failure/000000242456_all__4.npy,structural_failure
Pistachio/VAD/vit-features/train/anomaly/infrastructure_anomaly_more/structural_failure/000000242456_all__5.npy,structural_failure
Pistachio/VAD/vit-features/train/anomaly/infrastructure_anomaly_more/structural_failure/000000242456_all__6.npy,structural_failure
Pistachio/VAD/vit-features/train/anomaly/infrastructure_anomaly_more/structural_failure/000000242456_all__7.npy,structural_failure
Pistachio/VAD/vit-features/train/anomaly/infrastructure_anomaly_more/structural_failure/000000242456_all__8.npy,structural_failure
Pistachio/VAD/vit-features/train/anomaly/infrastructure_anomaly_more/structural_failure/000000242456_all__9.npy,structural_failure
Pistachio/VAD/vit-features/train/anomaly/infrastructure_anomaly_more/structural_failure/000000275629_all__0.npy,structural_failure
Pistachio/VAD/vit-features/train/anomaly/infrastructure_anomaly_more/structural_failure/000000275629_all__1.npy,structural_failure
Pistachio/VAD/vit-features/train/anomaly/infrastructure_anomaly_more/structural_failure/000000275629_all__2.npy,structural_failure
Pistachio/VAD/vit-features/train/anomaly/infrastructure_anomaly_more/structural_failure/000000275629_all__3.npy,structural_failure
Pistachio/VAD/vit-features/train/anomaly/infrastructure_anomaly_more/structural_failure/000000275629_all__4.npy,structural_failure
Pistachio/VAD/vit-features/train/anomaly/infrastructure_anomaly_more/structural_failure/000000275629_all__5.npy,structural_failure
Pistachio/VAD/vit-features/train/anomaly/infrastructure_anomaly_more/structural_failure/000000275629_all__6.npy,structural_failure
Pistachio/VAD/vit-features/train/anomaly/infrastructure_anomaly_more/structural_failure/000000275629_all__7.npy,structural_failure
Pistachio/VAD/vit-features/train/anomaly/infrastructure_anomaly_more/structural_failure/000000275629_all__8.npy,structural_failure
Pistachio/VAD/vit-features/train/anomaly/infrastructure_anomaly_more/structural_failure/000000275629_all__9.npy,structural_failure
Pistachio/VAD/vit-features/train/anomaly/infrastructure_anomaly_more/structural_failure/000000463871_all__0.npy,structural_failure
Pistachio/VAD/vit-features/train/anomaly/infrastructure_anomaly_more/structural_failure/000000463871_all__1.npy,structural_failure
Pistachio/VAD/vit-features/train/anomaly/infrastructure_anomaly_more/structural_failure/000000463871_all__2.npy,structural_failure
Pistachio/VAD/vit-features/train/anomaly/infrastructure_anomaly_more/structural_failure/000000463871_all__3.npy,structural_failure
Pistachio/VAD/vit-features/train/anomaly/infrastructure_anomaly_more/structural_failure/000000463871_all__4.npy,structural_failure
Pistachio/VAD/vit-features/train/anomaly/infrastructure_anomaly_more/structural_failure/000000463871_all__5.npy,structural_failure
Pistachio/VAD/vit-features/train/anomaly/infrastructure_anomaly_more/structural_failure/000000463871_all__6.npy,structural_failure
Pistachio/VAD/vit-features/train/anomaly/infrastructure_anomaly_more/structural_failure/000000463871_all__7.npy,structural_failure
Pistachio/VAD/vit-features/train/anomaly/infrastructure_anomaly_more/structural_failure/000000463871_all__8.npy,structural_failure
Pistachio/VAD/vit-features/train/anomaly/infrastructure_anomaly_more/structural_failure/000000463871_all__9.npy,structural_failure
Pistachio/VAD/vit-features/train/anomaly/infrastructure_anomaly_more/vandalism/000000005110_all__0.npy,vandalism
Pistachio/VAD/vit-features/train/anomaly/infrastructure_anomaly_more/vandalism/000000005110_all__1.npy,vandalism
Pistachio/VAD/vit-features/train/anomaly/infrastructure_anomaly_more/vandalism/000000005110_all__2.npy,vandalism
Pistachio/VAD/vit-features/train/anomaly/infrastructure_anomaly_more/vandalism/000000005110_all__3.npy,vandalism
Pistachio/VAD/vit-features/train/anomaly/infrastructure_anomaly_more/vandalism/000000005110_all__4.npy,vandalism
Pistachio/VAD/vit-features/train/anomaly/infrastructure_anomaly_more/vandalism/000000005110_all__5.npy,vandalism
Pistachio/VAD/vit-features/train/anomaly/infrastructure_anomaly_more/vandalism/000000005110_all__6.npy,vandalism
Pistachio/VAD/vit-features/train/anomaly/infrastructure_anomaly_more/vandalism/000000005110_all__7.npy,vandalism
Pistachio/VAD/vit-features/train/anomaly/infrastructure_anomaly_more/vandalism/000000005110_all__8.npy,vandalism
Pistachio/VAD/vit-features/train/anomaly/infrastructure_anomaly_more/vandalism/000000005110_all__9.npy,vandalism
Pistachio/VAD/vit-features/train/anomaly/infrastructure_anomaly_more/vandalism/000000005896_all__0.npy,vandalism
Pistachio/VAD/vit-features/train/anomaly/infrastructure_anomaly_more/vandalism/000000005896_all__1.npy,vandalism
Pistachio/VAD/vit-features/train/anomaly/infrastructure_anomaly_more/vandalism/000000005896_all__2.npy,vandalism
Pistachio/VAD/vit-features/train/anomaly/infrastructure_anomaly_more/vandalism/000000005896_all__3.npy,vandalism
Pistachio/VAD/vit-features/train/anomaly/infrastructure_anomaly_more/vandalism/000000005896_all__4.npy,vandalism
Pistachio/VAD/vit-features/train/anomaly/infrastructure_anomaly_more/vandalism/000000005896_all__5.npy,vandalism
Pistachio/VAD/vit-features/train/anomaly/infrastructure_anomaly_more/vandalism/000000005896_all__6.npy,vandalism
Pistachio/VAD/vit-features/train/anomaly/infrastructure_anomaly_more/vandalism/000000005896_all__7.npy,vandalism
Pistachio/VAD/vit-features/train/anomaly/infrastructure_anomaly_more/vandalism/000000005896_all__8.npy,vandalism
Pistachio/VAD/vit-features/train/anomaly/infrastructure_anomaly_more/vandalism/000000005896_all__9.npy,vandalism
Pistachio/VAD/vit-features/train/anomaly/infrastructure_anomaly_more/vandalism/000000009995_all__0.npy,vandalism
Pistachio/VAD/vit-features/train/anomaly/infrastructure_anomaly_more/vandalism/000000009995_all__1.npy,vandalism
Pistachio/VAD/vit-features/train/anomaly/infrastructure_anomaly_more/vandalism/000000009995_all__2.npy,vandalism
Pistachio/VAD/vit-features/train/anomaly/infrastructure_anomaly_more/vandalism/000000009995_all__3.npy,vandalism
Pistachio/VAD/vit-features/train/anomaly/infrastructure_anomaly_more/vandalism/000000009995_all__4.npy,vandalism
Pistachio/VAD/vit-features/train/anomaly/infrastructure_anomaly_more/vandalism/000000009995_all__5.npy,vandalism
Pistachio/VAD/vit-features/train/anomaly/infrastructure_anomaly_more/vandalism/000000009995_all__6.npy,vandalism
Pistachio/VAD/vit-features/train/anomaly/infrastructure_anomaly_more/vandalism/000000009995_all__7.npy,vandalism
Pistachio/VAD/vit-features/train/anomaly/infrastructure_anomaly_more/vandalism/000000009995_all__8.npy,vandalism
Pistachio/VAD/vit-features/train/anomaly/infrastructure_anomaly_more/vandalism/000000009995_all__9.npy,vandalism
Pistachio/VAD/vit-features/train/anomaly/infrastructure_anomaly_more/vandalism/000000015958_all__0.npy,vandalism
Pistachio/VAD/vit-features/train/anomaly/infrastructure_anomaly_more/vandalism/000000015958_all__1.npy,vandalism
Pistachio/VAD/vit-features/train/anomaly/infrastructure_anomaly_more/vandalism/000000015958_all__2.npy,vandalism
Pistachio/VAD/vit-features/train/anomaly/infrastructure_anomaly_more/vandalism/000000015958_all__3.npy,vandalism
Pistachio/VAD/vit-features/train/anomaly/infrastructure_anomaly_more/vandalism/000000015958_all__4.npy,vandalism
Pistachio/VAD/vit-features/train/anomaly/infrastructure_anomaly_more/vandalism/000000015958_all__5.npy,vandalism
Pistachio/VAD/vit-features/train/anomaly/infrastructure_anomaly_more/vandalism/000000015958_all__6.npy,vandalism
Pistachio/VAD/vit-features/train/anomaly/infrastructure_anomaly_more/vandalism/000000015958_all__7.npy,vandalism
Pistachio/VAD/vit-features/train/anomaly/infrastructure_anomaly_more/vandalism/000000015958_all__8.npy,vandalism
Pistachio/VAD/vit-features/train/anomaly/infrastructure_anomaly_more/vandalism/000000015958_all__9.npy,vandalism
Pistachio/VAD/vit-features/train/anomaly/infrastructure_anomaly_more/vandalism/000000017041_all__0.npy,vandalism
Pistachio/VAD/vit-features/train/anomaly/infrastructure_anomaly_more/vandalism/000000017041_all__1.npy,vandalism
Pistachio/VAD/vit-features/train/anomaly/infrastructure_anomaly_more/vandalism/000000017041_all__2.npy,vandalism
Pistachio/VAD/vit-features/train/anomaly/infrastructure_anomaly_more/vandalism/000000017041_all__3.npy,vandalism
Pistachio/VAD/vit-features/train/anomaly/infrastructure_anomaly_more/vandalism/000000017041_all__4.npy,vandalism
Pistachio/VAD/vit-features/train/anomaly/infrastructure_anomaly_more/vandalism/000000017041_all__5.npy,vandalism
Pistachio/VAD/vit-features/train/anomaly/infrastructure_anomaly_more/vandalism/000000017041_all__6.npy,vandalism
Pistachio/VAD/vit-features/train/anomaly/infrastructure_anomaly_more/vandalism/000000017041_all__7.npy,vandalism
Pistachio/VAD/vit-features/train/anomaly/infrastructure_anomaly_more/vandalism/000000017041_all__8.npy,vandalism
Pistachio/VAD/vit-features/train/anomaly/infrastructure_anomaly_more/vandalism/000000017041_all__9.npy,vandalism
Pistachio/VAD/vit-features/train/anomaly/infrastructure_anomaly_more/vandalism/000000034323_all__0.npy,vandalism
Pistachio/VAD/vit-features/train/anomaly/infrastructure_anomaly_more/vandalism/000000034323_all__1.npy,vandalism
Pistachio/VAD/vit-features/train/anomaly/infrastructure_anomaly_more/vandalism/000000034323_all__2.npy,vandalism
Pistachio/VAD/vit-features/train/anomaly/infrastructure_anomaly_more/vandalism/000000034323_all__3.npy,vandalism
Pistachio/VAD/vit-features/train/anomaly/infrastructure_anomaly_more/vandalism/000000034323_all__4.npy,vandalism
Pistachio/VAD/vit-features/train/anomaly/infrastructure_anomaly_more/vandalism/000000034323_all__5.npy,vandalism
Pistachio/VAD/vit-features/train/anomaly/infrastructure_anomaly_more/vandalism/000000034323_all__6.npy,vandalism
Pistachio/VAD/vit-features/train/anomaly/infrastructure_anomaly_more/vandalism/000000034323_all__7.npy,vandalism
Pistachio/VAD/vit-features/train/anomaly/infrastructure_anomaly_more/vandalism/000000034323_all__8.npy,vandalism
Pistachio/VAD/vit-features/train/anomaly/infrastructure_anomaly_more/vandalism/000000034323_all__9.npy,vandalism
Pistachio/VAD/vit-features/train/anomaly/infrastructure_anomaly_more/vandalism/000000053693_all__0.npy,vandalism
Pistachio/VAD/vit-features/train/anomaly/infrastructure_anomaly_more/vandalism/000000053693_all__1.npy,vandalism
Pistachio/VAD/vit-features/train/anomaly/infrastructure_anomaly_more/vandalism/000000053693_all__2.npy,vandalism
Pistachio/VAD/vit-features/train/anomaly/infrastructure_anomaly_more/vandalism/000000053693_all__3.npy,vandalism
Pistachio/VAD/vit-features/train/anomaly/infrastructure_anomaly_more/vandalism/000000053693_all__4.npy,vandalism
Pistachio/VAD/vit-features/train/anomaly/infrastructure_anomaly_more/vandalism/000000053693_all__5.npy,vandalism
Pistachio/VAD/vit-features/train/anomaly/infrastructure_anomaly_more/vandalism/000000053693_all__6.npy,vandalism
Pistachio/VAD/vit-features/train/anomaly/infrastructure_anomaly_more/vandalism/000000053693_all__7.npy,vandalism
Pistachio/VAD/vit-features/train/anomaly/infrastructure_anomaly_more/vandalism/000000053693_all__8.npy,vandalism
Pistachio/VAD/vit-features/train/anomaly/infrastructure_anomaly_more/vandalism/000000053693_all__9.npy,vandalism
Pistachio/VAD/vit-features/train/anomaly/infrastructure_anomaly_more/vandalism/000000069722_all__0.npy,vandalism
Pistachio/VAD/vit-features/train/anomaly/infrastructure_anomaly_more/vandalism/000000069722_all__1.npy,vandalism
Pistachio/VAD/vit-features/train/anomaly/infrastructure_anomaly_more/vandalism/000000069722_all__2.npy,vandalism
Pistachio/VAD/vit-features/train/anomaly/infrastructure_anomaly_more/vandalism/000000069722_all__3.npy,vandalism
Pistachio/VAD/vit-features/train/anomaly/infrastructure_anomaly_more/vandalism/000000069722_all__4.npy,vandalism
Pistachio/VAD/vit-features/train/anomaly/infrastructure_anomaly_more/vandalism/000000069722_all__5.npy,vandalism
Pistachio/VAD/vit-features/train/anomaly/infrastructure_anomaly_more/vandalism/000000069722_all__6.npy,vandalism
Pistachio/VAD/vit-features/train/anomaly/infrastructure_anomaly_more/vandalism/000000069722_all__7.npy,vandalism
Pistachio/VAD/vit-features/train/anomaly/infrastructure_anomaly_more/vandalism/000000069722_all__8.npy,vandalism
Pistachio/VAD/vit-features/train/anomaly/infrastructure_anomaly_more/vandalism/000000069722_all__9.npy,vandalism
Pistachio/VAD/vit-features/train/anomaly/infrastructure_anomaly_more/vandalism/000000088319_all__0.npy,vandalism
Pistachio/VAD/vit-features/train/anomaly/infrastructure_anomaly_more/vandalism/000000088319_all__1.npy,vandalism
Pistachio/VAD/vit-features/train/anomaly/infrastructure_anomaly_more/vandalism/000000088319_all__2.npy,vandalism
Pistachio/VAD/vit-features/train/anomaly/infrastructure_anomaly_more/vandalism/000000088319_all__3.npy,vandalism
Pistachio/VAD/vit-features/train/anomaly/infrastructure_anomaly_more/vandalism/000000088319_all__4.npy,vandalism
Pistachio/VAD/vit-features/train/anomaly/infrastructure_anomaly_more/vandalism/000000088319_all__5.npy,vandalism
Pistachio/VAD/vit-features/train/anomaly/infrastructure_anomaly_more/vandalism/000000088319_all__6.npy,vandalism
Pistachio/VAD/vit-features/train/anomaly/infrastructure_anomaly_more/vandalism/000000088319_all__7.npy,vandalism
Pistachio/VAD/vit-features/train/anomaly/infrastructure_anomaly_more/vandalism/000000088319_all__8.npy,vandalism
Pistachio/VAD/vit-features/train/anomaly/infrastructure_anomaly_more/vandalism/000000088319_all__9.npy,vandalism
Pistachio/VAD/vit-features/train/anomaly/infrastructure_anomaly_more/weapons_incident/000000005771_all__0.npy,weapons_incident
Pistachio/VAD/vit-features/train/anomaly/infrastructure_anomaly_more/weapons_incident/000000005771_all__1.npy,weapons_incident
Pistachio/VAD/vit-features/train/anomaly/infrastructure_anomaly_more/weapons_incident/000000005771_all__2.npy,weapons_incident
Pistachio/VAD/vit-features/train/anomaly/infrastructure_anomaly_more/weapons_incident/000000005771_all__3.npy,weapons_incident
Pistachio/VAD/vit-features/train/anomaly/infrastructure_anomaly_more/weapons_incident/000000005771_all__4.npy,weapons_incident
Pistachio/VAD/vit-features/train/anomaly/infrastructure_anomaly_more/weapons_incident/000000005771_all__5.npy,weapons_incident
Pistachio/VAD/vit-features/train/anomaly/infrastructure_anomaly_more/weapons_incident/000000005771_all__6.npy,weapons_incident
Pistachio/VAD/vit-features/train/anomaly/infrastructure_anomaly_more/weapons_incident/000000005771_all__7.npy,weapons_incident
Pistachio/VAD/vit-features/train/anomaly/infrastructure_anomaly_more/weapons_incident/000000005771_all__8.npy,weapons_incident
Pistachio/VAD/vit-features/train/anomaly/infrastructure_anomaly_more/weapons_incident/000000005771_all__9.npy,weapons_incident
Pistachio/VAD/vit-features/train/anomaly/infrastructure_anomaly_more/weapons_incident/000000006923_all__0.npy,weapons_incident
Pistachio/VAD/vit-features/train/anomaly/infrastructure_anomaly_more/weapons_incident/000000006923_all__1.npy,weapons_incident
Pistachio/VAD/vit-features/train/anomaly/infrastructure_anomaly_more/weapons_incident/000000006923_all__2.npy,weapons_incident
Pistachio/VAD/vit-features/train/anomaly/infrastructure_anomaly_more/weapons_incident/000000006923_all__3.npy,weapons_incident
Pistachio/VAD/vit-features/train/anomaly/infrastructure_anomaly_more/weapons_incident/000000006923_all__4.npy,weapons_incident
Pistachio/VAD/vit-features/train/anomaly/infrastructure_anomaly_more/weapons_incident/000000006923_all__5.npy,weapons_incident
Pistachio/VAD/vit-features/train/anomaly/infrastructure_anomaly_more/weapons_incident/000000006923_all__6.npy,weapons_incident
Pistachio/VAD/vit-features/train/anomaly/infrastructure_anomaly_more/weapons_incident/000000006923_all__7.npy,weapons_incident
Pistachio/VAD/vit-features/train/anomaly/infrastructure_anomaly_more/weapons_incident/000000006923_all__8.npy,weapons_incident
Pistachio/VAD/vit-features/train/anomaly/infrastructure_anomaly_more/weapons_incident/000000006923_all__9.npy,weapons_incident
Pistachio/VAD/vit-features/train/anomaly/infrastructure_anomaly_more/weapons_incident/000000009347_all__0.npy,weapons_incident
Pistachio/VAD/vit-features/train/anomaly/infrastructure_anomaly_more/weapons_incident/000000009347_all__1.npy,weapons_incident
Pistachio/VAD/vit-features/train/anomaly/infrastructure_anomaly_more/weapons_incident/000000009347_all__2.npy,weapons_incident
Pistachio/VAD/vit-features/train/anomaly/infrastructure_anomaly_more/weapons_incident/000000009347_all__3.npy,weapons_incident
Pistachio/VAD/vit-features/train/anomaly/infrastructure_anomaly_more/weapons_incident/000000009347_all__4.npy,weapons_incident
Pistachio/VAD/vit-features/train/anomaly/infrastructure_anomaly_more/weapons_incident/000000009347_all__5.npy,weapons_incident
Pistachio/VAD/vit-features/train/anomaly/infrastructure_anomaly_more/weapons_incident/000000009347_all__6.npy,weapons_incident
Pistachio/VAD/vit-features/train/anomaly/infrastructure_anomaly_more/weapons_incident/000000009347_all__7.npy,weapons_incident
Pistachio/VAD/vit-features/train/anomaly/infrastructure_anomaly_more/weapons_incident/000000009347_all__8.npy,weapons_incident
Pistachio/VAD/vit-features/train/anomaly/infrastructure_anomaly_more/weapons_incident/000000009347_all__9.npy,weapons_incident
Pistachio/VAD/vit-features/train/anomaly/infrastructure_anomaly_more/weapons_incident/000000009390_all__0.npy,weapons_incident
Pistachio/VAD/vit-features/train/anomaly/infrastructure_anomaly_more/weapons_incident/000000009390_all__1.npy,weapons_incident
Pistachio/VAD/vit-features/train/anomaly/infrastructure_anomaly_more/weapons_incident/000000009390_all__2.npy,weapons_incident
Pistachio/VAD/vit-features/train/anomaly/infrastructure_anomaly_more/weapons_incident/000000009390_all__3.npy,weapons_incident
Pistachio/VAD/vit-features/train/anomaly/infrastructure_anomaly_more/weapons_incident/000000009390_all__4.npy,weapons_incident
Pistachio/VAD/vit-features/train/anomaly/infrastructure_anomaly_more/weapons_incident/000000009390_all__5.npy,weapons_incident
Pistachio/VAD/vit-features/train/anomaly/infrastructure_anomaly_more/weapons_incident/000000009390_all__6.npy,weapons_incident
Pistachio/VAD/vit-features/train/anomaly/infrastructure_anomaly_more/weapons_incident/000000009390_all__7.npy,weapons_incident
Pistachio/VAD/vit-features/train/anomaly/infrastructure_anomaly_more/weapons_incident/000000009390_all__8.npy,weapons_incident
Pistachio/VAD/vit-features/train/anomaly/infrastructure_anomaly_more/weapons_incident/000000009390_all__9.npy,weapons_incident
Pistachio/VAD/vit-features/train/anomaly/infrastructure_anomaly_more/weapons_incident/000000010550_all__0.npy,weapons_incident
Pistachio/VAD/vit-features/train/anomaly/infrastructure_anomaly_more/weapons_incident/000000010550_all__1.npy,weapons_incident
Pistachio/VAD/vit-features/train/anomaly/infrastructure_anomaly_more/weapons_incident/000000010550_all__2.npy,weapons_incident
Pistachio/VAD/vit-features/train/anomaly/infrastructure_anomaly_more/weapons_incident/000000010550_all__3.npy,weapons_incident
Pistachio/VAD/vit-features/train/anomaly/infrastructure_anomaly_more/weapons_incident/000000010550_all__4.npy,weapons_incident
Pistachio/VAD/vit-features/train/anomaly/infrastructure_anomaly_more/weapons_incident/000000010550_all__5.npy,weapons_incident
Pistachio/VAD/vit-features/train/anomaly/infrastructure_anomaly_more/weapons_incident/000000010550_all__6.npy,weapons_incident
Pistachio/VAD/vit-features/train/anomaly/infrastructure_anomaly_more/weapons_incident/000000010550_all__7.npy,weapons_incident
Pistachio/VAD/vit-features/train/anomaly/infrastructure_anomaly_more/weapons_incident/000000010550_all__8.npy,weapons_incident
Pistachio/VAD/vit-features/train/anomaly/infrastructure_anomaly_more/weapons_incident/000000010550_all__9.npy,weapons_incident
Pistachio/VAD/vit-features/train/anomaly/infrastructure_anomaly_more/weapons_incident/000000010934_all__0.npy,weapons_incident
Pistachio/VAD/vit-features/train/anomaly/infrastructure_anomaly_more/weapons_incident/000000010934_all__1.npy,weapons_incident
Pistachio/VAD/vit-features/train/anomaly/infrastructure_anomaly_more/weapons_incident/000000010934_all__2.npy,weapons_incident
Pistachio/VAD/vit-features/train/anomaly/infrastructure_anomaly_more/weapons_incident/000000010934_all__3.npy,weapons_incident
Pistachio/VAD/vit-features/train/anomaly/infrastructure_anomaly_more/weapons_incident/000000010934_all__4.npy,weapons_incident
Pistachio/VAD/vit-features/train/anomaly/infrastructure_anomaly_more/weapons_incident/000000010934_all__5.npy,weapons_incident
Pistachio/VAD/vit-features/train/anomaly/infrastructure_anomaly_more/weapons_incident/000000010934_all__6.npy,weapons_incident
Pistachio/VAD/vit-features/train/anomaly/infrastructure_anomaly_more/weapons_incident/000000010934_all__7.npy,weapons_incident
Pistachio/VAD/vit-features/train/anomaly/infrastructure_anomaly_more/weapons_incident/000000010934_all__8.npy,weapons_incident
Pistachio/VAD/vit-features/train/anomaly/infrastructure_anomaly_more/weapons_incident/000000010934_all__9.npy,weapons_incident
Pistachio/VAD/vit-features/train/anomaly/infrastructure_anomaly_more/weapons_incident/000000011864_all__0.npy,weapons_incident
Pistachio/VAD/vit-features/train/anomaly/infrastructure_anomaly_more/weapons_incident/000000011864_all__1.npy,weapons_incident
Pistachio/VAD/vit-features/train/anomaly/infrastructure_anomaly_more/weapons_incident/000000011864_all__2.npy,weapons_incident
Pistachio/VAD/vit-features/train/anomaly/infrastructure_anomaly_more/weapons_incident/000000011864_all__3.npy,weapons_incident
Pistachio/VAD/vit-features/train/anomaly/infrastructure_anomaly_more/weapons_incident/000000011864_all__4.npy,weapons_incident
Pistachio/VAD/vit-features/train/anomaly/infrastructure_anomaly_more/weapons_incident/000000011864_all__5.npy,weapons_incident
Pistachio/VAD/vit-features/train/anomaly/infrastructure_anomaly_more/weapons_incident/000000011864_all__6.npy,weapons_incident
Pistachio/VAD/vit-features/train/anomaly/infrastructure_anomaly_more/weapons_incident/000000011864_all__7.npy,weapons_incident
Pistachio/VAD/vit-features/train/anomaly/infrastructure_anomaly_more/weapons_incident/000000011864_all__8.npy,weapons_incident
Pistachio/VAD/vit-features/train/anomaly/infrastructure_anomaly_more/weapons_incident/000000011864_all__9.npy,weapons_incident
Pistachio/VAD/vit-features/train/anomaly/infrastructure_anomaly_more/weapons_incident/000000063541_all__0.npy,weapons_incident
Pistachio/VAD/vit-features/train/anomaly/infrastructure_anomaly_more/weapons_incident/000000063541_all__1.npy,weapons_incident
Pistachio/VAD/vit-features/train/anomaly/infrastructure_anomaly_more/weapons_incident/000000063541_all__2.npy,weapons_incident
Pistachio/VAD/vit-features/train/anomaly/infrastructure_anomaly_more/weapons_incident/000000063541_all__3.npy,weapons_incident
Pistachio/VAD/vit-features/train/anomaly/infrastructure_anomaly_more/weapons_incident/000000063541_all__4.npy,weapons_incident
Pistachio/VAD/vit-features/train/anomaly/infrastructure_anomaly_more/weapons_incident/000000063541_all__5.npy,weapons_incident
Pistachio/VAD/vit-features/train/anomaly/infrastructure_anomaly_more/weapons_incident/000000063541_all__6.npy,weapons_incident
Pistachio/VAD/vit-features/train/anomaly/infrastructure_anomaly_more/weapons_incident/000000063541_all__7.npy,weapons_incident
Pistachio/VAD/vit-features/train/anomaly/infrastructure_anomaly_more/weapons_incident/000000063541_all__8.npy,weapons_incident
Pistachio/VAD/vit-features/train/anomaly/infrastructure_anomaly_more/weapons_incident/000000063541_all__9.npy,weapons_incident
Pistachio/VAD/vit-features/train/anomaly/infrastructure_anomaly_more/weapons_incident/000000067402_all__0.npy,weapons_incident
Pistachio/VAD/vit-features/train/anomaly/infrastructure_anomaly_more/weapons_incident/000000067402_all__1.npy,weapons_incident
Pistachio/VAD/vit-features/train/anomaly/infrastructure_anomaly_more/weapons_incident/000000067402_all__2.npy,weapons_incident
Pistachio/VAD/vit-features/train/anomaly/infrastructure_anomaly_more/weapons_incident/000000067402_all__3.npy,weapons_incident
Pistachio/VAD/vit-features/train/anomaly/infrastructure_anomaly_more/weapons_incident/000000067402_all__4.npy,weapons_incident
Pistachio/VAD/vit-features/train/anomaly/infrastructure_anomaly_more/weapons_incident/000000067402_all__5.npy,weapons_incident
Pistachio/VAD/vit-features/train/anomaly/infrastructure_anomaly_more/weapons_incident/000000067402_all__6.npy,weapons_incident
Pistachio/VAD/vit-features/train/anomaly/infrastructure_anomaly_more/weapons_incident/000000067402_all__7.npy,weapons_incident
Pistachio/VAD/vit-features/train/anomaly/infrastructure_anomaly_more/weapons_incident/000000067402_all__8.npy,weapons_incident
Pistachio/VAD/vit-features/train/anomaly/infrastructure_anomaly_more/weapons_incident/000000067402_all__9.npy,weapons_incident
Pistachio/VAD/vit-features/train/normal/infrastructure_normal_less/000000005110_all__0.npy,Normal
Pistachio/VAD/vit-features/train/normal/infrastructure_normal_less/000000005110_all__1.npy,Normal
Pistachio/VAD/vit-features/train/normal/infrastructure_normal_less/000000005110_all__2.npy,Normal
Pistachio/VAD/vit-features/train/normal/infrastructure_normal_less/000000005110_all__3.npy,Normal
Pistachio/VAD/vit-features/train/normal/infrastructure_normal_less/000000005110_all__4.npy,Normal
Pistachio/VAD/vit-features/train/normal/infrastructure_normal_less/000000005110_all__5.npy,Normal
Pistachio/VAD/vit-features/train/normal/infrastructure_normal_less/000000005110_all__6.npy,Normal
Pistachio/VAD/vit-features/train/normal/infrastructure_normal_less/000000005110_all__7.npy,Normal
Pistachio/VAD/vit-features/train/normal/infrastructure_normal_less/000000005110_all__8.npy,Normal
Pistachio/VAD/vit-features/train/normal/infrastructure_normal_less/000000005110_all__9.npy,Normal
Pistachio/VAD/vit-features/train/normal/infrastructure_normal_less/000000005771_all__0.npy,Normal
Pistachio/VAD/vit-features/train/normal/infrastructure_normal_less/000000005771_all__1.npy,Normal
Pistachio/VAD/vit-features/train/normal/infrastructure_normal_less/000000005771_all__2.npy,Normal
Pistachio/VAD/vit-features/train/normal/infrastructure_normal_less/000000005771_all__3.npy,Normal
Pistachio/VAD/vit-features/train/normal/infrastructure_normal_less/000000005771_all__4.npy,Normal
Pistachio/VAD/vit-features/train/normal/infrastructure_normal_less/000000005771_all__5.npy,Normal
Pistachio/VAD/vit-features/train/normal/infrastructure_normal_less/000000005771_all__6.npy,Normal
Pistachio/VAD/vit-features/train/normal/infrastructure_normal_less/000000005771_all__7.npy,Normal
Pistachio/VAD/vit-features/train/normal/infrastructure_normal_less/000000005771_all__8.npy,Normal
Pistachio/VAD/vit-features/train/normal/infrastructure_normal_less/000000005771_all__9.npy,Normal
Pistachio/VAD/vit-features/train/normal/infrastructure_normal_less/000000005896_all__0.npy,Normal
Pistachio/VAD/vit-features/train/normal/infrastructure_normal_less/000000005896_all__1.npy,Normal
Pistachio/VAD/vit-features/train/normal/infrastructure_normal_less/000000005896_all__2.npy,Normal
Pistachio/VAD/vit-features/train/normal/infrastructure_normal_less/000000005896_all__3.npy,Normal
Pistachio/VAD/vit-features/train/normal/infrastructure_normal_less/000000005896_all__4.npy,Normal
Pistachio/VAD/vit-features/train/normal/infrastructure_normal_less/000000005896_all__5.npy,Normal
Pistachio/VAD/vit-features/train/normal/infrastructure_normal_less/000000005896_all__6.npy,Normal
Pistachio/VAD/vit-features/train/normal/infrastructure_normal_less/000000005896_all__7.npy,Normal
Pistachio/VAD/vit-features/train/normal/infrastructure_normal_less/000000005896_all__8.npy,Normal
Pistachio/VAD/vit-features/train/normal/infrastructure_normal_less/000000005896_all__9.npy,Normal
Pistachio/VAD/vit-features/train/normal/infrastructure_normal_less/000000006923_all__0.npy,Normal
Pistachio/VAD/vit-features/train/normal/infrastructure_normal_less/000000006923_all__1.npy,Normal
Pistachio/VAD/vit-features/train/normal/infrastructure_normal_less/000000006923_all__2.npy,Normal
Pistachio/VAD/vit-features/train/normal/infrastructure_normal_less/000000006923_all__3.npy,Normal
Pistachio/VAD/vit-features/train/normal/infrastructure_normal_less/000000006923_all__4.npy,Normal
Pistachio/VAD/vit-features/train/normal/infrastructure_normal_less/000000006923_all__5.npy,Normal
Pistachio/VAD/vit-features/train/normal/infrastructure_normal_less/000000006923_all__6.npy,Normal
Pistachio/VAD/vit-features/train/normal/infrastructure_normal_less/000000006923_all__7.npy,Normal
Pistachio/VAD/vit-features/train/normal/infrastructure_normal_less/000000006923_all__8.npy,Normal
Pistachio/VAD/vit-features/train/normal/infrastructure_normal_less/000000006923_all__9.npy,Normal
Pistachio/VAD/vit-features/train/normal/infrastructure_normal_less/000000009347_all__0.npy,Normal
Pistachio/VAD/vit-features/train/normal/infrastructure_normal_less/000000009347_all__1.npy,Normal
Pistachio/VAD/vit-features/train/normal/infrastructure_normal_less/000000009347_all__2.npy,Normal
Pistachio/VAD/vit-features/train/normal/infrastructure_normal_less/000000009347_all__3.npy,Normal
Pistachio/VAD/vit-features/train/normal/infrastructure_normal_less/000000009347_all__4.npy,Normal
Pistachio/VAD/vit-features/train/normal/infrastructure_normal_less/000000009347_all__5.npy,Normal
Pistachio/VAD/vit-features/train/normal/infrastructure_normal_less/000000009347_all__6.npy,Normal
Pistachio/VAD/vit-features/train/normal/infrastructure_normal_less/000000009347_all__7.npy,Normal
Pistachio/VAD/vit-features/train/normal/infrastructure_normal_less/000000009347_all__8.npy,Normal
Pistachio/VAD/vit-features/train/normal/infrastructure_normal_less/000000009347_all__9.npy,Normal
Pistachio/VAD/vit-features/train/normal/infrastructure_normal_less/000000009390_all__0.npy,Normal
Pistachio/VAD/vit-features/train/normal/infrastructure_normal_less/000000009390_all__1.npy,Normal
Pistachio/VAD/vit-features/train/normal/infrastructure_normal_less/000000009390_all__2.npy,Normal
Pistachio/VAD/vit-features/train/normal/infrastructure_normal_less/000000009390_all__3.npy,Normal
Pistachio/VAD/vit-features/train/normal/infrastructure_normal_less/000000009390_all__4.npy,Normal
Pistachio/VAD/vit-features/train/normal/infrastructure_normal_less/000000009390_all__5.npy,Normal
Pistachio/VAD/vit-features/train/normal/infrastructure_normal_less/000000009390_all__6.npy,Normal
Pistachio/VAD/vit-features/train/normal/infrastructure_normal_less/000000009390_all__7.npy,Normal
Pistachio/VAD/vit-features/train/normal/infrastructure_normal_less/000000009390_all__8.npy,Normal
Pistachio/VAD/vit-features/train/normal/infrastructure_normal_less/000000009390_all__9.npy,Normal
Pistachio/VAD/vit-features/train/normal/infrastructure_normal_less/000000009995_all__0.npy,Normal
Pistachio/VAD/vit-features/train/normal/infrastructure_normal_less/000000009995_all__1.npy,Normal
Pistachio/VAD/vit-features/train/normal/infrastructure_normal_less/000000009995_all__2.npy,Normal
Pistachio/VAD/vit-features/train/normal/infrastructure_normal_less/000000009995_all__3.npy,Normal
Pistachio/VAD/vit-features/train/normal/infrastructure_normal_less/000000009995_all__4.npy,Normal
Pistachio/VAD/vit-features/train/normal/infrastructure_normal_less/000000009995_all__5.npy,Normal
Pistachio/VAD/vit-features/train/normal/infrastructure_normal_less/000000009995_all__6.npy,Normal
Pistachio/VAD/vit-features/train/normal/infrastructure_normal_less/000000009995_all__7.npy,Normal
Pistachio/VAD/vit-features/train/normal/infrastructure_normal_less/000000009995_all__8.npy,Normal
Pistachio/VAD/vit-features/train/normal/infrastructure_normal_less/000000009995_all__9.npy,Normal
Pistachio/VAD/vit-features/train/normal/infrastructure_normal_less/000000010550_all__0.npy,Normal
Pistachio/VAD/vit-features/train/normal/infrastructure_normal_less/000000010550_all__1.npy,Normal
Pistachio/VAD/vit-features/train/normal/infrastructure_normal_less/000000010550_all__2.npy,Normal
Pistachio/VAD/vit-features/train/normal/infrastructure_normal_less/000000010550_all__3.npy,Normal
Pistachio/VAD/vit-features/train/normal/infrastructure_normal_less/000000010550_all__4.npy,Normal
Pistachio/VAD/vit-features/train/normal/infrastructure_normal_less/000000010550_all__5.npy,Normal
Pistachio/VAD/vit-features/train/normal/infrastructure_normal_less/000000010550_all__6.npy,Normal
Pistachio/VAD/vit-features/train/normal/infrastructure_normal_less/000000010550_all__7.npy,Normal
Pistachio/VAD/vit-features/train/normal/infrastructure_normal_less/000000010550_all__8.npy,Normal
Pistachio/VAD/vit-features/train/normal/infrastructure_normal_less/000000010550_all__9.npy,Normal
Pistachio/VAD/vit-features/train/normal/infrastructure_normal_less/000000010934_all__0.npy,Normal
Pistachio/VAD/vit-features/train/normal/infrastructure_normal_less/000000010934_all__1.npy,Normal
Pistachio/VAD/vit-features/train/normal/infrastructure_normal_less/000000010934_all__2.npy,Normal
Pistachio/VAD/vit-features/train/normal/infrastructure_normal_less/000000010934_all__3.npy,Normal
Pistachio/VAD/vit-features/train/normal/infrastructure_normal_less/000000010934_all__4.npy,Normal
Pistachio/VAD/vit-features/train/normal/infrastructure_normal_less/000000010934_all__5.npy,Normal
Pistachio/VAD/vit-features/train/normal/infrastructure_normal_less/000000010934_all__6.npy,Normal
Pistachio/VAD/vit-features/train/normal/infrastructure_normal_less/000000010934_all__7.npy,Normal
Pistachio/VAD/vit-features/train/normal/infrastructure_normal_less/000000010934_all__8.npy,Normal
Pistachio/VAD/vit-features/train/normal/infrastructure_normal_less/000000010934_all__9.npy,Normal
Pistachio/VAD/vit-features/train/normal/infrastructure_normal_less/000000011864_all__0.npy,Normal
Pistachio/VAD/vit-features/train/normal/infrastructure_normal_less/000000011864_all__1.npy,Normal
Pistachio/VAD/vit-features/train/normal/infrastructure_normal_less/000000011864_all__2.npy,Normal
Pistachio/VAD/vit-features/train/normal/infrastructure_normal_less/000000011864_all__3.npy,Normal
Pistachio/VAD/vit-features/train/normal/infrastructure_normal_less/000000011864_all__4.npy,Normal
Pistachio/VAD/vit-features/train/normal/infrastructure_normal_less/000000011864_all__5.npy,Normal
Pistachio/VAD/vit-features/train/normal/infrastructure_normal_less/000000011864_all__6.npy,Normal
Pistachio/VAD/vit-features/train/normal/infrastructure_normal_less/000000011864_all__7.npy,Normal
Pistachio/VAD/vit-features/train/normal/infrastructure_normal_less/000000011864_all__8.npy,Normal
Pistachio/VAD/vit-features/train/normal/infrastructure_normal_less/000000011864_all__9.npy,Normal
Pistachio/VAD/vit-features/train/normal/infrastructure_normal_less/000000014465_all__0.npy,Normal
Pistachio/VAD/vit-features/train/normal/infrastructure_normal_less/000000014465_all__1.npy,Normal
Pistachio/VAD/vit-features/train/normal/infrastructure_normal_less/000000014465_all__2.npy,Normal
Pistachio/VAD/vit-features/train/normal/infrastructure_normal_less/000000014465_all__3.npy,Normal
Pistachio/VAD/vit-features/train/normal/infrastructure_normal_less/000000014465_all__4.npy,Normal
Pistachio/VAD/vit-features/train/normal/infrastructure_normal_less/000000014465_all__5.npy,Normal
Pistachio/VAD/vit-features/train/normal/infrastructure_normal_less/000000014465_all__6.npy,Normal
Pistachio/VAD/vit-features/train/normal/infrastructure_normal_less/000000014465_all__7.npy,Normal
Pistachio/VAD/vit-features/train/normal/infrastructure_normal_less/000000014465_all__8.npy,Normal
Pistachio/VAD/vit-features/train/normal/infrastructure_normal_less/000000014465_all__9.npy,Normal
Pistachio/VAD/vit-features/train/normal/infrastructure_normal_less/000000015118_all__0.npy,Normal
Pistachio/VAD/vit-features/train/normal/infrastructure_normal_less/000000015118_all__1.npy,Normal
Pistachio/VAD/vit-features/train/normal/infrastructure_normal_less/000000015118_all__2.npy,Normal
Pistachio/VAD/vit-features/train/normal/infrastructure_normal_less/000000015118_all__3.npy,Normal
Pistachio/VAD/vit-features/train/normal/infrastructure_normal_less/000000015118_all__4.npy,Normal
Pistachio/VAD/vit-features/train/normal/infrastructure_normal_less/000000015118_all__5.npy,Normal
Pistachio/VAD/vit-features/train/normal/infrastructure_normal_less/000000015118_all__6.npy,Normal
Pistachio/VAD/vit-features/train/normal/infrastructure_normal_less/000000015118_all__7.npy,Normal
Pistachio/VAD/vit-features/train/normal/infrastructure_normal_less/000000015118_all__8.npy,Normal
Pistachio/VAD/vit-features/train/normal/infrastructure_normal_less/000000015118_all__9.npy,Normal
Pistachio/VAD/vit-features/train/normal/infrastructure_normal_less/000000015958_all__0.npy,Normal
Pistachio/VAD/vit-features/train/normal/infrastructure_normal_less/000000015958_all__1.npy,Normal
Pistachio/VAD/vit-features/train/normal/infrastructure_normal_less/000000015958_all__2.npy,Normal
Pistachio/VAD/vit-features/train/normal/infrastructure_normal_less/000000015958_all__3.npy,Normal
Pistachio/VAD/vit-features/train/normal/infrastructure_normal_less/000000015958_all__4.npy,Normal
Pistachio/VAD/vit-features/train/normal/infrastructure_normal_less/000000015958_all__5.npy,Normal
Pistachio/VAD/vit-features/train/normal/infrastructure_normal_less/000000015958_all__6.npy,Normal
Pistachio/VAD/vit-features/train/normal/infrastructure_normal_less/000000015958_all__7.npy,Normal
Pistachio/VAD/vit-features/train/normal/infrastructure_normal_less/000000015958_all__8.npy,Normal
Pistachio/VAD/vit-features/train/normal/infrastructure_normal_less/000000015958_all__9.npy,Normal
Pistachio/VAD/vit-features/train/normal/infrastructure_normal_less/000000017007_all__0.npy,Normal
Pistachio/VAD/vit-features/train/normal/infrastructure_normal_less/000000017007_all__1.npy,Normal
Pistachio/VAD/vit-features/train/normal/infrastructure_normal_less/000000017007_all__2.npy,Normal
Pistachio/VAD/vit-features/train/normal/infrastructure_normal_less/000000017007_all__3.npy,Normal
Pistachio/VAD/vit-features/train/normal/infrastructure_normal_less/000000017007_all__4.npy,Normal
Pistachio/VAD/vit-features/train/normal/infrastructure_normal_less/000000017007_all__5.npy,Normal
Pistachio/VAD/vit-features/train/normal/infrastructure_normal_less/000000017007_all__6.npy,Normal
Pistachio/VAD/vit-features/train/normal/infrastructure_normal_less/000000017007_all__7.npy,Normal
Pistachio/VAD/vit-features/train/normal/infrastructure_normal_less/000000017007_all__8.npy,Normal
Pistachio/VAD/vit-features/train/normal/infrastructure_normal_less/000000017007_all__9.npy,Normal
Pistachio/VAD/vit-features/train/normal/infrastructure_normal_less/000000017041_all__0.npy,Normal
Pistachio/VAD/vit-features/train/normal/infrastructure_normal_less/000000017041_all__1.npy,Normal
Pistachio/VAD/vit-features/train/normal/infrastructure_normal_less/000000017041_all__2.npy,Normal
Pistachio/VAD/vit-features/train/normal/infrastructure_normal_less/000000017041_all__3.npy,Normal
Pistachio/VAD/vit-features/train/normal/infrastructure_normal_less/000000017041_all__4.npy,Normal
Pistachio/VAD/vit-features/train/normal/infrastructure_normal_less/000000017041_all__5.npy,Normal
Pistachio/VAD/vit-features/train/normal/infrastructure_normal_less/000000017041_all__6.npy,Normal
Pistachio/VAD/vit-features/train/normal/infrastructure_normal_less/000000017041_all__7.npy,Normal
Pistachio/VAD/vit-features/train/normal/infrastructure_normal_less/000000017041_all__8.npy,Normal
Pistachio/VAD/vit-features/train/normal/infrastructure_normal_less/000000017041_all__9.npy,Normal
Pistachio/VAD/vit-features/train/normal/infrastructure_normal_less/000000017974_all__0.npy,Normal
Pistachio/VAD/vit-features/train/normal/infrastructure_normal_less/000000017974_all__1.npy,Normal
Pistachio/VAD/vit-features/train/normal/infrastructure_normal_less/000000017974_all__2.npy,Normal
Pistachio/VAD/vit-features/train/normal/infrastructure_normal_less/000000017974_all__3.npy,Normal
Pistachio/VAD/vit-features/train/normal/infrastructure_normal_less/000000017974_all__4.npy,Normal
Pistachio/VAD/vit-features/train/normal/infrastructure_normal_less/000000017974_all__5.npy,Normal
Pistachio/VAD/vit-features/train/normal/infrastructure_normal_less/000000017974_all__6.npy,Normal
Pistachio/VAD/vit-features/train/normal/infrastructure_normal_less/000000017974_all__7.npy,Normal
Pistachio/VAD/vit-features/train/normal/infrastructure_normal_less/000000017974_all__8.npy,Normal
Pistachio/VAD/vit-features/train/normal/infrastructure_normal_less/000000017974_all__9.npy,Normal
Pistachio/VAD/vit-features/train/normal/infrastructure_normal_less/000000018286_all__0.npy,Normal
Pistachio/VAD/vit-features/train/normal/infrastructure_normal_less/000000018286_all__1.npy,Normal
Pistachio/VAD/vit-features/train/normal/infrastructure_normal_less/000000018286_all__2.npy,Normal
Pistachio/VAD/vit-features/train/normal/infrastructure_normal_less/000000018286_all__3.npy,Normal
Pistachio/VAD/vit-features/train/normal/infrastructure_normal_less/000000018286_all__4.npy,Normal
Pistachio/VAD/vit-features/train/normal/infrastructure_normal_less/000000018286_all__5.npy,Normal
Pistachio/VAD/vit-features/train/normal/infrastructure_normal_less/000000018286_all__6.npy,Normal
Pistachio/VAD/vit-features/train/normal/infrastructure_normal_less/000000018286_all__7.npy,Normal
Pistachio/VAD/vit-features/train/normal/infrastructure_normal_less/000000018286_all__8.npy,Normal
Pistachio/VAD/vit-features/train/normal/infrastructure_normal_less/000000018286_all__9.npy,Normal
Pistachio/VAD/vit-features/train/normal/infrastructure_normal_less/000000019445_all__0.npy,Normal
Pistachio/VAD/vit-features/train/normal/infrastructure_normal_less/000000019445_all__1.npy,Normal
Pistachio/VAD/vit-features/train/normal/infrastructure_normal_less/000000019445_all__2.npy,Normal
Pistachio/VAD/vit-features/train/normal/infrastructure_normal_less/000000019445_all__3.npy,Normal
Pistachio/VAD/vit-features/train/normal/infrastructure_normal_less/000000019445_all__4.npy,Normal
Pistachio/VAD/vit-features/train/normal/infrastructure_normal_less/000000019445_all__5.npy,Normal
Pistachio/VAD/vit-features/train/normal/infrastructure_normal_less/000000019445_all__6.npy,Normal
Pistachio/VAD/vit-features/train/normal/infrastructure_normal_less/000000019445_all__7.npy,Normal
Pistachio/VAD/vit-features/train/normal/infrastructure_normal_less/000000019445_all__8.npy,Normal
Pistachio/VAD/vit-features/train/normal/infrastructure_normal_less/000000019445_all__9.npy,Normal
Pistachio/VAD/vit-features/train/normal/infrastructure_normal_less/000000021274_all__0.npy,Normal
Pistachio/VAD/vit-features/train/normal/infrastructure_normal_less/000000021274_all__1.npy,Normal
Pistachio/VAD/vit-features/train/normal/infrastructure_normal_less/000000021274_all__2.npy,Normal
Pistachio/VAD/vit-features/train/normal/infrastructure_normal_less/000000021274_all__3.npy,Normal
Pistachio/VAD/vit-features/train/normal/infrastructure_normal_less/000000021274_all__4.npy,Normal
Pistachio/VAD/vit-features/train/normal/infrastructure_normal_less/000000021274_all__5.npy,Normal
Pistachio/VAD/vit-features/train/normal/infrastructure_normal_less/000000021274_all__6.npy,Normal
Pistachio/VAD/vit-features/train/normal/infrastructure_normal_less/000000021274_all__7.npy,Normal
Pistachio/VAD/vit-features/train/normal/infrastructure_normal_less/000000021274_all__8.npy,Normal
Pistachio/VAD/vit-features/train/normal/infrastructure_normal_less/000000021274_all__9.npy,Normal
Pistachio/VAD/vit-features/train/normal/infrastructure_normal_less/000000023726_all__0.npy,Normal
Pistachio/VAD/vit-features/train/normal/infrastructure_normal_less/000000023726_all__1.npy,Normal
Pistachio/VAD/vit-features/train/normal/infrastructure_normal_less/000000023726_all__2.npy,Normal
Pistachio/VAD/vit-features/train/normal/infrastructure_normal_less/000000023726_all__3.npy,Normal
Pistachio/VAD/vit-features/train/normal/infrastructure_normal_less/000000023726_all__4.npy,Normal
Pistachio/VAD/vit-features/train/normal/infrastructure_normal_less/000000023726_all__5.npy,Normal
Pistachio/VAD/vit-features/train/normal/infrastructure_normal_less/000000023726_all__6.npy,Normal
Pistachio/VAD/vit-features/train/normal/infrastructure_normal_less/000000023726_all__7.npy,Normal
Pistachio/VAD/vit-features/train/normal/infrastructure_normal_less/000000023726_all__8.npy,Normal
Pistachio/VAD/vit-features/train/normal/infrastructure_normal_less/000000023726_all__9.npy,Normal
Pistachio/VAD/vit-features/train/normal/infrastructure_normal_less/000000033026_all__0.npy,Normal
Pistachio/VAD/vit-features/train/normal/infrastructure_normal_less/000000033026_all__1.npy,Normal
Pistachio/VAD/vit-features/train/normal/infrastructure_normal_less/000000033026_all__2.npy,Normal
Pistachio/VAD/vit-features/train/normal/infrastructure_normal_less/000000033026_all__3.npy,Normal
Pistachio/VAD/vit-features/train/normal/infrastructure_normal_less/000000033026_all__4.npy,Normal
Pistachio/VAD/vit-features/train/normal/infrastructure_normal_less/000000033026_all__5.npy,Normal
Pistachio/VAD/vit-features/train/normal/infrastructure_normal_less/000000033026_all__6.npy,Normal
Pistachio/VAD/vit-features/train/normal/infrastructure_normal_less/000000033026_all__7.npy,Normal
Pistachio/VAD/vit-features/train/normal/infrastructure_normal_less/000000033026_all__8.npy,Normal
Pistachio/VAD/vit-features/train/normal/infrastructure_normal_less/000000033026_all__9.npy,Normal
Pistachio/VAD/vit-features/train/normal/infrastructure_normal_less/000000034323_all__0.npy,Normal
Pistachio/VAD/vit-features/train/normal/infrastructure_normal_less/000000034323_all__1.npy,Normal
Pistachio/VAD/vit-features/train/normal/infrastructure_normal_less/000000034323_all__2.npy,Normal
Pistachio/VAD/vit-features/train/normal/infrastructure_normal_less/000000034323_all__3.npy,Normal
Pistachio/VAD/vit-features/train/normal/infrastructure_normal_less/000000034323_all__4.npy,Normal
Pistachio/VAD/vit-features/train/normal/infrastructure_normal_less/000000034323_all__5.npy,Normal
Pistachio/VAD/vit-features/train/normal/infrastructure_normal_less/000000034323_all__6.npy,Normal
Pistachio/VAD/vit-features/train/normal/infrastructure_normal_less/000000034323_all__7.npy,Normal
Pistachio/VAD/vit-features/train/normal/infrastructure_normal_less/000000034323_all__8.npy,Normal
Pistachio/VAD/vit-features/train/normal/infrastructure_normal_less/000000034323_all__9.npy,Normal
Pistachio/VAD/vit-features/train/normal/infrastructure_normal_less/000000039636_all__0.npy,Normal
Pistachio/VAD/vit-features/train/normal/infrastructure_normal_less/000000039636_all__1.npy,Normal
Pistachio/VAD/vit-features/train/normal/infrastructure_normal_less/000000039636_all__2.npy,Normal
Pistachio/VAD/vit-features/train/normal/infrastructure_normal_less/000000039636_all__3.npy,Normal
Pistachio/VAD/vit-features/train/normal/infrastructure_normal_less/000000039636_all__4.npy,Normal
Pistachio/VAD/vit-features/train/normal/infrastructure_normal_less/000000039636_all__5.npy,Normal
Pistachio/VAD/vit-features/train/normal/infrastructure_normal_less/000000039636_all__6.npy,Normal
Pistachio/VAD/vit-features/train/normal/infrastructure_normal_less/000000039636_all__7.npy,Normal
Pistachio/VAD/vit-features/train/normal/infrastructure_normal_less/000000039636_all__8.npy,Normal
Pistachio/VAD/vit-features/train/normal/infrastructure_normal_less/000000039636_all__9.npy,Normal
Pistachio/VAD/vit-features/train/normal/infrastructure_normal_less/000000040644_all__0.npy,Normal
Pistachio/VAD/vit-features/train/normal/infrastructure_normal_less/000000040644_all__1.npy,Normal
Pistachio/VAD/vit-features/train/normal/infrastructure_normal_less/000000040644_all__2.npy,Normal
Pistachio/VAD/vit-features/train/normal/infrastructure_normal_less/000000040644_all__3.npy,Normal
Pistachio/VAD/vit-features/train/normal/infrastructure_normal_less/000000040644_all__4.npy,Normal
Pistachio/VAD/vit-features/train/normal/infrastructure_normal_less/000000040644_all__5.npy,Normal
Pistachio/VAD/vit-features/train/normal/infrastructure_normal_less/000000040644_all__6.npy,Normal
Pistachio/VAD/vit-features/train/normal/infrastructure_normal_less/000000040644_all__7.npy,Normal
Pistachio/VAD/vit-features/train/normal/infrastructure_normal_less/000000040644_all__8.npy,Normal
Pistachio/VAD/vit-features/train/normal/infrastructure_normal_less/000000040644_all__9.npy,Normal
Pistachio/VAD/vit-features/train/normal/infrastructure_normal_less/000000044442_all__0.npy,Normal
Pistachio/VAD/vit-features/train/normal/infrastructure_normal_less/000000044442_all__1.npy,Normal
Pistachio/VAD/vit-features/train/normal/infrastructure_normal_less/000000044442_all__2.npy,Normal
Pistachio/VAD/vit-features/train/normal/infrastructure_normal_less/000000044442_all__3.npy,Normal
Pistachio/VAD/vit-features/train/normal/infrastructure_normal_less/000000044442_all__4.npy,Normal
Pistachio/VAD/vit-features/train/normal/infrastructure_normal_less/000000044442_all__5.npy,Normal
Pistachio/VAD/vit-features/train/normal/infrastructure_normal_less/000000044442_all__6.npy,Normal
Pistachio/VAD/vit-features/train/normal/infrastructure_normal_less/000000044442_all__7.npy,Normal
Pistachio/VAD/vit-features/train/normal/infrastructure_normal_less/000000044442_all__8.npy,Normal
Pistachio/VAD/vit-features/train/normal/infrastructure_normal_less/000000044442_all__9.npy,Normal
Pistachio/VAD/vit-features/train/normal/infrastructure_normal_less/000000049176_all__0.npy,Normal
Pistachio/VAD/vit-features/train/normal/infrastructure_normal_less/000000049176_all__1.npy,Normal
Pistachio/VAD/vit-features/train/normal/infrastructure_normal_less/000000049176_all__2.npy,Normal
Pistachio/VAD/vit-features/train/normal/infrastructure_normal_less/000000049176_all__3.npy,Normal
Pistachio/VAD/vit-features/train/normal/infrastructure_normal_less/000000049176_all__4.npy,Normal
Pistachio/VAD/vit-features/train/normal/infrastructure_normal_less/000000049176_all__5.npy,Normal
Pistachio/VAD/vit-features/train/normal/infrastructure_normal_less/000000049176_all__6.npy,Normal
Pistachio/VAD/vit-features/train/normal/infrastructure_normal_less/000000049176_all__7.npy,Normal
Pistachio/VAD/vit-features/train/normal/infrastructure_normal_less/000000049176_all__8.npy,Normal
Pistachio/VAD/vit-features/train/normal/infrastructure_normal_less/000000049176_all__9.npy,Normal
Pistachio/VAD/vit-features/train/normal/infrastructure_normal_less/000000053693_all__0.npy,Normal
Pistachio/VAD/vit-features/train/normal/infrastructure_normal_less/000000053693_all__1.npy,Normal
Pistachio/VAD/vit-features/train/normal/infrastructure_normal_less/000000053693_all__2.npy,Normal
Pistachio/VAD/vit-features/train/normal/infrastructure_normal_less/000000053693_all__3.npy,Normal
Pistachio/VAD/vit-features/train/normal/infrastructure_normal_less/000000053693_all__4.npy,Normal
Pistachio/VAD/vit-features/train/normal/infrastructure_normal_less/000000053693_all__5.npy,Normal
Pistachio/VAD/vit-features/train/normal/infrastructure_normal_less/000000053693_all__6.npy,Normal
Pistachio/VAD/vit-features/train/normal/infrastructure_normal_less/000000053693_all__7.npy,Normal
Pistachio/VAD/vit-features/train/normal/infrastructure_normal_less/000000053693_all__8.npy,Normal
Pistachio/VAD/vit-features/train/normal/infrastructure_normal_less/000000053693_all__9.npy,Normal
Pistachio/VAD/vit-features/train/normal/infrastructure_normal_less/000000057512_all__0.npy,Normal
Pistachio/VAD/vit-features/train/normal/infrastructure_normal_less/000000057512_all__1.npy,Normal
Pistachio/VAD/vit-features/train/normal/infrastructure_normal_less/000000057512_all__2.npy,Normal
Pistachio/VAD/vit-features/train/normal/infrastructure_normal_less/000000057512_all__3.npy,Normal
Pistachio/VAD/vit-features/train/normal/infrastructure_normal_less/000000057512_all__4.npy,Normal
Pistachio/VAD/vit-features/train/normal/infrastructure_normal_less/000000057512_all__5.npy,Normal
Pistachio/VAD/vit-features/train/normal/infrastructure_normal_less/000000057512_all__6.npy,Normal
Pistachio/VAD/vit-features/train/normal/infrastructure_normal_less/000000057512_all__7.npy,Normal
Pistachio/VAD/vit-features/train/normal/infrastructure_normal_less/000000057512_all__8.npy,Normal
Pistachio/VAD/vit-features/train/normal/infrastructure_normal_less/000000057512_all__9.npy,Normal
Pistachio/VAD/vit-features/train/normal/infrastructure_normal_less/000000057826_all__0.npy,Normal
Pistachio/VAD/vit-features/train/normal/infrastructure_normal_less/000000057826_all__1.npy,Normal
Pistachio/VAD/vit-features/train/normal/infrastructure_normal_less/000000057826_all__2.npy,Normal
Pistachio/VAD/vit-features/train/normal/infrastructure_normal_less/000000057826_all__3.npy,Normal
Pistachio/VAD/vit-features/train/normal/infrastructure_normal_less/000000057826_all__4.npy,Normal
Pistachio/VAD/vit-features/train/normal/infrastructure_normal_less/000000057826_all__5.npy,Normal
Pistachio/VAD/vit-features/train/normal/infrastructure_normal_less/000000057826_all__6.npy,Normal
Pistachio/VAD/vit-features/train/normal/infrastructure_normal_less/000000057826_all__7.npy,Normal
Pistachio/VAD/vit-features/train/normal/infrastructure_normal_less/000000057826_all__8.npy,Normal
Pistachio/VAD/vit-features/train/normal/infrastructure_normal_less/000000057826_all__9.npy,Normal
Pistachio/VAD/vit-features/train/normal/infrastructure_normal_less/000000060195_all__0.npy,Normal
Pistachio/VAD/vit-features/train/normal/infrastructure_normal_less/000000060195_all__1.npy,Normal
Pistachio/VAD/vit-features/train/normal/infrastructure_normal_less/000000060195_all__2.npy,Normal
Pistachio/VAD/vit-features/train/normal/infrastructure_normal_less/000000060195_all__3.npy,Normal
Pistachio/VAD/vit-features/train/normal/infrastructure_normal_less/000000060195_all__4.npy,Normal
Pistachio/VAD/vit-features/train/normal/infrastructure_normal_less/000000060195_all__5.npy,Normal
Pistachio/VAD/vit-features/train/normal/infrastructure_normal_less/000000060195_all__6.npy,Normal
Pistachio/VAD/vit-features/train/normal/infrastructure_normal_less/000000060195_all__7.npy,Normal
Pistachio/VAD/vit-features/train/normal/infrastructure_normal_less/000000060195_all__8.npy,Normal
Pistachio/VAD/vit-features/train/normal/infrastructure_normal_less/000000060195_all__9.npy,Normal
Pistachio/VAD/vit-features/train/normal/infrastructure_normal_less/000000060652_all__0.npy,Normal
Pistachio/VAD/vit-features/train/normal/infrastructure_normal_less/000000060652_all__1.npy,Normal
Pistachio/VAD/vit-features/train/normal/infrastructure_normal_less/000000060652_all__2.npy,Normal
Pistachio/VAD/vit-features/train/normal/infrastructure_normal_less/000000060652_all__3.npy,Normal
Pistachio/VAD/vit-features/train/normal/infrastructure_normal_less/000000060652_all__4.npy,Normal
Pistachio/VAD/vit-features/train/normal/infrastructure_normal_less/000000060652_all__5.npy,Normal
Pistachio/VAD/vit-features/train/normal/infrastructure_normal_less/000000060652_all__6.npy,Normal
Pistachio/VAD/vit-features/train/normal/infrastructure_normal_less/000000060652_all__7.npy,Normal
Pistachio/VAD/vit-features/train/normal/infrastructure_normal_less/000000060652_all__8.npy,Normal
Pistachio/VAD/vit-features/train/normal/infrastructure_normal_less/000000060652_all__9.npy,Normal
Pistachio/VAD/vit-features/train/normal/infrastructure_normal_less/000000062560_all__0.npy,Normal
Pistachio/VAD/vit-features/train/normal/infrastructure_normal_less/000000062560_all__1.npy,Normal
Pistachio/VAD/vit-features/train/normal/infrastructure_normal_less/000000062560_all__2.npy,Normal
Pistachio/VAD/vit-features/train/normal/infrastructure_normal_less/000000062560_all__3.npy,Normal
Pistachio/VAD/vit-features/train/normal/infrastructure_normal_less/000000062560_all__4.npy,Normal
Pistachio/VAD/vit-features/train/normal/infrastructure_normal_less/000000062560_all__5.npy,Normal
Pistachio/VAD/vit-features/train/normal/infrastructure_normal_less/000000062560_all__6.npy,Normal
Pistachio/VAD/vit-features/train/normal/infrastructure_normal_less/000000062560_all__7.npy,Normal
Pistachio/VAD/vit-features/train/normal/infrastructure_normal_less/000000062560_all__8.npy,Normal
Pistachio/VAD/vit-features/train/normal/infrastructure_normal_less/000000062560_all__9.npy,Normal
Pistachio/VAD/vit-features/train/normal/infrastructure_normal_less/000000063541_all__0.npy,Normal
Pistachio/VAD/vit-features/train/normal/infrastructure_normal_less/000000063541_all__1.npy,Normal
Pistachio/VAD/vit-features/train/normal/infrastructure_normal_less/000000063541_all__2.npy,Normal
Pistachio/VAD/vit-features/train/normal/infrastructure_normal_less/000000063541_all__3.npy,Normal
Pistachio/VAD/vit-features/train/normal/infrastructure_normal_less/000000063541_all__4.npy,Normal
Pistachio/VAD/vit-features/train/normal/infrastructure_normal_less/000000063541_all__5.npy,Normal
Pistachio/VAD/vit-features/train/normal/infrastructure_normal_less/000000063541_all__6.npy,Normal
Pistachio/VAD/vit-features/train/normal/infrastructure_normal_less/000000063541_all__7.npy,Normal
Pistachio/VAD/vit-features/train/normal/infrastructure_normal_less/000000063541_all__8.npy,Normal
Pistachio/VAD/vit-features/train/normal/infrastructure_normal_less/000000063541_all__9.npy,Normal
Pistachio/VAD/vit-features/train/normal/infrastructure_normal_less/000000065381_all__0.npy,Normal
Pistachio/VAD/vit-features/train/normal/infrastructure_normal_less/000000065381_all__1.npy,Normal
Pistachio/VAD/vit-features/train/normal/infrastructure_normal_less/000000065381_all__2.npy,Normal
Pistachio/VAD/vit-features/train/normal/infrastructure_normal_less/000000065381_all__3.npy,Normal
Pistachio/VAD/vit-features/train/normal/infrastructure_normal_less/000000065381_all__4.npy,Normal
Pistachio/VAD/vit-features/train/normal/infrastructure_normal_less/000000065381_all__5.npy,Normal
Pistachio/VAD/vit-features/train/normal/infrastructure_normal_less/000000065381_all__6.npy,Normal
Pistachio/VAD/vit-features/train/normal/infrastructure_normal_less/000000065381_all__7.npy,Normal
Pistachio/VAD/vit-features/train/normal/infrastructure_normal_less/000000065381_all__8.npy,Normal
Pistachio/VAD/vit-features/train/normal/infrastructure_normal_less/000000065381_all__9.npy,Normal
Pistachio/VAD/vit-features/train/normal/infrastructure_normal_less/000000065740_all__0.npy,Normal
Pistachio/VAD/vit-features/train/normal/infrastructure_normal_less/000000065740_all__1.npy,Normal
Pistachio/VAD/vit-features/train/normal/infrastructure_normal_less/000000065740_all__2.npy,Normal
Pistachio/VAD/vit-features/train/normal/infrastructure_normal_less/000000065740_all__3.npy,Normal
Pistachio/VAD/vit-features/train/normal/infrastructure_normal_less/000000065740_all__4.npy,Normal
Pistachio/VAD/vit-features/train/normal/infrastructure_normal_less/000000065740_all__5.npy,Normal
Pistachio/VAD/vit-features/train/normal/infrastructure_normal_less/000000065740_all__6.npy,Normal
Pistachio/VAD/vit-features/train/normal/infrastructure_normal_less/000000065740_all__7.npy,Normal
Pistachio/VAD/vit-features/train/normal/infrastructure_normal_less/000000065740_all__8.npy,Normal
Pistachio/VAD/vit-features/train/normal/infrastructure_normal_less/000000065740_all__9.npy,Normal
Pistachio/VAD/vit-features/train/normal/infrastructure_normal_less/000000067285_all__0.npy,Normal
Pistachio/VAD/vit-features/train/normal/infrastructure_normal_less/000000067285_all__1.npy,Normal
Pistachio/VAD/vit-features/train/normal/infrastructure_normal_less/000000067285_all__2.npy,Normal
Pistachio/VAD/vit-features/train/normal/infrastructure_normal_less/000000067285_all__3.npy,Normal
Pistachio/VAD/vit-features/train/normal/infrastructure_normal_less/000000067285_all__4.npy,Normal
Pistachio/VAD/vit-features/train/normal/infrastructure_normal_less/000000067285_all__5.npy,Normal
Pistachio/VAD/vit-features/train/normal/infrastructure_normal_less/000000067285_all__6.npy,Normal
Pistachio/VAD/vit-features/train/normal/infrastructure_normal_less/000000067285_all__7.npy,Normal
Pistachio/VAD/vit-features/train/normal/infrastructure_normal_less/000000067285_all__8.npy,Normal
Pistachio/VAD/vit-features/train/normal/infrastructure_normal_less/000000067285_all__9.npy,Normal
Pistachio/VAD/vit-features/train/normal/infrastructure_normal_less/000000067402_all__0.npy,Normal
Pistachio/VAD/vit-features/train/normal/infrastructure_normal_less/000000067402_all__1.npy,Normal
Pistachio/VAD/vit-features/train/normal/infrastructure_normal_less/000000067402_all__2.npy,Normal
Pistachio/VAD/vit-features/train/normal/infrastructure_normal_less/000000067402_all__3.npy,Normal
Pistachio/VAD/vit-features/train/normal/infrastructure_normal_less/000000067402_all__4.npy,Normal
Pistachio/VAD/vit-features/train/normal/infrastructure_normal_less/000000067402_all__5.npy,Normal
Pistachio/VAD/vit-features/train/normal/infrastructure_normal_less/000000067402_all__6.npy,Normal
Pistachio/VAD/vit-features/train/normal/infrastructure_normal_less/000000067402_all__7.npy,Normal
Pistachio/VAD/vit-features/train/normal/infrastructure_normal_less/000000067402_all__8.npy,Normal
Pistachio/VAD/vit-features/train/normal/infrastructure_normal_less/000000067402_all__9.npy,Normal
Pistachio/VAD/vit-features/train/normal/infrastructure_normal_less/000000068419_all__0.npy,Normal
Pistachio/VAD/vit-features/train/normal/infrastructure_normal_less/000000068419_all__1.npy,Normal
Pistachio/VAD/vit-features/train/normal/infrastructure_normal_less/000000068419_all__2.npy,Normal
Pistachio/VAD/vit-features/train/normal/infrastructure_normal_less/000000068419_all__3.npy,Normal
Pistachio/VAD/vit-features/train/normal/infrastructure_normal_less/000000068419_all__4.npy,Normal
Pistachio/VAD/vit-features/train/normal/infrastructure_normal_less/000000068419_all__5.npy,Normal
Pistachio/VAD/vit-features/train/normal/infrastructure_normal_less/000000068419_all__6.npy,Normal
Pistachio/VAD/vit-features/train/normal/infrastructure_normal_less/000000068419_all__7.npy,Normal
Pistachio/VAD/vit-features/train/normal/infrastructure_normal_less/000000068419_all__8.npy,Normal
Pistachio/VAD/vit-features/train/normal/infrastructure_normal_less/000000068419_all__9.npy,Normal
Pistachio/VAD/vit-features/train/normal/infrastructure_normal_less/000000069265_all__0.npy,Normal
Pistachio/VAD/vit-features/train/normal/infrastructure_normal_less/000000069265_all__1.npy,Normal
Pistachio/VAD/vit-features/train/normal/infrastructure_normal_less/000000069265_all__2.npy,Normal
Pistachio/VAD/vit-features/train/normal/infrastructure_normal_less/000000069265_all__3.npy,Normal
Pistachio/VAD/vit-features/train/normal/infrastructure_normal_less/000000069265_all__4.npy,Normal
Pistachio/VAD/vit-features/train/normal/infrastructure_normal_less/000000069265_all__5.npy,Normal
Pistachio/VAD/vit-features/train/normal/infrastructure_normal_less/000000069265_all__6.npy,Normal
Pistachio/VAD/vit-features/train/normal/infrastructure_normal_less/000000069265_all__7.npy,Normal
Pistachio/VAD/vit-features/train/normal/infrastructure_normal_less/000000069265_all__8.npy,Normal
Pistachio/VAD/vit-features/train/normal/infrastructure_normal_less/000000069265_all__9.npy,Normal
Pistachio/VAD/vit-features/train/normal/infrastructure_normal_less/000000069722_all__0.npy,Normal
Pistachio/VAD/vit-features/train/normal/infrastructure_normal_less/000000069722_all__1.npy,Normal
Pistachio/VAD/vit-features/train/normal/infrastructure_normal_less/000000069722_all__2.npy,Normal
Pistachio/VAD/vit-features/train/normal/infrastructure_normal_less/000000069722_all__3.npy,Normal
Pistachio/VAD/vit-features/train/normal/infrastructure_normal_less/000000069722_all__4.npy,Normal
Pistachio/VAD/vit-features/train/normal/infrastructure_normal_less/000000069722_all__5.npy,Normal
Pistachio/VAD/vit-features/train/normal/infrastructure_normal_less/000000069722_all__6.npy,Normal
Pistachio/VAD/vit-features/train/normal/infrastructure_normal_less/000000069722_all__7.npy,Normal
Pistachio/VAD/vit-features/train/normal/infrastructure_normal_less/000000069722_all__8.npy,Normal
Pistachio/VAD/vit-features/train/normal/infrastructure_normal_less/000000069722_all__9.npy,Normal
Pistachio/VAD/vit-features/train/normal/infrastructure_normal_less/000000081203_all__0.npy,Normal
Pistachio/VAD/vit-features/train/normal/infrastructure_normal_less/000000081203_all__1.npy,Normal
Pistachio/VAD/vit-features/train/normal/infrastructure_normal_less/000000081203_all__2.npy,Normal
Pistachio/VAD/vit-features/train/normal/infrastructure_normal_less/000000081203_all__3.npy,Normal
Pistachio/VAD/vit-features/train/normal/infrastructure_normal_less/000000081203_all__4.npy,Normal
Pistachio/VAD/vit-features/train/normal/infrastructure_normal_less/000000081203_all__5.npy,Normal
Pistachio/VAD/vit-features/train/normal/infrastructure_normal_less/000000081203_all__6.npy,Normal
Pistachio/VAD/vit-features/train/normal/infrastructure_normal_less/000000081203_all__7.npy,Normal
Pistachio/VAD/vit-features/train/normal/infrastructure_normal_less/000000081203_all__8.npy,Normal
Pistachio/VAD/vit-features/train/normal/infrastructure_normal_less/000000081203_all__9.npy,Normal
Pistachio/VAD/vit-features/train/normal/infrastructure_normal_less/000000085583_all__0.npy,Normal
Pistachio/VAD/vit-features/train/normal/infrastructure_normal_less/000000085583_all__1.npy,Normal
Pistachio/VAD/vit-features/train/normal/infrastructure_normal_less/000000085583_all__2.npy,Normal
Pistachio/VAD/vit-features/train/normal/infrastructure_normal_less/000000085583_all__3.npy,Normal
Pistachio/VAD/vit-features/train/normal/infrastructure_normal_less/000000085583_all__4.npy,Normal
Pistachio/VAD/vit-features/train/normal/infrastructure_normal_less/000000085583_all__5.npy,Normal
Pistachio/VAD/vit-features/train/normal/infrastructure_normal_less/000000085583_all__6.npy,Normal
Pistachio/VAD/vit-features/train/normal/infrastructure_normal_less/000000085583_all__7.npy,Normal
Pistachio/VAD/vit-features/train/normal/infrastructure_normal_less/000000085583_all__8.npy,Normal
Pistachio/VAD/vit-features/train/normal/infrastructure_normal_less/000000085583_all__9.npy,Normal
Pistachio/VAD/vit-features/train/normal/infrastructure_normal_less/000000088319_all__0.npy,Normal
Pistachio/VAD/vit-features/train/normal/infrastructure_normal_less/000000088319_all__1.npy,Normal
Pistachio/VAD/vit-features/train/normal/infrastructure_normal_less/000000088319_all__2.npy,Normal
Pistachio/VAD/vit-features/train/normal/infrastructure_normal_less/000000088319_all__3.npy,Normal
Pistachio/VAD/vit-features/train/normal/infrastructure_normal_less/000000088319_all__4.npy,Normal
Pistachio/VAD/vit-features/train/normal/infrastructure_normal_less/000000088319_all__5.npy,Normal
Pistachio/VAD/vit-features/train/normal/infrastructure_normal_less/000000088319_all__6.npy,Normal
Pistachio/VAD/vit-features/train/normal/infrastructure_normal_less/000000088319_all__7.npy,Normal
Pistachio/VAD/vit-features/train/normal/infrastructure_normal_less/000000088319_all__8.npy,Normal
Pistachio/VAD/vit-features/train/normal/infrastructure_normal_less/000000088319_all__9.npy,Normal
Pistachio/VAD/vit-features/train/normal/infrastructure_normal_less/000000089581_all__0.npy,Normal
Pistachio/VAD/vit-features/train/normal/infrastructure_normal_less/000000089581_all__1.npy,Normal
Pistachio/VAD/vit-features/train/normal/infrastructure_normal_less/000000089581_all__2.npy,Normal
Pistachio/VAD/vit-features/train/normal/infrastructure_normal_less/000000089581_all__3.npy,Normal
Pistachio/VAD/vit-features/train/normal/infrastructure_normal_less/000000089581_all__4.npy,Normal
Pistachio/VAD/vit-features/train/normal/infrastructure_normal_less/000000089581_all__5.npy,Normal
Pistachio/VAD/vit-features/train/normal/infrastructure_normal_less/000000089581_all__6.npy,Normal
Pistachio/VAD/vit-features/train/normal/infrastructure_normal_less/000000089581_all__7.npy,Normal
Pistachio/VAD/vit-features/train/normal/infrastructure_normal_less/000000089581_all__8.npy,Normal
Pistachio/VAD/vit-features/train/normal/infrastructure_normal_less/000000089581_all__9.npy,Normal
Pistachio/VAD/vit-features/train/normal/infrastructure_normal_less/000000090541_all__0.npy,Normal
Pistachio/VAD/vit-features/train/normal/infrastructure_normal_less/000000090541_all__1.npy,Normal
Pistachio/VAD/vit-features/train/normal/infrastructure_normal_less/000000090541_all__2.npy,Normal
Pistachio/VAD/vit-features/train/normal/infrastructure_normal_less/000000090541_all__3.npy,Normal
Pistachio/VAD/vit-features/train/normal/infrastructure_normal_less/000000090541_all__4.npy,Normal
Pistachio/VAD/vit-features/train/normal/infrastructure_normal_less/000000090541_all__5.npy,Normal
Pistachio/VAD/vit-features/train/normal/infrastructure_normal_less/000000090541_all__6.npy,Normal
Pistachio/VAD/vit-features/train/normal/infrastructure_normal_less/000000090541_all__7.npy,Normal
Pistachio/VAD/vit-features/train/normal/infrastructure_normal_less/000000090541_all__8.npy,Normal
Pistachio/VAD/vit-features/train/normal/infrastructure_normal_less/000000090541_all__9.npy,Normal
Pistachio/VAD/vit-features/train/normal/infrastructure_normal_less/000000096686_all__0.npy,Normal
Pistachio/VAD/vit-features/train/normal/infrastructure_normal_less/000000096686_all__1.npy,Normal
Pistachio/VAD/vit-features/train/normal/infrastructure_normal_less/000000096686_all__2.npy,Normal
Pistachio/VAD/vit-features/train/normal/infrastructure_normal_less/000000096686_all__3.npy,Normal
Pistachio/VAD/vit-features/train/normal/infrastructure_normal_less/000000096686_all__4.npy,Normal
Pistachio/VAD/vit-features/train/normal/infrastructure_normal_less/000000096686_all__5.npy,Normal
Pistachio/VAD/vit-features/train/normal/infrastructure_normal_less/000000096686_all__6.npy,Normal
Pistachio/VAD/vit-features/train/normal/infrastructure_normal_less/000000096686_all__7.npy,Normal
Pistachio/VAD/vit-features/train/normal/infrastructure_normal_less/000000096686_all__8.npy,Normal
Pistachio/VAD/vit-features/train/normal/infrastructure_normal_less/000000096686_all__9.npy,Normal
Pistachio/VAD/vit-features/train/normal/infrastructure_normal_less/000000101291_all__0.npy,Normal
Pistachio/VAD/vit-features/train/normal/infrastructure_normal_less/000000101291_all__1.npy,Normal
Pistachio/VAD/vit-features/train/normal/infrastructure_normal_less/000000101291_all__2.npy,Normal
Pistachio/VAD/vit-features/train/normal/infrastructure_normal_less/000000101291_all__3.npy,Normal
Pistachio/VAD/vit-features/train/normal/infrastructure_normal_less/000000101291_all__4.npy,Normal
Pistachio/VAD/vit-features/train/normal/infrastructure_normal_less/000000101291_all__5.npy,Normal
Pistachio/VAD/vit-features/train/normal/infrastructure_normal_less/000000101291_all__6.npy,Normal
Pistachio/VAD/vit-features/train/normal/infrastructure_normal_less/000000101291_all__7.npy,Normal
Pistachio/VAD/vit-features/train/normal/infrastructure_normal_less/000000101291_all__8.npy,Normal
Pistachio/VAD/vit-features/train/normal/infrastructure_normal_less/000000101291_all__9.npy,Normal
Pistachio/VAD/vit-features/train/normal/infrastructure_normal_less/000000101833_all__0.npy,Normal
Pistachio/VAD/vit-features/train/normal/infrastructure_normal_less/000000101833_all__1.npy,Normal
Pistachio/VAD/vit-features/train/normal/infrastructure_normal_less/000000101833_all__2.npy,Normal
Pistachio/VAD/vit-features/train/normal/infrastructure_normal_less/000000101833_all__3.npy,Normal
Pistachio/VAD/vit-features/train/normal/infrastructure_normal_less/000000101833_all__4.npy,Normal
Pistachio/VAD/vit-features/train/normal/infrastructure_normal_less/000000101833_all__5.npy,Normal
Pistachio/VAD/vit-features/train/normal/infrastructure_normal_less/000000101833_all__6.npy,Normal
Pistachio/VAD/vit-features/train/normal/infrastructure_normal_less/000000101833_all__7.npy,Normal
Pistachio/VAD/vit-features/train/normal/infrastructure_normal_less/000000101833_all__8.npy,Normal
Pistachio/VAD/vit-features/train/normal/infrastructure_normal_less/000000101833_all__9.npy,Normal
Pistachio/VAD/vit-features/train/normal/infrastructure_normal_less/000000102295_all__0.npy,Normal
Pistachio/VAD/vit-features/train/normal/infrastructure_normal_less/000000102295_all__1.npy,Normal
Pistachio/VAD/vit-features/train/normal/infrastructure_normal_less/000000102295_all__2.npy,Normal
Pistachio/VAD/vit-features/train/normal/infrastructure_normal_less/000000102295_all__3.npy,Normal
Pistachio/VAD/vit-features/train/normal/infrastructure_normal_less/000000102295_all__4.npy,Normal
Pistachio/VAD/vit-features/train/normal/infrastructure_normal_less/000000102295_all__5.npy,Normal
Pistachio/VAD/vit-features/train/normal/infrastructure_normal_less/000000102295_all__6.npy,Normal
Pistachio/VAD/vit-features/train/normal/infrastructure_normal_less/000000102295_all__7.npy,Normal
Pistachio/VAD/vit-features/train/normal/infrastructure_normal_less/000000102295_all__8.npy,Normal
Pistachio/VAD/vit-features/train/normal/infrastructure_normal_less/000000102295_all__9.npy,Normal
Pistachio/VAD/vit-features/train/normal/infrastructure_normal_less/000000119301_all__0.npy,Normal
Pistachio/VAD/vit-features/train/normal/infrastructure_normal_less/000000119301_all__1.npy,Normal
Pistachio/VAD/vit-features/train/normal/infrastructure_normal_less/000000119301_all__2.npy,Normal
Pistachio/VAD/vit-features/train/normal/infrastructure_normal_less/000000119301_all__3.npy,Normal
Pistachio/VAD/vit-features/train/normal/infrastructure_normal_less/000000119301_all__4.npy,Normal
Pistachio/VAD/vit-features/train/normal/infrastructure_normal_less/000000119301_all__5.npy,Normal
Pistachio/VAD/vit-features/train/normal/infrastructure_normal_less/000000119301_all__6.npy,Normal
Pistachio/VAD/vit-features/train/normal/infrastructure_normal_less/000000119301_all__7.npy,Normal
Pistachio/VAD/vit-features/train/normal/infrastructure_normal_less/000000119301_all__8.npy,Normal
Pistachio/VAD/vit-features/train/normal/infrastructure_normal_less/000000119301_all__9.npy,Normal
Pistachio/VAD/vit-features/train/normal/infrastructure_normal_less/000000120539_all__0.npy,Normal
Pistachio/VAD/vit-features/train/normal/infrastructure_normal_less/000000120539_all__1.npy,Normal
Pistachio/VAD/vit-features/train/normal/infrastructure_normal_less/000000120539_all__2.npy,Normal
Pistachio/VAD/vit-features/train/normal/infrastructure_normal_less/000000120539_all__3.npy,Normal
Pistachio/VAD/vit-features/train/normal/infrastructure_normal_less/000000120539_all__4.npy,Normal
Pistachio/VAD/vit-features/train/normal/infrastructure_normal_less/000000120539_all__5.npy,Normal
Pistachio/VAD/vit-features/train/normal/infrastructure_normal_less/000000120539_all__6.npy,Normal
Pistachio/VAD/vit-features/train/normal/infrastructure_normal_less/000000120539_all__7.npy,Normal
Pistachio/VAD/vit-features/train/normal/infrastructure_normal_less/000000120539_all__8.npy,Normal
Pistachio/VAD/vit-features/train/normal/infrastructure_normal_less/000000120539_all__9.npy,Normal
Pistachio/VAD/vit-features/train/normal/infrastructure_normal_less/000000127354_all__0.npy,Normal
Pistachio/VAD/vit-features/train/normal/infrastructure_normal_less/000000127354_all__1.npy,Normal
Pistachio/VAD/vit-features/train/normal/infrastructure_normal_less/000000127354_all__2.npy,Normal
Pistachio/VAD/vit-features/train/normal/infrastructure_normal_less/000000127354_all__3.npy,Normal
Pistachio/VAD/vit-features/train/normal/infrastructure_normal_less/000000127354_all__4.npy,Normal
Pistachio/VAD/vit-features/train/normal/infrastructure_normal_less/000000127354_all__5.npy,Normal
Pistachio/VAD/vit-features/train/normal/infrastructure_normal_less/000000127354_all__6.npy,Normal
Pistachio/VAD/vit-features/train/normal/infrastructure_normal_less/000000127354_all__7.npy,Normal
Pistachio/VAD/vit-features/train/normal/infrastructure_normal_less/000000127354_all__8.npy,Normal
Pistachio/VAD/vit-features/train/normal/infrastructure_normal_less/000000127354_all__9.npy,Normal
Pistachio/VAD/vit-features/train/normal/infrastructure_normal_less/000000141528_all__0.npy,Normal
Pistachio/VAD/vit-features/train/normal/infrastructure_normal_less/000000141528_all__1.npy,Normal
Pistachio/VAD/vit-features/train/normal/infrastructure_normal_less/000000141528_all__2.npy,Normal
Pistachio/VAD/vit-features/train/normal/infrastructure_normal_less/000000141528_all__3.npy,Normal
Pistachio/VAD/vit-features/train/normal/infrastructure_normal_less/000000141528_all__4.npy,Normal
Pistachio/VAD/vit-features/train/normal/infrastructure_normal_less/000000141528_all__5.npy,Normal
Pistachio/VAD/vit-features/train/normal/infrastructure_normal_less/000000141528_all__6.npy,Normal
Pistachio/VAD/vit-features/train/normal/infrastructure_normal_less/000000141528_all__7.npy,Normal
Pistachio/VAD/vit-features/train/normal/infrastructure_normal_less/000000141528_all__8.npy,Normal
Pistachio/VAD/vit-features/train/normal/infrastructure_normal_less/000000141528_all__9.npy,Normal
Pistachio/VAD/vit-features/train/normal/infrastructure_normal_less/000000141902_all__0.npy,Normal
Pistachio/VAD/vit-features/train/normal/infrastructure_normal_less/000000141902_all__1.npy,Normal
Pistachio/VAD/vit-features/train/normal/infrastructure_normal_less/000000141902_all__2.npy,Normal
Pistachio/VAD/vit-features/train/normal/infrastructure_normal_less/000000141902_all__3.npy,Normal
Pistachio/VAD/vit-features/train/normal/infrastructure_normal_less/000000141902_all__4.npy,Normal
Pistachio/VAD/vit-features/train/normal/infrastructure_normal_less/000000141902_all__5.npy,Normal
Pistachio/VAD/vit-features/train/normal/infrastructure_normal_less/000000141902_all__6.npy,Normal
Pistachio/VAD/vit-features/train/normal/infrastructure_normal_less/000000141902_all__7.npy,Normal
Pistachio/VAD/vit-features/train/normal/infrastructure_normal_less/000000141902_all__8.npy,Normal
Pistachio/VAD/vit-features/train/normal/infrastructure_normal_less/000000141902_all__9.npy,Normal
Pistachio/VAD/vit-features/train/normal/infrastructure_normal_less/000000145445_all__0.npy,Normal
Pistachio/VAD/vit-features/train/normal/infrastructure_normal_less/000000145445_all__1.npy,Normal
Pistachio/VAD/vit-features/train/normal/infrastructure_normal_less/000000145445_all__2.npy,Normal
Pistachio/VAD/vit-features/train/normal/infrastructure_normal_less/000000145445_all__3.npy,Normal
Pistachio/VAD/vit-features/train/normal/infrastructure_normal_less/000000145445_all__4.npy,Normal
Pistachio/VAD/vit-features/train/normal/infrastructure_normal_less/000000145445_all__5.npy,Normal
Pistachio/VAD/vit-features/train/normal/infrastructure_normal_less/000000145445_all__6.npy,Normal
Pistachio/VAD/vit-features/train/normal/infrastructure_normal_less/000000145445_all__7.npy,Normal
Pistachio/VAD/vit-features/train/normal/infrastructure_normal_less/000000145445_all__8.npy,Normal
Pistachio/VAD/vit-features/train/normal/infrastructure_normal_less/000000145445_all__9.npy,Normal
Pistachio/VAD/vit-features/train/normal/infrastructure_normal_less/000000146688_all__0.npy,Normal
Pistachio/VAD/vit-features/train/normal/infrastructure_normal_less/000000146688_all__1.npy,Normal
Pistachio/VAD/vit-features/train/normal/infrastructure_normal_less/000000146688_all__2.npy,Normal
Pistachio/VAD/vit-features/train/normal/infrastructure_normal_less/000000146688_all__3.npy,Normal
Pistachio/VAD/vit-features/train/normal/infrastructure_normal_less/000000146688_all__4.npy,Normal
Pistachio/VAD/vit-features/train/normal/infrastructure_normal_less/000000146688_all__5.npy,Normal
Pistachio/VAD/vit-features/train/normal/infrastructure_normal_less/000000146688_all__6.npy,Normal
Pistachio/VAD/vit-features/train/normal/infrastructure_normal_less/000000146688_all__7.npy,Normal
Pistachio/VAD/vit-features/train/normal/infrastructure_normal_less/000000146688_all__8.npy,Normal
Pistachio/VAD/vit-features/train/normal/infrastructure_normal_less/000000146688_all__9.npy,Normal
Pistachio/VAD/vit-features/train/normal/infrastructure_normal_less/000000149534_all__0.npy,Normal
Pistachio/VAD/vit-features/train/normal/infrastructure_normal_less/000000149534_all__1.npy,Normal
Pistachio/VAD/vit-features/train/normal/infrastructure_normal_less/000000149534_all__2.npy,Normal
Pistachio/VAD/vit-features/train/normal/infrastructure_normal_less/000000149534_all__3.npy,Normal
Pistachio/VAD/vit-features/train/normal/infrastructure_normal_less/000000149534_all__4.npy,Normal
Pistachio/VAD/vit-features/train/normal/infrastructure_normal_less/000000149534_all__5.npy,Normal
Pistachio/VAD/vit-features/train/normal/infrastructure_normal_less/000000149534_all__6.npy,Normal
Pistachio/VAD/vit-features/train/normal/infrastructure_normal_less/000000149534_all__7.npy,Normal
Pistachio/VAD/vit-features/train/normal/infrastructure_normal_less/000000149534_all__8.npy,Normal
Pistachio/VAD/vit-features/train/normal/infrastructure_normal_less/000000149534_all__9.npy,Normal
Pistachio/VAD/vit-features/train/normal/infrastructure_normal_less/000000151014_all__0.npy,Normal
Pistachio/VAD/vit-features/train/normal/infrastructure_normal_less/000000151014_all__1.npy,Normal
Pistachio/VAD/vit-features/train/normal/infrastructure_normal_less/000000151014_all__2.npy,Normal
Pistachio/VAD/vit-features/train/normal/infrastructure_normal_less/000000151014_all__3.npy,Normal
Pistachio/VAD/vit-features/train/normal/infrastructure_normal_less/000000151014_all__4.npy,Normal
Pistachio/VAD/vit-features/train/normal/infrastructure_normal_less/000000151014_all__5.npy,Normal
Pistachio/VAD/vit-features/train/normal/infrastructure_normal_less/000000151014_all__6.npy,Normal
Pistachio/VAD/vit-features/train/normal/infrastructure_normal_less/000000151014_all__7.npy,Normal
Pistachio/VAD/vit-features/train/normal/infrastructure_normal_less/000000151014_all__8.npy,Normal
Pistachio/VAD/vit-features/train/normal/infrastructure_normal_less/000000151014_all__9.npy,Normal
Pistachio/VAD/vit-features/train/normal/infrastructure_normal_less/000000151128_all__0.npy,Normal
Pistachio/VAD/vit-features/train/normal/infrastructure_normal_less/000000151128_all__1.npy,Normal
Pistachio/VAD/vit-features/train/normal/infrastructure_normal_less/000000151128_all__2.npy,Normal
Pistachio/VAD/vit-features/train/normal/infrastructure_normal_less/000000151128_all__3.npy,Normal
Pistachio/VAD/vit-features/train/normal/infrastructure_normal_less/000000151128_all__4.npy,Normal
Pistachio/VAD/vit-features/train/normal/infrastructure_normal_less/000000151128_all__5.npy,Normal
Pistachio/VAD/vit-features/train/normal/infrastructure_normal_less/000000151128_all__6.npy,Normal
Pistachio/VAD/vit-features/train/normal/infrastructure_normal_less/000000151128_all__7.npy,Normal
Pistachio/VAD/vit-features/train/normal/infrastructure_normal_less/000000151128_all__8.npy,Normal
Pistachio/VAD/vit-features/train/normal/infrastructure_normal_less/000000151128_all__9.npy,Normal
Pistachio/VAD/vit-features/train/normal/infrastructure_normal_less/000000151427_all__0.npy,Normal
Pistachio/VAD/vit-features/train/normal/infrastructure_normal_less/000000151427_all__1.npy,Normal
Pistachio/VAD/vit-features/train/normal/infrastructure_normal_less/000000151427_all__2.npy,Normal
Pistachio/VAD/vit-features/train/normal/infrastructure_normal_less/000000151427_all__3.npy,Normal
Pistachio/VAD/vit-features/train/normal/infrastructure_normal_less/000000151427_all__4.npy,Normal
Pistachio/VAD/vit-features/train/normal/infrastructure_normal_less/000000151427_all__5.npy,Normal
Pistachio/VAD/vit-features/train/normal/infrastructure_normal_less/000000151427_all__6.npy,Normal
Pistachio/VAD/vit-features/train/normal/infrastructure_normal_less/000000151427_all__7.npy,Normal
Pistachio/VAD/vit-features/train/normal/infrastructure_normal_less/000000151427_all__8.npy,Normal
Pistachio/VAD/vit-features/train/normal/infrastructure_normal_less/000000151427_all__9.npy,Normal
Pistachio/VAD/vit-features/train/normal/infrastructure_normal_less/000000152752_all__0.npy,Normal
Pistachio/VAD/vit-features/train/normal/infrastructure_normal_less/000000152752_all__1.npy,Normal
Pistachio/VAD/vit-features/train/normal/infrastructure_normal_less/000000152752_all__2.npy,Normal
Pistachio/VAD/vit-features/train/normal/infrastructure_normal_less/000000152752_all__3.npy,Normal
Pistachio/VAD/vit-features/train/normal/infrastructure_normal_less/000000152752_all__4.npy,Normal
Pistachio/VAD/vit-features/train/normal/infrastructure_normal_less/000000152752_all__5.npy,Normal
Pistachio/VAD/vit-features/train/normal/infrastructure_normal_less/000000152752_all__6.npy,Normal
Pistachio/VAD/vit-features/train/normal/infrastructure_normal_less/000000152752_all__7.npy,Normal
Pistachio/VAD/vit-features/train/normal/infrastructure_normal_less/000000152752_all__8.npy,Normal
Pistachio/VAD/vit-features/train/normal/infrastructure_normal_less/000000152752_all__9.npy,Normal
Pistachio/VAD/vit-features/train/normal/infrastructure_normal_less/000000168496_all__0.npy,Normal
Pistachio/VAD/vit-features/train/normal/infrastructure_normal_less/000000168496_all__1.npy,Normal
Pistachio/VAD/vit-features/train/normal/infrastructure_normal_less/000000168496_all__2.npy,Normal
Pistachio/VAD/vit-features/train/normal/infrastructure_normal_less/000000168496_all__3.npy,Normal
Pistachio/VAD/vit-features/train/normal/infrastructure_normal_less/000000168496_all__4.npy,Normal
Pistachio/VAD/vit-features/train/normal/infrastructure_normal_less/000000168496_all__5.npy,Normal
Pistachio/VAD/vit-features/train/normal/infrastructure_normal_less/000000168496_all__6.npy,Normal
Pistachio/VAD/vit-features/train/normal/infrastructure_normal_less/000000168496_all__7.npy,Normal
Pistachio/VAD/vit-features/train/normal/infrastructure_normal_less/000000168496_all__8.npy,Normal
Pistachio/VAD/vit-features/train/normal/infrastructure_normal_less/000000168496_all__9.npy,Normal
Pistachio/VAD/vit-features/train/normal/infrastructure_normal_less/000000176844_all__0.npy,Normal
Pistachio/VAD/vit-features/train/normal/infrastructure_normal_less/000000176844_all__1.npy,Normal
Pistachio/VAD/vit-features/train/normal/infrastructure_normal_less/000000176844_all__2.npy,Normal
Pistachio/VAD/vit-features/train/normal/infrastructure_normal_less/000000176844_all__3.npy,Normal
Pistachio/VAD/vit-features/train/normal/infrastructure_normal_less/000000176844_all__4.npy,Normal
Pistachio/VAD/vit-features/train/normal/infrastructure_normal_less/000000176844_all__5.npy,Normal
Pistachio/VAD/vit-features/train/normal/infrastructure_normal_less/000000176844_all__6.npy,Normal
Pistachio/VAD/vit-features/train/normal/infrastructure_normal_less/000000176844_all__7.npy,Normal
Pistachio/VAD/vit-features/train/normal/infrastructure_normal_less/000000176844_all__8.npy,Normal
Pistachio/VAD/vit-features/train/normal/infrastructure_normal_less/000000176844_all__9.npy,Normal
Pistachio/VAD/vit-features/train/normal/infrastructure_normal_less/000000181033_all__0.npy,Normal
Pistachio/VAD/vit-features/train/normal/infrastructure_normal_less/000000181033_all__1.npy,Normal
Pistachio/VAD/vit-features/train/normal/infrastructure_normal_less/000000181033_all__2.npy,Normal
Pistachio/VAD/vit-features/train/normal/infrastructure_normal_less/000000181033_all__3.npy,Normal
Pistachio/VAD/vit-features/train/normal/infrastructure_normal_less/000000181033_all__4.npy,Normal
Pistachio/VAD/vit-features/train/normal/infrastructure_normal_less/000000181033_all__5.npy,Normal
Pistachio/VAD/vit-features/train/normal/infrastructure_normal_less/000000181033_all__6.npy,Normal
Pistachio/VAD/vit-features/train/normal/infrastructure_normal_less/000000181033_all__7.npy,Normal
Pistachio/VAD/vit-features/train/normal/infrastructure_normal_less/000000181033_all__8.npy,Normal
Pistachio/VAD/vit-features/train/normal/infrastructure_normal_less/000000181033_all__9.npy,Normal
Pistachio/VAD/vit-features/train/normal/infrastructure_normal_less/000000187562_all__0.npy,Normal
Pistachio/VAD/vit-features/train/normal/infrastructure_normal_less/000000187562_all__1.npy,Normal
Pistachio/VAD/vit-features/train/normal/infrastructure_normal_less/000000187562_all__2.npy,Normal
Pistachio/VAD/vit-features/train/normal/infrastructure_normal_less/000000187562_all__3.npy,Normal
Pistachio/VAD/vit-features/train/normal/infrastructure_normal_less/000000187562_all__4.npy,Normal
Pistachio/VAD/vit-features/train/normal/infrastructure_normal_less/000000187562_all__5.npy,Normal
Pistachio/VAD/vit-features/train/normal/infrastructure_normal_less/000000187562_all__6.npy,Normal
Pistachio/VAD/vit-features/train/normal/infrastructure_normal_less/000000187562_all__7.npy,Normal
Pistachio/VAD/vit-features/train/normal/infrastructure_normal_less/000000187562_all__8.npy,Normal
Pistachio/VAD/vit-features/train/normal/infrastructure_normal_less/000000187562_all__9.npy,Normal
Pistachio/VAD/vit-features/train/normal/infrastructure_normal_less/000000191932_all__0.npy,Normal
Pistachio/VAD/vit-features/train/normal/infrastructure_normal_less/000000191932_all__1.npy,Normal
Pistachio/VAD/vit-features/train/normal/infrastructure_normal_less/000000191932_all__2.npy,Normal
Pistachio/VAD/vit-features/train/normal/infrastructure_normal_less/000000191932_all__3.npy,Normal
Pistachio/VAD/vit-features/train/normal/infrastructure_normal_less/000000191932_all__4.npy,Normal
Pistachio/VAD/vit-features/train/normal/infrastructure_normal_less/000000191932_all__5.npy,Normal
Pistachio/VAD/vit-features/train/normal/infrastructure_normal_less/000000191932_all__6.npy,Normal
Pistachio/VAD/vit-features/train/normal/infrastructure_normal_less/000000191932_all__7.npy,Normal
Pistachio/VAD/vit-features/train/normal/infrastructure_normal_less/000000191932_all__8.npy,Normal
Pistachio/VAD/vit-features/train/normal/infrastructure_normal_less/000000191932_all__9.npy,Normal
Pistachio/VAD/vit-features/train/normal/infrastructure_normal_less/000000204873_all__0.npy,Normal
Pistachio/VAD/vit-features/train/normal/infrastructure_normal_less/000000204873_all__1.npy,Normal
Pistachio/VAD/vit-features/train/normal/infrastructure_normal_less/000000204873_all__2.npy,Normal
Pistachio/VAD/vit-features/train/normal/infrastructure_normal_less/000000204873_all__3.npy,Normal
Pistachio/VAD/vit-features/train/normal/infrastructure_normal_less/000000204873_all__4.npy,Normal
Pistachio/VAD/vit-features/train/normal/infrastructure_normal_less/000000204873_all__5.npy,Normal
Pistachio/VAD/vit-features/train/normal/infrastructure_normal_less/000000204873_all__6.npy,Normal
Pistachio/VAD/vit-features/train/normal/infrastructure_normal_less/000000204873_all__7.npy,Normal
Pistachio/VAD/vit-features/train/normal/infrastructure_normal_less/000000204873_all__8.npy,Normal
Pistachio/VAD/vit-features/train/normal/infrastructure_normal_less/000000204873_all__9.npy,Normal
Pistachio/VAD/vit-features/train/normal/infrastructure_normal_less/000000205576_all__0.npy,Normal
Pistachio/VAD/vit-features/train/normal/infrastructure_normal_less/000000205576_all__1.npy,Normal
Pistachio/VAD/vit-features/train/normal/infrastructure_normal_less/000000205576_all__2.npy,Normal
Pistachio/VAD/vit-features/train/normal/infrastructure_normal_less/000000205576_all__3.npy,Normal
Pistachio/VAD/vit-features/train/normal/infrastructure_normal_less/000000205576_all__4.npy,Normal
Pistachio/VAD/vit-features/train/normal/infrastructure_normal_less/000000205576_all__5.npy,Normal
Pistachio/VAD/vit-features/train/normal/infrastructure_normal_less/000000205576_all__6.npy,Normal
Pistachio/VAD/vit-features/train/normal/infrastructure_normal_less/000000205576_all__7.npy,Normal
Pistachio/VAD/vit-features/train/normal/infrastructure_normal_less/000000205576_all__8.npy,Normal
Pistachio/VAD/vit-features/train/normal/infrastructure_normal_less/000000205576_all__9.npy,Normal
Pistachio/VAD/vit-features/train/normal/infrastructure_normal_less/000000207312_all__0.npy,Normal
Pistachio/VAD/vit-features/train/normal/infrastructure_normal_less/000000207312_all__1.npy,Normal
Pistachio/VAD/vit-features/train/normal/infrastructure_normal_less/000000207312_all__2.npy,Normal
Pistachio/VAD/vit-features/train/normal/infrastructure_normal_less/000000207312_all__3.npy,Normal
Pistachio/VAD/vit-features/train/normal/infrastructure_normal_less/000000207312_all__4.npy,Normal
Pistachio/VAD/vit-features/train/normal/infrastructure_normal_less/000000207312_all__5.npy,Normal
Pistachio/VAD/vit-features/train/normal/infrastructure_normal_less/000000207312_all__6.npy,Normal
Pistachio/VAD/vit-features/train/normal/infrastructure_normal_less/000000207312_all__7.npy,Normal
Pistachio/VAD/vit-features/train/normal/infrastructure_normal_less/000000207312_all__8.npy,Normal
Pistachio/VAD/vit-features/train/normal/infrastructure_normal_less/000000207312_all__9.npy,Normal
Pistachio/VAD/vit-features/train/normal/infrastructure_normal_less/000000214420_all__0.npy,Normal
Pistachio/VAD/vit-features/train/normal/infrastructure_normal_less/000000214420_all__1.npy,Normal
Pistachio/VAD/vit-features/train/normal/infrastructure_normal_less/000000214420_all__2.npy,Normal
Pistachio/VAD/vit-features/train/normal/infrastructure_normal_less/000000214420_all__3.npy,Normal
Pistachio/VAD/vit-features/train/normal/infrastructure_normal_less/000000214420_all__4.npy,Normal
Pistachio/VAD/vit-features/train/normal/infrastructure_normal_less/000000214420_all__5.npy,Normal
Pistachio/VAD/vit-features/train/normal/infrastructure_normal_less/000000214420_all__6.npy,Normal
Pistachio/VAD/vit-features/train/normal/infrastructure_normal_less/000000214420_all__7.npy,Normal
Pistachio/VAD/vit-features/train/normal/infrastructure_normal_less/000000214420_all__8.npy,Normal
Pistachio/VAD/vit-features/train/normal/infrastructure_normal_less/000000214420_all__9.npy,Normal
Pistachio/VAD/vit-features/train/normal/infrastructure_normal_less/000000215710_all__0.npy,Normal
Pistachio/VAD/vit-features/train/normal/infrastructure_normal_less/000000215710_all__1.npy,Normal
Pistachio/VAD/vit-features/train/normal/infrastructure_normal_less/000000215710_all__2.npy,Normal
Pistachio/VAD/vit-features/train/normal/infrastructure_normal_less/000000215710_all__3.npy,Normal
Pistachio/VAD/vit-features/train/normal/infrastructure_normal_less/000000215710_all__4.npy,Normal
Pistachio/VAD/vit-features/train/normal/infrastructure_normal_less/000000215710_all__5.npy,Normal
Pistachio/VAD/vit-features/train/normal/infrastructure_normal_less/000000215710_all__6.npy,Normal
Pistachio/VAD/vit-features/train/normal/infrastructure_normal_less/000000215710_all__7.npy,Normal
Pistachio/VAD/vit-features/train/normal/infrastructure_normal_less/000000215710_all__8.npy,Normal
Pistachio/VAD/vit-features/train/normal/infrastructure_normal_less/000000215710_all__9.npy,Normal
Pistachio/VAD/vit-features/train/normal/infrastructure_normal_less/000000216107_all__0.npy,Normal
Pistachio/VAD/vit-features/train/normal/infrastructure_normal_less/000000216107_all__1.npy,Normal
Pistachio/VAD/vit-features/train/normal/infrastructure_normal_less/000000216107_all__2.npy,Normal
Pistachio/VAD/vit-features/train/normal/infrastructure_normal_less/000000216107_all__3.npy,Normal
Pistachio/VAD/vit-features/train/normal/infrastructure_normal_less/000000216107_all__4.npy,Normal
Pistachio/VAD/vit-features/train/normal/infrastructure_normal_less/000000216107_all__5.npy,Normal
Pistachio/VAD/vit-features/train/normal/infrastructure_normal_less/000000216107_all__6.npy,Normal
Pistachio/VAD/vit-features/train/normal/infrastructure_normal_less/000000216107_all__7.npy,Normal
Pistachio/VAD/vit-features/train/normal/infrastructure_normal_less/000000216107_all__8.npy,Normal
Pistachio/VAD/vit-features/train/normal/infrastructure_normal_less/000000216107_all__9.npy,Normal
Pistachio/VAD/vit-features/train/normal/infrastructure_normal_less/000000222202_all__0.npy,Normal
Pistachio/VAD/vit-features/train/normal/infrastructure_normal_less/000000222202_all__1.npy,Normal
Pistachio/VAD/vit-features/train/normal/infrastructure_normal_less/000000222202_all__2.npy,Normal
Pistachio/VAD/vit-features/train/normal/infrastructure_normal_less/000000222202_all__3.npy,Normal
Pistachio/VAD/vit-features/train/normal/infrastructure_normal_less/000000222202_all__4.npy,Normal
Pistachio/VAD/vit-features/train/normal/infrastructure_normal_less/000000222202_all__5.npy,Normal
Pistachio/VAD/vit-features/train/normal/infrastructure_normal_less/000000222202_all__6.npy,Normal
Pistachio/VAD/vit-features/train/normal/infrastructure_normal_less/000000222202_all__7.npy,Normal
Pistachio/VAD/vit-features/train/normal/infrastructure_normal_less/000000222202_all__8.npy,Normal
Pistachio/VAD/vit-features/train/normal/infrastructure_normal_less/000000222202_all__9.npy,Normal
Pistachio/VAD/vit-features/train/normal/infrastructure_normal_less/000000222919_all__0.npy,Normal
Pistachio/VAD/vit-features/train/normal/infrastructure_normal_less/000000222919_all__1.npy,Normal
Pistachio/VAD/vit-features/train/normal/infrastructure_normal_less/000000222919_all__2.npy,Normal
Pistachio/VAD/vit-features/train/normal/infrastructure_normal_less/000000222919_all__3.npy,Normal
Pistachio/VAD/vit-features/train/normal/infrastructure_normal_less/000000222919_all__4.npy,Normal
Pistachio/VAD/vit-features/train/normal/infrastructure_normal_less/000000222919_all__5.npy,Normal
Pistachio/VAD/vit-features/train/normal/infrastructure_normal_less/000000222919_all__6.npy,Normal
Pistachio/VAD/vit-features/train/normal/infrastructure_normal_less/000000222919_all__7.npy,Normal
Pistachio/VAD/vit-features/train/normal/infrastructure_normal_less/000000222919_all__8.npy,Normal
Pistachio/VAD/vit-features/train/normal/infrastructure_normal_less/000000222919_all__9.npy,Normal
Pistachio/VAD/vit-features/train/normal/infrastructure_normal_less/000000227505_all__0.npy,Normal
Pistachio/VAD/vit-features/train/normal/infrastructure_normal_less/000000227505_all__1.npy,Normal
Pistachio/VAD/vit-features/train/normal/infrastructure_normal_less/000000227505_all__2.npy,Normal
Pistachio/VAD/vit-features/train/normal/infrastructure_normal_less/000000227505_all__3.npy,Normal
Pistachio/VAD/vit-features/train/normal/infrastructure_normal_less/000000227505_all__4.npy,Normal
Pistachio/VAD/vit-features/train/normal/infrastructure_normal_less/000000227505_all__5.npy,Normal
Pistachio/VAD/vit-features/train/normal/infrastructure_normal_less/000000227505_all__6.npy,Normal
Pistachio/VAD/vit-features/train/normal/infrastructure_normal_less/000000227505_all__7.npy,Normal
Pistachio/VAD/vit-features/train/normal/infrastructure_normal_less/000000227505_all__8.npy,Normal
Pistachio/VAD/vit-features/train/normal/infrastructure_normal_less/000000227505_all__9.npy,Normal
Pistachio/VAD/vit-features/train/normal/infrastructure_normal_less/000000229029_all__0.npy,Normal
Pistachio/VAD/vit-features/train/normal/infrastructure_normal_less/000000229029_all__1.npy,Normal
Pistachio/VAD/vit-features/train/normal/infrastructure_normal_less/000000229029_all__2.npy,Normal
Pistachio/VAD/vit-features/train/normal/infrastructure_normal_less/000000229029_all__3.npy,Normal
Pistachio/VAD/vit-features/train/normal/infrastructure_normal_less/000000229029_all__4.npy,Normal
Pistachio/VAD/vit-features/train/normal/infrastructure_normal_less/000000229029_all__5.npy,Normal
Pistachio/VAD/vit-features/train/normal/infrastructure_normal_less/000000229029_all__6.npy,Normal
Pistachio/VAD/vit-features/train/normal/infrastructure_normal_less/000000229029_all__7.npy,Normal
Pistachio/VAD/vit-features/train/normal/infrastructure_normal_less/000000229029_all__8.npy,Normal
Pistachio/VAD/vit-features/train/normal/infrastructure_normal_less/000000229029_all__9.npy,Normal
Pistachio/VAD/vit-features/train/normal/infrastructure_normal_less/000000233134_all__0.npy,Normal
Pistachio/VAD/vit-features/train/normal/infrastructure_normal_less/000000233134_all__1.npy,Normal
Pistachio/VAD/vit-features/train/normal/infrastructure_normal_less/000000233134_all__2.npy,Normal
Pistachio/VAD/vit-features/train/normal/infrastructure_normal_less/000000233134_all__3.npy,Normal
Pistachio/VAD/vit-features/train/normal/infrastructure_normal_less/000000233134_all__4.npy,Normal
Pistachio/VAD/vit-features/train/normal/infrastructure_normal_less/000000233134_all__5.npy,Normal
Pistachio/VAD/vit-features/train/normal/infrastructure_normal_less/000000233134_all__6.npy,Normal
Pistachio/VAD/vit-features/train/normal/infrastructure_normal_less/000000233134_all__7.npy,Normal
Pistachio/VAD/vit-features/train/normal/infrastructure_normal_less/000000233134_all__8.npy,Normal
Pistachio/VAD/vit-features/train/normal/infrastructure_normal_less/000000233134_all__9.npy,Normal
Pistachio/VAD/vit-features/train/normal/infrastructure_normal_less/000000235892_all__0.npy,Normal
Pistachio/VAD/vit-features/train/normal/infrastructure_normal_less/000000235892_all__1.npy,Normal
Pistachio/VAD/vit-features/train/normal/infrastructure_normal_less/000000235892_all__2.npy,Normal
Pistachio/VAD/vit-features/train/normal/infrastructure_normal_less/000000235892_all__3.npy,Normal
Pistachio/VAD/vit-features/train/normal/infrastructure_normal_less/000000235892_all__4.npy,Normal
Pistachio/VAD/vit-features/train/normal/infrastructure_normal_less/000000235892_all__5.npy,Normal
Pistachio/VAD/vit-features/train/normal/infrastructure_normal_less/000000235892_all__6.npy,Normal
Pistachio/VAD/vit-features/train/normal/infrastructure_normal_less/000000235892_all__7.npy,Normal
Pistachio/VAD/vit-features/train/normal/infrastructure_normal_less/000000235892_all__8.npy,Normal
Pistachio/VAD/vit-features/train/normal/infrastructure_normal_less/000000235892_all__9.npy,Normal
Pistachio/VAD/vit-features/train/normal/infrastructure_normal_less/000000240066_all__0.npy,Normal
Pistachio/VAD/vit-features/train/normal/infrastructure_normal_less/000000240066_all__1.npy,Normal
Pistachio/VAD/vit-features/train/normal/infrastructure_normal_less/000000240066_all__2.npy,Normal
Pistachio/VAD/vit-features/train/normal/infrastructure_normal_less/000000240066_all__3.npy,Normal
Pistachio/VAD/vit-features/train/normal/infrastructure_normal_less/000000240066_all__4.npy,Normal
Pistachio/VAD/vit-features/train/normal/infrastructure_normal_less/000000240066_all__5.npy,Normal
Pistachio/VAD/vit-features/train/normal/infrastructure_normal_less/000000240066_all__6.npy,Normal
Pistachio/VAD/vit-features/train/normal/infrastructure_normal_less/000000240066_all__7.npy,Normal
Pistachio/VAD/vit-features/train/normal/infrastructure_normal_less/000000240066_all__8.npy,Normal
Pistachio/VAD/vit-features/train/normal/infrastructure_normal_less/000000240066_all__9.npy,Normal
Pistachio/VAD/vit-features/train/normal/infrastructure_normal_less/000000241627_all__0.npy,Normal
Pistachio/VAD/vit-features/train/normal/infrastructure_normal_less/000000241627_all__1.npy,Normal
Pistachio/VAD/vit-features/train/normal/infrastructure_normal_less/000000241627_all__2.npy,Normal
Pistachio/VAD/vit-features/train/normal/infrastructure_normal_less/000000241627_all__3.npy,Normal
Pistachio/VAD/vit-features/train/normal/infrastructure_normal_less/000000241627_all__4.npy,Normal
Pistachio/VAD/vit-features/train/normal/infrastructure_normal_less/000000241627_all__5.npy,Normal
Pistachio/VAD/vit-features/train/normal/infrastructure_normal_less/000000241627_all__6.npy,Normal
Pistachio/VAD/vit-features/train/normal/infrastructure_normal_less/000000241627_all__7.npy,Normal
Pistachio/VAD/vit-features/train/normal/infrastructure_normal_less/000000241627_all__8.npy,Normal
Pistachio/VAD/vit-features/train/normal/infrastructure_normal_less/000000241627_all__9.npy,Normal
Pistachio/VAD/vit-features/train/normal/infrastructure_normal_less/000000242456_all__0.npy,Normal
Pistachio/VAD/vit-features/train/normal/infrastructure_normal_less/000000242456_all__1.npy,Normal
Pistachio/VAD/vit-features/train/normal/infrastructure_normal_less/000000242456_all__2.npy,Normal
Pistachio/VAD/vit-features/train/normal/infrastructure_normal_less/000000242456_all__3.npy,Normal
Pistachio/VAD/vit-features/train/normal/infrastructure_normal_less/000000242456_all__4.npy,Normal
Pistachio/VAD/vit-features/train/normal/infrastructure_normal_less/000000242456_all__5.npy,Normal
Pistachio/VAD/vit-features/train/normal/infrastructure_normal_less/000000242456_all__6.npy,Normal
Pistachio/VAD/vit-features/train/normal/infrastructure_normal_less/000000242456_all__7.npy,Normal
Pistachio/VAD/vit-features/train/normal/infrastructure_normal_less/000000242456_all__8.npy,Normal
Pistachio/VAD/vit-features/train/normal/infrastructure_normal_less/000000242456_all__9.npy,Normal
Pistachio/VAD/vit-features/train/normal/infrastructure_normal_less/000000243534_all__0.npy,Normal
Pistachio/VAD/vit-features/train/normal/infrastructure_normal_less/000000243534_all__1.npy,Normal
Pistachio/VAD/vit-features/train/normal/infrastructure_normal_less/000000243534_all__2.npy,Normal
Pistachio/VAD/vit-features/train/normal/infrastructure_normal_less/000000243534_all__3.npy,Normal
Pistachio/VAD/vit-features/train/normal/infrastructure_normal_less/000000243534_all__4.npy,Normal
Pistachio/VAD/vit-features/train/normal/infrastructure_normal_less/000000243534_all__5.npy,Normal
Pistachio/VAD/vit-features/train/normal/infrastructure_normal_less/000000243534_all__6.npy,Normal
Pistachio/VAD/vit-features/train/normal/infrastructure_normal_less/000000243534_all__7.npy,Normal
Pistachio/VAD/vit-features/train/normal/infrastructure_normal_less/000000243534_all__8.npy,Normal
Pistachio/VAD/vit-features/train/normal/infrastructure_normal_less/000000243534_all__9.npy,Normal
Pistachio/VAD/vit-features/train/normal/infrastructure_normal_less/000000245394_all__0.npy,Normal
Pistachio/VAD/vit-features/train/normal/infrastructure_normal_less/000000245394_all__1.npy,Normal
Pistachio/VAD/vit-features/train/normal/infrastructure_normal_less/000000245394_all__2.npy,Normal
Pistachio/VAD/vit-features/train/normal/infrastructure_normal_less/000000245394_all__3.npy,Normal
Pistachio/VAD/vit-features/train/normal/infrastructure_normal_less/000000245394_all__4.npy,Normal
Pistachio/VAD/vit-features/train/normal/infrastructure_normal_less/000000245394_all__5.npy,Normal
Pistachio/VAD/vit-features/train/normal/infrastructure_normal_less/000000245394_all__6.npy,Normal
Pistachio/VAD/vit-features/train/normal/infrastructure_normal_less/000000245394_all__7.npy,Normal
Pistachio/VAD/vit-features/train/normal/infrastructure_normal_less/000000245394_all__8.npy,Normal
Pistachio/VAD/vit-features/train/normal/infrastructure_normal_less/000000245394_all__9.npy,Normal
Pistachio/VAD/vit-features/train/normal/infrastructure_normal_less/000000249173_all__0.npy,Normal
Pistachio/VAD/vit-features/train/normal/infrastructure_normal_less/000000249173_all__1.npy,Normal
Pistachio/VAD/vit-features/train/normal/infrastructure_normal_less/000000249173_all__2.npy,Normal
Pistachio/VAD/vit-features/train/normal/infrastructure_normal_less/000000249173_all__3.npy,Normal
Pistachio/VAD/vit-features/train/normal/infrastructure_normal_less/000000249173_all__4.npy,Normal
Pistachio/VAD/vit-features/train/normal/infrastructure_normal_less/000000249173_all__5.npy,Normal
Pistachio/VAD/vit-features/train/normal/infrastructure_normal_less/000000249173_all__6.npy,Normal
Pistachio/VAD/vit-features/train/normal/infrastructure_normal_less/000000249173_all__7.npy,Normal
Pistachio/VAD/vit-features/train/normal/infrastructure_normal_less/000000249173_all__8.npy,Normal
Pistachio/VAD/vit-features/train/normal/infrastructure_normal_less/000000249173_all__9.npy,Normal
Pistachio/VAD/vit-features/train/normal/infrastructure_normal_less/000000252152_all__0.npy,Normal
Pistachio/VAD/vit-features/train/normal/infrastructure_normal_less/000000252152_all__1.npy,Normal
Pistachio/VAD/vit-features/train/normal/infrastructure_normal_less/000000252152_all__2.npy,Normal
Pistachio/VAD/vit-features/train/normal/infrastructure_normal_less/000000252152_all__3.npy,Normal
Pistachio/VAD/vit-features/train/normal/infrastructure_normal_less/000000252152_all__4.npy,Normal
Pistachio/VAD/vit-features/train/normal/infrastructure_normal_less/000000252152_all__5.npy,Normal
Pistachio/VAD/vit-features/train/normal/infrastructure_normal_less/000000252152_all__6.npy,Normal
Pistachio/VAD/vit-features/train/normal/infrastructure_normal_less/000000252152_all__7.npy,Normal
Pistachio/VAD/vit-features/train/normal/infrastructure_normal_less/000000252152_all__8.npy,Normal
Pistachio/VAD/vit-features/train/normal/infrastructure_normal_less/000000252152_all__9.npy,Normal
Pistachio/VAD/vit-features/train/normal/infrastructure_normal_less/000000255127_all__0.npy,Normal
Pistachio/VAD/vit-features/train/normal/infrastructure_normal_less/000000255127_all__1.npy,Normal
Pistachio/VAD/vit-features/train/normal/infrastructure_normal_less/000000255127_all__2.npy,Normal
Pistachio/VAD/vit-features/train/normal/infrastructure_normal_less/000000255127_all__3.npy,Normal
Pistachio/VAD/vit-features/train/normal/infrastructure_normal_less/000000255127_all__4.npy,Normal
Pistachio/VAD/vit-features/train/normal/infrastructure_normal_less/000000255127_all__5.npy,Normal
Pistachio/VAD/vit-features/train/normal/infrastructure_normal_less/000000255127_all__6.npy,Normal
Pistachio/VAD/vit-features/train/normal/infrastructure_normal_less/000000255127_all__7.npy,Normal
Pistachio/VAD/vit-features/train/normal/infrastructure_normal_less/000000255127_all__8.npy,Normal
Pistachio/VAD/vit-features/train/normal/infrastructure_normal_less/000000255127_all__9.npy,Normal
Pistachio/VAD/vit-features/train/normal/infrastructure_normal_less/000000255939_all__0.npy,Normal
Pistachio/VAD/vit-features/train/normal/infrastructure_normal_less/000000255939_all__1.npy,Normal
Pistachio/VAD/vit-features/train/normal/infrastructure_normal_less/000000255939_all__2.npy,Normal
Pistachio/VAD/vit-features/train/normal/infrastructure_normal_less/000000255939_all__3.npy,Normal
Pistachio/VAD/vit-features/train/normal/infrastructure_normal_less/000000255939_all__4.npy,Normal
Pistachio/VAD/vit-features/train/normal/infrastructure_normal_less/000000255939_all__5.npy,Normal
Pistachio/VAD/vit-features/train/normal/infrastructure_normal_less/000000255939_all__6.npy,Normal
Pistachio/VAD/vit-features/train/normal/infrastructure_normal_less/000000255939_all__7.npy,Normal
Pistachio/VAD/vit-features/train/normal/infrastructure_normal_less/000000255939_all__8.npy,Normal
Pistachio/VAD/vit-features/train/normal/infrastructure_normal_less/000000255939_all__9.npy,Normal
Pistachio/VAD/vit-features/train/normal/infrastructure_normal_less/000000256770_all__0.npy,Normal
Pistachio/VAD/vit-features/train/normal/infrastructure_normal_less/000000256770_all__1.npy,Normal
Pistachio/VAD/vit-features/train/normal/infrastructure_normal_less/000000256770_all__2.npy,Normal
Pistachio/VAD/vit-features/train/normal/infrastructure_normal_less/000000256770_all__3.npy,Normal
Pistachio/VAD/vit-features/train/normal/infrastructure_normal_less/000000256770_all__4.npy,Normal
Pistachio/VAD/vit-features/train/normal/infrastructure_normal_less/000000256770_all__5.npy,Normal
Pistachio/VAD/vit-features/train/normal/infrastructure_normal_less/000000256770_all__6.npy,Normal
Pistachio/VAD/vit-features/train/normal/infrastructure_normal_less/000000256770_all__7.npy,Normal
Pistachio/VAD/vit-features/train/normal/infrastructure_normal_less/000000256770_all__8.npy,Normal
Pistachio/VAD/vit-features/train/normal/infrastructure_normal_less/000000256770_all__9.npy,Normal
Pistachio/VAD/vit-features/train/normal/infrastructure_normal_less/000000258504_all__0.npy,Normal
Pistachio/VAD/vit-features/train/normal/infrastructure_normal_less/000000258504_all__1.npy,Normal
Pistachio/VAD/vit-features/train/normal/infrastructure_normal_less/000000258504_all__2.npy,Normal
Pistachio/VAD/vit-features/train/normal/infrastructure_normal_less/000000258504_all__3.npy,Normal
Pistachio/VAD/vit-features/train/normal/infrastructure_normal_less/000000258504_all__4.npy,Normal
Pistachio/VAD/vit-features/train/normal/infrastructure_normal_less/000000258504_all__5.npy,Normal
Pistachio/VAD/vit-features/train/normal/infrastructure_normal_less/000000258504_all__6.npy,Normal
Pistachio/VAD/vit-features/train/normal/infrastructure_normal_less/000000258504_all__7.npy,Normal
Pistachio/VAD/vit-features/train/normal/infrastructure_normal_less/000000258504_all__8.npy,Normal
Pistachio/VAD/vit-features/train/normal/infrastructure_normal_less/000000258504_all__9.npy,Normal
Pistachio/VAD/vit-features/train/normal/infrastructure_normal_less/000000262464_all__0.npy,Normal
Pistachio/VAD/vit-features/train/normal/infrastructure_normal_less/000000262464_all__1.npy,Normal
Pistachio/VAD/vit-features/train/normal/infrastructure_normal_less/000000262464_all__2.npy,Normal
Pistachio/VAD/vit-features/train/normal/infrastructure_normal_less/000000262464_all__3.npy,Normal
Pistachio/VAD/vit-features/train/normal/infrastructure_normal_less/000000262464_all__4.npy,Normal
Pistachio/VAD/vit-features/train/normal/infrastructure_normal_less/000000262464_all__5.npy,Normal
Pistachio/VAD/vit-features/train/normal/infrastructure_normal_less/000000262464_all__6.npy,Normal
Pistachio/VAD/vit-features/train/normal/infrastructure_normal_less/000000262464_all__7.npy,Normal
Pistachio/VAD/vit-features/train/normal/infrastructure_normal_less/000000262464_all__8.npy,Normal
Pistachio/VAD/vit-features/train/normal/infrastructure_normal_less/000000262464_all__9.npy,Normal
Pistachio/VAD/vit-features/train/normal/infrastructure_normal_less/000000269241_all__0.npy,Normal
Pistachio/VAD/vit-features/train/normal/infrastructure_normal_less/000000269241_all__1.npy,Normal
Pistachio/VAD/vit-features/train/normal/infrastructure_normal_less/000000269241_all__2.npy,Normal
Pistachio/VAD/vit-features/train/normal/infrastructure_normal_less/000000269241_all__3.npy,Normal
Pistachio/VAD/vit-features/train/normal/infrastructure_normal_less/000000269241_all__4.npy,Normal
Pistachio/VAD/vit-features/train/normal/infrastructure_normal_less/000000269241_all__5.npy,Normal
Pistachio/VAD/vit-features/train/normal/infrastructure_normal_less/000000269241_all__6.npy,Normal
Pistachio/VAD/vit-features/train/normal/infrastructure_normal_less/000000269241_all__7.npy,Normal
Pistachio/VAD/vit-features/train/normal/infrastructure_normal_less/000000269241_all__8.npy,Normal
Pistachio/VAD/vit-features/train/normal/infrastructure_normal_less/000000269241_all__9.npy,Normal
Pistachio/VAD/vit-features/train/normal/infrastructure_normal_less/000000273585_all__0.npy,Normal
Pistachio/VAD/vit-features/train/normal/infrastructure_normal_less/000000273585_all__1.npy,Normal
Pistachio/VAD/vit-features/train/normal/infrastructure_normal_less/000000273585_all__2.npy,Normal
Pistachio/VAD/vit-features/train/normal/infrastructure_normal_less/000000273585_all__3.npy,Normal
Pistachio/VAD/vit-features/train/normal/infrastructure_normal_less/000000273585_all__4.npy,Normal
Pistachio/VAD/vit-features/train/normal/infrastructure_normal_less/000000273585_all__5.npy,Normal
Pistachio/VAD/vit-features/train/normal/infrastructure_normal_less/000000273585_all__6.npy,Normal
Pistachio/VAD/vit-features/train/normal/infrastructure_normal_less/000000273585_all__7.npy,Normal
Pistachio/VAD/vit-features/train/normal/infrastructure_normal_less/000000273585_all__8.npy,Normal
Pistachio/VAD/vit-features/train/normal/infrastructure_normal_less/000000273585_all__9.npy,Normal
Pistachio/VAD/vit-features/train/normal/infrastructure_normal_less/000000275629_all__0.npy,Normal
Pistachio/VAD/vit-features/train/normal/infrastructure_normal_less/000000275629_all__1.npy,Normal
Pistachio/VAD/vit-features/train/normal/infrastructure_normal_less/000000275629_all__2.npy,Normal
Pistachio/VAD/vit-features/train/normal/infrastructure_normal_less/000000275629_all__3.npy,Normal
Pistachio/VAD/vit-features/train/normal/infrastructure_normal_less/000000275629_all__4.npy,Normal
Pistachio/VAD/vit-features/train/normal/infrastructure_normal_less/000000275629_all__5.npy,Normal
Pistachio/VAD/vit-features/train/normal/infrastructure_normal_less/000000275629_all__6.npy,Normal
Pistachio/VAD/vit-features/train/normal/infrastructure_normal_less/000000275629_all__7.npy,Normal
Pistachio/VAD/vit-features/train/normal/infrastructure_normal_less/000000275629_all__8.npy,Normal
Pistachio/VAD/vit-features/train/normal/infrastructure_normal_less/000000275629_all__9.npy,Normal
Pistachio/VAD/vit-features/train/normal/infrastructure_normal_less/000000281778_all__0.npy,Normal
Pistachio/VAD/vit-features/train/normal/infrastructure_normal_less/000000281778_all__1.npy,Normal
Pistachio/VAD/vit-features/train/normal/infrastructure_normal_less/000000281778_all__2.npy,Normal
Pistachio/VAD/vit-features/train/normal/infrastructure_normal_less/000000281778_all__3.npy,Normal
Pistachio/VAD/vit-features/train/normal/infrastructure_normal_less/000000281778_all__4.npy,Normal
Pistachio/VAD/vit-features/train/normal/infrastructure_normal_less/000000281778_all__5.npy,Normal
Pistachio/VAD/vit-features/train/normal/infrastructure_normal_less/000000281778_all__6.npy,Normal
Pistachio/VAD/vit-features/train/normal/infrastructure_normal_less/000000281778_all__7.npy,Normal
Pistachio/VAD/vit-features/train/normal/infrastructure_normal_less/000000281778_all__8.npy,Normal
Pistachio/VAD/vit-features/train/normal/infrastructure_normal_less/000000281778_all__9.npy,Normal
Pistachio/VAD/vit-features/train/normal/infrastructure_normal_less/000000283626_all__0.npy,Normal
Pistachio/VAD/vit-features/train/normal/infrastructure_normal_less/000000283626_all__1.npy,Normal
Pistachio/VAD/vit-features/train/normal/infrastructure_normal_less/000000283626_all__2.npy,Normal
Pistachio/VAD/vit-features/train/normal/infrastructure_normal_less/000000283626_all__3.npy,Normal
Pistachio/VAD/vit-features/train/normal/infrastructure_normal_less/000000283626_all__4.npy,Normal
Pistachio/VAD/vit-features/train/normal/infrastructure_normal_less/000000283626_all__5.npy,Normal
Pistachio/VAD/vit-features/train/normal/infrastructure_normal_less/000000283626_all__6.npy,Normal
Pistachio/VAD/vit-features/train/normal/infrastructure_normal_less/000000283626_all__7.npy,Normal
Pistachio/VAD/vit-features/train/normal/infrastructure_normal_less/000000283626_all__8.npy,Normal
Pistachio/VAD/vit-features/train/normal/infrastructure_normal_less/000000283626_all__9.npy,Normal
Pistachio/VAD/vit-features/train/normal/infrastructure_normal_less/000000288010_all__0.npy,Normal
Pistachio/VAD/vit-features/train/normal/infrastructure_normal_less/000000288010_all__1.npy,Normal
Pistachio/VAD/vit-features/train/normal/infrastructure_normal_less/000000288010_all__2.npy,Normal
Pistachio/VAD/vit-features/train/normal/infrastructure_normal_less/000000288010_all__3.npy,Normal
Pistachio/VAD/vit-features/train/normal/infrastructure_normal_less/000000288010_all__4.npy,Normal
Pistachio/VAD/vit-features/train/normal/infrastructure_normal_less/000000288010_all__5.npy,Normal
Pistachio/VAD/vit-features/train/normal/infrastructure_normal_less/000000288010_all__6.npy,Normal
Pistachio/VAD/vit-features/train/normal/infrastructure_normal_less/000000288010_all__7.npy,Normal
Pistachio/VAD/vit-features/train/normal/infrastructure_normal_less/000000288010_all__8.npy,Normal
Pistachio/VAD/vit-features/train/normal/infrastructure_normal_less/000000288010_all__9.npy,Normal
Pistachio/VAD/vit-features/train/normal/infrastructure_normal_less/000000291338_all__0.npy,Normal
Pistachio/VAD/vit-features/train/normal/infrastructure_normal_less/000000291338_all__1.npy,Normal
Pistachio/VAD/vit-features/train/normal/infrastructure_normal_less/000000291338_all__2.npy,Normal
Pistachio/VAD/vit-features/train/normal/infrastructure_normal_less/000000291338_all__3.npy,Normal
Pistachio/VAD/vit-features/train/normal/infrastructure_normal_less/000000291338_all__4.npy,Normal
Pistachio/VAD/vit-features/train/normal/infrastructure_normal_less/000000291338_all__5.npy,Normal
Pistachio/VAD/vit-features/train/normal/infrastructure_normal_less/000000291338_all__6.npy,Normal
Pistachio/VAD/vit-features/train/normal/infrastructure_normal_less/000000291338_all__7.npy,Normal
Pistachio/VAD/vit-features/train/normal/infrastructure_normal_less/000000291338_all__8.npy,Normal
Pistachio/VAD/vit-features/train/normal/infrastructure_normal_less/000000291338_all__9.npy,Normal
Pistachio/VAD/vit-features/train/normal/infrastructure_normal_less/000000292246_all__0.npy,Normal
Pistachio/VAD/vit-features/train/normal/infrastructure_normal_less/000000292246_all__1.npy,Normal
Pistachio/VAD/vit-features/train/normal/infrastructure_normal_less/000000292246_all__2.npy,Normal
Pistachio/VAD/vit-features/train/normal/infrastructure_normal_less/000000292246_all__3.npy,Normal
Pistachio/VAD/vit-features/train/normal/infrastructure_normal_less/000000292246_all__4.npy,Normal
Pistachio/VAD/vit-features/train/normal/infrastructure_normal_less/000000292246_all__5.npy,Normal
Pistachio/VAD/vit-features/train/normal/infrastructure_normal_less/000000292246_all__6.npy,Normal
Pistachio/VAD/vit-features/train/normal/infrastructure_normal_less/000000292246_all__7.npy,Normal
Pistachio/VAD/vit-features/train/normal/infrastructure_normal_less/000000292246_all__8.npy,Normal
Pistachio/VAD/vit-features/train/normal/infrastructure_normal_less/000000292246_all__9.npy,Normal
Pistachio/VAD/vit-features/train/normal/infrastructure_normal_less/000000296516_all__0.npy,Normal
Pistachio/VAD/vit-features/train/normal/infrastructure_normal_less/000000296516_all__1.npy,Normal
Pistachio/VAD/vit-features/train/normal/infrastructure_normal_less/000000296516_all__2.npy,Normal
Pistachio/VAD/vit-features/train/normal/infrastructure_normal_less/000000296516_all__3.npy,Normal
Pistachio/VAD/vit-features/train/normal/infrastructure_normal_less/000000296516_all__4.npy,Normal
Pistachio/VAD/vit-features/train/normal/infrastructure_normal_less/000000296516_all__5.npy,Normal
Pistachio/VAD/vit-features/train/normal/infrastructure_normal_less/000000296516_all__6.npy,Normal
Pistachio/VAD/vit-features/train/normal/infrastructure_normal_less/000000296516_all__7.npy,Normal
Pistachio/VAD/vit-features/train/normal/infrastructure_normal_less/000000296516_all__8.npy,Normal
Pistachio/VAD/vit-features/train/normal/infrastructure_normal_less/000000296516_all__9.npy,Normal
Pistachio/VAD/vit-features/train/normal/infrastructure_normal_less/000000297554_all__0.npy,Normal
Pistachio/VAD/vit-features/train/normal/infrastructure_normal_less/000000297554_all__1.npy,Normal
Pistachio/VAD/vit-features/train/normal/infrastructure_normal_less/000000297554_all__2.npy,Normal
Pistachio/VAD/vit-features/train/normal/infrastructure_normal_less/000000297554_all__3.npy,Normal
Pistachio/VAD/vit-features/train/normal/infrastructure_normal_less/000000297554_all__4.npy,Normal
Pistachio/VAD/vit-features/train/normal/infrastructure_normal_less/000000297554_all__5.npy,Normal
Pistachio/VAD/vit-features/train/normal/infrastructure_normal_less/000000297554_all__6.npy,Normal
Pistachio/VAD/vit-features/train/normal/infrastructure_normal_less/000000297554_all__7.npy,Normal
Pistachio/VAD/vit-features/train/normal/infrastructure_normal_less/000000297554_all__8.npy,Normal
Pistachio/VAD/vit-features/train/normal/infrastructure_normal_less/000000297554_all__9.npy,Normal
Pistachio/VAD/vit-features/train/normal/infrastructure_normal_less/000000299142_all__0.npy,Normal
Pistachio/VAD/vit-features/train/normal/infrastructure_normal_less/000000299142_all__1.npy,Normal
Pistachio/VAD/vit-features/train/normal/infrastructure_normal_less/000000299142_all__2.npy,Normal
Pistachio/VAD/vit-features/train/normal/infrastructure_normal_less/000000299142_all__3.npy,Normal
Pistachio/VAD/vit-features/train/normal/infrastructure_normal_less/000000299142_all__4.npy,Normal
Pistachio/VAD/vit-features/train/normal/infrastructure_normal_less/000000299142_all__5.npy,Normal
Pistachio/VAD/vit-features/train/normal/infrastructure_normal_less/000000299142_all__6.npy,Normal
Pistachio/VAD/vit-features/train/normal/infrastructure_normal_less/000000299142_all__7.npy,Normal
Pistachio/VAD/vit-features/train/normal/infrastructure_normal_less/000000299142_all__8.npy,Normal
Pistachio/VAD/vit-features/train/normal/infrastructure_normal_less/000000299142_all__9.npy,Normal
Pistachio/VAD/vit-features/train/normal/infrastructure_normal_less/000000308483_all__0.npy,Normal
Pistachio/VAD/vit-features/train/normal/infrastructure_normal_less/000000308483_all__1.npy,Normal
Pistachio/VAD/vit-features/train/normal/infrastructure_normal_less/000000308483_all__2.npy,Normal
Pistachio/VAD/vit-features/train/normal/infrastructure_normal_less/000000308483_all__3.npy,Normal
Pistachio/VAD/vit-features/train/normal/infrastructure_normal_less/000000308483_all__4.npy,Normal
Pistachio/VAD/vit-features/train/normal/infrastructure_normal_less/000000308483_all__5.npy,Normal
Pistachio/VAD/vit-features/train/normal/infrastructure_normal_less/000000308483_all__6.npy,Normal
Pistachio/VAD/vit-features/train/normal/infrastructure_normal_less/000000308483_all__7.npy,Normal
Pistachio/VAD/vit-features/train/normal/infrastructure_normal_less/000000308483_all__8.npy,Normal
Pistachio/VAD/vit-features/train/normal/infrastructure_normal_less/000000308483_all__9.npy,Normal
Pistachio/VAD/vit-features/train/normal/infrastructure_normal_less/000000309594_all__0.npy,Normal
Pistachio/VAD/vit-features/train/normal/infrastructure_normal_less/000000309594_all__1.npy,Normal
Pistachio/VAD/vit-features/train/normal/infrastructure_normal_less/000000309594_all__2.npy,Normal
Pistachio/VAD/vit-features/train/normal/infrastructure_normal_less/000000309594_all__3.npy,Normal
Pistachio/VAD/vit-features/train/normal/infrastructure_normal_less/000000309594_all__4.npy,Normal
Pistachio/VAD/vit-features/train/normal/infrastructure_normal_less/000000309594_all__5.npy,Normal
Pistachio/VAD/vit-features/train/normal/infrastructure_normal_less/000000309594_all__6.npy,Normal
Pistachio/VAD/vit-features/train/normal/infrastructure_normal_less/000000309594_all__7.npy,Normal
Pistachio/VAD/vit-features/train/normal/infrastructure_normal_less/000000309594_all__8.npy,Normal
Pistachio/VAD/vit-features/train/normal/infrastructure_normal_less/000000309594_all__9.npy,Normal
Pistachio/VAD/vit-features/train/normal/infrastructure_normal_less/000000311772_all__0.npy,Normal
Pistachio/VAD/vit-features/train/normal/infrastructure_normal_less/000000311772_all__1.npy,Normal
Pistachio/VAD/vit-features/train/normal/infrastructure_normal_less/000000311772_all__2.npy,Normal
Pistachio/VAD/vit-features/train/normal/infrastructure_normal_less/000000311772_all__3.npy,Normal
Pistachio/VAD/vit-features/train/normal/infrastructure_normal_less/000000311772_all__4.npy,Normal
Pistachio/VAD/vit-features/train/normal/infrastructure_normal_less/000000311772_all__5.npy,Normal
Pistachio/VAD/vit-features/train/normal/infrastructure_normal_less/000000311772_all__6.npy,Normal
Pistachio/VAD/vit-features/train/normal/infrastructure_normal_less/000000311772_all__7.npy,Normal
Pistachio/VAD/vit-features/train/normal/infrastructure_normal_less/000000311772_all__8.npy,Normal
Pistachio/VAD/vit-features/train/normal/infrastructure_normal_less/000000311772_all__9.npy,Normal
Pistachio/VAD/vit-features/train/normal/infrastructure_normal_less/000000311825_all__0.npy,Normal
Pistachio/VAD/vit-features/train/normal/infrastructure_normal_less/000000311825_all__1.npy,Normal
Pistachio/VAD/vit-features/train/normal/infrastructure_normal_less/000000311825_all__2.npy,Normal
Pistachio/VAD/vit-features/train/normal/infrastructure_normal_less/000000311825_all__3.npy,Normal
Pistachio/VAD/vit-features/train/normal/infrastructure_normal_less/000000311825_all__4.npy,Normal
Pistachio/VAD/vit-features/train/normal/infrastructure_normal_less/000000311825_all__5.npy,Normal
Pistachio/VAD/vit-features/train/normal/infrastructure_normal_less/000000311825_all__6.npy,Normal
Pistachio/VAD/vit-features/train/normal/infrastructure_normal_less/000000311825_all__7.npy,Normal
Pistachio/VAD/vit-features/train/normal/infrastructure_normal_less/000000311825_all__8.npy,Normal
Pistachio/VAD/vit-features/train/normal/infrastructure_normal_less/000000311825_all__9.npy,Normal
Pistachio/VAD/vit-features/train/normal/infrastructure_normal_less/000000312244_all__0.npy,Normal
Pistachio/VAD/vit-features/train/normal/infrastructure_normal_less/000000312244_all__1.npy,Normal
Pistachio/VAD/vit-features/train/normal/infrastructure_normal_less/000000312244_all__2.npy,Normal
Pistachio/VAD/vit-features/train/normal/infrastructure_normal_less/000000312244_all__3.npy,Normal
Pistachio/VAD/vit-features/train/normal/infrastructure_normal_less/000000312244_all__4.npy,Normal
Pistachio/VAD/vit-features/train/normal/infrastructure_normal_less/000000312244_all__5.npy,Normal
Pistachio/VAD/vit-features/train/normal/infrastructure_normal_less/000000312244_all__6.npy,Normal
Pistachio/VAD/vit-features/train/normal/infrastructure_normal_less/000000312244_all__7.npy,Normal
Pistachio/VAD/vit-features/train/normal/infrastructure_normal_less/000000312244_all__8.npy,Normal
Pistachio/VAD/vit-features/train/normal/infrastructure_normal_less/000000312244_all__9.npy,Normal
Pistachio/VAD/vit-features/train/normal/infrastructure_normal_less/000000315167_all__0.npy,Normal
Pistachio/VAD/vit-features/train/normal/infrastructure_normal_less/000000315167_all__1.npy,Normal
Pistachio/VAD/vit-features/train/normal/infrastructure_normal_less/000000315167_all__2.npy,Normal
Pistachio/VAD/vit-features/train/normal/infrastructure_normal_less/000000315167_all__3.npy,Normal
Pistachio/VAD/vit-features/train/normal/infrastructure_normal_less/000000315167_all__4.npy,Normal
Pistachio/VAD/vit-features/train/normal/infrastructure_normal_less/000000315167_all__5.npy,Normal
Pistachio/VAD/vit-features/train/normal/infrastructure_normal_less/000000315167_all__6.npy,Normal
Pistachio/VAD/vit-features/train/normal/infrastructure_normal_less/000000315167_all__7.npy,Normal
Pistachio/VAD/vit-features/train/normal/infrastructure_normal_less/000000315167_all__8.npy,Normal
Pistachio/VAD/vit-features/train/normal/infrastructure_normal_less/000000315167_all__9.npy,Normal
Pistachio/VAD/vit-features/train/normal/infrastructure_normal_less/000000319498_all__0.npy,Normal
Pistachio/VAD/vit-features/train/normal/infrastructure_normal_less/000000319498_all__1.npy,Normal
Pistachio/VAD/vit-features/train/normal/infrastructure_normal_less/000000319498_all__2.npy,Normal
Pistachio/VAD/vit-features/train/normal/infrastructure_normal_less/000000319498_all__3.npy,Normal
Pistachio/VAD/vit-features/train/normal/infrastructure_normal_less/000000319498_all__4.npy,Normal
Pistachio/VAD/vit-features/train/normal/infrastructure_normal_less/000000319498_all__5.npy,Normal
Pistachio/VAD/vit-features/train/normal/infrastructure_normal_less/000000319498_all__6.npy,Normal
Pistachio/VAD/vit-features/train/normal/infrastructure_normal_less/000000319498_all__7.npy,Normal
Pistachio/VAD/vit-features/train/normal/infrastructure_normal_less/000000319498_all__8.npy,Normal
Pistachio/VAD/vit-features/train/normal/infrastructure_normal_less/000000319498_all__9.npy,Normal
Pistachio/VAD/vit-features/train/normal/infrastructure_normal_less/000000328060_all__0.npy,Normal
Pistachio/VAD/vit-features/train/normal/infrastructure_normal_less/000000328060_all__1.npy,Normal
Pistachio/VAD/vit-features/train/normal/infrastructure_normal_less/000000328060_all__2.npy,Normal
Pistachio/VAD/vit-features/train/normal/infrastructure_normal_less/000000328060_all__3.npy,Normal
Pistachio/VAD/vit-features/train/normal/infrastructure_normal_less/000000328060_all__4.npy,Normal
Pistachio/VAD/vit-features/train/normal/infrastructure_normal_less/000000328060_all__5.npy,Normal
Pistachio/VAD/vit-features/train/normal/infrastructure_normal_less/000000328060_all__6.npy,Normal
Pistachio/VAD/vit-features/train/normal/infrastructure_normal_less/000000328060_all__7.npy,Normal
Pistachio/VAD/vit-features/train/normal/infrastructure_normal_less/000000328060_all__8.npy,Normal
Pistachio/VAD/vit-features/train/normal/infrastructure_normal_less/000000328060_all__9.npy,Normal
Pistachio/VAD/vit-features/train/normal/infrastructure_normal_less/000000329070_all__0.npy,Normal
Pistachio/VAD/vit-features/train/normal/infrastructure_normal_less/000000329070_all__1.npy,Normal
Pistachio/VAD/vit-features/train/normal/infrastructure_normal_less/000000329070_all__2.npy,Normal
Pistachio/VAD/vit-features/train/normal/infrastructure_normal_less/000000329070_all__3.npy,Normal
Pistachio/VAD/vit-features/train/normal/infrastructure_normal_less/000000329070_all__4.npy,Normal
Pistachio/VAD/vit-features/train/normal/infrastructure_normal_less/000000329070_all__5.npy,Normal
Pistachio/VAD/vit-features/train/normal/infrastructure_normal_less/000000329070_all__6.npy,Normal
Pistachio/VAD/vit-features/train/normal/infrastructure_normal_less/000000329070_all__7.npy,Normal
Pistachio/VAD/vit-features/train/normal/infrastructure_normal_less/000000329070_all__8.npy,Normal
Pistachio/VAD/vit-features/train/normal/infrastructure_normal_less/000000329070_all__9.npy,Normal
Pistachio/VAD/vit-features/train/normal/infrastructure_normal_less/000000336200_all__0.npy,Normal
Pistachio/VAD/vit-features/train/normal/infrastructure_normal_less/000000336200_all__1.npy,Normal
Pistachio/VAD/vit-features/train/normal/infrastructure_normal_less/000000336200_all__2.npy,Normal
Pistachio/VAD/vit-features/train/normal/infrastructure_normal_less/000000336200_all__3.npy,Normal
Pistachio/VAD/vit-features/train/normal/infrastructure_normal_less/000000336200_all__4.npy,Normal
Pistachio/VAD/vit-features/train/normal/infrastructure_normal_less/000000336200_all__5.npy,Normal
Pistachio/VAD/vit-features/train/normal/infrastructure_normal_less/000000336200_all__6.npy,Normal
Pistachio/VAD/vit-features/train/normal/infrastructure_normal_less/000000336200_all__7.npy,Normal
Pistachio/VAD/vit-features/train/normal/infrastructure_normal_less/000000336200_all__8.npy,Normal
Pistachio/VAD/vit-features/train/normal/infrastructure_normal_less/000000336200_all__9.npy,Normal
Pistachio/VAD/vit-features/train/normal/infrastructure_normal_less/000000339037_all__0.npy,Normal
Pistachio/VAD/vit-features/train/normal/infrastructure_normal_less/000000339037_all__1.npy,Normal
Pistachio/VAD/vit-features/train/normal/infrastructure_normal_less/000000339037_all__2.npy,Normal
Pistachio/VAD/vit-features/train/normal/infrastructure_normal_less/000000339037_all__3.npy,Normal
Pistachio/VAD/vit-features/train/normal/infrastructure_normal_less/000000339037_all__4.npy,Normal
Pistachio/VAD/vit-features/train/normal/infrastructure_normal_less/000000339037_all__5.npy,Normal
Pistachio/VAD/vit-features/train/normal/infrastructure_normal_less/000000339037_all__6.npy,Normal
Pistachio/VAD/vit-features/train/normal/infrastructure_normal_less/000000339037_all__7.npy,Normal
Pistachio/VAD/vit-features/train/normal/infrastructure_normal_less/000000339037_all__8.npy,Normal
Pistachio/VAD/vit-features/train/normal/infrastructure_normal_less/000000339037_all__9.npy,Normal
Pistachio/VAD/vit-features/train/normal/infrastructure_normal_less/000000341249_all__0.npy,Normal
Pistachio/VAD/vit-features/train/normal/infrastructure_normal_less/000000341249_all__1.npy,Normal
Pistachio/VAD/vit-features/train/normal/infrastructure_normal_less/000000341249_all__2.npy,Normal
Pistachio/VAD/vit-features/train/normal/infrastructure_normal_less/000000341249_all__3.npy,Normal
Pistachio/VAD/vit-features/train/normal/infrastructure_normal_less/000000341249_all__4.npy,Normal
Pistachio/VAD/vit-features/train/normal/infrastructure_normal_less/000000341249_all__5.npy,Normal
Pistachio/VAD/vit-features/train/normal/infrastructure_normal_less/000000341249_all__6.npy,Normal
Pistachio/VAD/vit-features/train/normal/infrastructure_normal_less/000000341249_all__7.npy,Normal
Pistachio/VAD/vit-features/train/normal/infrastructure_normal_less/000000341249_all__8.npy,Normal
Pistachio/VAD/vit-features/train/normal/infrastructure_normal_less/000000341249_all__9.npy,Normal
Pistachio/VAD/vit-features/train/normal/infrastructure_normal_less/000000343592_all__0.npy,Normal
Pistachio/VAD/vit-features/train/normal/infrastructure_normal_less/000000343592_all__1.npy,Normal
Pistachio/VAD/vit-features/train/normal/infrastructure_normal_less/000000343592_all__2.npy,Normal
Pistachio/VAD/vit-features/train/normal/infrastructure_normal_less/000000343592_all__3.npy,Normal
Pistachio/VAD/vit-features/train/normal/infrastructure_normal_less/000000343592_all__4.npy,Normal
Pistachio/VAD/vit-features/train/normal/infrastructure_normal_less/000000343592_all__5.npy,Normal
Pistachio/VAD/vit-features/train/normal/infrastructure_normal_less/000000343592_all__6.npy,Normal
Pistachio/VAD/vit-features/train/normal/infrastructure_normal_less/000000343592_all__7.npy,Normal
Pistachio/VAD/vit-features/train/normal/infrastructure_normal_less/000000343592_all__8.npy,Normal
Pistachio/VAD/vit-features/train/normal/infrastructure_normal_less/000000343592_all__9.npy,Normal
Pistachio/VAD/vit-features/train/normal/infrastructure_normal_less/000000343931_all__0.npy,Normal
Pistachio/VAD/vit-features/train/normal/infrastructure_normal_less/000000343931_all__1.npy,Normal
Pistachio/VAD/vit-features/train/normal/infrastructure_normal_less/000000343931_all__2.npy,Normal
Pistachio/VAD/vit-features/train/normal/infrastructure_normal_less/000000343931_all__3.npy,Normal
Pistachio/VAD/vit-features/train/normal/infrastructure_normal_less/000000343931_all__4.npy,Normal
Pistachio/VAD/vit-features/train/normal/infrastructure_normal_less/000000343931_all__5.npy,Normal
Pistachio/VAD/vit-features/train/normal/infrastructure_normal_less/000000343931_all__6.npy,Normal
Pistachio/VAD/vit-features/train/normal/infrastructure_normal_less/000000343931_all__7.npy,Normal
Pistachio/VAD/vit-features/train/normal/infrastructure_normal_less/000000343931_all__8.npy,Normal
Pistachio/VAD/vit-features/train/normal/infrastructure_normal_less/000000343931_all__9.npy,Normal
Pistachio/VAD/vit-features/train/normal/infrastructure_normal_less/000000347103_all__0.npy,Normal
Pistachio/VAD/vit-features/train/normal/infrastructure_normal_less/000000347103_all__1.npy,Normal
Pistachio/VAD/vit-features/train/normal/infrastructure_normal_less/000000347103_all__2.npy,Normal
Pistachio/VAD/vit-features/train/normal/infrastructure_normal_less/000000347103_all__3.npy,Normal
Pistachio/VAD/vit-features/train/normal/infrastructure_normal_less/000000347103_all__4.npy,Normal
Pistachio/VAD/vit-features/train/normal/infrastructure_normal_less/000000347103_all__5.npy,Normal
Pistachio/VAD/vit-features/train/normal/infrastructure_normal_less/000000347103_all__6.npy,Normal
Pistachio/VAD/vit-features/train/normal/infrastructure_normal_less/000000347103_all__7.npy,Normal
Pistachio/VAD/vit-features/train/normal/infrastructure_normal_less/000000347103_all__8.npy,Normal
Pistachio/VAD/vit-features/train/normal/infrastructure_normal_less/000000347103_all__9.npy,Normal
Pistachio/VAD/vit-features/train/normal/infrastructure_normal_less/000000348412_all__0.npy,Normal
Pistachio/VAD/vit-features/train/normal/infrastructure_normal_less/000000348412_all__1.npy,Normal
Pistachio/VAD/vit-features/train/normal/infrastructure_normal_less/000000348412_all__2.npy,Normal
Pistachio/VAD/vit-features/train/normal/infrastructure_normal_less/000000348412_all__3.npy,Normal
Pistachio/VAD/vit-features/train/normal/infrastructure_normal_less/000000348412_all__4.npy,Normal
Pistachio/VAD/vit-features/train/normal/infrastructure_normal_less/000000348412_all__5.npy,Normal
Pistachio/VAD/vit-features/train/normal/infrastructure_normal_less/000000348412_all__6.npy,Normal
Pistachio/VAD/vit-features/train/normal/infrastructure_normal_less/000000348412_all__7.npy,Normal
Pistachio/VAD/vit-features/train/normal/infrastructure_normal_less/000000348412_all__8.npy,Normal
Pistachio/VAD/vit-features/train/normal/infrastructure_normal_less/000000348412_all__9.npy,Normal
Pistachio/VAD/vit-features/train/normal/infrastructure_normal_less/000000352798_all__0.npy,Normal
Pistachio/VAD/vit-features/train/normal/infrastructure_normal_less/000000352798_all__1.npy,Normal
Pistachio/VAD/vit-features/train/normal/infrastructure_normal_less/000000352798_all__2.npy,Normal
Pistachio/VAD/vit-features/train/normal/infrastructure_normal_less/000000352798_all__3.npy,Normal
Pistachio/VAD/vit-features/train/normal/infrastructure_normal_less/000000352798_all__4.npy,Normal
Pistachio/VAD/vit-features/train/normal/infrastructure_normal_less/000000352798_all__5.npy,Normal
Pistachio/VAD/vit-features/train/normal/infrastructure_normal_less/000000352798_all__6.npy,Normal
Pistachio/VAD/vit-features/train/normal/infrastructure_normal_less/000000352798_all__7.npy,Normal
Pistachio/VAD/vit-features/train/normal/infrastructure_normal_less/000000352798_all__8.npy,Normal
Pistachio/VAD/vit-features/train/normal/infrastructure_normal_less/000000352798_all__9.npy,Normal
Pistachio/VAD/vit-features/train/normal/infrastructure_normal_less/000000354152_all__0.npy,Normal
Pistachio/VAD/vit-features/train/normal/infrastructure_normal_less/000000354152_all__1.npy,Normal
Pistachio/VAD/vit-features/train/normal/infrastructure_normal_less/000000354152_all__2.npy,Normal
Pistachio/VAD/vit-features/train/normal/infrastructure_normal_less/000000354152_all__3.npy,Normal
Pistachio/VAD/vit-features/train/normal/infrastructure_normal_less/000000354152_all__4.npy,Normal
Pistachio/VAD/vit-features/train/normal/infrastructure_normal_less/000000354152_all__5.npy,Normal
Pistachio/VAD/vit-features/train/normal/infrastructure_normal_less/000000354152_all__6.npy,Normal
Pistachio/VAD/vit-features/train/normal/infrastructure_normal_less/000000354152_all__7.npy,Normal
Pistachio/VAD/vit-features/train/normal/infrastructure_normal_less/000000354152_all__8.npy,Normal
Pistachio/VAD/vit-features/train/normal/infrastructure_normal_less/000000354152_all__9.npy,Normal
Pistachio/VAD/vit-features/train/normal/infrastructure_normal_less/000000355340_all__0.npy,Normal
Pistachio/VAD/vit-features/train/normal/infrastructure_normal_less/000000355340_all__1.npy,Normal
Pistachio/VAD/vit-features/train/normal/infrastructure_normal_less/000000355340_all__2.npy,Normal
Pistachio/VAD/vit-features/train/normal/infrastructure_normal_less/000000355340_all__3.npy,Normal
Pistachio/VAD/vit-features/train/normal/infrastructure_normal_less/000000355340_all__4.npy,Normal
Pistachio/VAD/vit-features/train/normal/infrastructure_normal_less/000000355340_all__5.npy,Normal
Pistachio/VAD/vit-features/train/normal/infrastructure_normal_less/000000355340_all__6.npy,Normal
Pistachio/VAD/vit-features/train/normal/infrastructure_normal_less/000000355340_all__7.npy,Normal
Pistachio/VAD/vit-features/train/normal/infrastructure_normal_less/000000355340_all__8.npy,Normal
Pistachio/VAD/vit-features/train/normal/infrastructure_normal_less/000000355340_all__9.npy,Normal
Pistachio/VAD/vit-features/train/normal/infrastructure_normal_less/000000355390_all__0.npy,Normal
Pistachio/VAD/vit-features/train/normal/infrastructure_normal_less/000000355390_all__1.npy,Normal
Pistachio/VAD/vit-features/train/normal/infrastructure_normal_less/000000355390_all__2.npy,Normal
Pistachio/VAD/vit-features/train/normal/infrastructure_normal_less/000000355390_all__3.npy,Normal
Pistachio/VAD/vit-features/train/normal/infrastructure_normal_less/000000355390_all__4.npy,Normal
Pistachio/VAD/vit-features/train/normal/infrastructure_normal_less/000000355390_all__5.npy,Normal
Pistachio/VAD/vit-features/train/normal/infrastructure_normal_less/000000355390_all__6.npy,Normal
Pistachio/VAD/vit-features/train/normal/infrastructure_normal_less/000000355390_all__7.npy,Normal
Pistachio/VAD/vit-features/train/normal/infrastructure_normal_less/000000355390_all__8.npy,Normal
Pistachio/VAD/vit-features/train/normal/infrastructure_normal_less/000000355390_all__9.npy,Normal
Pistachio/VAD/vit-features/train/normal/infrastructure_normal_less/000000361702_all__0.npy,Normal
Pistachio/VAD/vit-features/train/normal/infrastructure_normal_less/000000361702_all__1.npy,Normal
Pistachio/VAD/vit-features/train/normal/infrastructure_normal_less/000000361702_all__2.npy,Normal
Pistachio/VAD/vit-features/train/normal/infrastructure_normal_less/000000361702_all__3.npy,Normal
Pistachio/VAD/vit-features/train/normal/infrastructure_normal_less/000000361702_all__4.npy,Normal
Pistachio/VAD/vit-features/train/normal/infrastructure_normal_less/000000361702_all__5.npy,Normal
Pistachio/VAD/vit-features/train/normal/infrastructure_normal_less/000000361702_all__6.npy,Normal
Pistachio/VAD/vit-features/train/normal/infrastructure_normal_less/000000361702_all__7.npy,Normal
Pistachio/VAD/vit-features/train/normal/infrastructure_normal_less/000000361702_all__8.npy,Normal
Pistachio/VAD/vit-features/train/normal/infrastructure_normal_less/000000361702_all__9.npy,Normal
Pistachio/VAD/vit-features/train/normal/infrastructure_normal_less/000000363235_all__0.npy,Normal
Pistachio/VAD/vit-features/train/normal/infrastructure_normal_less/000000363235_all__1.npy,Normal
Pistachio/VAD/vit-features/train/normal/infrastructure_normal_less/000000363235_all__2.npy,Normal
Pistachio/VAD/vit-features/train/normal/infrastructure_normal_less/000000363235_all__3.npy,Normal
Pistachio/VAD/vit-features/train/normal/infrastructure_normal_less/000000363235_all__4.npy,Normal
Pistachio/VAD/vit-features/train/normal/infrastructure_normal_less/000000363235_all__5.npy,Normal
Pistachio/VAD/vit-features/train/normal/infrastructure_normal_less/000000363235_all__6.npy,Normal
Pistachio/VAD/vit-features/train/normal/infrastructure_normal_less/000000363235_all__7.npy,Normal
Pistachio/VAD/vit-features/train/normal/infrastructure_normal_less/000000363235_all__8.npy,Normal
Pistachio/VAD/vit-features/train/normal/infrastructure_normal_less/000000363235_all__9.npy,Normal
Pistachio/VAD/vit-features/train/normal/infrastructure_normal_less/000000363330_all__0.npy,Normal
Pistachio/VAD/vit-features/train/normal/infrastructure_normal_less/000000363330_all__1.npy,Normal
Pistachio/VAD/vit-features/train/normal/infrastructure_normal_less/000000363330_all__2.npy,Normal
Pistachio/VAD/vit-features/train/normal/infrastructure_normal_less/000000363330_all__3.npy,Normal
Pistachio/VAD/vit-features/train/normal/infrastructure_normal_less/000000363330_all__4.npy,Normal
Pistachio/VAD/vit-features/train/normal/infrastructure_normal_less/000000363330_all__5.npy,Normal
Pistachio/VAD/vit-features/train/normal/infrastructure_normal_less/000000363330_all__6.npy,Normal
Pistachio/VAD/vit-features/train/normal/infrastructure_normal_less/000000363330_all__7.npy,Normal
Pistachio/VAD/vit-features/train/normal/infrastructure_normal_less/000000363330_all__8.npy,Normal
Pistachio/VAD/vit-features/train/normal/infrastructure_normal_less/000000363330_all__9.npy,Normal
Pistachio/VAD/vit-features/train/normal/infrastructure_normal_less/000000363918_all__0.npy,Normal
Pistachio/VAD/vit-features/train/normal/infrastructure_normal_less/000000363918_all__1.npy,Normal
Pistachio/VAD/vit-features/train/normal/infrastructure_normal_less/000000363918_all__2.npy,Normal
Pistachio/VAD/vit-features/train/normal/infrastructure_normal_less/000000363918_all__3.npy,Normal
Pistachio/VAD/vit-features/train/normal/infrastructure_normal_less/000000363918_all__4.npy,Normal
Pistachio/VAD/vit-features/train/normal/infrastructure_normal_less/000000363918_all__5.npy,Normal
Pistachio/VAD/vit-features/train/normal/infrastructure_normal_less/000000363918_all__6.npy,Normal
Pistachio/VAD/vit-features/train/normal/infrastructure_normal_less/000000363918_all__7.npy,Normal
Pistachio/VAD/vit-features/train/normal/infrastructure_normal_less/000000363918_all__8.npy,Normal
Pistachio/VAD/vit-features/train/normal/infrastructure_normal_less/000000363918_all__9.npy,Normal
Pistachio/VAD/vit-features/train/normal/infrastructure_normal_less/000000368911_all__0.npy,Normal
Pistachio/VAD/vit-features/train/normal/infrastructure_normal_less/000000368911_all__1.npy,Normal
Pistachio/VAD/vit-features/train/normal/infrastructure_normal_less/000000368911_all__2.npy,Normal
Pistachio/VAD/vit-features/train/normal/infrastructure_normal_less/000000368911_all__3.npy,Normal
Pistachio/VAD/vit-features/train/normal/infrastructure_normal_less/000000368911_all__4.npy,Normal
Pistachio/VAD/vit-features/train/normal/infrastructure_normal_less/000000368911_all__5.npy,Normal
Pistachio/VAD/vit-features/train/normal/infrastructure_normal_less/000000368911_all__6.npy,Normal
Pistachio/VAD/vit-features/train/normal/infrastructure_normal_less/000000368911_all__7.npy,Normal
Pistachio/VAD/vit-features/train/normal/infrastructure_normal_less/000000368911_all__8.npy,Normal
Pistachio/VAD/vit-features/train/normal/infrastructure_normal_less/000000368911_all__9.npy,Normal
Pistachio/VAD/vit-features/train/normal/infrastructure_normal_less/000000371297_all__0.npy,Normal
Pistachio/VAD/vit-features/train/normal/infrastructure_normal_less/000000371297_all__1.npy,Normal
Pistachio/VAD/vit-features/train/normal/infrastructure_normal_less/000000371297_all__2.npy,Normal
Pistachio/VAD/vit-features/train/normal/infrastructure_normal_less/000000371297_all__3.npy,Normal
Pistachio/VAD/vit-features/train/normal/infrastructure_normal_less/000000371297_all__4.npy,Normal
Pistachio/VAD/vit-features/train/normal/infrastructure_normal_less/000000371297_all__5.npy,Normal
Pistachio/VAD/vit-features/train/normal/infrastructure_normal_less/000000371297_all__6.npy,Normal
Pistachio/VAD/vit-features/train/normal/infrastructure_normal_less/000000371297_all__7.npy,Normal
Pistachio/VAD/vit-features/train/normal/infrastructure_normal_less/000000371297_all__8.npy,Normal
Pistachio/VAD/vit-features/train/normal/infrastructure_normal_less/000000371297_all__9.npy,Normal
Pistachio/VAD/vit-features/train/normal/infrastructure_normal_less/000000373944_all__0.npy,Normal
Pistachio/VAD/vit-features/train/normal/infrastructure_normal_less/000000373944_all__1.npy,Normal
Pistachio/VAD/vit-features/train/normal/infrastructure_normal_less/000000373944_all__2.npy,Normal
Pistachio/VAD/vit-features/train/normal/infrastructure_normal_less/000000373944_all__3.npy,Normal
Pistachio/VAD/vit-features/train/normal/infrastructure_normal_less/000000373944_all__4.npy,Normal
Pistachio/VAD/vit-features/train/normal/infrastructure_normal_less/000000373944_all__5.npy,Normal
Pistachio/VAD/vit-features/train/normal/infrastructure_normal_less/000000373944_all__6.npy,Normal
Pistachio/VAD/vit-features/train/normal/infrastructure_normal_less/000000373944_all__7.npy,Normal
Pistachio/VAD/vit-features/train/normal/infrastructure_normal_less/000000373944_all__8.npy,Normal
Pistachio/VAD/vit-features/train/normal/infrastructure_normal_less/000000373944_all__9.npy,Normal
Pistachio/VAD/vit-features/train/normal/infrastructure_normal_less/000000375210_all__0.npy,Normal
Pistachio/VAD/vit-features/train/normal/infrastructure_normal_less/000000375210_all__1.npy,Normal
Pistachio/VAD/vit-features/train/normal/infrastructure_normal_less/000000375210_all__2.npy,Normal
Pistachio/VAD/vit-features/train/normal/infrastructure_normal_less/000000375210_all__3.npy,Normal
Pistachio/VAD/vit-features/train/normal/infrastructure_normal_less/000000375210_all__4.npy,Normal
Pistachio/VAD/vit-features/train/normal/infrastructure_normal_less/000000375210_all__5.npy,Normal
Pistachio/VAD/vit-features/train/normal/infrastructure_normal_less/000000375210_all__6.npy,Normal
Pistachio/VAD/vit-features/train/normal/infrastructure_normal_less/000000375210_all__7.npy,Normal
Pistachio/VAD/vit-features/train/normal/infrastructure_normal_less/000000375210_all__8.npy,Normal
Pistachio/VAD/vit-features/train/normal/infrastructure_normal_less/000000375210_all__9.npy,Normal
Pistachio/VAD/vit-features/train/normal/infrastructure_normal_less/000000384144_all__0.npy,Normal
Pistachio/VAD/vit-features/train/normal/infrastructure_normal_less/000000384144_all__1.npy,Normal
Pistachio/VAD/vit-features/train/normal/infrastructure_normal_less/000000384144_all__2.npy,Normal
Pistachio/VAD/vit-features/train/normal/infrastructure_normal_less/000000384144_all__3.npy,Normal
Pistachio/VAD/vit-features/train/normal/infrastructure_normal_less/000000384144_all__4.npy,Normal
Pistachio/VAD/vit-features/train/normal/infrastructure_normal_less/000000384144_all__5.npy,Normal
Pistachio/VAD/vit-features/train/normal/infrastructure_normal_less/000000384144_all__6.npy,Normal
Pistachio/VAD/vit-features/train/normal/infrastructure_normal_less/000000384144_all__7.npy,Normal
Pistachio/VAD/vit-features/train/normal/infrastructure_normal_less/000000384144_all__8.npy,Normal
Pistachio/VAD/vit-features/train/normal/infrastructure_normal_less/000000384144_all__9.npy,Normal
Pistachio/VAD/vit-features/train/normal/infrastructure_normal_less/000000388535_all__0.npy,Normal
Pistachio/VAD/vit-features/train/normal/infrastructure_normal_less/000000388535_all__1.npy,Normal
Pistachio/VAD/vit-features/train/normal/infrastructure_normal_less/000000388535_all__2.npy,Normal
Pistachio/VAD/vit-features/train/normal/infrastructure_normal_less/000000388535_all__3.npy,Normal
Pistachio/VAD/vit-features/train/normal/infrastructure_normal_less/000000388535_all__4.npy,Normal
Pistachio/VAD/vit-features/train/normal/infrastructure_normal_less/000000388535_all__5.npy,Normal
Pistachio/VAD/vit-features/train/normal/infrastructure_normal_less/000000388535_all__6.npy,Normal
Pistachio/VAD/vit-features/train/normal/infrastructure_normal_less/000000388535_all__7.npy,Normal
Pistachio/VAD/vit-features/train/normal/infrastructure_normal_less/000000388535_all__8.npy,Normal
Pistachio/VAD/vit-features/train/normal/infrastructure_normal_less/000000388535_all__9.npy,Normal
Pistachio/VAD/vit-features/train/normal/infrastructure_normal_less/000000389556_all__0.npy,Normal
Pistachio/VAD/vit-features/train/normal/infrastructure_normal_less/000000389556_all__1.npy,Normal
Pistachio/VAD/vit-features/train/normal/infrastructure_normal_less/000000389556_all__2.npy,Normal
Pistachio/VAD/vit-features/train/normal/infrastructure_normal_less/000000389556_all__3.npy,Normal
Pistachio/VAD/vit-features/train/normal/infrastructure_normal_less/000000389556_all__4.npy,Normal
Pistachio/VAD/vit-features/train/normal/infrastructure_normal_less/000000389556_all__5.npy,Normal
Pistachio/VAD/vit-features/train/normal/infrastructure_normal_less/000000389556_all__6.npy,Normal
Pistachio/VAD/vit-features/train/normal/infrastructure_normal_less/000000389556_all__7.npy,Normal
Pistachio/VAD/vit-features/train/normal/infrastructure_normal_less/000000389556_all__8.npy,Normal
Pistachio/VAD/vit-features/train/normal/infrastructure_normal_less/000000389556_all__9.npy,Normal
Pistachio/VAD/vit-features/train/normal/infrastructure_normal_less/000000392361_all__0.npy,Normal
Pistachio/VAD/vit-features/train/normal/infrastructure_normal_less/000000392361_all__1.npy,Normal
Pistachio/VAD/vit-features/train/normal/infrastructure_normal_less/000000392361_all__2.npy,Normal
Pistachio/VAD/vit-features/train/normal/infrastructure_normal_less/000000392361_all__3.npy,Normal
Pistachio/VAD/vit-features/train/normal/infrastructure_normal_less/000000392361_all__4.npy,Normal
Pistachio/VAD/vit-features/train/normal/infrastructure_normal_less/000000392361_all__5.npy,Normal
Pistachio/VAD/vit-features/train/normal/infrastructure_normal_less/000000392361_all__6.npy,Normal
Pistachio/VAD/vit-features/train/normal/infrastructure_normal_less/000000392361_all__7.npy,Normal
Pistachio/VAD/vit-features/train/normal/infrastructure_normal_less/000000392361_all__8.npy,Normal
Pistachio/VAD/vit-features/train/normal/infrastructure_normal_less/000000392361_all__9.npy,Normal
Pistachio/VAD/vit-features/train/normal/infrastructure_normal_less/000000394487_all__0.npy,Normal
Pistachio/VAD/vit-features/train/normal/infrastructure_normal_less/000000394487_all__1.npy,Normal
Pistachio/VAD/vit-features/train/normal/infrastructure_normal_less/000000394487_all__2.npy,Normal
Pistachio/VAD/vit-features/train/normal/infrastructure_normal_less/000000394487_all__3.npy,Normal
Pistachio/VAD/vit-features/train/normal/infrastructure_normal_less/000000394487_all__4.npy,Normal
Pistachio/VAD/vit-features/train/normal/infrastructure_normal_less/000000394487_all__5.npy,Normal
Pistachio/VAD/vit-features/train/normal/infrastructure_normal_less/000000394487_all__6.npy,Normal
Pistachio/VAD/vit-features/train/normal/infrastructure_normal_less/000000394487_all__7.npy,Normal
Pistachio/VAD/vit-features/train/normal/infrastructure_normal_less/000000394487_all__8.npy,Normal
Pistachio/VAD/vit-features/train/normal/infrastructure_normal_less/000000394487_all__9.npy,Normal
Pistachio/VAD/vit-features/train/normal/infrastructure_normal_less/000000394496_all__0.npy,Normal
Pistachio/VAD/vit-features/train/normal/infrastructure_normal_less/000000394496_all__1.npy,Normal
Pistachio/VAD/vit-features/train/normal/infrastructure_normal_less/000000394496_all__2.npy,Normal
Pistachio/VAD/vit-features/train/normal/infrastructure_normal_less/000000394496_all__3.npy,Normal
Pistachio/VAD/vit-features/train/normal/infrastructure_normal_less/000000394496_all__4.npy,Normal
Pistachio/VAD/vit-features/train/normal/infrastructure_normal_less/000000394496_all__5.npy,Normal
Pistachio/VAD/vit-features/train/normal/infrastructure_normal_less/000000394496_all__6.npy,Normal
Pistachio/VAD/vit-features/train/normal/infrastructure_normal_less/000000394496_all__7.npy,Normal
Pistachio/VAD/vit-features/train/normal/infrastructure_normal_less/000000394496_all__8.npy,Normal
Pistachio/VAD/vit-features/train/normal/infrastructure_normal_less/000000394496_all__9.npy,Normal
Pistachio/VAD/vit-features/train/normal/infrastructure_normal_less/000000403125_all__0.npy,Normal
Pistachio/VAD/vit-features/train/normal/infrastructure_normal_less/000000403125_all__1.npy,Normal
Pistachio/VAD/vit-features/train/normal/infrastructure_normal_less/000000403125_all__2.npy,Normal
Pistachio/VAD/vit-features/train/normal/infrastructure_normal_less/000000403125_all__3.npy,Normal
Pistachio/VAD/vit-features/train/normal/infrastructure_normal_less/000000403125_all__4.npy,Normal
Pistachio/VAD/vit-features/train/normal/infrastructure_normal_less/000000403125_all__5.npy,Normal
Pistachio/VAD/vit-features/train/normal/infrastructure_normal_less/000000403125_all__6.npy,Normal
Pistachio/VAD/vit-features/train/normal/infrastructure_normal_less/000000403125_all__7.npy,Normal
Pistachio/VAD/vit-features/train/normal/infrastructure_normal_less/000000403125_all__8.npy,Normal
Pistachio/VAD/vit-features/train/normal/infrastructure_normal_less/000000403125_all__9.npy,Normal
Pistachio/VAD/vit-features/train/normal/infrastructure_normal_less/000000412213_all__0.npy,Normal
Pistachio/VAD/vit-features/train/normal/infrastructure_normal_less/000000412213_all__1.npy,Normal
Pistachio/VAD/vit-features/train/normal/infrastructure_normal_less/000000412213_all__2.npy,Normal
Pistachio/VAD/vit-features/train/normal/infrastructure_normal_less/000000412213_all__3.npy,Normal
Pistachio/VAD/vit-features/train/normal/infrastructure_normal_less/000000412213_all__4.npy,Normal
Pistachio/VAD/vit-features/train/normal/infrastructure_normal_less/000000412213_all__5.npy,Normal
Pistachio/VAD/vit-features/train/normal/infrastructure_normal_less/000000412213_all__6.npy,Normal
Pistachio/VAD/vit-features/train/normal/infrastructure_normal_less/000000412213_all__7.npy,Normal
Pistachio/VAD/vit-features/train/normal/infrastructure_normal_less/000000412213_all__8.npy,Normal
Pistachio/VAD/vit-features/train/normal/infrastructure_normal_less/000000412213_all__9.npy,Normal
Pistachio/VAD/vit-features/train/normal/infrastructure_normal_less/000000414626_all__0.npy,Normal
Pistachio/VAD/vit-features/train/normal/infrastructure_normal_less/000000414626_all__1.npy,Normal
Pistachio/VAD/vit-features/train/normal/infrastructure_normal_less/000000414626_all__2.npy,Normal
Pistachio/VAD/vit-features/train/normal/infrastructure_normal_less/000000414626_all__3.npy,Normal
Pistachio/VAD/vit-features/train/normal/infrastructure_normal_less/000000414626_all__4.npy,Normal
Pistachio/VAD/vit-features/train/normal/infrastructure_normal_less/000000414626_all__5.npy,Normal
Pistachio/VAD/vit-features/train/normal/infrastructure_normal_less/000000414626_all__6.npy,Normal
Pistachio/VAD/vit-features/train/normal/infrastructure_normal_less/000000414626_all__7.npy,Normal
Pistachio/VAD/vit-features/train/normal/infrastructure_normal_less/000000414626_all__8.npy,Normal
Pistachio/VAD/vit-features/train/normal/infrastructure_normal_less/000000414626_all__9.npy,Normal
Pistachio/VAD/vit-features/train/normal/infrastructure_normal_less/000000416602_all__0.npy,Normal
Pistachio/VAD/vit-features/train/normal/infrastructure_normal_less/000000416602_all__1.npy,Normal
Pistachio/VAD/vit-features/train/normal/infrastructure_normal_less/000000416602_all__2.npy,Normal
Pistachio/VAD/vit-features/train/normal/infrastructure_normal_less/000000416602_all__3.npy,Normal
Pistachio/VAD/vit-features/train/normal/infrastructure_normal_less/000000416602_all__4.npy,Normal
Pistachio/VAD/vit-features/train/normal/infrastructure_normal_less/000000416602_all__5.npy,Normal
Pistachio/VAD/vit-features/train/normal/infrastructure_normal_less/000000416602_all__6.npy,Normal
Pistachio/VAD/vit-features/train/normal/infrastructure_normal_less/000000416602_all__7.npy,Normal
Pistachio/VAD/vit-features/train/normal/infrastructure_normal_less/000000416602_all__8.npy,Normal
Pistachio/VAD/vit-features/train/normal/infrastructure_normal_less/000000416602_all__9.npy,Normal
Pistachio/VAD/vit-features/train/normal/infrastructure_normal_less/000000422220_all__0.npy,Normal
Pistachio/VAD/vit-features/train/normal/infrastructure_normal_less/000000422220_all__1.npy,Normal
Pistachio/VAD/vit-features/train/normal/infrastructure_normal_less/000000422220_all__2.npy,Normal
Pistachio/VAD/vit-features/train/normal/infrastructure_normal_less/000000422220_all__3.npy,Normal
Pistachio/VAD/vit-features/train/normal/infrastructure_normal_less/000000422220_all__4.npy,Normal
Pistachio/VAD/vit-features/train/normal/infrastructure_normal_less/000000422220_all__5.npy,Normal
Pistachio/VAD/vit-features/train/normal/infrastructure_normal_less/000000422220_all__6.npy,Normal
Pistachio/VAD/vit-features/train/normal/infrastructure_normal_less/000000422220_all__7.npy,Normal
Pistachio/VAD/vit-features/train/normal/infrastructure_normal_less/000000422220_all__8.npy,Normal
Pistachio/VAD/vit-features/train/normal/infrastructure_normal_less/000000422220_all__9.npy,Normal
Pistachio/VAD/vit-features/train/normal/infrastructure_normal_less/000000424280_all__0.npy,Normal
Pistachio/VAD/vit-features/train/normal/infrastructure_normal_less/000000424280_all__1.npy,Normal
Pistachio/VAD/vit-features/train/normal/infrastructure_normal_less/000000424280_all__2.npy,Normal
Pistachio/VAD/vit-features/train/normal/infrastructure_normal_less/000000424280_all__3.npy,Normal
Pistachio/VAD/vit-features/train/normal/infrastructure_normal_less/000000424280_all__4.npy,Normal
Pistachio/VAD/vit-features/train/normal/infrastructure_normal_less/000000424280_all__5.npy,Normal
Pistachio/VAD/vit-features/train/normal/infrastructure_normal_less/000000424280_all__6.npy,Normal
Pistachio/VAD/vit-features/train/normal/infrastructure_normal_less/000000424280_all__7.npy,Normal
Pistachio/VAD/vit-features/train/normal/infrastructure_normal_less/000000424280_all__8.npy,Normal
Pistachio/VAD/vit-features/train/normal/infrastructure_normal_less/000000424280_all__9.npy,Normal
Pistachio/VAD/vit-features/train/normal/infrastructure_normal_less/000000426570_all__0.npy,Normal
Pistachio/VAD/vit-features/train/normal/infrastructure_normal_less/000000426570_all__1.npy,Normal
Pistachio/VAD/vit-features/train/normal/infrastructure_normal_less/000000426570_all__2.npy,Normal
Pistachio/VAD/vit-features/train/normal/infrastructure_normal_less/000000426570_all__3.npy,Normal
Pistachio/VAD/vit-features/train/normal/infrastructure_normal_less/000000426570_all__4.npy,Normal
Pistachio/VAD/vit-features/train/normal/infrastructure_normal_less/000000426570_all__5.npy,Normal
Pistachio/VAD/vit-features/train/normal/infrastructure_normal_less/000000426570_all__6.npy,Normal
Pistachio/VAD/vit-features/train/normal/infrastructure_normal_less/000000426570_all__7.npy,Normal
Pistachio/VAD/vit-features/train/normal/infrastructure_normal_less/000000426570_all__8.npy,Normal
Pistachio/VAD/vit-features/train/normal/infrastructure_normal_less/000000426570_all__9.npy,Normal
Pistachio/VAD/vit-features/train/normal/infrastructure_normal_less/000000427676_all__0.npy,Normal
Pistachio/VAD/vit-features/train/normal/infrastructure_normal_less/000000427676_all__1.npy,Normal
Pistachio/VAD/vit-features/train/normal/infrastructure_normal_less/000000427676_all__2.npy,Normal
Pistachio/VAD/vit-features/train/normal/infrastructure_normal_less/000000427676_all__3.npy,Normal
Pistachio/VAD/vit-features/train/normal/infrastructure_normal_less/000000427676_all__4.npy,Normal
Pistachio/VAD/vit-features/train/normal/infrastructure_normal_less/000000427676_all__5.npy,Normal
Pistachio/VAD/vit-features/train/normal/infrastructure_normal_less/000000427676_all__6.npy,Normal
Pistachio/VAD/vit-features/train/normal/infrastructure_normal_less/000000427676_all__7.npy,Normal
Pistachio/VAD/vit-features/train/normal/infrastructure_normal_less/000000427676_all__8.npy,Normal
Pistachio/VAD/vit-features/train/normal/infrastructure_normal_less/000000427676_all__9.npy,Normal
Pistachio/VAD/vit-features/train/normal/infrastructure_normal_less/000000427678_all__0.npy,Normal
Pistachio/VAD/vit-features/train/normal/infrastructure_normal_less/000000427678_all__1.npy,Normal
Pistachio/VAD/vit-features/train/normal/infrastructure_normal_less/000000427678_all__2.npy,Normal
Pistachio/VAD/vit-features/train/normal/infrastructure_normal_less/000000427678_all__3.npy,Normal
Pistachio/VAD/vit-features/train/normal/infrastructure_normal_less/000000427678_all__4.npy,Normal
Pistachio/VAD/vit-features/train/normal/infrastructure_normal_less/000000427678_all__5.npy,Normal
Pistachio/VAD/vit-features/train/normal/infrastructure_normal_less/000000427678_all__6.npy,Normal
Pistachio/VAD/vit-features/train/normal/infrastructure_normal_less/000000427678_all__7.npy,Normal
Pistachio/VAD/vit-features/train/normal/infrastructure_normal_less/000000427678_all__8.npy,Normal
Pistachio/VAD/vit-features/train/normal/infrastructure_normal_less/000000427678_all__9.npy,Normal
Pistachio/VAD/vit-features/train/normal/infrastructure_normal_less/000000430119_all__0.npy,Normal
Pistachio/VAD/vit-features/train/normal/infrastructure_normal_less/000000430119_all__1.npy,Normal
Pistachio/VAD/vit-features/train/normal/infrastructure_normal_less/000000430119_all__2.npy,Normal
Pistachio/VAD/vit-features/train/normal/infrastructure_normal_less/000000430119_all__3.npy,Normal
Pistachio/VAD/vit-features/train/normal/infrastructure_normal_less/000000430119_all__4.npy,Normal
Pistachio/VAD/vit-features/train/normal/infrastructure_normal_less/000000430119_all__5.npy,Normal
Pistachio/VAD/vit-features/train/normal/infrastructure_normal_less/000000430119_all__6.npy,Normal
Pistachio/VAD/vit-features/train/normal/infrastructure_normal_less/000000430119_all__7.npy,Normal
Pistachio/VAD/vit-features/train/normal/infrastructure_normal_less/000000430119_all__8.npy,Normal
Pistachio/VAD/vit-features/train/normal/infrastructure_normal_less/000000430119_all__9.npy,Normal
Pistachio/VAD/vit-features/train/normal/infrastructure_normal_less/000000436832_all__0.npy,Normal
Pistachio/VAD/vit-features/train/normal/infrastructure_normal_less/000000436832_all__1.npy,Normal
Pistachio/VAD/vit-features/train/normal/infrastructure_normal_less/000000436832_all__2.npy,Normal
Pistachio/VAD/vit-features/train/normal/infrastructure_normal_less/000000436832_all__3.npy,Normal
Pistachio/VAD/vit-features/train/normal/infrastructure_normal_less/000000436832_all__4.npy,Normal
Pistachio/VAD/vit-features/train/normal/infrastructure_normal_less/000000436832_all__5.npy,Normal
Pistachio/VAD/vit-features/train/normal/infrastructure_normal_less/000000436832_all__6.npy,Normal
Pistachio/VAD/vit-features/train/normal/infrastructure_normal_less/000000436832_all__7.npy,Normal
Pistachio/VAD/vit-features/train/normal/infrastructure_normal_less/000000436832_all__8.npy,Normal
Pistachio/VAD/vit-features/train/normal/infrastructure_normal_less/000000436832_all__9.npy,Normal
Pistachio/VAD/vit-features/train/normal/infrastructure_normal_less/000000437046_all__0.npy,Normal
Pistachio/VAD/vit-features/train/normal/infrastructure_normal_less/000000437046_all__1.npy,Normal
Pistachio/VAD/vit-features/train/normal/infrastructure_normal_less/000000437046_all__2.npy,Normal
Pistachio/VAD/vit-features/train/normal/infrastructure_normal_less/000000437046_all__3.npy,Normal
Pistachio/VAD/vit-features/train/normal/infrastructure_normal_less/000000437046_all__4.npy,Normal
Pistachio/VAD/vit-features/train/normal/infrastructure_normal_less/000000437046_all__5.npy,Normal
Pistachio/VAD/vit-features/train/normal/infrastructure_normal_less/000000437046_all__6.npy,Normal
Pistachio/VAD/vit-features/train/normal/infrastructure_normal_less/000000437046_all__7.npy,Normal
Pistachio/VAD/vit-features/train/normal/infrastructure_normal_less/000000437046_all__8.npy,Normal
Pistachio/VAD/vit-features/train/normal/infrastructure_normal_less/000000437046_all__9.npy,Normal
Pistachio/VAD/vit-features/train/normal/infrastructure_normal_less/000000443217_all__0.npy,Normal
Pistachio/VAD/vit-features/train/normal/infrastructure_normal_less/000000443217_all__1.npy,Normal
Pistachio/VAD/vit-features/train/normal/infrastructure_normal_less/000000443217_all__2.npy,Normal
Pistachio/VAD/vit-features/train/normal/infrastructure_normal_less/000000443217_all__3.npy,Normal
Pistachio/VAD/vit-features/train/normal/infrastructure_normal_less/000000443217_all__4.npy,Normal
Pistachio/VAD/vit-features/train/normal/infrastructure_normal_less/000000443217_all__5.npy,Normal
Pistachio/VAD/vit-features/train/normal/infrastructure_normal_less/000000443217_all__6.npy,Normal
Pistachio/VAD/vit-features/train/normal/infrastructure_normal_less/000000443217_all__7.npy,Normal
Pistachio/VAD/vit-features/train/normal/infrastructure_normal_less/000000443217_all__8.npy,Normal
Pistachio/VAD/vit-features/train/normal/infrastructure_normal_less/000000443217_all__9.npy,Normal
Pistachio/VAD/vit-features/train/normal/infrastructure_normal_less/000000443734_all__0.npy,Normal
Pistachio/VAD/vit-features/train/normal/infrastructure_normal_less/000000443734_all__1.npy,Normal
Pistachio/VAD/vit-features/train/normal/infrastructure_normal_less/000000443734_all__2.npy,Normal
Pistachio/VAD/vit-features/train/normal/infrastructure_normal_less/000000443734_all__3.npy,Normal
Pistachio/VAD/vit-features/train/normal/infrastructure_normal_less/000000443734_all__4.npy,Normal
Pistachio/VAD/vit-features/train/normal/infrastructure_normal_less/000000443734_all__5.npy,Normal
Pistachio/VAD/vit-features/train/normal/infrastructure_normal_less/000000443734_all__6.npy,Normal
Pistachio/VAD/vit-features/train/normal/infrastructure_normal_less/000000443734_all__7.npy,Normal
Pistachio/VAD/vit-features/train/normal/infrastructure_normal_less/000000443734_all__8.npy,Normal
Pistachio/VAD/vit-features/train/normal/infrastructure_normal_less/000000443734_all__9.npy,Normal
Pistachio/VAD/vit-features/train/normal/infrastructure_normal_less/000000449568_all__0.npy,Normal
Pistachio/VAD/vit-features/train/normal/infrastructure_normal_less/000000449568_all__1.npy,Normal
Pistachio/VAD/vit-features/train/normal/infrastructure_normal_less/000000449568_all__2.npy,Normal
Pistachio/VAD/vit-features/train/normal/infrastructure_normal_less/000000449568_all__3.npy,Normal
Pistachio/VAD/vit-features/train/normal/infrastructure_normal_less/000000449568_all__4.npy,Normal
Pistachio/VAD/vit-features/train/normal/infrastructure_normal_less/000000449568_all__5.npy,Normal
Pistachio/VAD/vit-features/train/normal/infrastructure_normal_less/000000449568_all__6.npy,Normal
Pistachio/VAD/vit-features/train/normal/infrastructure_normal_less/000000449568_all__7.npy,Normal
Pistachio/VAD/vit-features/train/normal/infrastructure_normal_less/000000449568_all__8.npy,Normal
Pistachio/VAD/vit-features/train/normal/infrastructure_normal_less/000000449568_all__9.npy,Normal
Pistachio/VAD/vit-features/train/normal/infrastructure_normal_less/000000450789_all__0.npy,Normal
Pistachio/VAD/vit-features/train/normal/infrastructure_normal_less/000000450789_all__1.npy,Normal
Pistachio/VAD/vit-features/train/normal/infrastructure_normal_less/000000450789_all__2.npy,Normal
Pistachio/VAD/vit-features/train/normal/infrastructure_normal_less/000000450789_all__3.npy,Normal
Pistachio/VAD/vit-features/train/normal/infrastructure_normal_less/000000450789_all__4.npy,Normal
Pistachio/VAD/vit-features/train/normal/infrastructure_normal_less/000000450789_all__5.npy,Normal
Pistachio/VAD/vit-features/train/normal/infrastructure_normal_less/000000450789_all__6.npy,Normal
Pistachio/VAD/vit-features/train/normal/infrastructure_normal_less/000000450789_all__7.npy,Normal
Pistachio/VAD/vit-features/train/normal/infrastructure_normal_less/000000450789_all__8.npy,Normal
Pistachio/VAD/vit-features/train/normal/infrastructure_normal_less/000000450789_all__9.npy,Normal
Pistachio/VAD/vit-features/train/normal/infrastructure_normal_less/000000453081_all__0.npy,Normal
Pistachio/VAD/vit-features/train/normal/infrastructure_normal_less/000000453081_all__1.npy,Normal
Pistachio/VAD/vit-features/train/normal/infrastructure_normal_less/000000453081_all__2.npy,Normal
Pistachio/VAD/vit-features/train/normal/infrastructure_normal_less/000000453081_all__3.npy,Normal
Pistachio/VAD/vit-features/train/normal/infrastructure_normal_less/000000453081_all__4.npy,Normal
Pistachio/VAD/vit-features/train/normal/infrastructure_normal_less/000000453081_all__5.npy,Normal
Pistachio/VAD/vit-features/train/normal/infrastructure_normal_less/000000453081_all__6.npy,Normal
Pistachio/VAD/vit-features/train/normal/infrastructure_normal_less/000000453081_all__7.npy,Normal
Pistachio/VAD/vit-features/train/normal/infrastructure_normal_less/000000453081_all__8.npy,Normal
Pistachio/VAD/vit-features/train/normal/infrastructure_normal_less/000000453081_all__9.npy,Normal
Pistachio/VAD/vit-features/train/normal/infrastructure_normal_less/000000463871_all__0.npy,Normal
Pistachio/VAD/vit-features/train/normal/infrastructure_normal_less/000000463871_all__1.npy,Normal
Pistachio/VAD/vit-features/train/normal/infrastructure_normal_less/000000463871_all__2.npy,Normal
Pistachio/VAD/vit-features/train/normal/infrastructure_normal_less/000000463871_all__3.npy,Normal
Pistachio/VAD/vit-features/train/normal/infrastructure_normal_less/000000463871_all__4.npy,Normal
Pistachio/VAD/vit-features/train/normal/infrastructure_normal_less/000000463871_all__5.npy,Normal
Pistachio/VAD/vit-features/train/normal/infrastructure_normal_less/000000463871_all__6.npy,Normal
Pistachio/VAD/vit-features/train/normal/infrastructure_normal_less/000000463871_all__7.npy,Normal
Pistachio/VAD/vit-features/train/normal/infrastructure_normal_less/000000463871_all__8.npy,Normal
Pistachio/VAD/vit-features/train/normal/infrastructure_normal_less/000000463871_all__9.npy,Normal
Pistachio/VAD/vit-features/train/normal/infrastructure_normal_less/000000463985_all__0.npy,Normal
Pistachio/VAD/vit-features/train/normal/infrastructure_normal_less/000000463985_all__1.npy,Normal
Pistachio/VAD/vit-features/train/normal/infrastructure_normal_less/000000463985_all__2.npy,Normal
Pistachio/VAD/vit-features/train/normal/infrastructure_normal_less/000000463985_all__3.npy,Normal
Pistachio/VAD/vit-features/train/normal/infrastructure_normal_less/000000463985_all__4.npy,Normal
Pistachio/VAD/vit-features/train/normal/infrastructure_normal_less/000000463985_all__5.npy,Normal
Pistachio/VAD/vit-features/train/normal/infrastructure_normal_less/000000463985_all__6.npy,Normal
Pistachio/VAD/vit-features/train/normal/infrastructure_normal_less/000000463985_all__7.npy,Normal
Pistachio/VAD/vit-features/train/normal/infrastructure_normal_less/000000463985_all__8.npy,Normal
Pistachio/VAD/vit-features/train/normal/infrastructure_normal_less/000000463985_all__9.npy,Normal
Pistachio/VAD/vit-features/train/normal/infrastructure_normal_less/000000466963_all__0.npy,Normal
Pistachio/VAD/vit-features/train/normal/infrastructure_normal_less/000000466963_all__1.npy,Normal
Pistachio/VAD/vit-features/train/normal/infrastructure_normal_less/000000466963_all__2.npy,Normal
Pistachio/VAD/vit-features/train/normal/infrastructure_normal_less/000000466963_all__3.npy,Normal
Pistachio/VAD/vit-features/train/normal/infrastructure_normal_less/000000466963_all__4.npy,Normal
Pistachio/VAD/vit-features/train/normal/infrastructure_normal_less/000000466963_all__5.npy,Normal
Pistachio/VAD/vit-features/train/normal/infrastructure_normal_less/000000466963_all__6.npy,Normal
Pistachio/VAD/vit-features/train/normal/infrastructure_normal_less/000000466963_all__7.npy,Normal
Pistachio/VAD/vit-features/train/normal/infrastructure_normal_less/000000466963_all__8.npy,Normal
Pistachio/VAD/vit-features/train/normal/infrastructure_normal_less/000000466963_all__9.npy,Normal
Pistachio/VAD/vit-features/train/normal/infrastructure_normal_less/000000473321_all__0.npy,Normal
Pistachio/VAD/vit-features/train/normal/infrastructure_normal_less/000000473321_all__1.npy,Normal
Pistachio/VAD/vit-features/train/normal/infrastructure_normal_less/000000473321_all__2.npy,Normal
Pistachio/VAD/vit-features/train/normal/infrastructure_normal_less/000000473321_all__3.npy,Normal
Pistachio/VAD/vit-features/train/normal/infrastructure_normal_less/000000473321_all__4.npy,Normal
Pistachio/VAD/vit-features/train/normal/infrastructure_normal_less/000000473321_all__5.npy,Normal
Pistachio/VAD/vit-features/train/normal/infrastructure_normal_less/000000473321_all__6.npy,Normal
Pistachio/VAD/vit-features/train/normal/infrastructure_normal_less/000000473321_all__7.npy,Normal
Pistachio/VAD/vit-features/train/normal/infrastructure_normal_less/000000473321_all__8.npy,Normal
Pistachio/VAD/vit-features/train/normal/infrastructure_normal_less/000000473321_all__9.npy,Normal
Pistachio/VAD/vit-features/train/normal/infrastructure_normal_less/000000474137_all__0.npy,Normal
Pistachio/VAD/vit-features/train/normal/infrastructure_normal_less/000000474137_all__1.npy,Normal
Pistachio/VAD/vit-features/train/normal/infrastructure_normal_less/000000474137_all__2.npy,Normal
Pistachio/VAD/vit-features/train/normal/infrastructure_normal_less/000000474137_all__3.npy,Normal
Pistachio/VAD/vit-features/train/normal/infrastructure_normal_less/000000474137_all__4.npy,Normal
Pistachio/VAD/vit-features/train/normal/infrastructure_normal_less/000000474137_all__5.npy,Normal
Pistachio/VAD/vit-features/train/normal/infrastructure_normal_less/000000474137_all__6.npy,Normal
Pistachio/VAD/vit-features/train/normal/infrastructure_normal_less/000000474137_all__7.npy,Normal
Pistachio/VAD/vit-features/train/normal/infrastructure_normal_less/000000474137_all__8.npy,Normal
Pistachio/VAD/vit-features/train/normal/infrastructure_normal_less/000000474137_all__9.npy,Normal
Pistachio/VAD/vit-features/train/normal/infrastructure_normal_less/000000477450_all__0.npy,Normal
Pistachio/VAD/vit-features/train/normal/infrastructure_normal_less/000000477450_all__1.npy,Normal
Pistachio/VAD/vit-features/train/normal/infrastructure_normal_less/000000477450_all__2.npy,Normal
Pistachio/VAD/vit-features/train/normal/infrastructure_normal_less/000000477450_all__3.npy,Normal
Pistachio/VAD/vit-features/train/normal/infrastructure_normal_less/000000477450_all__4.npy,Normal
Pistachio/VAD/vit-features/train/normal/infrastructure_normal_less/000000477450_all__5.npy,Normal
Pistachio/VAD/vit-features/train/normal/infrastructure_normal_less/000000477450_all__6.npy,Normal
Pistachio/VAD/vit-features/train/normal/infrastructure_normal_less/000000477450_all__7.npy,Normal
Pistachio/VAD/vit-features/train/normal/infrastructure_normal_less/000000477450_all__8.npy,Normal
Pistachio/VAD/vit-features/train/normal/infrastructure_normal_less/000000477450_all__9.npy,Normal
Pistachio/VAD/vit-features/train/normal/infrastructure_normal_less/000000478520_all__0.npy,Normal
Pistachio/VAD/vit-features/train/normal/infrastructure_normal_less/000000478520_all__1.npy,Normal
Pistachio/VAD/vit-features/train/normal/infrastructure_normal_less/000000478520_all__2.npy,Normal
Pistachio/VAD/vit-features/train/normal/infrastructure_normal_less/000000478520_all__3.npy,Normal
Pistachio/VAD/vit-features/train/normal/infrastructure_normal_less/000000478520_all__4.npy,Normal
Pistachio/VAD/vit-features/train/normal/infrastructure_normal_less/000000478520_all__5.npy,Normal
Pistachio/VAD/vit-features/train/normal/infrastructure_normal_less/000000478520_all__6.npy,Normal
Pistachio/VAD/vit-features/train/normal/infrastructure_normal_less/000000478520_all__7.npy,Normal
Pistachio/VAD/vit-features/train/normal/infrastructure_normal_less/000000478520_all__8.npy,Normal
Pistachio/VAD/vit-features/train/normal/infrastructure_normal_less/000000478520_all__9.npy,Normal
Pistachio/VAD/vit-features/train/normal/infrastructure_normal_less/000000478923_all__0.npy,Normal
Pistachio/VAD/vit-features/train/normal/infrastructure_normal_less/000000478923_all__1.npy,Normal
Pistachio/VAD/vit-features/train/normal/infrastructure_normal_less/000000478923_all__2.npy,Normal
Pistachio/VAD/vit-features/train/normal/infrastructure_normal_less/000000478923_all__3.npy,Normal
Pistachio/VAD/vit-features/train/normal/infrastructure_normal_less/000000478923_all__4.npy,Normal
Pistachio/VAD/vit-features/train/normal/infrastructure_normal_less/000000478923_all__5.npy,Normal
Pistachio/VAD/vit-features/train/normal/infrastructure_normal_less/000000478923_all__6.npy,Normal
Pistachio/VAD/vit-features/train/normal/infrastructure_normal_less/000000478923_all__7.npy,Normal
Pistachio/VAD/vit-features/train/normal/infrastructure_normal_less/000000478923_all__8.npy,Normal
Pistachio/VAD/vit-features/train/normal/infrastructure_normal_less/000000478923_all__9.npy,Normal
Pistachio/VAD/vit-features/train/normal/infrastructure_normal_less/000000480051_all__0.npy,Normal
Pistachio/VAD/vit-features/train/normal/infrastructure_normal_less/000000480051_all__1.npy,Normal
Pistachio/VAD/vit-features/train/normal/infrastructure_normal_less/000000480051_all__2.npy,Normal
Pistachio/VAD/vit-features/train/normal/infrastructure_normal_less/000000480051_all__3.npy,Normal
Pistachio/VAD/vit-features/train/normal/infrastructure_normal_less/000000480051_all__4.npy,Normal
Pistachio/VAD/vit-features/train/normal/infrastructure_normal_less/000000480051_all__5.npy,Normal
Pistachio/VAD/vit-features/train/normal/infrastructure_normal_less/000000480051_all__6.npy,Normal
Pistachio/VAD/vit-features/train/normal/infrastructure_normal_less/000000480051_all__7.npy,Normal
Pistachio/VAD/vit-features/train/normal/infrastructure_normal_less/000000480051_all__8.npy,Normal
Pistachio/VAD/vit-features/train/normal/infrastructure_normal_less/000000480051_all__9.npy,Normal
Pistachio/VAD/vit-features/train/normal/infrastructure_normal_less/000000484611_all__0.npy,Normal
Pistachio/VAD/vit-features/train/normal/infrastructure_normal_less/000000484611_all__1.npy,Normal
Pistachio/VAD/vit-features/train/normal/infrastructure_normal_less/000000484611_all__2.npy,Normal
Pistachio/VAD/vit-features/train/normal/infrastructure_normal_less/000000484611_all__3.npy,Normal
Pistachio/VAD/vit-features/train/normal/infrastructure_normal_less/000000484611_all__4.npy,Normal
Pistachio/VAD/vit-features/train/normal/infrastructure_normal_less/000000484611_all__5.npy,Normal
Pistachio/VAD/vit-features/train/normal/infrastructure_normal_less/000000484611_all__6.npy,Normal
Pistachio/VAD/vit-features/train/normal/infrastructure_normal_less/000000484611_all__7.npy,Normal
Pistachio/VAD/vit-features/train/normal/infrastructure_normal_less/000000484611_all__8.npy,Normal
Pistachio/VAD/vit-features/train/normal/infrastructure_normal_less/000000484611_all__9.npy,Normal
Pistachio/VAD/vit-features/train/normal/infrastructure_normal_less/000000485352_all__0.npy,Normal
Pistachio/VAD/vit-features/train/normal/infrastructure_normal_less/000000485352_all__1.npy,Normal
Pistachio/VAD/vit-features/train/normal/infrastructure_normal_less/000000485352_all__2.npy,Normal
Pistachio/VAD/vit-features/train/normal/infrastructure_normal_less/000000485352_all__3.npy,Normal
Pistachio/VAD/vit-features/train/normal/infrastructure_normal_less/000000485352_all__4.npy,Normal
Pistachio/VAD/vit-features/train/normal/infrastructure_normal_less/000000485352_all__5.npy,Normal
Pistachio/VAD/vit-features/train/normal/infrastructure_normal_less/000000485352_all__6.npy,Normal
Pistachio/VAD/vit-features/train/normal/infrastructure_normal_less/000000485352_all__7.npy,Normal
Pistachio/VAD/vit-features/train/normal/infrastructure_normal_less/000000485352_all__8.npy,Normal
Pistachio/VAD/vit-features/train/normal/infrastructure_normal_less/000000485352_all__9.npy,Normal
Pistachio/VAD/vit-features/train/normal/infrastructure_normal_less/000000500958_all__0.npy,Normal
Pistachio/VAD/vit-features/train/normal/infrastructure_normal_less/000000500958_all__1.npy,Normal
Pistachio/VAD/vit-features/train/normal/infrastructure_normal_less/000000500958_all__2.npy,Normal
Pistachio/VAD/vit-features/train/normal/infrastructure_normal_less/000000500958_all__3.npy,Normal
Pistachio/VAD/vit-features/train/normal/infrastructure_normal_less/000000500958_all__4.npy,Normal
Pistachio/VAD/vit-features/train/normal/infrastructure_normal_less/000000500958_all__5.npy,Normal
Pistachio/VAD/vit-features/train/normal/infrastructure_normal_less/000000500958_all__6.npy,Normal
Pistachio/VAD/vit-features/train/normal/infrastructure_normal_less/000000500958_all__7.npy,Normal
Pistachio/VAD/vit-features/train/normal/infrastructure_normal_less/000000500958_all__8.npy,Normal
Pistachio/VAD/vit-features/train/normal/infrastructure_normal_less/000000500958_all__9.npy,Normal
Pistachio/VAD/vit-features/train/normal/infrastructure_normal_less/000000501974_all__0.npy,Normal
Pistachio/VAD/vit-features/train/normal/infrastructure_normal_less/000000501974_all__1.npy,Normal
Pistachio/VAD/vit-features/train/normal/infrastructure_normal_less/000000501974_all__2.npy,Normal
Pistachio/VAD/vit-features/train/normal/infrastructure_normal_less/000000501974_all__3.npy,Normal
Pistachio/VAD/vit-features/train/normal/infrastructure_normal_less/000000501974_all__4.npy,Normal
Pistachio/VAD/vit-features/train/normal/infrastructure_normal_less/000000501974_all__5.npy,Normal
Pistachio/VAD/vit-features/train/normal/infrastructure_normal_less/000000501974_all__6.npy,Normal
Pistachio/VAD/vit-features/train/normal/infrastructure_normal_less/000000501974_all__7.npy,Normal
Pistachio/VAD/vit-features/train/normal/infrastructure_normal_less/000000501974_all__8.npy,Normal
Pistachio/VAD/vit-features/train/normal/infrastructure_normal_less/000000501974_all__9.npy,Normal
Pistachio/VAD/vit-features/train/normal/infrastructure_normal_less/000000505466_all__0.npy,Normal
Pistachio/VAD/vit-features/train/normal/infrastructure_normal_less/000000505466_all__1.npy,Normal
Pistachio/VAD/vit-features/train/normal/infrastructure_normal_less/000000505466_all__2.npy,Normal
Pistachio/VAD/vit-features/train/normal/infrastructure_normal_less/000000505466_all__3.npy,Normal
Pistachio/VAD/vit-features/train/normal/infrastructure_normal_less/000000505466_all__4.npy,Normal
Pistachio/VAD/vit-features/train/normal/infrastructure_normal_less/000000505466_all__5.npy,Normal
Pistachio/VAD/vit-features/train/normal/infrastructure_normal_less/000000505466_all__6.npy,Normal
Pistachio/VAD/vit-features/train/normal/infrastructure_normal_less/000000505466_all__7.npy,Normal
Pistachio/VAD/vit-features/train/normal/infrastructure_normal_less/000000505466_all__8.npy,Normal
Pistachio/VAD/vit-features/train/normal/infrastructure_normal_less/000000505466_all__9.npy,Normal
Pistachio/VAD/vit-features/train/normal/infrastructure_normal_less/000000506827_all__0.npy,Normal
Pistachio/VAD/vit-features/train/normal/infrastructure_normal_less/000000506827_all__1.npy,Normal
Pistachio/VAD/vit-features/train/normal/infrastructure_normal_less/000000506827_all__2.npy,Normal
Pistachio/VAD/vit-features/train/normal/infrastructure_normal_less/000000506827_all__3.npy,Normal
Pistachio/VAD/vit-features/train/normal/infrastructure_normal_less/000000506827_all__4.npy,Normal
Pistachio/VAD/vit-features/train/normal/infrastructure_normal_less/000000506827_all__5.npy,Normal
Pistachio/VAD/vit-features/train/normal/infrastructure_normal_less/000000506827_all__6.npy,Normal
Pistachio/VAD/vit-features/train/normal/infrastructure_normal_less/000000506827_all__7.npy,Normal
Pistachio/VAD/vit-features/train/normal/infrastructure_normal_less/000000506827_all__8.npy,Normal
Pistachio/VAD/vit-features/train/normal/infrastructure_normal_less/000000506827_all__9.npy,Normal
Pistachio/VAD/vit-features/train/normal/infrastructure_normal_less/000000509284_all__0.npy,Normal
Pistachio/VAD/vit-features/train/normal/infrastructure_normal_less/000000509284_all__1.npy,Normal
Pistachio/VAD/vit-features/train/normal/infrastructure_normal_less/000000509284_all__2.npy,Normal
Pistachio/VAD/vit-features/train/normal/infrastructure_normal_less/000000509284_all__3.npy,Normal
Pistachio/VAD/vit-features/train/normal/infrastructure_normal_less/000000509284_all__4.npy,Normal
Pistachio/VAD/vit-features/train/normal/infrastructure_normal_less/000000509284_all__5.npy,Normal
Pistachio/VAD/vit-features/train/normal/infrastructure_normal_less/000000509284_all__6.npy,Normal
Pistachio/VAD/vit-features/train/normal/infrastructure_normal_less/000000509284_all__7.npy,Normal
Pistachio/VAD/vit-features/train/normal/infrastructure_normal_less/000000509284_all__8.npy,Normal
Pistachio/VAD/vit-features/train/normal/infrastructure_normal_less/000000509284_all__9.npy,Normal
Pistachio/VAD/vit-features/train/normal/infrastructure_normal_less/000000510443_all__0.npy,Normal
Pistachio/VAD/vit-features/train/normal/infrastructure_normal_less/000000510443_all__1.npy,Normal
Pistachio/VAD/vit-features/train/normal/infrastructure_normal_less/000000510443_all__2.npy,Normal
Pistachio/VAD/vit-features/train/normal/infrastructure_normal_less/000000510443_all__3.npy,Normal
Pistachio/VAD/vit-features/train/normal/infrastructure_normal_less/000000510443_all__4.npy,Normal
Pistachio/VAD/vit-features/train/normal/infrastructure_normal_less/000000510443_all__5.npy,Normal
Pistachio/VAD/vit-features/train/normal/infrastructure_normal_less/000000510443_all__6.npy,Normal
Pistachio/VAD/vit-features/train/normal/infrastructure_normal_less/000000510443_all__7.npy,Normal
Pistachio/VAD/vit-features/train/normal/infrastructure_normal_less/000000510443_all__8.npy,Normal
Pistachio/VAD/vit-features/train/normal/infrastructure_normal_less/000000510443_all__9.npy,Normal
Pistachio/VAD/vit-features/train/normal/infrastructure_normal_less/000000513413_all__0.npy,Normal
Pistachio/VAD/vit-features/train/normal/infrastructure_normal_less/000000513413_all__1.npy,Normal
Pistachio/VAD/vit-features/train/normal/infrastructure_normal_less/000000513413_all__2.npy,Normal
Pistachio/VAD/vit-features/train/normal/infrastructure_normal_less/000000513413_all__3.npy,Normal
Pistachio/VAD/vit-features/train/normal/infrastructure_normal_less/000000513413_all__4.npy,Normal
Pistachio/VAD/vit-features/train/normal/infrastructure_normal_less/000000513413_all__5.npy,Normal
Pistachio/VAD/vit-features/train/normal/infrastructure_normal_less/000000513413_all__6.npy,Normal
Pistachio/VAD/vit-features/train/normal/infrastructure_normal_less/000000513413_all__7.npy,Normal
Pistachio/VAD/vit-features/train/normal/infrastructure_normal_less/000000513413_all__8.npy,Normal
Pistachio/VAD/vit-features/train/normal/infrastructure_normal_less/000000513413_all__9.npy,Normal
Pistachio/VAD/vit-features/train/normal/infrastructure_normal_less/000000513674_all__0.npy,Normal
Pistachio/VAD/vit-features/train/normal/infrastructure_normal_less/000000513674_all__1.npy,Normal
Pistachio/VAD/vit-features/train/normal/infrastructure_normal_less/000000513674_all__2.npy,Normal
Pistachio/VAD/vit-features/train/normal/infrastructure_normal_less/000000513674_all__3.npy,Normal
Pistachio/VAD/vit-features/train/normal/infrastructure_normal_less/000000513674_all__4.npy,Normal
Pistachio/VAD/vit-features/train/normal/infrastructure_normal_less/000000513674_all__5.npy,Normal
Pistachio/VAD/vit-features/train/normal/infrastructure_normal_less/000000513674_all__6.npy,Normal
Pistachio/VAD/vit-features/train/normal/infrastructure_normal_less/000000513674_all__7.npy,Normal
Pistachio/VAD/vit-features/train/normal/infrastructure_normal_less/000000513674_all__8.npy,Normal
Pistachio/VAD/vit-features/train/normal/infrastructure_normal_less/000000513674_all__9.npy,Normal
Pistachio/VAD/vit-features/train/normal/infrastructure_normal_less/000000517241_all__0.npy,Normal
Pistachio/VAD/vit-features/train/normal/infrastructure_normal_less/000000517241_all__1.npy,Normal
Pistachio/VAD/vit-features/train/normal/infrastructure_normal_less/000000517241_all__2.npy,Normal
Pistachio/VAD/vit-features/train/normal/infrastructure_normal_less/000000517241_all__3.npy,Normal
Pistachio/VAD/vit-features/train/normal/infrastructure_normal_less/000000517241_all__4.npy,Normal
Pistachio/VAD/vit-features/train/normal/infrastructure_normal_less/000000517241_all__5.npy,Normal
Pistachio/VAD/vit-features/train/normal/infrastructure_normal_less/000000517241_all__6.npy,Normal
Pistachio/VAD/vit-features/train/normal/infrastructure_normal_less/000000517241_all__7.npy,Normal
Pistachio/VAD/vit-features/train/normal/infrastructure_normal_less/000000517241_all__8.npy,Normal
Pistachio/VAD/vit-features/train/normal/infrastructure_normal_less/000000517241_all__9.npy,Normal
Pistachio/VAD/vit-features/train/normal/infrastructure_normal_less/000000517354_all__0.npy,Normal
Pistachio/VAD/vit-features/train/normal/infrastructure_normal_less/000000517354_all__1.npy,Normal
Pistachio/VAD/vit-features/train/normal/infrastructure_normal_less/000000517354_all__2.npy,Normal
Pistachio/VAD/vit-features/train/normal/infrastructure_normal_less/000000517354_all__3.npy,Normal
Pistachio/VAD/vit-features/train/normal/infrastructure_normal_less/000000517354_all__4.npy,Normal
Pistachio/VAD/vit-features/train/normal/infrastructure_normal_less/000000517354_all__5.npy,Normal
Pistachio/VAD/vit-features/train/normal/infrastructure_normal_less/000000517354_all__6.npy,Normal
Pistachio/VAD/vit-features/train/normal/infrastructure_normal_less/000000517354_all__7.npy,Normal
Pistachio/VAD/vit-features/train/normal/infrastructure_normal_less/000000517354_all__8.npy,Normal
Pistachio/VAD/vit-features/train/normal/infrastructure_normal_less/000000517354_all__9.npy,Normal
Pistachio/VAD/vit-features/train/normal/infrastructure_normal_less/000000517550_all__0.npy,Normal
Pistachio/VAD/vit-features/train/normal/infrastructure_normal_less/000000517550_all__1.npy,Normal
Pistachio/VAD/vit-features/train/normal/infrastructure_normal_less/000000517550_all__2.npy,Normal
Pistachio/VAD/vit-features/train/normal/infrastructure_normal_less/000000517550_all__3.npy,Normal
Pistachio/VAD/vit-features/train/normal/infrastructure_normal_less/000000517550_all__4.npy,Normal
Pistachio/VAD/vit-features/train/normal/infrastructure_normal_less/000000517550_all__5.npy,Normal
Pistachio/VAD/vit-features/train/normal/infrastructure_normal_less/000000517550_all__6.npy,Normal
Pistachio/VAD/vit-features/train/normal/infrastructure_normal_less/000000517550_all__7.npy,Normal
Pistachio/VAD/vit-features/train/normal/infrastructure_normal_less/000000517550_all__8.npy,Normal
Pistachio/VAD/vit-features/train/normal/infrastructure_normal_less/000000517550_all__9.npy,Normal
Pistachio/VAD/vit-features/train/normal/infrastructure_normal_less/000000518967_all__0.npy,Normal
Pistachio/VAD/vit-features/train/normal/infrastructure_normal_less/000000518967_all__1.npy,Normal
Pistachio/VAD/vit-features/train/normal/infrastructure_normal_less/000000518967_all__2.npy,Normal
Pistachio/VAD/vit-features/train/normal/infrastructure_normal_less/000000518967_all__3.npy,Normal
Pistachio/VAD/vit-features/train/normal/infrastructure_normal_less/000000518967_all__4.npy,Normal
Pistachio/VAD/vit-features/train/normal/infrastructure_normal_less/000000518967_all__5.npy,Normal
Pistachio/VAD/vit-features/train/normal/infrastructure_normal_less/000000518967_all__6.npy,Normal
Pistachio/VAD/vit-features/train/normal/infrastructure_normal_less/000000518967_all__7.npy,Normal
Pistachio/VAD/vit-features/train/normal/infrastructure_normal_less/000000518967_all__8.npy,Normal
Pistachio/VAD/vit-features/train/normal/infrastructure_normal_less/000000518967_all__9.npy,Normal
Pistachio/VAD/vit-features/train/normal/infrastructure_normal_less/000000521522_all__0.npy,Normal
Pistachio/VAD/vit-features/train/normal/infrastructure_normal_less/000000521522_all__1.npy,Normal
Pistachio/VAD/vit-features/train/normal/infrastructure_normal_less/000000521522_all__2.npy,Normal
Pistachio/VAD/vit-features/train/normal/infrastructure_normal_less/000000521522_all__3.npy,Normal
Pistachio/VAD/vit-features/train/normal/infrastructure_normal_less/000000521522_all__4.npy,Normal
Pistachio/VAD/vit-features/train/normal/infrastructure_normal_less/000000521522_all__5.npy,Normal
Pistachio/VAD/vit-features/train/normal/infrastructure_normal_less/000000521522_all__6.npy,Normal
Pistachio/VAD/vit-features/train/normal/infrastructure_normal_less/000000521522_all__7.npy,Normal
Pistachio/VAD/vit-features/train/normal/infrastructure_normal_less/000000521522_all__8.npy,Normal
Pistachio/VAD/vit-features/train/normal/infrastructure_normal_less/000000521522_all__9.npy,Normal
Pistachio/VAD/vit-features/train/normal/infrastructure_normal_less/000000521526_all__0.npy,Normal
Pistachio/VAD/vit-features/train/normal/infrastructure_normal_less/000000521526_all__1.npy,Normal
Pistachio/VAD/vit-features/train/normal/infrastructure_normal_less/000000521526_all__2.npy,Normal
Pistachio/VAD/vit-features/train/normal/infrastructure_normal_less/000000521526_all__3.npy,Normal
Pistachio/VAD/vit-features/train/normal/infrastructure_normal_less/000000521526_all__4.npy,Normal
Pistachio/VAD/vit-features/train/normal/infrastructure_normal_less/000000521526_all__5.npy,Normal
Pistachio/VAD/vit-features/train/normal/infrastructure_normal_less/000000521526_all__6.npy,Normal
Pistachio/VAD/vit-features/train/normal/infrastructure_normal_less/000000521526_all__7.npy,Normal
Pistachio/VAD/vit-features/train/normal/infrastructure_normal_less/000000521526_all__8.npy,Normal
Pistachio/VAD/vit-features/train/normal/infrastructure_normal_less/000000521526_all__9.npy,Normal
Pistachio/VAD/vit-features/train/normal/infrastructure_normal_less/000000524185_all__0.npy,Normal
Pistachio/VAD/vit-features/train/normal/infrastructure_normal_less/000000524185_all__1.npy,Normal
Pistachio/VAD/vit-features/train/normal/infrastructure_normal_less/000000524185_all__2.npy,Normal
Pistachio/VAD/vit-features/train/normal/infrastructure_normal_less/000000524185_all__3.npy,Normal
Pistachio/VAD/vit-features/train/normal/infrastructure_normal_less/000000524185_all__4.npy,Normal
Pistachio/VAD/vit-features/train/normal/infrastructure_normal_less/000000524185_all__5.npy,Normal
Pistachio/VAD/vit-features/train/normal/infrastructure_normal_less/000000524185_all__6.npy,Normal
Pistachio/VAD/vit-features/train/normal/infrastructure_normal_less/000000524185_all__7.npy,Normal
Pistachio/VAD/vit-features/train/normal/infrastructure_normal_less/000000524185_all__8.npy,Normal
Pistachio/VAD/vit-features/train/normal/infrastructure_normal_less/000000524185_all__9.npy,Normal
Pistachio/VAD/vit-features/train/normal/infrastructure_normal_less/000000529194_all__0.npy,Normal
Pistachio/VAD/vit-features/train/normal/infrastructure_normal_less/000000529194_all__1.npy,Normal
Pistachio/VAD/vit-features/train/normal/infrastructure_normal_less/000000529194_all__2.npy,Normal
Pistachio/VAD/vit-features/train/normal/infrastructure_normal_less/000000529194_all__3.npy,Normal
Pistachio/VAD/vit-features/train/normal/infrastructure_normal_less/000000529194_all__4.npy,Normal
Pistachio/VAD/vit-features/train/normal/infrastructure_normal_less/000000529194_all__5.npy,Normal
Pistachio/VAD/vit-features/train/normal/infrastructure_normal_less/000000529194_all__6.npy,Normal
Pistachio/VAD/vit-features/train/normal/infrastructure_normal_less/000000529194_all__7.npy,Normal
Pistachio/VAD/vit-features/train/normal/infrastructure_normal_less/000000529194_all__8.npy,Normal
Pistachio/VAD/vit-features/train/normal/infrastructure_normal_less/000000529194_all__9.npy,Normal
Pistachio/VAD/vit-features/train/normal/infrastructure_normal_less/000000541389_all__0.npy,Normal
Pistachio/VAD/vit-features/train/normal/infrastructure_normal_less/000000541389_all__1.npy,Normal
Pistachio/VAD/vit-features/train/normal/infrastructure_normal_less/000000541389_all__2.npy,Normal
Pistachio/VAD/vit-features/train/normal/infrastructure_normal_less/000000541389_all__3.npy,Normal
Pistachio/VAD/vit-features/train/normal/infrastructure_normal_less/000000541389_all__4.npy,Normal
Pistachio/VAD/vit-features/train/normal/infrastructure_normal_less/000000541389_all__5.npy,Normal
Pistachio/VAD/vit-features/train/normal/infrastructure_normal_less/000000541389_all__6.npy,Normal
Pistachio/VAD/vit-features/train/normal/infrastructure_normal_less/000000541389_all__7.npy,Normal
Pistachio/VAD/vit-features/train/normal/infrastructure_normal_less/000000541389_all__8.npy,Normal
Pistachio/VAD/vit-features/train/normal/infrastructure_normal_less/000000541389_all__9.npy,Normal
Pistachio/VAD/vit-features/train/normal/infrastructure_normal_less/000000545599_all__0.npy,Normal
Pistachio/VAD/vit-features/train/normal/infrastructure_normal_less/000000545599_all__1.npy,Normal
Pistachio/VAD/vit-features/train/normal/infrastructure_normal_less/000000545599_all__2.npy,Normal
Pistachio/VAD/vit-features/train/normal/infrastructure_normal_less/000000545599_all__3.npy,Normal
Pistachio/VAD/vit-features/train/normal/infrastructure_normal_less/000000545599_all__4.npy,Normal
Pistachio/VAD/vit-features/train/normal/infrastructure_normal_less/000000545599_all__5.npy,Normal
Pistachio/VAD/vit-features/train/normal/infrastructure_normal_less/000000545599_all__6.npy,Normal
Pistachio/VAD/vit-features/train/normal/infrastructure_normal_less/000000545599_all__7.npy,Normal
Pistachio/VAD/vit-features/train/normal/infrastructure_normal_less/000000545599_all__8.npy,Normal
Pistachio/VAD/vit-features/train/normal/infrastructure_normal_less/000000545599_all__9.npy,Normal
Pistachio/VAD/vit-features/train/normal/infrastructure_normal_less/000000546103_all__0.npy,Normal
Pistachio/VAD/vit-features/train/normal/infrastructure_normal_less/000000546103_all__1.npy,Normal
Pistachio/VAD/vit-features/train/normal/infrastructure_normal_less/000000546103_all__2.npy,Normal
Pistachio/VAD/vit-features/train/normal/infrastructure_normal_less/000000546103_all__3.npy,Normal
Pistachio/VAD/vit-features/train/normal/infrastructure_normal_less/000000546103_all__4.npy,Normal
Pistachio/VAD/vit-features/train/normal/infrastructure_normal_less/000000546103_all__5.npy,Normal
Pistachio/VAD/vit-features/train/normal/infrastructure_normal_less/000000546103_all__6.npy,Normal
Pistachio/VAD/vit-features/train/normal/infrastructure_normal_less/000000546103_all__7.npy,Normal
Pistachio/VAD/vit-features/train/normal/infrastructure_normal_less/000000546103_all__8.npy,Normal
Pistachio/VAD/vit-features/train/normal/infrastructure_normal_less/000000546103_all__9.npy,Normal
Pistachio/VAD/vit-features/train/normal/infrastructure_normal_less/000000549443_all__0.npy,Normal
Pistachio/VAD/vit-features/train/normal/infrastructure_normal_less/000000549443_all__1.npy,Normal
Pistachio/VAD/vit-features/train/normal/infrastructure_normal_less/000000549443_all__2.npy,Normal
Pistachio/VAD/vit-features/train/normal/infrastructure_normal_less/000000549443_all__3.npy,Normal
Pistachio/VAD/vit-features/train/normal/infrastructure_normal_less/000000549443_all__4.npy,Normal
Pistachio/VAD/vit-features/train/normal/infrastructure_normal_less/000000549443_all__5.npy,Normal
Pistachio/VAD/vit-features/train/normal/infrastructure_normal_less/000000549443_all__6.npy,Normal
Pistachio/VAD/vit-features/train/normal/infrastructure_normal_less/000000549443_all__7.npy,Normal
Pistachio/VAD/vit-features/train/normal/infrastructure_normal_less/000000549443_all__8.npy,Normal
Pistachio/VAD/vit-features/train/normal/infrastructure_normal_less/000000549443_all__9.npy,Normal
Pistachio/VAD/vit-features/train/normal/infrastructure_normal_less/000000552386_all__0.npy,Normal
Pistachio/VAD/vit-features/train/normal/infrastructure_normal_less/000000552386_all__1.npy,Normal
Pistachio/VAD/vit-features/train/normal/infrastructure_normal_less/000000552386_all__2.npy,Normal
Pistachio/VAD/vit-features/train/normal/infrastructure_normal_less/000000552386_all__3.npy,Normal
Pistachio/VAD/vit-features/train/normal/infrastructure_normal_less/000000552386_all__4.npy,Normal
Pistachio/VAD/vit-features/train/normal/infrastructure_normal_less/000000552386_all__5.npy,Normal
Pistachio/VAD/vit-features/train/normal/infrastructure_normal_less/000000552386_all__6.npy,Normal
Pistachio/VAD/vit-features/train/normal/infrastructure_normal_less/000000552386_all__7.npy,Normal
Pistachio/VAD/vit-features/train/normal/infrastructure_normal_less/000000552386_all__8.npy,Normal
Pistachio/VAD/vit-features/train/normal/infrastructure_normal_less/000000552386_all__9.npy,Normal
Pistachio/VAD/vit-features/train/normal/infrastructure_normal_less/000000559208_all__0.npy,Normal
Pistachio/VAD/vit-features/train/normal/infrastructure_normal_less/000000559208_all__1.npy,Normal
Pistachio/VAD/vit-features/train/normal/infrastructure_normal_less/000000559208_all__2.npy,Normal
Pistachio/VAD/vit-features/train/normal/infrastructure_normal_less/000000559208_all__3.npy,Normal
Pistachio/VAD/vit-features/train/normal/infrastructure_normal_less/000000559208_all__4.npy,Normal
Pistachio/VAD/vit-features/train/normal/infrastructure_normal_less/000000559208_all__5.npy,Normal
Pistachio/VAD/vit-features/train/normal/infrastructure_normal_less/000000559208_all__6.npy,Normal
Pistachio/VAD/vit-features/train/normal/infrastructure_normal_less/000000559208_all__7.npy,Normal
Pistachio/VAD/vit-features/train/normal/infrastructure_normal_less/000000559208_all__8.npy,Normal
Pistachio/VAD/vit-features/train/normal/infrastructure_normal_less/000000559208_all__9.npy,Normal
Pistachio/VAD/vit-features/train/normal/infrastructure_normal_less/000000561440_all__0.npy,Normal
Pistachio/VAD/vit-features/train/normal/infrastructure_normal_less/000000561440_all__1.npy,Normal
Pistachio/VAD/vit-features/train/normal/infrastructure_normal_less/000000561440_all__2.npy,Normal
Pistachio/VAD/vit-features/train/normal/infrastructure_normal_less/000000561440_all__3.npy,Normal
Pistachio/VAD/vit-features/train/normal/infrastructure_normal_less/000000561440_all__4.npy,Normal
Pistachio/VAD/vit-features/train/normal/infrastructure_normal_less/000000561440_all__5.npy,Normal
Pistachio/VAD/vit-features/train/normal/infrastructure_normal_less/000000561440_all__6.npy,Normal
Pistachio/VAD/vit-features/train/normal/infrastructure_normal_less/000000561440_all__7.npy,Normal
Pistachio/VAD/vit-features/train/normal/infrastructure_normal_less/000000561440_all__8.npy,Normal
Pistachio/VAD/vit-features/train/normal/infrastructure_normal_less/000000561440_all__9.npy,Normal
Pistachio/VAD/vit-features/train/normal/infrastructure_normal_less/000000563249_all__0.npy,Normal
Pistachio/VAD/vit-features/train/normal/infrastructure_normal_less/000000563249_all__1.npy,Normal
Pistachio/VAD/vit-features/train/normal/infrastructure_normal_less/000000563249_all__2.npy,Normal
Pistachio/VAD/vit-features/train/normal/infrastructure_normal_less/000000563249_all__3.npy,Normal
Pistachio/VAD/vit-features/train/normal/infrastructure_normal_less/000000563249_all__4.npy,Normal
Pistachio/VAD/vit-features/train/normal/infrastructure_normal_less/000000563249_all__5.npy,Normal
Pistachio/VAD/vit-features/train/normal/infrastructure_normal_less/000000563249_all__6.npy,Normal
Pistachio/VAD/vit-features/train/normal/infrastructure_normal_less/000000563249_all__7.npy,Normal
Pistachio/VAD/vit-features/train/normal/infrastructure_normal_less/000000563249_all__8.npy,Normal
Pistachio/VAD/vit-features/train/normal/infrastructure_normal_less/000000563249_all__9.npy,Normal
Pistachio/VAD/vit-features/train/normal/infrastructure_normal_less/000000566150_all__0.npy,Normal
Pistachio/VAD/vit-features/train/normal/infrastructure_normal_less/000000566150_all__1.npy,Normal
Pistachio/VAD/vit-features/train/normal/infrastructure_normal_less/000000566150_all__2.npy,Normal
Pistachio/VAD/vit-features/train/normal/infrastructure_normal_less/000000566150_all__3.npy,Normal
Pistachio/VAD/vit-features/train/normal/infrastructure_normal_less/000000566150_all__4.npy,Normal
Pistachio/VAD/vit-features/train/normal/infrastructure_normal_less/000000566150_all__5.npy,Normal
Pistachio/VAD/vit-features/train/normal/infrastructure_normal_less/000000566150_all__6.npy,Normal
Pistachio/VAD/vit-features/train/normal/infrastructure_normal_less/000000566150_all__7.npy,Normal
Pistachio/VAD/vit-features/train/normal/infrastructure_normal_less/000000566150_all__8.npy,Normal
Pistachio/VAD/vit-features/train/normal/infrastructure_normal_less/000000566150_all__9.npy,Normal
Pistachio/VAD/vit-features/train/normal/infrastructure_normal_less/000000568028_all__0.npy,Normal
Pistachio/VAD/vit-features/train/normal/infrastructure_normal_less/000000568028_all__1.npy,Normal
Pistachio/VAD/vit-features/train/normal/infrastructure_normal_less/000000568028_all__2.npy,Normal
Pistachio/VAD/vit-features/train/normal/infrastructure_normal_less/000000568028_all__3.npy,Normal
Pistachio/VAD/vit-features/train/normal/infrastructure_normal_less/000000568028_all__4.npy,Normal
Pistachio/VAD/vit-features/train/normal/infrastructure_normal_less/000000568028_all__5.npy,Normal
Pistachio/VAD/vit-features/train/normal/infrastructure_normal_less/000000568028_all__6.npy,Normal
Pistachio/VAD/vit-features/train/normal/infrastructure_normal_less/000000568028_all__7.npy,Normal
Pistachio/VAD/vit-features/train/normal/infrastructure_normal_less/000000568028_all__8.npy,Normal
Pistachio/VAD/vit-features/train/normal/infrastructure_normal_less/000000568028_all__9.npy,Normal
Pistachio/VAD/vit-features/train/normal/infrastructure_normal_less/000000576090_all__0.npy,Normal
Pistachio/VAD/vit-features/train/normal/infrastructure_normal_less/000000576090_all__1.npy,Normal
Pistachio/VAD/vit-features/train/normal/infrastructure_normal_less/000000576090_all__2.npy,Normal
Pistachio/VAD/vit-features/train/normal/infrastructure_normal_less/000000576090_all__3.npy,Normal
Pistachio/VAD/vit-features/train/normal/infrastructure_normal_less/000000576090_all__4.npy,Normal
Pistachio/VAD/vit-features/train/normal/infrastructure_normal_less/000000576090_all__5.npy,Normal
Pistachio/VAD/vit-features/train/normal/infrastructure_normal_less/000000576090_all__6.npy,Normal
Pistachio/VAD/vit-features/train/normal/infrastructure_normal_less/000000576090_all__7.npy,Normal
Pistachio/VAD/vit-features/train/normal/infrastructure_normal_less/000000576090_all__8.npy,Normal
Pistachio/VAD/vit-features/train/normal/infrastructure_normal_less/000000576090_all__9.npy,Normal
Pistachio/VAD/vit-features/train/normal/infrastructure_normal_less/000000580123_all__0.npy,Normal
Pistachio/VAD/vit-features/train/normal/infrastructure_normal_less/000000580123_all__1.npy,Normal
Pistachio/VAD/vit-features/train/normal/infrastructure_normal_less/000000580123_all__2.npy,Normal
Pistachio/VAD/vit-features/train/normal/infrastructure_normal_less/000000580123_all__3.npy,Normal
Pistachio/VAD/vit-features/train/normal/infrastructure_normal_less/000000580123_all__4.npy,Normal
Pistachio/VAD/vit-features/train/normal/infrastructure_normal_less/000000580123_all__5.npy,Normal
Pistachio/VAD/vit-features/train/normal/infrastructure_normal_less/000000580123_all__6.npy,Normal
Pistachio/VAD/vit-features/train/normal/infrastructure_normal_less/000000580123_all__7.npy,Normal
Pistachio/VAD/vit-features/train/normal/infrastructure_normal_less/000000580123_all__8.npy,Normal
Pistachio/VAD/vit-features/train/normal/infrastructure_normal_less/000000580123_all__9.npy,Normal
Pistachio/VAD/vit-features/train/normal/infrastructure_normal_less/04ND4WG38NMQ_all__0.npy,Normal
Pistachio/VAD/vit-features/train/normal/infrastructure_normal_less/04ND4WG38NMQ_all__1.npy,Normal
Pistachio/VAD/vit-features/train/normal/infrastructure_normal_less/04ND4WG38NMQ_all__2.npy,Normal
Pistachio/VAD/vit-features/train/normal/infrastructure_normal_less/04ND4WG38NMQ_all__3.npy,Normal
Pistachio/VAD/vit-features/train/normal/infrastructure_normal_less/04ND4WG38NMQ_all__4.npy,Normal
Pistachio/VAD/vit-features/train/normal/infrastructure_normal_less/04ND4WG38NMQ_all__5.npy,Normal
Pistachio/VAD/vit-features/train/normal/infrastructure_normal_less/04ND4WG38NMQ_all__6.npy,Normal
Pistachio/VAD/vit-features/train/normal/infrastructure_normal_less/04ND4WG38NMQ_all__7.npy,Normal
Pistachio/VAD/vit-features/train/normal/infrastructure_normal_less/04ND4WG38NMQ_all__8.npy,Normal
Pistachio/VAD/vit-features/train/normal/infrastructure_normal_less/04ND4WG38NMQ_all__9.npy,Normal
Pistachio/VAD/vit-features/train/normal/infrastructure_normal_less/0IOSJSDOX5VR_all__0.npy,Normal
Pistachio/VAD/vit-features/train/normal/infrastructure_normal_less/0IOSJSDOX5VR_all__1.npy,Normal
Pistachio/VAD/vit-features/train/normal/infrastructure_normal_less/0IOSJSDOX5VR_all__2.npy,Normal
Pistachio/VAD/vit-features/train/normal/infrastructure_normal_less/0IOSJSDOX5VR_all__3.npy,Normal
Pistachio/VAD/vit-features/train/normal/infrastructure_normal_less/0IOSJSDOX5VR_all__4.npy,Normal
Pistachio/VAD/vit-features/train/normal/infrastructure_normal_less/0IOSJSDOX5VR_all__5.npy,Normal
Pistachio/VAD/vit-features/train/normal/infrastructure_normal_less/0IOSJSDOX5VR_all__6.npy,Normal
Pistachio/VAD/vit-features/train/normal/infrastructure_normal_less/0IOSJSDOX5VR_all__7.npy,Normal
Pistachio/VAD/vit-features/train/normal/infrastructure_normal_less/0IOSJSDOX5VR_all__8.npy,Normal
Pistachio/VAD/vit-features/train/normal/infrastructure_normal_less/0IOSJSDOX5VR_all__9.npy,Normal
Pistachio/VAD/vit-features/train/normal/infrastructure_normal_less/10FLK0NU7YAY_all__0.npy,Normal
Pistachio/VAD/vit-features/train/normal/infrastructure_normal_less/10FLK0NU7YAY_all__1.npy,Normal
Pistachio/VAD/vit-features/train/normal/infrastructure_normal_less/10FLK0NU7YAY_all__2.npy,Normal
Pistachio/VAD/vit-features/train/normal/infrastructure_normal_less/10FLK0NU7YAY_all__3.npy,Normal
Pistachio/VAD/vit-features/train/normal/infrastructure_normal_less/10FLK0NU7YAY_all__4.npy,Normal
Pistachio/VAD/vit-features/train/normal/infrastructure_normal_less/10FLK0NU7YAY_all__5.npy,Normal
Pistachio/VAD/vit-features/train/normal/infrastructure_normal_less/10FLK0NU7YAY_all__6.npy,Normal
Pistachio/VAD/vit-features/train/normal/infrastructure_normal_less/10FLK0NU7YAY_all__7.npy,Normal
Pistachio/VAD/vit-features/train/normal/infrastructure_normal_less/10FLK0NU7YAY_all__8.npy,Normal
Pistachio/VAD/vit-features/train/normal/infrastructure_normal_less/10FLK0NU7YAY_all__9.npy,Normal
Pistachio/VAD/vit-features/train/normal/infrastructure_normal_less/10_jpg.rf.1d247dc1d4df461b2092cef17e760808_all__0.npy,Normal
Pistachio/VAD/vit-features/train/normal/infrastructure_normal_less/10_jpg.rf.1d247dc1d4df461b2092cef17e760808_all__1.npy,Normal
Pistachio/VAD/vit-features/train/normal/infrastructure_normal_less/10_jpg.rf.1d247dc1d4df461b2092cef17e760808_all__2.npy,Normal
Pistachio/VAD/vit-features/train/normal/infrastructure_normal_less/10_jpg.rf.1d247dc1d4df461b2092cef17e760808_all__3.npy,Normal
Pistachio/VAD/vit-features/train/normal/infrastructure_normal_less/10_jpg.rf.1d247dc1d4df461b2092cef17e760808_all__4.npy,Normal
Pistachio/VAD/vit-features/train/normal/infrastructure_normal_less/10_jpg.rf.1d247dc1d4df461b2092cef17e760808_all__5.npy,Normal
Pistachio/VAD/vit-features/train/normal/infrastructure_normal_less/10_jpg.rf.1d247dc1d4df461b2092cef17e760808_all__6.npy,Normal
Pistachio/VAD/vit-features/train/normal/infrastructure_normal_less/10_jpg.rf.1d247dc1d4df461b2092cef17e760808_all__7.npy,Normal
Pistachio/VAD/vit-features/train/normal/infrastructure_normal_less/10_jpg.rf.1d247dc1d4df461b2092cef17e760808_all__8.npy,Normal
Pistachio/VAD/vit-features/train/normal/infrastructure_normal_less/10_jpg.rf.1d247dc1d4df461b2092cef17e760808_all__9.npy,Normal
Pistachio/VAD/vit-features/train/normal/infrastructure_normal_less/11_jpg.rf.5b91359763848a419f64dc8ef46df290_all__0.npy,Normal
Pistachio/VAD/vit-features/train/normal/infrastructure_normal_less/11_jpg.rf.5b91359763848a419f64dc8ef46df290_all__1.npy,Normal
Pistachio/VAD/vit-features/train/normal/infrastructure_normal_less/11_jpg.rf.5b91359763848a419f64dc8ef46df290_all__2.npy,Normal
Pistachio/VAD/vit-features/train/normal/infrastructure_normal_less/11_jpg.rf.5b91359763848a419f64dc8ef46df290_all__3.npy,Normal
Pistachio/VAD/vit-features/train/normal/infrastructure_normal_less/11_jpg.rf.5b91359763848a419f64dc8ef46df290_all__4.npy,Normal
Pistachio/VAD/vit-features/train/normal/infrastructure_normal_less/11_jpg.rf.5b91359763848a419f64dc8ef46df290_all__5.npy,Normal
Pistachio/VAD/vit-features/train/normal/infrastructure_normal_less/11_jpg.rf.5b91359763848a419f64dc8ef46df290_all__6.npy,Normal
Pistachio/VAD/vit-features/train/normal/infrastructure_normal_less/11_jpg.rf.5b91359763848a419f64dc8ef46df290_all__7.npy,Normal
Pistachio/VAD/vit-features/train/normal/infrastructure_normal_less/11_jpg.rf.5b91359763848a419f64dc8ef46df290_all__8.npy,Normal
Pistachio/VAD/vit-features/train/normal/infrastructure_normal_less/11_jpg.rf.5b91359763848a419f64dc8ef46df290_all__9.npy,Normal
Pistachio/VAD/vit-features/train/normal/infrastructure_normal_less/12_jpg.rf.a29a4b817001239e3f24ccb3ae1cb67a_all__0.npy,Normal
Pistachio/VAD/vit-features/train/normal/infrastructure_normal_less/12_jpg.rf.a29a4b817001239e3f24ccb3ae1cb67a_all__1.npy,Normal
Pistachio/VAD/vit-features/train/normal/infrastructure_normal_less/12_jpg.rf.a29a4b817001239e3f24ccb3ae1cb67a_all__2.npy,Normal
Pistachio/VAD/vit-features/train/normal/infrastructure_normal_less/12_jpg.rf.a29a4b817001239e3f24ccb3ae1cb67a_all__3.npy,Normal
Pistachio/VAD/vit-features/train/normal/infrastructure_normal_less/12_jpg.rf.a29a4b817001239e3f24ccb3ae1cb67a_all__4.npy,Normal
Pistachio/VAD/vit-features/train/normal/infrastructure_normal_less/12_jpg.rf.a29a4b817001239e3f24ccb3ae1cb67a_all__5.npy,Normal
Pistachio/VAD/vit-features/train/normal/infrastructure_normal_less/12_jpg.rf.a29a4b817001239e3f24ccb3ae1cb67a_all__6.npy,Normal
Pistachio/VAD/vit-features/train/normal/infrastructure_normal_less/12_jpg.rf.a29a4b817001239e3f24ccb3ae1cb67a_all__7.npy,Normal
Pistachio/VAD/vit-features/train/normal/infrastructure_normal_less/12_jpg.rf.a29a4b817001239e3f24ccb3ae1cb67a_all__8.npy,Normal
Pistachio/VAD/vit-features/train/normal/infrastructure_normal_less/12_jpg.rf.a29a4b817001239e3f24ccb3ae1cb67a_all__9.npy,Normal
Pistachio/VAD/vit-features/train/normal/infrastructure_normal_less/13PE41KDNS1G_all__0.npy,Normal
Pistachio/VAD/vit-features/train/normal/infrastructure_normal_less/13PE41KDNS1G_all__1.npy,Normal
Pistachio/VAD/vit-features/train/normal/infrastructure_normal_less/13PE41KDNS1G_all__2.npy,Normal
Pistachio/VAD/vit-features/train/normal/infrastructure_normal_less/13PE41KDNS1G_all__3.npy,Normal
Pistachio/VAD/vit-features/train/normal/infrastructure_normal_less/13PE41KDNS1G_all__4.npy,Normal
Pistachio/VAD/vit-features/train/normal/infrastructure_normal_less/13PE41KDNS1G_all__5.npy,Normal
Pistachio/VAD/vit-features/train/normal/infrastructure_normal_less/13PE41KDNS1G_all__6.npy,Normal
Pistachio/VAD/vit-features/train/normal/infrastructure_normal_less/13PE41KDNS1G_all__7.npy,Normal
Pistachio/VAD/vit-features/train/normal/infrastructure_normal_less/13PE41KDNS1G_all__8.npy,Normal
Pistachio/VAD/vit-features/train/normal/infrastructure_normal_less/13PE41KDNS1G_all__9.npy,Normal
Pistachio/VAD/vit-features/train/normal/infrastructure_normal_less/13_jpg.rf.967254318ab67809ebab25103d0857a4_all__0.npy,Normal
Pistachio/VAD/vit-features/train/normal/infrastructure_normal_less/13_jpg.rf.967254318ab67809ebab25103d0857a4_all__1.npy,Normal
Pistachio/VAD/vit-features/train/normal/infrastructure_normal_less/13_jpg.rf.967254318ab67809ebab25103d0857a4_all__2.npy,Normal
Pistachio/VAD/vit-features/train/normal/infrastructure_normal_less/13_jpg.rf.967254318ab67809ebab25103d0857a4_all__3.npy,Normal
Pistachio/VAD/vit-features/train/normal/infrastructure_normal_less/13_jpg.rf.967254318ab67809ebab25103d0857a4_all__4.npy,Normal
Pistachio/VAD/vit-features/train/normal/infrastructure_normal_less/13_jpg.rf.967254318ab67809ebab25103d0857a4_all__5.npy,Normal
Pistachio/VAD/vit-features/train/normal/infrastructure_normal_less/13_jpg.rf.967254318ab67809ebab25103d0857a4_all__6.npy,Normal
Pistachio/VAD/vit-features/train/normal/infrastructure_normal_less/13_jpg.rf.967254318ab67809ebab25103d0857a4_all__7.npy,Normal
Pistachio/VAD/vit-features/train/normal/infrastructure_normal_less/13_jpg.rf.967254318ab67809ebab25103d0857a4_all__8.npy,Normal
Pistachio/VAD/vit-features/train/normal/infrastructure_normal_less/13_jpg.rf.967254318ab67809ebab25103d0857a4_all__9.npy,Normal
Pistachio/VAD/vit-features/train/normal/infrastructure_normal_less/14SJCV6LIU9L_all__0.npy,Normal
Pistachio/VAD/vit-features/train/normal/infrastructure_normal_less/14SJCV6LIU9L_all__1.npy,Normal
Pistachio/VAD/vit-features/train/normal/infrastructure_normal_less/14SJCV6LIU9L_all__2.npy,Normal
Pistachio/VAD/vit-features/train/normal/infrastructure_normal_less/14SJCV6LIU9L_all__3.npy,Normal
Pistachio/VAD/vit-features/train/normal/infrastructure_normal_less/14SJCV6LIU9L_all__4.npy,Normal
Pistachio/VAD/vit-features/train/normal/infrastructure_normal_less/14SJCV6LIU9L_all__5.npy,Normal
Pistachio/VAD/vit-features/train/normal/infrastructure_normal_less/14SJCV6LIU9L_all__6.npy,Normal
Pistachio/VAD/vit-features/train/normal/infrastructure_normal_less/14SJCV6LIU9L_all__7.npy,Normal
Pistachio/VAD/vit-features/train/normal/infrastructure_normal_less/14SJCV6LIU9L_all__8.npy,Normal
Pistachio/VAD/vit-features/train/normal/infrastructure_normal_less/14SJCV6LIU9L_all__9.npy,Normal
Pistachio/VAD/vit-features/train/normal/infrastructure_normal_less/14_jpg.rf.33ced9f814922046ef3b13a2b2a46ee2_all__0.npy,Normal
Pistachio/VAD/vit-features/train/normal/infrastructure_normal_less/14_jpg.rf.33ced9f814922046ef3b13a2b2a46ee2_all__1.npy,Normal
Pistachio/VAD/vit-features/train/normal/infrastructure_normal_less/14_jpg.rf.33ced9f814922046ef3b13a2b2a46ee2_all__2.npy,Normal
Pistachio/VAD/vit-features/train/normal/infrastructure_normal_less/14_jpg.rf.33ced9f814922046ef3b13a2b2a46ee2_all__3.npy,Normal
Pistachio/VAD/vit-features/train/normal/infrastructure_normal_less/14_jpg.rf.33ced9f814922046ef3b13a2b2a46ee2_all__4.npy,Normal
Pistachio/VAD/vit-features/train/normal/infrastructure_normal_less/14_jpg.rf.33ced9f814922046ef3b13a2b2a46ee2_all__5.npy,Normal
Pistachio/VAD/vit-features/train/normal/infrastructure_normal_less/14_jpg.rf.33ced9f814922046ef3b13a2b2a46ee2_all__6.npy,Normal
Pistachio/VAD/vit-features/train/normal/infrastructure_normal_less/14_jpg.rf.33ced9f814922046ef3b13a2b2a46ee2_all__7.npy,Normal
Pistachio/VAD/vit-features/train/normal/infrastructure_normal_less/14_jpg.rf.33ced9f814922046ef3b13a2b2a46ee2_all__8.npy,Normal
Pistachio/VAD/vit-features/train/normal/infrastructure_normal_less/14_jpg.rf.33ced9f814922046ef3b13a2b2a46ee2_all__9.npy,Normal
Pistachio/VAD/vit-features/train/normal/infrastructure_normal_less/15_jpg.rf.dec3c5d9a45186cf024d402d904bd9c9_all__0.npy,Normal
Pistachio/VAD/vit-features/train/normal/infrastructure_normal_less/15_jpg.rf.dec3c5d9a45186cf024d402d904bd9c9_all__1.npy,Normal
Pistachio/VAD/vit-features/train/normal/infrastructure_normal_less/15_jpg.rf.dec3c5d9a45186cf024d402d904bd9c9_all__2.npy,Normal
Pistachio/VAD/vit-features/train/normal/infrastructure_normal_less/15_jpg.rf.dec3c5d9a45186cf024d402d904bd9c9_all__3.npy,Normal
Pistachio/VAD/vit-features/train/normal/infrastructure_normal_less/15_jpg.rf.dec3c5d9a45186cf024d402d904bd9c9_all__4.npy,Normal
Pistachio/VAD/vit-features/train/normal/infrastructure_normal_less/15_jpg.rf.dec3c5d9a45186cf024d402d904bd9c9_all__5.npy,Normal
Pistachio/VAD/vit-features/train/normal/infrastructure_normal_less/15_jpg.rf.dec3c5d9a45186cf024d402d904bd9c9_all__6.npy,Normal
Pistachio/VAD/vit-features/train/normal/infrastructure_normal_less/15_jpg.rf.dec3c5d9a45186cf024d402d904bd9c9_all__7.npy,Normal
Pistachio/VAD/vit-features/train/normal/infrastructure_normal_less/15_jpg.rf.dec3c5d9a45186cf024d402d904bd9c9_all__8.npy,Normal
Pistachio/VAD/vit-features/train/normal/infrastructure_normal_less/15_jpg.rf.dec3c5d9a45186cf024d402d904bd9c9_all__9.npy,Normal
Pistachio/VAD/vit-features/train/normal/infrastructure_normal_less/17O5K9IX2MS6_all__0.npy,Normal
Pistachio/VAD/vit-features/train/normal/infrastructure_normal_less/17O5K9IX2MS6_all__1.npy,Normal
Pistachio/VAD/vit-features/train/normal/infrastructure_normal_less/17O5K9IX2MS6_all__2.npy,Normal
Pistachio/VAD/vit-features/train/normal/infrastructure_normal_less/17O5K9IX2MS6_all__3.npy,Normal
Pistachio/VAD/vit-features/train/normal/infrastructure_normal_less/17O5K9IX2MS6_all__4.npy,Normal
Pistachio/VAD/vit-features/train/normal/infrastructure_normal_less/17O5K9IX2MS6_all__5.npy,Normal
Pistachio/VAD/vit-features/train/normal/infrastructure_normal_less/17O5K9IX2MS6_all__6.npy,Normal
Pistachio/VAD/vit-features/train/normal/infrastructure_normal_less/17O5K9IX2MS6_all__7.npy,Normal
Pistachio/VAD/vit-features/train/normal/infrastructure_normal_less/17O5K9IX2MS6_all__8.npy,Normal
Pistachio/VAD/vit-features/train/normal/infrastructure_normal_less/17O5K9IX2MS6_all__9.npy,Normal
Pistachio/VAD/vit-features/train/normal/infrastructure_normal_less/17_jpg.rf.05d476fc49be3baa311ac57224965e87_all__0.npy,Normal
Pistachio/VAD/vit-features/train/normal/infrastructure_normal_less/17_jpg.rf.05d476fc49be3baa311ac57224965e87_all__1.npy,Normal
Pistachio/VAD/vit-features/train/normal/infrastructure_normal_less/17_jpg.rf.05d476fc49be3baa311ac57224965e87_all__2.npy,Normal
Pistachio/VAD/vit-features/train/normal/infrastructure_normal_less/17_jpg.rf.05d476fc49be3baa311ac57224965e87_all__3.npy,Normal
Pistachio/VAD/vit-features/train/normal/infrastructure_normal_less/17_jpg.rf.05d476fc49be3baa311ac57224965e87_all__4.npy,Normal
Pistachio/VAD/vit-features/train/normal/infrastructure_normal_less/17_jpg.rf.05d476fc49be3baa311ac57224965e87_all__5.npy,Normal
Pistachio/VAD/vit-features/train/normal/infrastructure_normal_less/17_jpg.rf.05d476fc49be3baa311ac57224965e87_all__6.npy,Normal
Pistachio/VAD/vit-features/train/normal/infrastructure_normal_less/17_jpg.rf.05d476fc49be3baa311ac57224965e87_all__7.npy,Normal
Pistachio/VAD/vit-features/train/normal/infrastructure_normal_less/17_jpg.rf.05d476fc49be3baa311ac57224965e87_all__8.npy,Normal
Pistachio/VAD/vit-features/train/normal/infrastructure_normal_less/17_jpg.rf.05d476fc49be3baa311ac57224965e87_all__9.npy,Normal
Pistachio/VAD/vit-features/train/normal/infrastructure_normal_less/18_jpg.rf.987064700a030924c0eaf06163af1ffd_all__0.npy,Normal
Pistachio/VAD/vit-features/train/normal/infrastructure_normal_less/18_jpg.rf.987064700a030924c0eaf06163af1ffd_all__1.npy,Normal
Pistachio/VAD/vit-features/train/normal/infrastructure_normal_less/18_jpg.rf.987064700a030924c0eaf06163af1ffd_all__2.npy,Normal
Pistachio/VAD/vit-features/train/normal/infrastructure_normal_less/18_jpg.rf.987064700a030924c0eaf06163af1ffd_all__3.npy,Normal
Pistachio/VAD/vit-features/train/normal/infrastructure_normal_less/18_jpg.rf.987064700a030924c0eaf06163af1ffd_all__4.npy,Normal
Pistachio/VAD/vit-features/train/normal/infrastructure_normal_less/18_jpg.rf.987064700a030924c0eaf06163af1ffd_all__5.npy,Normal
Pistachio/VAD/vit-features/train/normal/infrastructure_normal_less/18_jpg.rf.987064700a030924c0eaf06163af1ffd_all__6.npy,Normal
Pistachio/VAD/vit-features/train/normal/infrastructure_normal_less/18_jpg.rf.987064700a030924c0eaf06163af1ffd_all__7.npy,Normal
Pistachio/VAD/vit-features/train/normal/infrastructure_normal_less/18_jpg.rf.987064700a030924c0eaf06163af1ffd_all__8.npy,Normal
Pistachio/VAD/vit-features/train/normal/infrastructure_normal_less/18_jpg.rf.987064700a030924c0eaf06163af1ffd_all__9.npy,Normal
Pistachio/VAD/vit-features/train/normal/infrastructure_normal_less/19_jpg.rf.a34610bc474c8e709e9976864eaaf4c4_all__0.npy,Normal
Pistachio/VAD/vit-features/train/normal/infrastructure_normal_less/19_jpg.rf.a34610bc474c8e709e9976864eaaf4c4_all__1.npy,Normal
Pistachio/VAD/vit-features/train/normal/infrastructure_normal_less/19_jpg.rf.a34610bc474c8e709e9976864eaaf4c4_all__2.npy,Normal
Pistachio/VAD/vit-features/train/normal/infrastructure_normal_less/19_jpg.rf.a34610bc474c8e709e9976864eaaf4c4_all__3.npy,Normal
Pistachio/VAD/vit-features/train/normal/infrastructure_normal_less/19_jpg.rf.a34610bc474c8e709e9976864eaaf4c4_all__4.npy,Normal
Pistachio/VAD/vit-features/train/normal/infrastructure_normal_less/19_jpg.rf.a34610bc474c8e709e9976864eaaf4c4_all__5.npy,Normal
Pistachio/VAD/vit-features/train/normal/infrastructure_normal_less/19_jpg.rf.a34610bc474c8e709e9976864eaaf4c4_all__6.npy,Normal
Pistachio/VAD/vit-features/train/normal/infrastructure_normal_less/19_jpg.rf.a34610bc474c8e709e9976864eaaf4c4_all__7.npy,Normal
Pistachio/VAD/vit-features/train/normal/infrastructure_normal_less/19_jpg.rf.a34610bc474c8e709e9976864eaaf4c4_all__8.npy,Normal
Pistachio/VAD/vit-features/train/normal/infrastructure_normal_less/19_jpg.rf.a34610bc474c8e709e9976864eaaf4c4_all__9.npy,Normal
Pistachio/VAD/vit-features/train/normal/infrastructure_normal_less/200_jpg.rf.47408d1c19d245a69f47bc9e1f708e70_all__0.npy,Normal
Pistachio/VAD/vit-features/train/normal/infrastructure_normal_less/200_jpg.rf.47408d1c19d245a69f47bc9e1f708e70_all__1.npy,Normal
Pistachio/VAD/vit-features/train/normal/infrastructure_normal_less/200_jpg.rf.47408d1c19d245a69f47bc9e1f708e70_all__2.npy,Normal
Pistachio/VAD/vit-features/train/normal/infrastructure_normal_less/200_jpg.rf.47408d1c19d245a69f47bc9e1f708e70_all__3.npy,Normal
Pistachio/VAD/vit-features/train/normal/infrastructure_normal_less/200_jpg.rf.47408d1c19d245a69f47bc9e1f708e70_all__4.npy,Normal
Pistachio/VAD/vit-features/train/normal/infrastructure_normal_less/200_jpg.rf.47408d1c19d245a69f47bc9e1f708e70_all__5.npy,Normal
Pistachio/VAD/vit-features/train/normal/infrastructure_normal_less/200_jpg.rf.47408d1c19d245a69f47bc9e1f708e70_all__6.npy,Normal
Pistachio/VAD/vit-features/train/normal/infrastructure_normal_less/200_jpg.rf.47408d1c19d245a69f47bc9e1f708e70_all__7.npy,Normal
Pistachio/VAD/vit-features/train/normal/infrastructure_normal_less/200_jpg.rf.47408d1c19d245a69f47bc9e1f708e70_all__8.npy,Normal
Pistachio/VAD/vit-features/train/normal/infrastructure_normal_less/200_jpg.rf.47408d1c19d245a69f47bc9e1f708e70_all__9.npy,Normal
Pistachio/VAD/vit-features/train/normal/infrastructure_normal_less/207_jpg.rf.79692f80bf5fc134a457c7bb2a13a93c_all__0.npy,Normal
Pistachio/VAD/vit-features/train/normal/infrastructure_normal_less/207_jpg.rf.79692f80bf5fc134a457c7bb2a13a93c_all__1.npy,Normal
Pistachio/VAD/vit-features/train/normal/infrastructure_normal_less/207_jpg.rf.79692f80bf5fc134a457c7bb2a13a93c_all__2.npy,Normal
Pistachio/VAD/vit-features/train/normal/infrastructure_normal_less/207_jpg.rf.79692f80bf5fc134a457c7bb2a13a93c_all__3.npy,Normal
Pistachio/VAD/vit-features/train/normal/infrastructure_normal_less/207_jpg.rf.79692f80bf5fc134a457c7bb2a13a93c_all__4.npy,Normal
Pistachio/VAD/vit-features/train/normal/infrastructure_normal_less/207_jpg.rf.79692f80bf5fc134a457c7bb2a13a93c_all__5.npy,Normal
Pistachio/VAD/vit-features/train/normal/infrastructure_normal_less/207_jpg.rf.79692f80bf5fc134a457c7bb2a13a93c_all__6.npy,Normal
Pistachio/VAD/vit-features/train/normal/infrastructure_normal_less/207_jpg.rf.79692f80bf5fc134a457c7bb2a13a93c_all__7.npy,Normal
Pistachio/VAD/vit-features/train/normal/infrastructure_normal_less/207_jpg.rf.79692f80bf5fc134a457c7bb2a13a93c_all__8.npy,Normal
Pistachio/VAD/vit-features/train/normal/infrastructure_normal_less/207_jpg.rf.79692f80bf5fc134a457c7bb2a13a93c_all__9.npy,Normal
Pistachio/VAD/vit-features/train/normal/infrastructure_normal_less/216_jpg.rf.8f04e635736e88bf3459e8dd56c6516d_all__0.npy,Normal
Pistachio/VAD/vit-features/train/normal/infrastructure_normal_less/216_jpg.rf.8f04e635736e88bf3459e8dd56c6516d_all__1.npy,Normal
Pistachio/VAD/vit-features/train/normal/infrastructure_normal_less/216_jpg.rf.8f04e635736e88bf3459e8dd56c6516d_all__2.npy,Normal
Pistachio/VAD/vit-features/train/normal/infrastructure_normal_less/216_jpg.rf.8f04e635736e88bf3459e8dd56c6516d_all__3.npy,Normal
Pistachio/VAD/vit-features/train/normal/infrastructure_normal_less/216_jpg.rf.8f04e635736e88bf3459e8dd56c6516d_all__4.npy,Normal
Pistachio/VAD/vit-features/train/normal/infrastructure_normal_less/216_jpg.rf.8f04e635736e88bf3459e8dd56c6516d_all__5.npy,Normal
Pistachio/VAD/vit-features/train/normal/infrastructure_normal_less/216_jpg.rf.8f04e635736e88bf3459e8dd56c6516d_all__6.npy,Normal
Pistachio/VAD/vit-features/train/normal/infrastructure_normal_less/216_jpg.rf.8f04e635736e88bf3459e8dd56c6516d_all__7.npy,Normal
Pistachio/VAD/vit-features/train/normal/infrastructure_normal_less/216_jpg.rf.8f04e635736e88bf3459e8dd56c6516d_all__8.npy,Normal
Pistachio/VAD/vit-features/train/normal/infrastructure_normal_less/216_jpg.rf.8f04e635736e88bf3459e8dd56c6516d_all__9.npy,Normal
Pistachio/VAD/vit-features/train/normal/infrastructure_normal_less/221_jpg.rf.4892390858156c649672afc33355f80b_all__0.npy,Normal
Pistachio/VAD/vit-features/train/normal/infrastructure_normal_less/221_jpg.rf.4892390858156c649672afc33355f80b_all__1.npy,Normal
Pistachio/VAD/vit-features/train/normal/infrastructure_normal_less/221_jpg.rf.4892390858156c649672afc33355f80b_all__2.npy,Normal
Pistachio/VAD/vit-features/train/normal/infrastructure_normal_less/221_jpg.rf.4892390858156c649672afc33355f80b_all__3.npy,Normal
Pistachio/VAD/vit-features/train/normal/infrastructure_normal_less/221_jpg.rf.4892390858156c649672afc33355f80b_all__4.npy,Normal
Pistachio/VAD/vit-features/train/normal/infrastructure_normal_less/221_jpg.rf.4892390858156c649672afc33355f80b_all__5.npy,Normal
Pistachio/VAD/vit-features/train/normal/infrastructure_normal_less/221_jpg.rf.4892390858156c649672afc33355f80b_all__6.npy,Normal
Pistachio/VAD/vit-features/train/normal/infrastructure_normal_less/221_jpg.rf.4892390858156c649672afc33355f80b_all__7.npy,Normal
Pistachio/VAD/vit-features/train/normal/infrastructure_normal_less/221_jpg.rf.4892390858156c649672afc33355f80b_all__8.npy,Normal
Pistachio/VAD/vit-features/train/normal/infrastructure_normal_less/221_jpg.rf.4892390858156c649672afc33355f80b_all__9.npy,Normal
Pistachio/VAD/vit-features/train/normal/infrastructure_normal_less/222_jpg.rf.ddf228d8df6631ec7dd69eeadbf13bf4_all__0.npy,Normal
Pistachio/VAD/vit-features/train/normal/infrastructure_normal_less/222_jpg.rf.ddf228d8df6631ec7dd69eeadbf13bf4_all__1.npy,Normal
Pistachio/VAD/vit-features/train/normal/infrastructure_normal_less/222_jpg.rf.ddf228d8df6631ec7dd69eeadbf13bf4_all__2.npy,Normal
Pistachio/VAD/vit-features/train/normal/infrastructure_normal_less/222_jpg.rf.ddf228d8df6631ec7dd69eeadbf13bf4_all__3.npy,Normal
Pistachio/VAD/vit-features/train/normal/infrastructure_normal_less/222_jpg.rf.ddf228d8df6631ec7dd69eeadbf13bf4_all__4.npy,Normal
Pistachio/VAD/vit-features/train/normal/infrastructure_normal_less/222_jpg.rf.ddf228d8df6631ec7dd69eeadbf13bf4_all__5.npy,Normal
Pistachio/VAD/vit-features/train/normal/infrastructure_normal_less/222_jpg.rf.ddf228d8df6631ec7dd69eeadbf13bf4_all__6.npy,Normal
Pistachio/VAD/vit-features/train/normal/infrastructure_normal_less/222_jpg.rf.ddf228d8df6631ec7dd69eeadbf13bf4_all__7.npy,Normal
Pistachio/VAD/vit-features/train/normal/infrastructure_normal_less/222_jpg.rf.ddf228d8df6631ec7dd69eeadbf13bf4_all__8.npy,Normal
Pistachio/VAD/vit-features/train/normal/infrastructure_normal_less/222_jpg.rf.ddf228d8df6631ec7dd69eeadbf13bf4_all__9.npy,Normal
Pistachio/VAD/vit-features/train/normal/infrastructure_normal_less/224_jpg.rf.2e637c3ae6d4b1bf6ca08890ea86abef_all__0.npy,Normal
Pistachio/VAD/vit-features/train/normal/infrastructure_normal_less/224_jpg.rf.2e637c3ae6d4b1bf6ca08890ea86abef_all__1.npy,Normal
Pistachio/VAD/vit-features/train/normal/infrastructure_normal_less/224_jpg.rf.2e637c3ae6d4b1bf6ca08890ea86abef_all__2.npy,Normal
Pistachio/VAD/vit-features/train/normal/infrastructure_normal_less/224_jpg.rf.2e637c3ae6d4b1bf6ca08890ea86abef_all__3.npy,Normal
Pistachio/VAD/vit-features/train/normal/infrastructure_normal_less/224_jpg.rf.2e637c3ae6d4b1bf6ca08890ea86abef_all__4.npy,Normal
Pistachio/VAD/vit-features/train/normal/infrastructure_normal_less/224_jpg.rf.2e637c3ae6d4b1bf6ca08890ea86abef_all__5.npy,Normal
Pistachio/VAD/vit-features/train/normal/infrastructure_normal_less/224_jpg.rf.2e637c3ae6d4b1bf6ca08890ea86abef_all__6.npy,Normal
Pistachio/VAD/vit-features/train/normal/infrastructure_normal_less/224_jpg.rf.2e637c3ae6d4b1bf6ca08890ea86abef_all__7.npy,Normal
Pistachio/VAD/vit-features/train/normal/infrastructure_normal_less/224_jpg.rf.2e637c3ae6d4b1bf6ca08890ea86abef_all__8.npy,Normal
Pistachio/VAD/vit-features/train/normal/infrastructure_normal_less/224_jpg.rf.2e637c3ae6d4b1bf6ca08890ea86abef_all__9.npy,Normal
Pistachio/VAD/vit-features/train/normal/infrastructure_normal_less/229_jpg.rf.9166dab34364ca279be6473561bdd161_all__0.npy,Normal
Pistachio/VAD/vit-features/train/normal/infrastructure_normal_less/229_jpg.rf.9166dab34364ca279be6473561bdd161_all__1.npy,Normal
Pistachio/VAD/vit-features/train/normal/infrastructure_normal_less/229_jpg.rf.9166dab34364ca279be6473561bdd161_all__2.npy,Normal
Pistachio/VAD/vit-features/train/normal/infrastructure_normal_less/229_jpg.rf.9166dab34364ca279be6473561bdd161_all__3.npy,Normal
Pistachio/VAD/vit-features/train/normal/infrastructure_normal_less/229_jpg.rf.9166dab34364ca279be6473561bdd161_all__4.npy,Normal
Pistachio/VAD/vit-features/train/normal/infrastructure_normal_less/229_jpg.rf.9166dab34364ca279be6473561bdd161_all__5.npy,Normal
Pistachio/VAD/vit-features/train/normal/infrastructure_normal_less/229_jpg.rf.9166dab34364ca279be6473561bdd161_all__6.npy,Normal
Pistachio/VAD/vit-features/train/normal/infrastructure_normal_less/229_jpg.rf.9166dab34364ca279be6473561bdd161_all__7.npy,Normal
Pistachio/VAD/vit-features/train/normal/infrastructure_normal_less/229_jpg.rf.9166dab34364ca279be6473561bdd161_all__8.npy,Normal
Pistachio/VAD/vit-features/train/normal/infrastructure_normal_less/229_jpg.rf.9166dab34364ca279be6473561bdd161_all__9.npy,Normal
Pistachio/VAD/vit-features/train/normal/infrastructure_normal_less/230_jpg.rf.13822c014d133e7cae27792317c5ec1b_all__0.npy,Normal
Pistachio/VAD/vit-features/train/normal/infrastructure_normal_less/230_jpg.rf.13822c014d133e7cae27792317c5ec1b_all__1.npy,Normal
Pistachio/VAD/vit-features/train/normal/infrastructure_normal_less/230_jpg.rf.13822c014d133e7cae27792317c5ec1b_all__2.npy,Normal
Pistachio/VAD/vit-features/train/normal/infrastructure_normal_less/230_jpg.rf.13822c014d133e7cae27792317c5ec1b_all__3.npy,Normal
Pistachio/VAD/vit-features/train/normal/infrastructure_normal_less/230_jpg.rf.13822c014d133e7cae27792317c5ec1b_all__4.npy,Normal
Pistachio/VAD/vit-features/train/normal/infrastructure_normal_less/230_jpg.rf.13822c014d133e7cae27792317c5ec1b_all__5.npy,Normal
Pistachio/VAD/vit-features/train/normal/infrastructure_normal_less/230_jpg.rf.13822c014d133e7cae27792317c5ec1b_all__6.npy,Normal
Pistachio/VAD/vit-features/train/normal/infrastructure_normal_less/230_jpg.rf.13822c014d133e7cae27792317c5ec1b_all__7.npy,Normal
Pistachio/VAD/vit-features/train/normal/infrastructure_normal_less/230_jpg.rf.13822c014d133e7cae27792317c5ec1b_all__8.npy,Normal
Pistachio/VAD/vit-features/train/normal/infrastructure_normal_less/230_jpg.rf.13822c014d133e7cae27792317c5ec1b_all__9.npy,Normal
Pistachio/VAD/vit-features/train/normal/infrastructure_normal_less/235_jpg.rf.8b8a8b2cd4f373b3cf761b4b80ce11f2_all__0.npy,Normal
Pistachio/VAD/vit-features/train/normal/infrastructure_normal_less/235_jpg.rf.8b8a8b2cd4f373b3cf761b4b80ce11f2_all__1.npy,Normal
Pistachio/VAD/vit-features/train/normal/infrastructure_normal_less/235_jpg.rf.8b8a8b2cd4f373b3cf761b4b80ce11f2_all__2.npy,Normal
Pistachio/VAD/vit-features/train/normal/infrastructure_normal_less/235_jpg.rf.8b8a8b2cd4f373b3cf761b4b80ce11f2_all__3.npy,Normal
Pistachio/VAD/vit-features/train/normal/infrastructure_normal_less/235_jpg.rf.8b8a8b2cd4f373b3cf761b4b80ce11f2_all__4.npy,Normal
Pistachio/VAD/vit-features/train/normal/infrastructure_normal_less/235_jpg.rf.8b8a8b2cd4f373b3cf761b4b80ce11f2_all__5.npy,Normal
Pistachio/VAD/vit-features/train/normal/infrastructure_normal_less/235_jpg.rf.8b8a8b2cd4f373b3cf761b4b80ce11f2_all__6.npy,Normal
Pistachio/VAD/vit-features/train/normal/infrastructure_normal_less/235_jpg.rf.8b8a8b2cd4f373b3cf761b4b80ce11f2_all__7.npy,Normal
Pistachio/VAD/vit-features/train/normal/infrastructure_normal_less/235_jpg.rf.8b8a8b2cd4f373b3cf761b4b80ce11f2_all__8.npy,Normal
Pistachio/VAD/vit-features/train/normal/infrastructure_normal_less/235_jpg.rf.8b8a8b2cd4f373b3cf761b4b80ce11f2_all__9.npy,Normal
Pistachio/VAD/vit-features/train/normal/infrastructure_normal_less/236_jpg.rf.cbcdd1b1e817086755c5a61f123a8365_all__0.npy,Normal
Pistachio/VAD/vit-features/train/normal/infrastructure_normal_less/236_jpg.rf.cbcdd1b1e817086755c5a61f123a8365_all__1.npy,Normal
Pistachio/VAD/vit-features/train/normal/infrastructure_normal_less/236_jpg.rf.cbcdd1b1e817086755c5a61f123a8365_all__2.npy,Normal
Pistachio/VAD/vit-features/train/normal/infrastructure_normal_less/236_jpg.rf.cbcdd1b1e817086755c5a61f123a8365_all__3.npy,Normal
Pistachio/VAD/vit-features/train/normal/infrastructure_normal_less/236_jpg.rf.cbcdd1b1e817086755c5a61f123a8365_all__4.npy,Normal
Pistachio/VAD/vit-features/train/normal/infrastructure_normal_less/236_jpg.rf.cbcdd1b1e817086755c5a61f123a8365_all__5.npy,Normal
Pistachio/VAD/vit-features/train/normal/infrastructure_normal_less/236_jpg.rf.cbcdd1b1e817086755c5a61f123a8365_all__6.npy,Normal
Pistachio/VAD/vit-features/train/normal/infrastructure_normal_less/236_jpg.rf.cbcdd1b1e817086755c5a61f123a8365_all__7.npy,Normal
Pistachio/VAD/vit-features/train/normal/infrastructure_normal_less/236_jpg.rf.cbcdd1b1e817086755c5a61f123a8365_all__8.npy,Normal
Pistachio/VAD/vit-features/train/normal/infrastructure_normal_less/236_jpg.rf.cbcdd1b1e817086755c5a61f123a8365_all__9.npy,Normal
Pistachio/VAD/vit-features/train/normal/infrastructure_normal_less/237_jpg.rf.2903c7a88b98d94076c0183aad793639_all__0.npy,Normal
Pistachio/VAD/vit-features/train/normal/infrastructure_normal_less/237_jpg.rf.2903c7a88b98d94076c0183aad793639_all__1.npy,Normal
Pistachio/VAD/vit-features/train/normal/infrastructure_normal_less/237_jpg.rf.2903c7a88b98d94076c0183aad793639_all__2.npy,Normal
Pistachio/VAD/vit-features/train/normal/infrastructure_normal_less/237_jpg.rf.2903c7a88b98d94076c0183aad793639_all__3.npy,Normal
Pistachio/VAD/vit-features/train/normal/infrastructure_normal_less/237_jpg.rf.2903c7a88b98d94076c0183aad793639_all__4.npy,Normal
Pistachio/VAD/vit-features/train/normal/infrastructure_normal_less/237_jpg.rf.2903c7a88b98d94076c0183aad793639_all__5.npy,Normal
Pistachio/VAD/vit-features/train/normal/infrastructure_normal_less/237_jpg.rf.2903c7a88b98d94076c0183aad793639_all__6.npy,Normal
Pistachio/VAD/vit-features/train/normal/infrastructure_normal_less/237_jpg.rf.2903c7a88b98d94076c0183aad793639_all__7.npy,Normal
Pistachio/VAD/vit-features/train/normal/infrastructure_normal_less/237_jpg.rf.2903c7a88b98d94076c0183aad793639_all__8.npy,Normal
Pistachio/VAD/vit-features/train/normal/infrastructure_normal_less/237_jpg.rf.2903c7a88b98d94076c0183aad793639_all__9.npy,Normal
Pistachio/VAD/vit-features/train/normal/infrastructure_normal_less/23_jpg.rf.70d61c46f8e4bdfe2e350036728470a2_all__0.npy,Normal
Pistachio/VAD/vit-features/train/normal/infrastructure_normal_less/23_jpg.rf.70d61c46f8e4bdfe2e350036728470a2_all__1.npy,Normal
Pistachio/VAD/vit-features/train/normal/infrastructure_normal_less/23_jpg.rf.70d61c46f8e4bdfe2e350036728470a2_all__2.npy,Normal
Pistachio/VAD/vit-features/train/normal/infrastructure_normal_less/23_jpg.rf.70d61c46f8e4bdfe2e350036728470a2_all__3.npy,Normal
Pistachio/VAD/vit-features/train/normal/infrastructure_normal_less/23_jpg.rf.70d61c46f8e4bdfe2e350036728470a2_all__4.npy,Normal
Pistachio/VAD/vit-features/train/normal/infrastructure_normal_less/23_jpg.rf.70d61c46f8e4bdfe2e350036728470a2_all__5.npy,Normal
Pistachio/VAD/vit-features/train/normal/infrastructure_normal_less/23_jpg.rf.70d61c46f8e4bdfe2e350036728470a2_all__6.npy,Normal
Pistachio/VAD/vit-features/train/normal/infrastructure_normal_less/23_jpg.rf.70d61c46f8e4bdfe2e350036728470a2_all__7.npy,Normal
Pistachio/VAD/vit-features/train/normal/infrastructure_normal_less/23_jpg.rf.70d61c46f8e4bdfe2e350036728470a2_all__8.npy,Normal
Pistachio/VAD/vit-features/train/normal/infrastructure_normal_less/23_jpg.rf.70d61c46f8e4bdfe2e350036728470a2_all__9.npy,Normal
Pistachio/VAD/vit-features/train/normal/infrastructure_normal_less/241_jpg.rf.592f5a078fc47ac3c116c77123d5f756_all__0.npy,Normal
Pistachio/VAD/vit-features/train/normal/infrastructure_normal_less/241_jpg.rf.592f5a078fc47ac3c116c77123d5f756_all__1.npy,Normal
Pistachio/VAD/vit-features/train/normal/infrastructure_normal_less/241_jpg.rf.592f5a078fc47ac3c116c77123d5f756_all__2.npy,Normal
Pistachio/VAD/vit-features/train/normal/infrastructure_normal_less/241_jpg.rf.592f5a078fc47ac3c116c77123d5f756_all__3.npy,Normal
Pistachio/VAD/vit-features/train/normal/infrastructure_normal_less/241_jpg.rf.592f5a078fc47ac3c116c77123d5f756_all__4.npy,Normal
Pistachio/VAD/vit-features/train/normal/infrastructure_normal_less/241_jpg.rf.592f5a078fc47ac3c116c77123d5f756_all__5.npy,Normal
Pistachio/VAD/vit-features/train/normal/infrastructure_normal_less/241_jpg.rf.592f5a078fc47ac3c116c77123d5f756_all__6.npy,Normal
Pistachio/VAD/vit-features/train/normal/infrastructure_normal_less/241_jpg.rf.592f5a078fc47ac3c116c77123d5f756_all__7.npy,Normal
Pistachio/VAD/vit-features/train/normal/infrastructure_normal_less/241_jpg.rf.592f5a078fc47ac3c116c77123d5f756_all__8.npy,Normal
Pistachio/VAD/vit-features/train/normal/infrastructure_normal_less/241_jpg.rf.592f5a078fc47ac3c116c77123d5f756_all__9.npy,Normal
Pistachio/VAD/vit-features/train/normal/infrastructure_normal_less/242_jpg.rf.600e9e9ebf89b35649f3aeed5d221066_all__0.npy,Normal
Pistachio/VAD/vit-features/train/normal/infrastructure_normal_less/242_jpg.rf.600e9e9ebf89b35649f3aeed5d221066_all__1.npy,Normal
Pistachio/VAD/vit-features/train/normal/infrastructure_normal_less/242_jpg.rf.600e9e9ebf89b35649f3aeed5d221066_all__2.npy,Normal
Pistachio/VAD/vit-features/train/normal/infrastructure_normal_less/242_jpg.rf.600e9e9ebf89b35649f3aeed5d221066_all__3.npy,Normal
Pistachio/VAD/vit-features/train/normal/infrastructure_normal_less/242_jpg.rf.600e9e9ebf89b35649f3aeed5d221066_all__4.npy,Normal
Pistachio/VAD/vit-features/train/normal/infrastructure_normal_less/242_jpg.rf.600e9e9ebf89b35649f3aeed5d221066_all__5.npy,Normal
Pistachio/VAD/vit-features/train/normal/infrastructure_normal_less/242_jpg.rf.600e9e9ebf89b35649f3aeed5d221066_all__6.npy,Normal
Pistachio/VAD/vit-features/train/normal/infrastructure_normal_less/242_jpg.rf.600e9e9ebf89b35649f3aeed5d221066_all__7.npy,Normal
Pistachio/VAD/vit-features/train/normal/infrastructure_normal_less/242_jpg.rf.600e9e9ebf89b35649f3aeed5d221066_all__8.npy,Normal
Pistachio/VAD/vit-features/train/normal/infrastructure_normal_less/242_jpg.rf.600e9e9ebf89b35649f3aeed5d221066_all__9.npy,Normal
Pistachio/VAD/vit-features/train/normal/infrastructure_normal_less/27MX6Z99MLP4_all__0.npy,Normal
Pistachio/VAD/vit-features/train/normal/infrastructure_normal_less/27MX6Z99MLP4_all__1.npy,Normal
Pistachio/VAD/vit-features/train/normal/infrastructure_normal_less/27MX6Z99MLP4_all__2.npy,Normal
Pistachio/VAD/vit-features/train/normal/infrastructure_normal_less/27MX6Z99MLP4_all__3.npy,Normal
Pistachio/VAD/vit-features/train/normal/infrastructure_normal_less/27MX6Z99MLP4_all__4.npy,Normal
Pistachio/VAD/vit-features/train/normal/infrastructure_normal_less/27MX6Z99MLP4_all__5.npy,Normal
Pistachio/VAD/vit-features/train/normal/infrastructure_normal_less/27MX6Z99MLP4_all__6.npy,Normal
Pistachio/VAD/vit-features/train/normal/infrastructure_normal_less/27MX6Z99MLP4_all__7.npy,Normal
Pistachio/VAD/vit-features/train/normal/infrastructure_normal_less/27MX6Z99MLP4_all__8.npy,Normal
Pistachio/VAD/vit-features/train/normal/infrastructure_normal_less/27MX6Z99MLP4_all__9.npy,Normal
Pistachio/VAD/vit-features/train/normal/infrastructure_normal_less/2NIJZPF2XGRN_all__0.npy,Normal
Pistachio/VAD/vit-features/train/normal/infrastructure_normal_less/2NIJZPF2XGRN_all__1.npy,Normal
Pistachio/VAD/vit-features/train/normal/infrastructure_normal_less/2NIJZPF2XGRN_all__2.npy,Normal
Pistachio/VAD/vit-features/train/normal/infrastructure_normal_less/2NIJZPF2XGRN_all__3.npy,Normal
Pistachio/VAD/vit-features/train/normal/infrastructure_normal_less/2NIJZPF2XGRN_all__4.npy,Normal
Pistachio/VAD/vit-features/train/normal/infrastructure_normal_less/2NIJZPF2XGRN_all__5.npy,Normal
Pistachio/VAD/vit-features/train/normal/infrastructure_normal_less/2NIJZPF2XGRN_all__6.npy,Normal
Pistachio/VAD/vit-features/train/normal/infrastructure_normal_less/2NIJZPF2XGRN_all__7.npy,Normal
Pistachio/VAD/vit-features/train/normal/infrastructure_normal_less/2NIJZPF2XGRN_all__8.npy,Normal
Pistachio/VAD/vit-features/train/normal/infrastructure_normal_less/2NIJZPF2XGRN_all__9.npy,Normal
Pistachio/VAD/vit-features/train/normal/infrastructure_normal_less/2_jpg.rf.a308d270b15aa445d0cd811c6332959f_all__0.npy,Normal
Pistachio/VAD/vit-features/train/normal/infrastructure_normal_less/2_jpg.rf.a308d270b15aa445d0cd811c6332959f_all__1.npy,Normal
Pistachio/VAD/vit-features/train/normal/infrastructure_normal_less/2_jpg.rf.a308d270b15aa445d0cd811c6332959f_all__2.npy,Normal
Pistachio/VAD/vit-features/train/normal/infrastructure_normal_less/2_jpg.rf.a308d270b15aa445d0cd811c6332959f_all__3.npy,Normal
Pistachio/VAD/vit-features/train/normal/infrastructure_normal_less/2_jpg.rf.a308d270b15aa445d0cd811c6332959f_all__4.npy,Normal
Pistachio/VAD/vit-features/train/normal/infrastructure_normal_less/2_jpg.rf.a308d270b15aa445d0cd811c6332959f_all__5.npy,Normal
Pistachio/VAD/vit-features/train/normal/infrastructure_normal_less/2_jpg.rf.a308d270b15aa445d0cd811c6332959f_all__6.npy,Normal
Pistachio/VAD/vit-features/train/normal/infrastructure_normal_less/2_jpg.rf.a308d270b15aa445d0cd811c6332959f_all__7.npy,Normal
Pistachio/VAD/vit-features/train/normal/infrastructure_normal_less/2_jpg.rf.a308d270b15aa445d0cd811c6332959f_all__8.npy,Normal
Pistachio/VAD/vit-features/train/normal/infrastructure_normal_less/2_jpg.rf.a308d270b15aa445d0cd811c6332959f_all__9.npy,Normal
Pistachio/VAD/vit-features/train/normal/infrastructure_normal_less/300_jpg.rf.23049f32710ce72b78d133723844bb01_all__0.npy,Normal
Pistachio/VAD/vit-features/train/normal/infrastructure_normal_less/300_jpg.rf.23049f32710ce72b78d133723844bb01_all__1.npy,Normal
Pistachio/VAD/vit-features/train/normal/infrastructure_normal_less/300_jpg.rf.23049f32710ce72b78d133723844bb01_all__2.npy,Normal
Pistachio/VAD/vit-features/train/normal/infrastructure_normal_less/300_jpg.rf.23049f32710ce72b78d133723844bb01_all__3.npy,Normal
Pistachio/VAD/vit-features/train/normal/infrastructure_normal_less/300_jpg.rf.23049f32710ce72b78d133723844bb01_all__4.npy,Normal
Pistachio/VAD/vit-features/train/normal/infrastructure_normal_less/300_jpg.rf.23049f32710ce72b78d133723844bb01_all__5.npy,Normal
Pistachio/VAD/vit-features/train/normal/infrastructure_normal_less/300_jpg.rf.23049f32710ce72b78d133723844bb01_all__6.npy,Normal
Pistachio/VAD/vit-features/train/normal/infrastructure_normal_less/300_jpg.rf.23049f32710ce72b78d133723844bb01_all__7.npy,Normal
Pistachio/VAD/vit-features/train/normal/infrastructure_normal_less/300_jpg.rf.23049f32710ce72b78d133723844bb01_all__8.npy,Normal
Pistachio/VAD/vit-features/train/normal/infrastructure_normal_less/300_jpg.rf.23049f32710ce72b78d133723844bb01_all__9.npy,Normal
Pistachio/VAD/vit-features/train/normal/infrastructure_normal_less/301_jpg.rf.845cfee7ad07fe60c4da7188a6281f36_all__0.npy,Normal
Pistachio/VAD/vit-features/train/normal/infrastructure_normal_less/301_jpg.rf.845cfee7ad07fe60c4da7188a6281f36_all__1.npy,Normal
Pistachio/VAD/vit-features/train/normal/infrastructure_normal_less/301_jpg.rf.845cfee7ad07fe60c4da7188a6281f36_all__2.npy,Normal
Pistachio/VAD/vit-features/train/normal/infrastructure_normal_less/301_jpg.rf.845cfee7ad07fe60c4da7188a6281f36_all__3.npy,Normal
Pistachio/VAD/vit-features/train/normal/infrastructure_normal_less/301_jpg.rf.845cfee7ad07fe60c4da7188a6281f36_all__4.npy,Normal
Pistachio/VAD/vit-features/train/normal/infrastructure_normal_less/301_jpg.rf.845cfee7ad07fe60c4da7188a6281f36_all__5.npy,Normal
Pistachio/VAD/vit-features/train/normal/infrastructure_normal_less/301_jpg.rf.845cfee7ad07fe60c4da7188a6281f36_all__6.npy,Normal
Pistachio/VAD/vit-features/train/normal/infrastructure_normal_less/301_jpg.rf.845cfee7ad07fe60c4da7188a6281f36_all__7.npy,Normal
Pistachio/VAD/vit-features/train/normal/infrastructure_normal_less/301_jpg.rf.845cfee7ad07fe60c4da7188a6281f36_all__8.npy,Normal
Pistachio/VAD/vit-features/train/normal/infrastructure_normal_less/301_jpg.rf.845cfee7ad07fe60c4da7188a6281f36_all__9.npy,Normal
Pistachio/VAD/vit-features/train/normal/infrastructure_normal_less/306_jpg.rf.78ee00167eef9655e2dc5fa8f6721c7c_all__0.npy,Normal
Pistachio/VAD/vit-features/train/normal/infrastructure_normal_less/306_jpg.rf.78ee00167eef9655e2dc5fa8f6721c7c_all__1.npy,Normal
Pistachio/VAD/vit-features/train/normal/infrastructure_normal_less/306_jpg.rf.78ee00167eef9655e2dc5fa8f6721c7c_all__2.npy,Normal
Pistachio/VAD/vit-features/train/normal/infrastructure_normal_less/306_jpg.rf.78ee00167eef9655e2dc5fa8f6721c7c_all__3.npy,Normal
Pistachio/VAD/vit-features/train/normal/infrastructure_normal_less/306_jpg.rf.78ee00167eef9655e2dc5fa8f6721c7c_all__4.npy,Normal
Pistachio/VAD/vit-features/train/normal/infrastructure_normal_less/306_jpg.rf.78ee00167eef9655e2dc5fa8f6721c7c_all__5.npy,Normal
Pistachio/VAD/vit-features/train/normal/infrastructure_normal_less/306_jpg.rf.78ee00167eef9655e2dc5fa8f6721c7c_all__6.npy,Normal
Pistachio/VAD/vit-features/train/normal/infrastructure_normal_less/306_jpg.rf.78ee00167eef9655e2dc5fa8f6721c7c_all__7.npy,Normal
Pistachio/VAD/vit-features/train/normal/infrastructure_normal_less/306_jpg.rf.78ee00167eef9655e2dc5fa8f6721c7c_all__8.npy,Normal
Pistachio/VAD/vit-features/train/normal/infrastructure_normal_less/306_jpg.rf.78ee00167eef9655e2dc5fa8f6721c7c_all__9.npy,Normal
Pistachio/VAD/vit-features/train/normal/infrastructure_normal_less/310_jpg.rf.99c8be199a72872163225647e184bf8f_all__0.npy,Normal
Pistachio/VAD/vit-features/train/normal/infrastructure_normal_less/310_jpg.rf.99c8be199a72872163225647e184bf8f_all__1.npy,Normal
Pistachio/VAD/vit-features/train/normal/infrastructure_normal_less/310_jpg.rf.99c8be199a72872163225647e184bf8f_all__2.npy,Normal
Pistachio/VAD/vit-features/train/normal/infrastructure_normal_less/310_jpg.rf.99c8be199a72872163225647e184bf8f_all__3.npy,Normal
Pistachio/VAD/vit-features/train/normal/infrastructure_normal_less/310_jpg.rf.99c8be199a72872163225647e184bf8f_all__4.npy,Normal
Pistachio/VAD/vit-features/train/normal/infrastructure_normal_less/310_jpg.rf.99c8be199a72872163225647e184bf8f_all__5.npy,Normal
Pistachio/VAD/vit-features/train/normal/infrastructure_normal_less/310_jpg.rf.99c8be199a72872163225647e184bf8f_all__6.npy,Normal
Pistachio/VAD/vit-features/train/normal/infrastructure_normal_less/310_jpg.rf.99c8be199a72872163225647e184bf8f_all__7.npy,Normal
Pistachio/VAD/vit-features/train/normal/infrastructure_normal_less/310_jpg.rf.99c8be199a72872163225647e184bf8f_all__8.npy,Normal
Pistachio/VAD/vit-features/train/normal/infrastructure_normal_less/310_jpg.rf.99c8be199a72872163225647e184bf8f_all__9.npy,Normal
Pistachio/VAD/vit-features/train/normal/infrastructure_normal_less/340_jpg.rf.5bc3ab83dd1b6bebf42eb0fcd203788e_all__0.npy,Normal
Pistachio/VAD/vit-features/train/normal/infrastructure_normal_less/340_jpg.rf.5bc3ab83dd1b6bebf42eb0fcd203788e_all__1.npy,Normal
Pistachio/VAD/vit-features/train/normal/infrastructure_normal_less/340_jpg.rf.5bc3ab83dd1b6bebf42eb0fcd203788e_all__2.npy,Normal
Pistachio/VAD/vit-features/train/normal/infrastructure_normal_less/340_jpg.rf.5bc3ab83dd1b6bebf42eb0fcd203788e_all__3.npy,Normal
Pistachio/VAD/vit-features/train/normal/infrastructure_normal_less/340_jpg.rf.5bc3ab83dd1b6bebf42eb0fcd203788e_all__4.npy,Normal
Pistachio/VAD/vit-features/train/normal/infrastructure_normal_less/340_jpg.rf.5bc3ab83dd1b6bebf42eb0fcd203788e_all__5.npy,Normal
Pistachio/VAD/vit-features/train/normal/infrastructure_normal_less/340_jpg.rf.5bc3ab83dd1b6bebf42eb0fcd203788e_all__6.npy,Normal
Pistachio/VAD/vit-features/train/normal/infrastructure_normal_less/340_jpg.rf.5bc3ab83dd1b6bebf42eb0fcd203788e_all__7.npy,Normal
Pistachio/VAD/vit-features/train/normal/infrastructure_normal_less/340_jpg.rf.5bc3ab83dd1b6bebf42eb0fcd203788e_all__8.npy,Normal
Pistachio/VAD/vit-features/train/normal/infrastructure_normal_less/340_jpg.rf.5bc3ab83dd1b6bebf42eb0fcd203788e_all__9.npy,Normal
Pistachio/VAD/vit-features/train/normal/infrastructure_normal_less/377VSO14TOQT_all__0.npy,Normal
Pistachio/VAD/vit-features/train/normal/infrastructure_normal_less/377VSO14TOQT_all__1.npy,Normal
Pistachio/VAD/vit-features/train/normal/infrastructure_normal_less/377VSO14TOQT_all__2.npy,Normal
Pistachio/VAD/vit-features/train/normal/infrastructure_normal_less/377VSO14TOQT_all__3.npy,Normal
Pistachio/VAD/vit-features/train/normal/infrastructure_normal_less/377VSO14TOQT_all__4.npy,Normal
Pistachio/VAD/vit-features/train/normal/infrastructure_normal_less/377VSO14TOQT_all__5.npy,Normal
Pistachio/VAD/vit-features/train/normal/infrastructure_normal_less/377VSO14TOQT_all__6.npy,Normal
Pistachio/VAD/vit-features/train/normal/infrastructure_normal_less/377VSO14TOQT_all__7.npy,Normal
Pistachio/VAD/vit-features/train/normal/infrastructure_normal_less/377VSO14TOQT_all__8.npy,Normal
Pistachio/VAD/vit-features/train/normal/infrastructure_normal_less/377VSO14TOQT_all__9.npy,Normal
Pistachio/VAD/vit-features/train/normal/infrastructure_normal_less/39KQ539K72JW_all__0.npy,Normal
Pistachio/VAD/vit-features/train/normal/infrastructure_normal_less/39KQ539K72JW_all__1.npy,Normal
Pistachio/VAD/vit-features/train/normal/infrastructure_normal_less/39KQ539K72JW_all__2.npy,Normal
Pistachio/VAD/vit-features/train/normal/infrastructure_normal_less/39KQ539K72JW_all__3.npy,Normal
Pistachio/VAD/vit-features/train/normal/infrastructure_normal_less/39KQ539K72JW_all__4.npy,Normal
Pistachio/VAD/vit-features/train/normal/infrastructure_normal_less/39KQ539K72JW_all__5.npy,Normal
Pistachio/VAD/vit-features/train/normal/infrastructure_normal_less/39KQ539K72JW_all__6.npy,Normal
Pistachio/VAD/vit-features/train/normal/infrastructure_normal_less/39KQ539K72JW_all__7.npy,Normal
Pistachio/VAD/vit-features/train/normal/infrastructure_normal_less/39KQ539K72JW_all__8.npy,Normal
Pistachio/VAD/vit-features/train/normal/infrastructure_normal_less/39KQ539K72JW_all__9.npy,Normal
Pistachio/VAD/vit-features/train/normal/infrastructure_normal_less/3BEVQ8E12Z6L_all__0.npy,Normal
Pistachio/VAD/vit-features/train/normal/infrastructure_normal_less/3BEVQ8E12Z6L_all__1.npy,Normal
Pistachio/VAD/vit-features/train/normal/infrastructure_normal_less/3BEVQ8E12Z6L_all__2.npy,Normal
Pistachio/VAD/vit-features/train/normal/infrastructure_normal_less/3BEVQ8E12Z6L_all__3.npy,Normal
Pistachio/VAD/vit-features/train/normal/infrastructure_normal_less/3BEVQ8E12Z6L_all__4.npy,Normal
Pistachio/VAD/vit-features/train/normal/infrastructure_normal_less/3BEVQ8E12Z6L_all__5.npy,Normal
Pistachio/VAD/vit-features/train/normal/infrastructure_normal_less/3BEVQ8E12Z6L_all__6.npy,Normal
Pistachio/VAD/vit-features/train/normal/infrastructure_normal_less/3BEVQ8E12Z6L_all__7.npy,Normal
Pistachio/VAD/vit-features/train/normal/infrastructure_normal_less/3BEVQ8E12Z6L_all__8.npy,Normal
Pistachio/VAD/vit-features/train/normal/infrastructure_normal_less/3BEVQ8E12Z6L_all__9.npy,Normal
Pistachio/VAD/vit-features/train/normal/infrastructure_normal_less/3IHJM5PWVCXP_all__0.npy,Normal
Pistachio/VAD/vit-features/train/normal/infrastructure_normal_less/3IHJM5PWVCXP_all__1.npy,Normal
Pistachio/VAD/vit-features/train/normal/infrastructure_normal_less/3IHJM5PWVCXP_all__2.npy,Normal
Pistachio/VAD/vit-features/train/normal/infrastructure_normal_less/3IHJM5PWVCXP_all__3.npy,Normal
Pistachio/VAD/vit-features/train/normal/infrastructure_normal_less/3IHJM5PWVCXP_all__4.npy,Normal
Pistachio/VAD/vit-features/train/normal/infrastructure_normal_less/3IHJM5PWVCXP_all__5.npy,Normal
Pistachio/VAD/vit-features/train/normal/infrastructure_normal_less/3IHJM5PWVCXP_all__6.npy,Normal
Pistachio/VAD/vit-features/train/normal/infrastructure_normal_less/3IHJM5PWVCXP_all__7.npy,Normal
Pistachio/VAD/vit-features/train/normal/infrastructure_normal_less/3IHJM5PWVCXP_all__8.npy,Normal
Pistachio/VAD/vit-features/train/normal/infrastructure_normal_less/3IHJM5PWVCXP_all__9.npy,Normal
Pistachio/VAD/vit-features/train/normal/infrastructure_normal_less/4928KVH9SYEN_all__0.npy,Normal
Pistachio/VAD/vit-features/train/normal/infrastructure_normal_less/4928KVH9SYEN_all__1.npy,Normal
Pistachio/VAD/vit-features/train/normal/infrastructure_normal_less/4928KVH9SYEN_all__2.npy,Normal
Pistachio/VAD/vit-features/train/normal/infrastructure_normal_less/4928KVH9SYEN_all__3.npy,Normal
Pistachio/VAD/vit-features/train/normal/infrastructure_normal_less/4928KVH9SYEN_all__4.npy,Normal
Pistachio/VAD/vit-features/train/normal/infrastructure_normal_less/4928KVH9SYEN_all__5.npy,Normal
Pistachio/VAD/vit-features/train/normal/infrastructure_normal_less/4928KVH9SYEN_all__6.npy,Normal
Pistachio/VAD/vit-features/train/normal/infrastructure_normal_less/4928KVH9SYEN_all__7.npy,Normal
Pistachio/VAD/vit-features/train/normal/infrastructure_normal_less/4928KVH9SYEN_all__8.npy,Normal
Pistachio/VAD/vit-features/train/normal/infrastructure_normal_less/4928KVH9SYEN_all__9.npy,Normal
Pistachio/VAD/vit-features/train/normal/infrastructure_normal_less/4J2YOB4FNY2Q_all__0.npy,Normal
Pistachio/VAD/vit-features/train/normal/infrastructure_normal_less/4J2YOB4FNY2Q_all__1.npy,Normal
Pistachio/VAD/vit-features/train/normal/infrastructure_normal_less/4J2YOB4FNY2Q_all__2.npy,Normal
Pistachio/VAD/vit-features/train/normal/infrastructure_normal_less/4J2YOB4FNY2Q_all__3.npy,Normal
Pistachio/VAD/vit-features/train/normal/infrastructure_normal_less/4J2YOB4FNY2Q_all__4.npy,Normal
Pistachio/VAD/vit-features/train/normal/infrastructure_normal_less/4J2YOB4FNY2Q_all__5.npy,Normal
Pistachio/VAD/vit-features/train/normal/infrastructure_normal_less/4J2YOB4FNY2Q_all__6.npy,Normal
Pistachio/VAD/vit-features/train/normal/infrastructure_normal_less/4J2YOB4FNY2Q_all__7.npy,Normal
Pistachio/VAD/vit-features/train/normal/infrastructure_normal_less/4J2YOB4FNY2Q_all__8.npy,Normal
Pistachio/VAD/vit-features/train/normal/infrastructure_normal_less/4J2YOB4FNY2Q_all__9.npy,Normal
Pistachio/VAD/vit-features/train/normal/infrastructure_normal_less/4KOED941VXT9_all__0.npy,Normal
Pistachio/VAD/vit-features/train/normal/infrastructure_normal_less/4KOED941VXT9_all__1.npy,Normal
Pistachio/VAD/vit-features/train/normal/infrastructure_normal_less/4KOED941VXT9_all__2.npy,Normal
Pistachio/VAD/vit-features/train/normal/infrastructure_normal_less/4KOED941VXT9_all__3.npy,Normal
Pistachio/VAD/vit-features/train/normal/infrastructure_normal_less/4KOED941VXT9_all__4.npy,Normal
Pistachio/VAD/vit-features/train/normal/infrastructure_normal_less/4KOED941VXT9_all__5.npy,Normal
Pistachio/VAD/vit-features/train/normal/infrastructure_normal_less/4KOED941VXT9_all__6.npy,Normal
Pistachio/VAD/vit-features/train/normal/infrastructure_normal_less/4KOED941VXT9_all__7.npy,Normal
Pistachio/VAD/vit-features/train/normal/infrastructure_normal_less/4KOED941VXT9_all__8.npy,Normal
Pistachio/VAD/vit-features/train/normal/infrastructure_normal_less/4KOED941VXT9_all__9.npy,Normal
Pistachio/VAD/vit-features/train/normal/infrastructure_normal_less/4LZJD1TCL3I5_all__0.npy,Normal
Pistachio/VAD/vit-features/train/normal/infrastructure_normal_less/4LZJD1TCL3I5_all__1.npy,Normal
Pistachio/VAD/vit-features/train/normal/infrastructure_normal_less/4LZJD1TCL3I5_all__2.npy,Normal
Pistachio/VAD/vit-features/train/normal/infrastructure_normal_less/4LZJD1TCL3I5_all__3.npy,Normal
Pistachio/VAD/vit-features/train/normal/infrastructure_normal_less/4LZJD1TCL3I5_all__4.npy,Normal
Pistachio/VAD/vit-features/train/normal/infrastructure_normal_less/4LZJD1TCL3I5_all__5.npy,Normal
Pistachio/VAD/vit-features/train/normal/infrastructure_normal_less/4LZJD1TCL3I5_all__6.npy,Normal
Pistachio/VAD/vit-features/train/normal/infrastructure_normal_less/4LZJD1TCL3I5_all__7.npy,Normal
Pistachio/VAD/vit-features/train/normal/infrastructure_normal_less/4LZJD1TCL3I5_all__8.npy,Normal
Pistachio/VAD/vit-features/train/normal/infrastructure_normal_less/4LZJD1TCL3I5_all__9.npy,Normal
Pistachio/VAD/vit-features/train/normal/infrastructure_normal_less/4XVLWCTOZBUG_all__0.npy,Normal
Pistachio/VAD/vit-features/train/normal/infrastructure_normal_less/4XVLWCTOZBUG_all__1.npy,Normal
Pistachio/VAD/vit-features/train/normal/infrastructure_normal_less/4XVLWCTOZBUG_all__2.npy,Normal
Pistachio/VAD/vit-features/train/normal/infrastructure_normal_less/4XVLWCTOZBUG_all__3.npy,Normal
Pistachio/VAD/vit-features/train/normal/infrastructure_normal_less/4XVLWCTOZBUG_all__4.npy,Normal
Pistachio/VAD/vit-features/train/normal/infrastructure_normal_less/4XVLWCTOZBUG_all__5.npy,Normal
Pistachio/VAD/vit-features/train/normal/infrastructure_normal_less/4XVLWCTOZBUG_all__6.npy,Normal
Pistachio/VAD/vit-features/train/normal/infrastructure_normal_less/4XVLWCTOZBUG_all__7.npy,Normal
Pistachio/VAD/vit-features/train/normal/infrastructure_normal_less/4XVLWCTOZBUG_all__8.npy,Normal
Pistachio/VAD/vit-features/train/normal/infrastructure_normal_less/4XVLWCTOZBUG_all__9.npy,Normal
Pistachio/VAD/vit-features/train/normal/infrastructure_normal_less/52TBGLRU2G3H_all__0.npy,Normal
Pistachio/VAD/vit-features/train/normal/infrastructure_normal_less/52TBGLRU2G3H_all__1.npy,Normal
Pistachio/VAD/vit-features/train/normal/infrastructure_normal_less/52TBGLRU2G3H_all__2.npy,Normal
Pistachio/VAD/vit-features/train/normal/infrastructure_normal_less/52TBGLRU2G3H_all__3.npy,Normal
Pistachio/VAD/vit-features/train/normal/infrastructure_normal_less/52TBGLRU2G3H_all__4.npy,Normal
Pistachio/VAD/vit-features/train/normal/infrastructure_normal_less/52TBGLRU2G3H_all__5.npy,Normal
Pistachio/VAD/vit-features/train/normal/infrastructure_normal_less/52TBGLRU2G3H_all__6.npy,Normal
Pistachio/VAD/vit-features/train/normal/infrastructure_normal_less/52TBGLRU2G3H_all__7.npy,Normal
Pistachio/VAD/vit-features/train/normal/infrastructure_normal_less/52TBGLRU2G3H_all__8.npy,Normal
Pistachio/VAD/vit-features/train/normal/infrastructure_normal_less/52TBGLRU2G3H_all__9.npy,Normal
Pistachio/VAD/vit-features/train/normal/infrastructure_normal_less/58W3GI4IA395_all__0.npy,Normal
Pistachio/VAD/vit-features/train/normal/infrastructure_normal_less/58W3GI4IA395_all__1.npy,Normal
Pistachio/VAD/vit-features/train/normal/infrastructure_normal_less/58W3GI4IA395_all__2.npy,Normal
Pistachio/VAD/vit-features/train/normal/infrastructure_normal_less/58W3GI4IA395_all__3.npy,Normal
Pistachio/VAD/vit-features/train/normal/infrastructure_normal_less/58W3GI4IA395_all__4.npy,Normal
Pistachio/VAD/vit-features/train/normal/infrastructure_normal_less/58W3GI4IA395_all__5.npy,Normal
Pistachio/VAD/vit-features/train/normal/infrastructure_normal_less/58W3GI4IA395_all__6.npy,Normal
Pistachio/VAD/vit-features/train/normal/infrastructure_normal_less/58W3GI4IA395_all__7.npy,Normal
Pistachio/VAD/vit-features/train/normal/infrastructure_normal_less/58W3GI4IA395_all__8.npy,Normal
Pistachio/VAD/vit-features/train/normal/infrastructure_normal_less/58W3GI4IA395_all__9.npy,Normal
Pistachio/VAD/vit-features/train/normal/infrastructure_normal_less/5EU990KIG1C1_all__0.npy,Normal
Pistachio/VAD/vit-features/train/normal/infrastructure_normal_less/5EU990KIG1C1_all__1.npy,Normal
Pistachio/VAD/vit-features/train/normal/infrastructure_normal_less/5EU990KIG1C1_all__2.npy,Normal
Pistachio/VAD/vit-features/train/normal/infrastructure_normal_less/5EU990KIG1C1_all__3.npy,Normal
Pistachio/VAD/vit-features/train/normal/infrastructure_normal_less/5EU990KIG1C1_all__4.npy,Normal
Pistachio/VAD/vit-features/train/normal/infrastructure_normal_less/5EU990KIG1C1_all__5.npy,Normal
Pistachio/VAD/vit-features/train/normal/infrastructure_normal_less/5EU990KIG1C1_all__6.npy,Normal
Pistachio/VAD/vit-features/train/normal/infrastructure_normal_less/5EU990KIG1C1_all__7.npy,Normal
Pistachio/VAD/vit-features/train/normal/infrastructure_normal_less/5EU990KIG1C1_all__8.npy,Normal
Pistachio/VAD/vit-features/train/normal/infrastructure_normal_less/5EU990KIG1C1_all__9.npy,Normal
Pistachio/VAD/vit-features/train/normal/infrastructure_normal_less/62V02W3NRQU9_all__0.npy,Normal
Pistachio/VAD/vit-features/train/normal/infrastructure_normal_less/62V02W3NRQU9_all__1.npy,Normal
Pistachio/VAD/vit-features/train/normal/infrastructure_normal_less/62V02W3NRQU9_all__2.npy,Normal
Pistachio/VAD/vit-features/train/normal/infrastructure_normal_less/62V02W3NRQU9_all__3.npy,Normal
Pistachio/VAD/vit-features/train/normal/infrastructure_normal_less/62V02W3NRQU9_all__4.npy,Normal
Pistachio/VAD/vit-features/train/normal/infrastructure_normal_less/62V02W3NRQU9_all__5.npy,Normal
Pistachio/VAD/vit-features/train/normal/infrastructure_normal_less/62V02W3NRQU9_all__6.npy,Normal
Pistachio/VAD/vit-features/train/normal/infrastructure_normal_less/62V02W3NRQU9_all__7.npy,Normal
Pistachio/VAD/vit-features/train/normal/infrastructure_normal_less/62V02W3NRQU9_all__8.npy,Normal
Pistachio/VAD/vit-features/train/normal/infrastructure_normal_less/62V02W3NRQU9_all__9.npy,Normal
Pistachio/VAD/vit-features/train/normal/infrastructure_normal_less/697460K7RZ22_all__0.npy,Normal
Pistachio/VAD/vit-features/train/normal/infrastructure_normal_less/697460K7RZ22_all__1.npy,Normal
Pistachio/VAD/vit-features/train/normal/infrastructure_normal_less/697460K7RZ22_all__2.npy,Normal
Pistachio/VAD/vit-features/train/normal/infrastructure_normal_less/697460K7RZ22_all__3.npy,Normal
Pistachio/VAD/vit-features/train/normal/infrastructure_normal_less/697460K7RZ22_all__4.npy,Normal
Pistachio/VAD/vit-features/train/normal/infrastructure_normal_less/697460K7RZ22_all__5.npy,Normal
Pistachio/VAD/vit-features/train/normal/infrastructure_normal_less/697460K7RZ22_all__6.npy,Normal
Pistachio/VAD/vit-features/train/normal/infrastructure_normal_less/697460K7RZ22_all__7.npy,Normal
Pistachio/VAD/vit-features/train/normal/infrastructure_normal_less/697460K7RZ22_all__8.npy,Normal
Pistachio/VAD/vit-features/train/normal/infrastructure_normal_less/697460K7RZ22_all__9.npy,Normal
Pistachio/VAD/vit-features/train/normal/infrastructure_normal_less/6KIUAK4R1HXQ_all__0.npy,Normal
Pistachio/VAD/vit-features/train/normal/infrastructure_normal_less/6KIUAK4R1HXQ_all__1.npy,Normal
Pistachio/VAD/vit-features/train/normal/infrastructure_normal_less/6KIUAK4R1HXQ_all__2.npy,Normal
Pistachio/VAD/vit-features/train/normal/infrastructure_normal_less/6KIUAK4R1HXQ_all__3.npy,Normal
Pistachio/VAD/vit-features/train/normal/infrastructure_normal_less/6KIUAK4R1HXQ_all__4.npy,Normal
Pistachio/VAD/vit-features/train/normal/infrastructure_normal_less/6KIUAK4R1HXQ_all__5.npy,Normal
Pistachio/VAD/vit-features/train/normal/infrastructure_normal_less/6KIUAK4R1HXQ_all__6.npy,Normal
Pistachio/VAD/vit-features/train/normal/infrastructure_normal_less/6KIUAK4R1HXQ_all__7.npy,Normal
Pistachio/VAD/vit-features/train/normal/infrastructure_normal_less/6KIUAK4R1HXQ_all__8.npy,Normal
Pistachio/VAD/vit-features/train/normal/infrastructure_normal_less/6KIUAK4R1HXQ_all__9.npy,Normal
Pistachio/VAD/vit-features/train/normal/infrastructure_normal_less/6NHL06YK2UV5_all__0.npy,Normal
Pistachio/VAD/vit-features/train/normal/infrastructure_normal_less/6NHL06YK2UV5_all__1.npy,Normal
Pistachio/VAD/vit-features/train/normal/infrastructure_normal_less/6NHL06YK2UV5_all__2.npy,Normal
Pistachio/VAD/vit-features/train/normal/infrastructure_normal_less/6NHL06YK2UV5_all__3.npy,Normal
Pistachio/VAD/vit-features/train/normal/infrastructure_normal_less/6NHL06YK2UV5_all__4.npy,Normal
Pistachio/VAD/vit-features/train/normal/infrastructure_normal_less/6NHL06YK2UV5_all__5.npy,Normal
Pistachio/VAD/vit-features/train/normal/infrastructure_normal_less/6NHL06YK2UV5_all__6.npy,Normal
Pistachio/VAD/vit-features/train/normal/infrastructure_normal_less/6NHL06YK2UV5_all__7.npy,Normal
Pistachio/VAD/vit-features/train/normal/infrastructure_normal_less/6NHL06YK2UV5_all__8.npy,Normal
Pistachio/VAD/vit-features/train/normal/infrastructure_normal_less/6NHL06YK2UV5_all__9.npy,Normal
Pistachio/VAD/vit-features/train/normal/infrastructure_normal_less/6WA1G9SBA30E_all__0.npy,Normal
Pistachio/VAD/vit-features/train/normal/infrastructure_normal_less/6WA1G9SBA30E_all__1.npy,Normal
Pistachio/VAD/vit-features/train/normal/infrastructure_normal_less/6WA1G9SBA30E_all__2.npy,Normal
Pistachio/VAD/vit-features/train/normal/infrastructure_normal_less/6WA1G9SBA30E_all__3.npy,Normal
Pistachio/VAD/vit-features/train/normal/infrastructure_normal_less/6WA1G9SBA30E_all__4.npy,Normal
Pistachio/VAD/vit-features/train/normal/infrastructure_normal_less/6WA1G9SBA30E_all__5.npy,Normal
Pistachio/VAD/vit-features/train/normal/infrastructure_normal_less/6WA1G9SBA30E_all__6.npy,Normal
Pistachio/VAD/vit-features/train/normal/infrastructure_normal_less/6WA1G9SBA30E_all__7.npy,Normal
Pistachio/VAD/vit-features/train/normal/infrastructure_normal_less/6WA1G9SBA30E_all__8.npy,Normal
Pistachio/VAD/vit-features/train/normal/infrastructure_normal_less/6WA1G9SBA30E_all__9.npy,Normal
Pistachio/VAD/vit-features/train/normal/infrastructure_normal_less/704_jpg.rf.b0ef7419937f78667b663fd840ecf202_all__0.npy,Normal
Pistachio/VAD/vit-features/train/normal/infrastructure_normal_less/704_jpg.rf.b0ef7419937f78667b663fd840ecf202_all__1.npy,Normal
Pistachio/VAD/vit-features/train/normal/infrastructure_normal_less/704_jpg.rf.b0ef7419937f78667b663fd840ecf202_all__2.npy,Normal
Pistachio/VAD/vit-features/train/normal/infrastructure_normal_less/704_jpg.rf.b0ef7419937f78667b663fd840ecf202_all__3.npy,Normal
Pistachio/VAD/vit-features/train/normal/infrastructure_normal_less/704_jpg.rf.b0ef7419937f78667b663fd840ecf202_all__4.npy,Normal
Pistachio/VAD/vit-features/train/normal/infrastructure_normal_less/704_jpg.rf.b0ef7419937f78667b663fd840ecf202_all__5.npy,Normal
Pistachio/VAD/vit-features/train/normal/infrastructure_normal_less/704_jpg.rf.b0ef7419937f78667b663fd840ecf202_all__6.npy,Normal
Pistachio/VAD/vit-features/train/normal/infrastructure_normal_less/704_jpg.rf.b0ef7419937f78667b663fd840ecf202_all__7.npy,Normal
Pistachio/VAD/vit-features/train/normal/infrastructure_normal_less/704_jpg.rf.b0ef7419937f78667b663fd840ecf202_all__8.npy,Normal
Pistachio/VAD/vit-features/train/normal/infrastructure_normal_less/704_jpg.rf.b0ef7419937f78667b663fd840ecf202_all__9.npy,Normal
Pistachio/VAD/vit-features/train/normal/infrastructure_normal_less/709_jpg.rf.2d4db71d8d77ed94e767820211a87332_all__0.npy,Normal
Pistachio/VAD/vit-features/train/normal/infrastructure_normal_less/709_jpg.rf.2d4db71d8d77ed94e767820211a87332_all__1.npy,Normal
Pistachio/VAD/vit-features/train/normal/infrastructure_normal_less/709_jpg.rf.2d4db71d8d77ed94e767820211a87332_all__2.npy,Normal
Pistachio/VAD/vit-features/train/normal/infrastructure_normal_less/709_jpg.rf.2d4db71d8d77ed94e767820211a87332_all__3.npy,Normal
Pistachio/VAD/vit-features/train/normal/infrastructure_normal_less/709_jpg.rf.2d4db71d8d77ed94e767820211a87332_all__4.npy,Normal
Pistachio/VAD/vit-features/train/normal/infrastructure_normal_less/709_jpg.rf.2d4db71d8d77ed94e767820211a87332_all__5.npy,Normal
Pistachio/VAD/vit-features/train/normal/infrastructure_normal_less/709_jpg.rf.2d4db71d8d77ed94e767820211a87332_all__6.npy,Normal
Pistachio/VAD/vit-features/train/normal/infrastructure_normal_less/709_jpg.rf.2d4db71d8d77ed94e767820211a87332_all__7.npy,Normal
Pistachio/VAD/vit-features/train/normal/infrastructure_normal_less/709_jpg.rf.2d4db71d8d77ed94e767820211a87332_all__8.npy,Normal
Pistachio/VAD/vit-features/train/normal/infrastructure_normal_less/709_jpg.rf.2d4db71d8d77ed94e767820211a87332_all__9.npy,Normal
Pistachio/VAD/vit-features/train/normal/infrastructure_normal_less/710_jpg.rf.2217d1c996ce3057143f615ba7568be6_all__0.npy,Normal
Pistachio/VAD/vit-features/train/normal/infrastructure_normal_less/710_jpg.rf.2217d1c996ce3057143f615ba7568be6_all__1.npy,Normal
Pistachio/VAD/vit-features/train/normal/infrastructure_normal_less/710_jpg.rf.2217d1c996ce3057143f615ba7568be6_all__2.npy,Normal
Pistachio/VAD/vit-features/train/normal/infrastructure_normal_less/710_jpg.rf.2217d1c996ce3057143f615ba7568be6_all__3.npy,Normal
Pistachio/VAD/vit-features/train/normal/infrastructure_normal_less/710_jpg.rf.2217d1c996ce3057143f615ba7568be6_all__4.npy,Normal
Pistachio/VAD/vit-features/train/normal/infrastructure_normal_less/710_jpg.rf.2217d1c996ce3057143f615ba7568be6_all__5.npy,Normal
Pistachio/VAD/vit-features/train/normal/infrastructure_normal_less/710_jpg.rf.2217d1c996ce3057143f615ba7568be6_all__6.npy,Normal
Pistachio/VAD/vit-features/train/normal/infrastructure_normal_less/710_jpg.rf.2217d1c996ce3057143f615ba7568be6_all__7.npy,Normal
Pistachio/VAD/vit-features/train/normal/infrastructure_normal_less/710_jpg.rf.2217d1c996ce3057143f615ba7568be6_all__8.npy,Normal
Pistachio/VAD/vit-features/train/normal/infrastructure_normal_less/710_jpg.rf.2217d1c996ce3057143f615ba7568be6_all__9.npy,Normal
Pistachio/VAD/vit-features/train/normal/infrastructure_normal_less/711_jpg.rf.fb1ad6473caee77fd5072586fc26b3f6_all__0.npy,Normal
Pistachio/VAD/vit-features/train/normal/infrastructure_normal_less/711_jpg.rf.fb1ad6473caee77fd5072586fc26b3f6_all__1.npy,Normal
Pistachio/VAD/vit-features/train/normal/infrastructure_normal_less/711_jpg.rf.fb1ad6473caee77fd5072586fc26b3f6_all__2.npy,Normal
Pistachio/VAD/vit-features/train/normal/infrastructure_normal_less/711_jpg.rf.fb1ad6473caee77fd5072586fc26b3f6_all__3.npy,Normal
Pistachio/VAD/vit-features/train/normal/infrastructure_normal_less/711_jpg.rf.fb1ad6473caee77fd5072586fc26b3f6_all__4.npy,Normal
Pistachio/VAD/vit-features/train/normal/infrastructure_normal_less/711_jpg.rf.fb1ad6473caee77fd5072586fc26b3f6_all__5.npy,Normal
Pistachio/VAD/vit-features/train/normal/infrastructure_normal_less/711_jpg.rf.fb1ad6473caee77fd5072586fc26b3f6_all__6.npy,Normal
Pistachio/VAD/vit-features/train/normal/infrastructure_normal_less/711_jpg.rf.fb1ad6473caee77fd5072586fc26b3f6_all__7.npy,Normal
Pistachio/VAD/vit-features/train/normal/infrastructure_normal_less/711_jpg.rf.fb1ad6473caee77fd5072586fc26b3f6_all__8.npy,Normal
Pistachio/VAD/vit-features/train/normal/infrastructure_normal_less/711_jpg.rf.fb1ad6473caee77fd5072586fc26b3f6_all__9.npy,Normal
Pistachio/VAD/vit-features/train/normal/infrastructure_normal_less/712_jpg.rf.999ab0b5c920f57019af24ae885cd027_all__0.npy,Normal
Pistachio/VAD/vit-features/train/normal/infrastructure_normal_less/712_jpg.rf.999ab0b5c920f57019af24ae885cd027_all__1.npy,Normal
Pistachio/VAD/vit-features/train/normal/infrastructure_normal_less/712_jpg.rf.999ab0b5c920f57019af24ae885cd027_all__2.npy,Normal
Pistachio/VAD/vit-features/train/normal/infrastructure_normal_less/712_jpg.rf.999ab0b5c920f57019af24ae885cd027_all__3.npy,Normal
Pistachio/VAD/vit-features/train/normal/infrastructure_normal_less/712_jpg.rf.999ab0b5c920f57019af24ae885cd027_all__4.npy,Normal
Pistachio/VAD/vit-features/train/normal/infrastructure_normal_less/712_jpg.rf.999ab0b5c920f57019af24ae885cd027_all__5.npy,Normal
Pistachio/VAD/vit-features/train/normal/infrastructure_normal_less/712_jpg.rf.999ab0b5c920f57019af24ae885cd027_all__6.npy,Normal
Pistachio/VAD/vit-features/train/normal/infrastructure_normal_less/712_jpg.rf.999ab0b5c920f57019af24ae885cd027_all__7.npy,Normal
Pistachio/VAD/vit-features/train/normal/infrastructure_normal_less/712_jpg.rf.999ab0b5c920f57019af24ae885cd027_all__8.npy,Normal
Pistachio/VAD/vit-features/train/normal/infrastructure_normal_less/712_jpg.rf.999ab0b5c920f57019af24ae885cd027_all__9.npy,Normal
Pistachio/VAD/vit-features/train/normal/infrastructure_normal_less/715_jpg.rf.eccb0a439fc8f365f5db4fb9a6299f07_all__0.npy,Normal
Pistachio/VAD/vit-features/train/normal/infrastructure_normal_less/715_jpg.rf.eccb0a439fc8f365f5db4fb9a6299f07_all__1.npy,Normal
Pistachio/VAD/vit-features/train/normal/infrastructure_normal_less/715_jpg.rf.eccb0a439fc8f365f5db4fb9a6299f07_all__2.npy,Normal
Pistachio/VAD/vit-features/train/normal/infrastructure_normal_less/715_jpg.rf.eccb0a439fc8f365f5db4fb9a6299f07_all__3.npy,Normal
Pistachio/VAD/vit-features/train/normal/infrastructure_normal_less/715_jpg.rf.eccb0a439fc8f365f5db4fb9a6299f07_all__4.npy,Normal
Pistachio/VAD/vit-features/train/normal/infrastructure_normal_less/715_jpg.rf.eccb0a439fc8f365f5db4fb9a6299f07_all__5.npy,Normal
Pistachio/VAD/vit-features/train/normal/infrastructure_normal_less/715_jpg.rf.eccb0a439fc8f365f5db4fb9a6299f07_all__6.npy,Normal
Pistachio/VAD/vit-features/train/normal/infrastructure_normal_less/715_jpg.rf.eccb0a439fc8f365f5db4fb9a6299f07_all__7.npy,Normal
Pistachio/VAD/vit-features/train/normal/infrastructure_normal_less/715_jpg.rf.eccb0a439fc8f365f5db4fb9a6299f07_all__8.npy,Normal
Pistachio/VAD/vit-features/train/normal/infrastructure_normal_less/715_jpg.rf.eccb0a439fc8f365f5db4fb9a6299f07_all__9.npy,Normal
Pistachio/VAD/vit-features/train/normal/infrastructure_normal_less/716_jpg.rf.51a947229f37b07f228ed3ad7267b57b_all__0.npy,Normal
Pistachio/VAD/vit-features/train/normal/infrastructure_normal_less/716_jpg.rf.51a947229f37b07f228ed3ad7267b57b_all__1.npy,Normal
Pistachio/VAD/vit-features/train/normal/infrastructure_normal_less/716_jpg.rf.51a947229f37b07f228ed3ad7267b57b_all__2.npy,Normal
Pistachio/VAD/vit-features/train/normal/infrastructure_normal_less/716_jpg.rf.51a947229f37b07f228ed3ad7267b57b_all__3.npy,Normal
Pistachio/VAD/vit-features/train/normal/infrastructure_normal_less/716_jpg.rf.51a947229f37b07f228ed3ad7267b57b_all__4.npy,Normal
Pistachio/VAD/vit-features/train/normal/infrastructure_normal_less/716_jpg.rf.51a947229f37b07f228ed3ad7267b57b_all__5.npy,Normal
Pistachio/VAD/vit-features/train/normal/infrastructure_normal_less/716_jpg.rf.51a947229f37b07f228ed3ad7267b57b_all__6.npy,Normal
Pistachio/VAD/vit-features/train/normal/infrastructure_normal_less/716_jpg.rf.51a947229f37b07f228ed3ad7267b57b_all__7.npy,Normal
Pistachio/VAD/vit-features/train/normal/infrastructure_normal_less/716_jpg.rf.51a947229f37b07f228ed3ad7267b57b_all__8.npy,Normal
Pistachio/VAD/vit-features/train/normal/infrastructure_normal_less/716_jpg.rf.51a947229f37b07f228ed3ad7267b57b_all__9.npy,Normal
Pistachio/VAD/vit-features/train/normal/infrastructure_normal_less/719_jpg.rf.bd28b241428f5c727b4ef65890b0bd05_all__0.npy,Normal
Pistachio/VAD/vit-features/train/normal/infrastructure_normal_less/719_jpg.rf.bd28b241428f5c727b4ef65890b0bd05_all__1.npy,Normal
Pistachio/VAD/vit-features/train/normal/infrastructure_normal_less/719_jpg.rf.bd28b241428f5c727b4ef65890b0bd05_all__2.npy,Normal
Pistachio/VAD/vit-features/train/normal/infrastructure_normal_less/719_jpg.rf.bd28b241428f5c727b4ef65890b0bd05_all__3.npy,Normal
Pistachio/VAD/vit-features/train/normal/infrastructure_normal_less/719_jpg.rf.bd28b241428f5c727b4ef65890b0bd05_all__4.npy,Normal
Pistachio/VAD/vit-features/train/normal/infrastructure_normal_less/719_jpg.rf.bd28b241428f5c727b4ef65890b0bd05_all__5.npy,Normal
Pistachio/VAD/vit-features/train/normal/infrastructure_normal_less/719_jpg.rf.bd28b241428f5c727b4ef65890b0bd05_all__6.npy,Normal
Pistachio/VAD/vit-features/train/normal/infrastructure_normal_less/719_jpg.rf.bd28b241428f5c727b4ef65890b0bd05_all__7.npy,Normal
Pistachio/VAD/vit-features/train/normal/infrastructure_normal_less/719_jpg.rf.bd28b241428f5c727b4ef65890b0bd05_all__8.npy,Normal
Pistachio/VAD/vit-features/train/normal/infrastructure_normal_less/719_jpg.rf.bd28b241428f5c727b4ef65890b0bd05_all__9.npy,Normal
Pistachio/VAD/vit-features/train/normal/infrastructure_normal_less/737_jpg.rf.4ec6e98b63b7d9ddc751f2364bde8e49_all__0.npy,Normal
Pistachio/VAD/vit-features/train/normal/infrastructure_normal_less/737_jpg.rf.4ec6e98b63b7d9ddc751f2364bde8e49_all__1.npy,Normal
Pistachio/VAD/vit-features/train/normal/infrastructure_normal_less/737_jpg.rf.4ec6e98b63b7d9ddc751f2364bde8e49_all__2.npy,Normal
Pistachio/VAD/vit-features/train/normal/infrastructure_normal_less/737_jpg.rf.4ec6e98b63b7d9ddc751f2364bde8e49_all__3.npy,Normal
Pistachio/VAD/vit-features/train/normal/infrastructure_normal_less/737_jpg.rf.4ec6e98b63b7d9ddc751f2364bde8e49_all__4.npy,Normal
Pistachio/VAD/vit-features/train/normal/infrastructure_normal_less/737_jpg.rf.4ec6e98b63b7d9ddc751f2364bde8e49_all__5.npy,Normal
Pistachio/VAD/vit-features/train/normal/infrastructure_normal_less/737_jpg.rf.4ec6e98b63b7d9ddc751f2364bde8e49_all__6.npy,Normal
Pistachio/VAD/vit-features/train/normal/infrastructure_normal_less/737_jpg.rf.4ec6e98b63b7d9ddc751f2364bde8e49_all__7.npy,Normal
Pistachio/VAD/vit-features/train/normal/infrastructure_normal_less/737_jpg.rf.4ec6e98b63b7d9ddc751f2364bde8e49_all__8.npy,Normal
Pistachio/VAD/vit-features/train/normal/infrastructure_normal_less/737_jpg.rf.4ec6e98b63b7d9ddc751f2364bde8e49_all__9.npy,Normal
Pistachio/VAD/vit-features/train/normal/infrastructure_normal_less/742_jpg.rf.a847f54e7a24351173d7b279027be109_all__0.npy,Normal
Pistachio/VAD/vit-features/train/normal/infrastructure_normal_less/742_jpg.rf.a847f54e7a24351173d7b279027be109_all__1.npy,Normal
Pistachio/VAD/vit-features/train/normal/infrastructure_normal_less/742_jpg.rf.a847f54e7a24351173d7b279027be109_all__2.npy,Normal
Pistachio/VAD/vit-features/train/normal/infrastructure_normal_less/742_jpg.rf.a847f54e7a24351173d7b279027be109_all__3.npy,Normal
Pistachio/VAD/vit-features/train/normal/infrastructure_normal_less/742_jpg.rf.a847f54e7a24351173d7b279027be109_all__4.npy,Normal
Pistachio/VAD/vit-features/train/normal/infrastructure_normal_less/742_jpg.rf.a847f54e7a24351173d7b279027be109_all__5.npy,Normal
Pistachio/VAD/vit-features/train/normal/infrastructure_normal_less/742_jpg.rf.a847f54e7a24351173d7b279027be109_all__6.npy,Normal
Pistachio/VAD/vit-features/train/normal/infrastructure_normal_less/742_jpg.rf.a847f54e7a24351173d7b279027be109_all__7.npy,Normal
Pistachio/VAD/vit-features/train/normal/infrastructure_normal_less/742_jpg.rf.a847f54e7a24351173d7b279027be109_all__8.npy,Normal
Pistachio/VAD/vit-features/train/normal/infrastructure_normal_less/742_jpg.rf.a847f54e7a24351173d7b279027be109_all__9.npy,Normal
Pistachio/VAD/vit-features/train/normal/infrastructure_normal_less/743_jpg.rf.8e8360d168c03e3f884d8e96f3209a52_all__0.npy,Normal
Pistachio/VAD/vit-features/train/normal/infrastructure_normal_less/743_jpg.rf.8e8360d168c03e3f884d8e96f3209a52_all__1.npy,Normal
Pistachio/VAD/vit-features/train/normal/infrastructure_normal_less/743_jpg.rf.8e8360d168c03e3f884d8e96f3209a52_all__2.npy,Normal
Pistachio/VAD/vit-features/train/normal/infrastructure_normal_less/743_jpg.rf.8e8360d168c03e3f884d8e96f3209a52_all__3.npy,Normal
Pistachio/VAD/vit-features/train/normal/infrastructure_normal_less/743_jpg.rf.8e8360d168c03e3f884d8e96f3209a52_all__4.npy,Normal
Pistachio/VAD/vit-features/train/normal/infrastructure_normal_less/743_jpg.rf.8e8360d168c03e3f884d8e96f3209a52_all__5.npy,Normal
Pistachio/VAD/vit-features/train/normal/infrastructure_normal_less/743_jpg.rf.8e8360d168c03e3f884d8e96f3209a52_all__6.npy,Normal
Pistachio/VAD/vit-features/train/normal/infrastructure_normal_less/743_jpg.rf.8e8360d168c03e3f884d8e96f3209a52_all__7.npy,Normal
Pistachio/VAD/vit-features/train/normal/infrastructure_normal_less/743_jpg.rf.8e8360d168c03e3f884d8e96f3209a52_all__8.npy,Normal
Pistachio/VAD/vit-features/train/normal/infrastructure_normal_less/743_jpg.rf.8e8360d168c03e3f884d8e96f3209a52_all__9.npy,Normal
Pistachio/VAD/vit-features/train/normal/infrastructure_normal_less/745_jpg.rf.a070f162dbacabe2d70c144e8026f734_all__0.npy,Normal
Pistachio/VAD/vit-features/train/normal/infrastructure_normal_less/745_jpg.rf.a070f162dbacabe2d70c144e8026f734_all__1.npy,Normal
Pistachio/VAD/vit-features/train/normal/infrastructure_normal_less/745_jpg.rf.a070f162dbacabe2d70c144e8026f734_all__2.npy,Normal
Pistachio/VAD/vit-features/train/normal/infrastructure_normal_less/745_jpg.rf.a070f162dbacabe2d70c144e8026f734_all__3.npy,Normal
Pistachio/VAD/vit-features/train/normal/infrastructure_normal_less/745_jpg.rf.a070f162dbacabe2d70c144e8026f734_all__4.npy,Normal
Pistachio/VAD/vit-features/train/normal/infrastructure_normal_less/745_jpg.rf.a070f162dbacabe2d70c144e8026f734_all__5.npy,Normal
Pistachio/VAD/vit-features/train/normal/infrastructure_normal_less/745_jpg.rf.a070f162dbacabe2d70c144e8026f734_all__6.npy,Normal
Pistachio/VAD/vit-features/train/normal/infrastructure_normal_less/745_jpg.rf.a070f162dbacabe2d70c144e8026f734_all__7.npy,Normal
Pistachio/VAD/vit-features/train/normal/infrastructure_normal_less/745_jpg.rf.a070f162dbacabe2d70c144e8026f734_all__8.npy,Normal
Pistachio/VAD/vit-features/train/normal/infrastructure_normal_less/745_jpg.rf.a070f162dbacabe2d70c144e8026f734_all__9.npy,Normal
Pistachio/VAD/vit-features/train/normal/infrastructure_normal_less/748_jpg.rf.8eb4928c7928d9144add6f2cf6bc2c8f_all__0.npy,Normal
Pistachio/VAD/vit-features/train/normal/infrastructure_normal_less/748_jpg.rf.8eb4928c7928d9144add6f2cf6bc2c8f_all__1.npy,Normal
Pistachio/VAD/vit-features/train/normal/infrastructure_normal_less/748_jpg.rf.8eb4928c7928d9144add6f2cf6bc2c8f_all__2.npy,Normal
Pistachio/VAD/vit-features/train/normal/infrastructure_normal_less/748_jpg.rf.8eb4928c7928d9144add6f2cf6bc2c8f_all__3.npy,Normal
Pistachio/VAD/vit-features/train/normal/infrastructure_normal_less/748_jpg.rf.8eb4928c7928d9144add6f2cf6bc2c8f_all__4.npy,Normal
Pistachio/VAD/vit-features/train/normal/infrastructure_normal_less/748_jpg.rf.8eb4928c7928d9144add6f2cf6bc2c8f_all__5.npy,Normal
Pistachio/VAD/vit-features/train/normal/infrastructure_normal_less/748_jpg.rf.8eb4928c7928d9144add6f2cf6bc2c8f_all__6.npy,Normal
Pistachio/VAD/vit-features/train/normal/infrastructure_normal_less/748_jpg.rf.8eb4928c7928d9144add6f2cf6bc2c8f_all__7.npy,Normal
Pistachio/VAD/vit-features/train/normal/infrastructure_normal_less/748_jpg.rf.8eb4928c7928d9144add6f2cf6bc2c8f_all__8.npy,Normal
Pistachio/VAD/vit-features/train/normal/infrastructure_normal_less/748_jpg.rf.8eb4928c7928d9144add6f2cf6bc2c8f_all__9.npy,Normal
Pistachio/VAD/vit-features/train/normal/infrastructure_normal_less/750_jpg.rf.f612b0380508def136bfebdcc5b235db_all__0.npy,Normal
Pistachio/VAD/vit-features/train/normal/infrastructure_normal_less/750_jpg.rf.f612b0380508def136bfebdcc5b235db_all__1.npy,Normal
Pistachio/VAD/vit-features/train/normal/infrastructure_normal_less/750_jpg.rf.f612b0380508def136bfebdcc5b235db_all__2.npy,Normal
Pistachio/VAD/vit-features/train/normal/infrastructure_normal_less/750_jpg.rf.f612b0380508def136bfebdcc5b235db_all__3.npy,Normal
Pistachio/VAD/vit-features/train/normal/infrastructure_normal_less/750_jpg.rf.f612b0380508def136bfebdcc5b235db_all__4.npy,Normal
Pistachio/VAD/vit-features/train/normal/infrastructure_normal_less/750_jpg.rf.f612b0380508def136bfebdcc5b235db_all__5.npy,Normal
Pistachio/VAD/vit-features/train/normal/infrastructure_normal_less/750_jpg.rf.f612b0380508def136bfebdcc5b235db_all__6.npy,Normal
Pistachio/VAD/vit-features/train/normal/infrastructure_normal_less/750_jpg.rf.f612b0380508def136bfebdcc5b235db_all__7.npy,Normal
Pistachio/VAD/vit-features/train/normal/infrastructure_normal_less/750_jpg.rf.f612b0380508def136bfebdcc5b235db_all__8.npy,Normal
Pistachio/VAD/vit-features/train/normal/infrastructure_normal_less/750_jpg.rf.f612b0380508def136bfebdcc5b235db_all__9.npy,Normal
Pistachio/VAD/vit-features/train/normal/infrastructure_normal_less/752_jpg.rf.0989198f3c879bad4fba3549e5cfa255_all__0.npy,Normal
Pistachio/VAD/vit-features/train/normal/infrastructure_normal_less/752_jpg.rf.0989198f3c879bad4fba3549e5cfa255_all__1.npy,Normal
Pistachio/VAD/vit-features/train/normal/infrastructure_normal_less/752_jpg.rf.0989198f3c879bad4fba3549e5cfa255_all__2.npy,Normal
Pistachio/VAD/vit-features/train/normal/infrastructure_normal_less/752_jpg.rf.0989198f3c879bad4fba3549e5cfa255_all__3.npy,Normal
Pistachio/VAD/vit-features/train/normal/infrastructure_normal_less/752_jpg.rf.0989198f3c879bad4fba3549e5cfa255_all__4.npy,Normal
Pistachio/VAD/vit-features/train/normal/infrastructure_normal_less/752_jpg.rf.0989198f3c879bad4fba3549e5cfa255_all__5.npy,Normal
Pistachio/VAD/vit-features/train/normal/infrastructure_normal_less/752_jpg.rf.0989198f3c879bad4fba3549e5cfa255_all__6.npy,Normal
Pistachio/VAD/vit-features/train/normal/infrastructure_normal_less/752_jpg.rf.0989198f3c879bad4fba3549e5cfa255_all__7.npy,Normal
Pistachio/VAD/vit-features/train/normal/infrastructure_normal_less/752_jpg.rf.0989198f3c879bad4fba3549e5cfa255_all__8.npy,Normal
Pistachio/VAD/vit-features/train/normal/infrastructure_normal_less/752_jpg.rf.0989198f3c879bad4fba3549e5cfa255_all__9.npy,Normal
Pistachio/VAD/vit-features/train/normal/infrastructure_normal_less/753_jpg.rf.4755a1877a633768d37edaa6bbc55dcb_all__0.npy,Normal
Pistachio/VAD/vit-features/train/normal/infrastructure_normal_less/753_jpg.rf.4755a1877a633768d37edaa6bbc55dcb_all__1.npy,Normal
Pistachio/VAD/vit-features/train/normal/infrastructure_normal_less/753_jpg.rf.4755a1877a633768d37edaa6bbc55dcb_all__2.npy,Normal
Pistachio/VAD/vit-features/train/normal/infrastructure_normal_less/753_jpg.rf.4755a1877a633768d37edaa6bbc55dcb_all__3.npy,Normal
Pistachio/VAD/vit-features/train/normal/infrastructure_normal_less/753_jpg.rf.4755a1877a633768d37edaa6bbc55dcb_all__4.npy,Normal
Pistachio/VAD/vit-features/train/normal/infrastructure_normal_less/753_jpg.rf.4755a1877a633768d37edaa6bbc55dcb_all__5.npy,Normal
Pistachio/VAD/vit-features/train/normal/infrastructure_normal_less/753_jpg.rf.4755a1877a633768d37edaa6bbc55dcb_all__6.npy,Normal
Pistachio/VAD/vit-features/train/normal/infrastructure_normal_less/753_jpg.rf.4755a1877a633768d37edaa6bbc55dcb_all__7.npy,Normal
Pistachio/VAD/vit-features/train/normal/infrastructure_normal_less/753_jpg.rf.4755a1877a633768d37edaa6bbc55dcb_all__8.npy,Normal
Pistachio/VAD/vit-features/train/normal/infrastructure_normal_less/753_jpg.rf.4755a1877a633768d37edaa6bbc55dcb_all__9.npy,Normal
Pistachio/VAD/vit-features/train/normal/infrastructure_normal_less/757_jpg.rf.ae2ad1789fc07550a2493063055100d2_all__0.npy,Normal
Pistachio/VAD/vit-features/train/normal/infrastructure_normal_less/757_jpg.rf.ae2ad1789fc07550a2493063055100d2_all__1.npy,Normal
Pistachio/VAD/vit-features/train/normal/infrastructure_normal_less/757_jpg.rf.ae2ad1789fc07550a2493063055100d2_all__2.npy,Normal
Pistachio/VAD/vit-features/train/normal/infrastructure_normal_less/757_jpg.rf.ae2ad1789fc07550a2493063055100d2_all__3.npy,Normal
Pistachio/VAD/vit-features/train/normal/infrastructure_normal_less/757_jpg.rf.ae2ad1789fc07550a2493063055100d2_all__4.npy,Normal
Pistachio/VAD/vit-features/train/normal/infrastructure_normal_less/757_jpg.rf.ae2ad1789fc07550a2493063055100d2_all__5.npy,Normal
Pistachio/VAD/vit-features/train/normal/infrastructure_normal_less/757_jpg.rf.ae2ad1789fc07550a2493063055100d2_all__6.npy,Normal
Pistachio/VAD/vit-features/train/normal/infrastructure_normal_less/757_jpg.rf.ae2ad1789fc07550a2493063055100d2_all__7.npy,Normal
Pistachio/VAD/vit-features/train/normal/infrastructure_normal_less/757_jpg.rf.ae2ad1789fc07550a2493063055100d2_all__8.npy,Normal
Pistachio/VAD/vit-features/train/normal/infrastructure_normal_less/757_jpg.rf.ae2ad1789fc07550a2493063055100d2_all__9.npy,Normal
Pistachio/VAD/vit-features/train/normal/infrastructure_normal_less/7A8FCGWYB2QG_all__0.npy,Normal
Pistachio/VAD/vit-features/train/normal/infrastructure_normal_less/7A8FCGWYB2QG_all__1.npy,Normal
Pistachio/VAD/vit-features/train/normal/infrastructure_normal_less/7A8FCGWYB2QG_all__2.npy,Normal
Pistachio/VAD/vit-features/train/normal/infrastructure_normal_less/7A8FCGWYB2QG_all__3.npy,Normal
Pistachio/VAD/vit-features/train/normal/infrastructure_normal_less/7A8FCGWYB2QG_all__4.npy,Normal
Pistachio/VAD/vit-features/train/normal/infrastructure_normal_less/7A8FCGWYB2QG_all__5.npy,Normal
Pistachio/VAD/vit-features/train/normal/infrastructure_normal_less/7A8FCGWYB2QG_all__6.npy,Normal
Pistachio/VAD/vit-features/train/normal/infrastructure_normal_less/7A8FCGWYB2QG_all__7.npy,Normal
Pistachio/VAD/vit-features/train/normal/infrastructure_normal_less/7A8FCGWYB2QG_all__8.npy,Normal
Pistachio/VAD/vit-features/train/normal/infrastructure_normal_less/7A8FCGWYB2QG_all__9.npy,Normal
Pistachio/VAD/vit-features/train/normal/infrastructure_normal_less/7KEHPAW0WDGT_all__0.npy,Normal
Pistachio/VAD/vit-features/train/normal/infrastructure_normal_less/7KEHPAW0WDGT_all__1.npy,Normal
Pistachio/VAD/vit-features/train/normal/infrastructure_normal_less/7KEHPAW0WDGT_all__2.npy,Normal
Pistachio/VAD/vit-features/train/normal/infrastructure_normal_less/7KEHPAW0WDGT_all__3.npy,Normal
Pistachio/VAD/vit-features/train/normal/infrastructure_normal_less/7KEHPAW0WDGT_all__4.npy,Normal
Pistachio/VAD/vit-features/train/normal/infrastructure_normal_less/7KEHPAW0WDGT_all__5.npy,Normal
Pistachio/VAD/vit-features/train/normal/infrastructure_normal_less/7KEHPAW0WDGT_all__6.npy,Normal
Pistachio/VAD/vit-features/train/normal/infrastructure_normal_less/7KEHPAW0WDGT_all__7.npy,Normal
Pistachio/VAD/vit-features/train/normal/infrastructure_normal_less/7KEHPAW0WDGT_all__8.npy,Normal
Pistachio/VAD/vit-features/train/normal/infrastructure_normal_less/7KEHPAW0WDGT_all__9.npy,Normal
Pistachio/VAD/vit-features/train/normal/infrastructure_normal_less/7Y22VZLPXV48_all__0.npy,Normal
Pistachio/VAD/vit-features/train/normal/infrastructure_normal_less/7Y22VZLPXV48_all__1.npy,Normal
Pistachio/VAD/vit-features/train/normal/infrastructure_normal_less/7Y22VZLPXV48_all__2.npy,Normal
Pistachio/VAD/vit-features/train/normal/infrastructure_normal_less/7Y22VZLPXV48_all__3.npy,Normal
Pistachio/VAD/vit-features/train/normal/infrastructure_normal_less/7Y22VZLPXV48_all__4.npy,Normal
Pistachio/VAD/vit-features/train/normal/infrastructure_normal_less/7Y22VZLPXV48_all__5.npy,Normal
Pistachio/VAD/vit-features/train/normal/infrastructure_normal_less/7Y22VZLPXV48_all__6.npy,Normal
Pistachio/VAD/vit-features/train/normal/infrastructure_normal_less/7Y22VZLPXV48_all__7.npy,Normal
Pistachio/VAD/vit-features/train/normal/infrastructure_normal_less/7Y22VZLPXV48_all__8.npy,Normal
Pistachio/VAD/vit-features/train/normal/infrastructure_normal_less/7Y22VZLPXV48_all__9.npy,Normal
Pistachio/VAD/vit-features/train/normal/infrastructure_normal_less/7_jpg.rf.eaf2fa34879668321d252e0bb36470b8_all__0.npy,Normal
Pistachio/VAD/vit-features/train/normal/infrastructure_normal_less/7_jpg.rf.eaf2fa34879668321d252e0bb36470b8_all__1.npy,Normal
Pistachio/VAD/vit-features/train/normal/infrastructure_normal_less/7_jpg.rf.eaf2fa34879668321d252e0bb36470b8_all__2.npy,Normal
Pistachio/VAD/vit-features/train/normal/infrastructure_normal_less/7_jpg.rf.eaf2fa34879668321d252e0bb36470b8_all__3.npy,Normal
Pistachio/VAD/vit-features/train/normal/infrastructure_normal_less/7_jpg.rf.eaf2fa34879668321d252e0bb36470b8_all__4.npy,Normal
Pistachio/VAD/vit-features/train/normal/infrastructure_normal_less/7_jpg.rf.eaf2fa34879668321d252e0bb36470b8_all__5.npy,Normal
Pistachio/VAD/vit-features/train/normal/infrastructure_normal_less/7_jpg.rf.eaf2fa34879668321d252e0bb36470b8_all__6.npy,Normal
Pistachio/VAD/vit-features/train/normal/infrastructure_normal_less/7_jpg.rf.eaf2fa34879668321d252e0bb36470b8_all__7.npy,Normal
Pistachio/VAD/vit-features/train/normal/infrastructure_normal_less/7_jpg.rf.eaf2fa34879668321d252e0bb36470b8_all__8.npy,Normal
Pistachio/VAD/vit-features/train/normal/infrastructure_normal_less/7_jpg.rf.eaf2fa34879668321d252e0bb36470b8_all__9.npy,Normal
Pistachio/VAD/vit-features/train/normal/infrastructure_normal_less/800_jpg.rf.f60899e20e0b86342c76af040a7fe10a_all__0.npy,Normal
Pistachio/VAD/vit-features/train/normal/infrastructure_normal_less/800_jpg.rf.f60899e20e0b86342c76af040a7fe10a_all__1.npy,Normal
Pistachio/VAD/vit-features/train/normal/infrastructure_normal_less/800_jpg.rf.f60899e20e0b86342c76af040a7fe10a_all__2.npy,Normal
Pistachio/VAD/vit-features/train/normal/infrastructure_normal_less/800_jpg.rf.f60899e20e0b86342c76af040a7fe10a_all__3.npy,Normal
Pistachio/VAD/vit-features/train/normal/infrastructure_normal_less/800_jpg.rf.f60899e20e0b86342c76af040a7fe10a_all__4.npy,Normal
Pistachio/VAD/vit-features/train/normal/infrastructure_normal_less/800_jpg.rf.f60899e20e0b86342c76af040a7fe10a_all__5.npy,Normal
Pistachio/VAD/vit-features/train/normal/infrastructure_normal_less/800_jpg.rf.f60899e20e0b86342c76af040a7fe10a_all__6.npy,Normal
Pistachio/VAD/vit-features/train/normal/infrastructure_normal_less/800_jpg.rf.f60899e20e0b86342c76af040a7fe10a_all__7.npy,Normal
Pistachio/VAD/vit-features/train/normal/infrastructure_normal_less/800_jpg.rf.f60899e20e0b86342c76af040a7fe10a_all__8.npy,Normal
Pistachio/VAD/vit-features/train/normal/infrastructure_normal_less/800_jpg.rf.f60899e20e0b86342c76af040a7fe10a_all__9.npy,Normal
Pistachio/VAD/vit-features/train/normal/infrastructure_normal_less/801_jpg.rf.f362497be91cb2c38106a3cf17986e8e_all__0.npy,Normal
Pistachio/VAD/vit-features/train/normal/infrastructure_normal_less/801_jpg.rf.f362497be91cb2c38106a3cf17986e8e_all__1.npy,Normal
Pistachio/VAD/vit-features/train/normal/infrastructure_normal_less/801_jpg.rf.f362497be91cb2c38106a3cf17986e8e_all__2.npy,Normal
Pistachio/VAD/vit-features/train/normal/infrastructure_normal_less/801_jpg.rf.f362497be91cb2c38106a3cf17986e8e_all__3.npy,Normal
Pistachio/VAD/vit-features/train/normal/infrastructure_normal_less/801_jpg.rf.f362497be91cb2c38106a3cf17986e8e_all__4.npy,Normal
Pistachio/VAD/vit-features/train/normal/infrastructure_normal_less/801_jpg.rf.f362497be91cb2c38106a3cf17986e8e_all__5.npy,Normal
Pistachio/VAD/vit-features/train/normal/infrastructure_normal_less/801_jpg.rf.f362497be91cb2c38106a3cf17986e8e_all__6.npy,Normal
Pistachio/VAD/vit-features/train/normal/infrastructure_normal_less/801_jpg.rf.f362497be91cb2c38106a3cf17986e8e_all__7.npy,Normal
Pistachio/VAD/vit-features/train/normal/infrastructure_normal_less/801_jpg.rf.f362497be91cb2c38106a3cf17986e8e_all__8.npy,Normal
Pistachio/VAD/vit-features/train/normal/infrastructure_normal_less/801_jpg.rf.f362497be91cb2c38106a3cf17986e8e_all__9.npy,Normal
Pistachio/VAD/vit-features/train/normal/infrastructure_normal_less/802_jpg.rf.cc410bb21ffe1b2bf38cd8b3b16fff98_all__0.npy,Normal
Pistachio/VAD/vit-features/train/normal/infrastructure_normal_less/802_jpg.rf.cc410bb21ffe1b2bf38cd8b3b16fff98_all__1.npy,Normal
Pistachio/VAD/vit-features/train/normal/infrastructure_normal_less/802_jpg.rf.cc410bb21ffe1b2bf38cd8b3b16fff98_all__2.npy,Normal
Pistachio/VAD/vit-features/train/normal/infrastructure_normal_less/802_jpg.rf.cc410bb21ffe1b2bf38cd8b3b16fff98_all__3.npy,Normal
Pistachio/VAD/vit-features/train/normal/infrastructure_normal_less/802_jpg.rf.cc410bb21ffe1b2bf38cd8b3b16fff98_all__4.npy,Normal
Pistachio/VAD/vit-features/train/normal/infrastructure_normal_less/802_jpg.rf.cc410bb21ffe1b2bf38cd8b3b16fff98_all__5.npy,Normal
Pistachio/VAD/vit-features/train/normal/infrastructure_normal_less/802_jpg.rf.cc410bb21ffe1b2bf38cd8b3b16fff98_all__6.npy,Normal
Pistachio/VAD/vit-features/train/normal/infrastructure_normal_less/802_jpg.rf.cc410bb21ffe1b2bf38cd8b3b16fff98_all__7.npy,Normal
Pistachio/VAD/vit-features/train/normal/infrastructure_normal_less/802_jpg.rf.cc410bb21ffe1b2bf38cd8b3b16fff98_all__8.npy,Normal
Pistachio/VAD/vit-features/train/normal/infrastructure_normal_less/802_jpg.rf.cc410bb21ffe1b2bf38cd8b3b16fff98_all__9.npy,Normal
Pistachio/VAD/vit-features/train/normal/infrastructure_normal_less/805_jpg.rf.51253a124f83536436544f4a002805a3_all__0.npy,Normal
Pistachio/VAD/vit-features/train/normal/infrastructure_normal_less/805_jpg.rf.51253a124f83536436544f4a002805a3_all__1.npy,Normal
Pistachio/VAD/vit-features/train/normal/infrastructure_normal_less/805_jpg.rf.51253a124f83536436544f4a002805a3_all__2.npy,Normal
Pistachio/VAD/vit-features/train/normal/infrastructure_normal_less/805_jpg.rf.51253a124f83536436544f4a002805a3_all__3.npy,Normal
Pistachio/VAD/vit-features/train/normal/infrastructure_normal_less/805_jpg.rf.51253a124f83536436544f4a002805a3_all__4.npy,Normal
Pistachio/VAD/vit-features/train/normal/infrastructure_normal_less/805_jpg.rf.51253a124f83536436544f4a002805a3_all__5.npy,Normal
Pistachio/VAD/vit-features/train/normal/infrastructure_normal_less/805_jpg.rf.51253a124f83536436544f4a002805a3_all__6.npy,Normal
Pistachio/VAD/vit-features/train/normal/infrastructure_normal_less/805_jpg.rf.51253a124f83536436544f4a002805a3_all__7.npy,Normal
Pistachio/VAD/vit-features/train/normal/infrastructure_normal_less/805_jpg.rf.51253a124f83536436544f4a002805a3_all__8.npy,Normal
Pistachio/VAD/vit-features/train/normal/infrastructure_normal_less/805_jpg.rf.51253a124f83536436544f4a002805a3_all__9.npy,Normal
Pistachio/VAD/vit-features/train/normal/infrastructure_normal_less/8RCSDTZR91JM_all__0.npy,Normal
Pistachio/VAD/vit-features/train/normal/infrastructure_normal_less/8RCSDTZR91JM_all__1.npy,Normal
Pistachio/VAD/vit-features/train/normal/infrastructure_normal_less/8RCSDTZR91JM_all__2.npy,Normal
Pistachio/VAD/vit-features/train/normal/infrastructure_normal_less/8RCSDTZR91JM_all__3.npy,Normal
Pistachio/VAD/vit-features/train/normal/infrastructure_normal_less/8RCSDTZR91JM_all__4.npy,Normal
Pistachio/VAD/vit-features/train/normal/infrastructure_normal_less/8RCSDTZR91JM_all__5.npy,Normal
Pistachio/VAD/vit-features/train/normal/infrastructure_normal_less/8RCSDTZR91JM_all__6.npy,Normal
Pistachio/VAD/vit-features/train/normal/infrastructure_normal_less/8RCSDTZR91JM_all__7.npy,Normal
Pistachio/VAD/vit-features/train/normal/infrastructure_normal_less/8RCSDTZR91JM_all__8.npy,Normal
Pistachio/VAD/vit-features/train/normal/infrastructure_normal_less/8RCSDTZR91JM_all__9.npy,Normal
Pistachio/VAD/vit-features/train/normal/infrastructure_normal_less/8UATIY4QD0PU_all__0.npy,Normal
Pistachio/VAD/vit-features/train/normal/infrastructure_normal_less/8UATIY4QD0PU_all__1.npy,Normal
Pistachio/VAD/vit-features/train/normal/infrastructure_normal_less/8UATIY4QD0PU_all__2.npy,Normal
Pistachio/VAD/vit-features/train/normal/infrastructure_normal_less/8UATIY4QD0PU_all__3.npy,Normal
Pistachio/VAD/vit-features/train/normal/infrastructure_normal_less/8UATIY4QD0PU_all__4.npy,Normal
Pistachio/VAD/vit-features/train/normal/infrastructure_normal_less/8UATIY4QD0PU_all__5.npy,Normal
Pistachio/VAD/vit-features/train/normal/infrastructure_normal_less/8UATIY4QD0PU_all__6.npy,Normal
Pistachio/VAD/vit-features/train/normal/infrastructure_normal_less/8UATIY4QD0PU_all__7.npy,Normal
Pistachio/VAD/vit-features/train/normal/infrastructure_normal_less/8UATIY4QD0PU_all__8.npy,Normal
Pistachio/VAD/vit-features/train/normal/infrastructure_normal_less/8UATIY4QD0PU_all__9.npy,Normal
Pistachio/VAD/vit-features/train/normal/infrastructure_normal_less/8W2N85L6GR2B_all__0.npy,Normal
Pistachio/VAD/vit-features/train/normal/infrastructure_normal_less/8W2N85L6GR2B_all__1.npy,Normal
Pistachio/VAD/vit-features/train/normal/infrastructure_normal_less/8W2N85L6GR2B_all__2.npy,Normal
Pistachio/VAD/vit-features/train/normal/infrastructure_normal_less/8W2N85L6GR2B_all__3.npy,Normal
Pistachio/VAD/vit-features/train/normal/infrastructure_normal_less/8W2N85L6GR2B_all__4.npy,Normal
Pistachio/VAD/vit-features/train/normal/infrastructure_normal_less/8W2N85L6GR2B_all__5.npy,Normal
Pistachio/VAD/vit-features/train/normal/infrastructure_normal_less/8W2N85L6GR2B_all__6.npy,Normal
Pistachio/VAD/vit-features/train/normal/infrastructure_normal_less/8W2N85L6GR2B_all__7.npy,Normal
Pistachio/VAD/vit-features/train/normal/infrastructure_normal_less/8W2N85L6GR2B_all__8.npy,Normal
Pistachio/VAD/vit-features/train/normal/infrastructure_normal_less/8W2N85L6GR2B_all__9.npy,Normal
Pistachio/VAD/vit-features/train/normal/infrastructure_normal_less/8XAT6SNII5DT_all__0.npy,Normal
Pistachio/VAD/vit-features/train/normal/infrastructure_normal_less/8XAT6SNII5DT_all__1.npy,Normal
Pistachio/VAD/vit-features/train/normal/infrastructure_normal_less/8XAT6SNII5DT_all__2.npy,Normal
Pistachio/VAD/vit-features/train/normal/infrastructure_normal_less/8XAT6SNII5DT_all__3.npy,Normal
Pistachio/VAD/vit-features/train/normal/infrastructure_normal_less/8XAT6SNII5DT_all__4.npy,Normal
Pistachio/VAD/vit-features/train/normal/infrastructure_normal_less/8XAT6SNII5DT_all__5.npy,Normal
Pistachio/VAD/vit-features/train/normal/infrastructure_normal_less/8XAT6SNII5DT_all__6.npy,Normal
Pistachio/VAD/vit-features/train/normal/infrastructure_normal_less/8XAT6SNII5DT_all__7.npy,Normal
Pistachio/VAD/vit-features/train/normal/infrastructure_normal_less/8XAT6SNII5DT_all__8.npy,Normal
Pistachio/VAD/vit-features/train/normal/infrastructure_normal_less/8XAT6SNII5DT_all__9.npy,Normal
Pistachio/VAD/vit-features/train/normal/infrastructure_normal_less/8_jpg.rf.ceddd2bc5552e70572987acf25076e95_all__0.npy,Normal
Pistachio/VAD/vit-features/train/normal/infrastructure_normal_less/8_jpg.rf.ceddd2bc5552e70572987acf25076e95_all__1.npy,Normal
Pistachio/VAD/vit-features/train/normal/infrastructure_normal_less/8_jpg.rf.ceddd2bc5552e70572987acf25076e95_all__2.npy,Normal
Pistachio/VAD/vit-features/train/normal/infrastructure_normal_less/8_jpg.rf.ceddd2bc5552e70572987acf25076e95_all__3.npy,Normal
Pistachio/VAD/vit-features/train/normal/infrastructure_normal_less/8_jpg.rf.ceddd2bc5552e70572987acf25076e95_all__4.npy,Normal
Pistachio/VAD/vit-features/train/normal/infrastructure_normal_less/8_jpg.rf.ceddd2bc5552e70572987acf25076e95_all__5.npy,Normal
Pistachio/VAD/vit-features/train/normal/infrastructure_normal_less/8_jpg.rf.ceddd2bc5552e70572987acf25076e95_all__6.npy,Normal
Pistachio/VAD/vit-features/train/normal/infrastructure_normal_less/8_jpg.rf.ceddd2bc5552e70572987acf25076e95_all__7.npy,Normal
Pistachio/VAD/vit-features/train/normal/infrastructure_normal_less/8_jpg.rf.ceddd2bc5552e70572987acf25076e95_all__8.npy,Normal
Pistachio/VAD/vit-features/train/normal/infrastructure_normal_less/8_jpg.rf.ceddd2bc5552e70572987acf25076e95_all__9.npy,Normal
Pistachio/VAD/vit-features/train/normal/infrastructure_normal_less/9BG6CQUAH79U_all__0.npy,Normal
Pistachio/VAD/vit-features/train/normal/infrastructure_normal_less/9BG6CQUAH79U_all__1.npy,Normal
Pistachio/VAD/vit-features/train/normal/infrastructure_normal_less/9BG6CQUAH79U_all__2.npy,Normal
Pistachio/VAD/vit-features/train/normal/infrastructure_normal_less/9BG6CQUAH79U_all__3.npy,Normal
Pistachio/VAD/vit-features/train/normal/infrastructure_normal_less/9BG6CQUAH79U_all__4.npy,Normal
Pistachio/VAD/vit-features/train/normal/infrastructure_normal_less/9BG6CQUAH79U_all__5.npy,Normal
Pistachio/VAD/vit-features/train/normal/infrastructure_normal_less/9BG6CQUAH79U_all__6.npy,Normal
Pistachio/VAD/vit-features/train/normal/infrastructure_normal_less/9BG6CQUAH79U_all__7.npy,Normal
Pistachio/VAD/vit-features/train/normal/infrastructure_normal_less/9BG6CQUAH79U_all__8.npy,Normal
Pistachio/VAD/vit-features/train/normal/infrastructure_normal_less/9BG6CQUAH79U_all__9.npy,Normal
Pistachio/VAD/vit-features/train/normal/infrastructure_normal_less/9_jpg.rf.fa059b3b174ca58070260348b217612b_all__0.npy,Normal
Pistachio/VAD/vit-features/train/normal/infrastructure_normal_less/9_jpg.rf.fa059b3b174ca58070260348b217612b_all__1.npy,Normal
Pistachio/VAD/vit-features/train/normal/infrastructure_normal_less/9_jpg.rf.fa059b3b174ca58070260348b217612b_all__2.npy,Normal
Pistachio/VAD/vit-features/train/normal/infrastructure_normal_less/9_jpg.rf.fa059b3b174ca58070260348b217612b_all__3.npy,Normal
Pistachio/VAD/vit-features/train/normal/infrastructure_normal_less/9_jpg.rf.fa059b3b174ca58070260348b217612b_all__4.npy,Normal
Pistachio/VAD/vit-features/train/normal/infrastructure_normal_less/9_jpg.rf.fa059b3b174ca58070260348b217612b_all__5.npy,Normal
Pistachio/VAD/vit-features/train/normal/infrastructure_normal_less/9_jpg.rf.fa059b3b174ca58070260348b217612b_all__6.npy,Normal
Pistachio/VAD/vit-features/train/normal/infrastructure_normal_less/9_jpg.rf.fa059b3b174ca58070260348b217612b_all__7.npy,Normal
Pistachio/VAD/vit-features/train/normal/infrastructure_normal_less/9_jpg.rf.fa059b3b174ca58070260348b217612b_all__8.npy,Normal
Pistachio/VAD/vit-features/train/normal/infrastructure_normal_less/9_jpg.rf.fa059b3b174ca58070260348b217612b_all__9.npy,Normal
Pistachio/VAD/vit-features/train/normal/infrastructure_normal_less/A6HU0FFGDSXY_all__0.npy,Normal
Pistachio/VAD/vit-features/train/normal/infrastructure_normal_less/A6HU0FFGDSXY_all__1.npy,Normal
Pistachio/VAD/vit-features/train/normal/infrastructure_normal_less/A6HU0FFGDSXY_all__2.npy,Normal
Pistachio/VAD/vit-features/train/normal/infrastructure_normal_less/A6HU0FFGDSXY_all__3.npy,Normal
Pistachio/VAD/vit-features/train/normal/infrastructure_normal_less/A6HU0FFGDSXY_all__4.npy,Normal
Pistachio/VAD/vit-features/train/normal/infrastructure_normal_less/A6HU0FFGDSXY_all__5.npy,Normal
Pistachio/VAD/vit-features/train/normal/infrastructure_normal_less/A6HU0FFGDSXY_all__6.npy,Normal
Pistachio/VAD/vit-features/train/normal/infrastructure_normal_less/A6HU0FFGDSXY_all__7.npy,Normal
Pistachio/VAD/vit-features/train/normal/infrastructure_normal_less/A6HU0FFGDSXY_all__8.npy,Normal
Pistachio/VAD/vit-features/train/normal/infrastructure_normal_less/A6HU0FFGDSXY_all__9.npy,Normal
Pistachio/VAD/vit-features/train/normal/infrastructure_normal_less/AGNZ3OXE1Z5G_all__0.npy,Normal
Pistachio/VAD/vit-features/train/normal/infrastructure_normal_less/AGNZ3OXE1Z5G_all__1.npy,Normal
Pistachio/VAD/vit-features/train/normal/infrastructure_normal_less/AGNZ3OXE1Z5G_all__2.npy,Normal
Pistachio/VAD/vit-features/train/normal/infrastructure_normal_less/AGNZ3OXE1Z5G_all__3.npy,Normal
Pistachio/VAD/vit-features/train/normal/infrastructure_normal_less/AGNZ3OXE1Z5G_all__4.npy,Normal
Pistachio/VAD/vit-features/train/normal/infrastructure_normal_less/AGNZ3OXE1Z5G_all__5.npy,Normal
Pistachio/VAD/vit-features/train/normal/infrastructure_normal_less/AGNZ3OXE1Z5G_all__6.npy,Normal
Pistachio/VAD/vit-features/train/normal/infrastructure_normal_less/AGNZ3OXE1Z5G_all__7.npy,Normal
Pistachio/VAD/vit-features/train/normal/infrastructure_normal_less/AGNZ3OXE1Z5G_all__8.npy,Normal
Pistachio/VAD/vit-features/train/normal/infrastructure_normal_less/AGNZ3OXE1Z5G_all__9.npy,Normal
Pistachio/VAD/vit-features/train/normal/infrastructure_normal_less/AH78M6EFKGK2_all__0.npy,Normal
Pistachio/VAD/vit-features/train/normal/infrastructure_normal_less/AH78M6EFKGK2_all__1.npy,Normal
Pistachio/VAD/vit-features/train/normal/infrastructure_normal_less/AH78M6EFKGK2_all__2.npy,Normal
Pistachio/VAD/vit-features/train/normal/infrastructure_normal_less/AH78M6EFKGK2_all__3.npy,Normal
Pistachio/VAD/vit-features/train/normal/infrastructure_normal_less/AH78M6EFKGK2_all__4.npy,Normal
Pistachio/VAD/vit-features/train/normal/infrastructure_normal_less/AH78M6EFKGK2_all__5.npy,Normal
Pistachio/VAD/vit-features/train/normal/infrastructure_normal_less/AH78M6EFKGK2_all__6.npy,Normal
Pistachio/VAD/vit-features/train/normal/infrastructure_normal_less/AH78M6EFKGK2_all__7.npy,Normal
Pistachio/VAD/vit-features/train/normal/infrastructure_normal_less/AH78M6EFKGK2_all__8.npy,Normal
Pistachio/VAD/vit-features/train/normal/infrastructure_normal_less/AH78M6EFKGK2_all__9.npy,Normal
Pistachio/VAD/vit-features/train/normal/infrastructure_normal_less/AIYJKACLH1K5_all__0.npy,Normal
Pistachio/VAD/vit-features/train/normal/infrastructure_normal_less/AIYJKACLH1K5_all__1.npy,Normal
Pistachio/VAD/vit-features/train/normal/infrastructure_normal_less/AIYJKACLH1K5_all__2.npy,Normal
Pistachio/VAD/vit-features/train/normal/infrastructure_normal_less/AIYJKACLH1K5_all__3.npy,Normal
Pistachio/VAD/vit-features/train/normal/infrastructure_normal_less/AIYJKACLH1K5_all__4.npy,Normal
Pistachio/VAD/vit-features/train/normal/infrastructure_normal_less/AIYJKACLH1K5_all__5.npy,Normal
Pistachio/VAD/vit-features/train/normal/infrastructure_normal_less/AIYJKACLH1K5_all__6.npy,Normal
Pistachio/VAD/vit-features/train/normal/infrastructure_normal_less/AIYJKACLH1K5_all__7.npy,Normal
Pistachio/VAD/vit-features/train/normal/infrastructure_normal_less/AIYJKACLH1K5_all__8.npy,Normal
Pistachio/VAD/vit-features/train/normal/infrastructure_normal_less/AIYJKACLH1K5_all__9.npy,Normal
Pistachio/VAD/vit-features/train/normal/infrastructure_normal_less/ALYO17NE3GDP_all__0.npy,Normal
Pistachio/VAD/vit-features/train/normal/infrastructure_normal_less/ALYO17NE3GDP_all__1.npy,Normal
Pistachio/VAD/vit-features/train/normal/infrastructure_normal_less/ALYO17NE3GDP_all__2.npy,Normal
Pistachio/VAD/vit-features/train/normal/infrastructure_normal_less/ALYO17NE3GDP_all__3.npy,Normal
Pistachio/VAD/vit-features/train/normal/infrastructure_normal_less/ALYO17NE3GDP_all__4.npy,Normal
Pistachio/VAD/vit-features/train/normal/infrastructure_normal_less/ALYO17NE3GDP_all__5.npy,Normal
Pistachio/VAD/vit-features/train/normal/infrastructure_normal_less/ALYO17NE3GDP_all__6.npy,Normal
Pistachio/VAD/vit-features/train/normal/infrastructure_normal_less/ALYO17NE3GDP_all__7.npy,Normal
Pistachio/VAD/vit-features/train/normal/infrastructure_normal_less/ALYO17NE3GDP_all__8.npy,Normal
Pistachio/VAD/vit-features/train/normal/infrastructure_normal_less/ALYO17NE3GDP_all__9.npy,Normal
Pistachio/VAD/vit-features/train/normal/infrastructure_normal_less/AQWOPUV6ND4C_all__0.npy,Normal
Pistachio/VAD/vit-features/train/normal/infrastructure_normal_less/AQWOPUV6ND4C_all__1.npy,Normal
Pistachio/VAD/vit-features/train/normal/infrastructure_normal_less/AQWOPUV6ND4C_all__2.npy,Normal
Pistachio/VAD/vit-features/train/normal/infrastructure_normal_less/AQWOPUV6ND4C_all__3.npy,Normal
Pistachio/VAD/vit-features/train/normal/infrastructure_normal_less/AQWOPUV6ND4C_all__4.npy,Normal
Pistachio/VAD/vit-features/train/normal/infrastructure_normal_less/AQWOPUV6ND4C_all__5.npy,Normal
Pistachio/VAD/vit-features/train/normal/infrastructure_normal_less/AQWOPUV6ND4C_all__6.npy,Normal
Pistachio/VAD/vit-features/train/normal/infrastructure_normal_less/AQWOPUV6ND4C_all__7.npy,Normal
Pistachio/VAD/vit-features/train/normal/infrastructure_normal_less/AQWOPUV6ND4C_all__8.npy,Normal
Pistachio/VAD/vit-features/train/normal/infrastructure_normal_less/AQWOPUV6ND4C_all__9.npy,Normal
Pistachio/VAD/vit-features/train/normal/infrastructure_normal_less/ARTM4AF0M8ER_all__0.npy,Normal
Pistachio/VAD/vit-features/train/normal/infrastructure_normal_less/ARTM4AF0M8ER_all__1.npy,Normal
Pistachio/VAD/vit-features/train/normal/infrastructure_normal_less/ARTM4AF0M8ER_all__2.npy,Normal
Pistachio/VAD/vit-features/train/normal/infrastructure_normal_less/ARTM4AF0M8ER_all__3.npy,Normal
Pistachio/VAD/vit-features/train/normal/infrastructure_normal_less/ARTM4AF0M8ER_all__4.npy,Normal
Pistachio/VAD/vit-features/train/normal/infrastructure_normal_less/ARTM4AF0M8ER_all__5.npy,Normal
Pistachio/VAD/vit-features/train/normal/infrastructure_normal_less/ARTM4AF0M8ER_all__6.npy,Normal
Pistachio/VAD/vit-features/train/normal/infrastructure_normal_less/ARTM4AF0M8ER_all__7.npy,Normal
Pistachio/VAD/vit-features/train/normal/infrastructure_normal_less/ARTM4AF0M8ER_all__8.npy,Normal
Pistachio/VAD/vit-features/train/normal/infrastructure_normal_less/ARTM4AF0M8ER_all__9.npy,Normal
Pistachio/VAD/vit-features/train/normal/infrastructure_normal_less/B0H2DO0STSH9_all__0.npy,Normal
Pistachio/VAD/vit-features/train/normal/infrastructure_normal_less/B0H2DO0STSH9_all__1.npy,Normal
Pistachio/VAD/vit-features/train/normal/infrastructure_normal_less/B0H2DO0STSH9_all__2.npy,Normal
Pistachio/VAD/vit-features/train/normal/infrastructure_normal_less/B0H2DO0STSH9_all__3.npy,Normal
Pistachio/VAD/vit-features/train/normal/infrastructure_normal_less/B0H2DO0STSH9_all__4.npy,Normal
Pistachio/VAD/vit-features/train/normal/infrastructure_normal_less/B0H2DO0STSH9_all__5.npy,Normal
Pistachio/VAD/vit-features/train/normal/infrastructure_normal_less/B0H2DO0STSH9_all__6.npy,Normal
Pistachio/VAD/vit-features/train/normal/infrastructure_normal_less/B0H2DO0STSH9_all__7.npy,Normal
Pistachio/VAD/vit-features/train/normal/infrastructure_normal_less/B0H2DO0STSH9_all__8.npy,Normal
Pistachio/VAD/vit-features/train/normal/infrastructure_normal_less/B0H2DO0STSH9_all__9.npy,Normal
Pistachio/VAD/vit-features/train/normal/infrastructure_normal_less/BRSWF8BM9E3E_all__0.npy,Normal
Pistachio/VAD/vit-features/train/normal/infrastructure_normal_less/BRSWF8BM9E3E_all__1.npy,Normal
Pistachio/VAD/vit-features/train/normal/infrastructure_normal_less/BRSWF8BM9E3E_all__2.npy,Normal
Pistachio/VAD/vit-features/train/normal/infrastructure_normal_less/BRSWF8BM9E3E_all__3.npy,Normal
Pistachio/VAD/vit-features/train/normal/infrastructure_normal_less/BRSWF8BM9E3E_all__4.npy,Normal
Pistachio/VAD/vit-features/train/normal/infrastructure_normal_less/BRSWF8BM9E3E_all__5.npy,Normal
Pistachio/VAD/vit-features/train/normal/infrastructure_normal_less/BRSWF8BM9E3E_all__6.npy,Normal
Pistachio/VAD/vit-features/train/normal/infrastructure_normal_less/BRSWF8BM9E3E_all__7.npy,Normal
Pistachio/VAD/vit-features/train/normal/infrastructure_normal_less/BRSWF8BM9E3E_all__8.npy,Normal
Pistachio/VAD/vit-features/train/normal/infrastructure_normal_less/BRSWF8BM9E3E_all__9.npy,Normal
Pistachio/VAD/vit-features/train/normal/infrastructure_normal_less/C5D7T2WT5ULF_all__0.npy,Normal
Pistachio/VAD/vit-features/train/normal/infrastructure_normal_less/C5D7T2WT5ULF_all__1.npy,Normal
Pistachio/VAD/vit-features/train/normal/infrastructure_normal_less/C5D7T2WT5ULF_all__2.npy,Normal
Pistachio/VAD/vit-features/train/normal/infrastructure_normal_less/C5D7T2WT5ULF_all__3.npy,Normal
Pistachio/VAD/vit-features/train/normal/infrastructure_normal_less/C5D7T2WT5ULF_all__4.npy,Normal
Pistachio/VAD/vit-features/train/normal/infrastructure_normal_less/C5D7T2WT5ULF_all__5.npy,Normal
Pistachio/VAD/vit-features/train/normal/infrastructure_normal_less/C5D7T2WT5ULF_all__6.npy,Normal
Pistachio/VAD/vit-features/train/normal/infrastructure_normal_less/C5D7T2WT5ULF_all__7.npy,Normal
Pistachio/VAD/vit-features/train/normal/infrastructure_normal_less/C5D7T2WT5ULF_all__8.npy,Normal
Pistachio/VAD/vit-features/train/normal/infrastructure_normal_less/C5D7T2WT5ULF_all__9.npy,Normal
Pistachio/VAD/vit-features/train/normal/infrastructure_normal_less/C5H64L430FGQ_all__0.npy,Normal
Pistachio/VAD/vit-features/train/normal/infrastructure_normal_less/C5H64L430FGQ_all__1.npy,Normal
Pistachio/VAD/vit-features/train/normal/infrastructure_normal_less/C5H64L430FGQ_all__2.npy,Normal
Pistachio/VAD/vit-features/train/normal/infrastructure_normal_less/C5H64L430FGQ_all__3.npy,Normal
Pistachio/VAD/vit-features/train/normal/infrastructure_normal_less/C5H64L430FGQ_all__4.npy,Normal
Pistachio/VAD/vit-features/train/normal/infrastructure_normal_less/C5H64L430FGQ_all__5.npy,Normal
Pistachio/VAD/vit-features/train/normal/infrastructure_normal_less/C5H64L430FGQ_all__6.npy,Normal
Pistachio/VAD/vit-features/train/normal/infrastructure_normal_less/C5H64L430FGQ_all__7.npy,Normal
Pistachio/VAD/vit-features/train/normal/infrastructure_normal_less/C5H64L430FGQ_all__8.npy,Normal
Pistachio/VAD/vit-features/train/normal/infrastructure_normal_less/C5H64L430FGQ_all__9.npy,Normal
Pistachio/VAD/vit-features/train/normal/infrastructure_normal_less/C7E3WPEYV1ES_all__0.npy,Normal
Pistachio/VAD/vit-features/train/normal/infrastructure_normal_less/C7E3WPEYV1ES_all__1.npy,Normal
Pistachio/VAD/vit-features/train/normal/infrastructure_normal_less/C7E3WPEYV1ES_all__2.npy,Normal
Pistachio/VAD/vit-features/train/normal/infrastructure_normal_less/C7E3WPEYV1ES_all__3.npy,Normal
Pistachio/VAD/vit-features/train/normal/infrastructure_normal_less/C7E3WPEYV1ES_all__4.npy,Normal
Pistachio/VAD/vit-features/train/normal/infrastructure_normal_less/C7E3WPEYV1ES_all__5.npy,Normal
Pistachio/VAD/vit-features/train/normal/infrastructure_normal_less/C7E3WPEYV1ES_all__6.npy,Normal
Pistachio/VAD/vit-features/train/normal/infrastructure_normal_less/C7E3WPEYV1ES_all__7.npy,Normal
Pistachio/VAD/vit-features/train/normal/infrastructure_normal_less/C7E3WPEYV1ES_all__8.npy,Normal
Pistachio/VAD/vit-features/train/normal/infrastructure_normal_less/C7E3WPEYV1ES_all__9.npy,Normal
Pistachio/VAD/vit-features/train/normal/infrastructure_normal_less/CGMSK0JXU78H_all__0.npy,Normal
Pistachio/VAD/vit-features/train/normal/infrastructure_normal_less/CGMSK0JXU78H_all__1.npy,Normal
Pistachio/VAD/vit-features/train/normal/infrastructure_normal_less/CGMSK0JXU78H_all__2.npy,Normal
Pistachio/VAD/vit-features/train/normal/infrastructure_normal_less/CGMSK0JXU78H_all__3.npy,Normal
Pistachio/VAD/vit-features/train/normal/infrastructure_normal_less/CGMSK0JXU78H_all__4.npy,Normal
Pistachio/VAD/vit-features/train/normal/infrastructure_normal_less/CGMSK0JXU78H_all__5.npy,Normal
Pistachio/VAD/vit-features/train/normal/infrastructure_normal_less/CGMSK0JXU78H_all__6.npy,Normal
Pistachio/VAD/vit-features/train/normal/infrastructure_normal_less/CGMSK0JXU78H_all__7.npy,Normal
Pistachio/VAD/vit-features/train/normal/infrastructure_normal_less/CGMSK0JXU78H_all__8.npy,Normal
Pistachio/VAD/vit-features/train/normal/infrastructure_normal_less/CGMSK0JXU78H_all__9.npy,Normal
Pistachio/VAD/vit-features/train/normal/infrastructure_normal_less/CNEAZRJZA5TM_all__0.npy,Normal
Pistachio/VAD/vit-features/train/normal/infrastructure_normal_less/CNEAZRJZA5TM_all__1.npy,Normal
Pistachio/VAD/vit-features/train/normal/infrastructure_normal_less/CNEAZRJZA5TM_all__2.npy,Normal
Pistachio/VAD/vit-features/train/normal/infrastructure_normal_less/CNEAZRJZA5TM_all__3.npy,Normal
Pistachio/VAD/vit-features/train/normal/infrastructure_normal_less/CNEAZRJZA5TM_all__4.npy,Normal
Pistachio/VAD/vit-features/train/normal/infrastructure_normal_less/CNEAZRJZA5TM_all__5.npy,Normal
Pistachio/VAD/vit-features/train/normal/infrastructure_normal_less/CNEAZRJZA5TM_all__6.npy,Normal
Pistachio/VAD/vit-features/train/normal/infrastructure_normal_less/CNEAZRJZA5TM_all__7.npy,Normal
Pistachio/VAD/vit-features/train/normal/infrastructure_normal_less/CNEAZRJZA5TM_all__8.npy,Normal
Pistachio/VAD/vit-features/train/normal/infrastructure_normal_less/CNEAZRJZA5TM_all__9.npy,Normal
Pistachio/VAD/vit-features/train/normal/infrastructure_normal_less/CTFJC6O7C2JB_all__0.npy,Normal
Pistachio/VAD/vit-features/train/normal/infrastructure_normal_less/CTFJC6O7C2JB_all__1.npy,Normal
Pistachio/VAD/vit-features/train/normal/infrastructure_normal_less/CTFJC6O7C2JB_all__2.npy,Normal
Pistachio/VAD/vit-features/train/normal/infrastructure_normal_less/CTFJC6O7C2JB_all__3.npy,Normal
Pistachio/VAD/vit-features/train/normal/infrastructure_normal_less/CTFJC6O7C2JB_all__4.npy,Normal
Pistachio/VAD/vit-features/train/normal/infrastructure_normal_less/CTFJC6O7C2JB_all__5.npy,Normal
Pistachio/VAD/vit-features/train/normal/infrastructure_normal_less/CTFJC6O7C2JB_all__6.npy,Normal
Pistachio/VAD/vit-features/train/normal/infrastructure_normal_less/CTFJC6O7C2JB_all__7.npy,Normal
Pistachio/VAD/vit-features/train/normal/infrastructure_normal_less/CTFJC6O7C2JB_all__8.npy,Normal
Pistachio/VAD/vit-features/train/normal/infrastructure_normal_less/CTFJC6O7C2JB_all__9.npy,Normal
Pistachio/VAD/vit-features/train/normal/infrastructure_normal_less/D5DXHRQAH14E_all__0.npy,Normal
Pistachio/VAD/vit-features/train/normal/infrastructure_normal_less/D5DXHRQAH14E_all__1.npy,Normal
Pistachio/VAD/vit-features/train/normal/infrastructure_normal_less/D5DXHRQAH14E_all__2.npy,Normal
Pistachio/VAD/vit-features/train/normal/infrastructure_normal_less/D5DXHRQAH14E_all__3.npy,Normal
Pistachio/VAD/vit-features/train/normal/infrastructure_normal_less/D5DXHRQAH14E_all__4.npy,Normal
Pistachio/VAD/vit-features/train/normal/infrastructure_normal_less/D5DXHRQAH14E_all__5.npy,Normal
Pistachio/VAD/vit-features/train/normal/infrastructure_normal_less/D5DXHRQAH14E_all__6.npy,Normal
Pistachio/VAD/vit-features/train/normal/infrastructure_normal_less/D5DXHRQAH14E_all__7.npy,Normal
Pistachio/VAD/vit-features/train/normal/infrastructure_normal_less/D5DXHRQAH14E_all__8.npy,Normal
Pistachio/VAD/vit-features/train/normal/infrastructure_normal_less/D5DXHRQAH14E_all__9.npy,Normal
Pistachio/VAD/vit-features/train/normal/infrastructure_normal_less/DE0XO9YJY2XZ_all__0.npy,Normal
Pistachio/VAD/vit-features/train/normal/infrastructure_normal_less/DE0XO9YJY2XZ_all__1.npy,Normal
Pistachio/VAD/vit-features/train/normal/infrastructure_normal_less/DE0XO9YJY2XZ_all__2.npy,Normal
Pistachio/VAD/vit-features/train/normal/infrastructure_normal_less/DE0XO9YJY2XZ_all__3.npy,Normal
Pistachio/VAD/vit-features/train/normal/infrastructure_normal_less/DE0XO9YJY2XZ_all__4.npy,Normal
Pistachio/VAD/vit-features/train/normal/infrastructure_normal_less/DE0XO9YJY2XZ_all__5.npy,Normal
Pistachio/VAD/vit-features/train/normal/infrastructure_normal_less/DE0XO9YJY2XZ_all__6.npy,Normal
Pistachio/VAD/vit-features/train/normal/infrastructure_normal_less/DE0XO9YJY2XZ_all__7.npy,Normal
Pistachio/VAD/vit-features/train/normal/infrastructure_normal_less/DE0XO9YJY2XZ_all__8.npy,Normal
Pistachio/VAD/vit-features/train/normal/infrastructure_normal_less/DE0XO9YJY2XZ_all__9.npy,Normal
Pistachio/VAD/vit-features/train/normal/infrastructure_normal_less/DOJABX6S3GUE_all__0.npy,Normal
Pistachio/VAD/vit-features/train/normal/infrastructure_normal_less/DOJABX6S3GUE_all__1.npy,Normal
Pistachio/VAD/vit-features/train/normal/infrastructure_normal_less/DOJABX6S3GUE_all__2.npy,Normal
Pistachio/VAD/vit-features/train/normal/infrastructure_normal_less/DOJABX6S3GUE_all__3.npy,Normal
Pistachio/VAD/vit-features/train/normal/infrastructure_normal_less/DOJABX6S3GUE_all__4.npy,Normal
Pistachio/VAD/vit-features/train/normal/infrastructure_normal_less/DOJABX6S3GUE_all__5.npy,Normal
Pistachio/VAD/vit-features/train/normal/infrastructure_normal_less/DOJABX6S3GUE_all__6.npy,Normal
Pistachio/VAD/vit-features/train/normal/infrastructure_normal_less/DOJABX6S3GUE_all__7.npy,Normal
Pistachio/VAD/vit-features/train/normal/infrastructure_normal_less/DOJABX6S3GUE_all__8.npy,Normal
Pistachio/VAD/vit-features/train/normal/infrastructure_normal_less/DOJABX6S3GUE_all__9.npy,Normal
Pistachio/VAD/vit-features/train/normal/infrastructure_normal_less/DWAHWZ1GP0QO_all__0.npy,Normal
Pistachio/VAD/vit-features/train/normal/infrastructure_normal_less/DWAHWZ1GP0QO_all__1.npy,Normal
Pistachio/VAD/vit-features/train/normal/infrastructure_normal_less/DWAHWZ1GP0QO_all__2.npy,Normal
Pistachio/VAD/vit-features/train/normal/infrastructure_normal_less/DWAHWZ1GP0QO_all__3.npy,Normal
Pistachio/VAD/vit-features/train/normal/infrastructure_normal_less/DWAHWZ1GP0QO_all__4.npy,Normal
Pistachio/VAD/vit-features/train/normal/infrastructure_normal_less/DWAHWZ1GP0QO_all__5.npy,Normal
Pistachio/VAD/vit-features/train/normal/infrastructure_normal_less/DWAHWZ1GP0QO_all__6.npy,Normal
Pistachio/VAD/vit-features/train/normal/infrastructure_normal_less/DWAHWZ1GP0QO_all__7.npy,Normal
Pistachio/VAD/vit-features/train/normal/infrastructure_normal_less/DWAHWZ1GP0QO_all__8.npy,Normal
Pistachio/VAD/vit-features/train/normal/infrastructure_normal_less/DWAHWZ1GP0QO_all__9.npy,Normal
Pistachio/VAD/vit-features/train/normal/infrastructure_normal_less/E3P5PA6S8YM2_all__0.npy,Normal
Pistachio/VAD/vit-features/train/normal/infrastructure_normal_less/E3P5PA6S8YM2_all__1.npy,Normal
Pistachio/VAD/vit-features/train/normal/infrastructure_normal_less/E3P5PA6S8YM2_all__2.npy,Normal
Pistachio/VAD/vit-features/train/normal/infrastructure_normal_less/E3P5PA6S8YM2_all__3.npy,Normal
Pistachio/VAD/vit-features/train/normal/infrastructure_normal_less/E3P5PA6S8YM2_all__4.npy,Normal
Pistachio/VAD/vit-features/train/normal/infrastructure_normal_less/E3P5PA6S8YM2_all__5.npy,Normal
Pistachio/VAD/vit-features/train/normal/infrastructure_normal_less/E3P5PA6S8YM2_all__6.npy,Normal
Pistachio/VAD/vit-features/train/normal/infrastructure_normal_less/E3P5PA6S8YM2_all__7.npy,Normal
Pistachio/VAD/vit-features/train/normal/infrastructure_normal_less/E3P5PA6S8YM2_all__8.npy,Normal
Pistachio/VAD/vit-features/train/normal/infrastructure_normal_less/E3P5PA6S8YM2_all__9.npy,Normal
Pistachio/VAD/vit-features/train/normal/infrastructure_normal_less/EFQEQNYEN2XY_all__0.npy,Normal
Pistachio/VAD/vit-features/train/normal/infrastructure_normal_less/EFQEQNYEN2XY_all__1.npy,Normal
Pistachio/VAD/vit-features/train/normal/infrastructure_normal_less/EFQEQNYEN2XY_all__2.npy,Normal
Pistachio/VAD/vit-features/train/normal/infrastructure_normal_less/EFQEQNYEN2XY_all__3.npy,Normal
Pistachio/VAD/vit-features/train/normal/infrastructure_normal_less/EFQEQNYEN2XY_all__4.npy,Normal
Pistachio/VAD/vit-features/train/normal/infrastructure_normal_less/EFQEQNYEN2XY_all__5.npy,Normal
Pistachio/VAD/vit-features/train/normal/infrastructure_normal_less/EFQEQNYEN2XY_all__6.npy,Normal
Pistachio/VAD/vit-features/train/normal/infrastructure_normal_less/EFQEQNYEN2XY_all__7.npy,Normal
Pistachio/VAD/vit-features/train/normal/infrastructure_normal_less/EFQEQNYEN2XY_all__8.npy,Normal
Pistachio/VAD/vit-features/train/normal/infrastructure_normal_less/EFQEQNYEN2XY_all__9.npy,Normal
Pistachio/VAD/vit-features/train/normal/infrastructure_normal_less/ELF197X5SVPT_all__0.npy,Normal
Pistachio/VAD/vit-features/train/normal/infrastructure_normal_less/ELF197X5SVPT_all__1.npy,Normal
Pistachio/VAD/vit-features/train/normal/infrastructure_normal_less/ELF197X5SVPT_all__2.npy,Normal
Pistachio/VAD/vit-features/train/normal/infrastructure_normal_less/ELF197X5SVPT_all__3.npy,Normal
Pistachio/VAD/vit-features/train/normal/infrastructure_normal_less/ELF197X5SVPT_all__4.npy,Normal
Pistachio/VAD/vit-features/train/normal/infrastructure_normal_less/ELF197X5SVPT_all__5.npy,Normal
Pistachio/VAD/vit-features/train/normal/infrastructure_normal_less/ELF197X5SVPT_all__6.npy,Normal
Pistachio/VAD/vit-features/train/normal/infrastructure_normal_less/ELF197X5SVPT_all__7.npy,Normal
Pistachio/VAD/vit-features/train/normal/infrastructure_normal_less/ELF197X5SVPT_all__8.npy,Normal
Pistachio/VAD/vit-features/train/normal/infrastructure_normal_less/ELF197X5SVPT_all__9.npy,Normal
Pistachio/VAD/vit-features/train/normal/infrastructure_normal_less/F5T5JW68O3T9_all__0.npy,Normal
Pistachio/VAD/vit-features/train/normal/infrastructure_normal_less/F5T5JW68O3T9_all__1.npy,Normal
Pistachio/VAD/vit-features/train/normal/infrastructure_normal_less/F5T5JW68O3T9_all__2.npy,Normal
Pistachio/VAD/vit-features/train/normal/infrastructure_normal_less/F5T5JW68O3T9_all__3.npy,Normal
Pistachio/VAD/vit-features/train/normal/infrastructure_normal_less/F5T5JW68O3T9_all__4.npy,Normal
Pistachio/VAD/vit-features/train/normal/infrastructure_normal_less/F5T5JW68O3T9_all__5.npy,Normal
Pistachio/VAD/vit-features/train/normal/infrastructure_normal_less/F5T5JW68O3T9_all__6.npy,Normal
Pistachio/VAD/vit-features/train/normal/infrastructure_normal_less/F5T5JW68O3T9_all__7.npy,Normal
Pistachio/VAD/vit-features/train/normal/infrastructure_normal_less/F5T5JW68O3T9_all__8.npy,Normal
Pistachio/VAD/vit-features/train/normal/infrastructure_normal_less/F5T5JW68O3T9_all__9.npy,Normal
Pistachio/VAD/vit-features/train/normal/infrastructure_normal_less/FA3N0067XY1H_all__0.npy,Normal
Pistachio/VAD/vit-features/train/normal/infrastructure_normal_less/FA3N0067XY1H_all__1.npy,Normal
Pistachio/VAD/vit-features/train/normal/infrastructure_normal_less/FA3N0067XY1H_all__2.npy,Normal
Pistachio/VAD/vit-features/train/normal/infrastructure_normal_less/FA3N0067XY1H_all__3.npy,Normal
Pistachio/VAD/vit-features/train/normal/infrastructure_normal_less/FA3N0067XY1H_all__4.npy,Normal
Pistachio/VAD/vit-features/train/normal/infrastructure_normal_less/FA3N0067XY1H_all__5.npy,Normal
Pistachio/VAD/vit-features/train/normal/infrastructure_normal_less/FA3N0067XY1H_all__6.npy,Normal
Pistachio/VAD/vit-features/train/normal/infrastructure_normal_less/FA3N0067XY1H_all__7.npy,Normal
Pistachio/VAD/vit-features/train/normal/infrastructure_normal_less/FA3N0067XY1H_all__8.npy,Normal
Pistachio/VAD/vit-features/train/normal/infrastructure_normal_less/FA3N0067XY1H_all__9.npy,Normal
Pistachio/VAD/vit-features/train/normal/infrastructure_normal_less/FDS15DWMMLM0_all__0.npy,Normal
Pistachio/VAD/vit-features/train/normal/infrastructure_normal_less/FDS15DWMMLM0_all__1.npy,Normal
Pistachio/VAD/vit-features/train/normal/infrastructure_normal_less/FDS15DWMMLM0_all__2.npy,Normal
Pistachio/VAD/vit-features/train/normal/infrastructure_normal_less/FDS15DWMMLM0_all__3.npy,Normal
Pistachio/VAD/vit-features/train/normal/infrastructure_normal_less/FDS15DWMMLM0_all__4.npy,Normal
Pistachio/VAD/vit-features/train/normal/infrastructure_normal_less/FDS15DWMMLM0_all__5.npy,Normal
Pistachio/VAD/vit-features/train/normal/infrastructure_normal_less/FDS15DWMMLM0_all__6.npy,Normal
Pistachio/VAD/vit-features/train/normal/infrastructure_normal_less/FDS15DWMMLM0_all__7.npy,Normal
Pistachio/VAD/vit-features/train/normal/infrastructure_normal_less/FDS15DWMMLM0_all__8.npy,Normal
Pistachio/VAD/vit-features/train/normal/infrastructure_normal_less/FDS15DWMMLM0_all__9.npy,Normal
Pistachio/VAD/vit-features/train/normal/infrastructure_normal_less/FFRG7F9YRLWI_all__0.npy,Normal
Pistachio/VAD/vit-features/train/normal/infrastructure_normal_less/FFRG7F9YRLWI_all__1.npy,Normal
Pistachio/VAD/vit-features/train/normal/infrastructure_normal_less/FFRG7F9YRLWI_all__2.npy,Normal
Pistachio/VAD/vit-features/train/normal/infrastructure_normal_less/FFRG7F9YRLWI_all__3.npy,Normal
Pistachio/VAD/vit-features/train/normal/infrastructure_normal_less/FFRG7F9YRLWI_all__4.npy,Normal
Pistachio/VAD/vit-features/train/normal/infrastructure_normal_less/FFRG7F9YRLWI_all__5.npy,Normal
Pistachio/VAD/vit-features/train/normal/infrastructure_normal_less/FFRG7F9YRLWI_all__6.npy,Normal
Pistachio/VAD/vit-features/train/normal/infrastructure_normal_less/FFRG7F9YRLWI_all__7.npy,Normal
Pistachio/VAD/vit-features/train/normal/infrastructure_normal_less/FFRG7F9YRLWI_all__8.npy,Normal
Pistachio/VAD/vit-features/train/normal/infrastructure_normal_less/FFRG7F9YRLWI_all__9.npy,Normal
Pistachio/VAD/vit-features/train/normal/infrastructure_normal_less/FG9W4HH5SBUW_all__0.npy,Normal
Pistachio/VAD/vit-features/train/normal/infrastructure_normal_less/FG9W4HH5SBUW_all__1.npy,Normal
Pistachio/VAD/vit-features/train/normal/infrastructure_normal_less/FG9W4HH5SBUW_all__2.npy,Normal
Pistachio/VAD/vit-features/train/normal/infrastructure_normal_less/FG9W4HH5SBUW_all__3.npy,Normal
Pistachio/VAD/vit-features/train/normal/infrastructure_normal_less/FG9W4HH5SBUW_all__4.npy,Normal
Pistachio/VAD/vit-features/train/normal/infrastructure_normal_less/FG9W4HH5SBUW_all__5.npy,Normal
Pistachio/VAD/vit-features/train/normal/infrastructure_normal_less/FG9W4HH5SBUW_all__6.npy,Normal
Pistachio/VAD/vit-features/train/normal/infrastructure_normal_less/FG9W4HH5SBUW_all__7.npy,Normal
Pistachio/VAD/vit-features/train/normal/infrastructure_normal_less/FG9W4HH5SBUW_all__8.npy,Normal
Pistachio/VAD/vit-features/train/normal/infrastructure_normal_less/FG9W4HH5SBUW_all__9.npy,Normal
Pistachio/VAD/vit-features/train/normal/infrastructure_normal_less/FHXI69HPZTGE_all__0.npy,Normal
Pistachio/VAD/vit-features/train/normal/infrastructure_normal_less/FHXI69HPZTGE_all__1.npy,Normal
Pistachio/VAD/vit-features/train/normal/infrastructure_normal_less/FHXI69HPZTGE_all__2.npy,Normal
Pistachio/VAD/vit-features/train/normal/infrastructure_normal_less/FHXI69HPZTGE_all__3.npy,Normal
Pistachio/VAD/vit-features/train/normal/infrastructure_normal_less/FHXI69HPZTGE_all__4.npy,Normal
Pistachio/VAD/vit-features/train/normal/infrastructure_normal_less/FHXI69HPZTGE_all__5.npy,Normal
Pistachio/VAD/vit-features/train/normal/infrastructure_normal_less/FHXI69HPZTGE_all__6.npy,Normal
Pistachio/VAD/vit-features/train/normal/infrastructure_normal_less/FHXI69HPZTGE_all__7.npy,Normal
Pistachio/VAD/vit-features/train/normal/infrastructure_normal_less/FHXI69HPZTGE_all__8.npy,Normal
Pistachio/VAD/vit-features/train/normal/infrastructure_normal_less/FHXI69HPZTGE_all__9.npy,Normal
Pistachio/VAD/vit-features/train/normal/infrastructure_normal_less/FKA9ALB9MSFA_all__0.npy,Normal
Pistachio/VAD/vit-features/train/normal/infrastructure_normal_less/FKA9ALB9MSFA_all__1.npy,Normal
Pistachio/VAD/vit-features/train/normal/infrastructure_normal_less/FKA9ALB9MSFA_all__2.npy,Normal
Pistachio/VAD/vit-features/train/normal/infrastructure_normal_less/FKA9ALB9MSFA_all__3.npy,Normal
Pistachio/VAD/vit-features/train/normal/infrastructure_normal_less/FKA9ALB9MSFA_all__4.npy,Normal
Pistachio/VAD/vit-features/train/normal/infrastructure_normal_less/FKA9ALB9MSFA_all__5.npy,Normal
Pistachio/VAD/vit-features/train/normal/infrastructure_normal_less/FKA9ALB9MSFA_all__6.npy,Normal
Pistachio/VAD/vit-features/train/normal/infrastructure_normal_less/FKA9ALB9MSFA_all__7.npy,Normal
Pistachio/VAD/vit-features/train/normal/infrastructure_normal_less/FKA9ALB9MSFA_all__8.npy,Normal
Pistachio/VAD/vit-features/train/normal/infrastructure_normal_less/FKA9ALB9MSFA_all__9.npy,Normal
Pistachio/VAD/vit-features/train/normal/infrastructure_normal_less/FMU9B0X9VI7W_all__0.npy,Normal
Pistachio/VAD/vit-features/train/normal/infrastructure_normal_less/FMU9B0X9VI7W_all__1.npy,Normal
Pistachio/VAD/vit-features/train/normal/infrastructure_normal_less/FMU9B0X9VI7W_all__2.npy,Normal
Pistachio/VAD/vit-features/train/normal/infrastructure_normal_less/FMU9B0X9VI7W_all__3.npy,Normal
Pistachio/VAD/vit-features/train/normal/infrastructure_normal_less/FMU9B0X9VI7W_all__4.npy,Normal
Pistachio/VAD/vit-features/train/normal/infrastructure_normal_less/FMU9B0X9VI7W_all__5.npy,Normal
Pistachio/VAD/vit-features/train/normal/infrastructure_normal_less/FMU9B0X9VI7W_all__6.npy,Normal
Pistachio/VAD/vit-features/train/normal/infrastructure_normal_less/FMU9B0X9VI7W_all__7.npy,Normal
Pistachio/VAD/vit-features/train/normal/infrastructure_normal_less/FMU9B0X9VI7W_all__8.npy,Normal
Pistachio/VAD/vit-features/train/normal/infrastructure_normal_less/FMU9B0X9VI7W_all__9.npy,Normal
Pistachio/VAD/vit-features/train/normal/infrastructure_normal_less/FO9OLZKCVTGW_all__0.npy,Normal
Pistachio/VAD/vit-features/train/normal/infrastructure_normal_less/FO9OLZKCVTGW_all__1.npy,Normal
Pistachio/VAD/vit-features/train/normal/infrastructure_normal_less/FO9OLZKCVTGW_all__2.npy,Normal
Pistachio/VAD/vit-features/train/normal/infrastructure_normal_less/FO9OLZKCVTGW_all__3.npy,Normal
Pistachio/VAD/vit-features/train/normal/infrastructure_normal_less/FO9OLZKCVTGW_all__4.npy,Normal
Pistachio/VAD/vit-features/train/normal/infrastructure_normal_less/FO9OLZKCVTGW_all__5.npy,Normal
Pistachio/VAD/vit-features/train/normal/infrastructure_normal_less/FO9OLZKCVTGW_all__6.npy,Normal
Pistachio/VAD/vit-features/train/normal/infrastructure_normal_less/FO9OLZKCVTGW_all__7.npy,Normal
Pistachio/VAD/vit-features/train/normal/infrastructure_normal_less/FO9OLZKCVTGW_all__8.npy,Normal
Pistachio/VAD/vit-features/train/normal/infrastructure_normal_less/FO9OLZKCVTGW_all__9.npy,Normal
Pistachio/VAD/vit-features/train/normal/infrastructure_normal_less/FP60HGIUY1UB_all__0.npy,Normal
Pistachio/VAD/vit-features/train/normal/infrastructure_normal_less/FP60HGIUY1UB_all__1.npy,Normal
Pistachio/VAD/vit-features/train/normal/infrastructure_normal_less/FP60HGIUY1UB_all__2.npy,Normal
Pistachio/VAD/vit-features/train/normal/infrastructure_normal_less/FP60HGIUY1UB_all__3.npy,Normal
Pistachio/VAD/vit-features/train/normal/infrastructure_normal_less/FP60HGIUY1UB_all__4.npy,Normal
Pistachio/VAD/vit-features/train/normal/infrastructure_normal_less/FP60HGIUY1UB_all__5.npy,Normal
Pistachio/VAD/vit-features/train/normal/infrastructure_normal_less/FP60HGIUY1UB_all__6.npy,Normal
Pistachio/VAD/vit-features/train/normal/infrastructure_normal_less/FP60HGIUY1UB_all__7.npy,Normal
Pistachio/VAD/vit-features/train/normal/infrastructure_normal_less/FP60HGIUY1UB_all__8.npy,Normal
Pistachio/VAD/vit-features/train/normal/infrastructure_normal_less/FP60HGIUY1UB_all__9.npy,Normal
Pistachio/VAD/vit-features/train/normal/infrastructure_normal_less/FUAMJIIDXTWD_all__0.npy,Normal
Pistachio/VAD/vit-features/train/normal/infrastructure_normal_less/FUAMJIIDXTWD_all__1.npy,Normal
Pistachio/VAD/vit-features/train/normal/infrastructure_normal_less/FUAMJIIDXTWD_all__2.npy,Normal
Pistachio/VAD/vit-features/train/normal/infrastructure_normal_less/FUAMJIIDXTWD_all__3.npy,Normal
Pistachio/VAD/vit-features/train/normal/infrastructure_normal_less/FUAMJIIDXTWD_all__4.npy,Normal
Pistachio/VAD/vit-features/train/normal/infrastructure_normal_less/FUAMJIIDXTWD_all__5.npy,Normal
Pistachio/VAD/vit-features/train/normal/infrastructure_normal_less/FUAMJIIDXTWD_all__6.npy,Normal
Pistachio/VAD/vit-features/train/normal/infrastructure_normal_less/FUAMJIIDXTWD_all__7.npy,Normal
Pistachio/VAD/vit-features/train/normal/infrastructure_normal_less/FUAMJIIDXTWD_all__8.npy,Normal
Pistachio/VAD/vit-features/train/normal/infrastructure_normal_less/FUAMJIIDXTWD_all__9.npy,Normal
Pistachio/VAD/vit-features/train/normal/infrastructure_normal_less/G59HKVMGHLBG_all__0.npy,Normal
Pistachio/VAD/vit-features/train/normal/infrastructure_normal_less/G59HKVMGHLBG_all__1.npy,Normal
Pistachio/VAD/vit-features/train/normal/infrastructure_normal_less/G59HKVMGHLBG_all__2.npy,Normal
Pistachio/VAD/vit-features/train/normal/infrastructure_normal_less/G59HKVMGHLBG_all__3.npy,Normal
Pistachio/VAD/vit-features/train/normal/infrastructure_normal_less/G59HKVMGHLBG_all__4.npy,Normal
Pistachio/VAD/vit-features/train/normal/infrastructure_normal_less/G59HKVMGHLBG_all__5.npy,Normal
Pistachio/VAD/vit-features/train/normal/infrastructure_normal_less/G59HKVMGHLBG_all__6.npy,Normal
Pistachio/VAD/vit-features/train/normal/infrastructure_normal_less/G59HKVMGHLBG_all__7.npy,Normal
Pistachio/VAD/vit-features/train/normal/infrastructure_normal_less/G59HKVMGHLBG_all__8.npy,Normal
Pistachio/VAD/vit-features/train/normal/infrastructure_normal_less/G59HKVMGHLBG_all__9.npy,Normal
Pistachio/VAD/vit-features/train/normal/infrastructure_normal_less/H5VRS3JO14GQ_all__0.npy,Normal
Pistachio/VAD/vit-features/train/normal/infrastructure_normal_less/H5VRS3JO14GQ_all__1.npy,Normal
Pistachio/VAD/vit-features/train/normal/infrastructure_normal_less/H5VRS3JO14GQ_all__2.npy,Normal
Pistachio/VAD/vit-features/train/normal/infrastructure_normal_less/H5VRS3JO14GQ_all__3.npy,Normal
Pistachio/VAD/vit-features/train/normal/infrastructure_normal_less/H5VRS3JO14GQ_all__4.npy,Normal
Pistachio/VAD/vit-features/train/normal/infrastructure_normal_less/H5VRS3JO14GQ_all__5.npy,Normal
Pistachio/VAD/vit-features/train/normal/infrastructure_normal_less/H5VRS3JO14GQ_all__6.npy,Normal
Pistachio/VAD/vit-features/train/normal/infrastructure_normal_less/H5VRS3JO14GQ_all__7.npy,Normal
Pistachio/VAD/vit-features/train/normal/infrastructure_normal_less/H5VRS3JO14GQ_all__8.npy,Normal
Pistachio/VAD/vit-features/train/normal/infrastructure_normal_less/H5VRS3JO14GQ_all__9.npy,Normal
Pistachio/VAD/vit-features/train/normal/infrastructure_normal_less/HOMWLNAMSQU8_all__0.npy,Normal
Pistachio/VAD/vit-features/train/normal/infrastructure_normal_less/HOMWLNAMSQU8_all__1.npy,Normal
Pistachio/VAD/vit-features/train/normal/infrastructure_normal_less/HOMWLNAMSQU8_all__2.npy,Normal
Pistachio/VAD/vit-features/train/normal/infrastructure_normal_less/HOMWLNAMSQU8_all__3.npy,Normal
Pistachio/VAD/vit-features/train/normal/infrastructure_normal_less/HOMWLNAMSQU8_all__4.npy,Normal
Pistachio/VAD/vit-features/train/normal/infrastructure_normal_less/HOMWLNAMSQU8_all__5.npy,Normal
Pistachio/VAD/vit-features/train/normal/infrastructure_normal_less/HOMWLNAMSQU8_all__6.npy,Normal
Pistachio/VAD/vit-features/train/normal/infrastructure_normal_less/HOMWLNAMSQU8_all__7.npy,Normal
Pistachio/VAD/vit-features/train/normal/infrastructure_normal_less/HOMWLNAMSQU8_all__8.npy,Normal
Pistachio/VAD/vit-features/train/normal/infrastructure_normal_less/HOMWLNAMSQU8_all__9.npy,Normal
Pistachio/VAD/vit-features/train/normal/infrastructure_normal_less/ID4O0HBTMBZP_all__0.npy,Normal
Pistachio/VAD/vit-features/train/normal/infrastructure_normal_less/ID4O0HBTMBZP_all__1.npy,Normal
Pistachio/VAD/vit-features/train/normal/infrastructure_normal_less/ID4O0HBTMBZP_all__2.npy,Normal
Pistachio/VAD/vit-features/train/normal/infrastructure_normal_less/ID4O0HBTMBZP_all__3.npy,Normal
Pistachio/VAD/vit-features/train/normal/infrastructure_normal_less/ID4O0HBTMBZP_all__4.npy,Normal
Pistachio/VAD/vit-features/train/normal/infrastructure_normal_less/ID4O0HBTMBZP_all__5.npy,Normal
Pistachio/VAD/vit-features/train/normal/infrastructure_normal_less/ID4O0HBTMBZP_all__6.npy,Normal
Pistachio/VAD/vit-features/train/normal/infrastructure_normal_less/ID4O0HBTMBZP_all__7.npy,Normal
Pistachio/VAD/vit-features/train/normal/infrastructure_normal_less/ID4O0HBTMBZP_all__8.npy,Normal
Pistachio/VAD/vit-features/train/normal/infrastructure_normal_less/ID4O0HBTMBZP_all__9.npy,Normal
Pistachio/VAD/vit-features/train/normal/infrastructure_normal_less/INHXTVGZ4MUU_all__0.npy,Normal
Pistachio/VAD/vit-features/train/normal/infrastructure_normal_less/INHXTVGZ4MUU_all__1.npy,Normal
Pistachio/VAD/vit-features/train/normal/infrastructure_normal_less/INHXTVGZ4MUU_all__2.npy,Normal
Pistachio/VAD/vit-features/train/normal/infrastructure_normal_less/INHXTVGZ4MUU_all__3.npy,Normal
Pistachio/VAD/vit-features/train/normal/infrastructure_normal_less/INHXTVGZ4MUU_all__4.npy,Normal
Pistachio/VAD/vit-features/train/normal/infrastructure_normal_less/INHXTVGZ4MUU_all__5.npy,Normal
Pistachio/VAD/vit-features/train/normal/infrastructure_normal_less/INHXTVGZ4MUU_all__6.npy,Normal
Pistachio/VAD/vit-features/train/normal/infrastructure_normal_less/INHXTVGZ4MUU_all__7.npy,Normal
Pistachio/VAD/vit-features/train/normal/infrastructure_normal_less/INHXTVGZ4MUU_all__8.npy,Normal
Pistachio/VAD/vit-features/train/normal/infrastructure_normal_less/INHXTVGZ4MUU_all__9.npy,Normal
Pistachio/VAD/vit-features/train/normal/infrastructure_normal_less/IYH6YKJTI4TR_all__0.npy,Normal
Pistachio/VAD/vit-features/train/normal/infrastructure_normal_less/IYH6YKJTI4TR_all__1.npy,Normal
Pistachio/VAD/vit-features/train/normal/infrastructure_normal_less/IYH6YKJTI4TR_all__2.npy,Normal
Pistachio/VAD/vit-features/train/normal/infrastructure_normal_less/IYH6YKJTI4TR_all__3.npy,Normal
Pistachio/VAD/vit-features/train/normal/infrastructure_normal_less/IYH6YKJTI4TR_all__4.npy,Normal
Pistachio/VAD/vit-features/train/normal/infrastructure_normal_less/IYH6YKJTI4TR_all__5.npy,Normal
Pistachio/VAD/vit-features/train/normal/infrastructure_normal_less/IYH6YKJTI4TR_all__6.npy,Normal
Pistachio/VAD/vit-features/train/normal/infrastructure_normal_less/IYH6YKJTI4TR_all__7.npy,Normal
Pistachio/VAD/vit-features/train/normal/infrastructure_normal_less/IYH6YKJTI4TR_all__8.npy,Normal
Pistachio/VAD/vit-features/train/normal/infrastructure_normal_less/IYH6YKJTI4TR_all__9.npy,Normal
Pistachio/VAD/vit-features/train/normal/infrastructure_normal_less/IZ0RIGNBEXHO_all__0.npy,Normal
Pistachio/VAD/vit-features/train/normal/infrastructure_normal_less/IZ0RIGNBEXHO_all__1.npy,Normal
Pistachio/VAD/vit-features/train/normal/infrastructure_normal_less/IZ0RIGNBEXHO_all__2.npy,Normal
Pistachio/VAD/vit-features/train/normal/infrastructure_normal_less/IZ0RIGNBEXHO_all__3.npy,Normal
Pistachio/VAD/vit-features/train/normal/infrastructure_normal_less/IZ0RIGNBEXHO_all__4.npy,Normal
Pistachio/VAD/vit-features/train/normal/infrastructure_normal_less/IZ0RIGNBEXHO_all__5.npy,Normal
Pistachio/VAD/vit-features/train/normal/infrastructure_normal_less/IZ0RIGNBEXHO_all__6.npy,Normal
Pistachio/VAD/vit-features/train/normal/infrastructure_normal_less/IZ0RIGNBEXHO_all__7.npy,Normal
Pistachio/VAD/vit-features/train/normal/infrastructure_normal_less/IZ0RIGNBEXHO_all__8.npy,Normal
Pistachio/VAD/vit-features/train/normal/infrastructure_normal_less/IZ0RIGNBEXHO_all__9.npy,Normal
Pistachio/VAD/vit-features/train/normal/infrastructure_normal_less/J63DX29OLQAP_all__0.npy,Normal
Pistachio/VAD/vit-features/train/normal/infrastructure_normal_less/J63DX29OLQAP_all__1.npy,Normal
Pistachio/VAD/vit-features/train/normal/infrastructure_normal_less/J63DX29OLQAP_all__2.npy,Normal
Pistachio/VAD/vit-features/train/normal/infrastructure_normal_less/J63DX29OLQAP_all__3.npy,Normal
Pistachio/VAD/vit-features/train/normal/infrastructure_normal_less/J63DX29OLQAP_all__4.npy,Normal
Pistachio/VAD/vit-features/train/normal/infrastructure_normal_less/J63DX29OLQAP_all__5.npy,Normal
Pistachio/VAD/vit-features/train/normal/infrastructure_normal_less/J63DX29OLQAP_all__6.npy,Normal
Pistachio/VAD/vit-features/train/normal/infrastructure_normal_less/J63DX29OLQAP_all__7.npy,Normal
Pistachio/VAD/vit-features/train/normal/infrastructure_normal_less/J63DX29OLQAP_all__8.npy,Normal
Pistachio/VAD/vit-features/train/normal/infrastructure_normal_less/J63DX29OLQAP_all__9.npy,Normal
Pistachio/VAD/vit-features/train/normal/infrastructure_normal_less/K5HFALPP1C59_all__0.npy,Normal
Pistachio/VAD/vit-features/train/normal/infrastructure_normal_less/K5HFALPP1C59_all__1.npy,Normal
Pistachio/VAD/vit-features/train/normal/infrastructure_normal_less/K5HFALPP1C59_all__2.npy,Normal
Pistachio/VAD/vit-features/train/normal/infrastructure_normal_less/K5HFALPP1C59_all__3.npy,Normal
Pistachio/VAD/vit-features/train/normal/infrastructure_normal_less/K5HFALPP1C59_all__4.npy,Normal
Pistachio/VAD/vit-features/train/normal/infrastructure_normal_less/K5HFALPP1C59_all__5.npy,Normal
Pistachio/VAD/vit-features/train/normal/infrastructure_normal_less/K5HFALPP1C59_all__6.npy,Normal
Pistachio/VAD/vit-features/train/normal/infrastructure_normal_less/K5HFALPP1C59_all__7.npy,Normal
Pistachio/VAD/vit-features/train/normal/infrastructure_normal_less/K5HFALPP1C59_all__8.npy,Normal
Pistachio/VAD/vit-features/train/normal/infrastructure_normal_less/K5HFALPP1C59_all__9.npy,Normal
Pistachio/VAD/vit-features/train/normal/infrastructure_normal_less/K86TKEUZVFX1_all__0.npy,Normal
Pistachio/VAD/vit-features/train/normal/infrastructure_normal_less/K86TKEUZVFX1_all__1.npy,Normal
Pistachio/VAD/vit-features/train/normal/infrastructure_normal_less/K86TKEUZVFX1_all__2.npy,Normal
Pistachio/VAD/vit-features/train/normal/infrastructure_normal_less/K86TKEUZVFX1_all__3.npy,Normal
Pistachio/VAD/vit-features/train/normal/infrastructure_normal_less/K86TKEUZVFX1_all__4.npy,Normal
Pistachio/VAD/vit-features/train/normal/infrastructure_normal_less/K86TKEUZVFX1_all__5.npy,Normal
Pistachio/VAD/vit-features/train/normal/infrastructure_normal_less/K86TKEUZVFX1_all__6.npy,Normal
Pistachio/VAD/vit-features/train/normal/infrastructure_normal_less/K86TKEUZVFX1_all__7.npy,Normal
Pistachio/VAD/vit-features/train/normal/infrastructure_normal_less/K86TKEUZVFX1_all__8.npy,Normal
Pistachio/VAD/vit-features/train/normal/infrastructure_normal_less/K86TKEUZVFX1_all__9.npy,Normal
Pistachio/VAD/vit-features/train/normal/infrastructure_normal_less/KFJRVPNRLE1V_all__0.npy,Normal
Pistachio/VAD/vit-features/train/normal/infrastructure_normal_less/KFJRVPNRLE1V_all__1.npy,Normal
Pistachio/VAD/vit-features/train/normal/infrastructure_normal_less/KFJRVPNRLE1V_all__2.npy,Normal
Pistachio/VAD/vit-features/train/normal/infrastructure_normal_less/KFJRVPNRLE1V_all__3.npy,Normal
Pistachio/VAD/vit-features/train/normal/infrastructure_normal_less/KFJRVPNRLE1V_all__4.npy,Normal
Pistachio/VAD/vit-features/train/normal/infrastructure_normal_less/KFJRVPNRLE1V_all__5.npy,Normal
Pistachio/VAD/vit-features/train/normal/infrastructure_normal_less/KFJRVPNRLE1V_all__6.npy,Normal
Pistachio/VAD/vit-features/train/normal/infrastructure_normal_less/KFJRVPNRLE1V_all__7.npy,Normal
Pistachio/VAD/vit-features/train/normal/infrastructure_normal_less/KFJRVPNRLE1V_all__8.npy,Normal
Pistachio/VAD/vit-features/train/normal/infrastructure_normal_less/KFJRVPNRLE1V_all__9.npy,Normal
Pistachio/VAD/vit-features/train/normal/infrastructure_normal_less/KGJO2TONM9DX_all__0.npy,Normal
Pistachio/VAD/vit-features/train/normal/infrastructure_normal_less/KGJO2TONM9DX_all__1.npy,Normal
Pistachio/VAD/vit-features/train/normal/infrastructure_normal_less/KGJO2TONM9DX_all__2.npy,Normal
Pistachio/VAD/vit-features/train/normal/infrastructure_normal_less/KGJO2TONM9DX_all__3.npy,Normal
Pistachio/VAD/vit-features/train/normal/infrastructure_normal_less/KGJO2TONM9DX_all__4.npy,Normal
Pistachio/VAD/vit-features/train/normal/infrastructure_normal_less/KGJO2TONM9DX_all__5.npy,Normal
Pistachio/VAD/vit-features/train/normal/infrastructure_normal_less/KGJO2TONM9DX_all__6.npy,Normal
Pistachio/VAD/vit-features/train/normal/infrastructure_normal_less/KGJO2TONM9DX_all__7.npy,Normal
Pistachio/VAD/vit-features/train/normal/infrastructure_normal_less/KGJO2TONM9DX_all__8.npy,Normal
Pistachio/VAD/vit-features/train/normal/infrastructure_normal_less/KGJO2TONM9DX_all__9.npy,Normal
Pistachio/VAD/vit-features/train/normal/infrastructure_normal_less/KKL4LIRUO40H_all__0.npy,Normal
Pistachio/VAD/vit-features/train/normal/infrastructure_normal_less/KKL4LIRUO40H_all__1.npy,Normal
Pistachio/VAD/vit-features/train/normal/infrastructure_normal_less/KKL4LIRUO40H_all__2.npy,Normal
Pistachio/VAD/vit-features/train/normal/infrastructure_normal_less/KKL4LIRUO40H_all__3.npy,Normal
Pistachio/VAD/vit-features/train/normal/infrastructure_normal_less/KKL4LIRUO40H_all__4.npy,Normal
Pistachio/VAD/vit-features/train/normal/infrastructure_normal_less/KKL4LIRUO40H_all__5.npy,Normal
Pistachio/VAD/vit-features/train/normal/infrastructure_normal_less/KKL4LIRUO40H_all__6.npy,Normal
Pistachio/VAD/vit-features/train/normal/infrastructure_normal_less/KKL4LIRUO40H_all__7.npy,Normal
Pistachio/VAD/vit-features/train/normal/infrastructure_normal_less/KKL4LIRUO40H_all__8.npy,Normal
Pistachio/VAD/vit-features/train/normal/infrastructure_normal_less/KKL4LIRUO40H_all__9.npy,Normal
Pistachio/VAD/vit-features/train/normal/infrastructure_normal_less/KMGV870FERHR_all__0.npy,Normal
Pistachio/VAD/vit-features/train/normal/infrastructure_normal_less/KMGV870FERHR_all__1.npy,Normal
Pistachio/VAD/vit-features/train/normal/infrastructure_normal_less/KMGV870FERHR_all__2.npy,Normal
Pistachio/VAD/vit-features/train/normal/infrastructure_normal_less/KMGV870FERHR_all__3.npy,Normal
Pistachio/VAD/vit-features/train/normal/infrastructure_normal_less/KMGV870FERHR_all__4.npy,Normal
Pistachio/VAD/vit-features/train/normal/infrastructure_normal_less/KMGV870FERHR_all__5.npy,Normal
Pistachio/VAD/vit-features/train/normal/infrastructure_normal_less/KMGV870FERHR_all__6.npy,Normal
Pistachio/VAD/vit-features/train/normal/infrastructure_normal_less/KMGV870FERHR_all__7.npy,Normal
Pistachio/VAD/vit-features/train/normal/infrastructure_normal_less/KMGV870FERHR_all__8.npy,Normal
Pistachio/VAD/vit-features/train/normal/infrastructure_normal_less/KMGV870FERHR_all__9.npy,Normal
Pistachio/VAD/vit-features/train/normal/infrastructure_normal_less/KV2PA671OHA2_all__0.npy,Normal
Pistachio/VAD/vit-features/train/normal/infrastructure_normal_less/KV2PA671OHA2_all__1.npy,Normal
Pistachio/VAD/vit-features/train/normal/infrastructure_normal_less/KV2PA671OHA2_all__2.npy,Normal
Pistachio/VAD/vit-features/train/normal/infrastructure_normal_less/KV2PA671OHA2_all__3.npy,Normal
Pistachio/VAD/vit-features/train/normal/infrastructure_normal_less/KV2PA671OHA2_all__4.npy,Normal
Pistachio/VAD/vit-features/train/normal/infrastructure_normal_less/KV2PA671OHA2_all__5.npy,Normal
Pistachio/VAD/vit-features/train/normal/infrastructure_normal_less/KV2PA671OHA2_all__6.npy,Normal
Pistachio/VAD/vit-features/train/normal/infrastructure_normal_less/KV2PA671OHA2_all__7.npy,Normal
Pistachio/VAD/vit-features/train/normal/infrastructure_normal_less/KV2PA671OHA2_all__8.npy,Normal
Pistachio/VAD/vit-features/train/normal/infrastructure_normal_less/KV2PA671OHA2_all__9.npy,Normal
Pistachio/VAD/vit-features/train/normal/infrastructure_normal_less/L0V7AXRTA1KD_all__0.npy,Normal
Pistachio/VAD/vit-features/train/normal/infrastructure_normal_less/L0V7AXRTA1KD_all__1.npy,Normal
Pistachio/VAD/vit-features/train/normal/infrastructure_normal_less/L0V7AXRTA1KD_all__2.npy,Normal
Pistachio/VAD/vit-features/train/normal/infrastructure_normal_less/L0V7AXRTA1KD_all__3.npy,Normal
Pistachio/VAD/vit-features/train/normal/infrastructure_normal_less/L0V7AXRTA1KD_all__4.npy,Normal
Pistachio/VAD/vit-features/train/normal/infrastructure_normal_less/L0V7AXRTA1KD_all__5.npy,Normal
Pistachio/VAD/vit-features/train/normal/infrastructure_normal_less/L0V7AXRTA1KD_all__6.npy,Normal
Pistachio/VAD/vit-features/train/normal/infrastructure_normal_less/L0V7AXRTA1KD_all__7.npy,Normal
Pistachio/VAD/vit-features/train/normal/infrastructure_normal_less/L0V7AXRTA1KD_all__8.npy,Normal
Pistachio/VAD/vit-features/train/normal/infrastructure_normal_less/L0V7AXRTA1KD_all__9.npy,Normal
Pistachio/VAD/vit-features/train/normal/infrastructure_normal_less/L4G9WNPCEMEK_all__0.npy,Normal
Pistachio/VAD/vit-features/train/normal/infrastructure_normal_less/L4G9WNPCEMEK_all__1.npy,Normal
Pistachio/VAD/vit-features/train/normal/infrastructure_normal_less/L4G9WNPCEMEK_all__2.npy,Normal
Pistachio/VAD/vit-features/train/normal/infrastructure_normal_less/L4G9WNPCEMEK_all__3.npy,Normal
Pistachio/VAD/vit-features/train/normal/infrastructure_normal_less/L4G9WNPCEMEK_all__4.npy,Normal
Pistachio/VAD/vit-features/train/normal/infrastructure_normal_less/L4G9WNPCEMEK_all__5.npy,Normal
Pistachio/VAD/vit-features/train/normal/infrastructure_normal_less/L4G9WNPCEMEK_all__6.npy,Normal
Pistachio/VAD/vit-features/train/normal/infrastructure_normal_less/L4G9WNPCEMEK_all__7.npy,Normal
Pistachio/VAD/vit-features/train/normal/infrastructure_normal_less/L4G9WNPCEMEK_all__8.npy,Normal
Pistachio/VAD/vit-features/train/normal/infrastructure_normal_less/L4G9WNPCEMEK_all__9.npy,Normal
Pistachio/VAD/vit-features/train/normal/infrastructure_normal_less/L8XXOH0ONFAV_all__0.npy,Normal
Pistachio/VAD/vit-features/train/normal/infrastructure_normal_less/L8XXOH0ONFAV_all__1.npy,Normal
Pistachio/VAD/vit-features/train/normal/infrastructure_normal_less/L8XXOH0ONFAV_all__2.npy,Normal
Pistachio/VAD/vit-features/train/normal/infrastructure_normal_less/L8XXOH0ONFAV_all__3.npy,Normal
Pistachio/VAD/vit-features/train/normal/infrastructure_normal_less/L8XXOH0ONFAV_all__4.npy,Normal
Pistachio/VAD/vit-features/train/normal/infrastructure_normal_less/L8XXOH0ONFAV_all__5.npy,Normal
Pistachio/VAD/vit-features/train/normal/infrastructure_normal_less/L8XXOH0ONFAV_all__6.npy,Normal
Pistachio/VAD/vit-features/train/normal/infrastructure_normal_less/L8XXOH0ONFAV_all__7.npy,Normal
Pistachio/VAD/vit-features/train/normal/infrastructure_normal_less/L8XXOH0ONFAV_all__8.npy,Normal
Pistachio/VAD/vit-features/train/normal/infrastructure_normal_less/L8XXOH0ONFAV_all__9.npy,Normal
Pistachio/VAD/vit-features/train/normal/infrastructure_normal_less/L9SLZSI975L3_all__0.npy,Normal
Pistachio/VAD/vit-features/train/normal/infrastructure_normal_less/L9SLZSI975L3_all__1.npy,Normal
Pistachio/VAD/vit-features/train/normal/infrastructure_normal_less/L9SLZSI975L3_all__2.npy,Normal
Pistachio/VAD/vit-features/train/normal/infrastructure_normal_less/L9SLZSI975L3_all__3.npy,Normal
Pistachio/VAD/vit-features/train/normal/infrastructure_normal_less/L9SLZSI975L3_all__4.npy,Normal
Pistachio/VAD/vit-features/train/normal/infrastructure_normal_less/L9SLZSI975L3_all__5.npy,Normal
Pistachio/VAD/vit-features/train/normal/infrastructure_normal_less/L9SLZSI975L3_all__6.npy,Normal
Pistachio/VAD/vit-features/train/normal/infrastructure_normal_less/L9SLZSI975L3_all__7.npy,Normal
Pistachio/VAD/vit-features/train/normal/infrastructure_normal_less/L9SLZSI975L3_all__8.npy,Normal
Pistachio/VAD/vit-features/train/normal/infrastructure_normal_less/L9SLZSI975L3_all__9.npy,Normal
Pistachio/VAD/vit-features/train/normal/infrastructure_normal_less/LLVNLKJ5M2ME_all__0.npy,Normal
Pistachio/VAD/vit-features/train/normal/infrastructure_normal_less/LLVNLKJ5M2ME_all__1.npy,Normal
Pistachio/VAD/vit-features/train/normal/infrastructure_normal_less/LLVNLKJ5M2ME_all__2.npy,Normal
Pistachio/VAD/vit-features/train/normal/infrastructure_normal_less/LLVNLKJ5M2ME_all__3.npy,Normal
Pistachio/VAD/vit-features/train/normal/infrastructure_normal_less/LLVNLKJ5M2ME_all__4.npy,Normal
Pistachio/VAD/vit-features/train/normal/infrastructure_normal_less/LLVNLKJ5M2ME_all__5.npy,Normal
Pistachio/VAD/vit-features/train/normal/infrastructure_normal_less/LLVNLKJ5M2ME_all__6.npy,Normal
Pistachio/VAD/vit-features/train/normal/infrastructure_normal_less/LLVNLKJ5M2ME_all__7.npy,Normal
Pistachio/VAD/vit-features/train/normal/infrastructure_normal_less/LLVNLKJ5M2ME_all__8.npy,Normal
Pistachio/VAD/vit-features/train/normal/infrastructure_normal_less/LLVNLKJ5M2ME_all__9.npy,Normal
Pistachio/VAD/vit-features/train/normal/infrastructure_normal_less/LNCJNW776GKG_all__0.npy,Normal
Pistachio/VAD/vit-features/train/normal/infrastructure_normal_less/LNCJNW776GKG_all__1.npy,Normal
Pistachio/VAD/vit-features/train/normal/infrastructure_normal_less/LNCJNW776GKG_all__2.npy,Normal
Pistachio/VAD/vit-features/train/normal/infrastructure_normal_less/LNCJNW776GKG_all__3.npy,Normal
Pistachio/VAD/vit-features/train/normal/infrastructure_normal_less/LNCJNW776GKG_all__4.npy,Normal
Pistachio/VAD/vit-features/train/normal/infrastructure_normal_less/LNCJNW776GKG_all__5.npy,Normal
Pistachio/VAD/vit-features/train/normal/infrastructure_normal_less/LNCJNW776GKG_all__6.npy,Normal
Pistachio/VAD/vit-features/train/normal/infrastructure_normal_less/LNCJNW776GKG_all__7.npy,Normal
Pistachio/VAD/vit-features/train/normal/infrastructure_normal_less/LNCJNW776GKG_all__8.npy,Normal
Pistachio/VAD/vit-features/train/normal/infrastructure_normal_less/LNCJNW776GKG_all__9.npy,Normal
Pistachio/VAD/vit-features/train/normal/infrastructure_normal_less/LXI9W31DFZ4V_all__0.npy,Normal
Pistachio/VAD/vit-features/train/normal/infrastructure_normal_less/LXI9W31DFZ4V_all__1.npy,Normal
Pistachio/VAD/vit-features/train/normal/infrastructure_normal_less/LXI9W31DFZ4V_all__2.npy,Normal
Pistachio/VAD/vit-features/train/normal/infrastructure_normal_less/LXI9W31DFZ4V_all__3.npy,Normal
Pistachio/VAD/vit-features/train/normal/infrastructure_normal_less/LXI9W31DFZ4V_all__4.npy,Normal
Pistachio/VAD/vit-features/train/normal/infrastructure_normal_less/LXI9W31DFZ4V_all__5.npy,Normal
Pistachio/VAD/vit-features/train/normal/infrastructure_normal_less/LXI9W31DFZ4V_all__6.npy,Normal
Pistachio/VAD/vit-features/train/normal/infrastructure_normal_less/LXI9W31DFZ4V_all__7.npy,Normal
Pistachio/VAD/vit-features/train/normal/infrastructure_normal_less/LXI9W31DFZ4V_all__8.npy,Normal
Pistachio/VAD/vit-features/train/normal/infrastructure_normal_less/LXI9W31DFZ4V_all__9.npy,Normal
Pistachio/VAD/vit-features/train/normal/infrastructure_normal_less/M1BQ80HC4ZWA_all__0.npy,Normal
Pistachio/VAD/vit-features/train/normal/infrastructure_normal_less/M1BQ80HC4ZWA_all__1.npy,Normal
Pistachio/VAD/vit-features/train/normal/infrastructure_normal_less/M1BQ80HC4ZWA_all__2.npy,Normal
Pistachio/VAD/vit-features/train/normal/infrastructure_normal_less/M1BQ80HC4ZWA_all__3.npy,Normal
Pistachio/VAD/vit-features/train/normal/infrastructure_normal_less/M1BQ80HC4ZWA_all__4.npy,Normal
Pistachio/VAD/vit-features/train/normal/infrastructure_normal_less/M1BQ80HC4ZWA_all__5.npy,Normal
Pistachio/VAD/vit-features/train/normal/infrastructure_normal_less/M1BQ80HC4ZWA_all__6.npy,Normal
Pistachio/VAD/vit-features/train/normal/infrastructure_normal_less/M1BQ80HC4ZWA_all__7.npy,Normal
Pistachio/VAD/vit-features/train/normal/infrastructure_normal_less/M1BQ80HC4ZWA_all__8.npy,Normal
Pistachio/VAD/vit-features/train/normal/infrastructure_normal_less/M1BQ80HC4ZWA_all__9.npy,Normal
Pistachio/VAD/vit-features/train/normal/infrastructure_normal_less/M4A5K8Q3II9Z_all__0.npy,Normal
Pistachio/VAD/vit-features/train/normal/infrastructure_normal_less/M4A5K8Q3II9Z_all__1.npy,Normal
Pistachio/VAD/vit-features/train/normal/infrastructure_normal_less/M4A5K8Q3II9Z_all__2.npy,Normal
Pistachio/VAD/vit-features/train/normal/infrastructure_normal_less/M4A5K8Q3II9Z_all__3.npy,Normal
Pistachio/VAD/vit-features/train/normal/infrastructure_normal_less/M4A5K8Q3II9Z_all__4.npy,Normal
Pistachio/VAD/vit-features/train/normal/infrastructure_normal_less/M4A5K8Q3II9Z_all__5.npy,Normal
Pistachio/VAD/vit-features/train/normal/infrastructure_normal_less/M4A5K8Q3II9Z_all__6.npy,Normal
Pistachio/VAD/vit-features/train/normal/infrastructure_normal_less/M4A5K8Q3II9Z_all__7.npy,Normal
Pistachio/VAD/vit-features/train/normal/infrastructure_normal_less/M4A5K8Q3II9Z_all__8.npy,Normal
Pistachio/VAD/vit-features/train/normal/infrastructure_normal_less/M4A5K8Q3II9Z_all__9.npy,Normal
Pistachio/VAD/vit-features/train/normal/infrastructure_normal_less/MDL76E5AZNIB_all__0.npy,Normal
Pistachio/VAD/vit-features/train/normal/infrastructure_normal_less/MDL76E5AZNIB_all__1.npy,Normal
Pistachio/VAD/vit-features/train/normal/infrastructure_normal_less/MDL76E5AZNIB_all__2.npy,Normal
Pistachio/VAD/vit-features/train/normal/infrastructure_normal_less/MDL76E5AZNIB_all__3.npy,Normal
Pistachio/VAD/vit-features/train/normal/infrastructure_normal_less/MDL76E5AZNIB_all__4.npy,Normal
Pistachio/VAD/vit-features/train/normal/infrastructure_normal_less/MDL76E5AZNIB_all__5.npy,Normal
Pistachio/VAD/vit-features/train/normal/infrastructure_normal_less/MDL76E5AZNIB_all__6.npy,Normal
Pistachio/VAD/vit-features/train/normal/infrastructure_normal_less/MDL76E5AZNIB_all__7.npy,Normal
Pistachio/VAD/vit-features/train/normal/infrastructure_normal_less/MDL76E5AZNIB_all__8.npy,Normal
Pistachio/VAD/vit-features/train/normal/infrastructure_normal_less/MDL76E5AZNIB_all__9.npy,Normal
Pistachio/VAD/vit-features/train/normal/infrastructure_normal_less/MOQWS3OYOVGB_all__0.npy,Normal
Pistachio/VAD/vit-features/train/normal/infrastructure_normal_less/MOQWS3OYOVGB_all__1.npy,Normal
Pistachio/VAD/vit-features/train/normal/infrastructure_normal_less/MOQWS3OYOVGB_all__2.npy,Normal
Pistachio/VAD/vit-features/train/normal/infrastructure_normal_less/MOQWS3OYOVGB_all__3.npy,Normal
Pistachio/VAD/vit-features/train/normal/infrastructure_normal_less/MOQWS3OYOVGB_all__4.npy,Normal
Pistachio/VAD/vit-features/train/normal/infrastructure_normal_less/MOQWS3OYOVGB_all__5.npy,Normal
Pistachio/VAD/vit-features/train/normal/infrastructure_normal_less/MOQWS3OYOVGB_all__6.npy,Normal
Pistachio/VAD/vit-features/train/normal/infrastructure_normal_less/MOQWS3OYOVGB_all__7.npy,Normal
Pistachio/VAD/vit-features/train/normal/infrastructure_normal_less/MOQWS3OYOVGB_all__8.npy,Normal
Pistachio/VAD/vit-features/train/normal/infrastructure_normal_less/MOQWS3OYOVGB_all__9.npy,Normal
Pistachio/VAD/vit-features/train/normal/infrastructure_normal_less/N57N5OV654XH_all__0.npy,Normal
Pistachio/VAD/vit-features/train/normal/infrastructure_normal_less/N57N5OV654XH_all__1.npy,Normal
Pistachio/VAD/vit-features/train/normal/infrastructure_normal_less/N57N5OV654XH_all__2.npy,Normal
Pistachio/VAD/vit-features/train/normal/infrastructure_normal_less/N57N5OV654XH_all__3.npy,Normal
Pistachio/VAD/vit-features/train/normal/infrastructure_normal_less/N57N5OV654XH_all__4.npy,Normal
Pistachio/VAD/vit-features/train/normal/infrastructure_normal_less/N57N5OV654XH_all__5.npy,Normal
Pistachio/VAD/vit-features/train/normal/infrastructure_normal_less/N57N5OV654XH_all__6.npy,Normal
Pistachio/VAD/vit-features/train/normal/infrastructure_normal_less/N57N5OV654XH_all__7.npy,Normal
Pistachio/VAD/vit-features/train/normal/infrastructure_normal_less/N57N5OV654XH_all__8.npy,Normal
Pistachio/VAD/vit-features/train/normal/infrastructure_normal_less/N57N5OV654XH_all__9.npy,Normal
Pistachio/VAD/vit-features/train/normal/infrastructure_normal_less/NCK8REL083BO_all__0.npy,Normal
Pistachio/VAD/vit-features/train/normal/infrastructure_normal_less/NCK8REL083BO_all__1.npy,Normal
Pistachio/VAD/vit-features/train/normal/infrastructure_normal_less/NCK8REL083BO_all__2.npy,Normal
Pistachio/VAD/vit-features/train/normal/infrastructure_normal_less/NCK8REL083BO_all__3.npy,Normal
Pistachio/VAD/vit-features/train/normal/infrastructure_normal_less/NCK8REL083BO_all__4.npy,Normal
Pistachio/VAD/vit-features/train/normal/infrastructure_normal_less/NCK8REL083BO_all__5.npy,Normal
Pistachio/VAD/vit-features/train/normal/infrastructure_normal_less/NCK8REL083BO_all__6.npy,Normal
Pistachio/VAD/vit-features/train/normal/infrastructure_normal_less/NCK8REL083BO_all__7.npy,Normal
Pistachio/VAD/vit-features/train/normal/infrastructure_normal_less/NCK8REL083BO_all__8.npy,Normal
Pistachio/VAD/vit-features/train/normal/infrastructure_normal_less/NCK8REL083BO_all__9.npy,Normal
Pistachio/VAD/vit-features/train/normal/infrastructure_normal_less/NNKCQM9CM31I_all__0.npy,Normal
Pistachio/VAD/vit-features/train/normal/infrastructure_normal_less/NNKCQM9CM31I_all__1.npy,Normal
Pistachio/VAD/vit-features/train/normal/infrastructure_normal_less/NNKCQM9CM31I_all__2.npy,Normal
Pistachio/VAD/vit-features/train/normal/infrastructure_normal_less/NNKCQM9CM31I_all__3.npy,Normal
Pistachio/VAD/vit-features/train/normal/infrastructure_normal_less/NNKCQM9CM31I_all__4.npy,Normal
Pistachio/VAD/vit-features/train/normal/infrastructure_normal_less/NNKCQM9CM31I_all__5.npy,Normal
Pistachio/VAD/vit-features/train/normal/infrastructure_normal_less/NNKCQM9CM31I_all__6.npy,Normal
Pistachio/VAD/vit-features/train/normal/infrastructure_normal_less/NNKCQM9CM31I_all__7.npy,Normal
Pistachio/VAD/vit-features/train/normal/infrastructure_normal_less/NNKCQM9CM31I_all__8.npy,Normal
Pistachio/VAD/vit-features/train/normal/infrastructure_normal_less/NNKCQM9CM31I_all__9.npy,Normal
Pistachio/VAD/vit-features/train/normal/infrastructure_normal_less/NOM41QH0EKCN_all__0.npy,Normal
Pistachio/VAD/vit-features/train/normal/infrastructure_normal_less/NOM41QH0EKCN_all__1.npy,Normal
Pistachio/VAD/vit-features/train/normal/infrastructure_normal_less/NOM41QH0EKCN_all__2.npy,Normal
Pistachio/VAD/vit-features/train/normal/infrastructure_normal_less/NOM41QH0EKCN_all__3.npy,Normal
Pistachio/VAD/vit-features/train/normal/infrastructure_normal_less/NOM41QH0EKCN_all__4.npy,Normal
Pistachio/VAD/vit-features/train/normal/infrastructure_normal_less/NOM41QH0EKCN_all__5.npy,Normal
Pistachio/VAD/vit-features/train/normal/infrastructure_normal_less/NOM41QH0EKCN_all__6.npy,Normal
Pistachio/VAD/vit-features/train/normal/infrastructure_normal_less/NOM41QH0EKCN_all__7.npy,Normal
Pistachio/VAD/vit-features/train/normal/infrastructure_normal_less/NOM41QH0EKCN_all__8.npy,Normal
Pistachio/VAD/vit-features/train/normal/infrastructure_normal_less/NOM41QH0EKCN_all__9.npy,Normal
Pistachio/VAD/vit-features/train/normal/infrastructure_normal_less/O0ODCAZRQ8OM_all__0.npy,Normal
Pistachio/VAD/vit-features/train/normal/infrastructure_normal_less/O0ODCAZRQ8OM_all__1.npy,Normal
Pistachio/VAD/vit-features/train/normal/infrastructure_normal_less/O0ODCAZRQ8OM_all__2.npy,Normal
Pistachio/VAD/vit-features/train/normal/infrastructure_normal_less/O0ODCAZRQ8OM_all__3.npy,Normal
Pistachio/VAD/vit-features/train/normal/infrastructure_normal_less/O0ODCAZRQ8OM_all__4.npy,Normal
Pistachio/VAD/vit-features/train/normal/infrastructure_normal_less/O0ODCAZRQ8OM_all__5.npy,Normal
Pistachio/VAD/vit-features/train/normal/infrastructure_normal_less/O0ODCAZRQ8OM_all__6.npy,Normal
Pistachio/VAD/vit-features/train/normal/infrastructure_normal_less/O0ODCAZRQ8OM_all__7.npy,Normal
Pistachio/VAD/vit-features/train/normal/infrastructure_normal_less/O0ODCAZRQ8OM_all__8.npy,Normal
Pistachio/VAD/vit-features/train/normal/infrastructure_normal_less/O0ODCAZRQ8OM_all__9.npy,Normal
Pistachio/VAD/vit-features/train/normal/infrastructure_normal_less/O2YF9HD7KKRR_all__0.npy,Normal
Pistachio/VAD/vit-features/train/normal/infrastructure_normal_less/O2YF9HD7KKRR_all__1.npy,Normal
Pistachio/VAD/vit-features/train/normal/infrastructure_normal_less/O2YF9HD7KKRR_all__2.npy,Normal
Pistachio/VAD/vit-features/train/normal/infrastructure_normal_less/O2YF9HD7KKRR_all__3.npy,Normal
Pistachio/VAD/vit-features/train/normal/infrastructure_normal_less/O2YF9HD7KKRR_all__4.npy,Normal
Pistachio/VAD/vit-features/train/normal/infrastructure_normal_less/O2YF9HD7KKRR_all__5.npy,Normal
Pistachio/VAD/vit-features/train/normal/infrastructure_normal_less/O2YF9HD7KKRR_all__6.npy,Normal
Pistachio/VAD/vit-features/train/normal/infrastructure_normal_less/O2YF9HD7KKRR_all__7.npy,Normal
Pistachio/VAD/vit-features/train/normal/infrastructure_normal_less/O2YF9HD7KKRR_all__8.npy,Normal
Pistachio/VAD/vit-features/train/normal/infrastructure_normal_less/O2YF9HD7KKRR_all__9.npy,Normal
Pistachio/VAD/vit-features/train/normal/infrastructure_normal_less/O3THMGY1C190_all__0.npy,Normal
Pistachio/VAD/vit-features/train/normal/infrastructure_normal_less/O3THMGY1C190_all__1.npy,Normal
Pistachio/VAD/vit-features/train/normal/infrastructure_normal_less/O3THMGY1C190_all__2.npy,Normal
Pistachio/VAD/vit-features/train/normal/infrastructure_normal_less/O3THMGY1C190_all__3.npy,Normal
Pistachio/VAD/vit-features/train/normal/infrastructure_normal_less/O3THMGY1C190_all__4.npy,Normal
Pistachio/VAD/vit-features/train/normal/infrastructure_normal_less/O3THMGY1C190_all__5.npy,Normal
Pistachio/VAD/vit-features/train/normal/infrastructure_normal_less/O3THMGY1C190_all__6.npy,Normal
Pistachio/VAD/vit-features/train/normal/infrastructure_normal_less/O3THMGY1C190_all__7.npy,Normal
Pistachio/VAD/vit-features/train/normal/infrastructure_normal_less/O3THMGY1C190_all__8.npy,Normal
Pistachio/VAD/vit-features/train/normal/infrastructure_normal_less/O3THMGY1C190_all__9.npy,Normal
Pistachio/VAD/vit-features/train/normal/infrastructure_normal_less/P6S3IR20Q2WP_all__0.npy,Normal
Pistachio/VAD/vit-features/train/normal/infrastructure_normal_less/P6S3IR20Q2WP_all__1.npy,Normal
Pistachio/VAD/vit-features/train/normal/infrastructure_normal_less/P6S3IR20Q2WP_all__2.npy,Normal
Pistachio/VAD/vit-features/train/normal/infrastructure_normal_less/P6S3IR20Q2WP_all__3.npy,Normal
Pistachio/VAD/vit-features/train/normal/infrastructure_normal_less/P6S3IR20Q2WP_all__4.npy,Normal
Pistachio/VAD/vit-features/train/normal/infrastructure_normal_less/P6S3IR20Q2WP_all__5.npy,Normal
Pistachio/VAD/vit-features/train/normal/infrastructure_normal_less/P6S3IR20Q2WP_all__6.npy,Normal
Pistachio/VAD/vit-features/train/normal/infrastructure_normal_less/P6S3IR20Q2WP_all__7.npy,Normal
Pistachio/VAD/vit-features/train/normal/infrastructure_normal_less/P6S3IR20Q2WP_all__8.npy,Normal
Pistachio/VAD/vit-features/train/normal/infrastructure_normal_less/P6S3IR20Q2WP_all__9.npy,Normal
Pistachio/VAD/vit-features/train/normal/infrastructure_normal_less/P8UNHANBT4XV_all__0.npy,Normal
Pistachio/VAD/vit-features/train/normal/infrastructure_normal_less/P8UNHANBT4XV_all__1.npy,Normal
Pistachio/VAD/vit-features/train/normal/infrastructure_normal_less/P8UNHANBT4XV_all__2.npy,Normal
Pistachio/VAD/vit-features/train/normal/infrastructure_normal_less/P8UNHANBT4XV_all__3.npy,Normal
Pistachio/VAD/vit-features/train/normal/infrastructure_normal_less/P8UNHANBT4XV_all__4.npy,Normal
Pistachio/VAD/vit-features/train/normal/infrastructure_normal_less/P8UNHANBT4XV_all__5.npy,Normal
Pistachio/VAD/vit-features/train/normal/infrastructure_normal_less/P8UNHANBT4XV_all__6.npy,Normal
Pistachio/VAD/vit-features/train/normal/infrastructure_normal_less/P8UNHANBT4XV_all__7.npy,Normal
Pistachio/VAD/vit-features/train/normal/infrastructure_normal_less/P8UNHANBT4XV_all__8.npy,Normal
Pistachio/VAD/vit-features/train/normal/infrastructure_normal_less/P8UNHANBT4XV_all__9.npy,Normal
Pistachio/VAD/vit-features/train/normal/infrastructure_normal_less/PW6NZJ5QFQTO_all__0.npy,Normal
Pistachio/VAD/vit-features/train/normal/infrastructure_normal_less/PW6NZJ5QFQTO_all__1.npy,Normal
Pistachio/VAD/vit-features/train/normal/infrastructure_normal_less/PW6NZJ5QFQTO_all__2.npy,Normal
Pistachio/VAD/vit-features/train/normal/infrastructure_normal_less/PW6NZJ5QFQTO_all__3.npy,Normal
Pistachio/VAD/vit-features/train/normal/infrastructure_normal_less/PW6NZJ5QFQTO_all__4.npy,Normal
Pistachio/VAD/vit-features/train/normal/infrastructure_normal_less/PW6NZJ5QFQTO_all__5.npy,Normal
Pistachio/VAD/vit-features/train/normal/infrastructure_normal_less/PW6NZJ5QFQTO_all__6.npy,Normal
Pistachio/VAD/vit-features/train/normal/infrastructure_normal_less/PW6NZJ5QFQTO_all__7.npy,Normal
Pistachio/VAD/vit-features/train/normal/infrastructure_normal_less/PW6NZJ5QFQTO_all__8.npy,Normal
Pistachio/VAD/vit-features/train/normal/infrastructure_normal_less/PW6NZJ5QFQTO_all__9.npy,Normal
Pistachio/VAD/vit-features/train/normal/infrastructure_normal_less/Q7QLKVOGF470_all__0.npy,Normal
Pistachio/VAD/vit-features/train/normal/infrastructure_normal_less/Q7QLKVOGF470_all__1.npy,Normal
Pistachio/VAD/vit-features/train/normal/infrastructure_normal_less/Q7QLKVOGF470_all__2.npy,Normal
Pistachio/VAD/vit-features/train/normal/infrastructure_normal_less/Q7QLKVOGF470_all__3.npy,Normal
Pistachio/VAD/vit-features/train/normal/infrastructure_normal_less/Q7QLKVOGF470_all__4.npy,Normal
Pistachio/VAD/vit-features/train/normal/infrastructure_normal_less/Q7QLKVOGF470_all__5.npy,Normal
Pistachio/VAD/vit-features/train/normal/infrastructure_normal_less/Q7QLKVOGF470_all__6.npy,Normal
Pistachio/VAD/vit-features/train/normal/infrastructure_normal_less/Q7QLKVOGF470_all__7.npy,Normal
Pistachio/VAD/vit-features/train/normal/infrastructure_normal_less/Q7QLKVOGF470_all__8.npy,Normal
Pistachio/VAD/vit-features/train/normal/infrastructure_normal_less/Q7QLKVOGF470_all__9.npy,Normal
Pistachio/VAD/vit-features/train/normal/infrastructure_normal_less/Q862NZ1RDS5H_all__0.npy,Normal
Pistachio/VAD/vit-features/train/normal/infrastructure_normal_less/Q862NZ1RDS5H_all__1.npy,Normal
Pistachio/VAD/vit-features/train/normal/infrastructure_normal_less/Q862NZ1RDS5H_all__2.npy,Normal
Pistachio/VAD/vit-features/train/normal/infrastructure_normal_less/Q862NZ1RDS5H_all__3.npy,Normal
Pistachio/VAD/vit-features/train/normal/infrastructure_normal_less/Q862NZ1RDS5H_all__4.npy,Normal
Pistachio/VAD/vit-features/train/normal/infrastructure_normal_less/Q862NZ1RDS5H_all__5.npy,Normal
Pistachio/VAD/vit-features/train/normal/infrastructure_normal_less/Q862NZ1RDS5H_all__6.npy,Normal
Pistachio/VAD/vit-features/train/normal/infrastructure_normal_less/Q862NZ1RDS5H_all__7.npy,Normal
Pistachio/VAD/vit-features/train/normal/infrastructure_normal_less/Q862NZ1RDS5H_all__8.npy,Normal
Pistachio/VAD/vit-features/train/normal/infrastructure_normal_less/Q862NZ1RDS5H_all__9.npy,Normal
Pistachio/VAD/vit-features/train/normal/infrastructure_normal_less/QMZE7J83ICOE_all__0.npy,Normal
Pistachio/VAD/vit-features/train/normal/infrastructure_normal_less/QMZE7J83ICOE_all__1.npy,Normal
Pistachio/VAD/vit-features/train/normal/infrastructure_normal_less/QMZE7J83ICOE_all__2.npy,Normal
Pistachio/VAD/vit-features/train/normal/infrastructure_normal_less/QMZE7J83ICOE_all__3.npy,Normal
Pistachio/VAD/vit-features/train/normal/infrastructure_normal_less/QMZE7J83ICOE_all__4.npy,Normal
Pistachio/VAD/vit-features/train/normal/infrastructure_normal_less/QMZE7J83ICOE_all__5.npy,Normal
Pistachio/VAD/vit-features/train/normal/infrastructure_normal_less/QMZE7J83ICOE_all__6.npy,Normal
Pistachio/VAD/vit-features/train/normal/infrastructure_normal_less/QMZE7J83ICOE_all__7.npy,Normal
Pistachio/VAD/vit-features/train/normal/infrastructure_normal_less/QMZE7J83ICOE_all__8.npy,Normal
Pistachio/VAD/vit-features/train/normal/infrastructure_normal_less/QMZE7J83ICOE_all__9.npy,Normal
Pistachio/VAD/vit-features/train/normal/infrastructure_normal_less/R1WNRXI36H05_all__0.npy,Normal
Pistachio/VAD/vit-features/train/normal/infrastructure_normal_less/R1WNRXI36H05_all__1.npy,Normal
Pistachio/VAD/vit-features/train/normal/infrastructure_normal_less/R1WNRXI36H05_all__2.npy,Normal
Pistachio/VAD/vit-features/train/normal/infrastructure_normal_less/R1WNRXI36H05_all__3.npy,Normal
Pistachio/VAD/vit-features/train/normal/infrastructure_normal_less/R1WNRXI36H05_all__4.npy,Normal
Pistachio/VAD/vit-features/train/normal/infrastructure_normal_less/R1WNRXI36H05_all__5.npy,Normal
Pistachio/VAD/vit-features/train/normal/infrastructure_normal_less/R1WNRXI36H05_all__6.npy,Normal
Pistachio/VAD/vit-features/train/normal/infrastructure_normal_less/R1WNRXI36H05_all__7.npy,Normal
Pistachio/VAD/vit-features/train/normal/infrastructure_normal_less/R1WNRXI36H05_all__8.npy,Normal
Pistachio/VAD/vit-features/train/normal/infrastructure_normal_less/R1WNRXI36H05_all__9.npy,Normal
Pistachio/VAD/vit-features/train/normal/infrastructure_normal_less/R3YAJVKOEG7K_all__0.npy,Normal
Pistachio/VAD/vit-features/train/normal/infrastructure_normal_less/R3YAJVKOEG7K_all__1.npy,Normal
Pistachio/VAD/vit-features/train/normal/infrastructure_normal_less/R3YAJVKOEG7K_all__2.npy,Normal
Pistachio/VAD/vit-features/train/normal/infrastructure_normal_less/R3YAJVKOEG7K_all__3.npy,Normal
Pistachio/VAD/vit-features/train/normal/infrastructure_normal_less/R3YAJVKOEG7K_all__4.npy,Normal
Pistachio/VAD/vit-features/train/normal/infrastructure_normal_less/R3YAJVKOEG7K_all__5.npy,Normal
Pistachio/VAD/vit-features/train/normal/infrastructure_normal_less/R3YAJVKOEG7K_all__6.npy,Normal
Pistachio/VAD/vit-features/train/normal/infrastructure_normal_less/R3YAJVKOEG7K_all__7.npy,Normal
Pistachio/VAD/vit-features/train/normal/infrastructure_normal_less/R3YAJVKOEG7K_all__8.npy,Normal
Pistachio/VAD/vit-features/train/normal/infrastructure_normal_less/R3YAJVKOEG7K_all__9.npy,Normal
Pistachio/VAD/vit-features/train/normal/infrastructure_normal_less/R7D5LIY53U57_all__0.npy,Normal
Pistachio/VAD/vit-features/train/normal/infrastructure_normal_less/R7D5LIY53U57_all__1.npy,Normal
Pistachio/VAD/vit-features/train/normal/infrastructure_normal_less/R7D5LIY53U57_all__2.npy,Normal
Pistachio/VAD/vit-features/train/normal/infrastructure_normal_less/R7D5LIY53U57_all__3.npy,Normal
Pistachio/VAD/vit-features/train/normal/infrastructure_normal_less/R7D5LIY53U57_all__4.npy,Normal
Pistachio/VAD/vit-features/train/normal/infrastructure_normal_less/R7D5LIY53U57_all__5.npy,Normal
Pistachio/VAD/vit-features/train/normal/infrastructure_normal_less/R7D5LIY53U57_all__6.npy,Normal
Pistachio/VAD/vit-features/train/normal/infrastructure_normal_less/R7D5LIY53U57_all__7.npy,Normal
Pistachio/VAD/vit-features/train/normal/infrastructure_normal_less/R7D5LIY53U57_all__8.npy,Normal
Pistachio/VAD/vit-features/train/normal/infrastructure_normal_less/R7D5LIY53U57_all__9.npy,Normal
Pistachio/VAD/vit-features/train/normal/infrastructure_normal_less/RCRNG5HAFSH1_all__0.npy,Normal
Pistachio/VAD/vit-features/train/normal/infrastructure_normal_less/RCRNG5HAFSH1_all__1.npy,Normal
Pistachio/VAD/vit-features/train/normal/infrastructure_normal_less/RCRNG5HAFSH1_all__2.npy,Normal
Pistachio/VAD/vit-features/train/normal/infrastructure_normal_less/RCRNG5HAFSH1_all__3.npy,Normal
Pistachio/VAD/vit-features/train/normal/infrastructure_normal_less/RCRNG5HAFSH1_all__4.npy,Normal
Pistachio/VAD/vit-features/train/normal/infrastructure_normal_less/RCRNG5HAFSH1_all__5.npy,Normal
Pistachio/VAD/vit-features/train/normal/infrastructure_normal_less/RCRNG5HAFSH1_all__6.npy,Normal
Pistachio/VAD/vit-features/train/normal/infrastructure_normal_less/RCRNG5HAFSH1_all__7.npy,Normal
Pistachio/VAD/vit-features/train/normal/infrastructure_normal_less/RCRNG5HAFSH1_all__8.npy,Normal
Pistachio/VAD/vit-features/train/normal/infrastructure_normal_less/RCRNG5HAFSH1_all__9.npy,Normal
Pistachio/VAD/vit-features/train/normal/infrastructure_normal_less/RJRHBCF76GE5_all__0.npy,Normal
Pistachio/VAD/vit-features/train/normal/infrastructure_normal_less/RJRHBCF76GE5_all__1.npy,Normal
Pistachio/VAD/vit-features/train/normal/infrastructure_normal_less/RJRHBCF76GE5_all__2.npy,Normal
Pistachio/VAD/vit-features/train/normal/infrastructure_normal_less/RJRHBCF76GE5_all__3.npy,Normal
Pistachio/VAD/vit-features/train/normal/infrastructure_normal_less/RJRHBCF76GE5_all__4.npy,Normal
Pistachio/VAD/vit-features/train/normal/infrastructure_normal_less/RJRHBCF76GE5_all__5.npy,Normal
Pistachio/VAD/vit-features/train/normal/infrastructure_normal_less/RJRHBCF76GE5_all__6.npy,Normal
Pistachio/VAD/vit-features/train/normal/infrastructure_normal_less/RJRHBCF76GE5_all__7.npy,Normal
Pistachio/VAD/vit-features/train/normal/infrastructure_normal_less/RJRHBCF76GE5_all__8.npy,Normal
Pistachio/VAD/vit-features/train/normal/infrastructure_normal_less/RJRHBCF76GE5_all__9.npy,Normal
Pistachio/VAD/vit-features/train/normal/infrastructure_normal_less/ROZK8OFARL5V_all__0.npy,Normal
Pistachio/VAD/vit-features/train/normal/infrastructure_normal_less/ROZK8OFARL5V_all__1.npy,Normal
Pistachio/VAD/vit-features/train/normal/infrastructure_normal_less/ROZK8OFARL5V_all__2.npy,Normal
Pistachio/VAD/vit-features/train/normal/infrastructure_normal_less/ROZK8OFARL5V_all__3.npy,Normal
Pistachio/VAD/vit-features/train/normal/infrastructure_normal_less/ROZK8OFARL5V_all__4.npy,Normal
Pistachio/VAD/vit-features/train/normal/infrastructure_normal_less/ROZK8OFARL5V_all__5.npy,Normal
Pistachio/VAD/vit-features/train/normal/infrastructure_normal_less/ROZK8OFARL5V_all__6.npy,Normal
Pistachio/VAD/vit-features/train/normal/infrastructure_normal_less/ROZK8OFARL5V_all__7.npy,Normal
Pistachio/VAD/vit-features/train/normal/infrastructure_normal_less/ROZK8OFARL5V_all__8.npy,Normal
Pistachio/VAD/vit-features/train/normal/infrastructure_normal_less/ROZK8OFARL5V_all__9.npy,Normal
Pistachio/VAD/vit-features/train/normal/infrastructure_normal_less/S46MJI3LPCBE_all__0.npy,Normal
Pistachio/VAD/vit-features/train/normal/infrastructure_normal_less/S46MJI3LPCBE_all__1.npy,Normal
Pistachio/VAD/vit-features/train/normal/infrastructure_normal_less/S46MJI3LPCBE_all__2.npy,Normal
Pistachio/VAD/vit-features/train/normal/infrastructure_normal_less/S46MJI3LPCBE_all__3.npy,Normal
Pistachio/VAD/vit-features/train/normal/infrastructure_normal_less/S46MJI3LPCBE_all__4.npy,Normal
Pistachio/VAD/vit-features/train/normal/infrastructure_normal_less/S46MJI3LPCBE_all__5.npy,Normal
Pistachio/VAD/vit-features/train/normal/infrastructure_normal_less/S46MJI3LPCBE_all__6.npy,Normal
Pistachio/VAD/vit-features/train/normal/infrastructure_normal_less/S46MJI3LPCBE_all__7.npy,Normal
Pistachio/VAD/vit-features/train/normal/infrastructure_normal_less/S46MJI3LPCBE_all__8.npy,Normal
Pistachio/VAD/vit-features/train/normal/infrastructure_normal_less/S46MJI3LPCBE_all__9.npy,Normal
Pistachio/VAD/vit-features/train/normal/infrastructure_normal_less/SAJE1V99AWI0_all__0.npy,Normal
Pistachio/VAD/vit-features/train/normal/infrastructure_normal_less/SAJE1V99AWI0_all__1.npy,Normal
Pistachio/VAD/vit-features/train/normal/infrastructure_normal_less/SAJE1V99AWI0_all__2.npy,Normal
Pistachio/VAD/vit-features/train/normal/infrastructure_normal_less/SAJE1V99AWI0_all__3.npy,Normal
Pistachio/VAD/vit-features/train/normal/infrastructure_normal_less/SAJE1V99AWI0_all__4.npy,Normal
Pistachio/VAD/vit-features/train/normal/infrastructure_normal_less/SAJE1V99AWI0_all__5.npy,Normal
Pistachio/VAD/vit-features/train/normal/infrastructure_normal_less/SAJE1V99AWI0_all__6.npy,Normal
Pistachio/VAD/vit-features/train/normal/infrastructure_normal_less/SAJE1V99AWI0_all__7.npy,Normal
Pistachio/VAD/vit-features/train/normal/infrastructure_normal_less/SAJE1V99AWI0_all__8.npy,Normal
Pistachio/VAD/vit-features/train/normal/infrastructure_normal_less/SAJE1V99AWI0_all__9.npy,Normal
Pistachio/VAD/vit-features/train/normal/infrastructure_normal_less/SFGZ9VULD1UG_all__0.npy,Normal
Pistachio/VAD/vit-features/train/normal/infrastructure_normal_less/SFGZ9VULD1UG_all__1.npy,Normal
Pistachio/VAD/vit-features/train/normal/infrastructure_normal_less/SFGZ9VULD1UG_all__2.npy,Normal
Pistachio/VAD/vit-features/train/normal/infrastructure_normal_less/SFGZ9VULD1UG_all__3.npy,Normal
Pistachio/VAD/vit-features/train/normal/infrastructure_normal_less/SFGZ9VULD1UG_all__4.npy,Normal
Pistachio/VAD/vit-features/train/normal/infrastructure_normal_less/SFGZ9VULD1UG_all__5.npy,Normal
Pistachio/VAD/vit-features/train/normal/infrastructure_normal_less/SFGZ9VULD1UG_all__6.npy,Normal
Pistachio/VAD/vit-features/train/normal/infrastructure_normal_less/SFGZ9VULD1UG_all__7.npy,Normal
Pistachio/VAD/vit-features/train/normal/infrastructure_normal_less/SFGZ9VULD1UG_all__8.npy,Normal
Pistachio/VAD/vit-features/train/normal/infrastructure_normal_less/SFGZ9VULD1UG_all__9.npy,Normal
Pistachio/VAD/vit-features/train/normal/infrastructure_normal_less/SGM6NJYZQW9G_all__0.npy,Normal
Pistachio/VAD/vit-features/train/normal/infrastructure_normal_less/SGM6NJYZQW9G_all__1.npy,Normal
Pistachio/VAD/vit-features/train/normal/infrastructure_normal_less/SGM6NJYZQW9G_all__2.npy,Normal
Pistachio/VAD/vit-features/train/normal/infrastructure_normal_less/SGM6NJYZQW9G_all__3.npy,Normal
Pistachio/VAD/vit-features/train/normal/infrastructure_normal_less/SGM6NJYZQW9G_all__4.npy,Normal
Pistachio/VAD/vit-features/train/normal/infrastructure_normal_less/SGM6NJYZQW9G_all__5.npy,Normal
Pistachio/VAD/vit-features/train/normal/infrastructure_normal_less/SGM6NJYZQW9G_all__6.npy,Normal
Pistachio/VAD/vit-features/train/normal/infrastructure_normal_less/SGM6NJYZQW9G_all__7.npy,Normal
Pistachio/VAD/vit-features/train/normal/infrastructure_normal_less/SGM6NJYZQW9G_all__8.npy,Normal
Pistachio/VAD/vit-features/train/normal/infrastructure_normal_less/SGM6NJYZQW9G_all__9.npy,Normal
Pistachio/VAD/vit-features/train/normal/infrastructure_normal_less/SRGIAH7GX5SJ_all__0.npy,Normal
Pistachio/VAD/vit-features/train/normal/infrastructure_normal_less/SRGIAH7GX5SJ_all__1.npy,Normal
Pistachio/VAD/vit-features/train/normal/infrastructure_normal_less/SRGIAH7GX5SJ_all__2.npy,Normal
Pistachio/VAD/vit-features/train/normal/infrastructure_normal_less/SRGIAH7GX5SJ_all__3.npy,Normal
Pistachio/VAD/vit-features/train/normal/infrastructure_normal_less/SRGIAH7GX5SJ_all__4.npy,Normal
Pistachio/VAD/vit-features/train/normal/infrastructure_normal_less/SRGIAH7GX5SJ_all__5.npy,Normal
Pistachio/VAD/vit-features/train/normal/infrastructure_normal_less/SRGIAH7GX5SJ_all__6.npy,Normal
Pistachio/VAD/vit-features/train/normal/infrastructure_normal_less/SRGIAH7GX5SJ_all__7.npy,Normal
Pistachio/VAD/vit-features/train/normal/infrastructure_normal_less/SRGIAH7GX5SJ_all__8.npy,Normal
Pistachio/VAD/vit-features/train/normal/infrastructure_normal_less/SRGIAH7GX5SJ_all__9.npy,Normal
Pistachio/VAD/vit-features/train/normal/infrastructure_normal_less/SRPVUOR51KRA_all__0.npy,Normal
Pistachio/VAD/vit-features/train/normal/infrastructure_normal_less/SRPVUOR51KRA_all__1.npy,Normal
Pistachio/VAD/vit-features/train/normal/infrastructure_normal_less/SRPVUOR51KRA_all__2.npy,Normal
Pistachio/VAD/vit-features/train/normal/infrastructure_normal_less/SRPVUOR51KRA_all__3.npy,Normal
Pistachio/VAD/vit-features/train/normal/infrastructure_normal_less/SRPVUOR51KRA_all__4.npy,Normal
Pistachio/VAD/vit-features/train/normal/infrastructure_normal_less/SRPVUOR51KRA_all__5.npy,Normal
Pistachio/VAD/vit-features/train/normal/infrastructure_normal_less/SRPVUOR51KRA_all__6.npy,Normal
Pistachio/VAD/vit-features/train/normal/infrastructure_normal_less/SRPVUOR51KRA_all__7.npy,Normal
Pistachio/VAD/vit-features/train/normal/infrastructure_normal_less/SRPVUOR51KRA_all__8.npy,Normal
Pistachio/VAD/vit-features/train/normal/infrastructure_normal_less/SRPVUOR51KRA_all__9.npy,Normal
Pistachio/VAD/vit-features/train/normal/infrastructure_normal_less/SZFGZ40ITA88_all__0.npy,Normal
Pistachio/VAD/vit-features/train/normal/infrastructure_normal_less/SZFGZ40ITA88_all__1.npy,Normal
Pistachio/VAD/vit-features/train/normal/infrastructure_normal_less/SZFGZ40ITA88_all__2.npy,Normal
Pistachio/VAD/vit-features/train/normal/infrastructure_normal_less/SZFGZ40ITA88_all__3.npy,Normal
Pistachio/VAD/vit-features/train/normal/infrastructure_normal_less/SZFGZ40ITA88_all__4.npy,Normal
Pistachio/VAD/vit-features/train/normal/infrastructure_normal_less/SZFGZ40ITA88_all__5.npy,Normal
Pistachio/VAD/vit-features/train/normal/infrastructure_normal_less/SZFGZ40ITA88_all__6.npy,Normal
Pistachio/VAD/vit-features/train/normal/infrastructure_normal_less/SZFGZ40ITA88_all__7.npy,Normal
Pistachio/VAD/vit-features/train/normal/infrastructure_normal_less/SZFGZ40ITA88_all__8.npy,Normal
Pistachio/VAD/vit-features/train/normal/infrastructure_normal_less/SZFGZ40ITA88_all__9.npy,Normal
Pistachio/VAD/vit-features/train/normal/infrastructure_normal_less/T38SNZGM58QY_all__0.npy,Normal
Pistachio/VAD/vit-features/train/normal/infrastructure_normal_less/T38SNZGM58QY_all__1.npy,Normal
Pistachio/VAD/vit-features/train/normal/infrastructure_normal_less/T38SNZGM58QY_all__2.npy,Normal
Pistachio/VAD/vit-features/train/normal/infrastructure_normal_less/T38SNZGM58QY_all__3.npy,Normal
Pistachio/VAD/vit-features/train/normal/infrastructure_normal_less/T38SNZGM58QY_all__4.npy,Normal
Pistachio/VAD/vit-features/train/normal/infrastructure_normal_less/T38SNZGM58QY_all__5.npy,Normal
Pistachio/VAD/vit-features/train/normal/infrastructure_normal_less/T38SNZGM58QY_all__6.npy,Normal
Pistachio/VAD/vit-features/train/normal/infrastructure_normal_less/T38SNZGM58QY_all__7.npy,Normal
Pistachio/VAD/vit-features/train/normal/infrastructure_normal_less/T38SNZGM58QY_all__8.npy,Normal
Pistachio/VAD/vit-features/train/normal/infrastructure_normal_less/T38SNZGM58QY_all__9.npy,Normal
Pistachio/VAD/vit-features/train/normal/infrastructure_normal_less/TAK1CWNIXY58_all__0.npy,Normal
Pistachio/VAD/vit-features/train/normal/infrastructure_normal_less/TAK1CWNIXY58_all__1.npy,Normal
Pistachio/VAD/vit-features/train/normal/infrastructure_normal_less/TAK1CWNIXY58_all__2.npy,Normal
Pistachio/VAD/vit-features/train/normal/infrastructure_normal_less/TAK1CWNIXY58_all__3.npy,Normal
Pistachio/VAD/vit-features/train/normal/infrastructure_normal_less/TAK1CWNIXY58_all__4.npy,Normal
Pistachio/VAD/vit-features/train/normal/infrastructure_normal_less/TAK1CWNIXY58_all__5.npy,Normal
Pistachio/VAD/vit-features/train/normal/infrastructure_normal_less/TAK1CWNIXY58_all__6.npy,Normal
Pistachio/VAD/vit-features/train/normal/infrastructure_normal_less/TAK1CWNIXY58_all__7.npy,Normal
Pistachio/VAD/vit-features/train/normal/infrastructure_normal_less/TAK1CWNIXY58_all__8.npy,Normal
Pistachio/VAD/vit-features/train/normal/infrastructure_normal_less/TAK1CWNIXY58_all__9.npy,Normal
Pistachio/VAD/vit-features/train/normal/infrastructure_normal_less/TVRJQK4VRXEA_all__0.npy,Normal
Pistachio/VAD/vit-features/train/normal/infrastructure_normal_less/TVRJQK4VRXEA_all__1.npy,Normal
Pistachio/VAD/vit-features/train/normal/infrastructure_normal_less/TVRJQK4VRXEA_all__2.npy,Normal
Pistachio/VAD/vit-features/train/normal/infrastructure_normal_less/TVRJQK4VRXEA_all__3.npy,Normal
Pistachio/VAD/vit-features/train/normal/infrastructure_normal_less/TVRJQK4VRXEA_all__4.npy,Normal
Pistachio/VAD/vit-features/train/normal/infrastructure_normal_less/TVRJQK4VRXEA_all__5.npy,Normal
Pistachio/VAD/vit-features/train/normal/infrastructure_normal_less/TVRJQK4VRXEA_all__6.npy,Normal
Pistachio/VAD/vit-features/train/normal/infrastructure_normal_less/TVRJQK4VRXEA_all__7.npy,Normal
Pistachio/VAD/vit-features/train/normal/infrastructure_normal_less/TVRJQK4VRXEA_all__8.npy,Normal
Pistachio/VAD/vit-features/train/normal/infrastructure_normal_less/TVRJQK4VRXEA_all__9.npy,Normal
Pistachio/VAD/vit-features/train/normal/infrastructure_normal_less/TXQQFEBJ7WOY_all__0.npy,Normal
Pistachio/VAD/vit-features/train/normal/infrastructure_normal_less/TXQQFEBJ7WOY_all__1.npy,Normal
Pistachio/VAD/vit-features/train/normal/infrastructure_normal_less/TXQQFEBJ7WOY_all__2.npy,Normal
Pistachio/VAD/vit-features/train/normal/infrastructure_normal_less/TXQQFEBJ7WOY_all__3.npy,Normal
Pistachio/VAD/vit-features/train/normal/infrastructure_normal_less/TXQQFEBJ7WOY_all__4.npy,Normal
Pistachio/VAD/vit-features/train/normal/infrastructure_normal_less/TXQQFEBJ7WOY_all__5.npy,Normal
Pistachio/VAD/vit-features/train/normal/infrastructure_normal_less/TXQQFEBJ7WOY_all__6.npy,Normal
Pistachio/VAD/vit-features/train/normal/infrastructure_normal_less/TXQQFEBJ7WOY_all__7.npy,Normal
Pistachio/VAD/vit-features/train/normal/infrastructure_normal_less/TXQQFEBJ7WOY_all__8.npy,Normal
Pistachio/VAD/vit-features/train/normal/infrastructure_normal_less/TXQQFEBJ7WOY_all__9.npy,Normal
Pistachio/VAD/vit-features/train/normal/infrastructure_normal_less/TY3ULUM99AI9_all__0.npy,Normal
Pistachio/VAD/vit-features/train/normal/infrastructure_normal_less/TY3ULUM99AI9_all__1.npy,Normal
Pistachio/VAD/vit-features/train/normal/infrastructure_normal_less/TY3ULUM99AI9_all__2.npy,Normal
Pistachio/VAD/vit-features/train/normal/infrastructure_normal_less/TY3ULUM99AI9_all__3.npy,Normal
Pistachio/VAD/vit-features/train/normal/infrastructure_normal_less/TY3ULUM99AI9_all__4.npy,Normal
Pistachio/VAD/vit-features/train/normal/infrastructure_normal_less/TY3ULUM99AI9_all__5.npy,Normal
Pistachio/VAD/vit-features/train/normal/infrastructure_normal_less/TY3ULUM99AI9_all__6.npy,Normal
Pistachio/VAD/vit-features/train/normal/infrastructure_normal_less/TY3ULUM99AI9_all__7.npy,Normal
Pistachio/VAD/vit-features/train/normal/infrastructure_normal_less/TY3ULUM99AI9_all__8.npy,Normal
Pistachio/VAD/vit-features/train/normal/infrastructure_normal_less/TY3ULUM99AI9_all__9.npy,Normal
Pistachio/VAD/vit-features/train/normal/infrastructure_normal_less/U7BF14N4QHZV_all__0.npy,Normal
Pistachio/VAD/vit-features/train/normal/infrastructure_normal_less/U7BF14N4QHZV_all__1.npy,Normal
Pistachio/VAD/vit-features/train/normal/infrastructure_normal_less/U7BF14N4QHZV_all__2.npy,Normal
Pistachio/VAD/vit-features/train/normal/infrastructure_normal_less/U7BF14N4QHZV_all__3.npy,Normal
Pistachio/VAD/vit-features/train/normal/infrastructure_normal_less/U7BF14N4QHZV_all__4.npy,Normal
Pistachio/VAD/vit-features/train/normal/infrastructure_normal_less/U7BF14N4QHZV_all__5.npy,Normal
Pistachio/VAD/vit-features/train/normal/infrastructure_normal_less/U7BF14N4QHZV_all__6.npy,Normal
Pistachio/VAD/vit-features/train/normal/infrastructure_normal_less/U7BF14N4QHZV_all__7.npy,Normal
Pistachio/VAD/vit-features/train/normal/infrastructure_normal_less/U7BF14N4QHZV_all__8.npy,Normal
Pistachio/VAD/vit-features/train/normal/infrastructure_normal_less/U7BF14N4QHZV_all__9.npy,Normal
Pistachio/VAD/vit-features/train/normal/infrastructure_normal_less/U8K9WPG4NNL3_all__0.npy,Normal
Pistachio/VAD/vit-features/train/normal/infrastructure_normal_less/U8K9WPG4NNL3_all__1.npy,Normal
Pistachio/VAD/vit-features/train/normal/infrastructure_normal_less/U8K9WPG4NNL3_all__2.npy,Normal
Pistachio/VAD/vit-features/train/normal/infrastructure_normal_less/U8K9WPG4NNL3_all__3.npy,Normal
Pistachio/VAD/vit-features/train/normal/infrastructure_normal_less/U8K9WPG4NNL3_all__4.npy,Normal
Pistachio/VAD/vit-features/train/normal/infrastructure_normal_less/U8K9WPG4NNL3_all__5.npy,Normal
Pistachio/VAD/vit-features/train/normal/infrastructure_normal_less/U8K9WPG4NNL3_all__6.npy,Normal
Pistachio/VAD/vit-features/train/normal/infrastructure_normal_less/U8K9WPG4NNL3_all__7.npy,Normal
Pistachio/VAD/vit-features/train/normal/infrastructure_normal_less/U8K9WPG4NNL3_all__8.npy,Normal
Pistachio/VAD/vit-features/train/normal/infrastructure_normal_less/U8K9WPG4NNL3_all__9.npy,Normal
Pistachio/VAD/vit-features/train/normal/infrastructure_normal_less/U8PN0KCLXR26_all__0.npy,Normal
Pistachio/VAD/vit-features/train/normal/infrastructure_normal_less/U8PN0KCLXR26_all__1.npy,Normal
Pistachio/VAD/vit-features/train/normal/infrastructure_normal_less/U8PN0KCLXR26_all__2.npy,Normal
Pistachio/VAD/vit-features/train/normal/infrastructure_normal_less/U8PN0KCLXR26_all__3.npy,Normal
Pistachio/VAD/vit-features/train/normal/infrastructure_normal_less/U8PN0KCLXR26_all__4.npy,Normal
Pistachio/VAD/vit-features/train/normal/infrastructure_normal_less/U8PN0KCLXR26_all__5.npy,Normal
Pistachio/VAD/vit-features/train/normal/infrastructure_normal_less/U8PN0KCLXR26_all__6.npy,Normal
Pistachio/VAD/vit-features/train/normal/infrastructure_normal_less/U8PN0KCLXR26_all__7.npy,Normal
Pistachio/VAD/vit-features/train/normal/infrastructure_normal_less/U8PN0KCLXR26_all__8.npy,Normal
Pistachio/VAD/vit-features/train/normal/infrastructure_normal_less/U8PN0KCLXR26_all__9.npy,Normal
Pistachio/VAD/vit-features/train/normal/infrastructure_normal_less/ULMSNBL1WX44_all__0.npy,Normal
Pistachio/VAD/vit-features/train/normal/infrastructure_normal_less/ULMSNBL1WX44_all__1.npy,Normal
Pistachio/VAD/vit-features/train/normal/infrastructure_normal_less/ULMSNBL1WX44_all__2.npy,Normal
Pistachio/VAD/vit-features/train/normal/infrastructure_normal_less/ULMSNBL1WX44_all__3.npy,Normal
Pistachio/VAD/vit-features/train/normal/infrastructure_normal_less/ULMSNBL1WX44_all__4.npy,Normal
Pistachio/VAD/vit-features/train/normal/infrastructure_normal_less/ULMSNBL1WX44_all__5.npy,Normal
Pistachio/VAD/vit-features/train/normal/infrastructure_normal_less/ULMSNBL1WX44_all__6.npy,Normal
Pistachio/VAD/vit-features/train/normal/infrastructure_normal_less/ULMSNBL1WX44_all__7.npy,Normal
Pistachio/VAD/vit-features/train/normal/infrastructure_normal_less/ULMSNBL1WX44_all__8.npy,Normal
Pistachio/VAD/vit-features/train/normal/infrastructure_normal_less/ULMSNBL1WX44_all__9.npy,Normal
Pistachio/VAD/vit-features/train/normal/infrastructure_normal_less/UQRV8G32XBZO_all__0.npy,Normal
Pistachio/VAD/vit-features/train/normal/infrastructure_normal_less/UQRV8G32XBZO_all__1.npy,Normal
Pistachio/VAD/vit-features/train/normal/infrastructure_normal_less/UQRV8G32XBZO_all__2.npy,Normal
Pistachio/VAD/vit-features/train/normal/infrastructure_normal_less/UQRV8G32XBZO_all__3.npy,Normal
Pistachio/VAD/vit-features/train/normal/infrastructure_normal_less/UQRV8G32XBZO_all__4.npy,Normal
Pistachio/VAD/vit-features/train/normal/infrastructure_normal_less/UQRV8G32XBZO_all__5.npy,Normal
Pistachio/VAD/vit-features/train/normal/infrastructure_normal_less/UQRV8G32XBZO_all__6.npy,Normal
Pistachio/VAD/vit-features/train/normal/infrastructure_normal_less/UQRV8G32XBZO_all__7.npy,Normal
Pistachio/VAD/vit-features/train/normal/infrastructure_normal_less/UQRV8G32XBZO_all__8.npy,Normal
Pistachio/VAD/vit-features/train/normal/infrastructure_normal_less/UQRV8G32XBZO_all__9.npy,Normal
Pistachio/VAD/vit-features/train/normal/infrastructure_normal_less/UTIPV1L5DL4O_all__0.npy,Normal
Pistachio/VAD/vit-features/train/normal/infrastructure_normal_less/UTIPV1L5DL4O_all__1.npy,Normal
Pistachio/VAD/vit-features/train/normal/infrastructure_normal_less/UTIPV1L5DL4O_all__2.npy,Normal
Pistachio/VAD/vit-features/train/normal/infrastructure_normal_less/UTIPV1L5DL4O_all__3.npy,Normal
Pistachio/VAD/vit-features/train/normal/infrastructure_normal_less/UTIPV1L5DL4O_all__4.npy,Normal
Pistachio/VAD/vit-features/train/normal/infrastructure_normal_less/UTIPV1L5DL4O_all__5.npy,Normal
Pistachio/VAD/vit-features/train/normal/infrastructure_normal_less/UTIPV1L5DL4O_all__6.npy,Normal
Pistachio/VAD/vit-features/train/normal/infrastructure_normal_less/UTIPV1L5DL4O_all__7.npy,Normal
Pistachio/VAD/vit-features/train/normal/infrastructure_normal_less/UTIPV1L5DL4O_all__8.npy,Normal
Pistachio/VAD/vit-features/train/normal/infrastructure_normal_less/UTIPV1L5DL4O_all__9.npy,Normal
Pistachio/VAD/vit-features/train/normal/infrastructure_normal_less/UU6WXXLDWUYW_all__0.npy,Normal
Pistachio/VAD/vit-features/train/normal/infrastructure_normal_less/UU6WXXLDWUYW_all__1.npy,Normal
Pistachio/VAD/vit-features/train/normal/infrastructure_normal_less/UU6WXXLDWUYW_all__2.npy,Normal
Pistachio/VAD/vit-features/train/normal/infrastructure_normal_less/UU6WXXLDWUYW_all__3.npy,Normal
Pistachio/VAD/vit-features/train/normal/infrastructure_normal_less/UU6WXXLDWUYW_all__4.npy,Normal
Pistachio/VAD/vit-features/train/normal/infrastructure_normal_less/UU6WXXLDWUYW_all__5.npy,Normal
Pistachio/VAD/vit-features/train/normal/infrastructure_normal_less/UU6WXXLDWUYW_all__6.npy,Normal
Pistachio/VAD/vit-features/train/normal/infrastructure_normal_less/UU6WXXLDWUYW_all__7.npy,Normal
Pistachio/VAD/vit-features/train/normal/infrastructure_normal_less/UU6WXXLDWUYW_all__8.npy,Normal
Pistachio/VAD/vit-features/train/normal/infrastructure_normal_less/UU6WXXLDWUYW_all__9.npy,Normal
Pistachio/VAD/vit-features/train/normal/infrastructure_normal_less/UVQ4D0NS0PLT_all__0.npy,Normal
Pistachio/VAD/vit-features/train/normal/infrastructure_normal_less/UVQ4D0NS0PLT_all__1.npy,Normal
Pistachio/VAD/vit-features/train/normal/infrastructure_normal_less/UVQ4D0NS0PLT_all__2.npy,Normal
Pistachio/VAD/vit-features/train/normal/infrastructure_normal_less/UVQ4D0NS0PLT_all__3.npy,Normal
Pistachio/VAD/vit-features/train/normal/infrastructure_normal_less/UVQ4D0NS0PLT_all__4.npy,Normal
Pistachio/VAD/vit-features/train/normal/infrastructure_normal_less/UVQ4D0NS0PLT_all__5.npy,Normal
Pistachio/VAD/vit-features/train/normal/infrastructure_normal_less/UVQ4D0NS0PLT_all__6.npy,Normal
Pistachio/VAD/vit-features/train/normal/infrastructure_normal_less/UVQ4D0NS0PLT_all__7.npy,Normal
Pistachio/VAD/vit-features/train/normal/infrastructure_normal_less/UVQ4D0NS0PLT_all__8.npy,Normal
Pistachio/VAD/vit-features/train/normal/infrastructure_normal_less/UVQ4D0NS0PLT_all__9.npy,Normal
Pistachio/VAD/vit-features/train/normal/infrastructure_normal_less/UYPDOJJR7ZTN_all__0.npy,Normal
Pistachio/VAD/vit-features/train/normal/infrastructure_normal_less/UYPDOJJR7ZTN_all__1.npy,Normal
Pistachio/VAD/vit-features/train/normal/infrastructure_normal_less/UYPDOJJR7ZTN_all__2.npy,Normal
Pistachio/VAD/vit-features/train/normal/infrastructure_normal_less/UYPDOJJR7ZTN_all__3.npy,Normal
Pistachio/VAD/vit-features/train/normal/infrastructure_normal_less/UYPDOJJR7ZTN_all__4.npy,Normal
Pistachio/VAD/vit-features/train/normal/infrastructure_normal_less/UYPDOJJR7ZTN_all__5.npy,Normal
Pistachio/VAD/vit-features/train/normal/infrastructure_normal_less/UYPDOJJR7ZTN_all__6.npy,Normal
Pistachio/VAD/vit-features/train/normal/infrastructure_normal_less/UYPDOJJR7ZTN_all__7.npy,Normal
Pistachio/VAD/vit-features/train/normal/infrastructure_normal_less/UYPDOJJR7ZTN_all__8.npy,Normal
Pistachio/VAD/vit-features/train/normal/infrastructure_normal_less/UYPDOJJR7ZTN_all__9.npy,Normal
Pistachio/VAD/vit-features/train/normal/infrastructure_normal_less/V72FFHP5EUL9_all__0.npy,Normal
Pistachio/VAD/vit-features/train/normal/infrastructure_normal_less/V72FFHP5EUL9_all__1.npy,Normal
Pistachio/VAD/vit-features/train/normal/infrastructure_normal_less/V72FFHP5EUL9_all__2.npy,Normal
Pistachio/VAD/vit-features/train/normal/infrastructure_normal_less/V72FFHP5EUL9_all__3.npy,Normal
Pistachio/VAD/vit-features/train/normal/infrastructure_normal_less/V72FFHP5EUL9_all__4.npy,Normal
Pistachio/VAD/vit-features/train/normal/infrastructure_normal_less/V72FFHP5EUL9_all__5.npy,Normal
Pistachio/VAD/vit-features/train/normal/infrastructure_normal_less/V72FFHP5EUL9_all__6.npy,Normal
Pistachio/VAD/vit-features/train/normal/infrastructure_normal_less/V72FFHP5EUL9_all__7.npy,Normal
Pistachio/VAD/vit-features/train/normal/infrastructure_normal_less/V72FFHP5EUL9_all__8.npy,Normal
Pistachio/VAD/vit-features/train/normal/infrastructure_normal_less/V72FFHP5EUL9_all__9.npy,Normal
Pistachio/VAD/vit-features/train/normal/infrastructure_normal_less/V7EXKQ29VW99_all__0.npy,Normal
Pistachio/VAD/vit-features/train/normal/infrastructure_normal_less/V7EXKQ29VW99_all__1.npy,Normal
Pistachio/VAD/vit-features/train/normal/infrastructure_normal_less/V7EXKQ29VW99_all__2.npy,Normal
Pistachio/VAD/vit-features/train/normal/infrastructure_normal_less/V7EXKQ29VW99_all__3.npy,Normal
Pistachio/VAD/vit-features/train/normal/infrastructure_normal_less/V7EXKQ29VW99_all__4.npy,Normal
Pistachio/VAD/vit-features/train/normal/infrastructure_normal_less/V7EXKQ29VW99_all__5.npy,Normal
Pistachio/VAD/vit-features/train/normal/infrastructure_normal_less/V7EXKQ29VW99_all__6.npy,Normal
Pistachio/VAD/vit-features/train/normal/infrastructure_normal_less/V7EXKQ29VW99_all__7.npy,Normal
Pistachio/VAD/vit-features/train/normal/infrastructure_normal_less/V7EXKQ29VW99_all__8.npy,Normal
Pistachio/VAD/vit-features/train/normal/infrastructure_normal_less/V7EXKQ29VW99_all__9.npy,Normal
Pistachio/VAD/vit-features/train/normal/infrastructure_normal_less/VFIZZ8G78MHL_all__0.npy,Normal
Pistachio/VAD/vit-features/train/normal/infrastructure_normal_less/VFIZZ8G78MHL_all__1.npy,Normal
Pistachio/VAD/vit-features/train/normal/infrastructure_normal_less/VFIZZ8G78MHL_all__2.npy,Normal
Pistachio/VAD/vit-features/train/normal/infrastructure_normal_less/VFIZZ8G78MHL_all__3.npy,Normal
Pistachio/VAD/vit-features/train/normal/infrastructure_normal_less/VFIZZ8G78MHL_all__4.npy,Normal
Pistachio/VAD/vit-features/train/normal/infrastructure_normal_less/VFIZZ8G78MHL_all__5.npy,Normal
Pistachio/VAD/vit-features/train/normal/infrastructure_normal_less/VFIZZ8G78MHL_all__6.npy,Normal
Pistachio/VAD/vit-features/train/normal/infrastructure_normal_less/VFIZZ8G78MHL_all__7.npy,Normal
Pistachio/VAD/vit-features/train/normal/infrastructure_normal_less/VFIZZ8G78MHL_all__8.npy,Normal
Pistachio/VAD/vit-features/train/normal/infrastructure_normal_less/VFIZZ8G78MHL_all__9.npy,Normal
Pistachio/VAD/vit-features/train/normal/infrastructure_normal_less/VQ4K4MGRDRZW_all__0.npy,Normal
Pistachio/VAD/vit-features/train/normal/infrastructure_normal_less/VQ4K4MGRDRZW_all__1.npy,Normal
Pistachio/VAD/vit-features/train/normal/infrastructure_normal_less/VQ4K4MGRDRZW_all__2.npy,Normal
Pistachio/VAD/vit-features/train/normal/infrastructure_normal_less/VQ4K4MGRDRZW_all__3.npy,Normal
Pistachio/VAD/vit-features/train/normal/infrastructure_normal_less/VQ4K4MGRDRZW_all__4.npy,Normal
Pistachio/VAD/vit-features/train/normal/infrastructure_normal_less/VQ4K4MGRDRZW_all__5.npy,Normal
Pistachio/VAD/vit-features/train/normal/infrastructure_normal_less/VQ4K4MGRDRZW_all__6.npy,Normal
Pistachio/VAD/vit-features/train/normal/infrastructure_normal_less/VQ4K4MGRDRZW_all__7.npy,Normal
Pistachio/VAD/vit-features/train/normal/infrastructure_normal_less/VQ4K4MGRDRZW_all__8.npy,Normal
Pistachio/VAD/vit-features/train/normal/infrastructure_normal_less/VQ4K4MGRDRZW_all__9.npy,Normal
Pistachio/VAD/vit-features/train/normal/infrastructure_normal_less/VWXCWK60OAZG_all__0.npy,Normal
Pistachio/VAD/vit-features/train/normal/infrastructure_normal_less/VWXCWK60OAZG_all__1.npy,Normal
Pistachio/VAD/vit-features/train/normal/infrastructure_normal_less/VWXCWK60OAZG_all__2.npy,Normal
Pistachio/VAD/vit-features/train/normal/infrastructure_normal_less/VWXCWK60OAZG_all__3.npy,Normal
Pistachio/VAD/vit-features/train/normal/infrastructure_normal_less/VWXCWK60OAZG_all__4.npy,Normal
Pistachio/VAD/vit-features/train/normal/infrastructure_normal_less/VWXCWK60OAZG_all__5.npy,Normal
Pistachio/VAD/vit-features/train/normal/infrastructure_normal_less/VWXCWK60OAZG_all__6.npy,Normal
Pistachio/VAD/vit-features/train/normal/infrastructure_normal_less/VWXCWK60OAZG_all__7.npy,Normal
Pistachio/VAD/vit-features/train/normal/infrastructure_normal_less/VWXCWK60OAZG_all__8.npy,Normal
Pistachio/VAD/vit-features/train/normal/infrastructure_normal_less/VWXCWK60OAZG_all__9.npy,Normal
Pistachio/VAD/vit-features/train/normal/infrastructure_normal_less/WSL7Q4MFCJ6H_all__0.npy,Normal
Pistachio/VAD/vit-features/train/normal/infrastructure_normal_less/WSL7Q4MFCJ6H_all__1.npy,Normal
Pistachio/VAD/vit-features/train/normal/infrastructure_normal_less/WSL7Q4MFCJ6H_all__2.npy,Normal
Pistachio/VAD/vit-features/train/normal/infrastructure_normal_less/WSL7Q4MFCJ6H_all__3.npy,Normal
Pistachio/VAD/vit-features/train/normal/infrastructure_normal_less/WSL7Q4MFCJ6H_all__4.npy,Normal
Pistachio/VAD/vit-features/train/normal/infrastructure_normal_less/WSL7Q4MFCJ6H_all__5.npy,Normal
Pistachio/VAD/vit-features/train/normal/infrastructure_normal_less/WSL7Q4MFCJ6H_all__6.npy,Normal
Pistachio/VAD/vit-features/train/normal/infrastructure_normal_less/WSL7Q4MFCJ6H_all__7.npy,Normal
Pistachio/VAD/vit-features/train/normal/infrastructure_normal_less/WSL7Q4MFCJ6H_all__8.npy,Normal
Pistachio/VAD/vit-features/train/normal/infrastructure_normal_less/WSL7Q4MFCJ6H_all__9.npy,Normal
Pistachio/VAD/vit-features/train/normal/infrastructure_normal_less/XHHXUECUNSUO_all__0.npy,Normal
Pistachio/VAD/vit-features/train/normal/infrastructure_normal_less/XHHXUECUNSUO_all__1.npy,Normal
Pistachio/VAD/vit-features/train/normal/infrastructure_normal_less/XHHXUECUNSUO_all__2.npy,Normal
Pistachio/VAD/vit-features/train/normal/infrastructure_normal_less/XHHXUECUNSUO_all__3.npy,Normal
Pistachio/VAD/vit-features/train/normal/infrastructure_normal_less/XHHXUECUNSUO_all__4.npy,Normal
Pistachio/VAD/vit-features/train/normal/infrastructure_normal_less/XHHXUECUNSUO_all__5.npy,Normal
Pistachio/VAD/vit-features/train/normal/infrastructure_normal_less/XHHXUECUNSUO_all__6.npy,Normal
Pistachio/VAD/vit-features/train/normal/infrastructure_normal_less/XHHXUECUNSUO_all__7.npy,Normal
Pistachio/VAD/vit-features/train/normal/infrastructure_normal_less/XHHXUECUNSUO_all__8.npy,Normal
Pistachio/VAD/vit-features/train/normal/infrastructure_normal_less/XHHXUECUNSUO_all__9.npy,Normal
Pistachio/VAD/vit-features/train/normal/infrastructure_normal_less/XPHMHH0I104I_all__0.npy,Normal
Pistachio/VAD/vit-features/train/normal/infrastructure_normal_less/XPHMHH0I104I_all__1.npy,Normal
Pistachio/VAD/vit-features/train/normal/infrastructure_normal_less/XPHMHH0I104I_all__2.npy,Normal
Pistachio/VAD/vit-features/train/normal/infrastructure_normal_less/XPHMHH0I104I_all__3.npy,Normal
Pistachio/VAD/vit-features/train/normal/infrastructure_normal_less/XPHMHH0I104I_all__4.npy,Normal
Pistachio/VAD/vit-features/train/normal/infrastructure_normal_less/XPHMHH0I104I_all__5.npy,Normal
Pistachio/VAD/vit-features/train/normal/infrastructure_normal_less/XPHMHH0I104I_all__6.npy,Normal
Pistachio/VAD/vit-features/train/normal/infrastructure_normal_less/XPHMHH0I104I_all__7.npy,Normal
Pistachio/VAD/vit-features/train/normal/infrastructure_normal_less/XPHMHH0I104I_all__8.npy,Normal
Pistachio/VAD/vit-features/train/normal/infrastructure_normal_less/XPHMHH0I104I_all__9.npy,Normal
Pistachio/VAD/vit-features/train/normal/infrastructure_normal_less/XVGACQ79YEYP_all__0.npy,Normal
Pistachio/VAD/vit-features/train/normal/infrastructure_normal_less/XVGACQ79YEYP_all__1.npy,Normal
Pistachio/VAD/vit-features/train/normal/infrastructure_normal_less/XVGACQ79YEYP_all__2.npy,Normal
Pistachio/VAD/vit-features/train/normal/infrastructure_normal_less/XVGACQ79YEYP_all__3.npy,Normal
Pistachio/VAD/vit-features/train/normal/infrastructure_normal_less/XVGACQ79YEYP_all__4.npy,Normal
Pistachio/VAD/vit-features/train/normal/infrastructure_normal_less/XVGACQ79YEYP_all__5.npy,Normal
Pistachio/VAD/vit-features/train/normal/infrastructure_normal_less/XVGACQ79YEYP_all__6.npy,Normal
Pistachio/VAD/vit-features/train/normal/infrastructure_normal_less/XVGACQ79YEYP_all__7.npy,Normal
Pistachio/VAD/vit-features/train/normal/infrastructure_normal_less/XVGACQ79YEYP_all__8.npy,Normal
Pistachio/VAD/vit-features/train/normal/infrastructure_normal_less/XVGACQ79YEYP_all__9.npy,Normal
Pistachio/VAD/vit-features/train/normal/infrastructure_normal_less/Y5S9RL7GXHN0_all__0.npy,Normal
Pistachio/VAD/vit-features/train/normal/infrastructure_normal_less/Y5S9RL7GXHN0_all__1.npy,Normal
Pistachio/VAD/vit-features/train/normal/infrastructure_normal_less/Y5S9RL7GXHN0_all__2.npy,Normal
Pistachio/VAD/vit-features/train/normal/infrastructure_normal_less/Y5S9RL7GXHN0_all__3.npy,Normal
Pistachio/VAD/vit-features/train/normal/infrastructure_normal_less/Y5S9RL7GXHN0_all__4.npy,Normal
Pistachio/VAD/vit-features/train/normal/infrastructure_normal_less/Y5S9RL7GXHN0_all__5.npy,Normal
Pistachio/VAD/vit-features/train/normal/infrastructure_normal_less/Y5S9RL7GXHN0_all__6.npy,Normal
Pistachio/VAD/vit-features/train/normal/infrastructure_normal_less/Y5S9RL7GXHN0_all__7.npy,Normal
Pistachio/VAD/vit-features/train/normal/infrastructure_normal_less/Y5S9RL7GXHN0_all__8.npy,Normal
Pistachio/VAD/vit-features/train/normal/infrastructure_normal_less/Y5S9RL7GXHN0_all__9.npy,Normal
Pistachio/VAD/vit-features/train/normal/infrastructure_normal_less/Y87JYNQFV8B8_all__0.npy,Normal
Pistachio/VAD/vit-features/train/normal/infrastructure_normal_less/Y87JYNQFV8B8_all__1.npy,Normal
Pistachio/VAD/vit-features/train/normal/infrastructure_normal_less/Y87JYNQFV8B8_all__2.npy,Normal
Pistachio/VAD/vit-features/train/normal/infrastructure_normal_less/Y87JYNQFV8B8_all__3.npy,Normal
Pistachio/VAD/vit-features/train/normal/infrastructure_normal_less/Y87JYNQFV8B8_all__4.npy,Normal
Pistachio/VAD/vit-features/train/normal/infrastructure_normal_less/Y87JYNQFV8B8_all__5.npy,Normal
Pistachio/VAD/vit-features/train/normal/infrastructure_normal_less/Y87JYNQFV8B8_all__6.npy,Normal
Pistachio/VAD/vit-features/train/normal/infrastructure_normal_less/Y87JYNQFV8B8_all__7.npy,Normal
Pistachio/VAD/vit-features/train/normal/infrastructure_normal_less/Y87JYNQFV8B8_all__8.npy,Normal
Pistachio/VAD/vit-features/train/normal/infrastructure_normal_less/Y87JYNQFV8B8_all__9.npy,Normal
Pistachio/VAD/vit-features/train/normal/infrastructure_normal_less/YG7Y401L9MNC_all__0.npy,Normal
Pistachio/VAD/vit-features/train/normal/infrastructure_normal_less/YG7Y401L9MNC_all__1.npy,Normal
Pistachio/VAD/vit-features/train/normal/infrastructure_normal_less/YG7Y401L9MNC_all__2.npy,Normal
Pistachio/VAD/vit-features/train/normal/infrastructure_normal_less/YG7Y401L9MNC_all__3.npy,Normal
Pistachio/VAD/vit-features/train/normal/infrastructure_normal_less/YG7Y401L9MNC_all__4.npy,Normal
Pistachio/VAD/vit-features/train/normal/infrastructure_normal_less/YG7Y401L9MNC_all__5.npy,Normal
Pistachio/VAD/vit-features/train/normal/infrastructure_normal_less/YG7Y401L9MNC_all__6.npy,Normal
Pistachio/VAD/vit-features/train/normal/infrastructure_normal_less/YG7Y401L9MNC_all__7.npy,Normal
Pistachio/VAD/vit-features/train/normal/infrastructure_normal_less/YG7Y401L9MNC_all__8.npy,Normal
Pistachio/VAD/vit-features/train/normal/infrastructure_normal_less/YG7Y401L9MNC_all__9.npy,Normal
Pistachio/VAD/vit-features/train/normal/infrastructure_normal_less/bv43_jpg.rf.d08acb3487edf7442e31df5ec0399bd2_all__0.npy,Normal
Pistachio/VAD/vit-features/train/normal/infrastructure_normal_less/bv43_jpg.rf.d08acb3487edf7442e31df5ec0399bd2_all__1.npy,Normal
Pistachio/VAD/vit-features/train/normal/infrastructure_normal_less/bv43_jpg.rf.d08acb3487edf7442e31df5ec0399bd2_all__2.npy,Normal
Pistachio/VAD/vit-features/train/normal/infrastructure_normal_less/bv43_jpg.rf.d08acb3487edf7442e31df5ec0399bd2_all__3.npy,Normal
Pistachio/VAD/vit-features/train/normal/infrastructure_normal_less/bv43_jpg.rf.d08acb3487edf7442e31df5ec0399bd2_all__4.npy,Normal
Pistachio/VAD/vit-features/train/normal/infrastructure_normal_less/bv43_jpg.rf.d08acb3487edf7442e31df5ec0399bd2_all__5.npy,Normal
Pistachio/VAD/vit-features/train/normal/infrastructure_normal_less/bv43_jpg.rf.d08acb3487edf7442e31df5ec0399bd2_all__6.npy,Normal
Pistachio/VAD/vit-features/train/normal/infrastructure_normal_less/bv43_jpg.rf.d08acb3487edf7442e31df5ec0399bd2_all__7.npy,Normal
Pistachio/VAD/vit-features/train/normal/infrastructure_normal_less/bv43_jpg.rf.d08acb3487edf7442e31df5ec0399bd2_all__8.npy,Normal
Pistachio/VAD/vit-features/train/normal/infrastructure_normal_less/bv43_jpg.rf.d08acb3487edf7442e31df5ec0399bd2_all__9.npy,Normal
Pistachio/VAD/vit-features/train/normal/infrastructure_normal_less/bv44_jpg.rf.25e101888a2c88d12d17412e58d50bfe_all__0.npy,Normal
Pistachio/VAD/vit-features/train/normal/infrastructure_normal_less/bv44_jpg.rf.25e101888a2c88d12d17412e58d50bfe_all__1.npy,Normal
Pistachio/VAD/vit-features/train/normal/infrastructure_normal_less/bv44_jpg.rf.25e101888a2c88d12d17412e58d50bfe_all__2.npy,Normal
Pistachio/VAD/vit-features/train/normal/infrastructure_normal_less/bv44_jpg.rf.25e101888a2c88d12d17412e58d50bfe_all__3.npy,Normal
Pistachio/VAD/vit-features/train/normal/infrastructure_normal_less/bv44_jpg.rf.25e101888a2c88d12d17412e58d50bfe_all__4.npy,Normal
Pistachio/VAD/vit-features/train/normal/infrastructure_normal_less/bv44_jpg.rf.25e101888a2c88d12d17412e58d50bfe_all__5.npy,Normal
Pistachio/VAD/vit-features/train/normal/infrastructure_normal_less/bv44_jpg.rf.25e101888a2c88d12d17412e58d50bfe_all__6.npy,Normal
Pistachio/VAD/vit-features/train/normal/infrastructure_normal_less/bv44_jpg.rf.25e101888a2c88d12d17412e58d50bfe_all__7.npy,Normal
Pistachio/VAD/vit-features/train/normal/infrastructure_normal_less/bv44_jpg.rf.25e101888a2c88d12d17412e58d50bfe_all__8.npy,Normal
Pistachio/VAD/vit-features/train/normal/infrastructure_normal_less/bv44_jpg.rf.25e101888a2c88d12d17412e58d50bfe_all__9.npy,Normal
Pistachio/VAD/vit-features/train/normal/infrastructure_normal_less/bv45_jpg.rf.11d0268c7b742c1a3fde8ce2d6f71de4_all__0.npy,Normal
Pistachio/VAD/vit-features/train/normal/infrastructure_normal_less/bv45_jpg.rf.11d0268c7b742c1a3fde8ce2d6f71de4_all__1.npy,Normal
Pistachio/VAD/vit-features/train/normal/infrastructure_normal_less/bv45_jpg.rf.11d0268c7b742c1a3fde8ce2d6f71de4_all__2.npy,Normal
Pistachio/VAD/vit-features/train/normal/infrastructure_normal_less/bv45_jpg.rf.11d0268c7b742c1a3fde8ce2d6f71de4_all__3.npy,Normal
Pistachio/VAD/vit-features/train/normal/infrastructure_normal_less/bv45_jpg.rf.11d0268c7b742c1a3fde8ce2d6f71de4_all__4.npy,Normal
Pistachio/VAD/vit-features/train/normal/infrastructure_normal_less/bv45_jpg.rf.11d0268c7b742c1a3fde8ce2d6f71de4_all__5.npy,Normal
Pistachio/VAD/vit-features/train/normal/infrastructure_normal_less/bv45_jpg.rf.11d0268c7b742c1a3fde8ce2d6f71de4_all__6.npy,Normal
Pistachio/VAD/vit-features/train/normal/infrastructure_normal_less/bv45_jpg.rf.11d0268c7b742c1a3fde8ce2d6f71de4_all__7.npy,Normal
Pistachio/VAD/vit-features/train/normal/infrastructure_normal_less/bv45_jpg.rf.11d0268c7b742c1a3fde8ce2d6f71de4_all__8.npy,Normal
Pistachio/VAD/vit-features/train/normal/infrastructure_normal_less/bv45_jpg.rf.11d0268c7b742c1a3fde8ce2d6f71de4_all__9.npy,Normal
Pistachio/VAD/vit-features/train/normal/infrastructure_normal_less/bv48_jpg.rf.98ac940d303b146dce29bd245768b756_all__0.npy,Normal
Pistachio/VAD/vit-features/train/normal/infrastructure_normal_less/bv48_jpg.rf.98ac940d303b146dce29bd245768b756_all__1.npy,Normal
Pistachio/VAD/vit-features/train/normal/infrastructure_normal_less/bv48_jpg.rf.98ac940d303b146dce29bd245768b756_all__2.npy,Normal
Pistachio/VAD/vit-features/train/normal/infrastructure_normal_less/bv48_jpg.rf.98ac940d303b146dce29bd245768b756_all__3.npy,Normal
Pistachio/VAD/vit-features/train/normal/infrastructure_normal_less/bv48_jpg.rf.98ac940d303b146dce29bd245768b756_all__4.npy,Normal
Pistachio/VAD/vit-features/train/normal/infrastructure_normal_less/bv48_jpg.rf.98ac940d303b146dce29bd245768b756_all__5.npy,Normal
Pistachio/VAD/vit-features/train/normal/infrastructure_normal_less/bv48_jpg.rf.98ac940d303b146dce29bd245768b756_all__6.npy,Normal
Pistachio/VAD/vit-features/train/normal/infrastructure_normal_less/bv48_jpg.rf.98ac940d303b146dce29bd245768b756_all__7.npy,Normal
Pistachio/VAD/vit-features/train/normal/infrastructure_normal_less/bv48_jpg.rf.98ac940d303b146dce29bd245768b756_all__8.npy,Normal
Pistachio/VAD/vit-features/train/normal/infrastructure_normal_less/bv48_jpg.rf.98ac940d303b146dce29bd245768b756_all__9.npy,Normal
Pistachio/VAD/vit-features/train/normal/infrastructure_normal_less/bv52_jpg.rf.5b328623593a6626cd8507511a9fc1a4_all__0.npy,Normal
Pistachio/VAD/vit-features/train/normal/infrastructure_normal_less/bv52_jpg.rf.5b328623593a6626cd8507511a9fc1a4_all__1.npy,Normal
Pistachio/VAD/vit-features/train/normal/infrastructure_normal_less/bv52_jpg.rf.5b328623593a6626cd8507511a9fc1a4_all__2.npy,Normal
Pistachio/VAD/vit-features/train/normal/infrastructure_normal_less/bv52_jpg.rf.5b328623593a6626cd8507511a9fc1a4_all__3.npy,Normal
Pistachio/VAD/vit-features/train/normal/infrastructure_normal_less/bv52_jpg.rf.5b328623593a6626cd8507511a9fc1a4_all__4.npy,Normal
Pistachio/VAD/vit-features/train/normal/infrastructure_normal_less/bv52_jpg.rf.5b328623593a6626cd8507511a9fc1a4_all__5.npy,Normal
Pistachio/VAD/vit-features/train/normal/infrastructure_normal_less/bv52_jpg.rf.5b328623593a6626cd8507511a9fc1a4_all__6.npy,Normal
Pistachio/VAD/vit-features/train/normal/infrastructure_normal_less/bv52_jpg.rf.5b328623593a6626cd8507511a9fc1a4_all__7.npy,Normal
Pistachio/VAD/vit-features/train/normal/infrastructure_normal_less/bv52_jpg.rf.5b328623593a6626cd8507511a9fc1a4_all__8.npy,Normal
Pistachio/VAD/vit-features/train/normal/infrastructure_normal_less/bv52_jpg.rf.5b328623593a6626cd8507511a9fc1a4_all__9.npy,Normal
Pistachio/VAD/vit-features/train/normal/infrastructure_normal_less/bv62_jpg.rf.1023e3fbbeff62e964c0fb5f99f19937_all__0.npy,Normal
Pistachio/VAD/vit-features/train/normal/infrastructure_normal_less/bv62_jpg.rf.1023e3fbbeff62e964c0fb5f99f19937_all__1.npy,Normal
Pistachio/VAD/vit-features/train/normal/infrastructure_normal_less/bv62_jpg.rf.1023e3fbbeff62e964c0fb5f99f19937_all__2.npy,Normal
Pistachio/VAD/vit-features/train/normal/infrastructure_normal_less/bv62_jpg.rf.1023e3fbbeff62e964c0fb5f99f19937_all__3.npy,Normal
Pistachio/VAD/vit-features/train/normal/infrastructure_normal_less/bv62_jpg.rf.1023e3fbbeff62e964c0fb5f99f19937_all__4.npy,Normal
Pistachio/VAD/vit-features/train/normal/infrastructure_normal_less/bv62_jpg.rf.1023e3fbbeff62e964c0fb5f99f19937_all__5.npy,Normal
Pistachio/VAD/vit-features/train/normal/infrastructure_normal_less/bv62_jpg.rf.1023e3fbbeff62e964c0fb5f99f19937_all__6.npy,Normal
Pistachio/VAD/vit-features/train/normal/infrastructure_normal_less/bv62_jpg.rf.1023e3fbbeff62e964c0fb5f99f19937_all__7.npy,Normal
Pistachio/VAD/vit-features/train/normal/infrastructure_normal_less/bv62_jpg.rf.1023e3fbbeff62e964c0fb5f99f19937_all__8.npy,Normal
Pistachio/VAD/vit-features/train/normal/infrastructure_normal_less/bv62_jpg.rf.1023e3fbbeff62e964c0fb5f99f19937_all__9.npy,Normal
Pistachio/VAD/vit-features/train/normal/infrastructure_normal_less/bv64_jpg.rf.192c7f7fb4db89bc931bb8b7c00c1b68_all__0.npy,Normal
Pistachio/VAD/vit-features/train/normal/infrastructure_normal_less/bv64_jpg.rf.192c7f7fb4db89bc931bb8b7c00c1b68_all__1.npy,Normal
Pistachio/VAD/vit-features/train/normal/infrastructure_normal_less/bv64_jpg.rf.192c7f7fb4db89bc931bb8b7c00c1b68_all__2.npy,Normal
Pistachio/VAD/vit-features/train/normal/infrastructure_normal_less/bv64_jpg.rf.192c7f7fb4db89bc931bb8b7c00c1b68_all__3.npy,Normal
Pistachio/VAD/vit-features/train/normal/infrastructure_normal_less/bv64_jpg.rf.192c7f7fb4db89bc931bb8b7c00c1b68_all__4.npy,Normal
Pistachio/VAD/vit-features/train/normal/infrastructure_normal_less/bv64_jpg.rf.192c7f7fb4db89bc931bb8b7c00c1b68_all__5.npy,Normal
Pistachio/VAD/vit-features/train/normal/infrastructure_normal_less/bv64_jpg.rf.192c7f7fb4db89bc931bb8b7c00c1b68_all__6.npy,Normal
Pistachio/VAD/vit-features/train/normal/infrastructure_normal_less/bv64_jpg.rf.192c7f7fb4db89bc931bb8b7c00c1b68_all__7.npy,Normal
Pistachio/VAD/vit-features/train/normal/infrastructure_normal_less/bv64_jpg.rf.192c7f7fb4db89bc931bb8b7c00c1b68_all__8.npy,Normal
Pistachio/VAD/vit-features/train/normal/infrastructure_normal_less/bv64_jpg.rf.192c7f7fb4db89bc931bb8b7c00c1b68_all__9.npy,Normal
Pistachio/VAD/vit-features/train/normal/infrastructure_normal_less/bv66_jpg.rf.55fbb2dd06a53fa5488405a5827322a5_all__0.npy,Normal
Pistachio/VAD/vit-features/train/normal/infrastructure_normal_less/bv66_jpg.rf.55fbb2dd06a53fa5488405a5827322a5_all__1.npy,Normal
Pistachio/VAD/vit-features/train/normal/infrastructure_normal_less/bv66_jpg.rf.55fbb2dd06a53fa5488405a5827322a5_all__2.npy,Normal
Pistachio/VAD/vit-features/train/normal/infrastructure_normal_less/bv66_jpg.rf.55fbb2dd06a53fa5488405a5827322a5_all__3.npy,Normal
Pistachio/VAD/vit-features/train/normal/infrastructure_normal_less/bv66_jpg.rf.55fbb2dd06a53fa5488405a5827322a5_all__4.npy,Normal
Pistachio/VAD/vit-features/train/normal/infrastructure_normal_less/bv66_jpg.rf.55fbb2dd06a53fa5488405a5827322a5_all__5.npy,Normal
Pistachio/VAD/vit-features/train/normal/infrastructure_normal_less/bv66_jpg.rf.55fbb2dd06a53fa5488405a5827322a5_all__6.npy,Normal
Pistachio/VAD/vit-features/train/normal/infrastructure_normal_less/bv66_jpg.rf.55fbb2dd06a53fa5488405a5827322a5_all__7.npy,Normal
Pistachio/VAD/vit-features/train/normal/infrastructure_normal_less/bv66_jpg.rf.55fbb2dd06a53fa5488405a5827322a5_all__8.npy,Normal
Pistachio/VAD/vit-features/train/normal/infrastructure_normal_less/bv66_jpg.rf.55fbb2dd06a53fa5488405a5827322a5_all__9.npy,Normal
Pistachio/VAD/vit-features/train/normal/infrastructure_normal_less/bv71_jpg.rf.ad1db7f40cc23e4cea4ebc86274cadb6_all__0.npy,Normal
Pistachio/VAD/vit-features/train/normal/infrastructure_normal_less/bv71_jpg.rf.ad1db7f40cc23e4cea4ebc86274cadb6_all__1.npy,Normal
Pistachio/VAD/vit-features/train/normal/infrastructure_normal_less/bv71_jpg.rf.ad1db7f40cc23e4cea4ebc86274cadb6_all__2.npy,Normal
Pistachio/VAD/vit-features/train/normal/infrastructure_normal_less/bv71_jpg.rf.ad1db7f40cc23e4cea4ebc86274cadb6_all__3.npy,Normal
Pistachio/VAD/vit-features/train/normal/infrastructure_normal_less/bv71_jpg.rf.ad1db7f40cc23e4cea4ebc86274cadb6_all__4.npy,Normal
Pistachio/VAD/vit-features/train/normal/infrastructure_normal_less/bv71_jpg.rf.ad1db7f40cc23e4cea4ebc86274cadb6_all__5.npy,Normal
Pistachio/VAD/vit-features/train/normal/infrastructure_normal_less/bv71_jpg.rf.ad1db7f40cc23e4cea4ebc86274cadb6_all__6.npy,Normal
Pistachio/VAD/vit-features/train/normal/infrastructure_normal_less/bv71_jpg.rf.ad1db7f40cc23e4cea4ebc86274cadb6_all__7.npy,Normal
Pistachio/VAD/vit-features/train/normal/infrastructure_normal_less/bv71_jpg.rf.ad1db7f40cc23e4cea4ebc86274cadb6_all__8.npy,Normal
Pistachio/VAD/vit-features/train/normal/infrastructure_normal_less/bv71_jpg.rf.ad1db7f40cc23e4cea4ebc86274cadb6_all__9.npy,Normal
Pistachio/VAD/vit-features/train/normal/infrastructure_normal_less/bv72_jpg.rf.9819efcce119a38939eaaf4ad38e103c_all__0.npy,Normal
Pistachio/VAD/vit-features/train/normal/infrastructure_normal_less/bv72_jpg.rf.9819efcce119a38939eaaf4ad38e103c_all__1.npy,Normal
Pistachio/VAD/vit-features/train/normal/infrastructure_normal_less/bv72_jpg.rf.9819efcce119a38939eaaf4ad38e103c_all__2.npy,Normal
Pistachio/VAD/vit-features/train/normal/infrastructure_normal_less/bv72_jpg.rf.9819efcce119a38939eaaf4ad38e103c_all__3.npy,Normal
Pistachio/VAD/vit-features/train/normal/infrastructure_normal_less/bv72_jpg.rf.9819efcce119a38939eaaf4ad38e103c_all__4.npy,Normal
Pistachio/VAD/vit-features/train/normal/infrastructure_normal_less/bv72_jpg.rf.9819efcce119a38939eaaf4ad38e103c_all__5.npy,Normal
Pistachio/VAD/vit-features/train/normal/infrastructure_normal_less/bv72_jpg.rf.9819efcce119a38939eaaf4ad38e103c_all__6.npy,Normal
Pistachio/VAD/vit-features/train/normal/infrastructure_normal_less/bv72_jpg.rf.9819efcce119a38939eaaf4ad38e103c_all__7.npy,Normal
Pistachio/VAD/vit-features/train/normal/infrastructure_normal_less/bv72_jpg.rf.9819efcce119a38939eaaf4ad38e103c_all__8.npy,Normal
Pistachio/VAD/vit-features/train/normal/infrastructure_normal_less/bv72_jpg.rf.9819efcce119a38939eaaf4ad38e103c_all__9.npy,Normal
Pistachio/VAD/vit-features/train/normal/infrastructure_normal_less/bv75_jpg.rf.c201c16a0f15180034b95ba593080cc1_all__0.npy,Normal
Pistachio/VAD/vit-features/train/normal/infrastructure_normal_less/bv75_jpg.rf.c201c16a0f15180034b95ba593080cc1_all__1.npy,Normal
Pistachio/VAD/vit-features/train/normal/infrastructure_normal_less/bv75_jpg.rf.c201c16a0f15180034b95ba593080cc1_all__2.npy,Normal
Pistachio/VAD/vit-features/train/normal/infrastructure_normal_less/bv75_jpg.rf.c201c16a0f15180034b95ba593080cc1_all__3.npy,Normal
Pistachio/VAD/vit-features/train/normal/infrastructure_normal_less/bv75_jpg.rf.c201c16a0f15180034b95ba593080cc1_all__4.npy,Normal
Pistachio/VAD/vit-features/train/normal/infrastructure_normal_less/bv75_jpg.rf.c201c16a0f15180034b95ba593080cc1_all__5.npy,Normal
Pistachio/VAD/vit-features/train/normal/infrastructure_normal_less/bv75_jpg.rf.c201c16a0f15180034b95ba593080cc1_all__6.npy,Normal
Pistachio/VAD/vit-features/train/normal/infrastructure_normal_less/bv75_jpg.rf.c201c16a0f15180034b95ba593080cc1_all__7.npy,Normal
Pistachio/VAD/vit-features/train/normal/infrastructure_normal_less/bv75_jpg.rf.c201c16a0f15180034b95ba593080cc1_all__8.npy,Normal
Pistachio/VAD/vit-features/train/normal/infrastructure_normal_less/bv75_jpg.rf.c201c16a0f15180034b95ba593080cc1_all__9.npy,Normal
Pistachio/VAD/vit-features/train/normal/infrastructure_normal_less/bv84_jpg.rf.eb60fc321ba9e45921a08e2318882110_all__0.npy,Normal
Pistachio/VAD/vit-features/train/normal/infrastructure_normal_less/bv84_jpg.rf.eb60fc321ba9e45921a08e2318882110_all__1.npy,Normal
Pistachio/VAD/vit-features/train/normal/infrastructure_normal_less/bv84_jpg.rf.eb60fc321ba9e45921a08e2318882110_all__2.npy,Normal
Pistachio/VAD/vit-features/train/normal/infrastructure_normal_less/bv84_jpg.rf.eb60fc321ba9e45921a08e2318882110_all__3.npy,Normal
Pistachio/VAD/vit-features/train/normal/infrastructure_normal_less/bv84_jpg.rf.eb60fc321ba9e45921a08e2318882110_all__4.npy,Normal
Pistachio/VAD/vit-features/train/normal/infrastructure_normal_less/bv84_jpg.rf.eb60fc321ba9e45921a08e2318882110_all__5.npy,Normal
Pistachio/VAD/vit-features/train/normal/infrastructure_normal_less/bv84_jpg.rf.eb60fc321ba9e45921a08e2318882110_all__6.npy,Normal
Pistachio/VAD/vit-features/train/normal/infrastructure_normal_less/bv84_jpg.rf.eb60fc321ba9e45921a08e2318882110_all__7.npy,Normal
Pistachio/VAD/vit-features/train/normal/infrastructure_normal_less/bv84_jpg.rf.eb60fc321ba9e45921a08e2318882110_all__8.npy,Normal
Pistachio/VAD/vit-features/train/normal/infrastructure_normal_less/bv84_jpg.rf.eb60fc321ba9e45921a08e2318882110_all__9.npy,Normal
Pistachio/VAD/vit-features/train/normal/infrastructure_normal_less/bv88_jpg.rf.4412560442d63a707d81ff2b296e8453_all__0.npy,Normal
Pistachio/VAD/vit-features/train/normal/infrastructure_normal_less/bv88_jpg.rf.4412560442d63a707d81ff2b296e8453_all__1.npy,Normal
Pistachio/VAD/vit-features/train/normal/infrastructure_normal_less/bv88_jpg.rf.4412560442d63a707d81ff2b296e8453_all__2.npy,Normal
Pistachio/VAD/vit-features/train/normal/infrastructure_normal_less/bv88_jpg.rf.4412560442d63a707d81ff2b296e8453_all__3.npy,Normal
Pistachio/VAD/vit-features/train/normal/infrastructure_normal_less/bv88_jpg.rf.4412560442d63a707d81ff2b296e8453_all__4.npy,Normal
Pistachio/VAD/vit-features/train/normal/infrastructure_normal_less/bv88_jpg.rf.4412560442d63a707d81ff2b296e8453_all__5.npy,Normal
Pistachio/VAD/vit-features/train/normal/infrastructure_normal_less/bv88_jpg.rf.4412560442d63a707d81ff2b296e8453_all__6.npy,Normal
Pistachio/VAD/vit-features/train/normal/infrastructure_normal_less/bv88_jpg.rf.4412560442d63a707d81ff2b296e8453_all__7.npy,Normal
Pistachio/VAD/vit-features/train/normal/infrastructure_normal_less/bv88_jpg.rf.4412560442d63a707d81ff2b296e8453_all__8.npy,Normal
Pistachio/VAD/vit-features/train/normal/infrastructure_normal_less/bv88_jpg.rf.4412560442d63a707d81ff2b296e8453_all__9.npy,Normal
Pistachio/VAD/vit-features/train/normal/infrastructure_normal_less/bv98_jpg.rf.16e5d6ae8ad1bed7610d2b092bc68786_all__0.npy,Normal
Pistachio/VAD/vit-features/train/normal/infrastructure_normal_less/bv98_jpg.rf.16e5d6ae8ad1bed7610d2b092bc68786_all__1.npy,Normal
Pistachio/VAD/vit-features/train/normal/infrastructure_normal_less/bv98_jpg.rf.16e5d6ae8ad1bed7610d2b092bc68786_all__2.npy,Normal
Pistachio/VAD/vit-features/train/normal/infrastructure_normal_less/bv98_jpg.rf.16e5d6ae8ad1bed7610d2b092bc68786_all__3.npy,Normal
Pistachio/VAD/vit-features/train/normal/infrastructure_normal_less/bv98_jpg.rf.16e5d6ae8ad1bed7610d2b092bc68786_all__4.npy,Normal
Pistachio/VAD/vit-features/train/normal/infrastructure_normal_less/bv98_jpg.rf.16e5d6ae8ad1bed7610d2b092bc68786_all__5.npy,Normal
Pistachio/VAD/vit-features/train/normal/infrastructure_normal_less/bv98_jpg.rf.16e5d6ae8ad1bed7610d2b092bc68786_all__6.npy,Normal
Pistachio/VAD/vit-features/train/normal/infrastructure_normal_less/bv98_jpg.rf.16e5d6ae8ad1bed7610d2b092bc68786_all__7.npy,Normal
Pistachio/VAD/vit-features/train/normal/infrastructure_normal_less/bv98_jpg.rf.16e5d6ae8ad1bed7610d2b092bc68786_all__8.npy,Normal
Pistachio/VAD/vit-features/train/normal/infrastructure_normal_less/bv98_jpg.rf.16e5d6ae8ad1bed7610d2b092bc68786_all__9.npy,Normal
Pistachio/VAD/vit-features/train/normal/infrastructure_normal_less/em1_jpg.rf.acbe5c2a84c3d1d6e7d2bc3bc8a0e4a0_all__0.npy,Normal
Pistachio/VAD/vit-features/train/normal/infrastructure_normal_less/em1_jpg.rf.acbe5c2a84c3d1d6e7d2bc3bc8a0e4a0_all__1.npy,Normal
Pistachio/VAD/vit-features/train/normal/infrastructure_normal_less/em1_jpg.rf.acbe5c2a84c3d1d6e7d2bc3bc8a0e4a0_all__2.npy,Normal
Pistachio/VAD/vit-features/train/normal/infrastructure_normal_less/em1_jpg.rf.acbe5c2a84c3d1d6e7d2bc3bc8a0e4a0_all__3.npy,Normal
Pistachio/VAD/vit-features/train/normal/infrastructure_normal_less/em1_jpg.rf.acbe5c2a84c3d1d6e7d2bc3bc8a0e4a0_all__4.npy,Normal
Pistachio/VAD/vit-features/train/normal/infrastructure_normal_less/em1_jpg.rf.acbe5c2a84c3d1d6e7d2bc3bc8a0e4a0_all__5.npy,Normal
Pistachio/VAD/vit-features/train/normal/infrastructure_normal_less/em1_jpg.rf.acbe5c2a84c3d1d6e7d2bc3bc8a0e4a0_all__6.npy,Normal
Pistachio/VAD/vit-features/train/normal/infrastructure_normal_less/em1_jpg.rf.acbe5c2a84c3d1d6e7d2bc3bc8a0e4a0_all__7.npy,Normal
Pistachio/VAD/vit-features/train/normal/infrastructure_normal_less/em1_jpg.rf.acbe5c2a84c3d1d6e7d2bc3bc8a0e4a0_all__8.npy,Normal
Pistachio/VAD/vit-features/train/normal/infrastructure_normal_less/em1_jpg.rf.acbe5c2a84c3d1d6e7d2bc3bc8a0e4a0_all__9.npy,Normal
Pistachio/VAD/vit-features/train/normal/infrastructure_normal_less/em3_jpg.rf.7e6bf512de9ef4c13a97be2f776e6783_all__0.npy,Normal
Pistachio/VAD/vit-features/train/normal/infrastructure_normal_less/em3_jpg.rf.7e6bf512de9ef4c13a97be2f776e6783_all__1.npy,Normal
Pistachio/VAD/vit-features/train/normal/infrastructure_normal_less/em3_jpg.rf.7e6bf512de9ef4c13a97be2f776e6783_all__2.npy,Normal
Pistachio/VAD/vit-features/train/normal/infrastructure_normal_less/em3_jpg.rf.7e6bf512de9ef4c13a97be2f776e6783_all__3.npy,Normal
Pistachio/VAD/vit-features/train/normal/infrastructure_normal_less/em3_jpg.rf.7e6bf512de9ef4c13a97be2f776e6783_all__4.npy,Normal
Pistachio/VAD/vit-features/train/normal/infrastructure_normal_less/em3_jpg.rf.7e6bf512de9ef4c13a97be2f776e6783_all__5.npy,Normal
Pistachio/VAD/vit-features/train/normal/infrastructure_normal_less/em3_jpg.rf.7e6bf512de9ef4c13a97be2f776e6783_all__6.npy,Normal
Pistachio/VAD/vit-features/train/normal/infrastructure_normal_less/em3_jpg.rf.7e6bf512de9ef4c13a97be2f776e6783_all__7.npy,Normal
Pistachio/VAD/vit-features/train/normal/infrastructure_normal_less/em3_jpg.rf.7e6bf512de9ef4c13a97be2f776e6783_all__8.npy,Normal
Pistachio/VAD/vit-features/train/normal/infrastructure_normal_less/em3_jpg.rf.7e6bf512de9ef4c13a97be2f776e6783_all__9.npy,Normal
Pistachio/VAD/vit-features/train/normal/infrastructure_normal_less/em5_jpg.rf.2d4f2bf19599f231160b073b57c09e08_all__0.npy,Normal
Pistachio/VAD/vit-features/train/normal/infrastructure_normal_less/em5_jpg.rf.2d4f2bf19599f231160b073b57c09e08_all__1.npy,Normal
Pistachio/VAD/vit-features/train/normal/infrastructure_normal_less/em5_jpg.rf.2d4f2bf19599f231160b073b57c09e08_all__2.npy,Normal
Pistachio/VAD/vit-features/train/normal/infrastructure_normal_less/em5_jpg.rf.2d4f2bf19599f231160b073b57c09e08_all__3.npy,Normal
Pistachio/VAD/vit-features/train/normal/infrastructure_normal_less/em5_jpg.rf.2d4f2bf19599f231160b073b57c09e08_all__4.npy,Normal
Pistachio/VAD/vit-features/train/normal/infrastructure_normal_less/em5_jpg.rf.2d4f2bf19599f231160b073b57c09e08_all__5.npy,Normal
Pistachio/VAD/vit-features/train/normal/infrastructure_normal_less/em5_jpg.rf.2d4f2bf19599f231160b073b57c09e08_all__6.npy,Normal
Pistachio/VAD/vit-features/train/normal/infrastructure_normal_less/em5_jpg.rf.2d4f2bf19599f231160b073b57c09e08_all__7.npy,Normal
Pistachio/VAD/vit-features/train/normal/infrastructure_normal_less/em5_jpg.rf.2d4f2bf19599f231160b073b57c09e08_all__8.npy,Normal
Pistachio/VAD/vit-features/train/normal/infrastructure_normal_less/em5_jpg.rf.2d4f2bf19599f231160b073b57c09e08_all__9.npy,Normal
Pistachio/VAD/vit-features/train/normal/infrastructure_normal_less/hd01_all__0.npy,Normal
Pistachio/VAD/vit-features/train/normal/infrastructure_normal_less/hd01_all__1.npy,Normal
Pistachio/VAD/vit-features/train/normal/infrastructure_normal_less/hd01_all__2.npy,Normal
Pistachio/VAD/vit-features/train/normal/infrastructure_normal_less/hd01_all__3.npy,Normal
Pistachio/VAD/vit-features/train/normal/infrastructure_normal_less/hd01_all__4.npy,Normal
Pistachio/VAD/vit-features/train/normal/infrastructure_normal_less/hd01_all__5.npy,Normal
Pistachio/VAD/vit-features/train/normal/infrastructure_normal_less/hd01_all__6.npy,Normal
Pistachio/VAD/vit-features/train/normal/infrastructure_normal_less/hd01_all__7.npy,Normal
Pistachio/VAD/vit-features/train/normal/infrastructure_normal_less/hd01_all__8.npy,Normal
Pistachio/VAD/vit-features/train/normal/infrastructure_normal_less/hd01_all__9.npy,Normal
Pistachio/VAD/vit-features/train/normal/infrastructure_normal_less/mk19_jpg.rf.37b79b2963a05df50658de8b8f0e744c_all__0.npy,Normal
Pistachio/VAD/vit-features/train/normal/infrastructure_normal_less/mk19_jpg.rf.37b79b2963a05df50658de8b8f0e744c_all__1.npy,Normal
Pistachio/VAD/vit-features/train/normal/infrastructure_normal_less/mk19_jpg.rf.37b79b2963a05df50658de8b8f0e744c_all__2.npy,Normal
Pistachio/VAD/vit-features/train/normal/infrastructure_normal_less/mk19_jpg.rf.37b79b2963a05df50658de8b8f0e744c_all__3.npy,Normal
Pistachio/VAD/vit-features/train/normal/infrastructure_normal_less/mk19_jpg.rf.37b79b2963a05df50658de8b8f0e744c_all__4.npy,Normal
Pistachio/VAD/vit-features/train/normal/infrastructure_normal_less/mk19_jpg.rf.37b79b2963a05df50658de8b8f0e744c_all__5.npy,Normal
Pistachio/VAD/vit-features/train/normal/infrastructure_normal_less/mk19_jpg.rf.37b79b2963a05df50658de8b8f0e744c_all__6.npy,Normal
Pistachio/VAD/vit-features/train/normal/infrastructure_normal_less/mk19_jpg.rf.37b79b2963a05df50658de8b8f0e744c_all__7.npy,Normal
Pistachio/VAD/vit-features/train/normal/infrastructure_normal_less/mk19_jpg.rf.37b79b2963a05df50658de8b8f0e744c_all__8.npy,Normal
Pistachio/VAD/vit-features/train/normal/infrastructure_normal_less/mk19_jpg.rf.37b79b2963a05df50658de8b8f0e744c_all__9.npy,Normal
Pistachio/VAD/vit-features/train/normal/infrastructure_normal_less/mk20_jpg.rf.247544d60938c193a32eb5064e0c3314_all__0.npy,Normal
Pistachio/VAD/vit-features/train/normal/infrastructure_normal_less/mk20_jpg.rf.247544d60938c193a32eb5064e0c3314_all__1.npy,Normal
Pistachio/VAD/vit-features/train/normal/infrastructure_normal_less/mk20_jpg.rf.247544d60938c193a32eb5064e0c3314_all__2.npy,Normal
Pistachio/VAD/vit-features/train/normal/infrastructure_normal_less/mk20_jpg.rf.247544d60938c193a32eb5064e0c3314_all__3.npy,Normal
Pistachio/VAD/vit-features/train/normal/infrastructure_normal_less/mk20_jpg.rf.247544d60938c193a32eb5064e0c3314_all__4.npy,Normal
Pistachio/VAD/vit-features/train/normal/infrastructure_normal_less/mk20_jpg.rf.247544d60938c193a32eb5064e0c3314_all__5.npy,Normal
Pistachio/VAD/vit-features/train/normal/infrastructure_normal_less/mk20_jpg.rf.247544d60938c193a32eb5064e0c3314_all__6.npy,Normal
Pistachio/VAD/vit-features/train/normal/infrastructure_normal_less/mk20_jpg.rf.247544d60938c193a32eb5064e0c3314_all__7.npy,Normal
Pistachio/VAD/vit-features/train/normal/infrastructure_normal_less/mk20_jpg.rf.247544d60938c193a32eb5064e0c3314_all__8.npy,Normal
Pistachio/VAD/vit-features/train/normal/infrastructure_normal_less/mk20_jpg.rf.247544d60938c193a32eb5064e0c3314_all__9.npy,Normal
Pistachio/VAD/vit-features/train/normal/infrastructure_normal_less/mk21_jpg.rf.0fc9d495ab16558e91f7e3fc7cb995da_all__0.npy,Normal
Pistachio/VAD/vit-features/train/normal/infrastructure_normal_less/mk21_jpg.rf.0fc9d495ab16558e91f7e3fc7cb995da_all__1.npy,Normal
Pistachio/VAD/vit-features/train/normal/infrastructure_normal_less/mk21_jpg.rf.0fc9d495ab16558e91f7e3fc7cb995da_all__2.npy,Normal
Pistachio/VAD/vit-features/train/normal/infrastructure_normal_less/mk21_jpg.rf.0fc9d495ab16558e91f7e3fc7cb995da_all__3.npy,Normal
Pistachio/VAD/vit-features/train/normal/infrastructure_normal_less/mk21_jpg.rf.0fc9d495ab16558e91f7e3fc7cb995da_all__4.npy,Normal
Pistachio/VAD/vit-features/train/normal/infrastructure_normal_less/mk21_jpg.rf.0fc9d495ab16558e91f7e3fc7cb995da_all__5.npy,Normal
Pistachio/VAD/vit-features/train/normal/infrastructure_normal_less/mk21_jpg.rf.0fc9d495ab16558e91f7e3fc7cb995da_all__6.npy,Normal
Pistachio/VAD/vit-features/train/normal/infrastructure_normal_less/mk21_jpg.rf.0fc9d495ab16558e91f7e3fc7cb995da_all__7.npy,Normal
Pistachio/VAD/vit-features/train/normal/infrastructure_normal_less/mk21_jpg.rf.0fc9d495ab16558e91f7e3fc7cb995da_all__8.npy,Normal
Pistachio/VAD/vit-features/train/normal/infrastructure_normal_less/mk21_jpg.rf.0fc9d495ab16558e91f7e3fc7cb995da_all__9.npy,Normal
Pistachio/VAD/vit-features/train/normal/infrastructure_normal_less/mk22_jpg.rf.e95d95be1381b6e4b098deeab46dbcb6_all__0.npy,Normal
Pistachio/VAD/vit-features/train/normal/infrastructure_normal_less/mk22_jpg.rf.e95d95be1381b6e4b098deeab46dbcb6_all__1.npy,Normal
Pistachio/VAD/vit-features/train/normal/infrastructure_normal_less/mk22_jpg.rf.e95d95be1381b6e4b098deeab46dbcb6_all__2.npy,Normal
Pistachio/VAD/vit-features/train/normal/infrastructure_normal_less/mk22_jpg.rf.e95d95be1381b6e4b098deeab46dbcb6_all__3.npy,Normal
Pistachio/VAD/vit-features/train/normal/infrastructure_normal_less/mk22_jpg.rf.e95d95be1381b6e4b098deeab46dbcb6_all__4.npy,Normal
Pistachio/VAD/vit-features/train/normal/infrastructure_normal_less/mk22_jpg.rf.e95d95be1381b6e4b098deeab46dbcb6_all__5.npy,Normal
Pistachio/VAD/vit-features/train/normal/infrastructure_normal_less/mk22_jpg.rf.e95d95be1381b6e4b098deeab46dbcb6_all__6.npy,Normal
Pistachio/VAD/vit-features/train/normal/infrastructure_normal_less/mk22_jpg.rf.e95d95be1381b6e4b098deeab46dbcb6_all__7.npy,Normal
Pistachio/VAD/vit-features/train/normal/infrastructure_normal_less/mk22_jpg.rf.e95d95be1381b6e4b098deeab46dbcb6_all__8.npy,Normal
Pistachio/VAD/vit-features/train/normal/infrastructure_normal_less/mk22_jpg.rf.e95d95be1381b6e4b098deeab46dbcb6_all__9.npy,Normal
Pistachio/VAD/vit-features/train/normal/infrastructure_normal_less/mk3_jpg.rf.770d1d8f1827b7400a2b2a922dbc146a_all__0.npy,Normal
Pistachio/VAD/vit-features/train/normal/infrastructure_normal_less/mk3_jpg.rf.770d1d8f1827b7400a2b2a922dbc146a_all__1.npy,Normal
Pistachio/VAD/vit-features/train/normal/infrastructure_normal_less/mk3_jpg.rf.770d1d8f1827b7400a2b2a922dbc146a_all__2.npy,Normal
Pistachio/VAD/vit-features/train/normal/infrastructure_normal_less/mk3_jpg.rf.770d1d8f1827b7400a2b2a922dbc146a_all__3.npy,Normal
Pistachio/VAD/vit-features/train/normal/infrastructure_normal_less/mk3_jpg.rf.770d1d8f1827b7400a2b2a922dbc146a_all__4.npy,Normal
Pistachio/VAD/vit-features/train/normal/infrastructure_normal_less/mk3_jpg.rf.770d1d8f1827b7400a2b2a922dbc146a_all__5.npy,Normal
Pistachio/VAD/vit-features/train/normal/infrastructure_normal_less/mk3_jpg.rf.770d1d8f1827b7400a2b2a922dbc146a_all__6.npy,Normal
Pistachio/VAD/vit-features/train/normal/infrastructure_normal_less/mk3_jpg.rf.770d1d8f1827b7400a2b2a922dbc146a_all__7.npy,Normal
Pistachio/VAD/vit-features/train/normal/infrastructure_normal_less/mk3_jpg.rf.770d1d8f1827b7400a2b2a922dbc146a_all__8.npy,Normal
Pistachio/VAD/vit-features/train/normal/infrastructure_normal_less/mk3_jpg.rf.770d1d8f1827b7400a2b2a922dbc146a_all__9.npy,Normal
Pistachio/VAD/vit-features/train/normal/infrastructure_normal_less/mk4_jpg.rf.086a58cd3b323709d741484aa19159ce_all__0.npy,Normal
Pistachio/VAD/vit-features/train/normal/infrastructure_normal_less/mk4_jpg.rf.086a58cd3b323709d741484aa19159ce_all__1.npy,Normal
Pistachio/VAD/vit-features/train/normal/infrastructure_normal_less/mk4_jpg.rf.086a58cd3b323709d741484aa19159ce_all__2.npy,Normal
Pistachio/VAD/vit-features/train/normal/infrastructure_normal_less/mk4_jpg.rf.086a58cd3b323709d741484aa19159ce_all__3.npy,Normal
Pistachio/VAD/vit-features/train/normal/infrastructure_normal_less/mk4_jpg.rf.086a58cd3b323709d741484aa19159ce_all__4.npy,Normal
Pistachio/VAD/vit-features/train/normal/infrastructure_normal_less/mk4_jpg.rf.086a58cd3b323709d741484aa19159ce_all__5.npy,Normal
Pistachio/VAD/vit-features/train/normal/infrastructure_normal_less/mk4_jpg.rf.086a58cd3b323709d741484aa19159ce_all__6.npy,Normal
Pistachio/VAD/vit-features/train/normal/infrastructure_normal_less/mk4_jpg.rf.086a58cd3b323709d741484aa19159ce_all__7.npy,Normal
Pistachio/VAD/vit-features/train/normal/infrastructure_normal_less/mk4_jpg.rf.086a58cd3b323709d741484aa19159ce_all__8.npy,Normal
Pistachio/VAD/vit-features/train/normal/infrastructure_normal_less/mk4_jpg.rf.086a58cd3b323709d741484aa19159ce_all__9.npy,Normal
Pistachio/VAD/vit-features/train/normal/infrastructure_normal_less/mk7_jpg.rf.e9c3be2603478d2d03fa2d3405eb9715_all__0.npy,Normal
Pistachio/VAD/vit-features/train/normal/infrastructure_normal_less/mk7_jpg.rf.e9c3be2603478d2d03fa2d3405eb9715_all__1.npy,Normal
Pistachio/VAD/vit-features/train/normal/infrastructure_normal_less/mk7_jpg.rf.e9c3be2603478d2d03fa2d3405eb9715_all__2.npy,Normal
Pistachio/VAD/vit-features/train/normal/infrastructure_normal_less/mk7_jpg.rf.e9c3be2603478d2d03fa2d3405eb9715_all__3.npy,Normal
Pistachio/VAD/vit-features/train/normal/infrastructure_normal_less/mk7_jpg.rf.e9c3be2603478d2d03fa2d3405eb9715_all__4.npy,Normal
Pistachio/VAD/vit-features/train/normal/infrastructure_normal_less/mk7_jpg.rf.e9c3be2603478d2d03fa2d3405eb9715_all__5.npy,Normal
Pistachio/VAD/vit-features/train/normal/infrastructure_normal_less/mk7_jpg.rf.e9c3be2603478d2d03fa2d3405eb9715_all__6.npy,Normal
Pistachio/VAD/vit-features/train/normal/infrastructure_normal_less/mk7_jpg.rf.e9c3be2603478d2d03fa2d3405eb9715_all__7.npy,Normal
Pistachio/VAD/vit-features/train/normal/infrastructure_normal_less/mk7_jpg.rf.e9c3be2603478d2d03fa2d3405eb9715_all__8.npy,Normal
Pistachio/VAD/vit-features/train/normal/infrastructure_normal_less/mk7_jpg.rf.e9c3be2603478d2d03fa2d3405eb9715_all__9.npy,Normal
Pistachio/VAD/vit-features/train/normal/infrastructure_normal_less/n14_jpg.rf.3eae5ca578876234113e979192d164e0_all__0.npy,Normal
Pistachio/VAD/vit-features/train/normal/infrastructure_normal_less/n14_jpg.rf.3eae5ca578876234113e979192d164e0_all__1.npy,Normal
Pistachio/VAD/vit-features/train/normal/infrastructure_normal_less/n14_jpg.rf.3eae5ca578876234113e979192d164e0_all__2.npy,Normal
Pistachio/VAD/vit-features/train/normal/infrastructure_normal_less/n14_jpg.rf.3eae5ca578876234113e979192d164e0_all__3.npy,Normal
Pistachio/VAD/vit-features/train/normal/infrastructure_normal_less/n14_jpg.rf.3eae5ca578876234113e979192d164e0_all__4.npy,Normal
Pistachio/VAD/vit-features/train/normal/infrastructure_normal_less/n14_jpg.rf.3eae5ca578876234113e979192d164e0_all__5.npy,Normal
Pistachio/VAD/vit-features/train/normal/infrastructure_normal_less/n14_jpg.rf.3eae5ca578876234113e979192d164e0_all__6.npy,Normal
Pistachio/VAD/vit-features/train/normal/infrastructure_normal_less/n14_jpg.rf.3eae5ca578876234113e979192d164e0_all__7.npy,Normal
Pistachio/VAD/vit-features/train/normal/infrastructure_normal_less/n14_jpg.rf.3eae5ca578876234113e979192d164e0_all__8.npy,Normal
Pistachio/VAD/vit-features/train/normal/infrastructure_normal_less/n14_jpg.rf.3eae5ca578876234113e979192d164e0_all__9.npy,Normal
Pistachio/VAD/vit-features/train/normal/infrastructure_normal_less/n17_jpg.rf.6b7850aa0496305b50582278f0292b35_all__0.npy,Normal
Pistachio/VAD/vit-features/train/normal/infrastructure_normal_less/n17_jpg.rf.6b7850aa0496305b50582278f0292b35_all__1.npy,Normal
Pistachio/VAD/vit-features/train/normal/infrastructure_normal_less/n17_jpg.rf.6b7850aa0496305b50582278f0292b35_all__2.npy,Normal
Pistachio/VAD/vit-features/train/normal/infrastructure_normal_less/n17_jpg.rf.6b7850aa0496305b50582278f0292b35_all__3.npy,Normal
Pistachio/VAD/vit-features/train/normal/infrastructure_normal_less/n17_jpg.rf.6b7850aa0496305b50582278f0292b35_all__4.npy,Normal
Pistachio/VAD/vit-features/train/normal/infrastructure_normal_less/n17_jpg.rf.6b7850aa0496305b50582278f0292b35_all__5.npy,Normal
Pistachio/VAD/vit-features/train/normal/infrastructure_normal_less/n17_jpg.rf.6b7850aa0496305b50582278f0292b35_all__6.npy,Normal
Pistachio/VAD/vit-features/train/normal/infrastructure_normal_less/n17_jpg.rf.6b7850aa0496305b50582278f0292b35_all__7.npy,Normal
Pistachio/VAD/vit-features/train/normal/infrastructure_normal_less/n17_jpg.rf.6b7850aa0496305b50582278f0292b35_all__8.npy,Normal
Pistachio/VAD/vit-features/train/normal/infrastructure_normal_less/n17_jpg.rf.6b7850aa0496305b50582278f0292b35_all__9.npy,Normal
Pistachio/VAD/vit-features/train/normal/infrastructure_normal_less/n18_jpg.rf.baa08ce29e882f687bfd2d8e47978689_all__0.npy,Normal
Pistachio/VAD/vit-features/train/normal/infrastructure_normal_less/n18_jpg.rf.baa08ce29e882f687bfd2d8e47978689_all__1.npy,Normal
Pistachio/VAD/vit-features/train/normal/infrastructure_normal_less/n18_jpg.rf.baa08ce29e882f687bfd2d8e47978689_all__2.npy,Normal
Pistachio/VAD/vit-features/train/normal/infrastructure_normal_less/n18_jpg.rf.baa08ce29e882f687bfd2d8e47978689_all__3.npy,Normal
Pistachio/VAD/vit-features/train/normal/infrastructure_normal_less/n18_jpg.rf.baa08ce29e882f687bfd2d8e47978689_all__4.npy,Normal
Pistachio/VAD/vit-features/train/normal/infrastructure_normal_less/n18_jpg.rf.baa08ce29e882f687bfd2d8e47978689_all__5.npy,Normal
Pistachio/VAD/vit-features/train/normal/infrastructure_normal_less/n18_jpg.rf.baa08ce29e882f687bfd2d8e47978689_all__6.npy,Normal
Pistachio/VAD/vit-features/train/normal/infrastructure_normal_less/n18_jpg.rf.baa08ce29e882f687bfd2d8e47978689_all__7.npy,Normal
Pistachio/VAD/vit-features/train/normal/infrastructure_normal_less/n18_jpg.rf.baa08ce29e882f687bfd2d8e47978689_all__8.npy,Normal
Pistachio/VAD/vit-features/train/normal/infrastructure_normal_less/n18_jpg.rf.baa08ce29e882f687bfd2d8e47978689_all__9.npy,Normal
Pistachio/VAD/vit-features/train/normal/infrastructure_normal_less/n29_jpg.rf.5f1f08304e6161558c9a1ae3a154bef5_all__0.npy,Normal
Pistachio/VAD/vit-features/train/normal/infrastructure_normal_less/n29_jpg.rf.5f1f08304e6161558c9a1ae3a154bef5_all__1.npy,Normal
Pistachio/VAD/vit-features/train/normal/infrastructure_normal_less/n29_jpg.rf.5f1f08304e6161558c9a1ae3a154bef5_all__2.npy,Normal
Pistachio/VAD/vit-features/train/normal/infrastructure_normal_less/n29_jpg.rf.5f1f08304e6161558c9a1ae3a154bef5_all__3.npy,Normal
Pistachio/VAD/vit-features/train/normal/infrastructure_normal_less/n29_jpg.rf.5f1f08304e6161558c9a1ae3a154bef5_all__4.npy,Normal
Pistachio/VAD/vit-features/train/normal/infrastructure_normal_less/n29_jpg.rf.5f1f08304e6161558c9a1ae3a154bef5_all__5.npy,Normal
Pistachio/VAD/vit-features/train/normal/infrastructure_normal_less/n29_jpg.rf.5f1f08304e6161558c9a1ae3a154bef5_all__6.npy,Normal
Pistachio/VAD/vit-features/train/normal/infrastructure_normal_less/n29_jpg.rf.5f1f08304e6161558c9a1ae3a154bef5_all__7.npy,Normal
Pistachio/VAD/vit-features/train/normal/infrastructure_normal_less/n29_jpg.rf.5f1f08304e6161558c9a1ae3a154bef5_all__8.npy,Normal
Pistachio/VAD/vit-features/train/normal/infrastructure_normal_less/n29_jpg.rf.5f1f08304e6161558c9a1ae3a154bef5_all__9.npy,Normal
Pistachio/VAD/vit-features/train/normal/infrastructure_normal_less/n32_jpeg.rf.eb9dab78556525a9fd02baf093e6436f_all__0.npy,Normal
Pistachio/VAD/vit-features/train/normal/infrastructure_normal_less/n32_jpeg.rf.eb9dab78556525a9fd02baf093e6436f_all__1.npy,Normal
Pistachio/VAD/vit-features/train/normal/infrastructure_normal_less/n32_jpeg.rf.eb9dab78556525a9fd02baf093e6436f_all__2.npy,Normal
Pistachio/VAD/vit-features/train/normal/infrastructure_normal_less/n32_jpeg.rf.eb9dab78556525a9fd02baf093e6436f_all__3.npy,Normal
Pistachio/VAD/vit-features/train/normal/infrastructure_normal_less/n32_jpeg.rf.eb9dab78556525a9fd02baf093e6436f_all__4.npy,Normal
Pistachio/VAD/vit-features/train/normal/infrastructure_normal_less/n32_jpeg.rf.eb9dab78556525a9fd02baf093e6436f_all__5.npy,Normal
Pistachio/VAD/vit-features/train/normal/infrastructure_normal_less/n32_jpeg.rf.eb9dab78556525a9fd02baf093e6436f_all__6.npy,Normal
Pistachio/VAD/vit-features/train/normal/infrastructure_normal_less/n32_jpeg.rf.eb9dab78556525a9fd02baf093e6436f_all__7.npy,Normal
Pistachio/VAD/vit-features/train/normal/infrastructure_normal_less/n32_jpeg.rf.eb9dab78556525a9fd02baf093e6436f_all__8.npy,Normal
Pistachio/VAD/vit-features/train/normal/infrastructure_normal_less/n32_jpeg.rf.eb9dab78556525a9fd02baf093e6436f_all__9.npy,Normal
Pistachio/VAD/vit-features/train/normal/infrastructure_normal_less/n34_jpg.rf.cde7e72bd4380b6161aa41e39b3de99c_all__0.npy,Normal
Pistachio/VAD/vit-features/train/normal/infrastructure_normal_less/n34_jpg.rf.cde7e72bd4380b6161aa41e39b3de99c_all__1.npy,Normal
Pistachio/VAD/vit-features/train/normal/infrastructure_normal_less/n34_jpg.rf.cde7e72bd4380b6161aa41e39b3de99c_all__2.npy,Normal
Pistachio/VAD/vit-features/train/normal/infrastructure_normal_less/n34_jpg.rf.cde7e72bd4380b6161aa41e39b3de99c_all__3.npy,Normal
Pistachio/VAD/vit-features/train/normal/infrastructure_normal_less/n34_jpg.rf.cde7e72bd4380b6161aa41e39b3de99c_all__4.npy,Normal
Pistachio/VAD/vit-features/train/normal/infrastructure_normal_less/n34_jpg.rf.cde7e72bd4380b6161aa41e39b3de99c_all__5.npy,Normal
Pistachio/VAD/vit-features/train/normal/infrastructure_normal_less/n34_jpg.rf.cde7e72bd4380b6161aa41e39b3de99c_all__6.npy,Normal
Pistachio/VAD/vit-features/train/normal/infrastructure_normal_less/n34_jpg.rf.cde7e72bd4380b6161aa41e39b3de99c_all__7.npy,Normal
Pistachio/VAD/vit-features/train/normal/infrastructure_normal_less/n34_jpg.rf.cde7e72bd4380b6161aa41e39b3de99c_all__8.npy,Normal
Pistachio/VAD/vit-features/train/normal/infrastructure_normal_less/n34_jpg.rf.cde7e72bd4380b6161aa41e39b3de99c_all__9.npy,Normal
Pistachio/VAD/vit-features/train/normal/infrastructure_normal_less/n39_jpeg.rf.fefc2a51cf210698be6fa4daf4ca82ae_all__0.npy,Normal
Pistachio/VAD/vit-features/train/normal/infrastructure_normal_less/n39_jpeg.rf.fefc2a51cf210698be6fa4daf4ca82ae_all__1.npy,Normal
Pistachio/VAD/vit-features/train/normal/infrastructure_normal_less/n39_jpeg.rf.fefc2a51cf210698be6fa4daf4ca82ae_all__2.npy,Normal
Pistachio/VAD/vit-features/train/normal/infrastructure_normal_less/n39_jpeg.rf.fefc2a51cf210698be6fa4daf4ca82ae_all__3.npy,Normal
Pistachio/VAD/vit-features/train/normal/infrastructure_normal_less/n39_jpeg.rf.fefc2a51cf210698be6fa4daf4ca82ae_all__4.npy,Normal
Pistachio/VAD/vit-features/train/normal/infrastructure_normal_less/n39_jpeg.rf.fefc2a51cf210698be6fa4daf4ca82ae_all__5.npy,Normal
Pistachio/VAD/vit-features/train/normal/infrastructure_normal_less/n39_jpeg.rf.fefc2a51cf210698be6fa4daf4ca82ae_all__6.npy,Normal
Pistachio/VAD/vit-features/train/normal/infrastructure_normal_less/n39_jpeg.rf.fefc2a51cf210698be6fa4daf4ca82ae_all__7.npy,Normal
Pistachio/VAD/vit-features/train/normal/infrastructure_normal_less/n39_jpeg.rf.fefc2a51cf210698be6fa4daf4ca82ae_all__8.npy,Normal
Pistachio/VAD/vit-features/train/normal/infrastructure_normal_less/n39_jpeg.rf.fefc2a51cf210698be6fa4daf4ca82ae_all__9.npy,Normal
Pistachio/VAD/vit-features/train/normal/infrastructure_normal_less/n44_jpeg.rf.b6d56f9f4f3f3127db13ebcf8d8b4cb4_all__0.npy,Normal
Pistachio/VAD/vit-features/train/normal/infrastructure_normal_less/n44_jpeg.rf.b6d56f9f4f3f3127db13ebcf8d8b4cb4_all__1.npy,Normal
Pistachio/VAD/vit-features/train/normal/infrastructure_normal_less/n44_jpeg.rf.b6d56f9f4f3f3127db13ebcf8d8b4cb4_all__2.npy,Normal
Pistachio/VAD/vit-features/train/normal/infrastructure_normal_less/n44_jpeg.rf.b6d56f9f4f3f3127db13ebcf8d8b4cb4_all__3.npy,Normal
Pistachio/VAD/vit-features/train/normal/infrastructure_normal_less/n44_jpeg.rf.b6d56f9f4f3f3127db13ebcf8d8b4cb4_all__4.npy,Normal
Pistachio/VAD/vit-features/train/normal/infrastructure_normal_less/n44_jpeg.rf.b6d56f9f4f3f3127db13ebcf8d8b4cb4_all__5.npy,Normal
Pistachio/VAD/vit-features/train/normal/infrastructure_normal_less/n44_jpeg.rf.b6d56f9f4f3f3127db13ebcf8d8b4cb4_all__6.npy,Normal
Pistachio/VAD/vit-features/train/normal/infrastructure_normal_less/n44_jpeg.rf.b6d56f9f4f3f3127db13ebcf8d8b4cb4_all__7.npy,Normal
Pistachio/VAD/vit-features/train/normal/infrastructure_normal_less/n44_jpeg.rf.b6d56f9f4f3f3127db13ebcf8d8b4cb4_all__8.npy,Normal
Pistachio/VAD/vit-features/train/normal/infrastructure_normal_less/n44_jpeg.rf.b6d56f9f4f3f3127db13ebcf8d8b4cb4_all__9.npy,Normal
Pistachio/VAD/vit-features/train/normal/infrastructure_normal_less/n49_jpg.rf.fcca77dd136fcc3721851c4e5d079b44_all__0.npy,Normal
Pistachio/VAD/vit-features/train/normal/infrastructure_normal_less/n49_jpg.rf.fcca77dd136fcc3721851c4e5d079b44_all__1.npy,Normal
Pistachio/VAD/vit-features/train/normal/infrastructure_normal_less/n49_jpg.rf.fcca77dd136fcc3721851c4e5d079b44_all__2.npy,Normal
Pistachio/VAD/vit-features/train/normal/infrastructure_normal_less/n49_jpg.rf.fcca77dd136fcc3721851c4e5d079b44_all__3.npy,Normal
Pistachio/VAD/vit-features/train/normal/infrastructure_normal_less/n49_jpg.rf.fcca77dd136fcc3721851c4e5d079b44_all__4.npy,Normal
Pistachio/VAD/vit-features/train/normal/infrastructure_normal_less/n49_jpg.rf.fcca77dd136fcc3721851c4e5d079b44_all__5.npy,Normal
Pistachio/VAD/vit-features/train/normal/infrastructure_normal_less/n49_jpg.rf.fcca77dd136fcc3721851c4e5d079b44_all__6.npy,Normal
Pistachio/VAD/vit-features/train/normal/infrastructure_normal_less/n49_jpg.rf.fcca77dd136fcc3721851c4e5d079b44_all__7.npy,Normal
Pistachio/VAD/vit-features/train/normal/infrastructure_normal_less/n49_jpg.rf.fcca77dd136fcc3721851c4e5d079b44_all__8.npy,Normal
Pistachio/VAD/vit-features/train/normal/infrastructure_normal_less/n49_jpg.rf.fcca77dd136fcc3721851c4e5d079b44_all__9.npy,Normal
Pistachio/VAD/vit-features/train/normal/infrastructure_normal_less/n50_jpg.rf.274b4c5c1f5eef5c5e0d884ac5b6312c_all__0.npy,Normal
Pistachio/VAD/vit-features/train/normal/infrastructure_normal_less/n50_jpg.rf.274b4c5c1f5eef5c5e0d884ac5b6312c_all__1.npy,Normal
Pistachio/VAD/vit-features/train/normal/infrastructure_normal_less/n50_jpg.rf.274b4c5c1f5eef5c5e0d884ac5b6312c_all__2.npy,Normal
Pistachio/VAD/vit-features/train/normal/infrastructure_normal_less/n50_jpg.rf.274b4c5c1f5eef5c5e0d884ac5b6312c_all__3.npy,Normal
Pistachio/VAD/vit-features/train/normal/infrastructure_normal_less/n50_jpg.rf.274b4c5c1f5eef5c5e0d884ac5b6312c_all__4.npy,Normal
Pistachio/VAD/vit-features/train/normal/infrastructure_normal_less/n50_jpg.rf.274b4c5c1f5eef5c5e0d884ac5b6312c_all__5.npy,Normal
Pistachio/VAD/vit-features/train/normal/infrastructure_normal_less/n50_jpg.rf.274b4c5c1f5eef5c5e0d884ac5b6312c_all__6.npy,Normal
Pistachio/VAD/vit-features/train/normal/infrastructure_normal_less/n50_jpg.rf.274b4c5c1f5eef5c5e0d884ac5b6312c_all__7.npy,Normal
Pistachio/VAD/vit-features/train/normal/infrastructure_normal_less/n50_jpg.rf.274b4c5c1f5eef5c5e0d884ac5b6312c_all__8.npy,Normal
Pistachio/VAD/vit-features/train/normal/infrastructure_normal_less/n50_jpg.rf.274b4c5c1f5eef5c5e0d884ac5b6312c_all__9.npy,Normal
Pistachio/VAD/vit-features/train/normal/infrastructure_normal_less/n57_jpg.rf.78cd7926f2528ba754bd721baa07fe42_all__0.npy,Normal
Pistachio/VAD/vit-features/train/normal/infrastructure_normal_less/n57_jpg.rf.78cd7926f2528ba754bd721baa07fe42_all__1.npy,Normal
Pistachio/VAD/vit-features/train/normal/infrastructure_normal_less/n57_jpg.rf.78cd7926f2528ba754bd721baa07fe42_all__2.npy,Normal
Pistachio/VAD/vit-features/train/normal/infrastructure_normal_less/n57_jpg.rf.78cd7926f2528ba754bd721baa07fe42_all__3.npy,Normal
Pistachio/VAD/vit-features/train/normal/infrastructure_normal_less/n57_jpg.rf.78cd7926f2528ba754bd721baa07fe42_all__4.npy,Normal
Pistachio/VAD/vit-features/train/normal/infrastructure_normal_less/n57_jpg.rf.78cd7926f2528ba754bd721baa07fe42_all__5.npy,Normal
Pistachio/VAD/vit-features/train/normal/infrastructure_normal_less/n57_jpg.rf.78cd7926f2528ba754bd721baa07fe42_all__6.npy,Normal
Pistachio/VAD/vit-features/train/normal/infrastructure_normal_less/n57_jpg.rf.78cd7926f2528ba754bd721baa07fe42_all__7.npy,Normal
Pistachio/VAD/vit-features/train/normal/infrastructure_normal_less/n57_jpg.rf.78cd7926f2528ba754bd721baa07fe42_all__8.npy,Normal
Pistachio/VAD/vit-features/train/normal/infrastructure_normal_less/n57_jpg.rf.78cd7926f2528ba754bd721baa07fe42_all__9.npy,Normal
Pistachio/VAD/vit-features/train/normal/infrastructure_normal_less/n58_jpg.rf.34943a1d99a2c8c66342248541f8dcc9_all__0.npy,Normal
Pistachio/VAD/vit-features/train/normal/infrastructure_normal_less/n58_jpg.rf.34943a1d99a2c8c66342248541f8dcc9_all__1.npy,Normal
Pistachio/VAD/vit-features/train/normal/infrastructure_normal_less/n58_jpg.rf.34943a1d99a2c8c66342248541f8dcc9_all__2.npy,Normal
Pistachio/VAD/vit-features/train/normal/infrastructure_normal_less/n58_jpg.rf.34943a1d99a2c8c66342248541f8dcc9_all__3.npy,Normal
Pistachio/VAD/vit-features/train/normal/infrastructure_normal_less/n58_jpg.rf.34943a1d99a2c8c66342248541f8dcc9_all__4.npy,Normal
Pistachio/VAD/vit-features/train/normal/infrastructure_normal_less/n58_jpg.rf.34943a1d99a2c8c66342248541f8dcc9_all__5.npy,Normal
Pistachio/VAD/vit-features/train/normal/infrastructure_normal_less/n58_jpg.rf.34943a1d99a2c8c66342248541f8dcc9_all__6.npy,Normal
Pistachio/VAD/vit-features/train/normal/infrastructure_normal_less/n58_jpg.rf.34943a1d99a2c8c66342248541f8dcc9_all__7.npy,Normal
Pistachio/VAD/vit-features/train/normal/infrastructure_normal_less/n58_jpg.rf.34943a1d99a2c8c66342248541f8dcc9_all__8.npy,Normal
Pistachio/VAD/vit-features/train/normal/infrastructure_normal_less/n58_jpg.rf.34943a1d99a2c8c66342248541f8dcc9_all__9.npy,Normal
Pistachio/VAD/vit-features/train/normal/infrastructure_normal_less/n61_jpg.rf.8fe7c57864ab5f18b6c9a33b76fb9f8b_all__0.npy,Normal
Pistachio/VAD/vit-features/train/normal/infrastructure_normal_less/n61_jpg.rf.8fe7c57864ab5f18b6c9a33b76fb9f8b_all__1.npy,Normal
Pistachio/VAD/vit-features/train/normal/infrastructure_normal_less/n61_jpg.rf.8fe7c57864ab5f18b6c9a33b76fb9f8b_all__2.npy,Normal
Pistachio/VAD/vit-features/train/normal/infrastructure_normal_less/n61_jpg.rf.8fe7c57864ab5f18b6c9a33b76fb9f8b_all__3.npy,Normal
Pistachio/VAD/vit-features/train/normal/infrastructure_normal_less/n61_jpg.rf.8fe7c57864ab5f18b6c9a33b76fb9f8b_all__4.npy,Normal
Pistachio/VAD/vit-features/train/normal/infrastructure_normal_less/n61_jpg.rf.8fe7c57864ab5f18b6c9a33b76fb9f8b_all__5.npy,Normal
Pistachio/VAD/vit-features/train/normal/infrastructure_normal_less/n61_jpg.rf.8fe7c57864ab5f18b6c9a33b76fb9f8b_all__6.npy,Normal
Pistachio/VAD/vit-features/train/normal/infrastructure_normal_less/n61_jpg.rf.8fe7c57864ab5f18b6c9a33b76fb9f8b_all__7.npy,Normal
Pistachio/VAD/vit-features/train/normal/infrastructure_normal_less/n61_jpg.rf.8fe7c57864ab5f18b6c9a33b76fb9f8b_all__8.npy,Normal
Pistachio/VAD/vit-features/train/normal/infrastructure_normal_less/n61_jpg.rf.8fe7c57864ab5f18b6c9a33b76fb9f8b_all__9.npy,Normal
Pistachio/VAD/vit-features/train/normal/infrastructure_normal_less/n62_jpg.rf.e0aa83b9d6f861e7528c685d116cb745_all__0.npy,Normal
Pistachio/VAD/vit-features/train/normal/infrastructure_normal_less/n62_jpg.rf.e0aa83b9d6f861e7528c685d116cb745_all__1.npy,Normal
Pistachio/VAD/vit-features/train/normal/infrastructure_normal_less/n62_jpg.rf.e0aa83b9d6f861e7528c685d116cb745_all__2.npy,Normal
Pistachio/VAD/vit-features/train/normal/infrastructure_normal_less/n62_jpg.rf.e0aa83b9d6f861e7528c685d116cb745_all__3.npy,Normal
Pistachio/VAD/vit-features/train/normal/infrastructure_normal_less/n62_jpg.rf.e0aa83b9d6f861e7528c685d116cb745_all__4.npy,Normal
Pistachio/VAD/vit-features/train/normal/infrastructure_normal_less/n62_jpg.rf.e0aa83b9d6f861e7528c685d116cb745_all__5.npy,Normal
Pistachio/VAD/vit-features/train/normal/infrastructure_normal_less/n62_jpg.rf.e0aa83b9d6f861e7528c685d116cb745_all__6.npy,Normal
Pistachio/VAD/vit-features/train/normal/infrastructure_normal_less/n62_jpg.rf.e0aa83b9d6f861e7528c685d116cb745_all__7.npy,Normal
Pistachio/VAD/vit-features/train/normal/infrastructure_normal_less/n62_jpg.rf.e0aa83b9d6f861e7528c685d116cb745_all__8.npy,Normal
Pistachio/VAD/vit-features/train/normal/infrastructure_normal_less/n62_jpg.rf.e0aa83b9d6f861e7528c685d116cb745_all__9.npy,Normal
Pistachio/VAD/vit-features/train/normal/infrastructure_normal_less/n64_jpg.rf.2be95a7c94451e774a96fa1608167aae_all__0.npy,Normal
Pistachio/VAD/vit-features/train/normal/infrastructure_normal_less/n64_jpg.rf.2be95a7c94451e774a96fa1608167aae_all__1.npy,Normal
Pistachio/VAD/vit-features/train/normal/infrastructure_normal_less/n64_jpg.rf.2be95a7c94451e774a96fa1608167aae_all__2.npy,Normal
Pistachio/VAD/vit-features/train/normal/infrastructure_normal_less/n64_jpg.rf.2be95a7c94451e774a96fa1608167aae_all__3.npy,Normal
Pistachio/VAD/vit-features/train/normal/infrastructure_normal_less/n64_jpg.rf.2be95a7c94451e774a96fa1608167aae_all__4.npy,Normal
Pistachio/VAD/vit-features/train/normal/infrastructure_normal_less/n64_jpg.rf.2be95a7c94451e774a96fa1608167aae_all__5.npy,Normal
Pistachio/VAD/vit-features/train/normal/infrastructure_normal_less/n64_jpg.rf.2be95a7c94451e774a96fa1608167aae_all__6.npy,Normal
Pistachio/VAD/vit-features/train/normal/infrastructure_normal_less/n64_jpg.rf.2be95a7c94451e774a96fa1608167aae_all__7.npy,Normal
Pistachio/VAD/vit-features/train/normal/infrastructure_normal_less/n64_jpg.rf.2be95a7c94451e774a96fa1608167aae_all__8.npy,Normal
Pistachio/VAD/vit-features/train/normal/infrastructure_normal_less/n64_jpg.rf.2be95a7c94451e774a96fa1608167aae_all__9.npy,Normal
Pistachio/VAD/vit-features/train/normal/infrastructure_normal_less/n6_jpg.rf.a0edbf88e8ba26594c06f2bbc96d924c_all__0.npy,Normal
Pistachio/VAD/vit-features/train/normal/infrastructure_normal_less/n6_jpg.rf.a0edbf88e8ba26594c06f2bbc96d924c_all__1.npy,Normal
Pistachio/VAD/vit-features/train/normal/infrastructure_normal_less/n6_jpg.rf.a0edbf88e8ba26594c06f2bbc96d924c_all__2.npy,Normal
Pistachio/VAD/vit-features/train/normal/infrastructure_normal_less/n6_jpg.rf.a0edbf88e8ba26594c06f2bbc96d924c_all__3.npy,Normal
Pistachio/VAD/vit-features/train/normal/infrastructure_normal_less/n6_jpg.rf.a0edbf88e8ba26594c06f2bbc96d924c_all__4.npy,Normal
Pistachio/VAD/vit-features/train/normal/infrastructure_normal_less/n6_jpg.rf.a0edbf88e8ba26594c06f2bbc96d924c_all__5.npy,Normal
Pistachio/VAD/vit-features/train/normal/infrastructure_normal_less/n6_jpg.rf.a0edbf88e8ba26594c06f2bbc96d924c_all__6.npy,Normal
Pistachio/VAD/vit-features/train/normal/infrastructure_normal_less/n6_jpg.rf.a0edbf88e8ba26594c06f2bbc96d924c_all__7.npy,Normal
Pistachio/VAD/vit-features/train/normal/infrastructure_normal_less/n6_jpg.rf.a0edbf88e8ba26594c06f2bbc96d924c_all__8.npy,Normal
Pistachio/VAD/vit-features/train/normal/infrastructure_normal_less/n6_jpg.rf.a0edbf88e8ba26594c06f2bbc96d924c_all__9.npy,Normal
Pistachio/VAD/vit-features/train/normal/infrastructure_normal_less/n71_jpeg.rf.c8265d2b9baaf1f6157a73a03b52f155_all__0.npy,Normal
Pistachio/VAD/vit-features/train/normal/infrastructure_normal_less/n71_jpeg.rf.c8265d2b9baaf1f6157a73a03b52f155_all__1.npy,Normal
Pistachio/VAD/vit-features/train/normal/infrastructure_normal_less/n71_jpeg.rf.c8265d2b9baaf1f6157a73a03b52f155_all__2.npy,Normal
Pistachio/VAD/vit-features/train/normal/infrastructure_normal_less/n71_jpeg.rf.c8265d2b9baaf1f6157a73a03b52f155_all__3.npy,Normal
Pistachio/VAD/vit-features/train/normal/infrastructure_normal_less/n71_jpeg.rf.c8265d2b9baaf1f6157a73a03b52f155_all__4.npy,Normal
Pistachio/VAD/vit-features/train/normal/infrastructure_normal_less/n71_jpeg.rf.c8265d2b9baaf1f6157a73a03b52f155_all__5.npy,Normal
Pistachio/VAD/vit-features/train/normal/infrastructure_normal_less/n71_jpeg.rf.c8265d2b9baaf1f6157a73a03b52f155_all__6.npy,Normal
Pistachio/VAD/vit-features/train/normal/infrastructure_normal_less/n71_jpeg.rf.c8265d2b9baaf1f6157a73a03b52f155_all__7.npy,Normal
Pistachio/VAD/vit-features/train/normal/infrastructure_normal_less/n71_jpeg.rf.c8265d2b9baaf1f6157a73a03b52f155_all__8.npy,Normal
Pistachio/VAD/vit-features/train/normal/infrastructure_normal_less/n71_jpeg.rf.c8265d2b9baaf1f6157a73a03b52f155_all__9.npy,Normal
Pistachio/VAD/vit-features/train/normal/infrastructure_normal_less/n74_jpeg.rf.bd9a6521d9d25a72d3e63870eefb33f5_all__0.npy,Normal
Pistachio/VAD/vit-features/train/normal/infrastructure_normal_less/n74_jpeg.rf.bd9a6521d9d25a72d3e63870eefb33f5_all__1.npy,Normal
Pistachio/VAD/vit-features/train/normal/infrastructure_normal_less/n74_jpeg.rf.bd9a6521d9d25a72d3e63870eefb33f5_all__2.npy,Normal
Pistachio/VAD/vit-features/train/normal/infrastructure_normal_less/n74_jpeg.rf.bd9a6521d9d25a72d3e63870eefb33f5_all__3.npy,Normal
Pistachio/VAD/vit-features/train/normal/infrastructure_normal_less/n74_jpeg.rf.bd9a6521d9d25a72d3e63870eefb33f5_all__4.npy,Normal
Pistachio/VAD/vit-features/train/normal/infrastructure_normal_less/n74_jpeg.rf.bd9a6521d9d25a72d3e63870eefb33f5_all__5.npy,Normal
Pistachio/VAD/vit-features/train/normal/infrastructure_normal_less/n74_jpeg.rf.bd9a6521d9d25a72d3e63870eefb33f5_all__6.npy,Normal
Pistachio/VAD/vit-features/train/normal/infrastructure_normal_less/n74_jpeg.rf.bd9a6521d9d25a72d3e63870eefb33f5_all__7.npy,Normal
Pistachio/VAD/vit-features/train/normal/infrastructure_normal_less/n74_jpeg.rf.bd9a6521d9d25a72d3e63870eefb33f5_all__8.npy,Normal
Pistachio/VAD/vit-features/train/normal/infrastructure_normal_less/n74_jpeg.rf.bd9a6521d9d25a72d3e63870eefb33f5_all__9.npy,Normal
Pistachio/VAD/vit-features/train/normal/infrastructure_normal_less/n8_jpg.rf.099017e8eb9f3d21228702fec663e0a5_all__0.npy,Normal
Pistachio/VAD/vit-features/train/normal/infrastructure_normal_less/n8_jpg.rf.099017e8eb9f3d21228702fec663e0a5_all__1.npy,Normal
Pistachio/VAD/vit-features/train/normal/infrastructure_normal_less/n8_jpg.rf.099017e8eb9f3d21228702fec663e0a5_all__2.npy,Normal
Pistachio/VAD/vit-features/train/normal/infrastructure_normal_less/n8_jpg.rf.099017e8eb9f3d21228702fec663e0a5_all__3.npy,Normal
Pistachio/VAD/vit-features/train/normal/infrastructure_normal_less/n8_jpg.rf.099017e8eb9f3d21228702fec663e0a5_all__4.npy,Normal
Pistachio/VAD/vit-features/train/normal/infrastructure_normal_less/n8_jpg.rf.099017e8eb9f3d21228702fec663e0a5_all__5.npy,Normal
Pistachio/VAD/vit-features/train/normal/infrastructure_normal_less/n8_jpg.rf.099017e8eb9f3d21228702fec663e0a5_all__6.npy,Normal
Pistachio/VAD/vit-features/train/normal/infrastructure_normal_less/n8_jpg.rf.099017e8eb9f3d21228702fec663e0a5_all__7.npy,Normal
Pistachio/VAD/vit-features/train/normal/infrastructure_normal_less/n8_jpg.rf.099017e8eb9f3d21228702fec663e0a5_all__8.npy,Normal
Pistachio/VAD/vit-features/train/normal/infrastructure_normal_less/n8_jpg.rf.099017e8eb9f3d21228702fec663e0a5_all__9.npy,Normal
Pistachio/VAD/vit-features/train/normal/infrastructure_normal_less/nig0_jpg.rf.8b69d749e26ed184eb516e3f03966aa0_all__0.npy,Normal
Pistachio/VAD/vit-features/train/normal/infrastructure_normal_less/nig0_jpg.rf.8b69d749e26ed184eb516e3f03966aa0_all__1.npy,Normal
Pistachio/VAD/vit-features/train/normal/infrastructure_normal_less/nig0_jpg.rf.8b69d749e26ed184eb516e3f03966aa0_all__2.npy,Normal
Pistachio/VAD/vit-features/train/normal/infrastructure_normal_less/nig0_jpg.rf.8b69d749e26ed184eb516e3f03966aa0_all__3.npy,Normal
Pistachio/VAD/vit-features/train/normal/infrastructure_normal_less/nig0_jpg.rf.8b69d749e26ed184eb516e3f03966aa0_all__4.npy,Normal
Pistachio/VAD/vit-features/train/normal/infrastructure_normal_less/nig0_jpg.rf.8b69d749e26ed184eb516e3f03966aa0_all__5.npy,Normal
Pistachio/VAD/vit-features/train/normal/infrastructure_normal_less/nig0_jpg.rf.8b69d749e26ed184eb516e3f03966aa0_all__6.npy,Normal
Pistachio/VAD/vit-features/train/normal/infrastructure_normal_less/nig0_jpg.rf.8b69d749e26ed184eb516e3f03966aa0_all__7.npy,Normal
Pistachio/VAD/vit-features/train/normal/infrastructure_normal_less/nig0_jpg.rf.8b69d749e26ed184eb516e3f03966aa0_all__8.npy,Normal
Pistachio/VAD/vit-features/train/normal/infrastructure_normal_less/nig0_jpg.rf.8b69d749e26ed184eb516e3f03966aa0_all__9.npy,Normal
Pistachio/VAD/vit-features/train/normal/infrastructure_normal_less/nig2_jpg.rf.eaa9b8aa8a3e058086e602e647d1ee9d_all__0.npy,Normal
Pistachio/VAD/vit-features/train/normal/infrastructure_normal_less/nig2_jpg.rf.eaa9b8aa8a3e058086e602e647d1ee9d_all__1.npy,Normal
Pistachio/VAD/vit-features/train/normal/infrastructure_normal_less/nig2_jpg.rf.eaa9b8aa8a3e058086e602e647d1ee9d_all__2.npy,Normal
Pistachio/VAD/vit-features/train/normal/infrastructure_normal_less/nig2_jpg.rf.eaa9b8aa8a3e058086e602e647d1ee9d_all__3.npy,Normal
Pistachio/VAD/vit-features/train/normal/infrastructure_normal_less/nig2_jpg.rf.eaa9b8aa8a3e058086e602e647d1ee9d_all__4.npy,Normal
Pistachio/VAD/vit-features/train/normal/infrastructure_normal_less/nig2_jpg.rf.eaa9b8aa8a3e058086e602e647d1ee9d_all__5.npy,Normal
Pistachio/VAD/vit-features/train/normal/infrastructure_normal_less/nig2_jpg.rf.eaa9b8aa8a3e058086e602e647d1ee9d_all__6.npy,Normal
Pistachio/VAD/vit-features/train/normal/infrastructure_normal_less/nig2_jpg.rf.eaa9b8aa8a3e058086e602e647d1ee9d_all__7.npy,Normal
Pistachio/VAD/vit-features/train/normal/infrastructure_normal_less/nig2_jpg.rf.eaa9b8aa8a3e058086e602e647d1ee9d_all__8.npy,Normal
Pistachio/VAD/vit-features/train/normal/infrastructure_normal_less/nig2_jpg.rf.eaa9b8aa8a3e058086e602e647d1ee9d_all__9.npy,Normal
Pistachio/VAD/vit-features/train/normal/infrastructure_normal_less/nig6_jpg.rf.2cf8545d78ba450eceff53e09de9ffd4_all__0.npy,Normal
Pistachio/VAD/vit-features/train/normal/infrastructure_normal_less/nig6_jpg.rf.2cf8545d78ba450eceff53e09de9ffd4_all__1.npy,Normal
Pistachio/VAD/vit-features/train/normal/infrastructure_normal_less/nig6_jpg.rf.2cf8545d78ba450eceff53e09de9ffd4_all__2.npy,Normal
Pistachio/VAD/vit-features/train/normal/infrastructure_normal_less/nig6_jpg.rf.2cf8545d78ba450eceff53e09de9ffd4_all__3.npy,Normal
Pistachio/VAD/vit-features/train/normal/infrastructure_normal_less/nig6_jpg.rf.2cf8545d78ba450eceff53e09de9ffd4_all__4.npy,Normal
Pistachio/VAD/vit-features/train/normal/infrastructure_normal_less/nig6_jpg.rf.2cf8545d78ba450eceff53e09de9ffd4_all__5.npy,Normal
Pistachio/VAD/vit-features/train/normal/infrastructure_normal_less/nig6_jpg.rf.2cf8545d78ba450eceff53e09de9ffd4_all__6.npy,Normal
Pistachio/VAD/vit-features/train/normal/infrastructure_normal_less/nig6_jpg.rf.2cf8545d78ba450eceff53e09de9ffd4_all__7.npy,Normal
Pistachio/VAD/vit-features/train/normal/infrastructure_normal_less/nig6_jpg.rf.2cf8545d78ba450eceff53e09de9ffd4_all__8.npy,Normal
Pistachio/VAD/vit-features/train/normal/infrastructure_normal_less/nig6_jpg.rf.2cf8545d78ba450eceff53e09de9ffd4_all__9.npy,Normal
Pistachio/VAD/vit-features/train/normal/infrastructure_normal_less/nl0_jpg.rf.ccb3ee18cbd4cab07563318055e04b98_all__0.npy,Normal
Pistachio/VAD/vit-features/train/normal/infrastructure_normal_less/nl0_jpg.rf.ccb3ee18cbd4cab07563318055e04b98_all__1.npy,Normal
Pistachio/VAD/vit-features/train/normal/infrastructure_normal_less/nl0_jpg.rf.ccb3ee18cbd4cab07563318055e04b98_all__2.npy,Normal
Pistachio/VAD/vit-features/train/normal/infrastructure_normal_less/nl0_jpg.rf.ccb3ee18cbd4cab07563318055e04b98_all__3.npy,Normal
Pistachio/VAD/vit-features/train/normal/infrastructure_normal_less/nl0_jpg.rf.ccb3ee18cbd4cab07563318055e04b98_all__4.npy,Normal
Pistachio/VAD/vit-features/train/normal/infrastructure_normal_less/nl0_jpg.rf.ccb3ee18cbd4cab07563318055e04b98_all__5.npy,Normal
Pistachio/VAD/vit-features/train/normal/infrastructure_normal_less/nl0_jpg.rf.ccb3ee18cbd4cab07563318055e04b98_all__6.npy,Normal
Pistachio/VAD/vit-features/train/normal/infrastructure_normal_less/nl0_jpg.rf.ccb3ee18cbd4cab07563318055e04b98_all__7.npy,Normal
Pistachio/VAD/vit-features/train/normal/infrastructure_normal_less/nl0_jpg.rf.ccb3ee18cbd4cab07563318055e04b98_all__8.npy,Normal
Pistachio/VAD/vit-features/train/normal/infrastructure_normal_less/nl0_jpg.rf.ccb3ee18cbd4cab07563318055e04b98_all__9.npy,Normal
Pistachio/VAD/vit-features/train/normal/infrastructure_normal_less/nl4_jpg.rf.c95d2b677c552a2a393356e184b47ed8_all__0.npy,Normal
Pistachio/VAD/vit-features/train/normal/infrastructure_normal_less/nl4_jpg.rf.c95d2b677c552a2a393356e184b47ed8_all__1.npy,Normal
Pistachio/VAD/vit-features/train/normal/infrastructure_normal_less/nl4_jpg.rf.c95d2b677c552a2a393356e184b47ed8_all__2.npy,Normal
Pistachio/VAD/vit-features/train/normal/infrastructure_normal_less/nl4_jpg.rf.c95d2b677c552a2a393356e184b47ed8_all__3.npy,Normal
Pistachio/VAD/vit-features/train/normal/infrastructure_normal_less/nl4_jpg.rf.c95d2b677c552a2a393356e184b47ed8_all__4.npy,Normal
Pistachio/VAD/vit-features/train/normal/infrastructure_normal_less/nl4_jpg.rf.c95d2b677c552a2a393356e184b47ed8_all__5.npy,Normal
Pistachio/VAD/vit-features/train/normal/infrastructure_normal_less/nl4_jpg.rf.c95d2b677c552a2a393356e184b47ed8_all__6.npy,Normal
Pistachio/VAD/vit-features/train/normal/infrastructure_normal_less/nl4_jpg.rf.c95d2b677c552a2a393356e184b47ed8_all__7.npy,Normal
Pistachio/VAD/vit-features/train/normal/infrastructure_normal_less/nl4_jpg.rf.c95d2b677c552a2a393356e184b47ed8_all__8.npy,Normal
Pistachio/VAD/vit-features/train/normal/infrastructure_normal_less/nl4_jpg.rf.c95d2b677c552a2a393356e184b47ed8_all__9.npy,Normal
Pistachio/VAD/vit-features/train/normal/infrastructure_normal_less/nl7_jpg.rf.69471c6e11a3813b8219bee8f98260c8_all__0.npy,Normal
Pistachio/VAD/vit-features/train/normal/infrastructure_normal_less/nl7_jpg.rf.69471c6e11a3813b8219bee8f98260c8_all__1.npy,Normal
Pistachio/VAD/vit-features/train/normal/infrastructure_normal_less/nl7_jpg.rf.69471c6e11a3813b8219bee8f98260c8_all__2.npy,Normal
Pistachio/VAD/vit-features/train/normal/infrastructure_normal_less/nl7_jpg.rf.69471c6e11a3813b8219bee8f98260c8_all__3.npy,Normal
Pistachio/VAD/vit-features/train/normal/infrastructure_normal_less/nl7_jpg.rf.69471c6e11a3813b8219bee8f98260c8_all__4.npy,Normal
Pistachio/VAD/vit-features/train/normal/infrastructure_normal_less/nl7_jpg.rf.69471c6e11a3813b8219bee8f98260c8_all__5.npy,Normal
Pistachio/VAD/vit-features/train/normal/infrastructure_normal_less/nl7_jpg.rf.69471c6e11a3813b8219bee8f98260c8_all__6.npy,Normal
Pistachio/VAD/vit-features/train/normal/infrastructure_normal_less/nl7_jpg.rf.69471c6e11a3813b8219bee8f98260c8_all__7.npy,Normal
Pistachio/VAD/vit-features/train/normal/infrastructure_normal_less/nl7_jpg.rf.69471c6e11a3813b8219bee8f98260c8_all__8.npy,Normal
Pistachio/VAD/vit-features/train/normal/infrastructure_normal_less/nl7_jpg.rf.69471c6e11a3813b8219bee8f98260c8_all__9.npy,Normal
Pistachio/VAD/vit-features/train/normal/infrastructure_normal_less/nl8_jpg.rf.f796bba96827025fc2306d18a8058df9_all__0.npy,Normal
Pistachio/VAD/vit-features/train/normal/infrastructure_normal_less/nl8_jpg.rf.f796bba96827025fc2306d18a8058df9_all__1.npy,Normal
Pistachio/VAD/vit-features/train/normal/infrastructure_normal_less/nl8_jpg.rf.f796bba96827025fc2306d18a8058df9_all__2.npy,Normal
Pistachio/VAD/vit-features/train/normal/infrastructure_normal_less/nl8_jpg.rf.f796bba96827025fc2306d18a8058df9_all__3.npy,Normal
Pistachio/VAD/vit-features/train/normal/infrastructure_normal_less/nl8_jpg.rf.f796bba96827025fc2306d18a8058df9_all__4.npy,Normal
Pistachio/VAD/vit-features/train/normal/infrastructure_normal_less/nl8_jpg.rf.f796bba96827025fc2306d18a8058df9_all__5.npy,Normal
Pistachio/VAD/vit-features/train/normal/infrastructure_normal_less/nl8_jpg.rf.f796bba96827025fc2306d18a8058df9_all__6.npy,Normal
Pistachio/VAD/vit-features/train/normal/infrastructure_normal_less/nl8_jpg.rf.f796bba96827025fc2306d18a8058df9_all__7.npy,Normal
Pistachio/VAD/vit-features/train/normal/infrastructure_normal_less/nl8_jpg.rf.f796bba96827025fc2306d18a8058df9_all__8.npy,Normal
Pistachio/VAD/vit-features/train/normal/infrastructure_normal_less/nl8_jpg.rf.f796bba96827025fc2306d18a8058df9_all__9.npy,Normal
Pistachio/VAD/vit-features/train/normal/infrastructure_normal_less/original_all__0.npy,Normal
Pistachio/VAD/vit-features/train/normal/infrastructure_normal_less/original_all__1.npy,Normal
Pistachio/VAD/vit-features/train/normal/infrastructure_normal_less/original_all__2.npy,Normal
Pistachio/VAD/vit-features/train/normal/infrastructure_normal_less/original_all__3.npy,Normal
Pistachio/VAD/vit-features/train/normal/infrastructure_normal_less/original_all__4.npy,Normal
Pistachio/VAD/vit-features/train/normal/infrastructure_normal_less/original_all__5.npy,Normal
Pistachio/VAD/vit-features/train/normal/infrastructure_normal_less/original_all__6.npy,Normal
Pistachio/VAD/vit-features/train/normal/infrastructure_normal_less/original_all__7.npy,Normal
Pistachio/VAD/vit-features/train/normal/infrastructure_normal_less/original_all__8.npy,Normal
Pistachio/VAD/vit-features/train/normal/infrastructure_normal_less/original_all__9.npy,Normal
Pistachio/VAD/vit-features/train/normal/infrastructure_normal_less/pc46_jpg.rf.b8ea05d91b7ca38aa153aae43e849e68_all__0.npy,Normal
Pistachio/VAD/vit-features/train/normal/infrastructure_normal_less/pc46_jpg.rf.b8ea05d91b7ca38aa153aae43e849e68_all__1.npy,Normal
Pistachio/VAD/vit-features/train/normal/infrastructure_normal_less/pc46_jpg.rf.b8ea05d91b7ca38aa153aae43e849e68_all__2.npy,Normal
Pistachio/VAD/vit-features/train/normal/infrastructure_normal_less/pc46_jpg.rf.b8ea05d91b7ca38aa153aae43e849e68_all__3.npy,Normal
Pistachio/VAD/vit-features/train/normal/infrastructure_normal_less/pc46_jpg.rf.b8ea05d91b7ca38aa153aae43e849e68_all__4.npy,Normal
Pistachio/VAD/vit-features/train/normal/infrastructure_normal_less/pc46_jpg.rf.b8ea05d91b7ca38aa153aae43e849e68_all__5.npy,Normal
Pistachio/VAD/vit-features/train/normal/infrastructure_normal_less/pc46_jpg.rf.b8ea05d91b7ca38aa153aae43e849e68_all__6.npy,Normal
Pistachio/VAD/vit-features/train/normal/infrastructure_normal_less/pc46_jpg.rf.b8ea05d91b7ca38aa153aae43e849e68_all__7.npy,Normal
Pistachio/VAD/vit-features/train/normal/infrastructure_normal_less/pc46_jpg.rf.b8ea05d91b7ca38aa153aae43e849e68_all__8.npy,Normal
Pistachio/VAD/vit-features/train/normal/infrastructure_normal_less/pc46_jpg.rf.b8ea05d91b7ca38aa153aae43e849e68_all__9.npy,Normal
Pistachio/VAD/vit-features/train/normal/infrastructure_normal_less/pc50_jpg.rf.a7898f9a36cbf93915ec5dd1d431bda6_all__0.npy,Normal
Pistachio/VAD/vit-features/train/normal/infrastructure_normal_less/pc50_jpg.rf.a7898f9a36cbf93915ec5dd1d431bda6_all__1.npy,Normal
Pistachio/VAD/vit-features/train/normal/infrastructure_normal_less/pc50_jpg.rf.a7898f9a36cbf93915ec5dd1d431bda6_all__2.npy,Normal
Pistachio/VAD/vit-features/train/normal/infrastructure_normal_less/pc50_jpg.rf.a7898f9a36cbf93915ec5dd1d431bda6_all__3.npy,Normal
Pistachio/VAD/vit-features/train/normal/infrastructure_normal_less/pc50_jpg.rf.a7898f9a36cbf93915ec5dd1d431bda6_all__4.npy,Normal
Pistachio/VAD/vit-features/train/normal/infrastructure_normal_less/pc50_jpg.rf.a7898f9a36cbf93915ec5dd1d431bda6_all__5.npy,Normal
Pistachio/VAD/vit-features/train/normal/infrastructure_normal_less/pc50_jpg.rf.a7898f9a36cbf93915ec5dd1d431bda6_all__6.npy,Normal
Pistachio/VAD/vit-features/train/normal/infrastructure_normal_less/pc50_jpg.rf.a7898f9a36cbf93915ec5dd1d431bda6_all__7.npy,Normal
Pistachio/VAD/vit-features/train/normal/infrastructure_normal_less/pc50_jpg.rf.a7898f9a36cbf93915ec5dd1d431bda6_all__8.npy,Normal
Pistachio/VAD/vit-features/train/normal/infrastructure_normal_less/pc50_jpg.rf.a7898f9a36cbf93915ec5dd1d431bda6_all__9.npy,Normal
Pistachio/VAD/vit-features/train/normal/infrastructure_normal_less/pedestrian-8844110_1280_all__0.npy,Normal
Pistachio/VAD/vit-features/train/normal/infrastructure_normal_less/pedestrian-8844110_1280_all__1.npy,Normal
Pistachio/VAD/vit-features/train/normal/infrastructure_normal_less/pedestrian-8844110_1280_all__2.npy,Normal
Pistachio/VAD/vit-features/train/normal/infrastructure_normal_less/pedestrian-8844110_1280_all__3.npy,Normal
Pistachio/VAD/vit-features/train/normal/infrastructure_normal_less/pedestrian-8844110_1280_all__4.npy,Normal
Pistachio/VAD/vit-features/train/normal/infrastructure_normal_less/pedestrian-8844110_1280_all__5.npy,Normal
Pistachio/VAD/vit-features/train/normal/infrastructure_normal_less/pedestrian-8844110_1280_all__6.npy,Normal
Pistachio/VAD/vit-features/train/normal/infrastructure_normal_less/pedestrian-8844110_1280_all__7.npy,Normal
Pistachio/VAD/vit-features/train/normal/infrastructure_normal_less/pedestrian-8844110_1280_all__8.npy,Normal
Pistachio/VAD/vit-features/train/normal/infrastructure_normal_less/pedestrian-8844110_1280_all__9.npy,Normal
Pistachio/VAD/vit-features/train/normal/infrastructure_normal_less/rect0_png.rf.97df0b44c6cf210bcfff2dc70b19d8f8_all__0.npy,Normal
Pistachio/VAD/vit-features/train/normal/infrastructure_normal_less/rect0_png.rf.97df0b44c6cf210bcfff2dc70b19d8f8_all__1.npy,Normal
Pistachio/VAD/vit-features/train/normal/infrastructure_normal_less/rect0_png.rf.97df0b44c6cf210bcfff2dc70b19d8f8_all__2.npy,Normal
Pistachio/VAD/vit-features/train/normal/infrastructure_normal_less/rect0_png.rf.97df0b44c6cf210bcfff2dc70b19d8f8_all__3.npy,Normal
Pistachio/VAD/vit-features/train/normal/infrastructure_normal_less/rect0_png.rf.97df0b44c6cf210bcfff2dc70b19d8f8_all__4.npy,Normal
Pistachio/VAD/vit-features/train/normal/infrastructure_normal_less/rect0_png.rf.97df0b44c6cf210bcfff2dc70b19d8f8_all__5.npy,Normal
Pistachio/VAD/vit-features/train/normal/infrastructure_normal_less/rect0_png.rf.97df0b44c6cf210bcfff2dc70b19d8f8_all__6.npy,Normal
Pistachio/VAD/vit-features/train/normal/infrastructure_normal_less/rect0_png.rf.97df0b44c6cf210bcfff2dc70b19d8f8_all__7.npy,Normal
Pistachio/VAD/vit-features/train/normal/infrastructure_normal_less/rect0_png.rf.97df0b44c6cf210bcfff2dc70b19d8f8_all__8.npy,Normal
Pistachio/VAD/vit-features/train/normal/infrastructure_normal_less/rect0_png.rf.97df0b44c6cf210bcfff2dc70b19d8f8_all__9.npy,Normal
Pistachio/VAD/vit-features/train/normal/infrastructure_normal_less/rect14_jpg.rf.c74725c1a8a91beeabff6d2340dee52f_all__0.npy,Normal
Pistachio/VAD/vit-features/train/normal/infrastructure_normal_less/rect14_jpg.rf.c74725c1a8a91beeabff6d2340dee52f_all__1.npy,Normal
Pistachio/VAD/vit-features/train/normal/infrastructure_normal_less/rect14_jpg.rf.c74725c1a8a91beeabff6d2340dee52f_all__2.npy,Normal
Pistachio/VAD/vit-features/train/normal/infrastructure_normal_less/rect14_jpg.rf.c74725c1a8a91beeabff6d2340dee52f_all__3.npy,Normal
Pistachio/VAD/vit-features/train/normal/infrastructure_normal_less/rect14_jpg.rf.c74725c1a8a91beeabff6d2340dee52f_all__4.npy,Normal
Pistachio/VAD/vit-features/train/normal/infrastructure_normal_less/rect14_jpg.rf.c74725c1a8a91beeabff6d2340dee52f_all__5.npy,Normal
Pistachio/VAD/vit-features/train/normal/infrastructure_normal_less/rect14_jpg.rf.c74725c1a8a91beeabff6d2340dee52f_all__6.npy,Normal
Pistachio/VAD/vit-features/train/normal/infrastructure_normal_less/rect14_jpg.rf.c74725c1a8a91beeabff6d2340dee52f_all__7.npy,Normal
Pistachio/VAD/vit-features/train/normal/infrastructure_normal_less/rect14_jpg.rf.c74725c1a8a91beeabff6d2340dee52f_all__8.npy,Normal
Pistachio/VAD/vit-features/train/normal/infrastructure_normal_less/rect14_jpg.rf.c74725c1a8a91beeabff6d2340dee52f_all__9.npy,Normal
Pistachio/VAD/vit-features/train/normal/infrastructure_normal_less/rect23_jpg.rf.4cfaaa4562fc56b3147a477d9135d059_all__0.npy,Normal
Pistachio/VAD/vit-features/train/normal/infrastructure_normal_less/rect23_jpg.rf.4cfaaa4562fc56b3147a477d9135d059_all__1.npy,Normal
Pistachio/VAD/vit-features/train/normal/infrastructure_normal_less/rect23_jpg.rf.4cfaaa4562fc56b3147a477d9135d059_all__2.npy,Normal
Pistachio/VAD/vit-features/train/normal/infrastructure_normal_less/rect23_jpg.rf.4cfaaa4562fc56b3147a477d9135d059_all__3.npy,Normal
Pistachio/VAD/vit-features/train/normal/infrastructure_normal_less/rect23_jpg.rf.4cfaaa4562fc56b3147a477d9135d059_all__4.npy,Normal
Pistachio/VAD/vit-features/train/normal/infrastructure_normal_less/rect23_jpg.rf.4cfaaa4562fc56b3147a477d9135d059_all__5.npy,Normal
Pistachio/VAD/vit-features/train/normal/infrastructure_normal_less/rect23_jpg.rf.4cfaaa4562fc56b3147a477d9135d059_all__6.npy,Normal
Pistachio/VAD/vit-features/train/normal/infrastructure_normal_less/rect23_jpg.rf.4cfaaa4562fc56b3147a477d9135d059_all__7.npy,Normal
Pistachio/VAD/vit-features/train/normal/infrastructure_normal_less/rect23_jpg.rf.4cfaaa4562fc56b3147a477d9135d059_all__8.npy,Normal
Pistachio/VAD/vit-features/train/normal/infrastructure_normal_less/rect23_jpg.rf.4cfaaa4562fc56b3147a477d9135d059_all__9.npy,Normal
Pistachio/VAD/vit-features/train/normal/infrastructure_normal_less/rect25_jpg.rf.7b3c6bf13758ee916636116219952dfa_all__0.npy,Normal
Pistachio/VAD/vit-features/train/normal/infrastructure_normal_less/rect25_jpg.rf.7b3c6bf13758ee916636116219952dfa_all__1.npy,Normal
Pistachio/VAD/vit-features/train/normal/infrastructure_normal_less/rect25_jpg.rf.7b3c6bf13758ee916636116219952dfa_all__2.npy,Normal
Pistachio/VAD/vit-features/train/normal/infrastructure_normal_less/rect25_jpg.rf.7b3c6bf13758ee916636116219952dfa_all__3.npy,Normal
Pistachio/VAD/vit-features/train/normal/infrastructure_normal_less/rect25_jpg.rf.7b3c6bf13758ee916636116219952dfa_all__4.npy,Normal
Pistachio/VAD/vit-features/train/normal/infrastructure_normal_less/rect25_jpg.rf.7b3c6bf13758ee916636116219952dfa_all__5.npy,Normal
Pistachio/VAD/vit-features/train/normal/infrastructure_normal_less/rect25_jpg.rf.7b3c6bf13758ee916636116219952dfa_all__6.npy,Normal
Pistachio/VAD/vit-features/train/normal/infrastructure_normal_less/rect25_jpg.rf.7b3c6bf13758ee916636116219952dfa_all__7.npy,Normal
Pistachio/VAD/vit-features/train/normal/infrastructure_normal_less/rect25_jpg.rf.7b3c6bf13758ee916636116219952dfa_all__8.npy,Normal
Pistachio/VAD/vit-features/train/normal/infrastructure_normal_less/rect25_jpg.rf.7b3c6bf13758ee916636116219952dfa_all__9.npy,Normal
Pistachio/VAD/vit-features/train/normal/infrastructure_normal_less/rect26_jpg.rf.3d845e40ca4a5fc7458186c465ee659d_all__0.npy,Normal
Pistachio/VAD/vit-features/train/normal/infrastructure_normal_less/rect26_jpg.rf.3d845e40ca4a5fc7458186c465ee659d_all__1.npy,Normal
Pistachio/VAD/vit-features/train/normal/infrastructure_normal_less/rect26_jpg.rf.3d845e40ca4a5fc7458186c465ee659d_all__2.npy,Normal
Pistachio/VAD/vit-features/train/normal/infrastructure_normal_less/rect26_jpg.rf.3d845e40ca4a5fc7458186c465ee659d_all__3.npy,Normal
Pistachio/VAD/vit-features/train/normal/infrastructure_normal_less/rect26_jpg.rf.3d845e40ca4a5fc7458186c465ee659d_all__4.npy,Normal
Pistachio/VAD/vit-features/train/normal/infrastructure_normal_less/rect26_jpg.rf.3d845e40ca4a5fc7458186c465ee659d_all__5.npy,Normal
Pistachio/VAD/vit-features/train/normal/infrastructure_normal_less/rect26_jpg.rf.3d845e40ca4a5fc7458186c465ee659d_all__6.npy,Normal
Pistachio/VAD/vit-features/train/normal/infrastructure_normal_less/rect26_jpg.rf.3d845e40ca4a5fc7458186c465ee659d_all__7.npy,Normal
Pistachio/VAD/vit-features/train/normal/infrastructure_normal_less/rect26_jpg.rf.3d845e40ca4a5fc7458186c465ee659d_all__8.npy,Normal
Pistachio/VAD/vit-features/train/normal/infrastructure_normal_less/rect26_jpg.rf.3d845e40ca4a5fc7458186c465ee659d_all__9.npy,Normal
Pistachio/VAD/vit-features/train/normal/infrastructure_normal_less/rect27_jpg.rf.023f8fcc8731e3c84f161bb93b0f6b60_all__0.npy,Normal
Pistachio/VAD/vit-features/train/normal/infrastructure_normal_less/rect27_jpg.rf.023f8fcc8731e3c84f161bb93b0f6b60_all__1.npy,Normal
Pistachio/VAD/vit-features/train/normal/infrastructure_normal_less/rect27_jpg.rf.023f8fcc8731e3c84f161bb93b0f6b60_all__2.npy,Normal
Pistachio/VAD/vit-features/train/normal/infrastructure_normal_less/rect27_jpg.rf.023f8fcc8731e3c84f161bb93b0f6b60_all__3.npy,Normal
Pistachio/VAD/vit-features/train/normal/infrastructure_normal_less/rect27_jpg.rf.023f8fcc8731e3c84f161bb93b0f6b60_all__4.npy,Normal
Pistachio/VAD/vit-features/train/normal/infrastructure_normal_less/rect27_jpg.rf.023f8fcc8731e3c84f161bb93b0f6b60_all__5.npy,Normal
Pistachio/VAD/vit-features/train/normal/infrastructure_normal_less/rect27_jpg.rf.023f8fcc8731e3c84f161bb93b0f6b60_all__6.npy,Normal
Pistachio/VAD/vit-features/train/normal/infrastructure_normal_less/rect27_jpg.rf.023f8fcc8731e3c84f161bb93b0f6b60_all__7.npy,Normal
Pistachio/VAD/vit-features/train/normal/infrastructure_normal_less/rect27_jpg.rf.023f8fcc8731e3c84f161bb93b0f6b60_all__8.npy,Normal
Pistachio/VAD/vit-features/train/normal/infrastructure_normal_less/rect27_jpg.rf.023f8fcc8731e3c84f161bb93b0f6b60_all__9.npy,Normal
Pistachio/VAD/vit-features/train/normal/infrastructure_normal_less/rect4_jpeg.rf.16d5f9710e81be2e3affd2b4e861b79a_all__0.npy,Normal
Pistachio/VAD/vit-features/train/normal/infrastructure_normal_less/rect4_jpeg.rf.16d5f9710e81be2e3affd2b4e861b79a_all__1.npy,Normal
Pistachio/VAD/vit-features/train/normal/infrastructure_normal_less/rect4_jpeg.rf.16d5f9710e81be2e3affd2b4e861b79a_all__2.npy,Normal
Pistachio/VAD/vit-features/train/normal/infrastructure_normal_less/rect4_jpeg.rf.16d5f9710e81be2e3affd2b4e861b79a_all__3.npy,Normal
Pistachio/VAD/vit-features/train/normal/infrastructure_normal_less/rect4_jpeg.rf.16d5f9710e81be2e3affd2b4e861b79a_all__4.npy,Normal
Pistachio/VAD/vit-features/train/normal/infrastructure_normal_less/rect4_jpeg.rf.16d5f9710e81be2e3affd2b4e861b79a_all__5.npy,Normal
Pistachio/VAD/vit-features/train/normal/infrastructure_normal_less/rect4_jpeg.rf.16d5f9710e81be2e3affd2b4e861b79a_all__6.npy,Normal
Pistachio/VAD/vit-features/train/normal/infrastructure_normal_less/rect4_jpeg.rf.16d5f9710e81be2e3affd2b4e861b79a_all__7.npy,Normal
Pistachio/VAD/vit-features/train/normal/infrastructure_normal_less/rect4_jpeg.rf.16d5f9710e81be2e3affd2b4e861b79a_all__8.npy,Normal
Pistachio/VAD/vit-features/train/normal/infrastructure_normal_less/rect4_jpeg.rf.16d5f9710e81be2e3affd2b4e861b79a_all__9.npy,Normal
Pistachio/VAD/vit-features/train/normal/infrastructure_normal_less/rect9_jpg.rf.7c989799156155ae176c983b61872799_all__0.npy,Normal
Pistachio/VAD/vit-features/train/normal/infrastructure_normal_less/rect9_jpg.rf.7c989799156155ae176c983b61872799_all__1.npy,Normal
Pistachio/VAD/vit-features/train/normal/infrastructure_normal_less/rect9_jpg.rf.7c989799156155ae176c983b61872799_all__2.npy,Normal
Pistachio/VAD/vit-features/train/normal/infrastructure_normal_less/rect9_jpg.rf.7c989799156155ae176c983b61872799_all__3.npy,Normal
Pistachio/VAD/vit-features/train/normal/infrastructure_normal_less/rect9_jpg.rf.7c989799156155ae176c983b61872799_all__4.npy,Normal
Pistachio/VAD/vit-features/train/normal/infrastructure_normal_less/rect9_jpg.rf.7c989799156155ae176c983b61872799_all__5.npy,Normal
Pistachio/VAD/vit-features/train/normal/infrastructure_normal_less/rect9_jpg.rf.7c989799156155ae176c983b61872799_all__6.npy,Normal
Pistachio/VAD/vit-features/train/normal/infrastructure_normal_less/rect9_jpg.rf.7c989799156155ae176c983b61872799_all__7.npy,Normal
Pistachio/VAD/vit-features/train/normal/infrastructure_normal_less/rect9_jpg.rf.7c989799156155ae176c983b61872799_all__8.npy,Normal
Pistachio/VAD/vit-features/train/normal/infrastructure_normal_less/rect9_jpg.rf.7c989799156155ae176c983b61872799_all__9.npy,Normal
Pistachio/VAD/vit-features/train/normal/infrastructure_normal_less/s13_jpg.rf.edeb9489db4226690d9f478f7030d303_all__0.npy,Normal
Pistachio/VAD/vit-features/train/normal/infrastructure_normal_less/s13_jpg.rf.edeb9489db4226690d9f478f7030d303_all__1.npy,Normal
Pistachio/VAD/vit-features/train/normal/infrastructure_normal_less/s13_jpg.rf.edeb9489db4226690d9f478f7030d303_all__2.npy,Normal
Pistachio/VAD/vit-features/train/normal/infrastructure_normal_less/s13_jpg.rf.edeb9489db4226690d9f478f7030d303_all__3.npy,Normal
Pistachio/VAD/vit-features/train/normal/infrastructure_normal_less/s13_jpg.rf.edeb9489db4226690d9f478f7030d303_all__4.npy,Normal
Pistachio/VAD/vit-features/train/normal/infrastructure_normal_less/s13_jpg.rf.edeb9489db4226690d9f478f7030d303_all__5.npy,Normal
Pistachio/VAD/vit-features/train/normal/infrastructure_normal_less/s13_jpg.rf.edeb9489db4226690d9f478f7030d303_all__6.npy,Normal
Pistachio/VAD/vit-features/train/normal/infrastructure_normal_less/s13_jpg.rf.edeb9489db4226690d9f478f7030d303_all__7.npy,Normal
Pistachio/VAD/vit-features/train/normal/infrastructure_normal_less/s13_jpg.rf.edeb9489db4226690d9f478f7030d303_all__8.npy,Normal
Pistachio/VAD/vit-features/train/normal/infrastructure_normal_less/s13_jpg.rf.edeb9489db4226690d9f478f7030d303_all__9.npy,Normal
Pistachio/VAD/vit-features/train/normal/infrastructure_normal_less/s14_jpg.rf.ef9125ada97273e97e3970a6ab5a31e4_all__0.npy,Normal
Pistachio/VAD/vit-features/train/normal/infrastructure_normal_less/s14_jpg.rf.ef9125ada97273e97e3970a6ab5a31e4_all__1.npy,Normal
Pistachio/VAD/vit-features/train/normal/infrastructure_normal_less/s14_jpg.rf.ef9125ada97273e97e3970a6ab5a31e4_all__2.npy,Normal
Pistachio/VAD/vit-features/train/normal/infrastructure_normal_less/s14_jpg.rf.ef9125ada97273e97e3970a6ab5a31e4_all__3.npy,Normal
Pistachio/VAD/vit-features/train/normal/infrastructure_normal_less/s14_jpg.rf.ef9125ada97273e97e3970a6ab5a31e4_all__4.npy,Normal
Pistachio/VAD/vit-features/train/normal/infrastructure_normal_less/s14_jpg.rf.ef9125ada97273e97e3970a6ab5a31e4_all__5.npy,Normal
Pistachio/VAD/vit-features/train/normal/infrastructure_normal_less/s14_jpg.rf.ef9125ada97273e97e3970a6ab5a31e4_all__6.npy,Normal
Pistachio/VAD/vit-features/train/normal/infrastructure_normal_less/s14_jpg.rf.ef9125ada97273e97e3970a6ab5a31e4_all__7.npy,Normal
Pistachio/VAD/vit-features/train/normal/infrastructure_normal_less/s14_jpg.rf.ef9125ada97273e97e3970a6ab5a31e4_all__8.npy,Normal
Pistachio/VAD/vit-features/train/normal/infrastructure_normal_less/s14_jpg.rf.ef9125ada97273e97e3970a6ab5a31e4_all__9.npy,Normal
Pistachio/VAD/vit-features/train/normal/infrastructure_normal_less/s3_png.rf.95ef392067cc2fa09e9ce97cca84fe0b_all__0.npy,Normal
Pistachio/VAD/vit-features/train/normal/infrastructure_normal_less/s3_png.rf.95ef392067cc2fa09e9ce97cca84fe0b_all__1.npy,Normal
Pistachio/VAD/vit-features/train/normal/infrastructure_normal_less/s3_png.rf.95ef392067cc2fa09e9ce97cca84fe0b_all__2.npy,Normal
Pistachio/VAD/vit-features/train/normal/infrastructure_normal_less/s3_png.rf.95ef392067cc2fa09e9ce97cca84fe0b_all__3.npy,Normal
Pistachio/VAD/vit-features/train/normal/infrastructure_normal_less/s3_png.rf.95ef392067cc2fa09e9ce97cca84fe0b_all__4.npy,Normal
Pistachio/VAD/vit-features/train/normal/infrastructure_normal_less/s3_png.rf.95ef392067cc2fa09e9ce97cca84fe0b_all__5.npy,Normal
Pistachio/VAD/vit-features/train/normal/infrastructure_normal_less/s3_png.rf.95ef392067cc2fa09e9ce97cca84fe0b_all__6.npy,Normal
Pistachio/VAD/vit-features/train/normal/infrastructure_normal_less/s3_png.rf.95ef392067cc2fa09e9ce97cca84fe0b_all__7.npy,Normal
Pistachio/VAD/vit-features/train/normal/infrastructure_normal_less/s3_png.rf.95ef392067cc2fa09e9ce97cca84fe0b_all__8.npy,Normal
Pistachio/VAD/vit-features/train/normal/infrastructure_normal_less/s3_png.rf.95ef392067cc2fa09e9ce97cca84fe0b_all__9.npy,Normal
Pistachio/VAD/vit-features/train/normal/infrastructure_normal_less/segnali-stradali-poster-didattico-indicazioni-ms52pl_jpg.rf.4adff320c0696df607be093f7df9443e_all__0.npy,Normal
Pistachio/VAD/vit-features/train/normal/infrastructure_normal_less/segnali-stradali-poster-didattico-indicazioni-ms52pl_jpg.rf.4adff320c0696df607be093f7df9443e_all__1.npy,Normal
Pistachio/VAD/vit-features/train/normal/infrastructure_normal_less/segnali-stradali-poster-didattico-indicazioni-ms52pl_jpg.rf.4adff320c0696df607be093f7df9443e_all__2.npy,Normal
Pistachio/VAD/vit-features/train/normal/infrastructure_normal_less/segnali-stradali-poster-didattico-indicazioni-ms52pl_jpg.rf.4adff320c0696df607be093f7df9443e_all__3.npy,Normal
Pistachio/VAD/vit-features/train/normal/infrastructure_normal_less/segnali-stradali-poster-didattico-indicazioni-ms52pl_jpg.rf.4adff320c0696df607be093f7df9443e_all__4.npy,Normal
Pistachio/VAD/vit-features/train/normal/infrastructure_normal_less/segnali-stradali-poster-didattico-indicazioni-ms52pl_jpg.rf.4adff320c0696df607be093f7df9443e_all__5.npy,Normal
Pistachio/VAD/vit-features/train/normal/infrastructure_normal_less/segnali-stradali-poster-didattico-indicazioni-ms52pl_jpg.rf.4adff320c0696df607be093f7df9443e_all__6.npy,Normal
Pistachio/VAD/vit-features/train/normal/infrastructure_normal_less/segnali-stradali-poster-didattico-indicazioni-ms52pl_jpg.rf.4adff320c0696df607be093f7df9443e_all__7.npy,Normal
Pistachio/VAD/vit-features/train/normal/infrastructure_normal_less/segnali-stradali-poster-didattico-indicazioni-ms52pl_jpg.rf.4adff320c0696df607be093f7df9443e_all__8.npy,Normal
Pistachio/VAD/vit-features/train/normal/infrastructure_normal_less/segnali-stradali-poster-didattico-indicazioni-ms52pl_jpg.rf.4adff320c0696df607be093f7df9443e_all__9.npy,Normal
Pistachio/VAD/vit-features/train/normal/infrastructure_normal_less/st14_jpg.rf.782a28917b2481bab23bc14271880203_all__0.npy,Normal
Pistachio/VAD/vit-features/train/normal/infrastructure_normal_less/st14_jpg.rf.782a28917b2481bab23bc14271880203_all__1.npy,Normal
Pistachio/VAD/vit-features/train/normal/infrastructure_normal_less/st14_jpg.rf.782a28917b2481bab23bc14271880203_all__2.npy,Normal
Pistachio/VAD/vit-features/train/normal/infrastructure_normal_less/st14_jpg.rf.782a28917b2481bab23bc14271880203_all__3.npy,Normal
Pistachio/VAD/vit-features/train/normal/infrastructure_normal_less/st14_jpg.rf.782a28917b2481bab23bc14271880203_all__4.npy,Normal
Pistachio/VAD/vit-features/train/normal/infrastructure_normal_less/st14_jpg.rf.782a28917b2481bab23bc14271880203_all__5.npy,Normal
Pistachio/VAD/vit-features/train/normal/infrastructure_normal_less/st14_jpg.rf.782a28917b2481bab23bc14271880203_all__6.npy,Normal
Pistachio/VAD/vit-features/train/normal/infrastructure_normal_less/st14_jpg.rf.782a28917b2481bab23bc14271880203_all__7.npy,Normal
Pistachio/VAD/vit-features/train/normal/infrastructure_normal_less/st14_jpg.rf.782a28917b2481bab23bc14271880203_all__8.npy,Normal
Pistachio/VAD/vit-features/train/normal/infrastructure_normal_less/st14_jpg.rf.782a28917b2481bab23bc14271880203_all__9.npy,Normal
Pistachio/VAD/vit-features/train/normal/infrastructure_normal_less/st20_jpg.rf.7b30c7c2d07e6135f310502ceb48708f_all__0.npy,Normal
Pistachio/VAD/vit-features/train/normal/infrastructure_normal_less/st20_jpg.rf.7b30c7c2d07e6135f310502ceb48708f_all__1.npy,Normal
Pistachio/VAD/vit-features/train/normal/infrastructure_normal_less/st20_jpg.rf.7b30c7c2d07e6135f310502ceb48708f_all__2.npy,Normal
Pistachio/VAD/vit-features/train/normal/infrastructure_normal_less/st20_jpg.rf.7b30c7c2d07e6135f310502ceb48708f_all__3.npy,Normal
Pistachio/VAD/vit-features/train/normal/infrastructure_normal_less/st20_jpg.rf.7b30c7c2d07e6135f310502ceb48708f_all__4.npy,Normal
Pistachio/VAD/vit-features/train/normal/infrastructure_normal_less/st20_jpg.rf.7b30c7c2d07e6135f310502ceb48708f_all__5.npy,Normal
Pistachio/VAD/vit-features/train/normal/infrastructure_normal_less/st20_jpg.rf.7b30c7c2d07e6135f310502ceb48708f_all__6.npy,Normal
Pistachio/VAD/vit-features/train/normal/infrastructure_normal_less/st20_jpg.rf.7b30c7c2d07e6135f310502ceb48708f_all__7.npy,Normal
Pistachio/VAD/vit-features/train/normal/infrastructure_normal_less/st20_jpg.rf.7b30c7c2d07e6135f310502ceb48708f_all__8.npy,Normal
Pistachio/VAD/vit-features/train/normal/infrastructure_normal_less/st20_jpg.rf.7b30c7c2d07e6135f310502ceb48708f_all__9.npy,Normal
Pistachio/VAD/vit-features/train/normal/infrastructure_normal_less/st24_jpg.rf.7e5e92a6415cf60e1962edbe220693f6_all__0.npy,Normal
Pistachio/VAD/vit-features/train/normal/infrastructure_normal_less/st24_jpg.rf.7e5e92a6415cf60e1962edbe220693f6_all__1.npy,Normal
Pistachio/VAD/vit-features/train/normal/infrastructure_normal_less/st24_jpg.rf.7e5e92a6415cf60e1962edbe220693f6_all__2.npy,Normal
Pistachio/VAD/vit-features/train/normal/infrastructure_normal_less/st24_jpg.rf.7e5e92a6415cf60e1962edbe220693f6_all__3.npy,Normal
Pistachio/VAD/vit-features/train/normal/infrastructure_normal_less/st24_jpg.rf.7e5e92a6415cf60e1962edbe220693f6_all__4.npy,Normal
Pistachio/VAD/vit-features/train/normal/infrastructure_normal_less/st24_jpg.rf.7e5e92a6415cf60e1962edbe220693f6_all__5.npy,Normal
Pistachio/VAD/vit-features/train/normal/infrastructure_normal_less/st24_jpg.rf.7e5e92a6415cf60e1962edbe220693f6_all__6.npy,Normal
Pistachio/VAD/vit-features/train/normal/infrastructure_normal_less/st24_jpg.rf.7e5e92a6415cf60e1962edbe220693f6_all__7.npy,Normal
Pistachio/VAD/vit-features/train/normal/infrastructure_normal_less/st24_jpg.rf.7e5e92a6415cf60e1962edbe220693f6_all__8.npy,Normal
Pistachio/VAD/vit-features/train/normal/infrastructure_normal_less/st24_jpg.rf.7e5e92a6415cf60e1962edbe220693f6_all__9.npy,Normal
Pistachio/VAD/vit-features/train/normal/infrastructure_normal_less/st26_jpg.rf.06b1f88c479d81a34447853ab62e452e_all__0.npy,Normal
Pistachio/VAD/vit-features/train/normal/infrastructure_normal_less/st26_jpg.rf.06b1f88c479d81a34447853ab62e452e_all__1.npy,Normal
Pistachio/VAD/vit-features/train/normal/infrastructure_normal_less/st26_jpg.rf.06b1f88c479d81a34447853ab62e452e_all__2.npy,Normal
Pistachio/VAD/vit-features/train/normal/infrastructure_normal_less/st26_jpg.rf.06b1f88c479d81a34447853ab62e452e_all__3.npy,Normal
Pistachio/VAD/vit-features/train/normal/infrastructure_normal_less/st26_jpg.rf.06b1f88c479d81a34447853ab62e452e_all__4.npy,Normal
Pistachio/VAD/vit-features/train/normal/infrastructure_normal_less/st26_jpg.rf.06b1f88c479d81a34447853ab62e452e_all__5.npy,Normal
Pistachio/VAD/vit-features/train/normal/infrastructure_normal_less/st26_jpg.rf.06b1f88c479d81a34447853ab62e452e_all__6.npy,Normal
Pistachio/VAD/vit-features/train/normal/infrastructure_normal_less/st26_jpg.rf.06b1f88c479d81a34447853ab62e452e_all__7.npy,Normal
Pistachio/VAD/vit-features/train/normal/infrastructure_normal_less/st26_jpg.rf.06b1f88c479d81a34447853ab62e452e_all__8.npy,Normal
Pistachio/VAD/vit-features/train/normal/infrastructure_normal_less/st26_jpg.rf.06b1f88c479d81a34447853ab62e452e_all__9.npy,Normal
Pistachio/VAD/vit-features/train/normal/infrastructure_normal_less/st27_jpg.rf.f4580e9efd7f481fcf267e3f2b98b8e0_all__0.npy,Normal
Pistachio/VAD/vit-features/train/normal/infrastructure_normal_less/st27_jpg.rf.f4580e9efd7f481fcf267e3f2b98b8e0_all__1.npy,Normal
Pistachio/VAD/vit-features/train/normal/infrastructure_normal_less/st27_jpg.rf.f4580e9efd7f481fcf267e3f2b98b8e0_all__2.npy,Normal
Pistachio/VAD/vit-features/train/normal/infrastructure_normal_less/st27_jpg.rf.f4580e9efd7f481fcf267e3f2b98b8e0_all__3.npy,Normal
Pistachio/VAD/vit-features/train/normal/infrastructure_normal_less/st27_jpg.rf.f4580e9efd7f481fcf267e3f2b98b8e0_all__4.npy,Normal
Pistachio/VAD/vit-features/train/normal/infrastructure_normal_less/st27_jpg.rf.f4580e9efd7f481fcf267e3f2b98b8e0_all__5.npy,Normal
Pistachio/VAD/vit-features/train/normal/infrastructure_normal_less/st27_jpg.rf.f4580e9efd7f481fcf267e3f2b98b8e0_all__6.npy,Normal
Pistachio/VAD/vit-features/train/normal/infrastructure_normal_less/st27_jpg.rf.f4580e9efd7f481fcf267e3f2b98b8e0_all__7.npy,Normal
Pistachio/VAD/vit-features/train/normal/infrastructure_normal_less/st27_jpg.rf.f4580e9efd7f481fcf267e3f2b98b8e0_all__8.npy,Normal
Pistachio/VAD/vit-features/train/normal/infrastructure_normal_less/st27_jpg.rf.f4580e9efd7f481fcf267e3f2b98b8e0_all__9.npy,Normal
Pistachio/VAD/vit-features/train/normal/infrastructure_normal_less/st2_jpg.rf.e8fd9c25452453fd07d19e613e65d630_all__0.npy,Normal
Pistachio/VAD/vit-features/train/normal/infrastructure_normal_less/st2_jpg.rf.e8fd9c25452453fd07d19e613e65d630_all__1.npy,Normal
Pistachio/VAD/vit-features/train/normal/infrastructure_normal_less/st2_jpg.rf.e8fd9c25452453fd07d19e613e65d630_all__2.npy,Normal
Pistachio/VAD/vit-features/train/normal/infrastructure_normal_less/st2_jpg.rf.e8fd9c25452453fd07d19e613e65d630_all__3.npy,Normal
Pistachio/VAD/vit-features/train/normal/infrastructure_normal_less/st2_jpg.rf.e8fd9c25452453fd07d19e613e65d630_all__4.npy,Normal
Pistachio/VAD/vit-features/train/normal/infrastructure_normal_less/st2_jpg.rf.e8fd9c25452453fd07d19e613e65d630_all__5.npy,Normal
Pistachio/VAD/vit-features/train/normal/infrastructure_normal_less/st2_jpg.rf.e8fd9c25452453fd07d19e613e65d630_all__6.npy,Normal
Pistachio/VAD/vit-features/train/normal/infrastructure_normal_less/st2_jpg.rf.e8fd9c25452453fd07d19e613e65d630_all__7.npy,Normal
Pistachio/VAD/vit-features/train/normal/infrastructure_normal_less/st2_jpg.rf.e8fd9c25452453fd07d19e613e65d630_all__8.npy,Normal
Pistachio/VAD/vit-features/train/normal/infrastructure_normal_less/st2_jpg.rf.e8fd9c25452453fd07d19e613e65d630_all__9.npy,Normal
Pistachio/VAD/vit-features/train/normal/infrastructure_normal_less/st6_jpg.rf.2f8b6aa6a39434998d351713835ae791_all__0.npy,Normal
Pistachio/VAD/vit-features/train/normal/infrastructure_normal_less/st6_jpg.rf.2f8b6aa6a39434998d351713835ae791_all__1.npy,Normal
Pistachio/VAD/vit-features/train/normal/infrastructure_normal_less/st6_jpg.rf.2f8b6aa6a39434998d351713835ae791_all__2.npy,Normal
Pistachio/VAD/vit-features/train/normal/infrastructure_normal_less/st6_jpg.rf.2f8b6aa6a39434998d351713835ae791_all__3.npy,Normal
Pistachio/VAD/vit-features/train/normal/infrastructure_normal_less/st6_jpg.rf.2f8b6aa6a39434998d351713835ae791_all__4.npy,Normal
Pistachio/VAD/vit-features/train/normal/infrastructure_normal_less/st6_jpg.rf.2f8b6aa6a39434998d351713835ae791_all__5.npy,Normal
Pistachio/VAD/vit-features/train/normal/infrastructure_normal_less/st6_jpg.rf.2f8b6aa6a39434998d351713835ae791_all__6.npy,Normal
Pistachio/VAD/vit-features/train/normal/infrastructure_normal_less/st6_jpg.rf.2f8b6aa6a39434998d351713835ae791_all__7.npy,Normal
Pistachio/VAD/vit-features/train/normal/infrastructure_normal_less/st6_jpg.rf.2f8b6aa6a39434998d351713835ae791_all__8.npy,Normal
Pistachio/VAD/vit-features/train/normal/infrastructure_normal_less/st6_jpg.rf.2f8b6aa6a39434998d351713835ae791_all__9.npy,Normal
Pistachio/VAD/vit-features/train/normal/infrastructure_normal_less/st8_jpg.rf.ca3e21b19190f18ae6882d4b30d2edad_all__0.npy,Normal
Pistachio/VAD/vit-features/train/normal/infrastructure_normal_less/st8_jpg.rf.ca3e21b19190f18ae6882d4b30d2edad_all__1.npy,Normal
Pistachio/VAD/vit-features/train/normal/infrastructure_normal_less/st8_jpg.rf.ca3e21b19190f18ae6882d4b30d2edad_all__2.npy,Normal
Pistachio/VAD/vit-features/train/normal/infrastructure_normal_less/st8_jpg.rf.ca3e21b19190f18ae6882d4b30d2edad_all__3.npy,Normal
Pistachio/VAD/vit-features/train/normal/infrastructure_normal_less/st8_jpg.rf.ca3e21b19190f18ae6882d4b30d2edad_all__4.npy,Normal
Pistachio/VAD/vit-features/train/normal/infrastructure_normal_less/st8_jpg.rf.ca3e21b19190f18ae6882d4b30d2edad_all__5.npy,Normal
Pistachio/VAD/vit-features/train/normal/infrastructure_normal_less/st8_jpg.rf.ca3e21b19190f18ae6882d4b30d2edad_all__6.npy,Normal
Pistachio/VAD/vit-features/train/normal/infrastructure_normal_less/st8_jpg.rf.ca3e21b19190f18ae6882d4b30d2edad_all__7.npy,Normal
Pistachio/VAD/vit-features/train/normal/infrastructure_normal_less/st8_jpg.rf.ca3e21b19190f18ae6882d4b30d2edad_all__8.npy,Normal
Pistachio/VAD/vit-features/train/normal/infrastructure_normal_less/st8_jpg.rf.ca3e21b19190f18ae6882d4b30d2edad_all__9.npy,Normal
Pistachio/VAD/vit-features/train/normal/infrastructure_normal_less/tun10_jpg.rf.32da4413460d2e301d6708c9d447d80a_all__0.npy,Normal
Pistachio/VAD/vit-features/train/normal/infrastructure_normal_less/tun10_jpg.rf.32da4413460d2e301d6708c9d447d80a_all__1.npy,Normal
Pistachio/VAD/vit-features/train/normal/infrastructure_normal_less/tun10_jpg.rf.32da4413460d2e301d6708c9d447d80a_all__2.npy,Normal
Pistachio/VAD/vit-features/train/normal/infrastructure_normal_less/tun10_jpg.rf.32da4413460d2e301d6708c9d447d80a_all__3.npy,Normal
Pistachio/VAD/vit-features/train/normal/infrastructure_normal_less/tun10_jpg.rf.32da4413460d2e301d6708c9d447d80a_all__4.npy,Normal
Pistachio/VAD/vit-features/train/normal/infrastructure_normal_less/tun10_jpg.rf.32da4413460d2e301d6708c9d447d80a_all__5.npy,Normal
Pistachio/VAD/vit-features/train/normal/infrastructure_normal_less/tun10_jpg.rf.32da4413460d2e301d6708c9d447d80a_all__6.npy,Normal
Pistachio/VAD/vit-features/train/normal/infrastructure_normal_less/tun10_jpg.rf.32da4413460d2e301d6708c9d447d80a_all__7.npy,Normal
Pistachio/VAD/vit-features/train/normal/infrastructure_normal_less/tun10_jpg.rf.32da4413460d2e301d6708c9d447d80a_all__8.npy,Normal
Pistachio/VAD/vit-features/train/normal/infrastructure_normal_less/tun10_jpg.rf.32da4413460d2e301d6708c9d447d80a_all__9.npy,Normal
Pistachio/VAD/vit-features/train/normal/infrastructure_normal_less/tun4_jpg.rf.3b28ebfbc96ecebd74e5268ab7029beb_all__0.npy,Normal
Pistachio/VAD/vit-features/train/normal/infrastructure_normal_less/tun4_jpg.rf.3b28ebfbc96ecebd74e5268ab7029beb_all__1.npy,Normal
Pistachio/VAD/vit-features/train/normal/infrastructure_normal_less/tun4_jpg.rf.3b28ebfbc96ecebd74e5268ab7029beb_all__2.npy,Normal
Pistachio/VAD/vit-features/train/normal/infrastructure_normal_less/tun4_jpg.rf.3b28ebfbc96ecebd74e5268ab7029beb_all__3.npy,Normal
Pistachio/VAD/vit-features/train/normal/infrastructure_normal_less/tun4_jpg.rf.3b28ebfbc96ecebd74e5268ab7029beb_all__4.npy,Normal
Pistachio/VAD/vit-features/train/normal/infrastructure_normal_less/tun4_jpg.rf.3b28ebfbc96ecebd74e5268ab7029beb_all__5.npy,Normal
Pistachio/VAD/vit-features/train/normal/infrastructure_normal_less/tun4_jpg.rf.3b28ebfbc96ecebd74e5268ab7029beb_all__6.npy,Normal
Pistachio/VAD/vit-features/train/normal/infrastructure_normal_less/tun4_jpg.rf.3b28ebfbc96ecebd74e5268ab7029beb_all__7.npy,Normal
Pistachio/VAD/vit-features/train/normal/infrastructure_normal_less/tun4_jpg.rf.3b28ebfbc96ecebd74e5268ab7029beb_all__8.npy,Normal
Pistachio/VAD/vit-features/train/normal/infrastructure_normal_less/tun4_jpg.rf.3b28ebfbc96ecebd74e5268ab7029beb_all__9.npy,Normal
Pistachio/VAD/vit-features/train/normal/infrastructure_normal_less/tun9_jpg.rf.15cb919e7ea44f5a0f2ffdae425235c2_all__0.npy,Normal
Pistachio/VAD/vit-features/train/normal/infrastructure_normal_less/tun9_jpg.rf.15cb919e7ea44f5a0f2ffdae425235c2_all__1.npy,Normal
Pistachio/VAD/vit-features/train/normal/infrastructure_normal_less/tun9_jpg.rf.15cb919e7ea44f5a0f2ffdae425235c2_all__2.npy,Normal
Pistachio/VAD/vit-features/train/normal/infrastructure_normal_less/tun9_jpg.rf.15cb919e7ea44f5a0f2ffdae425235c2_all__3.npy,Normal
Pistachio/VAD/vit-features/train/normal/infrastructure_normal_less/tun9_jpg.rf.15cb919e7ea44f5a0f2ffdae425235c2_all__4.npy,Normal
Pistachio/VAD/vit-features/train/normal/infrastructure_normal_less/tun9_jpg.rf.15cb919e7ea44f5a0f2ffdae425235c2_all__5.npy,Normal
Pistachio/VAD/vit-features/train/normal/infrastructure_normal_less/tun9_jpg.rf.15cb919e7ea44f5a0f2ffdae425235c2_all__6.npy,Normal
Pistachio/VAD/vit-features/train/normal/infrastructure_normal_less/tun9_jpg.rf.15cb919e7ea44f5a0f2ffdae425235c2_all__7.npy,Normal
Pistachio/VAD/vit-features/train/normal/infrastructure_normal_less/tun9_jpg.rf.15cb919e7ea44f5a0f2ffdae425235c2_all__8.npy,Normal
Pistachio/VAD/vit-features/train/normal/infrastructure_normal_less/tun9_jpg.rf.15cb919e7ea44f5a0f2ffdae425235c2_all__9.npy,Normal
Pistachio/VAD/vit-features/train/normal/infrastructure_normal_less/tunnel-4427609_1280_all__0.npy,Normal
Pistachio/VAD/vit-features/train/normal/infrastructure_normal_less/tunnel-4427609_1280_all__1.npy,Normal
Pistachio/VAD/vit-features/train/normal/infrastructure_normal_less/tunnel-4427609_1280_all__2.npy,Normal
Pistachio/VAD/vit-features/train/normal/infrastructure_normal_less/tunnel-4427609_1280_all__3.npy,Normal
Pistachio/VAD/vit-features/train/normal/infrastructure_normal_less/tunnel-4427609_1280_all__4.npy,Normal
Pistachio/VAD/vit-features/train/normal/infrastructure_normal_less/tunnel-4427609_1280_all__5.npy,Normal
Pistachio/VAD/vit-features/train/normal/infrastructure_normal_less/tunnel-4427609_1280_all__6.npy,Normal
Pistachio/VAD/vit-features/train/normal/infrastructure_normal_less/tunnel-4427609_1280_all__7.npy,Normal
Pistachio/VAD/vit-features/train/normal/infrastructure_normal_less/tunnel-4427609_1280_all__8.npy,Normal
Pistachio/VAD/vit-features/train/normal/infrastructure_normal_less/tunnel-4427609_1280_all__9.npy,Normal
Pistachio/VAD/vit-features/train/normal/infrastructure_normal_less/x103_jpg.rf.beaffb75c9f70851296b078f23203cae_all__0.npy,Normal
Pistachio/VAD/vit-features/train/normal/infrastructure_normal_less/x103_jpg.rf.beaffb75c9f70851296b078f23203cae_all__1.npy,Normal
Pistachio/VAD/vit-features/train/normal/infrastructure_normal_less/x103_jpg.rf.beaffb75c9f70851296b078f23203cae_all__2.npy,Normal
Pistachio/VAD/vit-features/train/normal/infrastructure_normal_less/x103_jpg.rf.beaffb75c9f70851296b078f23203cae_all__3.npy,Normal
Pistachio/VAD/vit-features/train/normal/infrastructure_normal_less/x103_jpg.rf.beaffb75c9f70851296b078f23203cae_all__4.npy,Normal
Pistachio/VAD/vit-features/train/normal/infrastructure_normal_less/x103_jpg.rf.beaffb75c9f70851296b078f23203cae_all__5.npy,Normal
Pistachio/VAD/vit-features/train/normal/infrastructure_normal_less/x103_jpg.rf.beaffb75c9f70851296b078f23203cae_all__6.npy,Normal
Pistachio/VAD/vit-features/train/normal/infrastructure_normal_less/x103_jpg.rf.beaffb75c9f70851296b078f23203cae_all__7.npy,Normal
Pistachio/VAD/vit-features/train/normal/infrastructure_normal_less/x103_jpg.rf.beaffb75c9f70851296b078f23203cae_all__8.npy,Normal
Pistachio/VAD/vit-features/train/normal/infrastructure_normal_less/x103_jpg.rf.beaffb75c9f70851296b078f23203cae_all__9.npy,Normal
Pistachio/VAD/vit-features/train/normal/infrastructure_normal_less/x111_jpg.rf.2830e895767e2f5ebe56003d65b96617_all__0.npy,Normal
Pistachio/VAD/vit-features/train/normal/infrastructure_normal_less/x111_jpg.rf.2830e895767e2f5ebe56003d65b96617_all__1.npy,Normal
Pistachio/VAD/vit-features/train/normal/infrastructure_normal_less/x111_jpg.rf.2830e895767e2f5ebe56003d65b96617_all__2.npy,Normal
Pistachio/VAD/vit-features/train/normal/infrastructure_normal_less/x111_jpg.rf.2830e895767e2f5ebe56003d65b96617_all__3.npy,Normal
Pistachio/VAD/vit-features/train/normal/infrastructure_normal_less/x111_jpg.rf.2830e895767e2f5ebe56003d65b96617_all__4.npy,Normal
Pistachio/VAD/vit-features/train/normal/infrastructure_normal_less/x111_jpg.rf.2830e895767e2f5ebe56003d65b96617_all__5.npy,Normal
Pistachio/VAD/vit-features/train/normal/infrastructure_normal_less/x111_jpg.rf.2830e895767e2f5ebe56003d65b96617_all__6.npy,Normal
Pistachio/VAD/vit-features/train/normal/infrastructure_normal_less/x111_jpg.rf.2830e895767e2f5ebe56003d65b96617_all__7.npy,Normal
Pistachio/VAD/vit-features/train/normal/infrastructure_normal_less/x111_jpg.rf.2830e895767e2f5ebe56003d65b96617_all__8.npy,Normal
Pistachio/VAD/vit-features/train/normal/infrastructure_normal_less/x111_jpg.rf.2830e895767e2f5ebe56003d65b96617_all__9.npy,Normal
Pistachio/VAD/vit-features/train/normal/infrastructure_normal_less/x112_jpg.rf.d77e99db75b4f07a54023232218c2b89_all__0.npy,Normal
Pistachio/VAD/vit-features/train/normal/infrastructure_normal_less/x112_jpg.rf.d77e99db75b4f07a54023232218c2b89_all__1.npy,Normal
Pistachio/VAD/vit-features/train/normal/infrastructure_normal_less/x112_jpg.rf.d77e99db75b4f07a54023232218c2b89_all__2.npy,Normal
Pistachio/VAD/vit-features/train/normal/infrastructure_normal_less/x112_jpg.rf.d77e99db75b4f07a54023232218c2b89_all__3.npy,Normal
Pistachio/VAD/vit-features/train/normal/infrastructure_normal_less/x112_jpg.rf.d77e99db75b4f07a54023232218c2b89_all__4.npy,Normal
Pistachio/VAD/vit-features/train/normal/infrastructure_normal_less/x112_jpg.rf.d77e99db75b4f07a54023232218c2b89_all__5.npy,Normal
Pistachio/VAD/vit-features/train/normal/infrastructure_normal_less/x112_jpg.rf.d77e99db75b4f07a54023232218c2b89_all__6.npy,Normal
Pistachio/VAD/vit-features/train/normal/infrastructure_normal_less/x112_jpg.rf.d77e99db75b4f07a54023232218c2b89_all__7.npy,Normal
Pistachio/VAD/vit-features/train/normal/infrastructure_normal_less/x112_jpg.rf.d77e99db75b4f07a54023232218c2b89_all__8.npy,Normal
Pistachio/VAD/vit-features/train/normal/infrastructure_normal_less/x112_jpg.rf.d77e99db75b4f07a54023232218c2b89_all__9.npy,Normal
Pistachio/VAD/vit-features/train/normal/infrastructure_normal_less/x11_jpeg.rf.e6114cb37517fb1faaa47fcfe88c420c_all__0.npy,Normal
Pistachio/VAD/vit-features/train/normal/infrastructure_normal_less/x11_jpeg.rf.e6114cb37517fb1faaa47fcfe88c420c_all__1.npy,Normal
Pistachio/VAD/vit-features/train/normal/infrastructure_normal_less/x11_jpeg.rf.e6114cb37517fb1faaa47fcfe88c420c_all__2.npy,Normal
Pistachio/VAD/vit-features/train/normal/infrastructure_normal_less/x11_jpeg.rf.e6114cb37517fb1faaa47fcfe88c420c_all__3.npy,Normal
Pistachio/VAD/vit-features/train/normal/infrastructure_normal_less/x11_jpeg.rf.e6114cb37517fb1faaa47fcfe88c420c_all__4.npy,Normal
Pistachio/VAD/vit-features/train/normal/infrastructure_normal_less/x11_jpeg.rf.e6114cb37517fb1faaa47fcfe88c420c_all__5.npy,Normal
Pistachio/VAD/vit-features/train/normal/infrastructure_normal_less/x11_jpeg.rf.e6114cb37517fb1faaa47fcfe88c420c_all__6.npy,Normal
Pistachio/VAD/vit-features/train/normal/infrastructure_normal_less/x11_jpeg.rf.e6114cb37517fb1faaa47fcfe88c420c_all__7.npy,Normal
Pistachio/VAD/vit-features/train/normal/infrastructure_normal_less/x11_jpeg.rf.e6114cb37517fb1faaa47fcfe88c420c_all__8.npy,Normal
Pistachio/VAD/vit-features/train/normal/infrastructure_normal_less/x11_jpeg.rf.e6114cb37517fb1faaa47fcfe88c420c_all__9.npy,Normal
Pistachio/VAD/vit-features/train/normal/infrastructure_normal_more/000000065740_all__0.npy,Normal
Pistachio/VAD/vit-features/train/normal/infrastructure_normal_more/000000065740_all__1.npy,Normal
Pistachio/VAD/vit-features/train/normal/infrastructure_normal_more/000000065740_all__2.npy,Normal
Pistachio/VAD/vit-features/train/normal/infrastructure_normal_more/000000065740_all__3.npy,Normal
Pistachio/VAD/vit-features/train/normal/infrastructure_normal_more/000000065740_all__4.npy,Normal
Pistachio/VAD/vit-features/train/normal/infrastructure_normal_more/000000065740_all__5.npy,Normal
Pistachio/VAD/vit-features/train/normal/infrastructure_normal_more/000000065740_all__6.npy,Normal
Pistachio/VAD/vit-features/train/normal/infrastructure_normal_more/000000065740_all__7.npy,Normal
Pistachio/VAD/vit-features/train/normal/infrastructure_normal_more/000000065740_all__8.npy,Normal
Pistachio/VAD/vit-features/train/normal/infrastructure_normal_more/000000065740_all__9.npy,Normal
Pistachio/VAD/vit-features/train/normal/infrastructure_normal_more/000000067285_all__0.npy,Normal
Pistachio/VAD/vit-features/train/normal/infrastructure_normal_more/000000067285_all__1.npy,Normal
Pistachio/VAD/vit-features/train/normal/infrastructure_normal_more/000000067285_all__2.npy,Normal
Pistachio/VAD/vit-features/train/normal/infrastructure_normal_more/000000067285_all__3.npy,Normal
Pistachio/VAD/vit-features/train/normal/infrastructure_normal_more/000000067285_all__4.npy,Normal
Pistachio/VAD/vit-features/train/normal/infrastructure_normal_more/000000067285_all__5.npy,Normal
Pistachio/VAD/vit-features/train/normal/infrastructure_normal_more/000000067285_all__6.npy,Normal
Pistachio/VAD/vit-features/train/normal/infrastructure_normal_more/000000067285_all__7.npy,Normal
Pistachio/VAD/vit-features/train/normal/infrastructure_normal_more/000000067285_all__8.npy,Normal
Pistachio/VAD/vit-features/train/normal/infrastructure_normal_more/000000067285_all__9.npy,Normal
Pistachio/VAD/vit-features/train/normal/infrastructure_normal_more/000000067402_all__0.npy,Normal
Pistachio/VAD/vit-features/train/normal/infrastructure_normal_more/000000067402_all__1.npy,Normal
Pistachio/VAD/vit-features/train/normal/infrastructure_normal_more/000000067402_all__2.npy,Normal
Pistachio/VAD/vit-features/train/normal/infrastructure_normal_more/000000067402_all__3.npy,Normal
Pistachio/VAD/vit-features/train/normal/infrastructure_normal_more/000000067402_all__4.npy,Normal
Pistachio/VAD/vit-features/train/normal/infrastructure_normal_more/000000067402_all__5.npy,Normal
Pistachio/VAD/vit-features/train/normal/infrastructure_normal_more/000000067402_all__6.npy,Normal
Pistachio/VAD/vit-features/train/normal/infrastructure_normal_more/000000067402_all__7.npy,Normal
Pistachio/VAD/vit-features/train/normal/infrastructure_normal_more/000000067402_all__8.npy,Normal
Pistachio/VAD/vit-features/train/normal/infrastructure_normal_more/000000067402_all__9.npy,Normal
Pistachio/VAD/vit-features/train/normal/infrastructure_normal_more/000000069265_all__0.npy,Normal
Pistachio/VAD/vit-features/train/normal/infrastructure_normal_more/000000069265_all__1.npy,Normal
Pistachio/VAD/vit-features/train/normal/infrastructure_normal_more/000000069265_all__2.npy,Normal
Pistachio/VAD/vit-features/train/normal/infrastructure_normal_more/000000069265_all__3.npy,Normal
Pistachio/VAD/vit-features/train/normal/infrastructure_normal_more/000000069265_all__4.npy,Normal
Pistachio/VAD/vit-features/train/normal/infrastructure_normal_more/000000069265_all__5.npy,Normal
Pistachio/VAD/vit-features/train/normal/infrastructure_normal_more/000000069265_all__6.npy,Normal
Pistachio/VAD/vit-features/train/normal/infrastructure_normal_more/000000069265_all__7.npy,Normal
Pistachio/VAD/vit-features/train/normal/infrastructure_normal_more/000000069265_all__8.npy,Normal
Pistachio/VAD/vit-features/train/normal/infrastructure_normal_more/000000069265_all__9.npy,Normal
Pistachio/VAD/vit-features/train/normal/infrastructure_normal_more/000000069722_all__0.npy,Normal
Pistachio/VAD/vit-features/train/normal/infrastructure_normal_more/000000069722_all__1.npy,Normal
Pistachio/VAD/vit-features/train/normal/infrastructure_normal_more/000000069722_all__2.npy,Normal
Pistachio/VAD/vit-features/train/normal/infrastructure_normal_more/000000069722_all__3.npy,Normal
Pistachio/VAD/vit-features/train/normal/infrastructure_normal_more/000000069722_all__4.npy,Normal
Pistachio/VAD/vit-features/train/normal/infrastructure_normal_more/000000069722_all__5.npy,Normal
Pistachio/VAD/vit-features/train/normal/infrastructure_normal_more/000000069722_all__6.npy,Normal
Pistachio/VAD/vit-features/train/normal/infrastructure_normal_more/000000069722_all__7.npy,Normal
Pistachio/VAD/vit-features/train/normal/infrastructure_normal_more/000000069722_all__8.npy,Normal
Pistachio/VAD/vit-features/train/normal/infrastructure_normal_more/000000069722_all__9.npy,Normal
Pistachio/VAD/vit-features/train/normal/infrastructure_normal_more/000000081203_all__0.npy,Normal
Pistachio/VAD/vit-features/train/normal/infrastructure_normal_more/000000081203_all__1.npy,Normal
Pistachio/VAD/vit-features/train/normal/infrastructure_normal_more/000000081203_all__2.npy,Normal
Pistachio/VAD/vit-features/train/normal/infrastructure_normal_more/000000081203_all__3.npy,Normal
Pistachio/VAD/vit-features/train/normal/infrastructure_normal_more/000000081203_all__4.npy,Normal
Pistachio/VAD/vit-features/train/normal/infrastructure_normal_more/000000081203_all__5.npy,Normal
Pistachio/VAD/vit-features/train/normal/infrastructure_normal_more/000000081203_all__6.npy,Normal
Pistachio/VAD/vit-features/train/normal/infrastructure_normal_more/000000081203_all__7.npy,Normal
Pistachio/VAD/vit-features/train/normal/infrastructure_normal_more/000000081203_all__8.npy,Normal
Pistachio/VAD/vit-features/train/normal/infrastructure_normal_more/000000081203_all__9.npy,Normal
Pistachio/VAD/vit-features/train/normal/infrastructure_normal_more/000000085583_all__0.npy,Normal
Pistachio/VAD/vit-features/train/normal/infrastructure_normal_more/000000085583_all__1.npy,Normal
Pistachio/VAD/vit-features/train/normal/infrastructure_normal_more/000000085583_all__2.npy,Normal
Pistachio/VAD/vit-features/train/normal/infrastructure_normal_more/000000085583_all__3.npy,Normal
Pistachio/VAD/vit-features/train/normal/infrastructure_normal_more/000000085583_all__4.npy,Normal
Pistachio/VAD/vit-features/train/normal/infrastructure_normal_more/000000085583_all__5.npy,Normal
Pistachio/VAD/vit-features/train/normal/infrastructure_normal_more/000000085583_all__6.npy,Normal
Pistachio/VAD/vit-features/train/normal/infrastructure_normal_more/000000085583_all__7.npy,Normal
Pistachio/VAD/vit-features/train/normal/infrastructure_normal_more/000000085583_all__8.npy,Normal
Pistachio/VAD/vit-features/train/normal/infrastructure_normal_more/000000085583_all__9.npy,Normal
Pistachio/VAD/vit-features/train/normal/infrastructure_normal_more/000000088319_all__0.npy,Normal
Pistachio/VAD/vit-features/train/normal/infrastructure_normal_more/000000088319_all__1.npy,Normal
Pistachio/VAD/vit-features/train/normal/infrastructure_normal_more/000000088319_all__2.npy,Normal
Pistachio/VAD/vit-features/train/normal/infrastructure_normal_more/000000088319_all__3.npy,Normal
Pistachio/VAD/vit-features/train/normal/infrastructure_normal_more/000000088319_all__4.npy,Normal
Pistachio/VAD/vit-features/train/normal/infrastructure_normal_more/000000088319_all__5.npy,Normal
Pistachio/VAD/vit-features/train/normal/infrastructure_normal_more/000000088319_all__6.npy,Normal
Pistachio/VAD/vit-features/train/normal/infrastructure_normal_more/000000088319_all__7.npy,Normal
Pistachio/VAD/vit-features/train/normal/infrastructure_normal_more/000000088319_all__8.npy,Normal
Pistachio/VAD/vit-features/train/normal/infrastructure_normal_more/000000088319_all__9.npy,Normal
Pistachio/VAD/vit-features/train/normal/infrastructure_normal_more/000000089581_all__0.npy,Normal
Pistachio/VAD/vit-features/train/normal/infrastructure_normal_more/000000089581_all__1.npy,Normal
Pistachio/VAD/vit-features/train/normal/infrastructure_normal_more/000000089581_all__2.npy,Normal
Pistachio/VAD/vit-features/train/normal/infrastructure_normal_more/000000089581_all__3.npy,Normal
Pistachio/VAD/vit-features/train/normal/infrastructure_normal_more/000000089581_all__4.npy,Normal
Pistachio/VAD/vit-features/train/normal/infrastructure_normal_more/000000089581_all__5.npy,Normal
Pistachio/VAD/vit-features/train/normal/infrastructure_normal_more/000000089581_all__6.npy,Normal
Pistachio/VAD/vit-features/train/normal/infrastructure_normal_more/000000089581_all__7.npy,Normal
Pistachio/VAD/vit-features/train/normal/infrastructure_normal_more/000000089581_all__8.npy,Normal
Pistachio/VAD/vit-features/train/normal/infrastructure_normal_more/000000089581_all__9.npy,Normal
Pistachio/VAD/vit-features/train/normal/infrastructure_normal_more/000000090541_all__0.npy,Normal
Pistachio/VAD/vit-features/train/normal/infrastructure_normal_more/000000090541_all__1.npy,Normal
Pistachio/VAD/vit-features/train/normal/infrastructure_normal_more/000000090541_all__2.npy,Normal
Pistachio/VAD/vit-features/train/normal/infrastructure_normal_more/000000090541_all__3.npy,Normal
Pistachio/VAD/vit-features/train/normal/infrastructure_normal_more/000000090541_all__4.npy,Normal
Pistachio/VAD/vit-features/train/normal/infrastructure_normal_more/000000090541_all__5.npy,Normal
Pistachio/VAD/vit-features/train/normal/infrastructure_normal_more/000000090541_all__6.npy,Normal
Pistachio/VAD/vit-features/train/normal/infrastructure_normal_more/000000090541_all__7.npy,Normal
Pistachio/VAD/vit-features/train/normal/infrastructure_normal_more/000000090541_all__8.npy,Normal
Pistachio/VAD/vit-features/train/normal/infrastructure_normal_more/000000090541_all__9.npy,Normal
Pistachio/VAD/vit-features/train/normal/infrastructure_normal_more/000000093924_all__0.npy,Normal
Pistachio/VAD/vit-features/train/normal/infrastructure_normal_more/000000093924_all__1.npy,Normal
Pistachio/VAD/vit-features/train/normal/infrastructure_normal_more/000000093924_all__2.npy,Normal
Pistachio/VAD/vit-features/train/normal/infrastructure_normal_more/000000093924_all__3.npy,Normal
Pistachio/VAD/vit-features/train/normal/infrastructure_normal_more/000000093924_all__4.npy,Normal
Pistachio/VAD/vit-features/train/normal/infrastructure_normal_more/000000093924_all__5.npy,Normal
Pistachio/VAD/vit-features/train/normal/infrastructure_normal_more/000000093924_all__6.npy,Normal
Pistachio/VAD/vit-features/train/normal/infrastructure_normal_more/000000093924_all__7.npy,Normal
Pistachio/VAD/vit-features/train/normal/infrastructure_normal_more/000000093924_all__8.npy,Normal
Pistachio/VAD/vit-features/train/normal/infrastructure_normal_more/000000093924_all__9.npy,Normal
Pistachio/VAD/vit-features/train/normal/infrastructure_normal_more/000000096686_all__0.npy,Normal
Pistachio/VAD/vit-features/train/normal/infrastructure_normal_more/000000096686_all__1.npy,Normal
Pistachio/VAD/vit-features/train/normal/infrastructure_normal_more/000000096686_all__2.npy,Normal
Pistachio/VAD/vit-features/train/normal/infrastructure_normal_more/000000096686_all__3.npy,Normal
Pistachio/VAD/vit-features/train/normal/infrastructure_normal_more/000000096686_all__4.npy,Normal
Pistachio/VAD/vit-features/train/normal/infrastructure_normal_more/000000096686_all__5.npy,Normal
Pistachio/VAD/vit-features/train/normal/infrastructure_normal_more/000000096686_all__6.npy,Normal
Pistachio/VAD/vit-features/train/normal/infrastructure_normal_more/000000096686_all__7.npy,Normal
Pistachio/VAD/vit-features/train/normal/infrastructure_normal_more/000000096686_all__8.npy,Normal
Pistachio/VAD/vit-features/train/normal/infrastructure_normal_more/000000096686_all__9.npy,Normal
Pistachio/VAD/vit-features/train/normal/infrastructure_normal_more/000000101291_all__0.npy,Normal
Pistachio/VAD/vit-features/train/normal/infrastructure_normal_more/000000101291_all__1.npy,Normal
Pistachio/VAD/vit-features/train/normal/infrastructure_normal_more/000000101291_all__2.npy,Normal
Pistachio/VAD/vit-features/train/normal/infrastructure_normal_more/000000101291_all__3.npy,Normal
Pistachio/VAD/vit-features/train/normal/infrastructure_normal_more/000000101291_all__4.npy,Normal
Pistachio/VAD/vit-features/train/normal/infrastructure_normal_more/000000101291_all__5.npy,Normal
Pistachio/VAD/vit-features/train/normal/infrastructure_normal_more/000000101291_all__6.npy,Normal
Pistachio/VAD/vit-features/train/normal/infrastructure_normal_more/000000101291_all__7.npy,Normal
Pistachio/VAD/vit-features/train/normal/infrastructure_normal_more/000000101291_all__8.npy,Normal
Pistachio/VAD/vit-features/train/normal/infrastructure_normal_more/000000101291_all__9.npy,Normal
Pistachio/VAD/vit-features/train/normal/infrastructure_normal_more/000000101833_all__0.npy,Normal
Pistachio/VAD/vit-features/train/normal/infrastructure_normal_more/000000101833_all__1.npy,Normal
Pistachio/VAD/vit-features/train/normal/infrastructure_normal_more/000000101833_all__2.npy,Normal
Pistachio/VAD/vit-features/train/normal/infrastructure_normal_more/000000101833_all__3.npy,Normal
Pistachio/VAD/vit-features/train/normal/infrastructure_normal_more/000000101833_all__4.npy,Normal
Pistachio/VAD/vit-features/train/normal/infrastructure_normal_more/000000101833_all__5.npy,Normal
Pistachio/VAD/vit-features/train/normal/infrastructure_normal_more/000000101833_all__6.npy,Normal
Pistachio/VAD/vit-features/train/normal/infrastructure_normal_more/000000101833_all__7.npy,Normal
Pistachio/VAD/vit-features/train/normal/infrastructure_normal_more/000000101833_all__8.npy,Normal
Pistachio/VAD/vit-features/train/normal/infrastructure_normal_more/000000101833_all__9.npy,Normal
Pistachio/VAD/vit-features/train/normal/infrastructure_normal_more/000000102295_all__0.npy,Normal
Pistachio/VAD/vit-features/train/normal/infrastructure_normal_more/000000102295_all__1.npy,Normal
Pistachio/VAD/vit-features/train/normal/infrastructure_normal_more/000000102295_all__2.npy,Normal
Pistachio/VAD/vit-features/train/normal/infrastructure_normal_more/000000102295_all__3.npy,Normal
Pistachio/VAD/vit-features/train/normal/infrastructure_normal_more/000000102295_all__4.npy,Normal
Pistachio/VAD/vit-features/train/normal/infrastructure_normal_more/000000102295_all__5.npy,Normal
Pistachio/VAD/vit-features/train/normal/infrastructure_normal_more/000000102295_all__6.npy,Normal
Pistachio/VAD/vit-features/train/normal/infrastructure_normal_more/000000102295_all__7.npy,Normal
Pistachio/VAD/vit-features/train/normal/infrastructure_normal_more/000000102295_all__8.npy,Normal
Pistachio/VAD/vit-features/train/normal/infrastructure_normal_more/000000102295_all__9.npy,Normal
Pistachio/VAD/vit-features/train/normal/infrastructure_normal_more/000000120539_all__0.npy,Normal
Pistachio/VAD/vit-features/train/normal/infrastructure_normal_more/000000120539_all__1.npy,Normal
Pistachio/VAD/vit-features/train/normal/infrastructure_normal_more/000000120539_all__2.npy,Normal
Pistachio/VAD/vit-features/train/normal/infrastructure_normal_more/000000120539_all__3.npy,Normal
Pistachio/VAD/vit-features/train/normal/infrastructure_normal_more/000000120539_all__4.npy,Normal
Pistachio/VAD/vit-features/train/normal/infrastructure_normal_more/000000120539_all__5.npy,Normal
Pistachio/VAD/vit-features/train/normal/infrastructure_normal_more/000000120539_all__6.npy,Normal
Pistachio/VAD/vit-features/train/normal/infrastructure_normal_more/000000120539_all__7.npy,Normal
Pistachio/VAD/vit-features/train/normal/infrastructure_normal_more/000000120539_all__8.npy,Normal
Pistachio/VAD/vit-features/train/normal/infrastructure_normal_more/000000120539_all__9.npy,Normal
Pistachio/VAD/vit-features/train/normal/infrastructure_normal_more/000000127354_all__0.npy,Normal
Pistachio/VAD/vit-features/train/normal/infrastructure_normal_more/000000127354_all__1.npy,Normal
Pistachio/VAD/vit-features/train/normal/infrastructure_normal_more/000000127354_all__2.npy,Normal
Pistachio/VAD/vit-features/train/normal/infrastructure_normal_more/000000127354_all__3.npy,Normal
Pistachio/VAD/vit-features/train/normal/infrastructure_normal_more/000000127354_all__4.npy,Normal
Pistachio/VAD/vit-features/train/normal/infrastructure_normal_more/000000127354_all__5.npy,Normal
Pistachio/VAD/vit-features/train/normal/infrastructure_normal_more/000000127354_all__6.npy,Normal
Pistachio/VAD/vit-features/train/normal/infrastructure_normal_more/000000127354_all__7.npy,Normal
Pistachio/VAD/vit-features/train/normal/infrastructure_normal_more/000000127354_all__8.npy,Normal
Pistachio/VAD/vit-features/train/normal/infrastructure_normal_more/000000127354_all__9.npy,Normal
Pistachio/VAD/vit-features/train/normal/infrastructure_normal_more/000000141902_all__0.npy,Normal
Pistachio/VAD/vit-features/train/normal/infrastructure_normal_more/000000141902_all__1.npy,Normal
Pistachio/VAD/vit-features/train/normal/infrastructure_normal_more/000000141902_all__2.npy,Normal
Pistachio/VAD/vit-features/train/normal/infrastructure_normal_more/000000141902_all__3.npy,Normal
Pistachio/VAD/vit-features/train/normal/infrastructure_normal_more/000000141902_all__4.npy,Normal
Pistachio/VAD/vit-features/train/normal/infrastructure_normal_more/000000141902_all__5.npy,Normal
Pistachio/VAD/vit-features/train/normal/infrastructure_normal_more/000000141902_all__6.npy,Normal
Pistachio/VAD/vit-features/train/normal/infrastructure_normal_more/000000141902_all__7.npy,Normal
Pistachio/VAD/vit-features/train/normal/infrastructure_normal_more/000000141902_all__8.npy,Normal
Pistachio/VAD/vit-features/train/normal/infrastructure_normal_more/000000141902_all__9.npy,Normal
Pistachio/VAD/vit-features/train/normal/infrastructure_normal_more/000000145445_all__0.npy,Normal
Pistachio/VAD/vit-features/train/normal/infrastructure_normal_more/000000145445_all__1.npy,Normal
Pistachio/VAD/vit-features/train/normal/infrastructure_normal_more/000000145445_all__2.npy,Normal
Pistachio/VAD/vit-features/train/normal/infrastructure_normal_more/000000145445_all__3.npy,Normal
Pistachio/VAD/vit-features/train/normal/infrastructure_normal_more/000000145445_all__4.npy,Normal
Pistachio/VAD/vit-features/train/normal/infrastructure_normal_more/000000145445_all__5.npy,Normal
Pistachio/VAD/vit-features/train/normal/infrastructure_normal_more/000000145445_all__6.npy,Normal
Pistachio/VAD/vit-features/train/normal/infrastructure_normal_more/000000145445_all__7.npy,Normal
Pistachio/VAD/vit-features/train/normal/infrastructure_normal_more/000000145445_all__8.npy,Normal
Pistachio/VAD/vit-features/train/normal/infrastructure_normal_more/000000145445_all__9.npy,Normal
Pistachio/VAD/vit-features/train/normal/infrastructure_normal_more/000000149534_all__0.npy,Normal
Pistachio/VAD/vit-features/train/normal/infrastructure_normal_more/000000149534_all__1.npy,Normal
Pistachio/VAD/vit-features/train/normal/infrastructure_normal_more/000000149534_all__2.npy,Normal
Pistachio/VAD/vit-features/train/normal/infrastructure_normal_more/000000149534_all__3.npy,Normal
Pistachio/VAD/vit-features/train/normal/infrastructure_normal_more/000000149534_all__4.npy,Normal
Pistachio/VAD/vit-features/train/normal/infrastructure_normal_more/000000149534_all__5.npy,Normal
Pistachio/VAD/vit-features/train/normal/infrastructure_normal_more/000000149534_all__6.npy,Normal
Pistachio/VAD/vit-features/train/normal/infrastructure_normal_more/000000149534_all__7.npy,Normal
Pistachio/VAD/vit-features/train/normal/infrastructure_normal_more/000000149534_all__8.npy,Normal
Pistachio/VAD/vit-features/train/normal/infrastructure_normal_more/000000149534_all__9.npy,Normal
Pistachio/VAD/vit-features/train/normal/infrastructure_normal_more/000000151014_all__0.npy,Normal
Pistachio/VAD/vit-features/train/normal/infrastructure_normal_more/000000151014_all__1.npy,Normal
Pistachio/VAD/vit-features/train/normal/infrastructure_normal_more/000000151014_all__2.npy,Normal
Pistachio/VAD/vit-features/train/normal/infrastructure_normal_more/000000151014_all__3.npy,Normal
Pistachio/VAD/vit-features/train/normal/infrastructure_normal_more/000000151014_all__4.npy,Normal
Pistachio/VAD/vit-features/train/normal/infrastructure_normal_more/000000151014_all__5.npy,Normal
Pistachio/VAD/vit-features/train/normal/infrastructure_normal_more/000000151014_all__6.npy,Normal
Pistachio/VAD/vit-features/train/normal/infrastructure_normal_more/000000151014_all__7.npy,Normal
Pistachio/VAD/vit-features/train/normal/infrastructure_normal_more/000000151014_all__8.npy,Normal
Pistachio/VAD/vit-features/train/normal/infrastructure_normal_more/000000151014_all__9.npy,Normal
Pistachio/VAD/vit-features/train/normal/infrastructure_normal_more/000000151128_all__0.npy,Normal
Pistachio/VAD/vit-features/train/normal/infrastructure_normal_more/000000151128_all__1.npy,Normal
Pistachio/VAD/vit-features/train/normal/infrastructure_normal_more/000000151128_all__2.npy,Normal
Pistachio/VAD/vit-features/train/normal/infrastructure_normal_more/000000151128_all__3.npy,Normal
Pistachio/VAD/vit-features/train/normal/infrastructure_normal_more/000000151128_all__4.npy,Normal
Pistachio/VAD/vit-features/train/normal/infrastructure_normal_more/000000151128_all__5.npy,Normal
Pistachio/VAD/vit-features/train/normal/infrastructure_normal_more/000000151128_all__6.npy,Normal
Pistachio/VAD/vit-features/train/normal/infrastructure_normal_more/000000151128_all__7.npy,Normal
Pistachio/VAD/vit-features/train/normal/infrastructure_normal_more/000000151128_all__8.npy,Normal
Pistachio/VAD/vit-features/train/normal/infrastructure_normal_more/000000151128_all__9.npy,Normal
Pistachio/VAD/vit-features/train/normal/infrastructure_normal_more/000000151427_all__0.npy,Normal
Pistachio/VAD/vit-features/train/normal/infrastructure_normal_more/000000151427_all__1.npy,Normal
Pistachio/VAD/vit-features/train/normal/infrastructure_normal_more/000000151427_all__2.npy,Normal
Pistachio/VAD/vit-features/train/normal/infrastructure_normal_more/000000151427_all__3.npy,Normal
Pistachio/VAD/vit-features/train/normal/infrastructure_normal_more/000000151427_all__4.npy,Normal
Pistachio/VAD/vit-features/train/normal/infrastructure_normal_more/000000151427_all__5.npy,Normal
Pistachio/VAD/vit-features/train/normal/infrastructure_normal_more/000000151427_all__6.npy,Normal
Pistachio/VAD/vit-features/train/normal/infrastructure_normal_more/000000151427_all__7.npy,Normal
Pistachio/VAD/vit-features/train/normal/infrastructure_normal_more/000000151427_all__8.npy,Normal
Pistachio/VAD/vit-features/train/normal/infrastructure_normal_more/000000151427_all__9.npy,Normal
Pistachio/VAD/vit-features/train/normal/infrastructure_normal_more/000000152752_all__0.npy,Normal
Pistachio/VAD/vit-features/train/normal/infrastructure_normal_more/000000152752_all__1.npy,Normal
Pistachio/VAD/vit-features/train/normal/infrastructure_normal_more/000000152752_all__2.npy,Normal
Pistachio/VAD/vit-features/train/normal/infrastructure_normal_more/000000152752_all__3.npy,Normal
Pistachio/VAD/vit-features/train/normal/infrastructure_normal_more/000000152752_all__4.npy,Normal
Pistachio/VAD/vit-features/train/normal/infrastructure_normal_more/000000152752_all__5.npy,Normal
Pistachio/VAD/vit-features/train/normal/infrastructure_normal_more/000000152752_all__6.npy,Normal
Pistachio/VAD/vit-features/train/normal/infrastructure_normal_more/000000152752_all__7.npy,Normal
Pistachio/VAD/vit-features/train/normal/infrastructure_normal_more/000000152752_all__8.npy,Normal
Pistachio/VAD/vit-features/train/normal/infrastructure_normal_more/000000152752_all__9.npy,Normal
Pistachio/VAD/vit-features/train/normal/infrastructure_normal_more/000000168496_all__0.npy,Normal
Pistachio/VAD/vit-features/train/normal/infrastructure_normal_more/000000168496_all__1.npy,Normal
Pistachio/VAD/vit-features/train/normal/infrastructure_normal_more/000000168496_all__2.npy,Normal
Pistachio/VAD/vit-features/train/normal/infrastructure_normal_more/000000168496_all__3.npy,Normal
Pistachio/VAD/vit-features/train/normal/infrastructure_normal_more/000000168496_all__4.npy,Normal
Pistachio/VAD/vit-features/train/normal/infrastructure_normal_more/000000168496_all__5.npy,Normal
Pistachio/VAD/vit-features/train/normal/infrastructure_normal_more/000000168496_all__6.npy,Normal
Pistachio/VAD/vit-features/train/normal/infrastructure_normal_more/000000168496_all__7.npy,Normal
Pistachio/VAD/vit-features/train/normal/infrastructure_normal_more/000000168496_all__8.npy,Normal
Pistachio/VAD/vit-features/train/normal/infrastructure_normal_more/000000168496_all__9.npy,Normal
Pistachio/VAD/vit-features/train/normal/infrastructure_normal_more/000000176844_all__0.npy,Normal
Pistachio/VAD/vit-features/train/normal/infrastructure_normal_more/000000176844_all__1.npy,Normal
Pistachio/VAD/vit-features/train/normal/infrastructure_normal_more/000000176844_all__2.npy,Normal
Pistachio/VAD/vit-features/train/normal/infrastructure_normal_more/000000176844_all__3.npy,Normal
Pistachio/VAD/vit-features/train/normal/infrastructure_normal_more/000000176844_all__4.npy,Normal
Pistachio/VAD/vit-features/train/normal/infrastructure_normal_more/000000176844_all__5.npy,Normal
Pistachio/VAD/vit-features/train/normal/infrastructure_normal_more/000000176844_all__6.npy,Normal
Pistachio/VAD/vit-features/train/normal/infrastructure_normal_more/000000176844_all__7.npy,Normal
Pistachio/VAD/vit-features/train/normal/infrastructure_normal_more/000000176844_all__8.npy,Normal
Pistachio/VAD/vit-features/train/normal/infrastructure_normal_more/000000176844_all__9.npy,Normal
Pistachio/VAD/vit-features/train/normal/infrastructure_normal_more/000000181033_all__0.npy,Normal
Pistachio/VAD/vit-features/train/normal/infrastructure_normal_more/000000181033_all__1.npy,Normal
Pistachio/VAD/vit-features/train/normal/infrastructure_normal_more/000000181033_all__2.npy,Normal
Pistachio/VAD/vit-features/train/normal/infrastructure_normal_more/000000181033_all__3.npy,Normal
Pistachio/VAD/vit-features/train/normal/infrastructure_normal_more/000000181033_all__4.npy,Normal
Pistachio/VAD/vit-features/train/normal/infrastructure_normal_more/000000181033_all__5.npy,Normal
Pistachio/VAD/vit-features/train/normal/infrastructure_normal_more/000000181033_all__6.npy,Normal
Pistachio/VAD/vit-features/train/normal/infrastructure_normal_more/000000181033_all__7.npy,Normal
Pistachio/VAD/vit-features/train/normal/infrastructure_normal_more/000000181033_all__8.npy,Normal
Pistachio/VAD/vit-features/train/normal/infrastructure_normal_more/000000181033_all__9.npy,Normal
Pistachio/VAD/vit-features/train/normal/infrastructure_normal_more/000000187562_all__0.npy,Normal
Pistachio/VAD/vit-features/train/normal/infrastructure_normal_more/000000187562_all__1.npy,Normal
Pistachio/VAD/vit-features/train/normal/infrastructure_normal_more/000000187562_all__2.npy,Normal
Pistachio/VAD/vit-features/train/normal/infrastructure_normal_more/000000187562_all__3.npy,Normal
Pistachio/VAD/vit-features/train/normal/infrastructure_normal_more/000000187562_all__4.npy,Normal
Pistachio/VAD/vit-features/train/normal/infrastructure_normal_more/000000187562_all__5.npy,Normal
Pistachio/VAD/vit-features/train/normal/infrastructure_normal_more/000000187562_all__6.npy,Normal
Pistachio/VAD/vit-features/train/normal/infrastructure_normal_more/000000187562_all__7.npy,Normal
Pistachio/VAD/vit-features/train/normal/infrastructure_normal_more/000000187562_all__8.npy,Normal
Pistachio/VAD/vit-features/train/normal/infrastructure_normal_more/000000187562_all__9.npy,Normal
Pistachio/VAD/vit-features/train/normal/infrastructure_normal_more/000000191932_all__0.npy,Normal
Pistachio/VAD/vit-features/train/normal/infrastructure_normal_more/000000191932_all__1.npy,Normal
Pistachio/VAD/vit-features/train/normal/infrastructure_normal_more/000000191932_all__2.npy,Normal
Pistachio/VAD/vit-features/train/normal/infrastructure_normal_more/000000191932_all__3.npy,Normal
Pistachio/VAD/vit-features/train/normal/infrastructure_normal_more/000000191932_all__4.npy,Normal
Pistachio/VAD/vit-features/train/normal/infrastructure_normal_more/000000191932_all__5.npy,Normal
Pistachio/VAD/vit-features/train/normal/infrastructure_normal_more/000000191932_all__6.npy,Normal
Pistachio/VAD/vit-features/train/normal/infrastructure_normal_more/000000191932_all__7.npy,Normal
Pistachio/VAD/vit-features/train/normal/infrastructure_normal_more/000000191932_all__8.npy,Normal
Pistachio/VAD/vit-features/train/normal/infrastructure_normal_more/000000191932_all__9.npy,Normal
Pistachio/VAD/vit-features/train/normal/infrastructure_normal_more/000000204873_all__0.npy,Normal
Pistachio/VAD/vit-features/train/normal/infrastructure_normal_more/000000204873_all__1.npy,Normal
Pistachio/VAD/vit-features/train/normal/infrastructure_normal_more/000000204873_all__2.npy,Normal
Pistachio/VAD/vit-features/train/normal/infrastructure_normal_more/000000204873_all__3.npy,Normal
Pistachio/VAD/vit-features/train/normal/infrastructure_normal_more/000000204873_all__4.npy,Normal
Pistachio/VAD/vit-features/train/normal/infrastructure_normal_more/000000204873_all__5.npy,Normal
Pistachio/VAD/vit-features/train/normal/infrastructure_normal_more/000000204873_all__6.npy,Normal
Pistachio/VAD/vit-features/train/normal/infrastructure_normal_more/000000204873_all__7.npy,Normal
Pistachio/VAD/vit-features/train/normal/infrastructure_normal_more/000000204873_all__8.npy,Normal
Pistachio/VAD/vit-features/train/normal/infrastructure_normal_more/000000204873_all__9.npy,Normal
Pistachio/VAD/vit-features/train/normal/infrastructure_normal_more/000000205576_all__0.npy,Normal
Pistachio/VAD/vit-features/train/normal/infrastructure_normal_more/000000205576_all__1.npy,Normal
Pistachio/VAD/vit-features/train/normal/infrastructure_normal_more/000000205576_all__2.npy,Normal
Pistachio/VAD/vit-features/train/normal/infrastructure_normal_more/000000205576_all__3.npy,Normal
Pistachio/VAD/vit-features/train/normal/infrastructure_normal_more/000000205576_all__4.npy,Normal
Pistachio/VAD/vit-features/train/normal/infrastructure_normal_more/000000205576_all__5.npy,Normal
Pistachio/VAD/vit-features/train/normal/infrastructure_normal_more/000000205576_all__6.npy,Normal
Pistachio/VAD/vit-features/train/normal/infrastructure_normal_more/000000205576_all__7.npy,Normal
Pistachio/VAD/vit-features/train/normal/infrastructure_normal_more/000000205576_all__8.npy,Normal
Pistachio/VAD/vit-features/train/normal/infrastructure_normal_more/000000205576_all__9.npy,Normal
Pistachio/VAD/vit-features/train/normal/infrastructure_normal_more/000000207312_all__0.npy,Normal
Pistachio/VAD/vit-features/train/normal/infrastructure_normal_more/000000207312_all__1.npy,Normal
Pistachio/VAD/vit-features/train/normal/infrastructure_normal_more/000000207312_all__2.npy,Normal
Pistachio/VAD/vit-features/train/normal/infrastructure_normal_more/000000207312_all__3.npy,Normal
Pistachio/VAD/vit-features/train/normal/infrastructure_normal_more/000000207312_all__4.npy,Normal
Pistachio/VAD/vit-features/train/normal/infrastructure_normal_more/000000207312_all__5.npy,Normal
Pistachio/VAD/vit-features/train/normal/infrastructure_normal_more/000000207312_all__6.npy,Normal
Pistachio/VAD/vit-features/train/normal/infrastructure_normal_more/000000207312_all__7.npy,Normal
Pistachio/VAD/vit-features/train/normal/infrastructure_normal_more/000000207312_all__8.npy,Normal
Pistachio/VAD/vit-features/train/normal/infrastructure_normal_more/000000207312_all__9.npy,Normal
Pistachio/VAD/vit-features/train/normal/infrastructure_normal_more/000000214420_all__0.npy,Normal
Pistachio/VAD/vit-features/train/normal/infrastructure_normal_more/000000214420_all__1.npy,Normal
Pistachio/VAD/vit-features/train/normal/infrastructure_normal_more/000000214420_all__2.npy,Normal
Pistachio/VAD/vit-features/train/normal/infrastructure_normal_more/000000214420_all__3.npy,Normal
Pistachio/VAD/vit-features/train/normal/infrastructure_normal_more/000000214420_all__4.npy,Normal
Pistachio/VAD/vit-features/train/normal/infrastructure_normal_more/000000214420_all__5.npy,Normal
Pistachio/VAD/vit-features/train/normal/infrastructure_normal_more/000000214420_all__6.npy,Normal
Pistachio/VAD/vit-features/train/normal/infrastructure_normal_more/000000214420_all__7.npy,Normal
Pistachio/VAD/vit-features/train/normal/infrastructure_normal_more/000000214420_all__8.npy,Normal
Pistachio/VAD/vit-features/train/normal/infrastructure_normal_more/000000214420_all__9.npy,Normal
Pistachio/VAD/vit-features/train/normal/infrastructure_normal_more/000000222919_all__0.npy,Normal
Pistachio/VAD/vit-features/train/normal/infrastructure_normal_more/000000222919_all__1.npy,Normal
Pistachio/VAD/vit-features/train/normal/infrastructure_normal_more/000000222919_all__2.npy,Normal
Pistachio/VAD/vit-features/train/normal/infrastructure_normal_more/000000222919_all__3.npy,Normal
Pistachio/VAD/vit-features/train/normal/infrastructure_normal_more/000000222919_all__4.npy,Normal
Pistachio/VAD/vit-features/train/normal/infrastructure_normal_more/000000222919_all__5.npy,Normal
Pistachio/VAD/vit-features/train/normal/infrastructure_normal_more/000000222919_all__6.npy,Normal
Pistachio/VAD/vit-features/train/normal/infrastructure_normal_more/000000222919_all__7.npy,Normal
Pistachio/VAD/vit-features/train/normal/infrastructure_normal_more/000000222919_all__8.npy,Normal
Pistachio/VAD/vit-features/train/normal/infrastructure_normal_more/000000222919_all__9.npy,Normal
Pistachio/VAD/vit-features/train/normal/infrastructure_normal_more/000000229029_all__0.npy,Normal
Pistachio/VAD/vit-features/train/normal/infrastructure_normal_more/000000229029_all__1.npy,Normal
Pistachio/VAD/vit-features/train/normal/infrastructure_normal_more/000000229029_all__2.npy,Normal
Pistachio/VAD/vit-features/train/normal/infrastructure_normal_more/000000229029_all__3.npy,Normal
Pistachio/VAD/vit-features/train/normal/infrastructure_normal_more/000000229029_all__4.npy,Normal
Pistachio/VAD/vit-features/train/normal/infrastructure_normal_more/000000229029_all__5.npy,Normal
Pistachio/VAD/vit-features/train/normal/infrastructure_normal_more/000000229029_all__6.npy,Normal
Pistachio/VAD/vit-features/train/normal/infrastructure_normal_more/000000229029_all__7.npy,Normal
Pistachio/VAD/vit-features/train/normal/infrastructure_normal_more/000000229029_all__8.npy,Normal
Pistachio/VAD/vit-features/train/normal/infrastructure_normal_more/000000229029_all__9.npy,Normal
Pistachio/VAD/vit-features/train/normal/infrastructure_normal_more/000000233134_all__0.npy,Normal
Pistachio/VAD/vit-features/train/normal/infrastructure_normal_more/000000233134_all__1.npy,Normal
Pistachio/VAD/vit-features/train/normal/infrastructure_normal_more/000000233134_all__2.npy,Normal
Pistachio/VAD/vit-features/train/normal/infrastructure_normal_more/000000233134_all__3.npy,Normal
Pistachio/VAD/vit-features/train/normal/infrastructure_normal_more/000000233134_all__4.npy,Normal
Pistachio/VAD/vit-features/train/normal/infrastructure_normal_more/000000233134_all__5.npy,Normal
Pistachio/VAD/vit-features/train/normal/infrastructure_normal_more/000000233134_all__6.npy,Normal
Pistachio/VAD/vit-features/train/normal/infrastructure_normal_more/000000233134_all__7.npy,Normal
Pistachio/VAD/vit-features/train/normal/infrastructure_normal_more/000000233134_all__8.npy,Normal
Pistachio/VAD/vit-features/train/normal/infrastructure_normal_more/000000233134_all__9.npy,Normal
Pistachio/VAD/vit-features/train/normal/infrastructure_normal_more/000000240066_all__0.npy,Normal
Pistachio/VAD/vit-features/train/normal/infrastructure_normal_more/000000240066_all__1.npy,Normal
Pistachio/VAD/vit-features/train/normal/infrastructure_normal_more/000000240066_all__2.npy,Normal
Pistachio/VAD/vit-features/train/normal/infrastructure_normal_more/000000240066_all__3.npy,Normal
Pistachio/VAD/vit-features/train/normal/infrastructure_normal_more/000000240066_all__4.npy,Normal
Pistachio/VAD/vit-features/train/normal/infrastructure_normal_more/000000240066_all__5.npy,Normal
Pistachio/VAD/vit-features/train/normal/infrastructure_normal_more/000000240066_all__6.npy,Normal
Pistachio/VAD/vit-features/train/normal/infrastructure_normal_more/000000240066_all__7.npy,Normal
Pistachio/VAD/vit-features/train/normal/infrastructure_normal_more/000000240066_all__8.npy,Normal
Pistachio/VAD/vit-features/train/normal/infrastructure_normal_more/000000240066_all__9.npy,Normal
Pistachio/VAD/vit-features/train/normal/infrastructure_normal_more/000000241627_all__0.npy,Normal
Pistachio/VAD/vit-features/train/normal/infrastructure_normal_more/000000241627_all__1.npy,Normal
Pistachio/VAD/vit-features/train/normal/infrastructure_normal_more/000000241627_all__2.npy,Normal
Pistachio/VAD/vit-features/train/normal/infrastructure_normal_more/000000241627_all__3.npy,Normal
Pistachio/VAD/vit-features/train/normal/infrastructure_normal_more/000000241627_all__4.npy,Normal
Pistachio/VAD/vit-features/train/normal/infrastructure_normal_more/000000241627_all__5.npy,Normal
Pistachio/VAD/vit-features/train/normal/infrastructure_normal_more/000000241627_all__6.npy,Normal
Pistachio/VAD/vit-features/train/normal/infrastructure_normal_more/000000241627_all__7.npy,Normal
Pistachio/VAD/vit-features/train/normal/infrastructure_normal_more/000000241627_all__8.npy,Normal
Pistachio/VAD/vit-features/train/normal/infrastructure_normal_more/000000241627_all__9.npy,Normal
Pistachio/VAD/vit-features/train/normal/infrastructure_normal_more/000000242456_all__0.npy,Normal
Pistachio/VAD/vit-features/train/normal/infrastructure_normal_more/000000242456_all__1.npy,Normal
Pistachio/VAD/vit-features/train/normal/infrastructure_normal_more/000000242456_all__2.npy,Normal
Pistachio/VAD/vit-features/train/normal/infrastructure_normal_more/000000242456_all__3.npy,Normal
Pistachio/VAD/vit-features/train/normal/infrastructure_normal_more/000000242456_all__4.npy,Normal
Pistachio/VAD/vit-features/train/normal/infrastructure_normal_more/000000242456_all__5.npy,Normal
Pistachio/VAD/vit-features/train/normal/infrastructure_normal_more/000000242456_all__6.npy,Normal
Pistachio/VAD/vit-features/train/normal/infrastructure_normal_more/000000242456_all__7.npy,Normal
Pistachio/VAD/vit-features/train/normal/infrastructure_normal_more/000000242456_all__8.npy,Normal
Pistachio/VAD/vit-features/train/normal/infrastructure_normal_more/000000242456_all__9.npy,Normal
Pistachio/VAD/vit-features/train/normal/infrastructure_normal_more/000000243534_all__0.npy,Normal
Pistachio/VAD/vit-features/train/normal/infrastructure_normal_more/000000243534_all__1.npy,Normal
Pistachio/VAD/vit-features/train/normal/infrastructure_normal_more/000000243534_all__2.npy,Normal
Pistachio/VAD/vit-features/train/normal/infrastructure_normal_more/000000243534_all__3.npy,Normal
Pistachio/VAD/vit-features/train/normal/infrastructure_normal_more/000000243534_all__4.npy,Normal
Pistachio/VAD/vit-features/train/normal/infrastructure_normal_more/000000243534_all__5.npy,Normal
Pistachio/VAD/vit-features/train/normal/infrastructure_normal_more/000000243534_all__6.npy,Normal
Pistachio/VAD/vit-features/train/normal/infrastructure_normal_more/000000243534_all__7.npy,Normal
Pistachio/VAD/vit-features/train/normal/infrastructure_normal_more/000000243534_all__8.npy,Normal
Pistachio/VAD/vit-features/train/normal/infrastructure_normal_more/000000243534_all__9.npy,Normal
Pistachio/VAD/vit-features/train/normal/infrastructure_normal_more/000000243635_all__0.npy,Normal
Pistachio/VAD/vit-features/train/normal/infrastructure_normal_more/000000243635_all__1.npy,Normal
Pistachio/VAD/vit-features/train/normal/infrastructure_normal_more/000000243635_all__2.npy,Normal
Pistachio/VAD/vit-features/train/normal/infrastructure_normal_more/000000243635_all__3.npy,Normal
Pistachio/VAD/vit-features/train/normal/infrastructure_normal_more/000000243635_all__4.npy,Normal
Pistachio/VAD/vit-features/train/normal/infrastructure_normal_more/000000243635_all__5.npy,Normal
Pistachio/VAD/vit-features/train/normal/infrastructure_normal_more/000000243635_all__6.npy,Normal
Pistachio/VAD/vit-features/train/normal/infrastructure_normal_more/000000243635_all__7.npy,Normal
Pistachio/VAD/vit-features/train/normal/infrastructure_normal_more/000000243635_all__8.npy,Normal
Pistachio/VAD/vit-features/train/normal/infrastructure_normal_more/000000243635_all__9.npy,Normal
Pistachio/VAD/vit-features/train/normal/infrastructure_normal_more/000000245394_all__0.npy,Normal
Pistachio/VAD/vit-features/train/normal/infrastructure_normal_more/000000245394_all__1.npy,Normal
Pistachio/VAD/vit-features/train/normal/infrastructure_normal_more/000000245394_all__2.npy,Normal
Pistachio/VAD/vit-features/train/normal/infrastructure_normal_more/000000245394_all__3.npy,Normal
Pistachio/VAD/vit-features/train/normal/infrastructure_normal_more/000000245394_all__4.npy,Normal
Pistachio/VAD/vit-features/train/normal/infrastructure_normal_more/000000245394_all__5.npy,Normal
Pistachio/VAD/vit-features/train/normal/infrastructure_normal_more/000000245394_all__6.npy,Normal
Pistachio/VAD/vit-features/train/normal/infrastructure_normal_more/000000245394_all__7.npy,Normal
Pistachio/VAD/vit-features/train/normal/infrastructure_normal_more/000000245394_all__8.npy,Normal
Pistachio/VAD/vit-features/train/normal/infrastructure_normal_more/000000245394_all__9.npy,Normal
Pistachio/VAD/vit-features/train/normal/infrastructure_normal_more/000000252152_all__0.npy,Normal
Pistachio/VAD/vit-features/train/normal/infrastructure_normal_more/000000252152_all__1.npy,Normal
Pistachio/VAD/vit-features/train/normal/infrastructure_normal_more/000000252152_all__2.npy,Normal
Pistachio/VAD/vit-features/train/normal/infrastructure_normal_more/000000252152_all__3.npy,Normal
Pistachio/VAD/vit-features/train/normal/infrastructure_normal_more/000000252152_all__4.npy,Normal
Pistachio/VAD/vit-features/train/normal/infrastructure_normal_more/000000252152_all__5.npy,Normal
Pistachio/VAD/vit-features/train/normal/infrastructure_normal_more/000000252152_all__6.npy,Normal
Pistachio/VAD/vit-features/train/normal/infrastructure_normal_more/000000252152_all__7.npy,Normal
Pistachio/VAD/vit-features/train/normal/infrastructure_normal_more/000000252152_all__8.npy,Normal
Pistachio/VAD/vit-features/train/normal/infrastructure_normal_more/000000252152_all__9.npy,Normal
Pistachio/VAD/vit-features/train/normal/infrastructure_normal_more/000000255127_all__0.npy,Normal
Pistachio/VAD/vit-features/train/normal/infrastructure_normal_more/000000255127_all__1.npy,Normal
Pistachio/VAD/vit-features/train/normal/infrastructure_normal_more/000000255127_all__2.npy,Normal
Pistachio/VAD/vit-features/train/normal/infrastructure_normal_more/000000255127_all__3.npy,Normal
Pistachio/VAD/vit-features/train/normal/infrastructure_normal_more/000000255127_all__4.npy,Normal
Pistachio/VAD/vit-features/train/normal/infrastructure_normal_more/000000255127_all__5.npy,Normal
Pistachio/VAD/vit-features/train/normal/infrastructure_normal_more/000000255127_all__6.npy,Normal
Pistachio/VAD/vit-features/train/normal/infrastructure_normal_more/000000255127_all__7.npy,Normal
Pistachio/VAD/vit-features/train/normal/infrastructure_normal_more/000000255127_all__8.npy,Normal
Pistachio/VAD/vit-features/train/normal/infrastructure_normal_more/000000255127_all__9.npy,Normal
Pistachio/VAD/vit-features/train/normal/infrastructure_normal_more/000000255939_all__0.npy,Normal
Pistachio/VAD/vit-features/train/normal/infrastructure_normal_more/000000255939_all__1.npy,Normal
Pistachio/VAD/vit-features/train/normal/infrastructure_normal_more/000000255939_all__2.npy,Normal
Pistachio/VAD/vit-features/train/normal/infrastructure_normal_more/000000255939_all__3.npy,Normal
Pistachio/VAD/vit-features/train/normal/infrastructure_normal_more/000000255939_all__4.npy,Normal
Pistachio/VAD/vit-features/train/normal/infrastructure_normal_more/000000255939_all__5.npy,Normal
Pistachio/VAD/vit-features/train/normal/infrastructure_normal_more/000000255939_all__6.npy,Normal
Pistachio/VAD/vit-features/train/normal/infrastructure_normal_more/000000255939_all__7.npy,Normal
Pistachio/VAD/vit-features/train/normal/infrastructure_normal_more/000000255939_all__8.npy,Normal
Pistachio/VAD/vit-features/train/normal/infrastructure_normal_more/000000255939_all__9.npy,Normal
Pistachio/VAD/vit-features/train/normal/infrastructure_normal_more/000000256770_all__0.npy,Normal
Pistachio/VAD/vit-features/train/normal/infrastructure_normal_more/000000256770_all__1.npy,Normal
Pistachio/VAD/vit-features/train/normal/infrastructure_normal_more/000000256770_all__2.npy,Normal
Pistachio/VAD/vit-features/train/normal/infrastructure_normal_more/000000256770_all__3.npy,Normal
Pistachio/VAD/vit-features/train/normal/infrastructure_normal_more/000000256770_all__4.npy,Normal
Pistachio/VAD/vit-features/train/normal/infrastructure_normal_more/000000256770_all__5.npy,Normal
Pistachio/VAD/vit-features/train/normal/infrastructure_normal_more/000000256770_all__6.npy,Normal
Pistachio/VAD/vit-features/train/normal/infrastructure_normal_more/000000256770_all__7.npy,Normal
Pistachio/VAD/vit-features/train/normal/infrastructure_normal_more/000000256770_all__8.npy,Normal
Pistachio/VAD/vit-features/train/normal/infrastructure_normal_more/000000256770_all__9.npy,Normal
Pistachio/VAD/vit-features/train/normal/infrastructure_normal_more/000000258504_all__0.npy,Normal
Pistachio/VAD/vit-features/train/normal/infrastructure_normal_more/000000258504_all__1.npy,Normal
Pistachio/VAD/vit-features/train/normal/infrastructure_normal_more/000000258504_all__2.npy,Normal
Pistachio/VAD/vit-features/train/normal/infrastructure_normal_more/000000258504_all__3.npy,Normal
Pistachio/VAD/vit-features/train/normal/infrastructure_normal_more/000000258504_all__4.npy,Normal
Pistachio/VAD/vit-features/train/normal/infrastructure_normal_more/000000258504_all__5.npy,Normal
Pistachio/VAD/vit-features/train/normal/infrastructure_normal_more/000000258504_all__6.npy,Normal
Pistachio/VAD/vit-features/train/normal/infrastructure_normal_more/000000258504_all__7.npy,Normal
Pistachio/VAD/vit-features/train/normal/infrastructure_normal_more/000000258504_all__8.npy,Normal
Pistachio/VAD/vit-features/train/normal/infrastructure_normal_more/000000258504_all__9.npy,Normal
Pistachio/VAD/vit-features/train/normal/infrastructure_normal_more/000000262464_all__0.npy,Normal
Pistachio/VAD/vit-features/train/normal/infrastructure_normal_more/000000262464_all__1.npy,Normal
Pistachio/VAD/vit-features/train/normal/infrastructure_normal_more/000000262464_all__2.npy,Normal
Pistachio/VAD/vit-features/train/normal/infrastructure_normal_more/000000262464_all__3.npy,Normal
Pistachio/VAD/vit-features/train/normal/infrastructure_normal_more/000000262464_all__4.npy,Normal
Pistachio/VAD/vit-features/train/normal/infrastructure_normal_more/000000262464_all__5.npy,Normal
Pistachio/VAD/vit-features/train/normal/infrastructure_normal_more/000000262464_all__6.npy,Normal
Pistachio/VAD/vit-features/train/normal/infrastructure_normal_more/000000262464_all__7.npy,Normal
Pistachio/VAD/vit-features/train/normal/infrastructure_normal_more/000000262464_all__8.npy,Normal
Pistachio/VAD/vit-features/train/normal/infrastructure_normal_more/000000262464_all__9.npy,Normal
Pistachio/VAD/vit-features/train/normal/infrastructure_normal_more/000000269241_all__0.npy,Normal
Pistachio/VAD/vit-features/train/normal/infrastructure_normal_more/000000269241_all__1.npy,Normal
Pistachio/VAD/vit-features/train/normal/infrastructure_normal_more/000000269241_all__2.npy,Normal
Pistachio/VAD/vit-features/train/normal/infrastructure_normal_more/000000269241_all__3.npy,Normal
Pistachio/VAD/vit-features/train/normal/infrastructure_normal_more/000000269241_all__4.npy,Normal
Pistachio/VAD/vit-features/train/normal/infrastructure_normal_more/000000269241_all__5.npy,Normal
Pistachio/VAD/vit-features/train/normal/infrastructure_normal_more/000000269241_all__6.npy,Normal
Pistachio/VAD/vit-features/train/normal/infrastructure_normal_more/000000269241_all__7.npy,Normal
Pistachio/VAD/vit-features/train/normal/infrastructure_normal_more/000000269241_all__8.npy,Normal
Pistachio/VAD/vit-features/train/normal/infrastructure_normal_more/000000269241_all__9.npy,Normal
Pistachio/VAD/vit-features/train/normal/infrastructure_normal_more/000000273585_all__0.npy,Normal
Pistachio/VAD/vit-features/train/normal/infrastructure_normal_more/000000273585_all__1.npy,Normal
Pistachio/VAD/vit-features/train/normal/infrastructure_normal_more/000000273585_all__2.npy,Normal
Pistachio/VAD/vit-features/train/normal/infrastructure_normal_more/000000273585_all__3.npy,Normal
Pistachio/VAD/vit-features/train/normal/infrastructure_normal_more/000000273585_all__4.npy,Normal
Pistachio/VAD/vit-features/train/normal/infrastructure_normal_more/000000273585_all__5.npy,Normal
Pistachio/VAD/vit-features/train/normal/infrastructure_normal_more/000000273585_all__6.npy,Normal
Pistachio/VAD/vit-features/train/normal/infrastructure_normal_more/000000273585_all__7.npy,Normal
Pistachio/VAD/vit-features/train/normal/infrastructure_normal_more/000000273585_all__8.npy,Normal
Pistachio/VAD/vit-features/train/normal/infrastructure_normal_more/000000273585_all__9.npy,Normal
Pistachio/VAD/vit-features/train/normal/infrastructure_normal_more/000000275629_all__0.npy,Normal
Pistachio/VAD/vit-features/train/normal/infrastructure_normal_more/000000275629_all__1.npy,Normal
Pistachio/VAD/vit-features/train/normal/infrastructure_normal_more/000000275629_all__2.npy,Normal
Pistachio/VAD/vit-features/train/normal/infrastructure_normal_more/000000275629_all__3.npy,Normal
Pistachio/VAD/vit-features/train/normal/infrastructure_normal_more/000000275629_all__4.npy,Normal
Pistachio/VAD/vit-features/train/normal/infrastructure_normal_more/000000275629_all__5.npy,Normal
Pistachio/VAD/vit-features/train/normal/infrastructure_normal_more/000000275629_all__6.npy,Normal
Pistachio/VAD/vit-features/train/normal/infrastructure_normal_more/000000275629_all__7.npy,Normal
Pistachio/VAD/vit-features/train/normal/infrastructure_normal_more/000000275629_all__8.npy,Normal
Pistachio/VAD/vit-features/train/normal/infrastructure_normal_more/000000275629_all__9.npy,Normal
Pistachio/VAD/vit-features/train/normal/infrastructure_normal_more/000000283626_all__0.npy,Normal
Pistachio/VAD/vit-features/train/normal/infrastructure_normal_more/000000283626_all__1.npy,Normal
Pistachio/VAD/vit-features/train/normal/infrastructure_normal_more/000000283626_all__2.npy,Normal
Pistachio/VAD/vit-features/train/normal/infrastructure_normal_more/000000283626_all__3.npy,Normal
Pistachio/VAD/vit-features/train/normal/infrastructure_normal_more/000000283626_all__4.npy,Normal
Pistachio/VAD/vit-features/train/normal/infrastructure_normal_more/000000283626_all__5.npy,Normal
Pistachio/VAD/vit-features/train/normal/infrastructure_normal_more/000000283626_all__6.npy,Normal
Pistachio/VAD/vit-features/train/normal/infrastructure_normal_more/000000283626_all__7.npy,Normal
Pistachio/VAD/vit-features/train/normal/infrastructure_normal_more/000000283626_all__8.npy,Normal
Pistachio/VAD/vit-features/train/normal/infrastructure_normal_more/000000283626_all__9.npy,Normal
Pistachio/VAD/vit-features/train/normal/infrastructure_normal_more/000000288010_all__0.npy,Normal
Pistachio/VAD/vit-features/train/normal/infrastructure_normal_more/000000288010_all__1.npy,Normal
Pistachio/VAD/vit-features/train/normal/infrastructure_normal_more/000000288010_all__2.npy,Normal
Pistachio/VAD/vit-features/train/normal/infrastructure_normal_more/000000288010_all__3.npy,Normal
Pistachio/VAD/vit-features/train/normal/infrastructure_normal_more/000000288010_all__4.npy,Normal
Pistachio/VAD/vit-features/train/normal/infrastructure_normal_more/000000288010_all__5.npy,Normal
Pistachio/VAD/vit-features/train/normal/infrastructure_normal_more/000000288010_all__6.npy,Normal
Pistachio/VAD/vit-features/train/normal/infrastructure_normal_more/000000288010_all__7.npy,Normal
Pistachio/VAD/vit-features/train/normal/infrastructure_normal_more/000000288010_all__8.npy,Normal
Pistachio/VAD/vit-features/train/normal/infrastructure_normal_more/000000288010_all__9.npy,Normal
Pistachio/VAD/vit-features/train/normal/infrastructure_normal_more/000000291338_all__0.npy,Normal
Pistachio/VAD/vit-features/train/normal/infrastructure_normal_more/000000291338_all__1.npy,Normal
Pistachio/VAD/vit-features/train/normal/infrastructure_normal_more/000000291338_all__2.npy,Normal
Pistachio/VAD/vit-features/train/normal/infrastructure_normal_more/000000291338_all__3.npy,Normal
Pistachio/VAD/vit-features/train/normal/infrastructure_normal_more/000000291338_all__4.npy,Normal
Pistachio/VAD/vit-features/train/normal/infrastructure_normal_more/000000291338_all__5.npy,Normal
Pistachio/VAD/vit-features/train/normal/infrastructure_normal_more/000000291338_all__6.npy,Normal
Pistachio/VAD/vit-features/train/normal/infrastructure_normal_more/000000291338_all__7.npy,Normal
Pistachio/VAD/vit-features/train/normal/infrastructure_normal_more/000000291338_all__8.npy,Normal
Pistachio/VAD/vit-features/train/normal/infrastructure_normal_more/000000291338_all__9.npy,Normal
Pistachio/VAD/vit-features/train/normal/infrastructure_normal_more/000000292246_all__0.npy,Normal
Pistachio/VAD/vit-features/train/normal/infrastructure_normal_more/000000292246_all__1.npy,Normal
Pistachio/VAD/vit-features/train/normal/infrastructure_normal_more/000000292246_all__2.npy,Normal
Pistachio/VAD/vit-features/train/normal/infrastructure_normal_more/000000292246_all__3.npy,Normal
Pistachio/VAD/vit-features/train/normal/infrastructure_normal_more/000000292246_all__4.npy,Normal
Pistachio/VAD/vit-features/train/normal/infrastructure_normal_more/000000292246_all__5.npy,Normal
Pistachio/VAD/vit-features/train/normal/infrastructure_normal_more/000000292246_all__6.npy,Normal
Pistachio/VAD/vit-features/train/normal/infrastructure_normal_more/000000292246_all__7.npy,Normal
Pistachio/VAD/vit-features/train/normal/infrastructure_normal_more/000000292246_all__8.npy,Normal
Pistachio/VAD/vit-features/train/normal/infrastructure_normal_more/000000292246_all__9.npy,Normal
Pistachio/VAD/vit-features/train/normal/infrastructure_normal_more/000000296516_all__0.npy,Normal
Pistachio/VAD/vit-features/train/normal/infrastructure_normal_more/000000296516_all__1.npy,Normal
Pistachio/VAD/vit-features/train/normal/infrastructure_normal_more/000000296516_all__2.npy,Normal
Pistachio/VAD/vit-features/train/normal/infrastructure_normal_more/000000296516_all__3.npy,Normal
Pistachio/VAD/vit-features/train/normal/infrastructure_normal_more/000000296516_all__4.npy,Normal
Pistachio/VAD/vit-features/train/normal/infrastructure_normal_more/000000296516_all__5.npy,Normal
Pistachio/VAD/vit-features/train/normal/infrastructure_normal_more/000000296516_all__6.npy,Normal
Pistachio/VAD/vit-features/train/normal/infrastructure_normal_more/000000296516_all__7.npy,Normal
Pistachio/VAD/vit-features/train/normal/infrastructure_normal_more/000000296516_all__8.npy,Normal
Pistachio/VAD/vit-features/train/normal/infrastructure_normal_more/000000296516_all__9.npy,Normal
Pistachio/VAD/vit-features/train/normal/infrastructure_normal_more/000000297554_all__0.npy,Normal
Pistachio/VAD/vit-features/train/normal/infrastructure_normal_more/000000297554_all__1.npy,Normal
Pistachio/VAD/vit-features/train/normal/infrastructure_normal_more/000000297554_all__2.npy,Normal
Pistachio/VAD/vit-features/train/normal/infrastructure_normal_more/000000297554_all__3.npy,Normal
Pistachio/VAD/vit-features/train/normal/infrastructure_normal_more/000000297554_all__4.npy,Normal
Pistachio/VAD/vit-features/train/normal/infrastructure_normal_more/000000297554_all__5.npy,Normal
Pistachio/VAD/vit-features/train/normal/infrastructure_normal_more/000000297554_all__6.npy,Normal
Pistachio/VAD/vit-features/train/normal/infrastructure_normal_more/000000297554_all__7.npy,Normal
Pistachio/VAD/vit-features/train/normal/infrastructure_normal_more/000000297554_all__8.npy,Normal
Pistachio/VAD/vit-features/train/normal/infrastructure_normal_more/000000297554_all__9.npy,Normal
Pistachio/VAD/vit-features/train/normal/infrastructure_normal_more/000000299142_all__0.npy,Normal
Pistachio/VAD/vit-features/train/normal/infrastructure_normal_more/000000299142_all__1.npy,Normal
Pistachio/VAD/vit-features/train/normal/infrastructure_normal_more/000000299142_all__2.npy,Normal
Pistachio/VAD/vit-features/train/normal/infrastructure_normal_more/000000299142_all__3.npy,Normal
Pistachio/VAD/vit-features/train/normal/infrastructure_normal_more/000000299142_all__4.npy,Normal
Pistachio/VAD/vit-features/train/normal/infrastructure_normal_more/000000299142_all__5.npy,Normal
Pistachio/VAD/vit-features/train/normal/infrastructure_normal_more/000000299142_all__6.npy,Normal
Pistachio/VAD/vit-features/train/normal/infrastructure_normal_more/000000299142_all__7.npy,Normal
Pistachio/VAD/vit-features/train/normal/infrastructure_normal_more/000000299142_all__8.npy,Normal
Pistachio/VAD/vit-features/train/normal/infrastructure_normal_more/000000299142_all__9.npy,Normal
Pistachio/VAD/vit-features/train/normal/infrastructure_normal_more/000000308483_all__0.npy,Normal
Pistachio/VAD/vit-features/train/normal/infrastructure_normal_more/000000308483_all__1.npy,Normal
Pistachio/VAD/vit-features/train/normal/infrastructure_normal_more/000000308483_all__2.npy,Normal
Pistachio/VAD/vit-features/train/normal/infrastructure_normal_more/000000308483_all__3.npy,Normal
Pistachio/VAD/vit-features/train/normal/infrastructure_normal_more/000000308483_all__4.npy,Normal
Pistachio/VAD/vit-features/train/normal/infrastructure_normal_more/000000308483_all__5.npy,Normal
Pistachio/VAD/vit-features/train/normal/infrastructure_normal_more/000000308483_all__6.npy,Normal
Pistachio/VAD/vit-features/train/normal/infrastructure_normal_more/000000308483_all__7.npy,Normal
Pistachio/VAD/vit-features/train/normal/infrastructure_normal_more/000000308483_all__8.npy,Normal
Pistachio/VAD/vit-features/train/normal/infrastructure_normal_more/000000308483_all__9.npy,Normal
Pistachio/VAD/vit-features/train/normal/infrastructure_normal_more/000000309594_all__0.npy,Normal
Pistachio/VAD/vit-features/train/normal/infrastructure_normal_more/000000309594_all__1.npy,Normal
Pistachio/VAD/vit-features/train/normal/infrastructure_normal_more/000000309594_all__2.npy,Normal
Pistachio/VAD/vit-features/train/normal/infrastructure_normal_more/000000309594_all__3.npy,Normal
Pistachio/VAD/vit-features/train/normal/infrastructure_normal_more/000000309594_all__4.npy,Normal
Pistachio/VAD/vit-features/train/normal/infrastructure_normal_more/000000309594_all__5.npy,Normal
Pistachio/VAD/vit-features/train/normal/infrastructure_normal_more/000000309594_all__6.npy,Normal
Pistachio/VAD/vit-features/train/normal/infrastructure_normal_more/000000309594_all__7.npy,Normal
Pistachio/VAD/vit-features/train/normal/infrastructure_normal_more/000000309594_all__8.npy,Normal
Pistachio/VAD/vit-features/train/normal/infrastructure_normal_more/000000309594_all__9.npy,Normal
Pistachio/VAD/vit-features/train/normal/infrastructure_normal_more/000000311772_all__0.npy,Normal
Pistachio/VAD/vit-features/train/normal/infrastructure_normal_more/000000311772_all__1.npy,Normal
Pistachio/VAD/vit-features/train/normal/infrastructure_normal_more/000000311772_all__2.npy,Normal
Pistachio/VAD/vit-features/train/normal/infrastructure_normal_more/000000311772_all__3.npy,Normal
Pistachio/VAD/vit-features/train/normal/infrastructure_normal_more/000000311772_all__4.npy,Normal
Pistachio/VAD/vit-features/train/normal/infrastructure_normal_more/000000311772_all__5.npy,Normal
Pistachio/VAD/vit-features/train/normal/infrastructure_normal_more/000000311772_all__6.npy,Normal
Pistachio/VAD/vit-features/train/normal/infrastructure_normal_more/000000311772_all__7.npy,Normal
Pistachio/VAD/vit-features/train/normal/infrastructure_normal_more/000000311772_all__8.npy,Normal
Pistachio/VAD/vit-features/train/normal/infrastructure_normal_more/000000311772_all__9.npy,Normal
Pistachio/VAD/vit-features/train/normal/infrastructure_normal_more/000000311825_all__0.npy,Normal
Pistachio/VAD/vit-features/train/normal/infrastructure_normal_more/000000311825_all__1.npy,Normal
Pistachio/VAD/vit-features/train/normal/infrastructure_normal_more/000000311825_all__2.npy,Normal
Pistachio/VAD/vit-features/train/normal/infrastructure_normal_more/000000311825_all__3.npy,Normal
Pistachio/VAD/vit-features/train/normal/infrastructure_normal_more/000000311825_all__4.npy,Normal
Pistachio/VAD/vit-features/train/normal/infrastructure_normal_more/000000311825_all__5.npy,Normal
Pistachio/VAD/vit-features/train/normal/infrastructure_normal_more/000000311825_all__6.npy,Normal
Pistachio/VAD/vit-features/train/normal/infrastructure_normal_more/000000311825_all__7.npy,Normal
Pistachio/VAD/vit-features/train/normal/infrastructure_normal_more/000000311825_all__8.npy,Normal
Pistachio/VAD/vit-features/train/normal/infrastructure_normal_more/000000311825_all__9.npy,Normal
Pistachio/VAD/vit-features/train/normal/infrastructure_normal_more/000000312244_all__0.npy,Normal
Pistachio/VAD/vit-features/train/normal/infrastructure_normal_more/000000312244_all__1.npy,Normal
Pistachio/VAD/vit-features/train/normal/infrastructure_normal_more/000000312244_all__2.npy,Normal
Pistachio/VAD/vit-features/train/normal/infrastructure_normal_more/000000312244_all__3.npy,Normal
Pistachio/VAD/vit-features/train/normal/infrastructure_normal_more/000000312244_all__4.npy,Normal
Pistachio/VAD/vit-features/train/normal/infrastructure_normal_more/000000312244_all__5.npy,Normal
Pistachio/VAD/vit-features/train/normal/infrastructure_normal_more/000000312244_all__6.npy,Normal
Pistachio/VAD/vit-features/train/normal/infrastructure_normal_more/000000312244_all__7.npy,Normal
Pistachio/VAD/vit-features/train/normal/infrastructure_normal_more/000000312244_all__8.npy,Normal
Pistachio/VAD/vit-features/train/normal/infrastructure_normal_more/000000312244_all__9.npy,Normal
Pistachio/VAD/vit-features/train/normal/infrastructure_normal_more/000000315167_all__0.npy,Normal
Pistachio/VAD/vit-features/train/normal/infrastructure_normal_more/000000315167_all__1.npy,Normal
Pistachio/VAD/vit-features/train/normal/infrastructure_normal_more/000000315167_all__2.npy,Normal
Pistachio/VAD/vit-features/train/normal/infrastructure_normal_more/000000315167_all__3.npy,Normal
Pistachio/VAD/vit-features/train/normal/infrastructure_normal_more/000000315167_all__4.npy,Normal
Pistachio/VAD/vit-features/train/normal/infrastructure_normal_more/000000315167_all__5.npy,Normal
Pistachio/VAD/vit-features/train/normal/infrastructure_normal_more/000000315167_all__6.npy,Normal
Pistachio/VAD/vit-features/train/normal/infrastructure_normal_more/000000315167_all__7.npy,Normal
Pistachio/VAD/vit-features/train/normal/infrastructure_normal_more/000000315167_all__8.npy,Normal
Pistachio/VAD/vit-features/train/normal/infrastructure_normal_more/000000315167_all__9.npy,Normal
Pistachio/VAD/vit-features/train/normal/infrastructure_normal_more/000000319498_all__0.npy,Normal
Pistachio/VAD/vit-features/train/normal/infrastructure_normal_more/000000319498_all__1.npy,Normal
Pistachio/VAD/vit-features/train/normal/infrastructure_normal_more/000000319498_all__2.npy,Normal
Pistachio/VAD/vit-features/train/normal/infrastructure_normal_more/000000319498_all__3.npy,Normal
Pistachio/VAD/vit-features/train/normal/infrastructure_normal_more/000000319498_all__4.npy,Normal
Pistachio/VAD/vit-features/train/normal/infrastructure_normal_more/000000319498_all__5.npy,Normal
Pistachio/VAD/vit-features/train/normal/infrastructure_normal_more/000000319498_all__6.npy,Normal
Pistachio/VAD/vit-features/train/normal/infrastructure_normal_more/000000319498_all__7.npy,Normal
Pistachio/VAD/vit-features/train/normal/infrastructure_normal_more/000000319498_all__8.npy,Normal
Pistachio/VAD/vit-features/train/normal/infrastructure_normal_more/000000319498_all__9.npy,Normal
Pistachio/VAD/vit-features/train/normal/infrastructure_normal_more/000000328060_all__0.npy,Normal
Pistachio/VAD/vit-features/train/normal/infrastructure_normal_more/000000328060_all__1.npy,Normal
Pistachio/VAD/vit-features/train/normal/infrastructure_normal_more/000000328060_all__2.npy,Normal
Pistachio/VAD/vit-features/train/normal/infrastructure_normal_more/000000328060_all__3.npy,Normal
Pistachio/VAD/vit-features/train/normal/infrastructure_normal_more/000000328060_all__4.npy,Normal
Pistachio/VAD/vit-features/train/normal/infrastructure_normal_more/000000328060_all__5.npy,Normal
Pistachio/VAD/vit-features/train/normal/infrastructure_normal_more/000000328060_all__6.npy,Normal
Pistachio/VAD/vit-features/train/normal/infrastructure_normal_more/000000328060_all__7.npy,Normal
Pistachio/VAD/vit-features/train/normal/infrastructure_normal_more/000000328060_all__8.npy,Normal
Pistachio/VAD/vit-features/train/normal/infrastructure_normal_more/000000328060_all__9.npy,Normal
Pistachio/VAD/vit-features/train/normal/infrastructure_normal_more/000000339037_all__0.npy,Normal
Pistachio/VAD/vit-features/train/normal/infrastructure_normal_more/000000339037_all__1.npy,Normal
Pistachio/VAD/vit-features/train/normal/infrastructure_normal_more/000000339037_all__2.npy,Normal
Pistachio/VAD/vit-features/train/normal/infrastructure_normal_more/000000339037_all__3.npy,Normal
Pistachio/VAD/vit-features/train/normal/infrastructure_normal_more/000000339037_all__4.npy,Normal
Pistachio/VAD/vit-features/train/normal/infrastructure_normal_more/000000339037_all__5.npy,Normal
Pistachio/VAD/vit-features/train/normal/infrastructure_normal_more/000000339037_all__6.npy,Normal
Pistachio/VAD/vit-features/train/normal/infrastructure_normal_more/000000339037_all__7.npy,Normal
Pistachio/VAD/vit-features/train/normal/infrastructure_normal_more/000000339037_all__8.npy,Normal
Pistachio/VAD/vit-features/train/normal/infrastructure_normal_more/000000339037_all__9.npy,Normal
Pistachio/VAD/vit-features/train/normal/infrastructure_normal_more/000000341249_all__0.npy,Normal
Pistachio/VAD/vit-features/train/normal/infrastructure_normal_more/000000341249_all__1.npy,Normal
Pistachio/VAD/vit-features/train/normal/infrastructure_normal_more/000000341249_all__2.npy,Normal
Pistachio/VAD/vit-features/train/normal/infrastructure_normal_more/000000341249_all__3.npy,Normal
Pistachio/VAD/vit-features/train/normal/infrastructure_normal_more/000000341249_all__4.npy,Normal
Pistachio/VAD/vit-features/train/normal/infrastructure_normal_more/000000341249_all__5.npy,Normal
Pistachio/VAD/vit-features/train/normal/infrastructure_normal_more/000000341249_all__6.npy,Normal
Pistachio/VAD/vit-features/train/normal/infrastructure_normal_more/000000341249_all__7.npy,Normal
Pistachio/VAD/vit-features/train/normal/infrastructure_normal_more/000000341249_all__8.npy,Normal
Pistachio/VAD/vit-features/train/normal/infrastructure_normal_more/000000341249_all__9.npy,Normal
Pistachio/VAD/vit-features/train/normal/infrastructure_normal_more/000000343592_all__0.npy,Normal
Pistachio/VAD/vit-features/train/normal/infrastructure_normal_more/000000343592_all__1.npy,Normal
Pistachio/VAD/vit-features/train/normal/infrastructure_normal_more/000000343592_all__2.npy,Normal
Pistachio/VAD/vit-features/train/normal/infrastructure_normal_more/000000343592_all__3.npy,Normal
Pistachio/VAD/vit-features/train/normal/infrastructure_normal_more/000000343592_all__4.npy,Normal
Pistachio/VAD/vit-features/train/normal/infrastructure_normal_more/000000343592_all__5.npy,Normal
Pistachio/VAD/vit-features/train/normal/infrastructure_normal_more/000000343592_all__6.npy,Normal
Pistachio/VAD/vit-features/train/normal/infrastructure_normal_more/000000343592_all__7.npy,Normal
Pistachio/VAD/vit-features/train/normal/infrastructure_normal_more/000000343592_all__8.npy,Normal
Pistachio/VAD/vit-features/train/normal/infrastructure_normal_more/000000343592_all__9.npy,Normal
Pistachio/VAD/vit-features/train/normal/infrastructure_normal_more/000000343931_all__0.npy,Normal
Pistachio/VAD/vit-features/train/normal/infrastructure_normal_more/000000343931_all__1.npy,Normal
Pistachio/VAD/vit-features/train/normal/infrastructure_normal_more/000000343931_all__2.npy,Normal
Pistachio/VAD/vit-features/train/normal/infrastructure_normal_more/000000343931_all__3.npy,Normal
Pistachio/VAD/vit-features/train/normal/infrastructure_normal_more/000000343931_all__4.npy,Normal
Pistachio/VAD/vit-features/train/normal/infrastructure_normal_more/000000343931_all__5.npy,Normal
Pistachio/VAD/vit-features/train/normal/infrastructure_normal_more/000000343931_all__6.npy,Normal
Pistachio/VAD/vit-features/train/normal/infrastructure_normal_more/000000343931_all__7.npy,Normal
Pistachio/VAD/vit-features/train/normal/infrastructure_normal_more/000000343931_all__8.npy,Normal
Pistachio/VAD/vit-features/train/normal/infrastructure_normal_more/000000343931_all__9.npy,Normal
Pistachio/VAD/vit-features/train/normal/infrastructure_normal_more/000000347103_all__0.npy,Normal
Pistachio/VAD/vit-features/train/normal/infrastructure_normal_more/000000347103_all__1.npy,Normal
Pistachio/VAD/vit-features/train/normal/infrastructure_normal_more/000000347103_all__2.npy,Normal
Pistachio/VAD/vit-features/train/normal/infrastructure_normal_more/000000347103_all__3.npy,Normal
Pistachio/VAD/vit-features/train/normal/infrastructure_normal_more/000000347103_all__4.npy,Normal
Pistachio/VAD/vit-features/train/normal/infrastructure_normal_more/000000347103_all__5.npy,Normal
Pistachio/VAD/vit-features/train/normal/infrastructure_normal_more/000000347103_all__6.npy,Normal
Pistachio/VAD/vit-features/train/normal/infrastructure_normal_more/000000347103_all__7.npy,Normal
Pistachio/VAD/vit-features/train/normal/infrastructure_normal_more/000000347103_all__8.npy,Normal
Pistachio/VAD/vit-features/train/normal/infrastructure_normal_more/000000347103_all__9.npy,Normal
Pistachio/VAD/vit-features/train/normal/infrastructure_normal_more/000000348412_all__0.npy,Normal
Pistachio/VAD/vit-features/train/normal/infrastructure_normal_more/000000348412_all__1.npy,Normal
Pistachio/VAD/vit-features/train/normal/infrastructure_normal_more/000000348412_all__2.npy,Normal
Pistachio/VAD/vit-features/train/normal/infrastructure_normal_more/000000348412_all__3.npy,Normal
Pistachio/VAD/vit-features/train/normal/infrastructure_normal_more/000000348412_all__4.npy,Normal
Pistachio/VAD/vit-features/train/normal/infrastructure_normal_more/000000348412_all__5.npy,Normal
Pistachio/VAD/vit-features/train/normal/infrastructure_normal_more/000000348412_all__6.npy,Normal
Pistachio/VAD/vit-features/train/normal/infrastructure_normal_more/000000348412_all__7.npy,Normal
Pistachio/VAD/vit-features/train/normal/infrastructure_normal_more/000000348412_all__8.npy,Normal
Pistachio/VAD/vit-features/train/normal/infrastructure_normal_more/000000348412_all__9.npy,Normal
Pistachio/VAD/vit-features/train/normal/infrastructure_normal_more/000000352798_all__0.npy,Normal
Pistachio/VAD/vit-features/train/normal/infrastructure_normal_more/000000352798_all__1.npy,Normal
Pistachio/VAD/vit-features/train/normal/infrastructure_normal_more/000000352798_all__2.npy,Normal
Pistachio/VAD/vit-features/train/normal/infrastructure_normal_more/000000352798_all__3.npy,Normal
Pistachio/VAD/vit-features/train/normal/infrastructure_normal_more/000000352798_all__4.npy,Normal
Pistachio/VAD/vit-features/train/normal/infrastructure_normal_more/000000352798_all__5.npy,Normal
Pistachio/VAD/vit-features/train/normal/infrastructure_normal_more/000000352798_all__6.npy,Normal
Pistachio/VAD/vit-features/train/normal/infrastructure_normal_more/000000352798_all__7.npy,Normal
Pistachio/VAD/vit-features/train/normal/infrastructure_normal_more/000000352798_all__8.npy,Normal
Pistachio/VAD/vit-features/train/normal/infrastructure_normal_more/000000352798_all__9.npy,Normal
Pistachio/VAD/vit-features/train/normal/infrastructure_normal_more/000000354152_all__0.npy,Normal
Pistachio/VAD/vit-features/train/normal/infrastructure_normal_more/000000354152_all__1.npy,Normal
Pistachio/VAD/vit-features/train/normal/infrastructure_normal_more/000000354152_all__2.npy,Normal
Pistachio/VAD/vit-features/train/normal/infrastructure_normal_more/000000354152_all__3.npy,Normal
Pistachio/VAD/vit-features/train/normal/infrastructure_normal_more/000000354152_all__4.npy,Normal
Pistachio/VAD/vit-features/train/normal/infrastructure_normal_more/000000354152_all__5.npy,Normal
Pistachio/VAD/vit-features/train/normal/infrastructure_normal_more/000000354152_all__6.npy,Normal
Pistachio/VAD/vit-features/train/normal/infrastructure_normal_more/000000354152_all__7.npy,Normal
Pistachio/VAD/vit-features/train/normal/infrastructure_normal_more/000000354152_all__8.npy,Normal
Pistachio/VAD/vit-features/train/normal/infrastructure_normal_more/000000354152_all__9.npy,Normal
Pistachio/VAD/vit-features/train/normal/infrastructure_normal_more/000000355340_all__0.npy,Normal
Pistachio/VAD/vit-features/train/normal/infrastructure_normal_more/000000355340_all__1.npy,Normal
Pistachio/VAD/vit-features/train/normal/infrastructure_normal_more/000000355340_all__2.npy,Normal
Pistachio/VAD/vit-features/train/normal/infrastructure_normal_more/000000355340_all__3.npy,Normal
Pistachio/VAD/vit-features/train/normal/infrastructure_normal_more/000000355340_all__4.npy,Normal
Pistachio/VAD/vit-features/train/normal/infrastructure_normal_more/000000355340_all__5.npy,Normal
Pistachio/VAD/vit-features/train/normal/infrastructure_normal_more/000000355340_all__6.npy,Normal
Pistachio/VAD/vit-features/train/normal/infrastructure_normal_more/000000355340_all__7.npy,Normal
Pistachio/VAD/vit-features/train/normal/infrastructure_normal_more/000000355340_all__8.npy,Normal
Pistachio/VAD/vit-features/train/normal/infrastructure_normal_more/000000355340_all__9.npy,Normal
Pistachio/VAD/vit-features/train/normal/infrastructure_normal_more/000000355390_all__0.npy,Normal
Pistachio/VAD/vit-features/train/normal/infrastructure_normal_more/000000355390_all__1.npy,Normal
Pistachio/VAD/vit-features/train/normal/infrastructure_normal_more/000000355390_all__2.npy,Normal
Pistachio/VAD/vit-features/train/normal/infrastructure_normal_more/000000355390_all__3.npy,Normal
Pistachio/VAD/vit-features/train/normal/infrastructure_normal_more/000000355390_all__4.npy,Normal
Pistachio/VAD/vit-features/train/normal/infrastructure_normal_more/000000355390_all__5.npy,Normal
Pistachio/VAD/vit-features/train/normal/infrastructure_normal_more/000000355390_all__6.npy,Normal
Pistachio/VAD/vit-features/train/normal/infrastructure_normal_more/000000355390_all__7.npy,Normal
Pistachio/VAD/vit-features/train/normal/infrastructure_normal_more/000000355390_all__8.npy,Normal
Pistachio/VAD/vit-features/train/normal/infrastructure_normal_more/000000355390_all__9.npy,Normal
Pistachio/VAD/vit-features/train/normal/infrastructure_normal_more/000000361702_all__0.npy,Normal
Pistachio/VAD/vit-features/train/normal/infrastructure_normal_more/000000361702_all__1.npy,Normal
Pistachio/VAD/vit-features/train/normal/infrastructure_normal_more/000000361702_all__2.npy,Normal
Pistachio/VAD/vit-features/train/normal/infrastructure_normal_more/000000361702_all__3.npy,Normal
Pistachio/VAD/vit-features/train/normal/infrastructure_normal_more/000000361702_all__4.npy,Normal
Pistachio/VAD/vit-features/train/normal/infrastructure_normal_more/000000361702_all__5.npy,Normal
Pistachio/VAD/vit-features/train/normal/infrastructure_normal_more/000000361702_all__6.npy,Normal
Pistachio/VAD/vit-features/train/normal/infrastructure_normal_more/000000361702_all__7.npy,Normal
Pistachio/VAD/vit-features/train/normal/infrastructure_normal_more/000000361702_all__8.npy,Normal
Pistachio/VAD/vit-features/train/normal/infrastructure_normal_more/000000361702_all__9.npy,Normal
Pistachio/VAD/vit-features/train/normal/infrastructure_normal_more/000000363235_all__0.npy,Normal
Pistachio/VAD/vit-features/train/normal/infrastructure_normal_more/000000363235_all__1.npy,Normal
Pistachio/VAD/vit-features/train/normal/infrastructure_normal_more/000000363235_all__2.npy,Normal
Pistachio/VAD/vit-features/train/normal/infrastructure_normal_more/000000363235_all__3.npy,Normal
Pistachio/VAD/vit-features/train/normal/infrastructure_normal_more/000000363235_all__4.npy,Normal
Pistachio/VAD/vit-features/train/normal/infrastructure_normal_more/000000363235_all__5.npy,Normal
Pistachio/VAD/vit-features/train/normal/infrastructure_normal_more/000000363235_all__6.npy,Normal
Pistachio/VAD/vit-features/train/normal/infrastructure_normal_more/000000363235_all__7.npy,Normal
Pistachio/VAD/vit-features/train/normal/infrastructure_normal_more/000000363235_all__8.npy,Normal
Pistachio/VAD/vit-features/train/normal/infrastructure_normal_more/000000363235_all__9.npy,Normal
Pistachio/VAD/vit-features/train/normal/infrastructure_normal_more/000000363330_all__0.npy,Normal
Pistachio/VAD/vit-features/train/normal/infrastructure_normal_more/000000363330_all__1.npy,Normal
Pistachio/VAD/vit-features/train/normal/infrastructure_normal_more/000000363330_all__2.npy,Normal
Pistachio/VAD/vit-features/train/normal/infrastructure_normal_more/000000363330_all__3.npy,Normal
Pistachio/VAD/vit-features/train/normal/infrastructure_normal_more/000000363330_all__4.npy,Normal
Pistachio/VAD/vit-features/train/normal/infrastructure_normal_more/000000363330_all__5.npy,Normal
Pistachio/VAD/vit-features/train/normal/infrastructure_normal_more/000000363330_all__6.npy,Normal
Pistachio/VAD/vit-features/train/normal/infrastructure_normal_more/000000363330_all__7.npy,Normal
Pistachio/VAD/vit-features/train/normal/infrastructure_normal_more/000000363330_all__8.npy,Normal
Pistachio/VAD/vit-features/train/normal/infrastructure_normal_more/000000363330_all__9.npy,Normal
Pistachio/VAD/vit-features/train/normal/infrastructure_normal_more/000000363918_all__0.npy,Normal
Pistachio/VAD/vit-features/train/normal/infrastructure_normal_more/000000363918_all__1.npy,Normal
Pistachio/VAD/vit-features/train/normal/infrastructure_normal_more/000000363918_all__2.npy,Normal
Pistachio/VAD/vit-features/train/normal/infrastructure_normal_more/000000363918_all__3.npy,Normal
Pistachio/VAD/vit-features/train/normal/infrastructure_normal_more/000000363918_all__4.npy,Normal
Pistachio/VAD/vit-features/train/normal/infrastructure_normal_more/000000363918_all__5.npy,Normal
Pistachio/VAD/vit-features/train/normal/infrastructure_normal_more/000000363918_all__6.npy,Normal
Pistachio/VAD/vit-features/train/normal/infrastructure_normal_more/000000363918_all__7.npy,Normal
Pistachio/VAD/vit-features/train/normal/infrastructure_normal_more/000000363918_all__8.npy,Normal
Pistachio/VAD/vit-features/train/normal/infrastructure_normal_more/000000363918_all__9.npy,Normal
Pistachio/VAD/vit-features/train/normal/infrastructure_normal_more/000000368911_all__0.npy,Normal
Pistachio/VAD/vit-features/train/normal/infrastructure_normal_more/000000368911_all__1.npy,Normal
Pistachio/VAD/vit-features/train/normal/infrastructure_normal_more/000000368911_all__2.npy,Normal
Pistachio/VAD/vit-features/train/normal/infrastructure_normal_more/000000368911_all__3.npy,Normal
Pistachio/VAD/vit-features/train/normal/infrastructure_normal_more/000000368911_all__4.npy,Normal
Pistachio/VAD/vit-features/train/normal/infrastructure_normal_more/000000368911_all__5.npy,Normal
Pistachio/VAD/vit-features/train/normal/infrastructure_normal_more/000000368911_all__6.npy,Normal
Pistachio/VAD/vit-features/train/normal/infrastructure_normal_more/000000368911_all__7.npy,Normal
Pistachio/VAD/vit-features/train/normal/infrastructure_normal_more/000000368911_all__8.npy,Normal
Pistachio/VAD/vit-features/train/normal/infrastructure_normal_more/000000368911_all__9.npy,Normal
Pistachio/VAD/vit-features/train/normal/infrastructure_normal_more/000000371297_all__0.npy,Normal
Pistachio/VAD/vit-features/train/normal/infrastructure_normal_more/000000371297_all__1.npy,Normal
Pistachio/VAD/vit-features/train/normal/infrastructure_normal_more/000000371297_all__2.npy,Normal
Pistachio/VAD/vit-features/train/normal/infrastructure_normal_more/000000371297_all__3.npy,Normal
Pistachio/VAD/vit-features/train/normal/infrastructure_normal_more/000000371297_all__4.npy,Normal
Pistachio/VAD/vit-features/train/normal/infrastructure_normal_more/000000371297_all__5.npy,Normal
Pistachio/VAD/vit-features/train/normal/infrastructure_normal_more/000000371297_all__6.npy,Normal
Pistachio/VAD/vit-features/train/normal/infrastructure_normal_more/000000371297_all__7.npy,Normal
Pistachio/VAD/vit-features/train/normal/infrastructure_normal_more/000000371297_all__8.npy,Normal
Pistachio/VAD/vit-features/train/normal/infrastructure_normal_more/000000371297_all__9.npy,Normal
Pistachio/VAD/vit-features/train/normal/infrastructure_normal_more/000000373944_all__0.npy,Normal
Pistachio/VAD/vit-features/train/normal/infrastructure_normal_more/000000373944_all__1.npy,Normal
Pistachio/VAD/vit-features/train/normal/infrastructure_normal_more/000000373944_all__2.npy,Normal
Pistachio/VAD/vit-features/train/normal/infrastructure_normal_more/000000373944_all__3.npy,Normal
Pistachio/VAD/vit-features/train/normal/infrastructure_normal_more/000000373944_all__4.npy,Normal
Pistachio/VAD/vit-features/train/normal/infrastructure_normal_more/000000373944_all__5.npy,Normal
Pistachio/VAD/vit-features/train/normal/infrastructure_normal_more/000000373944_all__6.npy,Normal
Pistachio/VAD/vit-features/train/normal/infrastructure_normal_more/000000373944_all__7.npy,Normal
Pistachio/VAD/vit-features/train/normal/infrastructure_normal_more/000000373944_all__8.npy,Normal
Pistachio/VAD/vit-features/train/normal/infrastructure_normal_more/000000373944_all__9.npy,Normal
Pistachio/VAD/vit-features/train/normal/infrastructure_normal_more/000000384144_all__0.npy,Normal
Pistachio/VAD/vit-features/train/normal/infrastructure_normal_more/000000384144_all__1.npy,Normal
Pistachio/VAD/vit-features/train/normal/infrastructure_normal_more/000000384144_all__2.npy,Normal
Pistachio/VAD/vit-features/train/normal/infrastructure_normal_more/000000384144_all__3.npy,Normal
Pistachio/VAD/vit-features/train/normal/infrastructure_normal_more/000000384144_all__4.npy,Normal
Pistachio/VAD/vit-features/train/normal/infrastructure_normal_more/000000384144_all__5.npy,Normal
Pistachio/VAD/vit-features/train/normal/infrastructure_normal_more/000000384144_all__6.npy,Normal
Pistachio/VAD/vit-features/train/normal/infrastructure_normal_more/000000384144_all__7.npy,Normal
Pistachio/VAD/vit-features/train/normal/infrastructure_normal_more/000000384144_all__8.npy,Normal
Pistachio/VAD/vit-features/train/normal/infrastructure_normal_more/000000384144_all__9.npy,Normal
Pistachio/VAD/vit-features/train/normal/infrastructure_normal_more/000000392361_all__0.npy,Normal
Pistachio/VAD/vit-features/train/normal/infrastructure_normal_more/000000392361_all__1.npy,Normal
Pistachio/VAD/vit-features/train/normal/infrastructure_normal_more/000000392361_all__2.npy,Normal
Pistachio/VAD/vit-features/train/normal/infrastructure_normal_more/000000392361_all__3.npy,Normal
Pistachio/VAD/vit-features/train/normal/infrastructure_normal_more/000000392361_all__4.npy,Normal
Pistachio/VAD/vit-features/train/normal/infrastructure_normal_more/000000392361_all__5.npy,Normal
Pistachio/VAD/vit-features/train/normal/infrastructure_normal_more/000000392361_all__6.npy,Normal
Pistachio/VAD/vit-features/train/normal/infrastructure_normal_more/000000392361_all__7.npy,Normal
Pistachio/VAD/vit-features/train/normal/infrastructure_normal_more/000000392361_all__8.npy,Normal
Pistachio/VAD/vit-features/train/normal/infrastructure_normal_more/000000392361_all__9.npy,Normal
Pistachio/VAD/vit-features/train/normal/infrastructure_normal_more/000000394487_all__0.npy,Normal
Pistachio/VAD/vit-features/train/normal/infrastructure_normal_more/000000394487_all__1.npy,Normal
Pistachio/VAD/vit-features/train/normal/infrastructure_normal_more/000000394487_all__2.npy,Normal
Pistachio/VAD/vit-features/train/normal/infrastructure_normal_more/000000394487_all__3.npy,Normal
Pistachio/VAD/vit-features/train/normal/infrastructure_normal_more/000000394487_all__4.npy,Normal
Pistachio/VAD/vit-features/train/normal/infrastructure_normal_more/000000394487_all__5.npy,Normal
Pistachio/VAD/vit-features/train/normal/infrastructure_normal_more/000000394487_all__6.npy,Normal
Pistachio/VAD/vit-features/train/normal/infrastructure_normal_more/000000394487_all__7.npy,Normal
Pistachio/VAD/vit-features/train/normal/infrastructure_normal_more/000000394487_all__8.npy,Normal
Pistachio/VAD/vit-features/train/normal/infrastructure_normal_more/000000394487_all__9.npy,Normal
Pistachio/VAD/vit-features/train/normal/infrastructure_normal_more/000000394496_all__0.npy,Normal
Pistachio/VAD/vit-features/train/normal/infrastructure_normal_more/000000394496_all__1.npy,Normal
Pistachio/VAD/vit-features/train/normal/infrastructure_normal_more/000000394496_all__2.npy,Normal
Pistachio/VAD/vit-features/train/normal/infrastructure_normal_more/000000394496_all__3.npy,Normal
Pistachio/VAD/vit-features/train/normal/infrastructure_normal_more/000000394496_all__4.npy,Normal
Pistachio/VAD/vit-features/train/normal/infrastructure_normal_more/000000394496_all__5.npy,Normal
Pistachio/VAD/vit-features/train/normal/infrastructure_normal_more/000000394496_all__6.npy,Normal
Pistachio/VAD/vit-features/train/normal/infrastructure_normal_more/000000394496_all__7.npy,Normal
Pistachio/VAD/vit-features/train/normal/infrastructure_normal_more/000000394496_all__8.npy,Normal
Pistachio/VAD/vit-features/train/normal/infrastructure_normal_more/000000394496_all__9.npy,Normal
Pistachio/VAD/vit-features/train/normal/infrastructure_normal_more/000000403125_all__0.npy,Normal
Pistachio/VAD/vit-features/train/normal/infrastructure_normal_more/000000403125_all__1.npy,Normal
Pistachio/VAD/vit-features/train/normal/infrastructure_normal_more/000000403125_all__2.npy,Normal
Pistachio/VAD/vit-features/train/normal/infrastructure_normal_more/000000403125_all__3.npy,Normal
Pistachio/VAD/vit-features/train/normal/infrastructure_normal_more/000000403125_all__4.npy,Normal
Pistachio/VAD/vit-features/train/normal/infrastructure_normal_more/000000403125_all__5.npy,Normal
Pistachio/VAD/vit-features/train/normal/infrastructure_normal_more/000000403125_all__6.npy,Normal
Pistachio/VAD/vit-features/train/normal/infrastructure_normal_more/000000403125_all__7.npy,Normal
Pistachio/VAD/vit-features/train/normal/infrastructure_normal_more/000000403125_all__8.npy,Normal
Pistachio/VAD/vit-features/train/normal/infrastructure_normal_more/000000403125_all__9.npy,Normal
Pistachio/VAD/vit-features/train/normal/infrastructure_normal_more/000000412213_all__0.npy,Normal
Pistachio/VAD/vit-features/train/normal/infrastructure_normal_more/000000412213_all__1.npy,Normal
Pistachio/VAD/vit-features/train/normal/infrastructure_normal_more/000000412213_all__2.npy,Normal
Pistachio/VAD/vit-features/train/normal/infrastructure_normal_more/000000412213_all__3.npy,Normal
Pistachio/VAD/vit-features/train/normal/infrastructure_normal_more/000000412213_all__4.npy,Normal
Pistachio/VAD/vit-features/train/normal/infrastructure_normal_more/000000412213_all__5.npy,Normal
Pistachio/VAD/vit-features/train/normal/infrastructure_normal_more/000000412213_all__6.npy,Normal
Pistachio/VAD/vit-features/train/normal/infrastructure_normal_more/000000412213_all__7.npy,Normal
Pistachio/VAD/vit-features/train/normal/infrastructure_normal_more/000000412213_all__8.npy,Normal
Pistachio/VAD/vit-features/train/normal/infrastructure_normal_more/000000412213_all__9.npy,Normal
Pistachio/VAD/vit-features/train/normal/infrastructure_normal_more/000000414626_all__0.npy,Normal
Pistachio/VAD/vit-features/train/normal/infrastructure_normal_more/000000414626_all__1.npy,Normal
Pistachio/VAD/vit-features/train/normal/infrastructure_normal_more/000000414626_all__2.npy,Normal
Pistachio/VAD/vit-features/train/normal/infrastructure_normal_more/000000414626_all__3.npy,Normal
Pistachio/VAD/vit-features/train/normal/infrastructure_normal_more/000000414626_all__4.npy,Normal
Pistachio/VAD/vit-features/train/normal/infrastructure_normal_more/000000414626_all__5.npy,Normal
Pistachio/VAD/vit-features/train/normal/infrastructure_normal_more/000000414626_all__6.npy,Normal
Pistachio/VAD/vit-features/train/normal/infrastructure_normal_more/000000414626_all__7.npy,Normal
Pistachio/VAD/vit-features/train/normal/infrastructure_normal_more/000000414626_all__8.npy,Normal
Pistachio/VAD/vit-features/train/normal/infrastructure_normal_more/000000414626_all__9.npy,Normal
Pistachio/VAD/vit-features/train/normal/infrastructure_normal_more/000000416602_all__0.npy,Normal
Pistachio/VAD/vit-features/train/normal/infrastructure_normal_more/000000416602_all__1.npy,Normal
Pistachio/VAD/vit-features/train/normal/infrastructure_normal_more/000000416602_all__2.npy,Normal
Pistachio/VAD/vit-features/train/normal/infrastructure_normal_more/000000416602_all__3.npy,Normal
Pistachio/VAD/vit-features/train/normal/infrastructure_normal_more/000000416602_all__4.npy,Normal
Pistachio/VAD/vit-features/train/normal/infrastructure_normal_more/000000416602_all__5.npy,Normal
Pistachio/VAD/vit-features/train/normal/infrastructure_normal_more/000000416602_all__6.npy,Normal
Pistachio/VAD/vit-features/train/normal/infrastructure_normal_more/000000416602_all__7.npy,Normal
Pistachio/VAD/vit-features/train/normal/infrastructure_normal_more/000000416602_all__8.npy,Normal
Pistachio/VAD/vit-features/train/normal/infrastructure_normal_more/000000416602_all__9.npy,Normal
Pistachio/VAD/vit-features/train/normal/infrastructure_normal_more/000000422220_all__0.npy,Normal
Pistachio/VAD/vit-features/train/normal/infrastructure_normal_more/000000422220_all__1.npy,Normal
Pistachio/VAD/vit-features/train/normal/infrastructure_normal_more/000000422220_all__2.npy,Normal
Pistachio/VAD/vit-features/train/normal/infrastructure_normal_more/000000422220_all__3.npy,Normal
Pistachio/VAD/vit-features/train/normal/infrastructure_normal_more/000000422220_all__4.npy,Normal
Pistachio/VAD/vit-features/train/normal/infrastructure_normal_more/000000422220_all__5.npy,Normal
Pistachio/VAD/vit-features/train/normal/infrastructure_normal_more/000000422220_all__6.npy,Normal
Pistachio/VAD/vit-features/train/normal/infrastructure_normal_more/000000422220_all__7.npy,Normal
Pistachio/VAD/vit-features/train/normal/infrastructure_normal_more/000000422220_all__8.npy,Normal
Pistachio/VAD/vit-features/train/normal/infrastructure_normal_more/000000422220_all__9.npy,Normal
Pistachio/VAD/vit-features/train/normal/infrastructure_normal_more/000000424280_all__0.npy,Normal
Pistachio/VAD/vit-features/train/normal/infrastructure_normal_more/000000424280_all__1.npy,Normal
Pistachio/VAD/vit-features/train/normal/infrastructure_normal_more/000000424280_all__2.npy,Normal
Pistachio/VAD/vit-features/train/normal/infrastructure_normal_more/000000424280_all__3.npy,Normal
Pistachio/VAD/vit-features/train/normal/infrastructure_normal_more/000000424280_all__4.npy,Normal
Pistachio/VAD/vit-features/train/normal/infrastructure_normal_more/000000424280_all__5.npy,Normal
Pistachio/VAD/vit-features/train/normal/infrastructure_normal_more/000000424280_all__6.npy,Normal
Pistachio/VAD/vit-features/train/normal/infrastructure_normal_more/000000424280_all__7.npy,Normal
Pistachio/VAD/vit-features/train/normal/infrastructure_normal_more/000000424280_all__8.npy,Normal
Pistachio/VAD/vit-features/train/normal/infrastructure_normal_more/000000424280_all__9.npy,Normal
Pistachio/VAD/vit-features/train/normal/infrastructure_normal_more/000000426570_all__0.npy,Normal
Pistachio/VAD/vit-features/train/normal/infrastructure_normal_more/000000426570_all__1.npy,Normal
Pistachio/VAD/vit-features/train/normal/infrastructure_normal_more/000000426570_all__2.npy,Normal
Pistachio/VAD/vit-features/train/normal/infrastructure_normal_more/000000426570_all__3.npy,Normal
Pistachio/VAD/vit-features/train/normal/infrastructure_normal_more/000000426570_all__4.npy,Normal
Pistachio/VAD/vit-features/train/normal/infrastructure_normal_more/000000426570_all__5.npy,Normal
Pistachio/VAD/vit-features/train/normal/infrastructure_normal_more/000000426570_all__6.npy,Normal
Pistachio/VAD/vit-features/train/normal/infrastructure_normal_more/000000426570_all__7.npy,Normal
Pistachio/VAD/vit-features/train/normal/infrastructure_normal_more/000000426570_all__8.npy,Normal
Pistachio/VAD/vit-features/train/normal/infrastructure_normal_more/000000426570_all__9.npy,Normal
Pistachio/VAD/vit-features/train/normal/infrastructure_normal_more/000000427676_all__0.npy,Normal
Pistachio/VAD/vit-features/train/normal/infrastructure_normal_more/000000427676_all__1.npy,Normal
Pistachio/VAD/vit-features/train/normal/infrastructure_normal_more/000000427676_all__2.npy,Normal
Pistachio/VAD/vit-features/train/normal/infrastructure_normal_more/000000427676_all__3.npy,Normal
Pistachio/VAD/vit-features/train/normal/infrastructure_normal_more/000000427676_all__4.npy,Normal
Pistachio/VAD/vit-features/train/normal/infrastructure_normal_more/000000427676_all__5.npy,Normal
Pistachio/VAD/vit-features/train/normal/infrastructure_normal_more/000000427676_all__6.npy,Normal
Pistachio/VAD/vit-features/train/normal/infrastructure_normal_more/000000427676_all__7.npy,Normal
Pistachio/VAD/vit-features/train/normal/infrastructure_normal_more/000000427676_all__8.npy,Normal
Pistachio/VAD/vit-features/train/normal/infrastructure_normal_more/000000427676_all__9.npy,Normal
Pistachio/VAD/vit-features/train/normal/infrastructure_normal_more/000000427678_all__0.npy,Normal
Pistachio/VAD/vit-features/train/normal/infrastructure_normal_more/000000427678_all__1.npy,Normal
Pistachio/VAD/vit-features/train/normal/infrastructure_normal_more/000000427678_all__2.npy,Normal
Pistachio/VAD/vit-features/train/normal/infrastructure_normal_more/000000427678_all__3.npy,Normal
Pistachio/VAD/vit-features/train/normal/infrastructure_normal_more/000000427678_all__4.npy,Normal
Pistachio/VAD/vit-features/train/normal/infrastructure_normal_more/000000427678_all__5.npy,Normal
Pistachio/VAD/vit-features/train/normal/infrastructure_normal_more/000000427678_all__6.npy,Normal
Pistachio/VAD/vit-features/train/normal/infrastructure_normal_more/000000427678_all__7.npy,Normal
Pistachio/VAD/vit-features/train/normal/infrastructure_normal_more/000000427678_all__8.npy,Normal
Pistachio/VAD/vit-features/train/normal/infrastructure_normal_more/000000427678_all__9.npy,Normal
Pistachio/VAD/vit-features/train/normal/infrastructure_normal_more/000000430119_all__0.npy,Normal
Pistachio/VAD/vit-features/train/normal/infrastructure_normal_more/000000430119_all__1.npy,Normal
Pistachio/VAD/vit-features/train/normal/infrastructure_normal_more/000000430119_all__2.npy,Normal
Pistachio/VAD/vit-features/train/normal/infrastructure_normal_more/000000430119_all__3.npy,Normal
Pistachio/VAD/vit-features/train/normal/infrastructure_normal_more/000000430119_all__4.npy,Normal
Pistachio/VAD/vit-features/train/normal/infrastructure_normal_more/000000430119_all__5.npy,Normal
Pistachio/VAD/vit-features/train/normal/infrastructure_normal_more/000000430119_all__6.npy,Normal
Pistachio/VAD/vit-features/train/normal/infrastructure_normal_more/000000430119_all__7.npy,Normal
Pistachio/VAD/vit-features/train/normal/infrastructure_normal_more/000000430119_all__8.npy,Normal
Pistachio/VAD/vit-features/train/normal/infrastructure_normal_more/000000430119_all__9.npy,Normal
Pistachio/VAD/vit-features/train/normal/infrastructure_normal_more/000000436832_all__0.npy,Normal
Pistachio/VAD/vit-features/train/normal/infrastructure_normal_more/000000436832_all__1.npy,Normal
Pistachio/VAD/vit-features/train/normal/infrastructure_normal_more/000000436832_all__2.npy,Normal
Pistachio/VAD/vit-features/train/normal/infrastructure_normal_more/000000436832_all__3.npy,Normal
Pistachio/VAD/vit-features/train/normal/infrastructure_normal_more/000000436832_all__4.npy,Normal
Pistachio/VAD/vit-features/train/normal/infrastructure_normal_more/000000436832_all__5.npy,Normal
Pistachio/VAD/vit-features/train/normal/infrastructure_normal_more/000000436832_all__6.npy,Normal
Pistachio/VAD/vit-features/train/normal/infrastructure_normal_more/000000436832_all__7.npy,Normal
Pistachio/VAD/vit-features/train/normal/infrastructure_normal_more/000000436832_all__8.npy,Normal
Pistachio/VAD/vit-features/train/normal/infrastructure_normal_more/000000436832_all__9.npy,Normal
Pistachio/VAD/vit-features/train/normal/infrastructure_normal_more/000000437046_all__0.npy,Normal
Pistachio/VAD/vit-features/train/normal/infrastructure_normal_more/000000437046_all__1.npy,Normal
Pistachio/VAD/vit-features/train/normal/infrastructure_normal_more/000000437046_all__2.npy,Normal
Pistachio/VAD/vit-features/train/normal/infrastructure_normal_more/000000437046_all__3.npy,Normal
Pistachio/VAD/vit-features/train/normal/infrastructure_normal_more/000000437046_all__4.npy,Normal
Pistachio/VAD/vit-features/train/normal/infrastructure_normal_more/000000437046_all__5.npy,Normal
Pistachio/VAD/vit-features/train/normal/infrastructure_normal_more/000000437046_all__6.npy,Normal
Pistachio/VAD/vit-features/train/normal/infrastructure_normal_more/000000437046_all__7.npy,Normal
Pistachio/VAD/vit-features/train/normal/infrastructure_normal_more/000000437046_all__8.npy,Normal
Pistachio/VAD/vit-features/train/normal/infrastructure_normal_more/000000437046_all__9.npy,Normal
Pistachio/VAD/vit-features/train/normal/infrastructure_normal_more/000000443217_all__0.npy,Normal
Pistachio/VAD/vit-features/train/normal/infrastructure_normal_more/000000443217_all__1.npy,Normal
Pistachio/VAD/vit-features/train/normal/infrastructure_normal_more/000000443217_all__2.npy,Normal
Pistachio/VAD/vit-features/train/normal/infrastructure_normal_more/000000443217_all__3.npy,Normal
Pistachio/VAD/vit-features/train/normal/infrastructure_normal_more/000000443217_all__4.npy,Normal
Pistachio/VAD/vit-features/train/normal/infrastructure_normal_more/000000443217_all__5.npy,Normal
Pistachio/VAD/vit-features/train/normal/infrastructure_normal_more/000000443217_all__6.npy,Normal
Pistachio/VAD/vit-features/train/normal/infrastructure_normal_more/000000443217_all__7.npy,Normal
Pistachio/VAD/vit-features/train/normal/infrastructure_normal_more/000000443217_all__8.npy,Normal
Pistachio/VAD/vit-features/train/normal/infrastructure_normal_more/000000443217_all__9.npy,Normal
Pistachio/VAD/vit-features/train/normal/infrastructure_normal_more/000000463985_all__0.npy,Normal
Pistachio/VAD/vit-features/train/normal/infrastructure_normal_more/000000463985_all__1.npy,Normal
Pistachio/VAD/vit-features/train/normal/infrastructure_normal_more/000000463985_all__2.npy,Normal
Pistachio/VAD/vit-features/train/normal/infrastructure_normal_more/000000463985_all__3.npy,Normal
Pistachio/VAD/vit-features/train/normal/infrastructure_normal_more/000000463985_all__4.npy,Normal
Pistachio/VAD/vit-features/train/normal/infrastructure_normal_more/000000463985_all__5.npy,Normal
Pistachio/VAD/vit-features/train/normal/infrastructure_normal_more/000000463985_all__6.npy,Normal
Pistachio/VAD/vit-features/train/normal/infrastructure_normal_more/000000463985_all__7.npy,Normal
Pistachio/VAD/vit-features/train/normal/infrastructure_normal_more/000000463985_all__8.npy,Normal
Pistachio/VAD/vit-features/train/normal/infrastructure_normal_more/000000463985_all__9.npy,Normal
Pistachio/VAD/vit-features/train/normal/infrastructure_normal_more/000000466963_all__0.npy,Normal
Pistachio/VAD/vit-features/train/normal/infrastructure_normal_more/000000466963_all__1.npy,Normal
Pistachio/VAD/vit-features/train/normal/infrastructure_normal_more/000000466963_all__2.npy,Normal
Pistachio/VAD/vit-features/train/normal/infrastructure_normal_more/000000466963_all__3.npy,Normal
Pistachio/VAD/vit-features/train/normal/infrastructure_normal_more/000000466963_all__4.npy,Normal
Pistachio/VAD/vit-features/train/normal/infrastructure_normal_more/000000466963_all__5.npy,Normal
Pistachio/VAD/vit-features/train/normal/infrastructure_normal_more/000000466963_all__6.npy,Normal
Pistachio/VAD/vit-features/train/normal/infrastructure_normal_more/000000466963_all__7.npy,Normal
Pistachio/VAD/vit-features/train/normal/infrastructure_normal_more/000000466963_all__8.npy,Normal
Pistachio/VAD/vit-features/train/normal/infrastructure_normal_more/000000466963_all__9.npy,Normal
Pistachio/VAD/vit-features/train/normal/infrastructure_normal_more/000000473321_all__0.npy,Normal
Pistachio/VAD/vit-features/train/normal/infrastructure_normal_more/000000473321_all__1.npy,Normal
Pistachio/VAD/vit-features/train/normal/infrastructure_normal_more/000000473321_all__2.npy,Normal
Pistachio/VAD/vit-features/train/normal/infrastructure_normal_more/000000473321_all__3.npy,Normal
Pistachio/VAD/vit-features/train/normal/infrastructure_normal_more/000000473321_all__4.npy,Normal
Pistachio/VAD/vit-features/train/normal/infrastructure_normal_more/000000473321_all__5.npy,Normal
Pistachio/VAD/vit-features/train/normal/infrastructure_normal_more/000000473321_all__6.npy,Normal
Pistachio/VAD/vit-features/train/normal/infrastructure_normal_more/000000473321_all__7.npy,Normal
Pistachio/VAD/vit-features/train/normal/infrastructure_normal_more/000000473321_all__8.npy,Normal
Pistachio/VAD/vit-features/train/normal/infrastructure_normal_more/000000473321_all__9.npy,Normal
Pistachio/VAD/vit-features/train/normal/infrastructure_normal_more/000000474137_all__0.npy,Normal
Pistachio/VAD/vit-features/train/normal/infrastructure_normal_more/000000474137_all__1.npy,Normal
Pistachio/VAD/vit-features/train/normal/infrastructure_normal_more/000000474137_all__2.npy,Normal
Pistachio/VAD/vit-features/train/normal/infrastructure_normal_more/000000474137_all__3.npy,Normal
Pistachio/VAD/vit-features/train/normal/infrastructure_normal_more/000000474137_all__4.npy,Normal
Pistachio/VAD/vit-features/train/normal/infrastructure_normal_more/000000474137_all__5.npy,Normal
Pistachio/VAD/vit-features/train/normal/infrastructure_normal_more/000000474137_all__6.npy,Normal
Pistachio/VAD/vit-features/train/normal/infrastructure_normal_more/000000474137_all__7.npy,Normal
Pistachio/VAD/vit-features/train/normal/infrastructure_normal_more/000000474137_all__8.npy,Normal
Pistachio/VAD/vit-features/train/normal/infrastructure_normal_more/000000474137_all__9.npy,Normal
Pistachio/VAD/vit-features/train/normal/infrastructure_normal_more/000000477450_all__0.npy,Normal
Pistachio/VAD/vit-features/train/normal/infrastructure_normal_more/000000477450_all__1.npy,Normal
Pistachio/VAD/vit-features/train/normal/infrastructure_normal_more/000000477450_all__2.npy,Normal
Pistachio/VAD/vit-features/train/normal/infrastructure_normal_more/000000477450_all__3.npy,Normal
Pistachio/VAD/vit-features/train/normal/infrastructure_normal_more/000000477450_all__4.npy,Normal
Pistachio/VAD/vit-features/train/normal/infrastructure_normal_more/000000477450_all__5.npy,Normal
Pistachio/VAD/vit-features/train/normal/infrastructure_normal_more/000000477450_all__6.npy,Normal
Pistachio/VAD/vit-features/train/normal/infrastructure_normal_more/000000477450_all__7.npy,Normal
Pistachio/VAD/vit-features/train/normal/infrastructure_normal_more/000000477450_all__8.npy,Normal
Pistachio/VAD/vit-features/train/normal/infrastructure_normal_more/000000477450_all__9.npy,Normal
Pistachio/VAD/vit-features/train/normal/infrastructure_normal_more/000000478520_all__0.npy,Normal
Pistachio/VAD/vit-features/train/normal/infrastructure_normal_more/000000478520_all__1.npy,Normal
Pistachio/VAD/vit-features/train/normal/infrastructure_normal_more/000000478520_all__2.npy,Normal
Pistachio/VAD/vit-features/train/normal/infrastructure_normal_more/000000478520_all__3.npy,Normal
Pistachio/VAD/vit-features/train/normal/infrastructure_normal_more/000000478520_all__4.npy,Normal
Pistachio/VAD/vit-features/train/normal/infrastructure_normal_more/000000478520_all__5.npy,Normal
Pistachio/VAD/vit-features/train/normal/infrastructure_normal_more/000000478520_all__6.npy,Normal
Pistachio/VAD/vit-features/train/normal/infrastructure_normal_more/000000478520_all__7.npy,Normal
Pistachio/VAD/vit-features/train/normal/infrastructure_normal_more/000000478520_all__8.npy,Normal
Pistachio/VAD/vit-features/train/normal/infrastructure_normal_more/000000478520_all__9.npy,Normal
Pistachio/VAD/vit-features/train/normal/infrastructure_normal_more/000000480051_all__0.npy,Normal
Pistachio/VAD/vit-features/train/normal/infrastructure_normal_more/000000480051_all__1.npy,Normal
Pistachio/VAD/vit-features/train/normal/infrastructure_normal_more/000000480051_all__2.npy,Normal
Pistachio/VAD/vit-features/train/normal/infrastructure_normal_more/000000480051_all__3.npy,Normal
Pistachio/VAD/vit-features/train/normal/infrastructure_normal_more/000000480051_all__4.npy,Normal
Pistachio/VAD/vit-features/train/normal/infrastructure_normal_more/000000480051_all__5.npy,Normal
Pistachio/VAD/vit-features/train/normal/infrastructure_normal_more/000000480051_all__6.npy,Normal
Pistachio/VAD/vit-features/train/normal/infrastructure_normal_more/000000480051_all__7.npy,Normal
Pistachio/VAD/vit-features/train/normal/infrastructure_normal_more/000000480051_all__8.npy,Normal
Pistachio/VAD/vit-features/train/normal/infrastructure_normal_more/000000480051_all__9.npy,Normal
Pistachio/VAD/vit-features/train/normal/infrastructure_normal_more/000000484611_all__0.npy,Normal
Pistachio/VAD/vit-features/train/normal/infrastructure_normal_more/000000484611_all__1.npy,Normal
Pistachio/VAD/vit-features/train/normal/infrastructure_normal_more/000000484611_all__2.npy,Normal
Pistachio/VAD/vit-features/train/normal/infrastructure_normal_more/000000484611_all__3.npy,Normal
Pistachio/VAD/vit-features/train/normal/infrastructure_normal_more/000000484611_all__4.npy,Normal
Pistachio/VAD/vit-features/train/normal/infrastructure_normal_more/000000484611_all__5.npy,Normal
Pistachio/VAD/vit-features/train/normal/infrastructure_normal_more/000000484611_all__6.npy,Normal
Pistachio/VAD/vit-features/train/normal/infrastructure_normal_more/000000484611_all__7.npy,Normal
Pistachio/VAD/vit-features/train/normal/infrastructure_normal_more/000000484611_all__8.npy,Normal
Pistachio/VAD/vit-features/train/normal/infrastructure_normal_more/000000484611_all__9.npy,Normal
Pistachio/VAD/vit-features/train/normal/infrastructure_normal_more/000000501974_all__0.npy,Normal
Pistachio/VAD/vit-features/train/normal/infrastructure_normal_more/000000501974_all__1.npy,Normal
Pistachio/VAD/vit-features/train/normal/infrastructure_normal_more/000000501974_all__2.npy,Normal
Pistachio/VAD/vit-features/train/normal/infrastructure_normal_more/000000501974_all__3.npy,Normal
Pistachio/VAD/vit-features/train/normal/infrastructure_normal_more/000000501974_all__4.npy,Normal
Pistachio/VAD/vit-features/train/normal/infrastructure_normal_more/000000501974_all__5.npy,Normal
Pistachio/VAD/vit-features/train/normal/infrastructure_normal_more/000000501974_all__6.npy,Normal
Pistachio/VAD/vit-features/train/normal/infrastructure_normal_more/000000501974_all__7.npy,Normal
Pistachio/VAD/vit-features/train/normal/infrastructure_normal_more/000000501974_all__8.npy,Normal
Pistachio/VAD/vit-features/train/normal/infrastructure_normal_more/000000501974_all__9.npy,Normal
Pistachio/VAD/vit-features/train/normal/infrastructure_normal_more/000000505466_all__0.npy,Normal
Pistachio/VAD/vit-features/train/normal/infrastructure_normal_more/000000505466_all__1.npy,Normal
Pistachio/VAD/vit-features/train/normal/infrastructure_normal_more/000000505466_all__2.npy,Normal
Pistachio/VAD/vit-features/train/normal/infrastructure_normal_more/000000505466_all__3.npy,Normal
Pistachio/VAD/vit-features/train/normal/infrastructure_normal_more/000000505466_all__4.npy,Normal
Pistachio/VAD/vit-features/train/normal/infrastructure_normal_more/000000505466_all__5.npy,Normal
Pistachio/VAD/vit-features/train/normal/infrastructure_normal_more/000000505466_all__6.npy,Normal
Pistachio/VAD/vit-features/train/normal/infrastructure_normal_more/000000505466_all__7.npy,Normal
Pistachio/VAD/vit-features/train/normal/infrastructure_normal_more/000000505466_all__8.npy,Normal
Pistachio/VAD/vit-features/train/normal/infrastructure_normal_more/000000505466_all__9.npy,Normal
Pistachio/VAD/vit-features/train/normal/infrastructure_normal_more/000000506827_all__0.npy,Normal
Pistachio/VAD/vit-features/train/normal/infrastructure_normal_more/000000506827_all__1.npy,Normal
Pistachio/VAD/vit-features/train/normal/infrastructure_normal_more/000000506827_all__2.npy,Normal
Pistachio/VAD/vit-features/train/normal/infrastructure_normal_more/000000506827_all__3.npy,Normal
Pistachio/VAD/vit-features/train/normal/infrastructure_normal_more/000000506827_all__4.npy,Normal
Pistachio/VAD/vit-features/train/normal/infrastructure_normal_more/000000506827_all__5.npy,Normal
Pistachio/VAD/vit-features/train/normal/infrastructure_normal_more/000000506827_all__6.npy,Normal
Pistachio/VAD/vit-features/train/normal/infrastructure_normal_more/000000506827_all__7.npy,Normal
Pistachio/VAD/vit-features/train/normal/infrastructure_normal_more/000000506827_all__8.npy,Normal
Pistachio/VAD/vit-features/train/normal/infrastructure_normal_more/000000506827_all__9.npy,Normal
Pistachio/VAD/vit-features/train/normal/infrastructure_normal_more/000000509284_all__0.npy,Normal
Pistachio/VAD/vit-features/train/normal/infrastructure_normal_more/000000509284_all__1.npy,Normal
Pistachio/VAD/vit-features/train/normal/infrastructure_normal_more/000000509284_all__2.npy,Normal
Pistachio/VAD/vit-features/train/normal/infrastructure_normal_more/000000509284_all__3.npy,Normal
Pistachio/VAD/vit-features/train/normal/infrastructure_normal_more/000000509284_all__4.npy,Normal
Pistachio/VAD/vit-features/train/normal/infrastructure_normal_more/000000509284_all__5.npy,Normal
Pistachio/VAD/vit-features/train/normal/infrastructure_normal_more/000000509284_all__6.npy,Normal
Pistachio/VAD/vit-features/train/normal/infrastructure_normal_more/000000509284_all__7.npy,Normal
Pistachio/VAD/vit-features/train/normal/infrastructure_normal_more/000000509284_all__8.npy,Normal
Pistachio/VAD/vit-features/train/normal/infrastructure_normal_more/000000509284_all__9.npy,Normal
Pistachio/VAD/vit-features/train/normal/infrastructure_normal_more/000000510443_all__0.npy,Normal
Pistachio/VAD/vit-features/train/normal/infrastructure_normal_more/000000510443_all__1.npy,Normal
Pistachio/VAD/vit-features/train/normal/infrastructure_normal_more/000000510443_all__2.npy,Normal
Pistachio/VAD/vit-features/train/normal/infrastructure_normal_more/000000510443_all__3.npy,Normal
Pistachio/VAD/vit-features/train/normal/infrastructure_normal_more/000000510443_all__4.npy,Normal
Pistachio/VAD/vit-features/train/normal/infrastructure_normal_more/000000510443_all__5.npy,Normal
Pistachio/VAD/vit-features/train/normal/infrastructure_normal_more/000000510443_all__6.npy,Normal
Pistachio/VAD/vit-features/train/normal/infrastructure_normal_more/000000510443_all__7.npy,Normal
Pistachio/VAD/vit-features/train/normal/infrastructure_normal_more/000000510443_all__8.npy,Normal
Pistachio/VAD/vit-features/train/normal/infrastructure_normal_more/000000510443_all__9.npy,Normal
Pistachio/VAD/vit-features/train/normal/infrastructure_normal_more/000000513413_all__0.npy,Normal
Pistachio/VAD/vit-features/train/normal/infrastructure_normal_more/000000513413_all__1.npy,Normal
Pistachio/VAD/vit-features/train/normal/infrastructure_normal_more/000000513413_all__2.npy,Normal
Pistachio/VAD/vit-features/train/normal/infrastructure_normal_more/000000513413_all__3.npy,Normal
Pistachio/VAD/vit-features/train/normal/infrastructure_normal_more/000000513413_all__4.npy,Normal
Pistachio/VAD/vit-features/train/normal/infrastructure_normal_more/000000513413_all__5.npy,Normal
Pistachio/VAD/vit-features/train/normal/infrastructure_normal_more/000000513413_all__6.npy,Normal
Pistachio/VAD/vit-features/train/normal/infrastructure_normal_more/000000513413_all__7.npy,Normal
Pistachio/VAD/vit-features/train/normal/infrastructure_normal_more/000000513413_all__8.npy,Normal
Pistachio/VAD/vit-features/train/normal/infrastructure_normal_more/000000513413_all__9.npy,Normal
Pistachio/VAD/vit-features/train/normal/infrastructure_normal_more/000000513674_all__0.npy,Normal
Pistachio/VAD/vit-features/train/normal/infrastructure_normal_more/000000513674_all__1.npy,Normal
Pistachio/VAD/vit-features/train/normal/infrastructure_normal_more/000000513674_all__2.npy,Normal
Pistachio/VAD/vit-features/train/normal/infrastructure_normal_more/000000513674_all__3.npy,Normal
Pistachio/VAD/vit-features/train/normal/infrastructure_normal_more/000000513674_all__4.npy,Normal
Pistachio/VAD/vit-features/train/normal/infrastructure_normal_more/000000513674_all__5.npy,Normal
Pistachio/VAD/vit-features/train/normal/infrastructure_normal_more/000000513674_all__6.npy,Normal
Pistachio/VAD/vit-features/train/normal/infrastructure_normal_more/000000513674_all__7.npy,Normal
Pistachio/VAD/vit-features/train/normal/infrastructure_normal_more/000000513674_all__8.npy,Normal
Pistachio/VAD/vit-features/train/normal/infrastructure_normal_more/000000513674_all__9.npy,Normal
Pistachio/VAD/vit-features/train/normal/infrastructure_normal_more/000000517241_all__0.npy,Normal
Pistachio/VAD/vit-features/train/normal/infrastructure_normal_more/000000517241_all__1.npy,Normal
Pistachio/VAD/vit-features/train/normal/infrastructure_normal_more/000000517241_all__2.npy,Normal
Pistachio/VAD/vit-features/train/normal/infrastructure_normal_more/000000517241_all__3.npy,Normal
Pistachio/VAD/vit-features/train/normal/infrastructure_normal_more/000000517241_all__4.npy,Normal
Pistachio/VAD/vit-features/train/normal/infrastructure_normal_more/000000517241_all__5.npy,Normal
Pistachio/VAD/vit-features/train/normal/infrastructure_normal_more/000000517241_all__6.npy,Normal
Pistachio/VAD/vit-features/train/normal/infrastructure_normal_more/000000517241_all__7.npy,Normal
Pistachio/VAD/vit-features/train/normal/infrastructure_normal_more/000000517241_all__8.npy,Normal
Pistachio/VAD/vit-features/train/normal/infrastructure_normal_more/000000517241_all__9.npy,Normal
Pistachio/VAD/vit-features/train/normal/infrastructure_normal_more/000000517354_all__0.npy,Normal
Pistachio/VAD/vit-features/train/normal/infrastructure_normal_more/000000517354_all__1.npy,Normal
Pistachio/VAD/vit-features/train/normal/infrastructure_normal_more/000000517354_all__2.npy,Normal
Pistachio/VAD/vit-features/train/normal/infrastructure_normal_more/000000517354_all__3.npy,Normal
Pistachio/VAD/vit-features/train/normal/infrastructure_normal_more/000000517354_all__4.npy,Normal
Pistachio/VAD/vit-features/train/normal/infrastructure_normal_more/000000517354_all__5.npy,Normal
Pistachio/VAD/vit-features/train/normal/infrastructure_normal_more/000000517354_all__6.npy,Normal
Pistachio/VAD/vit-features/train/normal/infrastructure_normal_more/000000517354_all__7.npy,Normal
Pistachio/VAD/vit-features/train/normal/infrastructure_normal_more/000000517354_all__8.npy,Normal
Pistachio/VAD/vit-features/train/normal/infrastructure_normal_more/000000517354_all__9.npy,Normal
Pistachio/VAD/vit-features/train/normal/infrastructure_normal_more/000000518967_all__0.npy,Normal
Pistachio/VAD/vit-features/train/normal/infrastructure_normal_more/000000518967_all__1.npy,Normal
Pistachio/VAD/vit-features/train/normal/infrastructure_normal_more/000000518967_all__2.npy,Normal
Pistachio/VAD/vit-features/train/normal/infrastructure_normal_more/000000518967_all__3.npy,Normal
Pistachio/VAD/vit-features/train/normal/infrastructure_normal_more/000000518967_all__4.npy,Normal
Pistachio/VAD/vit-features/train/normal/infrastructure_normal_more/000000518967_all__5.npy,Normal
Pistachio/VAD/vit-features/train/normal/infrastructure_normal_more/000000518967_all__6.npy,Normal
Pistachio/VAD/vit-features/train/normal/infrastructure_normal_more/000000518967_all__7.npy,Normal
Pistachio/VAD/vit-features/train/normal/infrastructure_normal_more/000000518967_all__8.npy,Normal
Pistachio/VAD/vit-features/train/normal/infrastructure_normal_more/000000518967_all__9.npy,Normal
Pistachio/VAD/vit-features/train/normal/infrastructure_normal_more/000000521522_all__0.npy,Normal
Pistachio/VAD/vit-features/train/normal/infrastructure_normal_more/000000521522_all__1.npy,Normal
Pistachio/VAD/vit-features/train/normal/infrastructure_normal_more/000000521522_all__2.npy,Normal
Pistachio/VAD/vit-features/train/normal/infrastructure_normal_more/000000521522_all__3.npy,Normal
Pistachio/VAD/vit-features/train/normal/infrastructure_normal_more/000000521522_all__4.npy,Normal
Pistachio/VAD/vit-features/train/normal/infrastructure_normal_more/000000521522_all__5.npy,Normal
Pistachio/VAD/vit-features/train/normal/infrastructure_normal_more/000000521522_all__6.npy,Normal
Pistachio/VAD/vit-features/train/normal/infrastructure_normal_more/000000521522_all__7.npy,Normal
Pistachio/VAD/vit-features/train/normal/infrastructure_normal_more/000000521522_all__8.npy,Normal
Pistachio/VAD/vit-features/train/normal/infrastructure_normal_more/000000521522_all__9.npy,Normal
Pistachio/VAD/vit-features/train/normal/infrastructure_normal_more/000000521526_all__0.npy,Normal
Pistachio/VAD/vit-features/train/normal/infrastructure_normal_more/000000521526_all__1.npy,Normal
Pistachio/VAD/vit-features/train/normal/infrastructure_normal_more/000000521526_all__2.npy,Normal
Pistachio/VAD/vit-features/train/normal/infrastructure_normal_more/000000521526_all__3.npy,Normal
Pistachio/VAD/vit-features/train/normal/infrastructure_normal_more/000000521526_all__4.npy,Normal
Pistachio/VAD/vit-features/train/normal/infrastructure_normal_more/000000521526_all__5.npy,Normal
Pistachio/VAD/vit-features/train/normal/infrastructure_normal_more/000000521526_all__6.npy,Normal
Pistachio/VAD/vit-features/train/normal/infrastructure_normal_more/000000521526_all__7.npy,Normal
Pistachio/VAD/vit-features/train/normal/infrastructure_normal_more/000000521526_all__8.npy,Normal
Pistachio/VAD/vit-features/train/normal/infrastructure_normal_more/000000521526_all__9.npy,Normal
Pistachio/VAD/vit-features/train/normal/infrastructure_normal_more/000000524185_all__0.npy,Normal
Pistachio/VAD/vit-features/train/normal/infrastructure_normal_more/000000524185_all__1.npy,Normal
Pistachio/VAD/vit-features/train/normal/infrastructure_normal_more/000000524185_all__2.npy,Normal
Pistachio/VAD/vit-features/train/normal/infrastructure_normal_more/000000524185_all__3.npy,Normal
Pistachio/VAD/vit-features/train/normal/infrastructure_normal_more/000000524185_all__4.npy,Normal
Pistachio/VAD/vit-features/train/normal/infrastructure_normal_more/000000524185_all__5.npy,Normal
Pistachio/VAD/vit-features/train/normal/infrastructure_normal_more/000000524185_all__6.npy,Normal
Pistachio/VAD/vit-features/train/normal/infrastructure_normal_more/000000524185_all__7.npy,Normal
Pistachio/VAD/vit-features/train/normal/infrastructure_normal_more/000000524185_all__8.npy,Normal
Pistachio/VAD/vit-features/train/normal/infrastructure_normal_more/000000524185_all__9.npy,Normal
Pistachio/VAD/vit-features/train/normal/infrastructure_normal_more/000000529194_all__0.npy,Normal
Pistachio/VAD/vit-features/train/normal/infrastructure_normal_more/000000529194_all__1.npy,Normal
Pistachio/VAD/vit-features/train/normal/infrastructure_normal_more/000000529194_all__2.npy,Normal
Pistachio/VAD/vit-features/train/normal/infrastructure_normal_more/000000529194_all__3.npy,Normal
Pistachio/VAD/vit-features/train/normal/infrastructure_normal_more/000000529194_all__4.npy,Normal
Pistachio/VAD/vit-features/train/normal/infrastructure_normal_more/000000529194_all__5.npy,Normal
Pistachio/VAD/vit-features/train/normal/infrastructure_normal_more/000000529194_all__6.npy,Normal
Pistachio/VAD/vit-features/train/normal/infrastructure_normal_more/000000529194_all__7.npy,Normal
Pistachio/VAD/vit-features/train/normal/infrastructure_normal_more/000000529194_all__8.npy,Normal
Pistachio/VAD/vit-features/train/normal/infrastructure_normal_more/000000529194_all__9.npy,Normal
Pistachio/VAD/vit-features/train/normal/infrastructure_normal_more/000000541389_all__0.npy,Normal
Pistachio/VAD/vit-features/train/normal/infrastructure_normal_more/000000541389_all__1.npy,Normal
Pistachio/VAD/vit-features/train/normal/infrastructure_normal_more/000000541389_all__2.npy,Normal
Pistachio/VAD/vit-features/train/normal/infrastructure_normal_more/000000541389_all__3.npy,Normal
Pistachio/VAD/vit-features/train/normal/infrastructure_normal_more/000000541389_all__4.npy,Normal
Pistachio/VAD/vit-features/train/normal/infrastructure_normal_more/000000541389_all__5.npy,Normal
Pistachio/VAD/vit-features/train/normal/infrastructure_normal_more/000000541389_all__6.npy,Normal
Pistachio/VAD/vit-features/train/normal/infrastructure_normal_more/000000541389_all__7.npy,Normal
Pistachio/VAD/vit-features/train/normal/infrastructure_normal_more/000000541389_all__8.npy,Normal
Pistachio/VAD/vit-features/train/normal/infrastructure_normal_more/000000541389_all__9.npy,Normal
Pistachio/VAD/vit-features/train/normal/infrastructure_normal_more/000000545599_all__0.npy,Normal
Pistachio/VAD/vit-features/train/normal/infrastructure_normal_more/000000545599_all__1.npy,Normal
Pistachio/VAD/vit-features/train/normal/infrastructure_normal_more/000000545599_all__2.npy,Normal
Pistachio/VAD/vit-features/train/normal/infrastructure_normal_more/000000545599_all__3.npy,Normal
Pistachio/VAD/vit-features/train/normal/infrastructure_normal_more/000000545599_all__4.npy,Normal
Pistachio/VAD/vit-features/train/normal/infrastructure_normal_more/000000545599_all__5.npy,Normal
Pistachio/VAD/vit-features/train/normal/infrastructure_normal_more/000000545599_all__6.npy,Normal
Pistachio/VAD/vit-features/train/normal/infrastructure_normal_more/000000545599_all__7.npy,Normal
Pistachio/VAD/vit-features/train/normal/infrastructure_normal_more/000000545599_all__8.npy,Normal
Pistachio/VAD/vit-features/train/normal/infrastructure_normal_more/000000545599_all__9.npy,Normal
Pistachio/VAD/vit-features/train/normal/infrastructure_normal_more/000000546103_all__0.npy,Normal
Pistachio/VAD/vit-features/train/normal/infrastructure_normal_more/000000546103_all__1.npy,Normal
Pistachio/VAD/vit-features/train/normal/infrastructure_normal_more/000000546103_all__2.npy,Normal
Pistachio/VAD/vit-features/train/normal/infrastructure_normal_more/000000546103_all__3.npy,Normal
Pistachio/VAD/vit-features/train/normal/infrastructure_normal_more/000000546103_all__4.npy,Normal
Pistachio/VAD/vit-features/train/normal/infrastructure_normal_more/000000546103_all__5.npy,Normal
Pistachio/VAD/vit-features/train/normal/infrastructure_normal_more/000000546103_all__6.npy,Normal
Pistachio/VAD/vit-features/train/normal/infrastructure_normal_more/000000546103_all__7.npy,Normal
Pistachio/VAD/vit-features/train/normal/infrastructure_normal_more/000000546103_all__8.npy,Normal
Pistachio/VAD/vit-features/train/normal/infrastructure_normal_more/000000546103_all__9.npy,Normal
Pistachio/VAD/vit-features/train/normal/infrastructure_normal_more/000000549443_all__0.npy,Normal
Pistachio/VAD/vit-features/train/normal/infrastructure_normal_more/000000549443_all__1.npy,Normal
Pistachio/VAD/vit-features/train/normal/infrastructure_normal_more/000000549443_all__2.npy,Normal
Pistachio/VAD/vit-features/train/normal/infrastructure_normal_more/000000549443_all__3.npy,Normal
Pistachio/VAD/vit-features/train/normal/infrastructure_normal_more/000000549443_all__4.npy,Normal
Pistachio/VAD/vit-features/train/normal/infrastructure_normal_more/000000549443_all__5.npy,Normal
Pistachio/VAD/vit-features/train/normal/infrastructure_normal_more/000000549443_all__6.npy,Normal
Pistachio/VAD/vit-features/train/normal/infrastructure_normal_more/000000549443_all__7.npy,Normal
Pistachio/VAD/vit-features/train/normal/infrastructure_normal_more/000000549443_all__8.npy,Normal
Pistachio/VAD/vit-features/train/normal/infrastructure_normal_more/000000549443_all__9.npy,Normal
Pistachio/VAD/vit-features/train/normal/infrastructure_normal_more/000000552386_all__0.npy,Normal
Pistachio/VAD/vit-features/train/normal/infrastructure_normal_more/000000552386_all__1.npy,Normal
Pistachio/VAD/vit-features/train/normal/infrastructure_normal_more/000000552386_all__2.npy,Normal
Pistachio/VAD/vit-features/train/normal/infrastructure_normal_more/000000552386_all__3.npy,Normal
Pistachio/VAD/vit-features/train/normal/infrastructure_normal_more/000000552386_all__4.npy,Normal
Pistachio/VAD/vit-features/train/normal/infrastructure_normal_more/000000552386_all__5.npy,Normal
Pistachio/VAD/vit-features/train/normal/infrastructure_normal_more/000000552386_all__6.npy,Normal
Pistachio/VAD/vit-features/train/normal/infrastructure_normal_more/000000552386_all__7.npy,Normal
Pistachio/VAD/vit-features/train/normal/infrastructure_normal_more/000000552386_all__8.npy,Normal
Pistachio/VAD/vit-features/train/normal/infrastructure_normal_more/000000552386_all__9.npy,Normal
Pistachio/VAD/vit-features/train/normal/infrastructure_normal_more/000000559208_all__0.npy,Normal
Pistachio/VAD/vit-features/train/normal/infrastructure_normal_more/000000559208_all__1.npy,Normal
Pistachio/VAD/vit-features/train/normal/infrastructure_normal_more/000000559208_all__2.npy,Normal
Pistachio/VAD/vit-features/train/normal/infrastructure_normal_more/000000559208_all__3.npy,Normal
Pistachio/VAD/vit-features/train/normal/infrastructure_normal_more/000000559208_all__4.npy,Normal
Pistachio/VAD/vit-features/train/normal/infrastructure_normal_more/000000559208_all__5.npy,Normal
Pistachio/VAD/vit-features/train/normal/infrastructure_normal_more/000000559208_all__6.npy,Normal
Pistachio/VAD/vit-features/train/normal/infrastructure_normal_more/000000559208_all__7.npy,Normal
Pistachio/VAD/vit-features/train/normal/infrastructure_normal_more/000000559208_all__8.npy,Normal
Pistachio/VAD/vit-features/train/normal/infrastructure_normal_more/000000559208_all__9.npy,Normal
Pistachio/VAD/vit-features/train/normal/infrastructure_normal_more/000000561440_all__0.npy,Normal
Pistachio/VAD/vit-features/train/normal/infrastructure_normal_more/000000561440_all__1.npy,Normal
Pistachio/VAD/vit-features/train/normal/infrastructure_normal_more/000000561440_all__2.npy,Normal
Pistachio/VAD/vit-features/train/normal/infrastructure_normal_more/000000561440_all__3.npy,Normal
Pistachio/VAD/vit-features/train/normal/infrastructure_normal_more/000000561440_all__4.npy,Normal
Pistachio/VAD/vit-features/train/normal/infrastructure_normal_more/000000561440_all__5.npy,Normal
Pistachio/VAD/vit-features/train/normal/infrastructure_normal_more/000000561440_all__6.npy,Normal
Pistachio/VAD/vit-features/train/normal/infrastructure_normal_more/000000561440_all__7.npy,Normal
Pistachio/VAD/vit-features/train/normal/infrastructure_normal_more/000000561440_all__8.npy,Normal
Pistachio/VAD/vit-features/train/normal/infrastructure_normal_more/000000561440_all__9.npy,Normal
Pistachio/VAD/vit-features/train/normal/infrastructure_normal_more/000000563249_all__0.npy,Normal
Pistachio/VAD/vit-features/train/normal/infrastructure_normal_more/000000563249_all__1.npy,Normal
Pistachio/VAD/vit-features/train/normal/infrastructure_normal_more/000000563249_all__2.npy,Normal
Pistachio/VAD/vit-features/train/normal/infrastructure_normal_more/000000563249_all__3.npy,Normal
Pistachio/VAD/vit-features/train/normal/infrastructure_normal_more/000000563249_all__4.npy,Normal
Pistachio/VAD/vit-features/train/normal/infrastructure_normal_more/000000563249_all__5.npy,Normal
Pistachio/VAD/vit-features/train/normal/infrastructure_normal_more/000000563249_all__6.npy,Normal
Pistachio/VAD/vit-features/train/normal/infrastructure_normal_more/000000563249_all__7.npy,Normal
Pistachio/VAD/vit-features/train/normal/infrastructure_normal_more/000000563249_all__8.npy,Normal
Pistachio/VAD/vit-features/train/normal/infrastructure_normal_more/000000563249_all__9.npy,Normal
Pistachio/VAD/vit-features/train/normal/infrastructure_normal_more/000000566150_all__0.npy,Normal
Pistachio/VAD/vit-features/train/normal/infrastructure_normal_more/000000566150_all__1.npy,Normal
Pistachio/VAD/vit-features/train/normal/infrastructure_normal_more/000000566150_all__2.npy,Normal
Pistachio/VAD/vit-features/train/normal/infrastructure_normal_more/000000566150_all__3.npy,Normal
Pistachio/VAD/vit-features/train/normal/infrastructure_normal_more/000000566150_all__4.npy,Normal
Pistachio/VAD/vit-features/train/normal/infrastructure_normal_more/000000566150_all__5.npy,Normal
Pistachio/VAD/vit-features/train/normal/infrastructure_normal_more/000000566150_all__6.npy,Normal
Pistachio/VAD/vit-features/train/normal/infrastructure_normal_more/000000566150_all__7.npy,Normal
Pistachio/VAD/vit-features/train/normal/infrastructure_normal_more/000000566150_all__8.npy,Normal
Pistachio/VAD/vit-features/train/normal/infrastructure_normal_more/000000566150_all__9.npy,Normal
Pistachio/VAD/vit-features/train/normal/infrastructure_normal_more/000000568028_all__0.npy,Normal
Pistachio/VAD/vit-features/train/normal/infrastructure_normal_more/000000568028_all__1.npy,Normal
Pistachio/VAD/vit-features/train/normal/infrastructure_normal_more/000000568028_all__2.npy,Normal
Pistachio/VAD/vit-features/train/normal/infrastructure_normal_more/000000568028_all__3.npy,Normal
Pistachio/VAD/vit-features/train/normal/infrastructure_normal_more/000000568028_all__4.npy,Normal
Pistachio/VAD/vit-features/train/normal/infrastructure_normal_more/000000568028_all__5.npy,Normal
Pistachio/VAD/vit-features/train/normal/infrastructure_normal_more/000000568028_all__6.npy,Normal
Pistachio/VAD/vit-features/train/normal/infrastructure_normal_more/000000568028_all__7.npy,Normal
Pistachio/VAD/vit-features/train/normal/infrastructure_normal_more/000000568028_all__8.npy,Normal
Pistachio/VAD/vit-features/train/normal/infrastructure_normal_more/000000568028_all__9.npy,Normal
Pistachio/VAD/vit-features/train/normal/infrastructure_normal_more/000000576090_all__0.npy,Normal
Pistachio/VAD/vit-features/train/normal/infrastructure_normal_more/000000576090_all__1.npy,Normal
Pistachio/VAD/vit-features/train/normal/infrastructure_normal_more/000000576090_all__2.npy,Normal
Pistachio/VAD/vit-features/train/normal/infrastructure_normal_more/000000576090_all__3.npy,Normal
Pistachio/VAD/vit-features/train/normal/infrastructure_normal_more/000000576090_all__4.npy,Normal
Pistachio/VAD/vit-features/train/normal/infrastructure_normal_more/000000576090_all__5.npy,Normal
Pistachio/VAD/vit-features/train/normal/infrastructure_normal_more/000000576090_all__6.npy,Normal
Pistachio/VAD/vit-features/train/normal/infrastructure_normal_more/000000576090_all__7.npy,Normal
Pistachio/VAD/vit-features/train/normal/infrastructure_normal_more/000000576090_all__8.npy,Normal
Pistachio/VAD/vit-features/train/normal/infrastructure_normal_more/000000576090_all__9.npy,Normal
Pistachio/VAD/vit-features/train/normal/infrastructure_normal_more/000000580123_all__0.npy,Normal
Pistachio/VAD/vit-features/train/normal/infrastructure_normal_more/000000580123_all__1.npy,Normal
Pistachio/VAD/vit-features/train/normal/infrastructure_normal_more/000000580123_all__2.npy,Normal
Pistachio/VAD/vit-features/train/normal/infrastructure_normal_more/000000580123_all__3.npy,Normal
Pistachio/VAD/vit-features/train/normal/infrastructure_normal_more/000000580123_all__4.npy,Normal
Pistachio/VAD/vit-features/train/normal/infrastructure_normal_more/000000580123_all__5.npy,Normal
Pistachio/VAD/vit-features/train/normal/infrastructure_normal_more/000000580123_all__6.npy,Normal
Pistachio/VAD/vit-features/train/normal/infrastructure_normal_more/000000580123_all__7.npy,Normal
Pistachio/VAD/vit-features/train/normal/infrastructure_normal_more/000000580123_all__8.npy,Normal
Pistachio/VAD/vit-features/train/normal/infrastructure_normal_more/000000580123_all__9.npy,Normal
