path,label
Pistachio/VAD/vit-features/train/anomaly/road_anomaly_less/explosion/000000059600_all__0.npy,explosion
Pistachio/VAD/vit-features/train/anomaly/road_anomaly_less/explosion/000000059600_all__1.npy,explosion
Pistachio/VAD/vit-features/train/anomaly/road_anomaly_less/explosion/000000059600_all__2.npy,explosion
Pistachio/VAD/vit-features/train/anomaly/road_anomaly_less/explosion/000000059600_all__3.npy,explosion
Pistachio/VAD/vit-features/train/anomaly/road_anomaly_less/explosion/000000059600_all__4.npy,explosion
Pistachio/VAD/vit-features/train/anomaly/road_anomaly_less/explosion/000000059600_all__5.npy,explosion
Pistachio/VAD/vit-features/train/anomaly/road_anomaly_less/explosion/000000059600_all__6.npy,explosion
Pistachio/VAD/vit-features/train/anomaly/road_anomaly_less/explosion/000000059600_all__7.npy,explosion
Pistachio/VAD/vit-features/train/anomaly/road_anomaly_less/explosion/000000059600_all__8.npy,explosion
Pistachio/VAD/vit-features/train/anomaly/road_anomaly_less/explosion/000000059600_all__9.npy,explosion
Pistachio/VAD/vit-features/train/anomaly/road_anomaly_less/explosion/000000074521_all__0.npy,explosion
Pistachio/VAD/vit-features/train/anomaly/road_anomaly_less/explosion/000000074521_all__1.npy,explosion
Pistachio/VAD/vit-features/train/anomaly/road_anomaly_less/explosion/000000074521_all__2.npy,explosion
Pistachio/VAD/vit-features/train/anomaly/road_anomaly_less/explosion/000000074521_all__3.npy,explosion
Pistachio/VAD/vit-features/train/anomaly/road_anomaly_less/explosion/000000074521_all__4.npy,explosion
Pistachio/VAD/vit-features/train/anomaly/road_anomaly_less/explosion/000000074521_all__5.npy,explosion
Pistachio/VAD/vit-features/train/anomaly/road_anomaly_less/explosion/000000074521_all__6.npy,explosion
Pistachio/VAD/vit-features/train/anomaly/road_anomaly_less/explosion/000000074521_all__7.npy,explosion
Pistachio/VAD/vit-features/train/anomaly/road_anomaly_less/explosion/000000074521_all__8.npy,explosion
Pistachio/VAD/vit-features/train/anomaly/road_anomaly_less/explosion/000000074521_all__9.npy,explosion
Pistachio/VAD/vit-features/train/anomaly/road_anomaly_less/explosion/000000114935_all__0.npy,explosion
Pistachio/VAD/vit-features/train/anomaly/road_anomaly_less/explosion/000000114935_all__1.npy,explosion
Pistachio/VAD/vit-features/train/anomaly/road_anomaly_less/explosion/000000114935_all__2.npy,explosion
Pistachio/VAD/vit-features/train/anomaly/road_anomaly_less/explosion/000000114935_all__3.npy,explosion
Pistachio/VAD/vit-features/train/anomaly/road_anomaly_less/explosion/000000114935_all__4.npy,explosion
Pistachio/VAD/vit-features/train/anomaly/road_anomaly_less/explosion/000000114935_all__5.npy,explosion
Pistachio/VAD/vit-features/train/anomaly/road_anomaly_less/explosion/000000114935_all__6.npy,explosion
Pistachio/VAD/vit-features/train/anomaly/road_anomaly_less/explosion/000000114935_all__7.npy,explosion
Pistachio/VAD/vit-features/train/anomaly/road_anomaly_less/explosion/000000114935_all__8.npy,explosion
Pistachio/VAD/vit-features/train/anomaly/road_anomaly_less/explosion/000000114935_all__9.npy,explosion
Pistachio/VAD/vit-features/train/anomaly/road_anomaly_less/explosion/000000121004_all__0.npy,explosion
Pistachio/VAD/vit-features/train/anomaly/road_anomaly_less/explosion/000000121004_all__1.npy,explosion
Pistachio/VAD/vit-features/train/anomaly/road_anomaly_less/explosion/000000121004_all__2.npy,explosion
Pistachio/VAD/vit-features/train/anomaly/road_anomaly_less/explosion/000000121004_all__3.npy,explosion
Pistachio/VAD/vit-features/train/anomaly/road_anomaly_less/explosion/000000121004_all__4.npy,explosion
Pistachio/VAD/vit-features/train/anomaly/road_anomaly_less/explosion/000000121004_all__5.npy,explosion
Pistachio/VAD/vit-features/train/anomaly/road_anomaly_less/explosion/000000121004_all__6.npy,explosion
Pistachio/VAD/vit-features/train/anomaly/road_anomaly_less/explosion/000000121004_all__7.npy,explosion
Pistachio/VAD/vit-features/train/anomaly/road_anomaly_less/explosion/000000121004_all__8.npy,explosion
Pistachio/VAD/vit-features/train/anomaly/road_anomaly_less/explosion/000000121004_all__9.npy,explosion
Pistachio/VAD/vit-features/train/anomaly/road_anomaly_less/explosion/000000321611_all__0.npy,explosion
Pistachio/VAD/vit-features/train/anomaly/road_anomaly_less/explosion/000000321611_all__1.npy,explosion
Pistachio/VAD/vit-features/train/anomaly/road_anomaly_less/explosion/000000321611_all__2.npy,explosion
Pistachio/VAD/vit-features/train/anomaly/road_anomaly_less/explosion/000000321611_all__3.npy,explosion
Pistachio/VAD/vit-features/train/anomaly/road_anomaly_less/explosion/000000321611_all__4.npy,explosion
Pistachio/VAD/vit-features/train/anomaly/road_anomaly_less/explosion/000000321611_all__5.npy,explosion
Pistachio/VAD/vit-features/train/anomaly/road_anomaly_less/explosion/000000321611_all__6.npy,explosion
Pistachio/VAD/vit-features/train/anomaly/road_anomaly_less/explosion/000000321611_all__7.npy,explosion
Pistachio/VAD/vit-features/train/anomaly/road_anomaly_less/explosion/000000321611_all__8.npy,explosion
Pistachio/VAD/vit-features/train/anomaly/road_anomaly_less/explosion/000000321611_all__9.npy,explosion
Pistachio/VAD/vit-features/train/anomaly/road_anomaly_less/explosion/000000346619_all__0.npy,explosion
Pistachio/VAD/vit-features/train/anomaly/road_anomaly_less/explosion/000000346619_all__1.npy,explosion
Pistachio/VAD/vit-features/train/anomaly/road_anomaly_less/explosion/000000346619_all__2.npy,explosion
Pistachio/VAD/vit-features/train/anomaly/road_anomaly_less/explosion/000000346619_all__3.npy,explosion
Pistachio/VAD/vit-features/train/anomaly/road_anomaly_less/explosion/000000346619_all__4.npy,explosion
Pistachio/VAD/vit-features/train/anomaly/road_anomaly_less/explosion/000000346619_all__5.npy,explosion
Pistachio/VAD/vit-features/train/anomaly/road_anomaly_less/explosion/000000346619_all__6.npy,explosion
Pistachio/VAD/vit-features/train/anomaly/road_anomaly_less/explosion/000000346619_all__7.npy,explosion
Pistachio/VAD/vit-features/train/anomaly/road_anomaly_less/explosion/000000346619_all__8.npy,explosion
Pistachio/VAD/vit-features/train/anomaly/road_anomaly_less/explosion/000000346619_all__9.npy,explosion
Pistachio/VAD/vit-features/train/anomaly/road_anomaly_less/explosion/000000351315_all__0.npy,explosion
Pistachio/VAD/vit-features/train/anomaly/road_anomaly_less/explosion/000000351315_all__1.npy,explosion
Pistachio/VAD/vit-features/train/anomaly/road_anomaly_less/explosion/000000351315_all__2.npy,explosion
Pistachio/VAD/vit-features/train/anomaly/road_anomaly_less/explosion/000000351315_all__3.npy,explosion
Pistachio/VAD/vit-features/train/anomaly/road_anomaly_less/explosion/000000351315_all__4.npy,explosion
Pistachio/VAD/vit-features/train/anomaly/road_anomaly_less/explosion/000000351315_all__5.npy,explosion
Pistachio/VAD/vit-features/train/anomaly/road_anomaly_less/explosion/000000351315_all__6.npy,explosion
Pistachio/VAD/vit-features/train/anomaly/road_anomaly_less/explosion/000000351315_all__7.npy,explosion
Pistachio/VAD/vit-features/train/anomaly/road_anomaly_less/explosion/000000351315_all__8.npy,explosion
Pistachio/VAD/vit-features/train/anomaly/road_anomaly_less/explosion/000000351315_all__9.npy,explosion
Pistachio/VAD/vit-features/train/anomaly/road_anomaly_less/explosion/000000365477_all__0.npy,explosion
Pistachio/VAD/vit-features/train/anomaly/road_anomaly_less/explosion/000000365477_all__1.npy,explosion
Pistachio/VAD/vit-features/train/anomaly/road_anomaly_less/explosion/000000365477_all__2.npy,explosion
Pistachio/VAD/vit-features/train/anomaly/road_anomaly_less/explosion/000000365477_all__3.npy,explosion
Pistachio/VAD/vit-features/train/anomaly/road_anomaly_less/explosion/000000365477_all__4.npy,explosion
Pistachio/VAD/vit-features/train/anomaly/road_anomaly_less/explosion/000000365477_all__5.npy,explosion
Pistachio/VAD/vit-features/train/anomaly/road_anomaly_less/explosion/000000365477_all__6.npy,explosion
Pistachio/VAD/vit-features/train/anomaly/road_anomaly_less/explosion/000000365477_all__7.npy,explosion
Pistachio/VAD/vit-features/train/anomaly/road_anomaly_less/explosion/000000365477_all__8.npy,explosion
Pistachio/VAD/vit-features/train/anomaly/road_anomaly_less/explosion/000000365477_all__9.npy,explosion
Pistachio/VAD/vit-features/train/anomaly/road_anomaly_less/fighting_and_physical_conflict/000000221749_all__0.npy,fighting_and_physical_conflict
Pistachio/VAD/vit-features/train/anomaly/road_anomaly_less/fighting_and_physical_conflict/000000221749_all__1.npy,fighting_and_physical_conflict
Pistachio/VAD/vit-features/train/anomaly/road_anomaly_less/fighting_and_physical_conflict/000000221749_all__2.npy,fighting_and_physical_conflict
Pistachio/VAD/vit-features/train/anomaly/road_anomaly_less/fighting_and_physical_conflict/000000221749_all__3.npy,fighting_and_physical_conflict
Pistachio/VAD/vit-features/train/anomaly/road_anomaly_less/fighting_and_physical_conflict/000000221749_all__4.npy,fighting_and_physical_conflict
Pistachio/VAD/vit-features/train/anomaly/road_anomaly_less/fighting_and_physical_conflict/000000221749_all__5.npy,fighting_and_physical_conflict
Pistachio/VAD/vit-features/train/anomaly/road_anomaly_less/fighting_and_physical_conflict/000000221749_all__6.npy,fighting_and_physical_conflict
Pistachio/VAD/vit-features/train/anomaly/road_anomaly_less/fighting_and_physical_conflict/000000221749_all__7.npy,fighting_and_physical_conflict
Pistachio/VAD/vit-features/train/anomaly/road_anomaly_less/fighting_and_physical_conflict/000000221749_all__8.npy,fighting_and_physical_conflict
Pistachio/VAD/vit-features/train/anomaly/road_anomaly_less/fighting_and_physical_conflict/000000221749_all__9.npy,fighting_and_physical_conflict
Pistachio/VAD/vit-features/train/anomaly/road_anomaly_less/fighting_and_physical_conflict/000000221857_all__0.npy,fighting_and_physical_conflict
Pistachio/VAD/vit-features/train/anomaly/road_anomaly_less/fighting_and_physical_conflict/000000221857_all__1.npy,fighting_and_physical_conflict
Pistachio/VAD/vit-features/train/anomaly/road_anomaly_less/fighting_and_physical_conflict/000000221857_all__2.npy,fighting_and_physical_conflict
Pistachio/VAD/vit-features/train/anomaly/road_anomaly_less/fighting_and_physical_conflict/000000221857_all__3.npy,fighting_and_physical_conflict
Pistachio/VAD/vit-features/train/anomaly/road_anomaly_less/fighting_and_physical_conflict/000000221857_all__4.npy,fighting_and_physical_conflict
Pistachio/VAD/vit-features/train/anomaly/road_anomaly_less/fighting_and_physical_conflict/000000221857_all__5.npy,fighting_and_physical_conflict
Pistachio/VAD/vit-features/train/anomaly/road_anomaly_less/fighting_and_physical_conflict/000000221857_all__6.npy,fighting_and_physical_conflict
Pistachio/VAD/vit-features/train/anomaly/road_anomaly_less/fighting_and_physical_conflict/000000221857_all__7.npy,fighting_and_physical_conflict
Pistachio/VAD/vit-features/train/anomaly/road_anomaly_less/fighting_and_physical_conflict/000000221857_all__8.npy,fighting_and_physical_conflict
Pistachio/VAD/vit-features/train/anomaly/road_anomaly_less/fighting_and_physical_conflict/000000221857_all__9.npy,fighting_and_physical_conflict
Pistachio/VAD/vit-features/train/anomaly/road_anomaly_less/fighting_and_physical_conflict/000000221896_all__0.npy,fighting_and_physical_conflict
Pistachio/VAD/vit-features/train/anomaly/road_anomaly_less/fighting_and_physical_conflict/000000221896_all__1.npy,fighting_and_physical_conflict
Pistachio/VAD/vit-features/train/anomaly/road_anomaly_less/fighting_and_physical_conflict/000000221896_all__2.npy,fighting_and_physical_conflict
Pistachio/VAD/vit-features/train/anomaly/road_anomaly_less/fighting_and_physical_conflict/000000221896_all__3.npy,fighting_and_physical_conflict
Pistachio/VAD/vit-features/train/anomaly/road_anomaly_less/fighting_and_physical_conflict/000000221896_all__4.npy,fighting_and_physical_conflict
Pistachio/VAD/vit-features/train/anomaly/road_anomaly_less/fighting_and_physical_conflict/000000221896_all__5.npy,fighting_and_physical_conflict
Pistachio/VAD/vit-features/train/anomaly/road_anomaly_less/fighting_and_physical_conflict/000000221896_all__6.npy,fighting_and_physical_conflict
Pistachio/VAD/vit-features/train/anomaly/road_anomaly_less/fighting_and_physical_conflict/000000221896_all__7.npy,fighting_and_physical_conflict
Pistachio/VAD/vit-features/train/anomaly/road_anomaly_less/fighting_and_physical_conflict/000000221896_all__8.npy,fighting_and_physical_conflict
Pistachio/VAD/vit-features/train/anomaly/road_anomaly_less/fighting_and_physical_conflict/000000221896_all__9.npy,fighting_and_physical_conflict
Pistachio/VAD/vit-features/train/anomaly/road_anomaly_less/fighting_and_physical_conflict/000000221906_all__0.npy,fighting_and_physical_conflict
Pistachio/VAD/vit-features/train/anomaly/road_anomaly_less/fighting_and_physical_conflict/000000221906_all__1.npy,fighting_and_physical_conflict
Pistachio/VAD/vit-features/train/anomaly/road_anomaly_less/fighting_and_physical_conflict/000000221906_all__2.npy,fighting_and_physical_conflict
Pistachio/VAD/vit-features/train/anomaly/road_anomaly_less/fighting_and_physical_conflict/000000221906_all__3.npy,fighting_and_physical_conflict
Pistachio/VAD/vit-features/train/anomaly/road_anomaly_less/fighting_and_physical_conflict/000000221906_all__4.npy,fighting_and_physical_conflict
Pistachio/VAD/vit-features/train/anomaly/road_anomaly_less/fighting_and_physical_conflict/000000221906_all__5.npy,fighting_and_physical_conflict
Pistachio/VAD/vit-features/train/anomaly/road_anomaly_less/fighting_and_physical_conflict/000000221906_all__6.npy,fighting_and_physical_conflict
Pistachio/VAD/vit-features/train/anomaly/road_anomaly_less/fighting_and_physical_conflict/000000221906_all__7.npy,fighting_and_physical_conflict
Pistachio/VAD/vit-features/train/anomaly/road_anomaly_less/fighting_and_physical_conflict/000000221906_all__8.npy,fighting_and_physical_conflict
Pistachio/VAD/vit-features/train/anomaly/road_anomaly_less/fighting_and_physical_conflict/000000221906_all__9.npy,fighting_and_physical_conflict
Pistachio/VAD/vit-features/train/anomaly/road_anomaly_less/fighting_and_physical_conflict/000000221971_all__0.npy,fighting_and_physical_conflict
Pistachio/VAD/vit-features/train/anomaly/road_anomaly_less/fighting_and_physical_conflict/000000221971_all__1.npy,fighting_and_physical_conflict
Pistachio/VAD/vit-features/train/anomaly/road_anomaly_less/fighting_and_physical_conflict/000000221971_all__2.npy,fighting_and_physical_conflict
Pistachio/VAD/vit-features/train/anomaly/road_anomaly_less/fighting_and_physical_conflict/000000221971_all__3.npy,fighting_and_physical_conflict
Pistachio/VAD/vit-features/train/anomaly/road_anomaly_less/fighting_and_physical_conflict/000000221971_all__4.npy,fighting_and_physical_conflict
Pistachio/VAD/vit-features/train/anomaly/road_anomaly_less/fighting_and_physical_conflict/000000221971_all__5.npy,fighting_and_physical_conflict
Pistachio/VAD/vit-features/train/anomaly/road_anomaly_less/fighting_and_physical_conflict/000000221971_all__6.npy,fighting_and_physical_conflict
Pistachio/VAD/vit-features/train/anomaly/road_anomaly_less/fighting_and_physical_conflict/000000221971_all__7.npy,fighting_and_physical_conflict
Pistachio/VAD/vit-features/train/anomaly/road_anomaly_less/fighting_and_physical_conflict/000000221971_all__8.npy,fighting_and_physical_conflict
Pistachio/VAD/vit-features/train/anomaly/road_anomaly_less/fighting_and_physical_conflict/000000221971_all__9.npy,fighting_and_physical_conflict
Pistachio/VAD/vit-features/train/anomaly/road_anomaly_less/fighting_and_physical_conflict/000000222106_all__0.npy,fighting_and_physical_conflict
Pistachio/VAD/vit-features/train/anomaly/road_anomaly_less/fighting_and_physical_conflict/000000222106_all__1.npy,fighting_and_physical_conflict
Pistachio/VAD/vit-features/train/anomaly/road_anomaly_less/fighting_and_physical_conflict/000000222106_all__2.npy,fighting_and_physical_conflict
Pistachio/VAD/vit-features/train/anomaly/road_anomaly_less/fighting_and_physical_conflict/000000222106_all__3.npy,fighting_and_physical_conflict
Pistachio/VAD/vit-features/train/anomaly/road_anomaly_less/fighting_and_physical_conflict/000000222106_all__4.npy,fighting_and_physical_conflict
Pistachio/VAD/vit-features/train/anomaly/road_anomaly_less/fighting_and_physical_conflict/000000222106_all__5.npy,fighting_and_physical_conflict
Pistachio/VAD/vit-features/train/anomaly/road_anomaly_less/fighting_and_physical_conflict/000000222106_all__6.npy,fighting_and_physical_conflict
Pistachio/VAD/vit-features/train/anomaly/road_anomaly_less/fighting_and_physical_conflict/000000222106_all__7.npy,fighting_and_physical_conflict
Pistachio/VAD/vit-features/train/anomaly/road_anomaly_less/fighting_and_physical_conflict/000000222106_all__8.npy,fighting_and_physical_conflict
Pistachio/VAD/vit-features/train/anomaly/road_anomaly_less/fighting_and_physical_conflict/000000222106_all__9.npy,fighting_and_physical_conflict
Pistachio/VAD/vit-features/train/anomaly/road_anomaly_less/fighting_and_physical_conflict/000000222219_all__0.npy,fighting_and_physical_conflict
Pistachio/VAD/vit-features/train/anomaly/road_anomaly_less/fighting_and_physical_conflict/000000222219_all__1.npy,fighting_and_physical_conflict
Pistachio/VAD/vit-features/train/anomaly/road_anomaly_less/fighting_and_physical_conflict/000000222219_all__2.npy,fighting_and_physical_conflict
Pistachio/VAD/vit-features/train/anomaly/road_anomaly_less/fighting_and_physical_conflict/000000222219_all__3.npy,fighting_and_physical_conflict
Pistachio/VAD/vit-features/train/anomaly/road_anomaly_less/fighting_and_physical_conflict/000000222219_all__4.npy,fighting_and_physical_conflict
Pistachio/VAD/vit-features/train/anomaly/road_anomaly_less/fighting_and_physical_conflict/000000222219_all__5.npy,fighting_and_physical_conflict
Pistachio/VAD/vit-features/train/anomaly/road_anomaly_less/fighting_and_physical_conflict/000000222219_all__6.npy,fighting_and_physical_conflict
Pistachio/VAD/vit-features/train/anomaly/road_anomaly_less/fighting_and_physical_conflict/000000222219_all__7.npy,fighting_and_physical_conflict
Pistachio/VAD/vit-features/train/anomaly/road_anomaly_less/fighting_and_physical_conflict/000000222219_all__8.npy,fighting_and_physical_conflict
Pistachio/VAD/vit-features/train/anomaly/road_anomaly_less/fighting_and_physical_conflict/000000222219_all__9.npy,fighting_and_physical_conflict
Pistachio/VAD/vit-features/train/anomaly/road_anomaly_less/fighting_and_physical_conflict/000000222236_all__0.npy,fighting_and_physical_conflict
Pistachio/VAD/vit-features/train/anomaly/road_anomaly_less/fighting_and_physical_conflict/000000222236_all__1.npy,fighting_and_physical_conflict
Pistachio/VAD/vit-features/train/anomaly/road_anomaly_less/fighting_and_physical_conflict/000000222236_all__2.npy,fighting_and_physical_conflict
Pistachio/VAD/vit-features/train/anomaly/road_anomaly_less/fighting_and_physical_conflict/000000222236_all__3.npy,fighting_and_physical_conflict
Pistachio/VAD/vit-features/train/anomaly/road_anomaly_less/fighting_and_physical_conflict/000000222236_all__4.npy,fighting_and_physical_conflict
Pistachio/VAD/vit-features/train/anomaly/road_anomaly_less/fighting_and_physical_conflict/000000222236_all__5.npy,fighting_and_physical_conflict
Pistachio/VAD/vit-features/train/anomaly/road_anomaly_less/fighting_and_physical_conflict/000000222236_all__6.npy,fighting_and_physical_conflict
Pistachio/VAD/vit-features/train/anomaly/road_anomaly_less/fighting_and_physical_conflict/000000222236_all__7.npy,fighting_and_physical_conflict
Pistachio/VAD/vit-features/train/anomaly/road_anomaly_less/fighting_and_physical_conflict/000000222236_all__8.npy,fighting_and_physical_conflict
Pistachio/VAD/vit-features/train/anomaly/road_anomaly_less/fighting_and_physical_conflict/000000222236_all__9.npy,fighting_and_physical_conflict
Pistachio/VAD/vit-features/train/anomaly/road_anomaly_less/fighting_and_physical_conflict/000000222265_all__0.npy,fighting_and_physical_conflict
Pistachio/VAD/vit-features/train/anomaly/road_anomaly_less/fighting_and_physical_conflict/000000222265_all__1.npy,fighting_and_physical_conflict
Pistachio/VAD/vit-features/train/anomaly/road_anomaly_less/fighting_and_physical_conflict/000000222265_all__2.npy,fighting_and_physical_conflict
Pistachio/VAD/vit-features/train/anomaly/road_anomaly_less/fighting_and_physical_conflict/000000222265_all__3.npy,fighting_and_physical_conflict
Pistachio/VAD/vit-features/train/anomaly/road_anomaly_less/fighting_and_physical_conflict/000000222265_all__4.npy,fighting_and_physical_conflict
Pistachio/VAD/vit-features/train/anomaly/road_anomaly_less/fighting_and_physical_conflict/000000222265_all__5.npy,fighting_and_physical_conflict
Pistachio/VAD/vit-features/train/anomaly/road_anomaly_less/fighting_and_physical_conflict/000000222265_all__6.npy,fighting_and_physical_conflict
Pistachio/VAD/vit-features/train/anomaly/road_anomaly_less/fighting_and_physical_conflict/000000222265_all__7.npy,fighting_and_physical_conflict
Pistachio/VAD/vit-features/train/anomaly/road_anomaly_less/fighting_and_physical_conflict/000000222265_all__8.npy,fighting_and_physical_conflict
Pistachio/VAD/vit-features/train/anomaly/road_anomaly_less/fighting_and_physical_conflict/000000222265_all__9.npy,fighting_and_physical_conflict
Pistachio/VAD/vit-features/train/anomaly/road_anomaly_less/fighting_and_physical_conflict/000000222355_all__0.npy,fighting_and_physical_conflict
Pistachio/VAD/vit-features/train/anomaly/road_anomaly_less/fighting_and_physical_conflict/000000222355_all__1.npy,fighting_and_physical_conflict
Pistachio/VAD/vit-features/train/anomaly/road_anomaly_less/fighting_and_physical_conflict/000000222355_all__2.npy,fighting_and_physical_conflict
Pistachio/VAD/vit-features/train/anomaly/road_anomaly_less/fighting_and_physical_conflict/000000222355_all__3.npy,fighting_and_physical_conflict
Pistachio/VAD/vit-features/train/anomaly/road_anomaly_less/fighting_and_physical_conflict/000000222355_all__4.npy,fighting_and_physical_conflict
Pistachio/VAD/vit-features/train/anomaly/road_anomaly_less/fighting_and_physical_conflict/000000222355_all__5.npy,fighting_and_physical_conflict
Pistachio/VAD/vit-features/train/anomaly/road_anomaly_less/fighting_and_physical_conflict/000000222355_all__6.npy,fighting_and_physical_conflict
Pistachio/VAD/vit-features/train/anomaly/road_anomaly_less/fighting_and_physical_conflict/000000222355_all__7.npy,fighting_and_physical_conflict
Pistachio/VAD/vit-features/train/anomaly/road_anomaly_less/fighting_and_physical_conflict/000000222355_all__8.npy,fighting_and_physical_conflict
Pistachio/VAD/vit-features/train/anomaly/road_anomaly_less/fighting_and_physical_conflict/000000222355_all__9.npy,fighting_and_physical_conflict
Pistachio/VAD/vit-features/train/anomaly/road_anomaly_less/fighting_and_physical_conflict/000000222459_all__0.npy,fighting_and_physical_conflict
Pistachio/VAD/vit-features/train/anomaly/road_anomaly_less/fighting_and_physical_conflict/000000222459_all__1.npy,fighting_and_physical_conflict
Pistachio/VAD/vit-features/train/anomaly/road_anomaly_less/fighting_and_physical_conflict/000000222459_all__2.npy,fighting_and_physical_conflict
Pistachio/VAD/vit-features/train/anomaly/road_anomaly_less/fighting_and_physical_conflict/000000222459_all__3.npy,fighting_and_physical_conflict
Pistachio/VAD/vit-features/train/anomaly/road_anomaly_less/fighting_and_physical_conflict/000000222459_all__4.npy,fighting_and_physical_conflict
Pistachio/VAD/vit-features/train/anomaly/road_anomaly_less/fighting_and_physical_conflict/000000222459_all__5.npy,fighting_and_physical_conflict
Pistachio/VAD/vit-features/train/anomaly/road_anomaly_less/fighting_and_physical_conflict/000000222459_all__6.npy,fighting_and_physical_conflict
Pistachio/VAD/vit-features/train/anomaly/road_anomaly_less/fighting_and_physical_conflict/000000222459_all__7.npy,fighting_and_physical_conflict
Pistachio/VAD/vit-features/train/anomaly/road_anomaly_less/fighting_and_physical_conflict/000000222459_all__8.npy,fighting_and_physical_conflict
Pistachio/VAD/vit-features/train/anomaly/road_anomaly_less/fighting_and_physical_conflict/000000222459_all__9.npy,fighting_and_physical_conflict
Pistachio/VAD/vit-features/train/anomaly/road_anomaly_less/fighting_and_physical_conflict/000000222589_all__0.npy,fighting_and_physical_conflict
Pistachio/VAD/vit-features/train/anomaly/road_anomaly_less/fighting_and_physical_conflict/000000222589_all__1.npy,fighting_and_physical_conflict
Pistachio/VAD/vit-features/train/anomaly/road_anomaly_less/fighting_and_physical_conflict/000000222589_all__2.npy,fighting_and_physical_conflict
Pistachio/VAD/vit-features/train/anomaly/road_anomaly_less/fighting_and_physical_conflict/000000222589_all__3.npy,fighting_and_physical_conflict
Pistachio/VAD/vit-features/train/anomaly/road_anomaly_less/fighting_and_physical_conflict/000000222589_all__4.npy,fighting_and_physical_conflict
Pistachio/VAD/vit-features/train/anomaly/road_anomaly_less/fighting_and_physical_conflict/000000222589_all__5.npy,fighting_and_physical_conflict
Pistachio/VAD/vit-features/train/anomaly/road_anomaly_less/fighting_and_physical_conflict/000000222589_all__6.npy,fighting_and_physical_conflict
Pistachio/VAD/vit-features/train/anomaly/road_anomaly_less/fighting_and_physical_conflict/000000222589_all__7.npy,fighting_and_physical_conflict
Pistachio/VAD/vit-features/train/anomaly/road_anomaly_less/fighting_and_physical_conflict/000000222589_all__8.npy,fighting_and_physical_conflict
Pistachio/VAD/vit-features/train/anomaly/road_anomaly_less/fighting_and_physical_conflict/000000222589_all__9.npy,fighting_and_physical_conflict
Pistachio/VAD/vit-features/train/anomaly/road_anomaly_less/fighting_and_physical_conflict/000000223043_all__0.npy,fighting_and_physical_conflict
Pistachio/VAD/vit-features/train/anomaly/road_anomaly_less/fighting_and_physical_conflict/000000223043_all__1.npy,fighting_and_physical_conflict
Pistachio/VAD/vit-features/train/anomaly/road_anomaly_less/fighting_and_physical_conflict/000000223043_all__2.npy,fighting_and_physical_conflict
Pistachio/VAD/vit-features/train/anomaly/road_anomaly_less/fighting_and_physical_conflict/000000223043_all__3.npy,fighting_and_physical_conflict
Pistachio/VAD/vit-features/train/anomaly/road_anomaly_less/fighting_and_physical_conflict/000000223043_all__4.npy,fighting_and_physical_conflict
Pistachio/VAD/vit-features/train/anomaly/road_anomaly_less/fighting_and_physical_conflict/000000223043_all__5.npy,fighting_and_physical_conflict
Pistachio/VAD/vit-features/train/anomaly/road_anomaly_less/fighting_and_physical_conflict/000000223043_all__6.npy,fighting_and_physical_conflict
Pistachio/VAD/vit-features/train/anomaly/road_anomaly_less/fighting_and_physical_conflict/000000223043_all__7.npy,fighting_and_physical_conflict
Pistachio/VAD/vit-features/train/anomaly/road_anomaly_less/fighting_and_physical_conflict/000000223043_all__8.npy,fighting_and_physical_conflict
Pistachio/VAD/vit-features/train/anomaly/road_anomaly_less/fighting_and_physical_conflict/000000223043_all__9.npy,fighting_and_physical_conflict
Pistachio/VAD/vit-features/train/anomaly/road_anomaly_less/fighting_and_physical_conflict/000000223773_all__0.npy,fighting_and_physical_conflict
Pistachio/VAD/vit-features/train/anomaly/road_anomaly_less/fighting_and_physical_conflict/000000223773_all__1.npy,fighting_and_physical_conflict
Pistachio/VAD/vit-features/train/anomaly/road_anomaly_less/fighting_and_physical_conflict/000000223773_all__2.npy,fighting_and_physical_conflict
Pistachio/VAD/vit-features/train/anomaly/road_anomaly_less/fighting_and_physical_conflict/000000223773_all__3.npy,fighting_and_physical_conflict
Pistachio/VAD/vit-features/train/anomaly/road_anomaly_less/fighting_and_physical_conflict/000000223773_all__4.npy,fighting_and_physical_conflict
Pistachio/VAD/vit-features/train/anomaly/road_anomaly_less/fighting_and_physical_conflict/000000223773_all__5.npy,fighting_and_physical_conflict
Pistachio/VAD/vit-features/train/anomaly/road_anomaly_less/fighting_and_physical_conflict/000000223773_all__6.npy,fighting_and_physical_conflict
Pistachio/VAD/vit-features/train/anomaly/road_anomaly_less/fighting_and_physical_conflict/000000223773_all__7.npy,fighting_and_physical_conflict
Pistachio/VAD/vit-features/train/anomaly/road_anomaly_less/fighting_and_physical_conflict/000000223773_all__8.npy,fighting_and_physical_conflict
Pistachio/VAD/vit-features/train/anomaly/road_anomaly_less/fighting_and_physical_conflict/000000223773_all__9.npy,fighting_and_physical_conflict
Pistachio/VAD/vit-features/train/anomaly/road_anomaly_less/fighting_and_physical_conflict/000000223949_all__0.npy,fighting_and_physical_conflict
Pistachio/VAD/vit-features/train/anomaly/road_anomaly_less/fighting_and_physical_conflict/000000223949_all__1.npy,fighting_and_physical_conflict
Pistachio/VAD/vit-features/train/anomaly/road_anomaly_less/fighting_and_physical_conflict/000000223949_all__2.npy,fighting_and_physical_conflict
Pistachio/VAD/vit-features/train/anomaly/road_anomaly_less/fighting_and_physical_conflict/000000223949_all__3.npy,fighting_and_physical_conflict
Pistachio/VAD/vit-features/train/anomaly/road_anomaly_less/fighting_and_physical_conflict/000000223949_all__4.npy,fighting_and_physical_conflict
Pistachio/VAD/vit-features/train/anomaly/road_anomaly_less/fighting_and_physical_conflict/000000223949_all__5.npy,fighting_and_physical_conflict
Pistachio/VAD/vit-features/train/anomaly/road_anomaly_less/fighting_and_physical_conflict/000000223949_all__6.npy,fighting_and_physical_conflict
Pistachio/VAD/vit-features/train/anomaly/road_anomaly_less/fighting_and_physical_conflict/000000223949_all__7.npy,fighting_and_physical_conflict
Pistachio/VAD/vit-features/train/anomaly/road_anomaly_less/fighting_and_physical_conflict/000000223949_all__8.npy,fighting_and_physical_conflict
Pistachio/VAD/vit-features/train/anomaly/road_anomaly_less/fighting_and_physical_conflict/000000223949_all__9.npy,fighting_and_physical_conflict
Pistachio/VAD/vit-features/train/anomaly/road_anomaly_less/fire/000000030765_all__0.npy,fire
Pistachio/VAD/vit-features/train/anomaly/road_anomaly_less/fire/000000030765_all__1.npy,fire
Pistachio/VAD/vit-features/train/anomaly/road_anomaly_less/fire/000000030765_all__2.npy,fire
Pistachio/VAD/vit-features/train/anomaly/road_anomaly_less/fire/000000030765_all__3.npy,fire
Pistachio/VAD/vit-features/train/anomaly/road_anomaly_less/fire/000000030765_all__4.npy,fire
Pistachio/VAD/vit-features/train/anomaly/road_anomaly_less/fire/000000030765_all__5.npy,fire
Pistachio/VAD/vit-features/train/anomaly/road_anomaly_less/fire/000000030765_all__6.npy,fire
Pistachio/VAD/vit-features/train/anomaly/road_anomaly_less/fire/000000030765_all__7.npy,fire
Pistachio/VAD/vit-features/train/anomaly/road_anomaly_less/fire/000000030765_all__8.npy,fire
Pistachio/VAD/vit-features/train/anomaly/road_anomaly_less/fire/000000030765_all__9.npy,fire
Pistachio/VAD/vit-features/train/anomaly/road_anomaly_less/fire/000000134505_all__0.npy,fire
Pistachio/VAD/vit-features/train/anomaly/road_anomaly_less/fire/000000134505_all__1.npy,fire
Pistachio/VAD/vit-features/train/anomaly/road_anomaly_less/fire/000000134505_all__2.npy,fire
Pistachio/VAD/vit-features/train/anomaly/road_anomaly_less/fire/000000134505_all__3.npy,fire
Pistachio/VAD/vit-features/train/anomaly/road_anomaly_less/fire/000000134505_all__4.npy,fire
Pistachio/VAD/vit-features/train/anomaly/road_anomaly_less/fire/000000134505_all__5.npy,fire
Pistachio/VAD/vit-features/train/anomaly/road_anomaly_less/fire/000000134505_all__6.npy,fire
Pistachio/VAD/vit-features/train/anomaly/road_anomaly_less/fire/000000134505_all__7.npy,fire
Pistachio/VAD/vit-features/train/anomaly/road_anomaly_less/fire/000000134505_all__8.npy,fire
Pistachio/VAD/vit-features/train/anomaly/road_anomaly_less/fire/000000134505_all__9.npy,fire
Pistachio/VAD/vit-features/train/anomaly/road_anomaly_less/fire/000000237901_all__0.npy,fire
Pistachio/VAD/vit-features/train/anomaly/road_anomaly_less/fire/000000237901_all__1.npy,fire
Pistachio/VAD/vit-features/train/anomaly/road_anomaly_less/fire/000000237901_all__2.npy,fire
Pistachio/VAD/vit-features/train/anomaly/road_anomaly_less/fire/000000237901_all__3.npy,fire
Pistachio/VAD/vit-features/train/anomaly/road_anomaly_less/fire/000000237901_all__4.npy,fire
Pistachio/VAD/vit-features/train/anomaly/road_anomaly_less/fire/000000237901_all__5.npy,fire
Pistachio/VAD/vit-features/train/anomaly/road_anomaly_less/fire/000000237901_all__6.npy,fire
Pistachio/VAD/vit-features/train/anomaly/road_anomaly_less/fire/000000237901_all__7.npy,fire
Pistachio/VAD/vit-features/train/anomaly/road_anomaly_less/fire/000000237901_all__8.npy,fire
Pistachio/VAD/vit-features/train/anomaly/road_anomaly_less/fire/000000237901_all__9.npy,fire
Pistachio/VAD/vit-features/train/anomaly/road_anomaly_less/fire/000000274742_all__0.npy,fire
Pistachio/VAD/vit-features/train/anomaly/road_anomaly_less/fire/000000274742_all__1.npy,fire
Pistachio/VAD/vit-features/train/anomaly/road_anomaly_less/fire/000000274742_all__2.npy,fire
Pistachio/VAD/vit-features/train/anomaly/road_anomaly_less/fire/000000274742_all__3.npy,fire
Pistachio/VAD/vit-features/train/anomaly/road_anomaly_less/fire/000000274742_all__4.npy,fire
Pistachio/VAD/vit-features/train/anomaly/road_anomaly_less/fire/000000274742_all__5.npy,fire
Pistachio/VAD/vit-features/train/anomaly/road_anomaly_less/fire/000000274742_all__6.npy,fire
Pistachio/VAD/vit-features/train/anomaly/road_anomaly_less/fire/000000274742_all__7.npy,fire
Pistachio/VAD/vit-features/train/anomaly/road_anomaly_less/fire/000000274742_all__8.npy,fire
Pistachio/VAD/vit-features/train/anomaly/road_anomaly_less/fire/000000274742_all__9.npy,fire
Pistachio/VAD/vit-features/train/anomaly/road_anomaly_less/fire/000000321465_all__0.npy,fire
Pistachio/VAD/vit-features/train/anomaly/road_anomaly_less/fire/000000321465_all__1.npy,fire
Pistachio/VAD/vit-features/train/anomaly/road_anomaly_less/fire/000000321465_all__2.npy,fire
Pistachio/VAD/vit-features/train/anomaly/road_anomaly_less/fire/000000321465_all__3.npy,fire
Pistachio/VAD/vit-features/train/anomaly/road_anomaly_less/fire/000000321465_all__4.npy,fire
Pistachio/VAD/vit-features/train/anomaly/road_anomaly_less/fire/000000321465_all__5.npy,fire
Pistachio/VAD/vit-features/train/anomaly/road_anomaly_less/fire/000000321465_all__6.npy,fire
Pistachio/VAD/vit-features/train/anomaly/road_anomaly_less/fire/000000321465_all__7.npy,fire
Pistachio/VAD/vit-features/train/anomaly/road_anomaly_less/fire/000000321465_all__8.npy,fire
Pistachio/VAD/vit-features/train/anomaly/road_anomaly_less/fire/000000321465_all__9.npy,fire
Pistachio/VAD/vit-features/train/anomaly/road_anomaly_less/fire/000000346775_all__0.npy,fire
Pistachio/VAD/vit-features/train/anomaly/road_anomaly_less/fire/000000346775_all__1.npy,fire
Pistachio/VAD/vit-features/train/anomaly/road_anomaly_less/fire/000000346775_all__2.npy,fire
Pistachio/VAD/vit-features/train/anomaly/road_anomaly_less/fire/000000346775_all__3.npy,fire
Pistachio/VAD/vit-features/train/anomaly/road_anomaly_less/fire/000000346775_all__4.npy,fire
Pistachio/VAD/vit-features/train/anomaly/road_anomaly_less/fire/000000346775_all__5.npy,fire
Pistachio/VAD/vit-features/train/anomaly/road_anomaly_less/fire/000000346775_all__6.npy,fire
Pistachio/VAD/vit-features/train/anomaly/road_anomaly_less/fire/000000346775_all__7.npy,fire
Pistachio/VAD/vit-features/train/anomaly/road_anomaly_less/fire/000000346775_all__8.npy,fire
Pistachio/VAD/vit-features/train/anomaly/road_anomaly_less/fire/000000346775_all__9.npy,fire
Pistachio/VAD/vit-features/train/anomaly/road_anomaly_less/fire/000000365726_all__0.npy,fire
Pistachio/VAD/vit-features/train/anomaly/road_anomaly_less/fire/000000365726_all__1.npy,fire
Pistachio/VAD/vit-features/train/anomaly/road_anomaly_less/fire/000000365726_all__2.npy,fire
Pistachio/VAD/vit-features/train/anomaly/road_anomaly_less/fire/000000365726_all__3.npy,fire
Pistachio/VAD/vit-features/train/anomaly/road_anomaly_less/fire/000000365726_all__4.npy,fire
Pistachio/VAD/vit-features/train/anomaly/road_anomaly_less/fire/000000365726_all__5.npy,fire
Pistachio/VAD/vit-features/train/anomaly/road_anomaly_less/fire/000000365726_all__6.npy,fire
Pistachio/VAD/vit-features/train/anomaly/road_anomaly_less/fire/000000365726_all__7.npy,fire
Pistachio/VAD/vit-features/train/anomaly/road_anomaly_less/fire/000000365726_all__8.npy,fire
Pistachio/VAD/vit-features/train/anomaly/road_anomaly_less/fire/000000365726_all__9.npy,fire
Pistachio/VAD/vit-features/train/anomaly/road_anomaly_less/fire/000000379835_all__0.npy,fire
Pistachio/VAD/vit-features/train/anomaly/road_anomaly_less/fire/000000379835_all__1.npy,fire
Pistachio/VAD/vit-features/train/anomaly/road_anomaly_less/fire/000000379835_all__2.npy,fire
Pistachio/VAD/vit-features/train/anomaly/road_anomaly_less/fire/000000379835_all__3.npy,fire
Pistachio/VAD/vit-features/train/anomaly/road_anomaly_less/fire/000000379835_all__4.npy,fire
Pistachio/VAD/vit-features/train/anomaly/road_anomaly_less/fire/000000379835_all__5.npy,fire
Pistachio/VAD/vit-features/train/anomaly/road_anomaly_less/fire/000000379835_all__6.npy,fire
Pistachio/VAD/vit-features/train/anomaly/road_anomaly_less/fire/000000379835_all__7.npy,fire
Pistachio/VAD/vit-features/train/anomaly/road_anomaly_less/fire/000000379835_all__8.npy,fire
Pistachio/VAD/vit-features/train/anomaly/road_anomaly_less/fire/000000379835_all__9.npy,fire
Pistachio/VAD/vit-features/train/anomaly/road_anomaly_less/fire/000000398043_all__0.npy,fire
Pistachio/VAD/vit-features/train/anomaly/road_anomaly_less/fire/000000398043_all__1.npy,fire
Pistachio/VAD/vit-features/train/anomaly/road_anomaly_less/fire/000000398043_all__2.npy,fire
Pistachio/VAD/vit-features/train/anomaly/road_anomaly_less/fire/000000398043_all__3.npy,fire
Pistachio/VAD/vit-features/train/anomaly/road_anomaly_less/fire/000000398043_all__4.npy,fire
Pistachio/VAD/vit-features/train/anomaly/road_anomaly_less/fire/000000398043_all__5.npy,fire
Pistachio/VAD/vit-features/train/anomaly/road_anomaly_less/fire/000000398043_all__6.npy,fire
Pistachio/VAD/vit-features/train/anomaly/road_anomaly_less/fire/000000398043_all__7.npy,fire
Pistachio/VAD/vit-features/train/anomaly/road_anomaly_less/fire/000000398043_all__8.npy,fire
Pistachio/VAD/vit-features/train/anomaly/road_anomaly_less/fire/000000398043_all__9.npy,fire
Pistachio/VAD/vit-features/train/anomaly/road_anomaly_less/fire/000000408128_all__0.npy,fire
Pistachio/VAD/vit-features/train/anomaly/road_anomaly_less/fire/000000408128_all__1.npy,fire
Pistachio/VAD/vit-features/train/anomaly/road_anomaly_less/fire/000000408128_all__2.npy,fire
Pistachio/VAD/vit-features/train/anomaly/road_anomaly_less/fire/000000408128_all__3.npy,fire
Pistachio/VAD/vit-features/train/anomaly/road_anomaly_less/fire/000000408128_all__4.npy,fire
Pistachio/VAD/vit-features/train/anomaly/road_anomaly_less/fire/000000408128_all__5.npy,fire
Pistachio/VAD/vit-features/train/anomaly/road_anomaly_less/fire/000000408128_all__6.npy,fire
Pistachio/VAD/vit-features/train/anomaly/road_anomaly_less/fire/000000408128_all__7.npy,fire
Pistachio/VAD/vit-features/train/anomaly/road_anomaly_less/fire/000000408128_all__8.npy,fire
Pistachio/VAD/vit-features/train/anomaly/road_anomaly_less/fire/000000408128_all__9.npy,fire
Pistachio/VAD/vit-features/train/anomaly/road_anomaly_less/ground_collapse/000000219568_all__0.npy,ground_collapse
Pistachio/VAD/vit-features/train/anomaly/road_anomaly_less/ground_collapse/000000219568_all__1.npy,ground_collapse
Pistachio/VAD/vit-features/train/anomaly/road_anomaly_less/ground_collapse/000000219568_all__2.npy,ground_collapse
Pistachio/VAD/vit-features/train/anomaly/road_anomaly_less/ground_collapse/000000219568_all__3.npy,ground_collapse
Pistachio/VAD/vit-features/train/anomaly/road_anomaly_less/ground_collapse/000000219568_all__4.npy,ground_collapse
Pistachio/VAD/vit-features/train/anomaly/road_anomaly_less/ground_collapse/000000219568_all__5.npy,ground_collapse
Pistachio/VAD/vit-features/train/anomaly/road_anomaly_less/ground_collapse/000000219568_all__6.npy,ground_collapse
Pistachio/VAD/vit-features/train/anomaly/road_anomaly_less/ground_collapse/000000219568_all__7.npy,ground_collapse
Pistachio/VAD/vit-features/train/anomaly/road_anomaly_less/ground_collapse/000000219568_all__8.npy,ground_collapse
Pistachio/VAD/vit-features/train/anomaly/road_anomaly_less/ground_collapse/000000219568_all__9.npy,ground_collapse
Pistachio/VAD/vit-features/train/anomaly/road_anomaly_less/ground_collapse/000000242842_all__0.npy,ground_collapse
Pistachio/VAD/vit-features/train/anomaly/road_anomaly_less/ground_collapse/000000242842_all__1.npy,ground_collapse
Pistachio/VAD/vit-features/train/anomaly/road_anomaly_less/ground_collapse/000000242842_all__2.npy,ground_collapse
Pistachio/VAD/vit-features/train/anomaly/road_anomaly_less/ground_collapse/000000242842_all__3.npy,ground_collapse
Pistachio/VAD/vit-features/train/anomaly/road_anomaly_less/ground_collapse/000000242842_all__4.npy,ground_collapse
Pistachio/VAD/vit-features/train/anomaly/road_anomaly_less/ground_collapse/000000242842_all__5.npy,ground_collapse
Pistachio/VAD/vit-features/train/anomaly/road_anomaly_less/ground_collapse/000000242842_all__6.npy,ground_collapse
Pistachio/VAD/vit-features/train/anomaly/road_anomaly_less/ground_collapse/000000242842_all__7.npy,ground_collapse
Pistachio/VAD/vit-features/train/anomaly/road_anomaly_less/ground_collapse/000000242842_all__8.npy,ground_collapse
Pistachio/VAD/vit-features/train/anomaly/road_anomaly_less/ground_collapse/000000242842_all__9.npy,ground_collapse
Pistachio/VAD/vit-features/train/anomaly/road_anomaly_less/ground_collapse/000000251766_all__0.npy,ground_collapse
Pistachio/VAD/vit-features/train/anomaly/road_anomaly_less/ground_collapse/000000251766_all__1.npy,ground_collapse
Pistachio/VAD/vit-features/train/anomaly/road_anomaly_less/ground_collapse/000000251766_all__2.npy,ground_collapse
Pistachio/VAD/vit-features/train/anomaly/road_anomaly_less/ground_collapse/000000251766_all__3.npy,ground_collapse
Pistachio/VAD/vit-features/train/anomaly/road_anomaly_less/ground_collapse/000000251766_all__4.npy,ground_collapse
Pistachio/VAD/vit-features/train/anomaly/road_anomaly_less/ground_collapse/000000251766_all__5.npy,ground_collapse
Pistachio/VAD/vit-features/train/anomaly/road_anomaly_less/ground_collapse/000000251766_all__6.npy,ground_collapse
Pistachio/VAD/vit-features/train/anomaly/road_anomaly_less/ground_collapse/000000251766_all__7.npy,ground_collapse
Pistachio/VAD/vit-features/train/anomaly/road_anomaly_less/ground_collapse/000000251766_all__8.npy,ground_collapse
Pistachio/VAD/vit-features/train/anomaly/road_anomaly_less/ground_collapse/000000251766_all__9.npy,ground_collapse
Pistachio/VAD/vit-features/train/anomaly/road_anomaly_less/ground_collapse/000000274650_all__0.npy,ground_collapse
Pistachio/VAD/vit-features/train/anomaly/road_anomaly_less/ground_collapse/000000274650_all__1.npy,ground_collapse
Pistachio/VAD/vit-features/train/anomaly/road_anomaly_less/ground_collapse/000000274650_all__2.npy,ground_collapse
Pistachio/VAD/vit-features/train/anomaly/road_anomaly_less/ground_collapse/000000274650_all__3.npy,ground_collapse
Pistachio/VAD/vit-features/train/anomaly/road_anomaly_less/ground_collapse/000000274650_all__4.npy,ground_collapse
Pistachio/VAD/vit-features/train/anomaly/road_anomaly_less/ground_collapse/000000274650_all__5.npy,ground_collapse
Pistachio/VAD/vit-features/train/anomaly/road_anomaly_less/ground_collapse/000000274650_all__6.npy,ground_collapse
Pistachio/VAD/vit-features/train/anomaly/road_anomaly_less/ground_collapse/000000274650_all__7.npy,ground_collapse
Pistachio/VAD/vit-features/train/anomaly/road_anomaly_less/ground_collapse/000000274650_all__8.npy,ground_collapse
Pistachio/VAD/vit-features/train/anomaly/road_anomaly_less/ground_collapse/000000274650_all__9.npy,ground_collapse
Pistachio/VAD/vit-features/train/anomaly/road_anomaly_less/ground_collapse/000000321384_all__0.npy,ground_collapse
Pistachio/VAD/vit-features/train/anomaly/road_anomaly_less/ground_collapse/000000321384_all__1.npy,ground_collapse
Pistachio/VAD/vit-features/train/anomaly/road_anomaly_less/ground_collapse/000000321384_all__2.npy,ground_collapse
Pistachio/VAD/vit-features/train/anomaly/road_anomaly_less/ground_collapse/000000321384_all__3.npy,ground_collapse
Pistachio/VAD/vit-features/train/anomaly/road_anomaly_less/ground_collapse/000000321384_all__4.npy,ground_collapse
Pistachio/VAD/vit-features/train/anomaly/road_anomaly_less/ground_collapse/000000321384_all__5.npy,ground_collapse
Pistachio/VAD/vit-features/train/anomaly/road_anomaly_less/ground_collapse/000000321384_all__6.npy,ground_collapse
Pistachio/VAD/vit-features/train/anomaly/road_anomaly_less/ground_collapse/000000321384_all__7.npy,ground_collapse
Pistachio/VAD/vit-features/train/anomaly/road_anomaly_less/ground_collapse/000000321384_all__8.npy,ground_collapse
Pistachio/VAD/vit-features/train/anomaly/road_anomaly_less/ground_collapse/000000321384_all__9.npy,ground_collapse
Pistachio/VAD/vit-features/train/anomaly/road_anomaly_less/ground_collapse/000000326715_all__0.npy,ground_collapse
Pistachio/VAD/vit-features/train/anomaly/road_anomaly_less/ground_collapse/000000326715_all__1.npy,ground_collapse
Pistachio/VAD/vit-features/train/anomaly/road_anomaly_less/ground_collapse/000000326715_all__2.npy,ground_collapse
Pistachio/VAD/vit-features/train/anomaly/road_anomaly_less/ground_collapse/000000326715_all__3.npy,ground_collapse
Pistachio/VAD/vit-features/train/anomaly/road_anomaly_less/ground_collapse/000000326715_all__4.npy,ground_collapse
Pistachio/VAD/vit-features/train/anomaly/road_anomaly_less/ground_collapse/000000326715_all__5.npy,ground_collapse
Pistachio/VAD/vit-features/train/anomaly/road_anomaly_less/ground_collapse/000000326715_all__6.npy,ground_collapse
Pistachio/VAD/vit-features/train/anomaly/road_anomaly_less/ground_collapse/000000326715_all__7.npy,ground_collapse
Pistachio/VAD/vit-features/train/anomaly/road_anomaly_less/ground_collapse/000000326715_all__8.npy,ground_collapse
Pistachio/VAD/vit-features/train/anomaly/road_anomaly_less/ground_collapse/000000326715_all__9.npy,ground_collapse
Pistachio/VAD/vit-features/train/anomaly/road_anomaly_less/ground_collapse/000000330703_all__0.npy,ground_collapse
Pistachio/VAD/vit-features/train/anomaly/road_anomaly_less/ground_collapse/000000330703_all__1.npy,ground_collapse
Pistachio/VAD/vit-features/train/anomaly/road_anomaly_less/ground_collapse/000000330703_all__2.npy,ground_collapse
Pistachio/VAD/vit-features/train/anomaly/road_anomaly_less/ground_collapse/000000330703_all__3.npy,ground_collapse
Pistachio/VAD/vit-features/train/anomaly/road_anomaly_less/ground_collapse/000000330703_all__4.npy,ground_collapse
Pistachio/VAD/vit-features/train/anomaly/road_anomaly_less/ground_collapse/000000330703_all__5.npy,ground_collapse
Pistachio/VAD/vit-features/train/anomaly/road_anomaly_less/ground_collapse/000000330703_all__6.npy,ground_collapse
Pistachio/VAD/vit-features/train/anomaly/road_anomaly_less/ground_collapse/000000330703_all__7.npy,ground_collapse
Pistachio/VAD/vit-features/train/anomaly/road_anomaly_less/ground_collapse/000000330703_all__8.npy,ground_collapse
Pistachio/VAD/vit-features/train/anomaly/road_anomaly_less/ground_collapse/000000330703_all__9.npy,ground_collapse
Pistachio/VAD/vit-features/train/anomaly/road_anomaly_less/ground_collapse/000000334449_all__0.npy,ground_collapse
Pistachio/VAD/vit-features/train/anomaly/road_anomaly_less/ground_collapse/000000334449_all__1.npy,ground_collapse
Pistachio/VAD/vit-features/train/anomaly/road_anomaly_less/ground_collapse/000000334449_all__2.npy,ground_collapse
Pistachio/VAD/vit-features/train/anomaly/road_anomaly_less/ground_collapse/000000334449_all__3.npy,ground_collapse
Pistachio/VAD/vit-features/train/anomaly/road_anomaly_less/ground_collapse/000000334449_all__4.npy,ground_collapse
Pistachio/VAD/vit-features/train/anomaly/road_anomaly_less/ground_collapse/000000334449_all__5.npy,ground_collapse
Pistachio/VAD/vit-features/train/anomaly/road_anomaly_less/ground_collapse/000000334449_all__6.npy,ground_collapse
Pistachio/VAD/vit-features/train/anomaly/road_anomaly_less/ground_collapse/000000334449_all__7.npy,ground_collapse
Pistachio/VAD/vit-features/train/anomaly/road_anomaly_less/ground_collapse/000000334449_all__8.npy,ground_collapse
Pistachio/VAD/vit-features/train/anomaly/road_anomaly_less/ground_collapse/000000334449_all__9.npy,ground_collapse
Pistachio/VAD/vit-features/train/anomaly/road_anomaly_less/ground_collapse/000000508956_all__0.npy,ground_collapse
Pistachio/VAD/vit-features/train/anomaly/road_anomaly_less/ground_collapse/000000508956_all__1.npy,ground_collapse
Pistachio/VAD/vit-features/train/anomaly/road_anomaly_less/ground_collapse/000000508956_all__2.npy,ground_collapse
Pistachio/VAD/vit-features/train/anomaly/road_anomaly_less/ground_collapse/000000508956_all__3.npy,ground_collapse
Pistachio/VAD/vit-features/train/anomaly/road_anomaly_less/ground_collapse/000000508956_all__4.npy,ground_collapse
Pistachio/VAD/vit-features/train/anomaly/road_anomaly_less/ground_collapse/000000508956_all__5.npy,ground_collapse
Pistachio/VAD/vit-features/train/anomaly/road_anomaly_less/ground_collapse/000000508956_all__6.npy,ground_collapse
Pistachio/VAD/vit-features/train/anomaly/road_anomaly_less/ground_collapse/000000508956_all__7.npy,ground_collapse
Pistachio/VAD/vit-features/train/anomaly/road_anomaly_less/ground_collapse/000000508956_all__8.npy,ground_collapse
Pistachio/VAD/vit-features/train/anomaly/road_anomaly_less/ground_collapse/000000508956_all__9.npy,ground_collapse
Pistachio/VAD/vit-features/train/anomaly/road_anomaly_less/robbery/000000115004_all__0.npy,robbery
Pistachio/VAD/vit-features/train/anomaly/road_anomaly_less/robbery/000000115004_all__1.npy,robbery
Pistachio/VAD/vit-features/train/anomaly/road_anomaly_less/robbery/000000115004_all__2.npy,robbery
Pistachio/VAD/vit-features/train/anomaly/road_anomaly_less/robbery/000000115004_all__3.npy,robbery
Pistachio/VAD/vit-features/train/anomaly/road_anomaly_less/robbery/000000115004_all__4.npy,robbery
Pistachio/VAD/vit-features/train/anomaly/road_anomaly_less/robbery/000000115004_all__5.npy,robbery
Pistachio/VAD/vit-features/train/anomaly/road_anomaly_less/robbery/000000115004_all__6.npy,robbery
Pistachio/VAD/vit-features/train/anomaly/road_anomaly_less/robbery/000000115004_all__7.npy,robbery
Pistachio/VAD/vit-features/train/anomaly/road_anomaly_less/robbery/000000115004_all__8.npy,robbery
Pistachio/VAD/vit-features/train/anomaly/road_anomaly_less/robbery/000000115004_all__9.npy,robbery
Pistachio/VAD/vit-features/train/anomaly/road_anomaly_less/robbery/000000212085_all__0.npy,robbery
Pistachio/VAD/vit-features/train/anomaly/road_anomaly_less/robbery/000000212085_all__1.npy,robbery
Pistachio/VAD/vit-features/train/anomaly/road_anomaly_less/robbery/000000212085_all__2.npy,robbery
Pistachio/VAD/vit-features/train/anomaly/road_anomaly_less/robbery/000000212085_all__3.npy,robbery
Pistachio/VAD/vit-features/train/anomaly/road_anomaly_less/robbery/000000212085_all__4.npy,robbery
Pistachio/VAD/vit-features/train/anomaly/road_anomaly_less/robbery/000000212085_all__5.npy,robbery
Pistachio/VAD/vit-features/train/anomaly/road_anomaly_less/robbery/000000212085_all__6.npy,robbery
Pistachio/VAD/vit-features/train/anomaly/road_anomaly_less/robbery/000000212085_all__7.npy,robbery
Pistachio/VAD/vit-features/train/anomaly/road_anomaly_less/robbery/000000212085_all__8.npy,robbery
Pistachio/VAD/vit-features/train/anomaly/road_anomaly_less/robbery/000000212085_all__9.npy,robbery
Pistachio/VAD/vit-features/train/anomaly/road_anomaly_less/robbery/000000219186_all__0.npy,robbery
Pistachio/VAD/vit-features/train/anomaly/road_anomaly_less/robbery/000000219186_all__1.npy,robbery
Pistachio/VAD/vit-features/train/anomaly/road_anomaly_less/robbery/000000219186_all__2.npy,robbery
Pistachio/VAD/vit-features/train/anomaly/road_anomaly_less/robbery/000000219186_all__3.npy,robbery
Pistachio/VAD/vit-features/train/anomaly/road_anomaly_less/robbery/000000219186_all__4.npy,robbery
Pistachio/VAD/vit-features/train/anomaly/road_anomaly_less/robbery/000000219186_all__5.npy,robbery
Pistachio/VAD/vit-features/train/anomaly/road_anomaly_less/robbery/000000219186_all__6.npy,robbery
Pistachio/VAD/vit-features/train/anomaly/road_anomaly_less/robbery/000000219186_all__7.npy,robbery
Pistachio/VAD/vit-features/train/anomaly/road_anomaly_less/robbery/000000219186_all__8.npy,robbery
Pistachio/VAD/vit-features/train/anomaly/road_anomaly_less/robbery/000000219186_all__9.npy,robbery
Pistachio/VAD/vit-features/train/anomaly/road_anomaly_less/robbery/000000252321_all__0.npy,robbery
Pistachio/VAD/vit-features/train/anomaly/road_anomaly_less/robbery/000000252321_all__1.npy,robbery
Pistachio/VAD/vit-features/train/anomaly/road_anomaly_less/robbery/000000252321_all__2.npy,robbery
Pistachio/VAD/vit-features/train/anomaly/road_anomaly_less/robbery/000000252321_all__3.npy,robbery
Pistachio/VAD/vit-features/train/anomaly/road_anomaly_less/robbery/000000252321_all__4.npy,robbery
Pistachio/VAD/vit-features/train/anomaly/road_anomaly_less/robbery/000000252321_all__5.npy,robbery
Pistachio/VAD/vit-features/train/anomaly/road_anomaly_less/robbery/000000252321_all__6.npy,robbery
Pistachio/VAD/vit-features/train/anomaly/road_anomaly_less/robbery/000000252321_all__7.npy,robbery
Pistachio/VAD/vit-features/train/anomaly/road_anomaly_less/robbery/000000252321_all__8.npy,robbery
Pistachio/VAD/vit-features/train/anomaly/road_anomaly_less/robbery/000000252321_all__9.npy,robbery
Pistachio/VAD/vit-features/train/anomaly/road_anomaly_less/robbery/000000274372_all__0.npy,robbery
Pistachio/VAD/vit-features/train/anomaly/road_anomaly_less/robbery/000000274372_all__1.npy,robbery
Pistachio/VAD/vit-features/train/anomaly/road_anomaly_less/robbery/000000274372_all__2.npy,robbery
Pistachio/VAD/vit-features/train/anomaly/road_anomaly_less/robbery/000000274372_all__3.npy,robbery
Pistachio/VAD/vit-features/train/anomaly/road_anomaly_less/robbery/000000274372_all__4.npy,robbery
Pistachio/VAD/vit-features/train/anomaly/road_anomaly_less/robbery/000000274372_all__5.npy,robbery
Pistachio/VAD/vit-features/train/anomaly/road_anomaly_less/robbery/000000274372_all__6.npy,robbery
Pistachio/VAD/vit-features/train/anomaly/road_anomaly_less/robbery/000000274372_all__7.npy,robbery
Pistachio/VAD/vit-features/train/anomaly/road_anomaly_less/robbery/000000274372_all__8.npy,robbery
Pistachio/VAD/vit-features/train/anomaly/road_anomaly_less/robbery/000000274372_all__9.npy,robbery
Pistachio/VAD/vit-features/train/anomaly/road_anomaly_less/robbery/000000306669_all__0.npy,robbery
Pistachio/VAD/vit-features/train/anomaly/road_anomaly_less/robbery/000000306669_all__1.npy,robbery
Pistachio/VAD/vit-features/train/anomaly/road_anomaly_less/robbery/000000306669_all__2.npy,robbery
Pistachio/VAD/vit-features/train/anomaly/road_anomaly_less/robbery/000000306669_all__3.npy,robbery
Pistachio/VAD/vit-features/train/anomaly/road_anomaly_less/robbery/000000306669_all__4.npy,robbery
Pistachio/VAD/vit-features/train/anomaly/road_anomaly_less/robbery/000000306669_all__5.npy,robbery
Pistachio/VAD/vit-features/train/anomaly/road_anomaly_less/robbery/000000306669_all__6.npy,robbery
Pistachio/VAD/vit-features/train/anomaly/road_anomaly_less/robbery/000000306669_all__7.npy,robbery
Pistachio/VAD/vit-features/train/anomaly/road_anomaly_less/robbery/000000306669_all__8.npy,robbery
Pistachio/VAD/vit-features/train/anomaly/road_anomaly_less/robbery/000000306669_all__9.npy,robbery
Pistachio/VAD/vit-features/train/anomaly/road_anomaly_less/robbery/000000313060_all__0.npy,robbery
Pistachio/VAD/vit-features/train/anomaly/road_anomaly_less/robbery/000000313060_all__1.npy,robbery
Pistachio/VAD/vit-features/train/anomaly/road_anomaly_less/robbery/000000313060_all__2.npy,robbery
Pistachio/VAD/vit-features/train/anomaly/road_anomaly_less/robbery/000000313060_all__3.npy,robbery
Pistachio/VAD/vit-features/train/anomaly/road_anomaly_less/robbery/000000313060_all__4.npy,robbery
Pistachio/VAD/vit-features/train/anomaly/road_anomaly_less/robbery/000000313060_all__5.npy,robbery
Pistachio/VAD/vit-features/train/anomaly/road_anomaly_less/robbery/000000313060_all__6.npy,robbery
Pistachio/VAD/vit-features/train/anomaly/road_anomaly_less/robbery/000000313060_all__7.npy,robbery
Pistachio/VAD/vit-features/train/anomaly/road_anomaly_less/robbery/000000313060_all__8.npy,robbery
Pistachio/VAD/vit-features/train/anomaly/road_anomaly_less/robbery/000000313060_all__9.npy,robbery
Pistachio/VAD/vit-features/train/anomaly/road_anomaly_less/robbery/000000321775_all__0.npy,robbery
Pistachio/VAD/vit-features/train/anomaly/road_anomaly_less/robbery/000000321775_all__1.npy,robbery
Pistachio/VAD/vit-features/train/anomaly/road_anomaly_less/robbery/000000321775_all__2.npy,robbery
Pistachio/VAD/vit-features/train/anomaly/road_anomaly_less/robbery/000000321775_all__3.npy,robbery
Pistachio/VAD/vit-features/train/anomaly/road_anomaly_less/robbery/000000321775_all__4.npy,robbery
Pistachio/VAD/vit-features/train/anomaly/road_anomaly_less/robbery/000000321775_all__5.npy,robbery
Pistachio/VAD/vit-features/train/anomaly/road_anomaly_less/robbery/000000321775_all__6.npy,robbery
Pistachio/VAD/vit-features/train/anomaly/road_anomaly_less/robbery/000000321775_all__7.npy,robbery
Pistachio/VAD/vit-features/train/anomaly/road_anomaly_less/robbery/000000321775_all__8.npy,robbery
Pistachio/VAD/vit-features/train/anomaly/road_anomaly_less/robbery/000000321775_all__9.npy,robbery
Pistachio/VAD/vit-features/train/anomaly/road_anomaly_less/robbery/000000346818_all__0.npy,robbery
Pistachio/VAD/vit-features/train/anomaly/road_anomaly_less/robbery/000000346818_all__1.npy,robbery
Pistachio/VAD/vit-features/train/anomaly/road_anomaly_less/robbery/000000346818_all__2.npy,robbery
Pistachio/VAD/vit-features/train/anomaly/road_anomaly_less/robbery/000000346818_all__3.npy,robbery
Pistachio/VAD/vit-features/train/anomaly/road_anomaly_less/robbery/000000346818_all__4.npy,robbery
Pistachio/VAD/vit-features/train/anomaly/road_anomaly_less/robbery/000000346818_all__5.npy,robbery
Pistachio/VAD/vit-features/train/anomaly/road_anomaly_less/robbery/000000346818_all__6.npy,robbery
Pistachio/VAD/vit-features/train/anomaly/road_anomaly_less/robbery/000000346818_all__7.npy,robbery
Pistachio/VAD/vit-features/train/anomaly/road_anomaly_less/robbery/000000346818_all__8.npy,robbery
Pistachio/VAD/vit-features/train/anomaly/road_anomaly_less/robbery/000000346818_all__9.npy,robbery
Pistachio/VAD/vit-features/train/anomaly/road_anomaly_less/robbery/000000354681_all__0.npy,robbery
Pistachio/VAD/vit-features/train/anomaly/road_anomaly_less/robbery/000000354681_all__1.npy,robbery
Pistachio/VAD/vit-features/train/anomaly/road_anomaly_less/robbery/000000354681_all__2.npy,robbery
Pistachio/VAD/vit-features/train/anomaly/road_anomaly_less/robbery/000000354681_all__3.npy,robbery
Pistachio/VAD/vit-features/train/anomaly/road_anomaly_less/robbery/000000354681_all__4.npy,robbery
Pistachio/VAD/vit-features/train/anomaly/road_anomaly_less/robbery/000000354681_all__5.npy,robbery
Pistachio/VAD/vit-features/train/anomaly/road_anomaly_less/robbery/000000354681_all__6.npy,robbery
Pistachio/VAD/vit-features/train/anomaly/road_anomaly_less/robbery/000000354681_all__7.npy,robbery
Pistachio/VAD/vit-features/train/anomaly/road_anomaly_less/robbery/000000354681_all__8.npy,robbery
Pistachio/VAD/vit-features/train/anomaly/road_anomaly_less/robbery/000000354681_all__9.npy,robbery
Pistachio/VAD/vit-features/train/anomaly/road_anomaly_less/robbery/000000402545_all__0.npy,robbery
Pistachio/VAD/vit-features/train/anomaly/road_anomaly_less/robbery/000000402545_all__1.npy,robbery
Pistachio/VAD/vit-features/train/anomaly/road_anomaly_less/robbery/000000402545_all__2.npy,robbery
Pistachio/VAD/vit-features/train/anomaly/road_anomaly_less/robbery/000000402545_all__3.npy,robbery
Pistachio/VAD/vit-features/train/anomaly/road_anomaly_less/robbery/000000402545_all__4.npy,robbery
Pistachio/VAD/vit-features/train/anomaly/road_anomaly_less/robbery/000000402545_all__5.npy,robbery
Pistachio/VAD/vit-features/train/anomaly/road_anomaly_less/robbery/000000402545_all__6.npy,robbery
Pistachio/VAD/vit-features/train/anomaly/road_anomaly_less/robbery/000000402545_all__7.npy,robbery
Pistachio/VAD/vit-features/train/anomaly/road_anomaly_less/robbery/000000402545_all__8.npy,robbery
Pistachio/VAD/vit-features/train/anomaly/road_anomaly_less/robbery/000000402545_all__9.npy,robbery
Pistachio/VAD/vit-features/train/anomaly/road_anomaly_less/robbery/000000409279_all__0.npy,robbery
Pistachio/VAD/vit-features/train/anomaly/road_anomaly_less/robbery/000000409279_all__1.npy,robbery
Pistachio/VAD/vit-features/train/anomaly/road_anomaly_less/robbery/000000409279_all__2.npy,robbery
Pistachio/VAD/vit-features/train/anomaly/road_anomaly_less/robbery/000000409279_all__3.npy,robbery
Pistachio/VAD/vit-features/train/anomaly/road_anomaly_less/robbery/000000409279_all__4.npy,robbery
Pistachio/VAD/vit-features/train/anomaly/road_anomaly_less/robbery/000000409279_all__5.npy,robbery
Pistachio/VAD/vit-features/train/anomaly/road_anomaly_less/robbery/000000409279_all__6.npy,robbery
Pistachio/VAD/vit-features/train/anomaly/road_anomaly_less/robbery/000000409279_all__7.npy,robbery
Pistachio/VAD/vit-features/train/anomaly/road_anomaly_less/robbery/000000409279_all__8.npy,robbery
Pistachio/VAD/vit-features/train/anomaly/road_anomaly_less/robbery/000000409279_all__9.npy,robbery
Pistachio/VAD/vit-features/train/anomaly/road_anomaly_less/robbery/000000442948_all__0.npy,robbery
Pistachio/VAD/vit-features/train/anomaly/road_anomaly_less/robbery/000000442948_all__1.npy,robbery
Pistachio/VAD/vit-features/train/anomaly/road_anomaly_less/robbery/000000442948_all__2.npy,robbery
Pistachio/VAD/vit-features/train/anomaly/road_anomaly_less/robbery/000000442948_all__3.npy,robbery
Pistachio/VAD/vit-features/train/anomaly/road_anomaly_less/robbery/000000442948_all__4.npy,robbery
Pistachio/VAD/vit-features/train/anomaly/road_anomaly_less/robbery/000000442948_all__5.npy,robbery
Pistachio/VAD/vit-features/train/anomaly/road_anomaly_less/robbery/000000442948_all__6.npy,robbery
Pistachio/VAD/vit-features/train/anomaly/road_anomaly_less/robbery/000000442948_all__7.npy,robbery
Pistachio/VAD/vit-features/train/anomaly/road_anomaly_less/robbery/000000442948_all__8.npy,robbery
Pistachio/VAD/vit-features/train/anomaly/road_anomaly_less/robbery/000000442948_all__9.npy,robbery
Pistachio/VAD/vit-features/train/anomaly/road_anomaly_less/robbery/000000491271_all__0.npy,robbery
Pistachio/VAD/vit-features/train/anomaly/road_anomaly_less/robbery/000000491271_all__1.npy,robbery
Pistachio/VAD/vit-features/train/anomaly/road_anomaly_less/robbery/000000491271_all__2.npy,robbery
Pistachio/VAD/vit-features/train/anomaly/road_anomaly_less/robbery/000000491271_all__3.npy,robbery
Pistachio/VAD/vit-features/train/anomaly/road_anomaly_less/robbery/000000491271_all__4.npy,robbery
Pistachio/VAD/vit-features/train/anomaly/road_anomaly_less/robbery/000000491271_all__5.npy,robbery
Pistachio/VAD/vit-features/train/anomaly/road_anomaly_less/robbery/000000491271_all__6.npy,robbery
Pistachio/VAD/vit-features/train/anomaly/road_anomaly_less/robbery/000000491271_all__7.npy,robbery
Pistachio/VAD/vit-features/train/anomaly/road_anomaly_less/robbery/000000491271_all__8.npy,robbery
Pistachio/VAD/vit-features/train/anomaly/road_anomaly_less/robbery/000000491271_all__9.npy,robbery
Pistachio/VAD/vit-features/train/anomaly/road_anomaly_less/robbery/000000536490_all__0.npy,robbery
Pistachio/VAD/vit-features/train/anomaly/road_anomaly_less/robbery/000000536490_all__1.npy,robbery
Pistachio/VAD/vit-features/train/anomaly/road_anomaly_less/robbery/000000536490_all__2.npy,robbery
Pistachio/VAD/vit-features/train/anomaly/road_anomaly_less/robbery/000000536490_all__3.npy,robbery
Pistachio/VAD/vit-features/train/anomaly/road_anomaly_less/robbery/000000536490_all__4.npy,robbery
Pistachio/VAD/vit-features/train/anomaly/road_anomaly_less/robbery/000000536490_all__5.npy,robbery
Pistachio/VAD/vit-features/train/anomaly/road_anomaly_less/robbery/000000536490_all__6.npy,robbery
Pistachio/VAD/vit-features/train/anomaly/road_anomaly_less/robbery/000000536490_all__7.npy,robbery
Pistachio/VAD/vit-features/train/anomaly/road_anomaly_less/robbery/000000536490_all__8.npy,robbery
Pistachio/VAD/vit-features/train/anomaly/road_anomaly_less/robbery/000000536490_all__9.npy,robbery
Pistachio/VAD/vit-features/train/anomaly/road_anomaly_less/slip_and_fall_accident/000000305572_all__0.npy,slip_and_fall_accident
Pistachio/VAD/vit-features/train/anomaly/road_anomaly_less/slip_and_fall_accident/000000305572_all__1.npy,slip_and_fall_accident
Pistachio/VAD/vit-features/train/anomaly/road_anomaly_less/slip_and_fall_accident/000000305572_all__2.npy,slip_and_fall_accident
Pistachio/VAD/vit-features/train/anomaly/road_anomaly_less/slip_and_fall_accident/000000305572_all__3.npy,slip_and_fall_accident
Pistachio/VAD/vit-features/train/anomaly/road_anomaly_less/slip_and_fall_accident/000000305572_all__4.npy,slip_and_fall_accident
Pistachio/VAD/vit-features/train/anomaly/road_anomaly_less/slip_and_fall_accident/000000305572_all__5.npy,slip_and_fall_accident
Pistachio/VAD/vit-features/train/anomaly/road_anomaly_less/slip_and_fall_accident/000000305572_all__6.npy,slip_and_fall_accident
Pistachio/VAD/vit-features/train/anomaly/road_anomaly_less/slip_and_fall_accident/000000305572_all__7.npy,slip_and_fall_accident
Pistachio/VAD/vit-features/train/anomaly/road_anomaly_less/slip_and_fall_accident/000000305572_all__8.npy,slip_and_fall_accident
Pistachio/VAD/vit-features/train/anomaly/road_anomaly_less/slip_and_fall_accident/000000305572_all__9.npy,slip_and_fall_accident
Pistachio/VAD/vit-features/train/anomaly/road_anomaly_less/slip_and_fall_accident/000000306329_all__0.npy,slip_and_fall_accident
Pistachio/VAD/vit-features/train/anomaly/road_anomaly_less/slip_and_fall_accident/000000306329_all__1.npy,slip_and_fall_accident
Pistachio/VAD/vit-features/train/anomaly/road_anomaly_less/slip_and_fall_accident/000000306329_all__2.npy,slip_and_fall_accident
Pistachio/VAD/vit-features/train/anomaly/road_anomaly_less/slip_and_fall_accident/000000306329_all__3.npy,slip_and_fall_accident
Pistachio/VAD/vit-features/train/anomaly/road_anomaly_less/slip_and_fall_accident/000000306329_all__4.npy,slip_and_fall_accident
Pistachio/VAD/vit-features/train/anomaly/road_anomaly_less/slip_and_fall_accident/000000306329_all__5.npy,slip_and_fall_accident
Pistachio/VAD/vit-features/train/anomaly/road_anomaly_less/slip_and_fall_accident/000000306329_all__6.npy,slip_and_fall_accident
Pistachio/VAD/vit-features/train/anomaly/road_anomaly_less/slip_and_fall_accident/000000306329_all__7.npy,slip_and_fall_accident
Pistachio/VAD/vit-features/train/anomaly/road_anomaly_less/slip_and_fall_accident/000000306329_all__8.npy,slip_and_fall_accident
Pistachio/VAD/vit-features/train/anomaly/road_anomaly_less/slip_and_fall_accident/000000306329_all__9.npy,slip_and_fall_accident
Pistachio/VAD/vit-features/train/anomaly/road_anomaly_less/slip_and_fall_accident/000000306602_all__0.npy,slip_and_fall_accident
Pistachio/VAD/vit-features/train/anomaly/road_anomaly_less/slip_and_fall_accident/000000306602_all__1.npy,slip_and_fall_accident
Pistachio/VAD/vit-features/train/anomaly/road_anomaly_less/slip_and_fall_accident/000000306602_all__2.npy,slip_and_fall_accident
Pistachio/VAD/vit-features/train/anomaly/road_anomaly_less/slip_and_fall_accident/000000306602_all__3.npy,slip_and_fall_accident
Pistachio/VAD/vit-features/train/anomaly/road_anomaly_less/slip_and_fall_accident/000000306602_all__4.npy,slip_and_fall_accident
Pistachio/VAD/vit-features/train/anomaly/road_anomaly_less/slip_and_fall_accident/000000306602_all__5.npy,slip_and_fall_accident
Pistachio/VAD/vit-features/train/anomaly/road_anomaly_less/slip_and_fall_accident/000000306602_all__6.npy,slip_and_fall_accident
Pistachio/VAD/vit-features/train/anomaly/road_anomaly_less/slip_and_fall_accident/000000306602_all__7.npy,slip_and_fall_accident
Pistachio/VAD/vit-features/train/anomaly/road_anomaly_less/slip_and_fall_accident/000000306602_all__8.npy,slip_and_fall_accident
Pistachio/VAD/vit-features/train/anomaly/road_anomaly_less/slip_and_fall_accident/000000306602_all__9.npy,slip_and_fall_accident
Pistachio/VAD/vit-features/train/anomaly/road_anomaly_less/slip_and_fall_accident/000000307736_all__0.npy,slip_and_fall_accident
Pistachio/VAD/vit-features/train/anomaly/road_anomaly_less/slip_and_fall_accident/000000307736_all__1.npy,slip_and_fall_accident
Pistachio/VAD/vit-features/train/anomaly/road_anomaly_less/slip_and_fall_accident/000000307736_all__2.npy,slip_and_fall_accident
Pistachio/VAD/vit-features/train/anomaly/road_anomaly_less/slip_and_fall_accident/000000307736_all__3.npy,slip_and_fall_accident
Pistachio/VAD/vit-features/train/anomaly/road_anomaly_less/slip_and_fall_accident/000000307736_all__4.npy,slip_and_fall_accident
Pistachio/VAD/vit-features/train/anomaly/road_anomaly_less/slip_and_fall_accident/000000307736_all__5.npy,slip_and_fall_accident
Pistachio/VAD/vit-features/train/anomaly/road_anomaly_less/slip_and_fall_accident/000000307736_all__6.npy,slip_and_fall_accident
Pistachio/VAD/vit-features/train/anomaly/road_anomaly_less/slip_and_fall_accident/000000307736_all__7.npy,slip_and_fall_accident
Pistachio/VAD/vit-features/train/anomaly/road_anomaly_less/slip_and_fall_accident/000000307736_all__8.npy,slip_and_fall_accident
Pistachio/VAD/vit-features/train/anomaly/road_anomaly_less/slip_and_fall_accident/000000307736_all__9.npy,slip_and_fall_accident
Pistachio/VAD/vit-features/train/anomaly/road_anomaly_less/slip_and_fall_accident/000000309858_all__0.npy,slip_and_fall_accident
Pistachio/VAD/vit-features/train/anomaly/road_anomaly_less/slip_and_fall_accident/000000309858_all__1.npy,slip_and_fall_accident
Pistachio/VAD/vit-features/train/anomaly/road_anomaly_less/slip_and_fall_accident/000000309858_all__2.npy,slip_and_fall_accident
Pistachio/VAD/vit-features/train/anomaly/road_anomaly_less/slip_and_fall_accident/000000309858_all__3.npy,slip_and_fall_accident
Pistachio/VAD/vit-features/train/anomaly/road_anomaly_less/slip_and_fall_accident/000000309858_all__4.npy,slip_and_fall_accident
Pistachio/VAD/vit-features/train/anomaly/road_anomaly_less/slip_and_fall_accident/000000309858_all__5.npy,slip_and_fall_accident
Pistachio/VAD/vit-features/train/anomaly/road_anomaly_less/slip_and_fall_accident/000000309858_all__6.npy,slip_and_fall_accident
Pistachio/VAD/vit-features/train/anomaly/road_anomaly_less/slip_and_fall_accident/000000309858_all__7.npy,slip_and_fall_accident
Pistachio/VAD/vit-features/train/anomaly/road_anomaly_less/slip_and_fall_accident/000000309858_all__8.npy,slip_and_fall_accident
Pistachio/VAD/vit-features/train/anomaly/road_anomaly_less/slip_and_fall_accident/000000309858_all__9.npy,slip_and_fall_accident
Pistachio/VAD/vit-features/train/anomaly/road_anomaly_less/slip_and_fall_accident/000000312759_all__0.npy,slip_and_fall_accident
Pistachio/VAD/vit-features/train/anomaly/road_anomaly_less/slip_and_fall_accident/000000312759_all__1.npy,slip_and_fall_accident
Pistachio/VAD/vit-features/train/anomaly/road_anomaly_less/slip_and_fall_accident/000000312759_all__2.npy,slip_and_fall_accident
Pistachio/VAD/vit-features/train/anomaly/road_anomaly_less/slip_and_fall_accident/000000312759_all__3.npy,slip_and_fall_accident
Pistachio/VAD/vit-features/train/anomaly/road_anomaly_less/slip_and_fall_accident/000000312759_all__4.npy,slip_and_fall_accident
Pistachio/VAD/vit-features/train/anomaly/road_anomaly_less/slip_and_fall_accident/000000312759_all__5.npy,slip_and_fall_accident
Pistachio/VAD/vit-features/train/anomaly/road_anomaly_less/slip_and_fall_accident/000000312759_all__6.npy,slip_and_fall_accident
Pistachio/VAD/vit-features/train/anomaly/road_anomaly_less/slip_and_fall_accident/000000312759_all__7.npy,slip_and_fall_accident
Pistachio/VAD/vit-features/train/anomaly/road_anomaly_less/slip_and_fall_accident/000000312759_all__8.npy,slip_and_fall_accident
Pistachio/VAD/vit-features/train/anomaly/road_anomaly_less/slip_and_fall_accident/000000312759_all__9.npy,slip_and_fall_accident
Pistachio/VAD/vit-features/train/anomaly/road_anomaly_less/slip_and_fall_accident/000000312930_all__0.npy,slip_and_fall_accident
Pistachio/VAD/vit-features/train/anomaly/road_anomaly_less/slip_and_fall_accident/000000312930_all__1.npy,slip_and_fall_accident
Pistachio/VAD/vit-features/train/anomaly/road_anomaly_less/slip_and_fall_accident/000000312930_all__2.npy,slip_and_fall_accident
Pistachio/VAD/vit-features/train/anomaly/road_anomaly_less/slip_and_fall_accident/000000312930_all__3.npy,slip_and_fall_accident
Pistachio/VAD/vit-features/train/anomaly/road_anomaly_less/slip_and_fall_accident/000000312930_all__4.npy,slip_and_fall_accident
Pistachio/VAD/vit-features/train/anomaly/road_anomaly_less/slip_and_fall_accident/000000312930_all__5.npy,slip_and_fall_accident
Pistachio/VAD/vit-features/train/anomaly/road_anomaly_less/slip_and_fall_accident/000000312930_all__6.npy,slip_and_fall_accident
Pistachio/VAD/vit-features/train/anomaly/road_anomaly_less/slip_and_fall_accident/000000312930_all__7.npy,slip_and_fall_accident
Pistachio/VAD/vit-features/train/anomaly/road_anomaly_less/slip_and_fall_accident/000000312930_all__8.npy,slip_and_fall_accident
Pistachio/VAD/vit-features/train/anomaly/road_anomaly_less/slip_and_fall_accident/000000312930_all__9.npy,slip_and_fall_accident
Pistachio/VAD/vit-features/train/anomaly/road_anomaly_less/slip_and_fall_accident/000000319824_all__0.npy,slip_and_fall_accident
Pistachio/VAD/vit-features/train/anomaly/road_anomaly_less/slip_and_fall_accident/000000319824_all__1.npy,slip_and_fall_accident
Pistachio/VAD/vit-features/train/anomaly/road_anomaly_less/slip_and_fall_accident/000000319824_all__2.npy,slip_and_fall_accident
Pistachio/VAD/vit-features/train/anomaly/road_anomaly_less/slip_and_fall_accident/000000319824_all__3.npy,slip_and_fall_accident
Pistachio/VAD/vit-features/train/anomaly/road_anomaly_less/slip_and_fall_accident/000000319824_all__4.npy,slip_and_fall_accident
Pistachio/VAD/vit-features/train/anomaly/road_anomaly_less/slip_and_fall_accident/000000319824_all__5.npy,slip_and_fall_accident
Pistachio/VAD/vit-features/train/anomaly/road_anomaly_less/slip_and_fall_accident/000000319824_all__6.npy,slip_and_fall_accident
Pistachio/VAD/vit-features/train/anomaly/road_anomaly_less/slip_and_fall_accident/000000319824_all__7.npy,slip_and_fall_accident
Pistachio/VAD/vit-features/train/anomaly/road_anomaly_less/slip_and_fall_accident/000000319824_all__8.npy,slip_and_fall_accident
Pistachio/VAD/vit-features/train/anomaly/road_anomaly_less/slip_and_fall_accident/000000319824_all__9.npy,slip_and_fall_accident
Pistachio/VAD/vit-features/train/anomaly/road_anomaly_less/slip_and_fall_accident/000000321018_all__0.npy,slip_and_fall_accident
Pistachio/VAD/vit-features/train/anomaly/road_anomaly_less/slip_and_fall_accident/000000321018_all__1.npy,slip_and_fall_accident
Pistachio/VAD/vit-features/train/anomaly/road_anomaly_less/slip_and_fall_accident/000000321018_all__2.npy,slip_and_fall_accident
Pistachio/VAD/vit-features/train/anomaly/road_anomaly_less/slip_and_fall_accident/000000321018_all__3.npy,slip_and_fall_accident
Pistachio/VAD/vit-features/train/anomaly/road_anomaly_less/slip_and_fall_accident/000000321018_all__4.npy,slip_and_fall_accident
Pistachio/VAD/vit-features/train/anomaly/road_anomaly_less/slip_and_fall_accident/000000321018_all__5.npy,slip_and_fall_accident
Pistachio/VAD/vit-features/train/anomaly/road_anomaly_less/slip_and_fall_accident/000000321018_all__6.npy,slip_and_fall_accident
Pistachio/VAD/vit-features/train/anomaly/road_anomaly_less/slip_and_fall_accident/000000321018_all__7.npy,slip_and_fall_accident
Pistachio/VAD/vit-features/train/anomaly/road_anomaly_less/slip_and_fall_accident/000000321018_all__8.npy,slip_and_fall_accident
Pistachio/VAD/vit-features/train/anomaly/road_anomaly_less/slip_and_fall_accident/000000321018_all__9.npy,slip_and_fall_accident
Pistachio/VAD/vit-features/train/anomaly/road_anomaly_less/slip_and_fall_accident/000000321156_all__0.npy,slip_and_fall_accident
Pistachio/VAD/vit-features/train/anomaly/road_anomaly_less/slip_and_fall_accident/000000321156_all__1.npy,slip_and_fall_accident
Pistachio/VAD/vit-features/train/anomaly/road_anomaly_less/slip_and_fall_accident/000000321156_all__2.npy,slip_and_fall_accident
Pistachio/VAD/vit-features/train/anomaly/road_anomaly_less/slip_and_fall_accident/000000321156_all__3.npy,slip_and_fall_accident
Pistachio/VAD/vit-features/train/anomaly/road_anomaly_less/slip_and_fall_accident/000000321156_all__4.npy,slip_and_fall_accident
Pistachio/VAD/vit-features/train/anomaly/road_anomaly_less/slip_and_fall_accident/000000321156_all__5.npy,slip_and_fall_accident
Pistachio/VAD/vit-features/train/anomaly/road_anomaly_less/slip_and_fall_accident/000000321156_all__6.npy,slip_and_fall_accident
Pistachio/VAD/vit-features/train/anomaly/road_anomaly_less/slip_and_fall_accident/000000321156_all__7.npy,slip_and_fall_accident
Pistachio/VAD/vit-features/train/anomaly/road_anomaly_less/slip_and_fall_accident/000000321156_all__8.npy,slip_and_fall_accident
Pistachio/VAD/vit-features/train/anomaly/road_anomaly_less/slip_and_fall_accident/000000321156_all__9.npy,slip_and_fall_accident
Pistachio/VAD/vit-features/train/anomaly/road_anomaly_less/slip_and_fall_accident/000000321797_all__0.npy,slip_and_fall_accident
Pistachio/VAD/vit-features/train/anomaly/road_anomaly_less/slip_and_fall_accident/000000321797_all__1.npy,slip_and_fall_accident
Pistachio/VAD/vit-features/train/anomaly/road_anomaly_less/slip_and_fall_accident/000000321797_all__2.npy,slip_and_fall_accident
Pistachio/VAD/vit-features/train/anomaly/road_anomaly_less/slip_and_fall_accident/000000321797_all__3.npy,slip_and_fall_accident
Pistachio/VAD/vit-features/train/anomaly/road_anomaly_less/slip_and_fall_accident/000000321797_all__4.npy,slip_and_fall_accident
Pistachio/VAD/vit-features/train/anomaly/road_anomaly_less/slip_and_fall_accident/000000321797_all__5.npy,slip_and_fall_accident
Pistachio/VAD/vit-features/train/anomaly/road_anomaly_less/slip_and_fall_accident/000000321797_all__6.npy,slip_and_fall_accident
Pistachio/VAD/vit-features/train/anomaly/road_anomaly_less/slip_and_fall_accident/000000321797_all__7.npy,slip_and_fall_accident
Pistachio/VAD/vit-features/train/anomaly/road_anomaly_less/slip_and_fall_accident/000000321797_all__8.npy,slip_and_fall_accident
Pistachio/VAD/vit-features/train/anomaly/road_anomaly_less/slip_and_fall_accident/000000321797_all__9.npy,slip_and_fall_accident
Pistachio/VAD/vit-features/train/anomaly/road_anomaly_less/slip_and_fall_accident/000000325285_all__0.npy,slip_and_fall_accident
Pistachio/VAD/vit-features/train/anomaly/road_anomaly_less/slip_and_fall_accident/000000325285_all__1.npy,slip_and_fall_accident
Pistachio/VAD/vit-features/train/anomaly/road_anomaly_less/slip_and_fall_accident/000000325285_all__2.npy,slip_and_fall_accident
Pistachio/VAD/vit-features/train/anomaly/road_anomaly_less/slip_and_fall_accident/000000325285_all__3.npy,slip_and_fall_accident
Pistachio/VAD/vit-features/train/anomaly/road_anomaly_less/slip_and_fall_accident/000000325285_all__4.npy,slip_and_fall_accident
Pistachio/VAD/vit-features/train/anomaly/road_anomaly_less/slip_and_fall_accident/000000325285_all__5.npy,slip_and_fall_accident
Pistachio/VAD/vit-features/train/anomaly/road_anomaly_less/slip_and_fall_accident/000000325285_all__6.npy,slip_and_fall_accident
Pistachio/VAD/vit-features/train/anomaly/road_anomaly_less/slip_and_fall_accident/000000325285_all__7.npy,slip_and_fall_accident
Pistachio/VAD/vit-features/train/anomaly/road_anomaly_less/slip_and_fall_accident/000000325285_all__8.npy,slip_and_fall_accident
Pistachio/VAD/vit-features/train/anomaly/road_anomaly_less/slip_and_fall_accident/000000325285_all__9.npy,slip_and_fall_accident
Pistachio/VAD/vit-features/train/anomaly/road_anomaly_less/slip_and_fall_accident/000000327465_all__0.npy,slip_and_fall_accident
Pistachio/VAD/vit-features/train/anomaly/road_anomaly_less/slip_and_fall_accident/000000327465_all__1.npy,slip_and_fall_accident
Pistachio/VAD/vit-features/train/anomaly/road_anomaly_less/slip_and_fall_accident/000000327465_all__2.npy,slip_and_fall_accident
Pistachio/VAD/vit-features/train/anomaly/road_anomaly_less/slip_and_fall_accident/000000327465_all__3.npy,slip_and_fall_accident
Pistachio/VAD/vit-features/train/anomaly/road_anomaly_less/slip_and_fall_accident/000000327465_all__4.npy,slip_and_fall_accident
Pistachio/VAD/vit-features/train/anomaly/road_anomaly_less/slip_and_fall_accident/000000327465_all__5.npy,slip_and_fall_accident
Pistachio/VAD/vit-features/train/anomaly/road_anomaly_less/slip_and_fall_accident/000000327465_all__6.npy,slip_and_fall_accident
Pistachio/VAD/vit-features/train/anomaly/road_anomaly_less/slip_and_fall_accident/000000327465_all__7.npy,slip_and_fall_accident
Pistachio/VAD/vit-features/train/anomaly/road_anomaly_less/slip_and_fall_accident/000000327465_all__8.npy,slip_and_fall_accident
Pistachio/VAD/vit-features/train/anomaly/road_anomaly_less/slip_and_fall_accident/000000327465_all__9.npy,slip_and_fall_accident
Pistachio/VAD/vit-features/train/anomaly/road_anomaly_less/slip_and_fall_accident/000000330421_all__0.npy,slip_and_fall_accident
Pistachio/VAD/vit-features/train/anomaly/road_anomaly_less/slip_and_fall_accident/000000330421_all__1.npy,slip_and_fall_accident
Pistachio/VAD/vit-features/train/anomaly/road_anomaly_less/slip_and_fall_accident/000000330421_all__2.npy,slip_and_fall_accident
Pistachio/VAD/vit-features/train/anomaly/road_anomaly_less/slip_and_fall_accident/000000330421_all__3.npy,slip_and_fall_accident
Pistachio/VAD/vit-features/train/anomaly/road_anomaly_less/slip_and_fall_accident/000000330421_all__4.npy,slip_and_fall_accident
Pistachio/VAD/vit-features/train/anomaly/road_anomaly_less/slip_and_fall_accident/000000330421_all__5.npy,slip_and_fall_accident
Pistachio/VAD/vit-features/train/anomaly/road_anomaly_less/slip_and_fall_accident/000000330421_all__6.npy,slip_and_fall_accident
Pistachio/VAD/vit-features/train/anomaly/road_anomaly_less/slip_and_fall_accident/000000330421_all__7.npy,slip_and_fall_accident
Pistachio/VAD/vit-features/train/anomaly/road_anomaly_less/slip_and_fall_accident/000000330421_all__8.npy,slip_and_fall_accident
Pistachio/VAD/vit-features/train/anomaly/road_anomaly_less/slip_and_fall_accident/000000330421_all__9.npy,slip_and_fall_accident
Pistachio/VAD/vit-features/train/anomaly/road_anomaly_less/slip_and_fall_accident/000000330544_all__0.npy,slip_and_fall_accident
Pistachio/VAD/vit-features/train/anomaly/road_anomaly_less/slip_and_fall_accident/000000330544_all__1.npy,slip_and_fall_accident
Pistachio/VAD/vit-features/train/anomaly/road_anomaly_less/slip_and_fall_accident/000000330544_all__2.npy,slip_and_fall_accident
Pistachio/VAD/vit-features/train/anomaly/road_anomaly_less/slip_and_fall_accident/000000330544_all__3.npy,slip_and_fall_accident
Pistachio/VAD/vit-features/train/anomaly/road_anomaly_less/slip_and_fall_accident/000000330544_all__4.npy,slip_and_fall_accident
Pistachio/VAD/vit-features/train/anomaly/road_anomaly_less/slip_and_fall_accident/000000330544_all__5.npy,slip_and_fall_accident
Pistachio/VAD/vit-features/train/anomaly/road_anomaly_less/slip_and_fall_accident/000000330544_all__6.npy,slip_and_fall_accident
Pistachio/VAD/vit-features/train/anomaly/road_anomaly_less/slip_and_fall_accident/000000330544_all__7.npy,slip_and_fall_accident
Pistachio/VAD/vit-features/train/anomaly/road_anomaly_less/slip_and_fall_accident/000000330544_all__8.npy,slip_and_fall_accident
Pistachio/VAD/vit-features/train/anomaly/road_anomaly_less/slip_and_fall_accident/000000330544_all__9.npy,slip_and_fall_accident
Pistachio/VAD/vit-features/train/anomaly/road_anomaly_less/theft/000000458595_all__0.npy,theft
Pistachio/VAD/vit-features/train/anomaly/road_anomaly_less/theft/000000458595_all__1.npy,theft
Pistachio/VAD/vit-features/train/anomaly/road_anomaly_less/theft/000000458595_all__2.npy,theft
Pistachio/VAD/vit-features/train/anomaly/road_anomaly_less/theft/000000458595_all__3.npy,theft
Pistachio/VAD/vit-features/train/anomaly/road_anomaly_less/theft/000000458595_all__4.npy,theft
Pistachio/VAD/vit-features/train/anomaly/road_anomaly_less/theft/000000458595_all__5.npy,theft
Pistachio/VAD/vit-features/train/anomaly/road_anomaly_less/theft/000000458595_all__6.npy,theft
Pistachio/VAD/vit-features/train/anomaly/road_anomaly_less/theft/000000458595_all__7.npy,theft
Pistachio/VAD/vit-features/train/anomaly/road_anomaly_less/theft/000000458595_all__8.npy,theft
Pistachio/VAD/vit-features/train/anomaly/road_anomaly_less/theft/000000458595_all__9.npy,theft
Pistachio/VAD/vit-features/train/anomaly/road_anomaly_less/theft/000000461624_all__0.npy,theft
Pistachio/VAD/vit-features/train/anomaly/road_anomaly_less/theft/000000461624_all__1.npy,theft
Pistachio/VAD/vit-features/train/anomaly/road_anomaly_less/theft/000000461624_all__2.npy,theft
Pistachio/VAD/vit-features/train/anomaly/road_anomaly_less/theft/000000461624_all__3.npy,theft
Pistachio/VAD/vit-features/train/anomaly/road_anomaly_less/theft/000000461624_all__4.npy,theft
Pistachio/VAD/vit-features/train/anomaly/road_anomaly_less/theft/000000461624_all__5.npy,theft
Pistachio/VAD/vit-features/train/anomaly/road_anomaly_less/theft/000000461624_all__6.npy,theft
Pistachio/VAD/vit-features/train/anomaly/road_anomaly_less/theft/000000461624_all__7.npy,theft
Pistachio/VAD/vit-features/train/anomaly/road_anomaly_less/theft/000000461624_all__8.npy,theft
Pistachio/VAD/vit-features/train/anomaly/road_anomaly_less/theft/000000461624_all__9.npy,theft
Pistachio/VAD/vit-features/train/anomaly/road_anomaly_less/theft/000000463468_all__0.npy,theft
Pistachio/VAD/vit-features/train/anomaly/road_anomaly_less/theft/000000463468_all__1.npy,theft
Pistachio/VAD/vit-features/train/anomaly/road_anomaly_less/theft/000000463468_all__2.npy,theft
Pistachio/VAD/vit-features/train/anomaly/road_anomaly_less/theft/000000463468_all__3.npy,theft
Pistachio/VAD/vit-features/train/anomaly/road_anomaly_less/theft/000000463468_all__4.npy,theft
Pistachio/VAD/vit-features/train/anomaly/road_anomaly_less/theft/000000463468_all__5.npy,theft
Pistachio/VAD/vit-features/train/anomaly/road_anomaly_less/theft/000000463468_all__6.npy,theft
Pistachio/VAD/vit-features/train/anomaly/road_anomaly_less/theft/000000463468_all__7.npy,theft
Pistachio/VAD/vit-features/train/anomaly/road_anomaly_less/theft/000000463468_all__8.npy,theft
Pistachio/VAD/vit-features/train/anomaly/road_anomaly_less/theft/000000463468_all__9.npy,theft
Pistachio/VAD/vit-features/train/anomaly/road_anomaly_less/theft/000000471996_all__0.npy,theft
Pistachio/VAD/vit-features/train/anomaly/road_anomaly_less/theft/000000471996_all__1.npy,theft
Pistachio/VAD/vit-features/train/anomaly/road_anomaly_less/theft/000000471996_all__2.npy,theft
Pistachio/VAD/vit-features/train/anomaly/road_anomaly_less/theft/000000471996_all__3.npy,theft
Pistachio/VAD/vit-features/train/anomaly/road_anomaly_less/theft/000000471996_all__4.npy,theft
Pistachio/VAD/vit-features/train/anomaly/road_anomaly_less/theft/000000471996_all__5.npy,theft
Pistachio/VAD/vit-features/train/anomaly/road_anomaly_less/theft/000000471996_all__6.npy,theft
Pistachio/VAD/vit-features/train/anomaly/road_anomaly_less/theft/000000471996_all__7.npy,theft
Pistachio/VAD/vit-features/train/anomaly/road_anomaly_less/theft/000000471996_all__8.npy,theft
Pistachio/VAD/vit-features/train/anomaly/road_anomaly_less/theft/000000471996_all__9.npy,theft
Pistachio/VAD/vit-features/train/anomaly/road_anomaly_less/theft/000000474566_all__0.npy,theft
Pistachio/VAD/vit-features/train/anomaly/road_anomaly_less/theft/000000474566_all__1.npy,theft
Pistachio/VAD/vit-features/train/anomaly/road_anomaly_less/theft/000000474566_all__2.npy,theft
Pistachio/VAD/vit-features/train/anomaly/road_anomaly_less/theft/000000474566_all__3.npy,theft
Pistachio/VAD/vit-features/train/anomaly/road_anomaly_less/theft/000000474566_all__4.npy,theft
Pistachio/VAD/vit-features/train/anomaly/road_anomaly_less/theft/000000474566_all__5.npy,theft
Pistachio/VAD/vit-features/train/anomaly/road_anomaly_less/theft/000000474566_all__6.npy,theft
Pistachio/VAD/vit-features/train/anomaly/road_anomaly_less/theft/000000474566_all__7.npy,theft
Pistachio/VAD/vit-features/train/anomaly/road_anomaly_less/theft/000000474566_all__8.npy,theft
Pistachio/VAD/vit-features/train/anomaly/road_anomaly_less/theft/000000474566_all__9.npy,theft
Pistachio/VAD/vit-features/train/anomaly/road_anomaly_less/theft/000000475596_all__0.npy,theft
Pistachio/VAD/vit-features/train/anomaly/road_anomaly_less/theft/000000475596_all__1.npy,theft
Pistachio/VAD/vit-features/train/anomaly/road_anomaly_less/theft/000000475596_all__2.npy,theft
Pistachio/VAD/vit-features/train/anomaly/road_anomaly_less/theft/000000475596_all__3.npy,theft
Pistachio/VAD/vit-features/train/anomaly/road_anomaly_less/theft/000000475596_all__4.npy,theft
Pistachio/VAD/vit-features/train/anomaly/road_anomaly_less/theft/000000475596_all__5.npy,theft
Pistachio/VAD/vit-features/train/anomaly/road_anomaly_less/theft/000000475596_all__6.npy,theft
Pistachio/VAD/vit-features/train/anomaly/road_anomaly_less/theft/000000475596_all__7.npy,theft
Pistachio/VAD/vit-features/train/anomaly/road_anomaly_less/theft/000000475596_all__8.npy,theft
Pistachio/VAD/vit-features/train/anomaly/road_anomaly_less/theft/000000475596_all__9.npy,theft
Pistachio/VAD/vit-features/train/anomaly/road_anomaly_less/theft/000000487686_all__0.npy,theft
Pistachio/VAD/vit-features/train/anomaly/road_anomaly_less/theft/000000487686_all__1.npy,theft
Pistachio/VAD/vit-features/train/anomaly/road_anomaly_less/theft/000000487686_all__2.npy,theft
Pistachio/VAD/vit-features/train/anomaly/road_anomaly_less/theft/000000487686_all__3.npy,theft
Pistachio/VAD/vit-features/train/anomaly/road_anomaly_less/theft/000000487686_all__4.npy,theft
Pistachio/VAD/vit-features/train/anomaly/road_anomaly_less/theft/000000487686_all__5.npy,theft
Pistachio/VAD/vit-features/train/anomaly/road_anomaly_less/theft/000000487686_all__6.npy,theft
Pistachio/VAD/vit-features/train/anomaly/road_anomaly_less/theft/000000487686_all__7.npy,theft
Pistachio/VAD/vit-features/train/anomaly/road_anomaly_less/theft/000000487686_all__8.npy,theft
Pistachio/VAD/vit-features/train/anomaly/road_anomaly_less/theft/000000487686_all__9.npy,theft
Pistachio/VAD/vit-features/train/anomaly/road_anomaly_less/theft/000000492223_all__0.npy,theft
Pistachio/VAD/vit-features/train/anomaly/road_anomaly_less/theft/000000492223_all__1.npy,theft
Pistachio/VAD/vit-features/train/anomaly/road_anomaly_less/theft/000000492223_all__2.npy,theft
Pistachio/VAD/vit-features/train/anomaly/road_anomaly_less/theft/000000492223_all__3.npy,theft
Pistachio/VAD/vit-features/train/anomaly/road_anomaly_less/theft/000000492223_all__4.npy,theft
Pistachio/VAD/vit-features/train/anomaly/road_anomaly_less/theft/000000492223_all__5.npy,theft
Pistachio/VAD/vit-features/train/anomaly/road_anomaly_less/theft/000000492223_all__6.npy,theft
Pistachio/VAD/vit-features/train/anomaly/road_anomaly_less/theft/000000492223_all__7.npy,theft
Pistachio/VAD/vit-features/train/anomaly/road_anomaly_less/theft/000000492223_all__8.npy,theft
Pistachio/VAD/vit-features/train/anomaly/road_anomaly_less/theft/000000492223_all__9.npy,theft
Pistachio/VAD/vit-features/train/anomaly/road_anomaly_less/traffic_accident/000000192087_all__0.npy,traffic_accident
Pistachio/VAD/vit-features/train/anomaly/road_anomaly_less/traffic_accident/000000192087_all__1.npy,traffic_accident
Pistachio/VAD/vit-features/train/anomaly/road_anomaly_less/traffic_accident/000000192087_all__2.npy,traffic_accident
Pistachio/VAD/vit-features/train/anomaly/road_anomaly_less/traffic_accident/000000192087_all__3.npy,traffic_accident
Pistachio/VAD/vit-features/train/anomaly/road_anomaly_less/traffic_accident/000000192087_all__4.npy,traffic_accident
Pistachio/VAD/vit-features/train/anomaly/road_anomaly_less/traffic_accident/000000192087_all__5.npy,traffic_accident
Pistachio/VAD/vit-features/train/anomaly/road_anomaly_less/traffic_accident/000000192087_all__6.npy,traffic_accident
Pistachio/VAD/vit-features/train/anomaly/road_anomaly_less/traffic_accident/000000192087_all__7.npy,traffic_accident
Pistachio/VAD/vit-features/train/anomaly/road_anomaly_less/traffic_accident/000000192087_all__8.npy,traffic_accident
Pistachio/VAD/vit-features/train/anomaly/road_anomaly_less/traffic_accident/000000192087_all__9.npy,traffic_accident
Pistachio/VAD/vit-features/train/anomaly/road_anomaly_less/traffic_accident/000000192504_all__0.npy,traffic_accident
Pistachio/VAD/vit-features/train/anomaly/road_anomaly_less/traffic_accident/000000192504_all__1.npy,traffic_accident
Pistachio/VAD/vit-features/train/anomaly/road_anomaly_less/traffic_accident/000000192504_all__2.npy,traffic_accident
Pistachio/VAD/vit-features/train/anomaly/road_anomaly_less/traffic_accident/000000192504_all__3.npy,traffic_accident
Pistachio/VAD/vit-features/train/anomaly/road_anomaly_less/traffic_accident/000000192504_all__4.npy,traffic_accident
Pistachio/VAD/vit-features/train/anomaly/road_anomaly_less/traffic_accident/000000192504_all__5.npy,traffic_accident
Pistachio/VAD/vit-features/train/anomaly/road_anomaly_less/traffic_accident/000000192504_all__6.npy,traffic_accident
Pistachio/VAD/vit-features/train/anomaly/road_anomaly_less/traffic_accident/000000192504_all__7.npy,traffic_accident
Pistachio/VAD/vit-features/train/anomaly/road_anomaly_less/traffic_accident/000000192504_all__8.npy,traffic_accident
Pistachio/VAD/vit-features/train/anomaly/road_anomaly_less/traffic_accident/000000192504_all__9.npy,traffic_accident
Pistachio/VAD/vit-features/train/anomaly/road_anomaly_less/traffic_accident/000000195736_all__0.npy,traffic_accident
Pistachio/VAD/vit-features/train/anomaly/road_anomaly_less/traffic_accident/000000195736_all__1.npy,traffic_accident
Pistachio/VAD/vit-features/train/anomaly/road_anomaly_less/traffic_accident/000000195736_all__2.npy,traffic_accident
Pistachio/VAD/vit-features/train/anomaly/road_anomaly_less/traffic_accident/000000195736_all__3.npy,traffic_accident
Pistachio/VAD/vit-features/train/anomaly/road_anomaly_less/traffic_accident/000000195736_all__4.npy,traffic_accident
Pistachio/VAD/vit-features/train/anomaly/road_anomaly_less/traffic_accident/000000195736_all__5.npy,traffic_accident
Pistachio/VAD/vit-features/train/anomaly/road_anomaly_less/traffic_accident/000000195736_all__6.npy,traffic_accident
Pistachio/VAD/vit-features/train/anomaly/road_anomaly_less/traffic_accident/000000195736_all__7.npy,traffic_accident
Pistachio/VAD/vit-features/train/anomaly/road_anomaly_less/traffic_accident/000000195736_all__8.npy,traffic_accident
Pistachio/VAD/vit-features/train/anomaly/road_anomaly_less/traffic_accident/000000195736_all__9.npy,traffic_accident
Pistachio/VAD/vit-features/train/anomaly/road_anomaly_less/traffic_accident/000000196816_all__0.npy,traffic_accident
Pistachio/VAD/vit-features/train/anomaly/road_anomaly_less/traffic_accident/000000196816_all__1.npy,traffic_accident
Pistachio/VAD/vit-features/train/anomaly/road_anomaly_less/traffic_accident/000000196816_all__2.npy,traffic_accident
Pistachio/VAD/vit-features/train/anomaly/road_anomaly_less/traffic_accident/000000196816_all__3.npy,traffic_accident
Pistachio/VAD/vit-features/train/anomaly/road_anomaly_less/traffic_accident/000000196816_all__4.npy,traffic_accident
Pistachio/VAD/vit-features/train/anomaly/road_anomaly_less/traffic_accident/000000196816_all__5.npy,traffic_accident
Pistachio/VAD/vit-features/train/anomaly/road_anomaly_less/traffic_accident/000000196816_all__6.npy,traffic_accident
Pistachio/VAD/vit-features/train/anomaly/road_anomaly_less/traffic_accident/000000196816_all__7.npy,traffic_accident
Pistachio/VAD/vit-features/train/anomaly/road_anomaly_less/traffic_accident/000000196816_all__8.npy,traffic_accident
Pistachio/VAD/vit-features/train/anomaly/road_anomaly_less/traffic_accident/000000196816_all__9.npy,traffic_accident
Pistachio/VAD/vit-features/train/anomaly/road_anomaly_less/traffic_accident/000000197276_all__0.npy,traffic_accident
Pistachio/VAD/vit-features/train/anomaly/road_anomaly_less/traffic_accident/000000197276_all__1.npy,traffic_accident
Pistachio/VAD/vit-features/train/anomaly/road_anomaly_less/traffic_accident/000000197276_all__2.npy,traffic_accident
Pistachio/VAD/vit-features/train/anomaly/road_anomaly_less/traffic_accident/000000197276_all__3.npy,traffic_accident
Pistachio/VAD/vit-features/train/anomaly/road_anomaly_less/traffic_accident/000000197276_all__4.npy,traffic_accident
Pistachio/VAD/vit-features/train/anomaly/road_anomaly_less/traffic_accident/000000197276_all__5.npy,traffic_accident
Pistachio/VAD/vit-features/train/anomaly/road_anomaly_less/traffic_accident/000000197276_all__6.npy,traffic_accident
Pistachio/VAD/vit-features/train/anomaly/road_anomaly_less/traffic_accident/000000197276_all__7.npy,traffic_accident
Pistachio/VAD/vit-features/train/anomaly/road_anomaly_less/traffic_accident/000000197276_all__8.npy,traffic_accident
Pistachio/VAD/vit-features/train/anomaly/road_anomaly_less/traffic_accident/000000197276_all__9.npy,traffic_accident
Pistachio/VAD/vit-features/train/anomaly/road_anomaly_less/traffic_accident/000000197512_all__0.npy,traffic_accident
Pistachio/VAD/vit-features/train/anomaly/road_anomaly_less/traffic_accident/000000197512_all__1.npy,traffic_accident
Pistachio/VAD/vit-features/train/anomaly/road_anomaly_less/traffic_accident/000000197512_all__2.npy,traffic_accident
Pistachio/VAD/vit-features/train/anomaly/road_anomaly_less/traffic_accident/000000197512_all__3.npy,traffic_accident
Pistachio/VAD/vit-features/train/anomaly/road_anomaly_less/traffic_accident/000000197512_all__4.npy,traffic_accident
Pistachio/VAD/vit-features/train/anomaly/road_anomaly_less/traffic_accident/000000197512_all__5.npy,traffic_accident
Pistachio/VAD/vit-features/train/anomaly/road_anomaly_less/traffic_accident/000000197512_all__6.npy,traffic_accident
Pistachio/VAD/vit-features/train/anomaly/road_anomaly_less/traffic_accident/000000197512_all__7.npy,traffic_accident
Pistachio/VAD/vit-features/train/anomaly/road_anomaly_less/traffic_accident/000000197512_all__8.npy,traffic_accident
Pistachio/VAD/vit-features/train/anomaly/road_anomaly_less/traffic_accident/000000197512_all__9.npy,traffic_accident
Pistachio/VAD/vit-features/train/anomaly/road_anomaly_less/traffic_accident/000000197822_all__0.npy,traffic_accident
Pistachio/VAD/vit-features/train/anomaly/road_anomaly_less/traffic_accident/000000197822_all__1.npy,traffic_accident
Pistachio/VAD/vit-features/train/anomaly/road_anomaly_less/traffic_accident/000000197822_all__2.npy,traffic_accident
Pistachio/VAD/vit-features/train/anomaly/road_anomaly_less/traffic_accident/000000197822_all__3.npy,traffic_accident
Pistachio/VAD/vit-features/train/anomaly/road_anomaly_less/traffic_accident/000000197822_all__4.npy,traffic_accident
Pistachio/VAD/vit-features/train/anomaly/road_anomaly_less/traffic_accident/000000197822_all__5.npy,traffic_accident
Pistachio/VAD/vit-features/train/anomaly/road_anomaly_less/traffic_accident/000000197822_all__6.npy,traffic_accident
Pistachio/VAD/vit-features/train/anomaly/road_anomaly_less/traffic_accident/000000197822_all__7.npy,traffic_accident
Pistachio/VAD/vit-features/train/anomaly/road_anomaly_less/traffic_accident/000000197822_all__8.npy,traffic_accident
Pistachio/VAD/vit-features/train/anomaly/road_anomaly_less/traffic_accident/000000197822_all__9.npy,traffic_accident
Pistachio/VAD/vit-features/train/anomaly/road_anomaly_less/traffic_accident/000000199611_all__0.npy,traffic_accident
Pistachio/VAD/vit-features/train/anomaly/road_anomaly_less/traffic_accident/000000199611_all__1.npy,traffic_accident
Pistachio/VAD/vit-features/train/anomaly/road_anomaly_less/traffic_accident/000000199611_all__2.npy,traffic_accident
Pistachio/VAD/vit-features/train/anomaly/road_anomaly_less/traffic_accident/000000199611_all__3.npy,traffic_accident
Pistachio/VAD/vit-features/train/anomaly/road_anomaly_less/traffic_accident/000000199611_all__4.npy,traffic_accident
Pistachio/VAD/vit-features/train/anomaly/road_anomaly_less/traffic_accident/000000199611_all__5.npy,traffic_accident
Pistachio/VAD/vit-features/train/anomaly/road_anomaly_less/traffic_accident/000000199611_all__6.npy,traffic_accident
Pistachio/VAD/vit-features/train/anomaly/road_anomaly_less/traffic_accident/000000199611_all__7.npy,traffic_accident
Pistachio/VAD/vit-features/train/anomaly/road_anomaly_less/traffic_accident/000000199611_all__8.npy,traffic_accident
Pistachio/VAD/vit-features/train/anomaly/road_anomaly_less/traffic_accident/000000199611_all__9.npy,traffic_accident
Pistachio/VAD/vit-features/train/anomaly/road_anomaly_less/traffic_accident/000000201730_all__0.npy,traffic_accident
Pistachio/VAD/vit-features/train/anomaly/road_anomaly_less/traffic_accident/000000201730_all__1.npy,traffic_accident
Pistachio/VAD/vit-features/train/anomaly/road_anomaly_less/traffic_accident/000000201730_all__2.npy,traffic_accident
Pistachio/VAD/vit-features/train/anomaly/road_anomaly_less/traffic_accident/000000201730_all__3.npy,traffic_accident
Pistachio/VAD/vit-features/train/anomaly/road_anomaly_less/traffic_accident/000000201730_all__4.npy,traffic_accident
Pistachio/VAD/vit-features/train/anomaly/road_anomaly_less/traffic_accident/000000201730_all__5.npy,traffic_accident
Pistachio/VAD/vit-features/train/anomaly/road_anomaly_less/traffic_accident/000000201730_all__6.npy,traffic_accident
Pistachio/VAD/vit-features/train/anomaly/road_anomaly_less/traffic_accident/000000201730_all__7.npy,traffic_accident
Pistachio/VAD/vit-features/train/anomaly/road_anomaly_less/traffic_accident/000000201730_all__8.npy,traffic_accident
Pistachio/VAD/vit-features/train/anomaly/road_anomaly_less/traffic_accident/000000201730_all__9.npy,traffic_accident
Pistachio/VAD/vit-features/train/anomaly/road_anomaly_less/traffic_accident/000000202313_all__0.npy,traffic_accident
Pistachio/VAD/vit-features/train/anomaly/road_anomaly_less/traffic_accident/000000202313_all__1.npy,traffic_accident
Pistachio/VAD/vit-features/train/anomaly/road_anomaly_less/traffic_accident/000000202313_all__2.npy,traffic_accident
Pistachio/VAD/vit-features/train/anomaly/road_anomaly_less/traffic_accident/000000202313_all__3.npy,traffic_accident
Pistachio/VAD/vit-features/train/anomaly/road_anomaly_less/traffic_accident/000000202313_all__4.npy,traffic_accident
Pistachio/VAD/vit-features/train/anomaly/road_anomaly_less/traffic_accident/000000202313_all__5.npy,traffic_accident
Pistachio/VAD/vit-features/train/anomaly/road_anomaly_less/traffic_accident/000000202313_all__6.npy,traffic_accident
Pistachio/VAD/vit-features/train/anomaly/road_anomaly_less/traffic_accident/000000202313_all__7.npy,traffic_accident
Pistachio/VAD/vit-features/train/anomaly/road_anomaly_less/traffic_accident/000000202313_all__8.npy,traffic_accident
Pistachio/VAD/vit-features/train/anomaly/road_anomaly_less/traffic_accident/000000202313_all__9.npy,traffic_accident
Pistachio/VAD/vit-features/train/anomaly/road_anomaly_less/traffic_accident/000000202420_all__0.npy,traffic_accident
Pistachio/VAD/vit-features/train/anomaly/road_anomaly_less/traffic_accident/000000202420_all__1.npy,traffic_accident
Pistachio/VAD/vit-features/train/anomaly/road_anomaly_less/traffic_accident/000000202420_all__2.npy,traffic_accident
Pistachio/VAD/vit-features/train/anomaly/road_anomaly_less/traffic_accident/000000202420_all__3.npy,traffic_accident
Pistachio/VAD/vit-features/train/anomaly/road_anomaly_less/traffic_accident/000000202420_all__4.npy,traffic_accident
Pistachio/VAD/vit-features/train/anomaly/road_anomaly_less/traffic_accident/000000202420_all__5.npy,traffic_accident
Pistachio/VAD/vit-features/train/anomaly/road_anomaly_less/traffic_accident/000000202420_all__6.npy,traffic_accident
Pistachio/VAD/vit-features/train/anomaly/road_anomaly_less/traffic_accident/000000202420_all__7.npy,traffic_accident
Pistachio/VAD/vit-features/train/anomaly/road_anomaly_less/traffic_accident/000000202420_all__8.npy,traffic_accident
Pistachio/VAD/vit-features/train/anomaly/road_anomaly_less/traffic_accident/000000202420_all__9.npy,traffic_accident
Pistachio/VAD/vit-features/train/anomaly/road_anomaly_less/traffic_accident/000000204533_all__0.npy,traffic_accident
Pistachio/VAD/vit-features/train/anomaly/road_anomaly_less/traffic_accident/000000204533_all__1.npy,traffic_accident
Pistachio/VAD/vit-features/train/anomaly/road_anomaly_less/traffic_accident/000000204533_all__2.npy,traffic_accident
Pistachio/VAD/vit-features/train/anomaly/road_anomaly_less/traffic_accident/000000204533_all__3.npy,traffic_accident
Pistachio/VAD/vit-features/train/anomaly/road_anomaly_less/traffic_accident/000000204533_all__4.npy,traffic_accident
Pistachio/VAD/vit-features/train/anomaly/road_anomaly_less/traffic_accident/000000204533_all__5.npy,traffic_accident
Pistachio/VAD/vit-features/train/anomaly/road_anomaly_less/traffic_accident/000000204533_all__6.npy,traffic_accident
Pistachio/VAD/vit-features/train/anomaly/road_anomaly_less/traffic_accident/000000204533_all__7.npy,traffic_accident
Pistachio/VAD/vit-features/train/anomaly/road_anomaly_less/traffic_accident/000000204533_all__8.npy,traffic_accident
Pistachio/VAD/vit-features/train/anomaly/road_anomaly_less/traffic_accident/000000204533_all__9.npy,traffic_accident
Pistachio/VAD/vit-features/train/anomaly/road_anomaly_less/traffic_accident/000000204565_all__0.npy,traffic_accident
Pistachio/VAD/vit-features/train/anomaly/road_anomaly_less/traffic_accident/000000204565_all__1.npy,traffic_accident
Pistachio/VAD/vit-features/train/anomaly/road_anomaly_less/traffic_accident/000000204565_all__2.npy,traffic_accident
Pistachio/VAD/vit-features/train/anomaly/road_anomaly_less/traffic_accident/000000204565_all__3.npy,traffic_accident
Pistachio/VAD/vit-features/train/anomaly/road_anomaly_less/traffic_accident/000000204565_all__4.npy,traffic_accident
Pistachio/VAD/vit-features/train/anomaly/road_anomaly_less/traffic_accident/000000204565_all__5.npy,traffic_accident
Pistachio/VAD/vit-features/train/anomaly/road_anomaly_less/traffic_accident/000000204565_all__6.npy,traffic_accident
Pistachio/VAD/vit-features/train/anomaly/road_anomaly_less/traffic_accident/000000204565_all__7.npy,traffic_accident
Pistachio/VAD/vit-features/train/anomaly/road_anomaly_less/traffic_accident/000000204565_all__8.npy,traffic_accident
Pistachio/VAD/vit-features/train/anomaly/road_anomaly_less/traffic_accident/000000204565_all__9.npy,traffic_accident
Pistachio/VAD/vit-features/train/anomaly/road_anomaly_less/traffic_accident/000000205423_all__0.npy,traffic_accident
Pistachio/VAD/vit-features/train/anomaly/road_anomaly_less/traffic_accident/000000205423_all__1.npy,traffic_accident
Pistachio/VAD/vit-features/train/anomaly/road_anomaly_less/traffic_accident/000000205423_all__2.npy,traffic_accident
Pistachio/VAD/vit-features/train/anomaly/road_anomaly_less/traffic_accident/000000205423_all__3.npy,traffic_accident
Pistachio/VAD/vit-features/train/anomaly/road_anomaly_less/traffic_accident/000000205423_all__4.npy,traffic_accident
Pistachio/VAD/vit-features/train/anomaly/road_anomaly_less/traffic_accident/000000205423_all__5.npy,traffic_accident
Pistachio/VAD/vit-features/train/anomaly/road_anomaly_less/traffic_accident/000000205423_all__6.npy,traffic_accident
Pistachio/VAD/vit-features/train/anomaly/road_anomaly_less/traffic_accident/000000205423_all__7.npy,traffic_accident
Pistachio/VAD/vit-features/train/anomaly/road_anomaly_less/traffic_accident/000000205423_all__8.npy,traffic_accident
Pistachio/VAD/vit-features/train/anomaly/road_anomaly_less/traffic_accident/000000205423_all__9.npy,traffic_accident
Pistachio/VAD/vit-features/train/anomaly/road_anomaly_less/traffic_accident/000000206149_all__0.npy,traffic_accident
Pistachio/VAD/vit-features/train/anomaly/road_anomaly_less/traffic_accident/000000206149_all__1.npy,traffic_accident
Pistachio/VAD/vit-features/train/anomaly/road_anomaly_less/traffic_accident/000000206149_all__2.npy,traffic_accident
Pistachio/VAD/vit-features/train/anomaly/road_anomaly_less/traffic_accident/000000206149_all__3.npy,traffic_accident
Pistachio/VAD/vit-features/train/anomaly/road_anomaly_less/traffic_accident/000000206149_all__4.npy,traffic_accident
Pistachio/VAD/vit-features/train/anomaly/road_anomaly_less/traffic_accident/000000206149_all__5.npy,traffic_accident
Pistachio/VAD/vit-features/train/anomaly/road_anomaly_less/traffic_accident/000000206149_all__6.npy,traffic_accident
Pistachio/VAD/vit-features/train/anomaly/road_anomaly_less/traffic_accident/000000206149_all__7.npy,traffic_accident
Pistachio/VAD/vit-features/train/anomaly/road_anomaly_less/traffic_accident/000000206149_all__8.npy,traffic_accident
Pistachio/VAD/vit-features/train/anomaly/road_anomaly_less/traffic_accident/000000206149_all__9.npy,traffic_accident
Pistachio/VAD/vit-features/train/anomaly/road_anomaly_less/vandalism/000000301830_all__0.npy,vandalism
Pistachio/VAD/vit-features/train/anomaly/road_anomaly_less/vandalism/000000301830_all__1.npy,vandalism
Pistachio/VAD/vit-features/train/anomaly/road_anomaly_less/vandalism/000000301830_all__2.npy,vandalism
Pistachio/VAD/vit-features/train/anomaly/road_anomaly_less/vandalism/000000301830_all__3.npy,vandalism
Pistachio/VAD/vit-features/train/anomaly/road_anomaly_less/vandalism/000000301830_all__4.npy,vandalism
Pistachio/VAD/vit-features/train/anomaly/road_anomaly_less/vandalism/000000301830_all__5.npy,vandalism
Pistachio/VAD/vit-features/train/anomaly/road_anomaly_less/vandalism/000000301830_all__6.npy,vandalism
Pistachio/VAD/vit-features/train/anomaly/road_anomaly_less/vandalism/000000301830_all__7.npy,vandalism
Pistachio/VAD/vit-features/train/anomaly/road_anomaly_less/vandalism/000000301830_all__8.npy,vandalism
Pistachio/VAD/vit-features/train/anomaly/road_anomaly_less/vandalism/000000301830_all__9.npy,vandalism
Pistachio/VAD/vit-features/train/anomaly/road_anomaly_less/vandalism/000000339856_all__0.npy,vandalism
Pistachio/VAD/vit-features/train/anomaly/road_anomaly_less/vandalism/000000339856_all__1.npy,vandalism
Pistachio/VAD/vit-features/train/anomaly/road_anomaly_less/vandalism/000000339856_all__2.npy,vandalism
Pistachio/VAD/vit-features/train/anomaly/road_anomaly_less/vandalism/000000339856_all__3.npy,vandalism
Pistachio/VAD/vit-features/train/anomaly/road_anomaly_less/vandalism/000000339856_all__4.npy,vandalism
Pistachio/VAD/vit-features/train/anomaly/road_anomaly_less/vandalism/000000339856_all__5.npy,vandalism
Pistachio/VAD/vit-features/train/anomaly/road_anomaly_less/vandalism/000000339856_all__6.npy,vandalism
Pistachio/VAD/vit-features/train/anomaly/road_anomaly_less/vandalism/000000339856_all__7.npy,vandalism
Pistachio/VAD/vit-features/train/anomaly/road_anomaly_less/vandalism/000000339856_all__8.npy,vandalism
Pistachio/VAD/vit-features/train/anomaly/road_anomaly_less/vandalism/000000339856_all__9.npy,vandalism
Pistachio/VAD/vit-features/train/anomaly/road_anomaly_less/vandalism/000000341878_all__0.npy,vandalism
Pistachio/VAD/vit-features/train/anomaly/road_anomaly_less/vandalism/000000341878_all__1.npy,vandalism
Pistachio/VAD/vit-features/train/anomaly/road_anomaly_less/vandalism/000000341878_all__2.npy,vandalism
Pistachio/VAD/vit-features/train/anomaly/road_anomaly_less/vandalism/000000341878_all__3.npy,vandalism
Pistachio/VAD/vit-features/train/anomaly/road_anomaly_less/vandalism/000000341878_all__4.npy,vandalism
Pistachio/VAD/vit-features/train/anomaly/road_anomaly_less/vandalism/000000341878_all__5.npy,vandalism
Pistachio/VAD/vit-features/train/anomaly/road_anomaly_less/vandalism/000000341878_all__6.npy,vandalism
Pistachio/VAD/vit-features/train/anomaly/road_anomaly_less/vandalism/000000341878_all__7.npy,vandalism
Pistachio/VAD/vit-features/train/anomaly/road_anomaly_less/vandalism/000000341878_all__8.npy,vandalism
Pistachio/VAD/vit-features/train/anomaly/road_anomaly_less/vandalism/000000341878_all__9.npy,vandalism
Pistachio/VAD/vit-features/train/anomaly/road_anomaly_less/vandalism/000000350380_all__0.npy,vandalism
Pistachio/VAD/vit-features/train/anomaly/road_anomaly_less/vandalism/000000350380_all__1.npy,vandalism
Pistachio/VAD/vit-features/train/anomaly/road_anomaly_less/vandalism/000000350380_all__2.npy,vandalism
Pistachio/VAD/vit-features/train/anomaly/road_anomaly_less/vandalism/000000350380_all__3.npy,vandalism
Pistachio/VAD/vit-features/train/anomaly/road_anomaly_less/vandalism/000000350380_all__4.npy,vandalism
Pistachio/VAD/vit-features/train/anomaly/road_anomaly_less/vandalism/000000350380_all__5.npy,vandalism
Pistachio/VAD/vit-features/train/anomaly/road_anomaly_less/vandalism/000000350380_all__6.npy,vandalism
Pistachio/VAD/vit-features/train/anomaly/road_anomaly_less/vandalism/000000350380_all__7.npy,vandalism
Pistachio/VAD/vit-features/train/anomaly/road_anomaly_less/vandalism/000000350380_all__8.npy,vandalism
Pistachio/VAD/vit-features/train/anomaly/road_anomaly_less/vandalism/000000350380_all__9.npy,vandalism
Pistachio/VAD/vit-features/train/anomaly/road_anomaly_less/vandalism/000000355892_all__0.npy,vandalism
Pistachio/VAD/vit-features/train/anomaly/road_anomaly_less/vandalism/000000355892_all__1.npy,vandalism
Pistachio/VAD/vit-features/train/anomaly/road_anomaly_less/vandalism/000000355892_all__2.npy,vandalism
Pistachio/VAD/vit-features/train/anomaly/road_anomaly_less/vandalism/000000355892_all__3.npy,vandalism
Pistachio/VAD/vit-features/train/anomaly/road_anomaly_less/vandalism/000000355892_all__4.npy,vandalism
Pistachio/VAD/vit-features/train/anomaly/road_anomaly_less/vandalism/000000355892_all__5.npy,vandalism
Pistachio/VAD/vit-features/train/anomaly/road_anomaly_less/vandalism/000000355892_all__6.npy,vandalism
Pistachio/VAD/vit-features/train/anomaly/road_anomaly_less/vandalism/000000355892_all__7.npy,vandalism
Pistachio/VAD/vit-features/train/anomaly/road_anomaly_less/vandalism/000000355892_all__8.npy,vandalism
Pistachio/VAD/vit-features/train/anomaly/road_anomaly_less/vandalism/000000355892_all__9.npy,vandalism
Pistachio/VAD/vit-features/train/anomaly/road_anomaly_less/vandalism/000000365280_all__0.npy,vandalism
Pistachio/VAD/vit-features/train/anomaly/road_anomaly_less/vandalism/000000365280_all__1.npy,vandalism
Pistachio/VAD/vit-features/train/anomaly/road_anomaly_less/vandalism/000000365280_all__2.npy,vandalism
Pistachio/VAD/vit-features/train/anomaly/road_anomaly_less/vandalism/000000365280_all__3.npy,vandalism
Pistachio/VAD/vit-features/train/anomaly/road_anomaly_less/vandalism/000000365280_all__4.npy,vandalism
Pistachio/VAD/vit-features/train/anomaly/road_anomaly_less/vandalism/000000365280_all__5.npy,vandalism
Pistachio/VAD/vit-features/train/anomaly/road_anomaly_less/vandalism/000000365280_all__6.npy,vandalism
Pistachio/VAD/vit-features/train/anomaly/road_anomaly_less/vandalism/000000365280_all__7.npy,vandalism
Pistachio/VAD/vit-features/train/anomaly/road_anomaly_less/vandalism/000000365280_all__8.npy,vandalism
Pistachio/VAD/vit-features/train/anomaly/road_anomaly_less/vandalism/000000365280_all__9.npy,vandalism
Pistachio/VAD/vit-features/train/anomaly/road_anomaly_less/vandalism/000000468714_all__0.npy,vandalism
Pistachio/VAD/vit-features/train/anomaly/road_anomaly_less/vandalism/000000468714_all__1.npy,vandalism
Pistachio/VAD/vit-features/train/anomaly/road_anomaly_less/vandalism/000000468714_all__2.npy,vandalism
Pistachio/VAD/vit-features/train/anomaly/road_anomaly_less/vandalism/000000468714_all__3.npy,vandalism
Pistachio/VAD/vit-features/train/anomaly/road_anomaly_less/vandalism/000000468714_all__4.npy,vandalism
Pistachio/VAD/vit-features/train/anomaly/road_anomaly_less/vandalism/000000468714_all__5.npy,vandalism
Pistachio/VAD/vit-features/train/anomaly/road_anomaly_less/vandalism/000000468714_all__6.npy,vandalism
Pistachio/VAD/vit-features/train/anomaly/road_anomaly_less/vandalism/000000468714_all__7.npy,vandalism
Pistachio/VAD/vit-features/train/anomaly/road_anomaly_less/vandalism/000000468714_all__8.npy,vandalism
Pistachio/VAD/vit-features/train/anomaly/road_anomaly_less/vandalism/000000468714_all__9.npy,vandalism
Pistachio/VAD/vit-features/train/anomaly/road_anomaly_less/vandalism/000000505747_all__0.npy,vandalism
Pistachio/VAD/vit-features/train/anomaly/road_anomaly_less/vandalism/000000505747_all__1.npy,vandalism
Pistachio/VAD/vit-features/train/anomaly/road_anomaly_less/vandalism/000000505747_all__2.npy,vandalism
Pistachio/VAD/vit-features/train/anomaly/road_anomaly_less/vandalism/000000505747_all__3.npy,vandalism
Pistachio/VAD/vit-features/train/anomaly/road_anomaly_less/vandalism/000000505747_all__4.npy,vandalism
Pistachio/VAD/vit-features/train/anomaly/road_anomaly_less/vandalism/000000505747_all__5.npy,vandalism
Pistachio/VAD/vit-features/train/anomaly/road_anomaly_less/vandalism/000000505747_all__6.npy,vandalism
Pistachio/VAD/vit-features/train/anomaly/road_anomaly_less/vandalism/000000505747_all__7.npy,vandalism
Pistachio/VAD/vit-features/train/anomaly/road_anomaly_less/vandalism/000000505747_all__8.npy,vandalism
Pistachio/VAD/vit-features/train/anomaly/road_anomaly_less/vandalism/000000505747_all__9.npy,vandalism
Pistachio/VAD/vit-features/train/anomaly/road_anomaly_less/vandalism/000000506031_all__0.npy,vandalism
Pistachio/VAD/vit-features/train/anomaly/road_anomaly_less/vandalism/000000506031_all__1.npy,vandalism
Pistachio/VAD/vit-features/train/anomaly/road_anomaly_less/vandalism/000000506031_all__2.npy,vandalism
Pistachio/VAD/vit-features/train/anomaly/road_anomaly_less/vandalism/000000506031_all__3.npy,vandalism
Pistachio/VAD/vit-features/train/anomaly/road_anomaly_less/vandalism/000000506031_all__4.npy,vandalism
Pistachio/VAD/vit-features/train/anomaly/road_anomaly_less/vandalism/000000506031_all__5.npy,vandalism
Pistachio/VAD/vit-features/train/anomaly/road_anomaly_less/vandalism/000000506031_all__6.npy,vandalism
Pistachio/VAD/vit-features/train/anomaly/road_anomaly_less/vandalism/000000506031_all__7.npy,vandalism
Pistachio/VAD/vit-features/train/anomaly/road_anomaly_less/vandalism/000000506031_all__8.npy,vandalism
Pistachio/VAD/vit-features/train/anomaly/road_anomaly_less/vandalism/000000506031_all__9.npy,vandalism
Pistachio/VAD/vit-features/train/anomaly/road_anomaly_less/vandalism/000000509093_all__0.npy,vandalism
Pistachio/VAD/vit-features/train/anomaly/road_anomaly_less/vandalism/000000509093_all__1.npy,vandalism
Pistachio/VAD/vit-features/train/anomaly/road_anomaly_less/vandalism/000000509093_all__2.npy,vandalism
Pistachio/VAD/vit-features/train/anomaly/road_anomaly_less/vandalism/000000509093_all__3.npy,vandalism
Pistachio/VAD/vit-features/train/anomaly/road_anomaly_less/vandalism/000000509093_all__4.npy,vandalism
Pistachio/VAD/vit-features/train/anomaly/road_anomaly_less/vandalism/000000509093_all__5.npy,vandalism
Pistachio/VAD/vit-features/train/anomaly/road_anomaly_less/vandalism/000000509093_all__6.npy,vandalism
Pistachio/VAD/vit-features/train/anomaly/road_anomaly_less/vandalism/000000509093_all__7.npy,vandalism
Pistachio/VAD/vit-features/train/anomaly/road_anomaly_less/vandalism/000000509093_all__8.npy,vandalism
Pistachio/VAD/vit-features/train/anomaly/road_anomaly_less/vandalism/000000509093_all__9.npy,vandalism
Pistachio/VAD/vit-features/train/anomaly/road_anomaly_less/vandalism/000000515138_all__0.npy,vandalism
Pistachio/VAD/vit-features/train/anomaly/road_anomaly_less/vandalism/000000515138_all__1.npy,vandalism
Pistachio/VAD/vit-features/train/anomaly/road_anomaly_less/vandalism/000000515138_all__2.npy,vandalism
Pistachio/VAD/vit-features/train/anomaly/road_anomaly_less/vandalism/000000515138_all__3.npy,vandalism
Pistachio/VAD/vit-features/train/anomaly/road_anomaly_less/vandalism/000000515138_all__4.npy,vandalism
Pistachio/VAD/vit-features/train/anomaly/road_anomaly_less/vandalism/000000515138_all__5.npy,vandalism
Pistachio/VAD/vit-features/train/anomaly/road_anomaly_less/vandalism/000000515138_all__6.npy,vandalism
Pistachio/VAD/vit-features/train/anomaly/road_anomaly_less/vandalism/000000515138_all__7.npy,vandalism
Pistachio/VAD/vit-features/train/anomaly/road_anomaly_less/vandalism/000000515138_all__8.npy,vandalism
Pistachio/VAD/vit-features/train/anomaly/road_anomaly_less/vandalism/000000515138_all__9.npy,vandalism
Pistachio/VAD/vit-features/train/anomaly/road_anomaly_less/vandalism/000000523623_all__0.npy,vandalism
Pistachio/VAD/vit-features/train/anomaly/road_anomaly_less/vandalism/000000523623_all__1.npy,vandalism
Pistachio/VAD/vit-features/train/anomaly/road_anomaly_less/vandalism/000000523623_all__2.npy,vandalism
Pistachio/VAD/vit-features/train/anomaly/road_anomaly_less/vandalism/000000523623_all__3.npy,vandalism
Pistachio/VAD/vit-features/train/anomaly/road_anomaly_less/vandalism/000000523623_all__4.npy,vandalism
Pistachio/VAD/vit-features/train/anomaly/road_anomaly_less/vandalism/000000523623_all__5.npy,vandalism
Pistachio/VAD/vit-features/train/anomaly/road_anomaly_less/vandalism/000000523623_all__6.npy,vandalism
Pistachio/VAD/vit-features/train/anomaly/road_anomaly_less/vandalism/000000523623_all__7.npy,vandalism
Pistachio/VAD/vit-features/train/anomaly/road_anomaly_less/vandalism/000000523623_all__8.npy,vandalism
Pistachio/VAD/vit-features/train/anomaly/road_anomaly_less/vandalism/000000523623_all__9.npy,vandalism
Pistachio/VAD/vit-features/train/anomaly/road_anomaly_less/vandalism/000000526863_all__0.npy,vandalism
Pistachio/VAD/vit-features/train/anomaly/road_anomaly_less/vandalism/000000526863_all__1.npy,vandalism
Pistachio/VAD/vit-features/train/anomaly/road_anomaly_less/vandalism/000000526863_all__2.npy,vandalism
Pistachio/VAD/vit-features/train/anomaly/road_anomaly_less/vandalism/000000526863_all__3.npy,vandalism
Pistachio/VAD/vit-features/train/anomaly/road_anomaly_less/vandalism/000000526863_all__4.npy,vandalism
Pistachio/VAD/vit-features/train/anomaly/road_anomaly_less/vandalism/000000526863_all__5.npy,vandalism
Pistachio/VAD/vit-features/train/anomaly/road_anomaly_less/vandalism/000000526863_all__6.npy,vandalism
Pistachio/VAD/vit-features/train/anomaly/road_anomaly_less/vandalism/000000526863_all__7.npy,vandalism
Pistachio/VAD/vit-features/train/anomaly/road_anomaly_less/vandalism/000000526863_all__8.npy,vandalism
Pistachio/VAD/vit-features/train/anomaly/road_anomaly_less/vandalism/000000526863_all__9.npy,vandalism
Pistachio/VAD/vit-features/train/anomaly/road_anomaly_less/vandalism/000000536296_all__0.npy,vandalism
Pistachio/VAD/vit-features/train/anomaly/road_anomaly_less/vandalism/000000536296_all__1.npy,vandalism
Pistachio/VAD/vit-features/train/anomaly/road_anomaly_less/vandalism/000000536296_all__2.npy,vandalism
Pistachio/VAD/vit-features/train/anomaly/road_anomaly_less/vandalism/000000536296_all__3.npy,vandalism
Pistachio/VAD/vit-features/train/anomaly/road_anomaly_less/vandalism/000000536296_all__4.npy,vandalism
Pistachio/VAD/vit-features/train/anomaly/road_anomaly_less/vandalism/000000536296_all__5.npy,vandalism
Pistachio/VAD/vit-features/train/anomaly/road_anomaly_less/vandalism/000000536296_all__6.npy,vandalism
Pistachio/VAD/vit-features/train/anomaly/road_anomaly_less/vandalism/000000536296_all__7.npy,vandalism
Pistachio/VAD/vit-features/train/anomaly/road_anomaly_less/vandalism/000000536296_all__8.npy,vandalism
Pistachio/VAD/vit-features/train/anomaly/road_anomaly_less/vandalism/000000536296_all__9.npy,vandalism
Pistachio/VAD/vit-features/train/anomaly/road_anomaly_less/vandalism/000000538189_all__0.npy,vandalism
Pistachio/VAD/vit-features/train/anomaly/road_anomaly_less/vandalism/000000538189_all__1.npy,vandalism
Pistachio/VAD/vit-features/train/anomaly/road_anomaly_less/vandalism/000000538189_all__2.npy,vandalism
Pistachio/VAD/vit-features/train/anomaly/road_anomaly_less/vandalism/000000538189_all__3.npy,vandalism
Pistachio/VAD/vit-features/train/anomaly/road_anomaly_less/vandalism/000000538189_all__4.npy,vandalism
Pistachio/VAD/vit-features/train/anomaly/road_anomaly_less/vandalism/000000538189_all__5.npy,vandalism
Pistachio/VAD/vit-features/train/anomaly/road_anomaly_less/vandalism/000000538189_all__6.npy,vandalism
Pistachio/VAD/vit-features/train/anomaly/road_anomaly_less/vandalism/000000538189_all__7.npy,vandalism
Pistachio/VAD/vit-features/train/anomaly/road_anomaly_less/vandalism/000000538189_all__8.npy,vandalism
Pistachio/VAD/vit-features/train/anomaly/road_anomaly_less/vandalism/000000538189_all__9.npy,vandalism
Pistachio/VAD/vit-features/train/anomaly/road_anomaly_less/weapons_incident/000000283034_all__0.npy,weapons_incident
Pistachio/VAD/vit-features/train/anomaly/road_anomaly_less/weapons_incident/000000283034_all__1.npy,weapons_incident
Pistachio/VAD/vit-features/train/anomaly/road_anomaly_less/weapons_incident/000000283034_all__2.npy,weapons_incident
Pistachio/VAD/vit-features/train/anomaly/road_anomaly_less/weapons_incident/000000283034_all__3.npy,weapons_incident
Pistachio/VAD/vit-features/train/anomaly/road_anomaly_less/weapons_incident/000000283034_all__4.npy,weapons_incident
Pistachio/VAD/vit-features/train/anomaly/road_anomaly_less/weapons_incident/000000283034_all__5.npy,weapons_incident
Pistachio/VAD/vit-features/train/anomaly/road_anomaly_less/weapons_incident/000000283034_all__6.npy,weapons_incident
Pistachio/VAD/vit-features/train/anomaly/road_anomaly_less/weapons_incident/000000283034_all__7.npy,weapons_incident
Pistachio/VAD/vit-features/train/anomaly/road_anomaly_less/weapons_incident/000000283034_all__8.npy,weapons_incident
Pistachio/VAD/vit-features/train/anomaly/road_anomaly_less/weapons_incident/000000283034_all__9.npy,weapons_incident
Pistachio/VAD/vit-features/train/anomaly/road_anomaly_less/weapons_incident/000000283396_all__0.npy,weapons_incident
Pistachio/VAD/vit-features/train/anomaly/road_anomaly_less/weapons_incident/000000283396_all__1.npy,weapons_incident
Pistachio/VAD/vit-features/train/anomaly/road_anomaly_less/weapons_incident/000000283396_all__2.npy,weapons_incident
Pistachio/VAD/vit-features/train/anomaly/road_anomaly_less/weapons_incident/000000283396_all__3.npy,weapons_incident
Pistachio/VAD/vit-features/train/anomaly/road_anomaly_less/weapons_incident/000000283396_all__4.npy,weapons_incident
Pistachio/VAD/vit-features/train/anomaly/road_anomaly_less/weapons_incident/000000283396_all__5.npy,weapons_incident
Pistachio/VAD/vit-features/train/anomaly/road_anomaly_less/weapons_incident/000000283396_all__6.npy,weapons_incident
Pistachio/VAD/vit-features/train/anomaly/road_anomaly_less/weapons_incident/000000283396_all__7.npy,weapons_incident
Pistachio/VAD/vit-features/train/anomaly/road_anomaly_less/weapons_incident/000000283396_all__8.npy,weapons_incident
Pistachio/VAD/vit-features/train/anomaly/road_anomaly_less/weapons_incident/000000283396_all__9.npy,weapons_incident
Pistachio/VAD/vit-features/train/anomaly/road_anomaly_less/weapons_incident/000000283481_all__0.npy,weapons_incident
Pistachio/VAD/vit-features/train/anomaly/road_anomaly_less/weapons_incident/000000283481_all__1.npy,weapons_incident
Pistachio/VAD/vit-features/train/anomaly/road_anomaly_less/weapons_incident/000000283481_all__2.npy,weapons_incident
Pistachio/VAD/vit-features/train/anomaly/road_anomaly_less/weapons_incident/000000283481_all__3.npy,weapons_incident
Pistachio/VAD/vit-features/train/anomaly/road_anomaly_less/weapons_incident/000000283481_all__4.npy,weapons_incident
Pistachio/VAD/vit-features/train/anomaly/road_anomaly_less/weapons_incident/000000283481_all__5.npy,weapons_incident
Pistachio/VAD/vit-features/train/anomaly/road_anomaly_less/weapons_incident/000000283481_all__6.npy,weapons_incident
Pistachio/VAD/vit-features/train/anomaly/road_anomaly_less/weapons_incident/000000283481_all__7.npy,weapons_incident
Pistachio/VAD/vit-features/train/anomaly/road_anomaly_less/weapons_incident/000000283481_all__8.npy,weapons_incident
Pistachio/VAD/vit-features/train/anomaly/road_anomaly_less/weapons_incident/000000283481_all__9.npy,weapons_incident
Pistachio/VAD/vit-features/train/anomaly/road_anomaly_less/weapons_incident/000000283791_all__0.npy,weapons_incident
Pistachio/VAD/vit-features/train/anomaly/road_anomaly_less/weapons_incident/000000283791_all__1.npy,weapons_incident
Pistachio/VAD/vit-features/train/anomaly/road_anomaly_less/weapons_incident/000000283791_all__2.npy,weapons_incident
Pistachio/VAD/vit-features/train/anomaly/road_anomaly_less/weapons_incident/000000283791_all__3.npy,weapons_incident
Pistachio/VAD/vit-features/train/anomaly/road_anomaly_less/weapons_incident/000000283791_all__4.npy,weapons_incident
Pistachio/VAD/vit-features/train/anomaly/road_anomaly_less/weapons_incident/000000283791_all__5.npy,weapons_incident
Pistachio/VAD/vit-features/train/anomaly/road_anomaly_less/weapons_incident/000000283791_all__6.npy,weapons_incident
Pistachio/VAD/vit-features/train/anomaly/road_anomaly_less/weapons_incident/000000283791_all__7.npy,weapons_incident
Pistachio/VAD/vit-features/train/anomaly/road_anomaly_less/weapons_incident/000000283791_all__8.npy,weapons_incident
Pistachio/VAD/vit-features/train/anomaly/road_anomaly_less/weapons_incident/000000283791_all__9.npy,weapons_incident
Pistachio/VAD/vit-features/train/anomaly/road_anomaly_less/weapons_incident/000000283834_all__0.npy,weapons_incident
Pistachio/VAD/vit-features/train/anomaly/road_anomaly_less/weapons_incident/000000283834_all__1.npy,weapons_incident
Pistachio/VAD/vit-features/train/anomaly/road_anomaly_less/weapons_incident/000000283834_all__2.npy,weapons_incident
Pistachio/VAD/vit-features/train/anomaly/road_anomaly_less/weapons_incident/000000283834_all__3.npy,weapons_incident
Pistachio/VAD/vit-features/train/anomaly/road_anomaly_less/weapons_incident/000000283834_all__4.npy,weapons_incident
Pistachio/VAD/vit-features/train/anomaly/road_anomaly_less/weapons_incident/000000283834_all__5.npy,weapons_incident
Pistachio/VAD/vit-features/train/anomaly/road_anomaly_less/weapons_incident/000000283834_all__6.npy,weapons_incident
Pistachio/VAD/vit-features/train/anomaly/road_anomaly_less/weapons_incident/000000283834_all__7.npy,weapons_incident
Pistachio/VAD/vit-features/train/anomaly/road_anomaly_less/weapons_incident/000000283834_all__8.npy,weapons_incident
Pistachio/VAD/vit-features/train/anomaly/road_anomaly_less/weapons_incident/000000283834_all__9.npy,weapons_incident
Pistachio/VAD/vit-features/train/anomaly/road_anomaly_less/weapons_incident/000000284216_all__0.npy,weapons_incident
Pistachio/VAD/vit-features/train/anomaly/road_anomaly_less/weapons_incident/000000284216_all__1.npy,weapons_incident
Pistachio/VAD/vit-features/train/anomaly/road_anomaly_less/weapons_incident/000000284216_all__2.npy,weapons_incident
Pistachio/VAD/vit-features/train/anomaly/road_anomaly_less/weapons_incident/000000284216_all__3.npy,weapons_incident
Pistachio/VAD/vit-features/train/anomaly/road_anomaly_less/weapons_incident/000000284216_all__4.npy,weapons_incident
Pistachio/VAD/vit-features/train/anomaly/road_anomaly_less/weapons_incident/000000284216_all__5.npy,weapons_incident
Pistachio/VAD/vit-features/train/anomaly/road_anomaly_less/weapons_incident/000000284216_all__6.npy,weapons_incident
Pistachio/VAD/vit-features/train/anomaly/road_anomaly_less/weapons_incident/000000284216_all__7.npy,weapons_incident
Pistachio/VAD/vit-features/train/anomaly/road_anomaly_less/weapons_incident/000000284216_all__8.npy,weapons_incident
Pistachio/VAD/vit-features/train/anomaly/road_anomaly_less/weapons_incident/000000284216_all__9.npy,weapons_incident
Pistachio/VAD/vit-features/train/anomaly/road_anomaly_less/weapons_incident/000000284474_all__0.npy,weapons_incident
Pistachio/VAD/vit-features/train/anomaly/road_anomaly_less/weapons_incident/000000284474_all__1.npy,weapons_incident
Pistachio/VAD/vit-features/train/anomaly/road_anomaly_less/weapons_incident/000000284474_all__2.npy,weapons_incident
Pistachio/VAD/vit-features/train/anomaly/road_anomaly_less/weapons_incident/000000284474_all__3.npy,weapons_incident
Pistachio/VAD/vit-features/train/anomaly/road_anomaly_less/weapons_incident/000000284474_all__4.npy,weapons_incident
Pistachio/VAD/vit-features/train/anomaly/road_anomaly_less/weapons_incident/000000284474_all__5.npy,weapons_incident
Pistachio/VAD/vit-features/train/anomaly/road_anomaly_less/weapons_incident/000000284474_all__6.npy,weapons_incident
Pistachio/VAD/vit-features/train/anomaly/road_anomaly_less/weapons_incident/000000284474_all__7.npy,weapons_incident
Pistachio/VAD/vit-features/train/anomaly/road_anomaly_less/weapons_incident/000000284474_all__8.npy,weapons_incident
Pistachio/VAD/vit-features/train/anomaly/road_anomaly_less/weapons_incident/000000284474_all__9.npy,weapons_incident
Pistachio/VAD/vit-features/train/anomaly/road_anomaly_less/weapons_incident/000000284544_all__0.npy,weapons_incident
Pistachio/VAD/vit-features/train/anomaly/road_anomaly_less/weapons_incident/000000284544_all__1.npy,weapons_incident
Pistachio/VAD/vit-features/train/anomaly/road_anomaly_less/weapons_incident/000000284544_all__2.npy,weapons_incident
Pistachio/VAD/vit-features/train/anomaly/road_anomaly_less/weapons_incident/000000284544_all__3.npy,weapons_incident
Pistachio/VAD/vit-features/train/anomaly/road_anomaly_less/weapons_incident/000000284544_all__4.npy,weapons_incident
Pistachio/VAD/vit-features/train/anomaly/road_anomaly_less/weapons_incident/000000284544_all__5.npy,weapons_incident
Pistachio/VAD/vit-features/train/anomaly/road_anomaly_less/weapons_incident/000000284544_all__6.npy,weapons_incident
Pistachio/VAD/vit-features/train/anomaly/road_anomaly_less/weapons_incident/000000284544_all__7.npy,weapons_incident
Pistachio/VAD/vit-features/train/anomaly/road_anomaly_less/weapons_incident/000000284544_all__8.npy,weapons_incident
Pistachio/VAD/vit-features/train/anomaly/road_anomaly_less/weapons_incident/000000284544_all__9.npy,weapons_incident
Pistachio/VAD/vit-features/train/anomaly/road_anomaly_less/weapons_incident/000000284549_all__0.npy,weapons_incident
Pistachio/VAD/vit-features/train/anomaly/road_anomaly_less/weapons_incident/000000284549_all__1.npy,weapons_incident
Pistachio/VAD/vit-features/train/anomaly/road_anomaly_less/weapons_incident/000000284549_all__2.npy,weapons_incident
Pistachio/VAD/vit-features/train/anomaly/road_anomaly_less/weapons_incident/000000284549_all__3.npy,weapons_incident
Pistachio/VAD/vit-features/train/anomaly/road_anomaly_less/weapons_incident/000000284549_all__4.npy,weapons_incident
Pistachio/VAD/vit-features/train/anomaly/road_anomaly_less/weapons_incident/000000284549_all__5.npy,weapons_incident
Pistachio/VAD/vit-features/train/anomaly/road_anomaly_less/weapons_incident/000000284549_all__6.npy,weapons_incident
Pistachio/VAD/vit-features/train/anomaly/road_anomaly_less/weapons_incident/000000284549_all__7.npy,weapons_incident
Pistachio/VAD/vit-features/train/anomaly/road_anomaly_less/weapons_incident/000000284549_all__8.npy,weapons_incident
Pistachio/VAD/vit-features/train/anomaly/road_anomaly_less/weapons_incident/000000284549_all__9.npy,weapons_incident
Pistachio/VAD/vit-features/train/anomaly/road_anomaly_less/weapons_incident/000000284952_all__0.npy,weapons_incident
Pistachio/VAD/vit-features/train/anomaly/road_anomaly_less/weapons_incident/000000284952_all__1.npy,weapons_incident
Pistachio/VAD/vit-features/train/anomaly/road_anomaly_less/weapons_incident/000000284952_all__2.npy,weapons_incident
Pistachio/VAD/vit-features/train/anomaly/road_anomaly_less/weapons_incident/000000284952_all__3.npy,weapons_incident
Pistachio/VAD/vit-features/train/anomaly/road_anomaly_less/weapons_incident/000000284952_all__4.npy,weapons_incident
Pistachio/VAD/vit-features/train/anomaly/road_anomaly_less/weapons_incident/000000284952_all__5.npy,weapons_incident
Pistachio/VAD/vit-features/train/anomaly/road_anomaly_less/weapons_incident/000000284952_all__6.npy,weapons_incident
Pistachio/VAD/vit-features/train/anomaly/road_anomaly_less/weapons_incident/000000284952_all__7.npy,weapons_incident
Pistachio/VAD/vit-features/train/anomaly/road_anomaly_less/weapons_incident/000000284952_all__8.npy,weapons_incident
Pistachio/VAD/vit-features/train/anomaly/road_anomaly_less/weapons_incident/000000284952_all__9.npy,weapons_incident
Pistachio/VAD/vit-features/train/anomaly/road_anomaly_less/weapons_incident/000000285051_all__0.npy,weapons_incident
Pistachio/VAD/vit-features/train/anomaly/road_anomaly_less/weapons_incident/000000285051_all__1.npy,weapons_incident
Pistachio/VAD/vit-features/train/anomaly/road_anomaly_less/weapons_incident/000000285051_all__2.npy,weapons_incident
Pistachio/VAD/vit-features/train/anomaly/road_anomaly_less/weapons_incident/000000285051_all__3.npy,weapons_incident
Pistachio/VAD/vit-features/train/anomaly/road_anomaly_less/weapons_incident/000000285051_all__4.npy,weapons_incident
Pistachio/VAD/vit-features/train/anomaly/road_anomaly_less/weapons_incident/000000285051_all__5.npy,weapons_incident
Pistachio/VAD/vit-features/train/anomaly/road_anomaly_less/weapons_incident/000000285051_all__6.npy,weapons_incident
Pistachio/VAD/vit-features/train/anomaly/road_anomaly_less/weapons_incident/000000285051_all__7.npy,weapons_incident
Pistachio/VAD/vit-features/train/anomaly/road_anomaly_less/weapons_incident/000000285051_all__8.npy,weapons_incident
Pistachio/VAD/vit-features/train/anomaly/road_anomaly_less/weapons_incident/000000285051_all__9.npy,weapons_incident
Pistachio/VAD/vit-features/train/anomaly/road_anomaly_less/weapons_incident/000000285199_all__0.npy,weapons_incident
Pistachio/VAD/vit-features/train/anomaly/road_anomaly_less/weapons_incident/000000285199_all__1.npy,weapons_incident
Pistachio/VAD/vit-features/train/anomaly/road_anomaly_less/weapons_incident/000000285199_all__2.npy,weapons_incident
Pistachio/VAD/vit-features/train/anomaly/road_anomaly_less/weapons_incident/000000285199_all__3.npy,weapons_incident
Pistachio/VAD/vit-features/train/anomaly/road_anomaly_less/weapons_incident/000000285199_all__4.npy,weapons_incident
Pistachio/VAD/vit-features/train/anomaly/road_anomaly_less/weapons_incident/000000285199_all__5.npy,weapons_incident
Pistachio/VAD/vit-features/train/anomaly/road_anomaly_less/weapons_incident/000000285199_all__6.npy,weapons_incident
Pistachio/VAD/vit-features/train/anomaly/road_anomaly_less/weapons_incident/000000285199_all__7.npy,weapons_incident
Pistachio/VAD/vit-features/train/anomaly/road_anomaly_less/weapons_incident/000000285199_all__8.npy,weapons_incident
Pistachio/VAD/vit-features/train/anomaly/road_anomaly_less/weapons_incident/000000285199_all__9.npy,weapons_incident
Pistachio/VAD/vit-features/train/anomaly/road_anomaly_less/weapons_incident/000000285423_all__0.npy,weapons_incident
Pistachio/VAD/vit-features/train/anomaly/road_anomaly_less/weapons_incident/000000285423_all__1.npy,weapons_incident
Pistachio/VAD/vit-features/train/anomaly/road_anomaly_less/weapons_incident/000000285423_all__2.npy,weapons_incident
Pistachio/VAD/vit-features/train/anomaly/road_anomaly_less/weapons_incident/000000285423_all__3.npy,weapons_incident
Pistachio/VAD/vit-features/train/anomaly/road_anomaly_less/weapons_incident/000000285423_all__4.npy,weapons_incident
Pistachio/VAD/vit-features/train/anomaly/road_anomaly_less/weapons_incident/000000285423_all__5.npy,weapons_incident
Pistachio/VAD/vit-features/train/anomaly/road_anomaly_less/weapons_incident/000000285423_all__6.npy,weapons_incident
Pistachio/VAD/vit-features/train/anomaly/road_anomaly_less/weapons_incident/000000285423_all__7.npy,weapons_incident
Pistachio/VAD/vit-features/train/anomaly/road_anomaly_less/weapons_incident/000000285423_all__8.npy,weapons_incident
Pistachio/VAD/vit-features/train/anomaly/road_anomaly_less/weapons_incident/000000285423_all__9.npy,weapons_incident
Pistachio/VAD/vit-features/train/anomaly/road_anomaly_less/weapons_incident/000000285447_all__0.npy,weapons_incident
Pistachio/VAD/vit-features/train/anomaly/road_anomaly_less/weapons_incident/000000285447_all__1.npy,weapons_incident
Pistachio/VAD/vit-features/train/anomaly/road_anomaly_less/weapons_incident/000000285447_all__2.npy,weapons_incident
Pistachio/VAD/vit-features/train/anomaly/road_anomaly_less/weapons_incident/000000285447_all__3.npy,weapons_incident
Pistachio/VAD/vit-features/train/anomaly/road_anomaly_less/weapons_incident/000000285447_all__4.npy,weapons_incident
Pistachio/VAD/vit-features/train/anomaly/road_anomaly_less/weapons_incident/000000285447_all__5.npy,weapons_incident
Pistachio/VAD/vit-features/train/anomaly/road_anomaly_less/weapons_incident/000000285447_all__6.npy,weapons_incident
Pistachio/VAD/vit-features/train/anomaly/road_anomaly_less/weapons_incident/000000285447_all__7.npy,weapons_incident
Pistachio/VAD/vit-features/train/anomaly/road_anomaly_less/weapons_incident/000000285447_all__8.npy,weapons_incident
Pistachio/VAD/vit-features/train/anomaly/road_anomaly_less/weapons_incident/000000285447_all__9.npy,weapons_incident
Pistachio/VAD/vit-features/train/anomaly/road_anomaly_less/weapons_incident/000000285576_all__0.npy,weapons_incident
Pistachio/VAD/vit-features/train/anomaly/road_anomaly_less/weapons_incident/000000285576_all__1.npy,weapons_incident
Pistachio/VAD/vit-features/train/anomaly/road_anomaly_less/weapons_incident/000000285576_all__2.npy,weapons_incident
Pistachio/VAD/vit-features/train/anomaly/road_anomaly_less/weapons_incident/000000285576_all__3.npy,weapons_incident
Pistachio/VAD/vit-features/train/anomaly/road_anomaly_less/weapons_incident/000000285576_all__4.npy,weapons_incident
Pistachio/VAD/vit-features/train/anomaly/road_anomaly_less/weapons_incident/000000285576_all__5.npy,weapons_incident
Pistachio/VAD/vit-features/train/anomaly/road_anomaly_less/weapons_incident/000000285576_all__6.npy,weapons_incident
Pistachio/VAD/vit-features/train/anomaly/road_anomaly_less/weapons_incident/000000285576_all__7.npy,weapons_incident
Pistachio/VAD/vit-features/train/anomaly/road_anomaly_less/weapons_incident/000000285576_all__8.npy,weapons_incident
Pistachio/VAD/vit-features/train/anomaly/road_anomaly_less/weapons_incident/000000285576_all__9.npy,weapons_incident
Pistachio/VAD/vit-features/train/anomaly/road_anomaly_less/weapons_incident/000000285715_all__0.npy,weapons_incident
Pistachio/VAD/vit-features/train/anomaly/road_anomaly_less/weapons_incident/000000285715_all__1.npy,weapons_incident
Pistachio/VAD/vit-features/train/anomaly/road_anomaly_less/weapons_incident/000000285715_all__2.npy,weapons_incident
Pistachio/VAD/vit-features/train/anomaly/road_anomaly_less/weapons_incident/000000285715_all__3.npy,weapons_incident
Pistachio/VAD/vit-features/train/anomaly/road_anomaly_less/weapons_incident/000000285715_all__4.npy,weapons_incident
Pistachio/VAD/vit-features/train/anomaly/road_anomaly_less/weapons_incident/000000285715_all__5.npy,weapons_incident
Pistachio/VAD/vit-features/train/anomaly/road_anomaly_less/weapons_incident/000000285715_all__6.npy,weapons_incident
Pistachio/VAD/vit-features/train/anomaly/road_anomaly_less/weapons_incident/000000285715_all__7.npy,weapons_incident
Pistachio/VAD/vit-features/train/anomaly/road_anomaly_less/weapons_incident/000000285715_all__8.npy,weapons_incident
Pistachio/VAD/vit-features/train/anomaly/road_anomaly_less/weapons_incident/000000285715_all__9.npy,weapons_incident
Pistachio/VAD/vit-features/train/anomaly/road_anomaly_less/wild_large_animal_intrusion/000000501895_all__0.npy,wild_large_animal_intrusion
Pistachio/VAD/vit-features/train/anomaly/road_anomaly_less/wild_large_animal_intrusion/000000501895_all__1.npy,wild_large_animal_intrusion
Pistachio/VAD/vit-features/train/anomaly/road_anomaly_less/wild_large_animal_intrusion/000000501895_all__2.npy,wild_large_animal_intrusion
Pistachio/VAD/vit-features/train/anomaly/road_anomaly_less/wild_large_animal_intrusion/000000501895_all__3.npy,wild_large_animal_intrusion
Pistachio/VAD/vit-features/train/anomaly/road_anomaly_less/wild_large_animal_intrusion/000000501895_all__4.npy,wild_large_animal_intrusion
Pistachio/VAD/vit-features/train/anomaly/road_anomaly_less/wild_large_animal_intrusion/000000501895_all__5.npy,wild_large_animal_intrusion
Pistachio/VAD/vit-features/train/anomaly/road_anomaly_less/wild_large_animal_intrusion/000000501895_all__6.npy,wild_large_animal_intrusion
Pistachio/VAD/vit-features/train/anomaly/road_anomaly_less/wild_large_animal_intrusion/000000501895_all__7.npy,wild_large_animal_intrusion
Pistachio/VAD/vit-features/train/anomaly/road_anomaly_less/wild_large_animal_intrusion/000000501895_all__8.npy,wild_large_animal_intrusion
Pistachio/VAD/vit-features/train/anomaly/road_anomaly_less/wild_large_animal_intrusion/000000501895_all__9.npy,wild_large_animal_intrusion
Pistachio/VAD/vit-features/train/anomaly/road_anomaly_less/wild_large_animal_intrusion/000000502688_all__0.npy,wild_large_animal_intrusion
Pistachio/VAD/vit-features/train/anomaly/road_anomaly_less/wild_large_animal_intrusion/000000502688_all__1.npy,wild_large_animal_intrusion
Pistachio/VAD/vit-features/train/anomaly/road_anomaly_less/wild_large_animal_intrusion/000000502688_all__2.npy,wild_large_animal_intrusion
Pistachio/VAD/vit-features/train/anomaly/road_anomaly_less/wild_large_animal_intrusion/000000502688_all__3.npy,wild_large_animal_intrusion
Pistachio/VAD/vit-features/train/anomaly/road_anomaly_less/wild_large_animal_intrusion/000000502688_all__4.npy,wild_large_animal_intrusion
Pistachio/VAD/vit-features/train/anomaly/road_anomaly_less/wild_large_animal_intrusion/000000502688_all__5.npy,wild_large_animal_intrusion
Pistachio/VAD/vit-features/train/anomaly/road_anomaly_less/wild_large_animal_intrusion/000000502688_all__6.npy,wild_large_animal_intrusion
Pistachio/VAD/vit-features/train/anomaly/road_anomaly_less/wild_large_animal_intrusion/000000502688_all__7.npy,wild_large_animal_intrusion
Pistachio/VAD/vit-features/train/anomaly/road_anomaly_less/wild_large_animal_intrusion/000000502688_all__8.npy,wild_large_animal_intrusion
Pistachio/VAD/vit-features/train/anomaly/road_anomaly_less/wild_large_animal_intrusion/000000502688_all__9.npy,wild_large_animal_intrusion
Pistachio/VAD/vit-features/train/anomaly/road_anomaly_less/wild_large_animal_intrusion/000000503134_all__0.npy,wild_large_animal_intrusion
Pistachio/VAD/vit-features/train/anomaly/road_anomaly_less/wild_large_animal_intrusion/000000503134_all__1.npy,wild_large_animal_intrusion
Pistachio/VAD/vit-features/train/anomaly/road_anomaly_less/wild_large_animal_intrusion/000000503134_all__2.npy,wild_large_animal_intrusion
Pistachio/VAD/vit-features/train/anomaly/road_anomaly_less/wild_large_animal_intrusion/000000503134_all__3.npy,wild_large_animal_intrusion
Pistachio/VAD/vit-features/train/anomaly/road_anomaly_less/wild_large_animal_intrusion/000000503134_all__4.npy,wild_large_animal_intrusion
Pistachio/VAD/vit-features/train/anomaly/road_anomaly_less/wild_large_animal_intrusion/000000503134_all__5.npy,wild_large_animal_intrusion
Pistachio/VAD/vit-features/train/anomaly/road_anomaly_less/wild_large_animal_intrusion/000000503134_all__6.npy,wild_large_animal_intrusion
Pistachio/VAD/vit-features/train/anomaly/road_anomaly_less/wild_large_animal_intrusion/000000503134_all__7.npy,wild_large_animal_intrusion
Pistachio/VAD/vit-features/train/anomaly/road_anomaly_less/wild_large_animal_intrusion/000000503134_all__8.npy,wild_large_animal_intrusion
Pistachio/VAD/vit-features/train/anomaly/road_anomaly_less/wild_large_animal_intrusion/000000503134_all__9.npy,wild_large_animal_intrusion
Pistachio/VAD/vit-features/train/anomaly/road_anomaly_less/wild_large_animal_intrusion/000000523431_all__0.npy,wild_large_animal_intrusion
Pistachio/VAD/vit-features/train/anomaly/road_anomaly_less/wild_large_animal_intrusion/000000523431_all__1.npy,wild_large_animal_intrusion
Pistachio/VAD/vit-features/train/anomaly/road_anomaly_less/wild_large_animal_intrusion/000000523431_all__2.npy,wild_large_animal_intrusion
Pistachio/VAD/vit-features/train/anomaly/road_anomaly_less/wild_large_animal_intrusion/000000523431_all__3.npy,wild_large_animal_intrusion
Pistachio/VAD/vit-features/train/anomaly/road_anomaly_less/wild_large_animal_intrusion/000000523431_all__4.npy,wild_large_animal_intrusion
Pistachio/VAD/vit-features/train/anomaly/road_anomaly_less/wild_large_animal_intrusion/000000523431_all__5.npy,wild_large_animal_intrusion
Pistachio/VAD/vit-features/train/anomaly/road_anomaly_less/wild_large_animal_intrusion/000000523431_all__6.npy,wild_large_animal_intrusion
Pistachio/VAD/vit-features/train/anomaly/road_anomaly_less/wild_large_animal_intrusion/000000523431_all__7.npy,wild_large_animal_intrusion
Pistachio/VAD/vit-features/train/anomaly/road_anomaly_less/wild_large_animal_intrusion/000000523431_all__8.npy,wild_large_animal_intrusion
Pistachio/VAD/vit-features/train/anomaly/road_anomaly_less/wild_large_animal_intrusion/000000523431_all__9.npy,wild_large_animal_intrusion
Pistachio/VAD/vit-features/train/anomaly/road_anomaly_less/wild_large_animal_intrusion/000000526584_all__0.npy,wild_large_animal_intrusion
Pistachio/VAD/vit-features/train/anomaly/road_anomaly_less/wild_large_animal_intrusion/000000526584_all__1.npy,wild_large_animal_intrusion
Pistachio/VAD/vit-features/train/anomaly/road_anomaly_less/wild_large_animal_intrusion/000000526584_all__2.npy,wild_large_animal_intrusion
Pistachio/VAD/vit-features/train/anomaly/road_anomaly_less/wild_large_animal_intrusion/000000526584_all__3.npy,wild_large_animal_intrusion
Pistachio/VAD/vit-features/train/anomaly/road_anomaly_less/wild_large_animal_intrusion/000000526584_all__4.npy,wild_large_animal_intrusion
Pistachio/VAD/vit-features/train/anomaly/road_anomaly_less/wild_large_animal_intrusion/000000526584_all__5.npy,wild_large_animal_intrusion
Pistachio/VAD/vit-features/train/anomaly/road_anomaly_less/wild_large_animal_intrusion/000000526584_all__6.npy,wild_large_animal_intrusion
Pistachio/VAD/vit-features/train/anomaly/road_anomaly_less/wild_large_animal_intrusion/000000526584_all__7.npy,wild_large_animal_intrusion
Pistachio/VAD/vit-features/train/anomaly/road_anomaly_less/wild_large_animal_intrusion/000000526584_all__8.npy,wild_large_animal_intrusion
Pistachio/VAD/vit-features/train/anomaly/road_anomaly_less/wild_large_animal_intrusion/000000526584_all__9.npy,wild_large_animal_intrusion
Pistachio/VAD/vit-features/train/anomaly/road_anomaly_less/wild_large_animal_intrusion/000000530675_all__0.npy,wild_large_animal_intrusion
Pistachio/VAD/vit-features/train/anomaly/road_anomaly_less/wild_large_animal_intrusion/000000530675_all__1.npy,wild_large_animal_intrusion
Pistachio/VAD/vit-features/train/anomaly/road_anomaly_less/wild_large_animal_intrusion/000000530675_all__2.npy,wild_large_animal_intrusion
Pistachio/VAD/vit-features/train/anomaly/road_anomaly_less/wild_large_animal_intrusion/000000530675_all__3.npy,wild_large_animal_intrusion
Pistachio/VAD/vit-features/train/anomaly/road_anomaly_less/wild_large_animal_intrusion/000000530675_all__4.npy,wild_large_animal_intrusion
Pistachio/VAD/vit-features/train/anomaly/road_anomaly_less/wild_large_animal_intrusion/000000530675_all__5.npy,wild_large_animal_intrusion
Pistachio/VAD/vit-features/train/anomaly/road_anomaly_less/wild_large_animal_intrusion/000000530675_all__6.npy,wild_large_animal_intrusion
Pistachio/VAD/vit-features/train/anomaly/road_anomaly_less/wild_large_animal_intrusion/000000530675_all__7.npy,wild_large_animal_intrusion
Pistachio/VAD/vit-features/train/anomaly/road_anomaly_less/wild_large_animal_intrusion/000000530675_all__8.npy,wild_large_animal_intrusion
Pistachio/VAD/vit-features/train/anomaly/road_anomaly_less/wild_large_animal_intrusion/000000530675_all__9.npy,wild_large_animal_intrusion
Pistachio/VAD/vit-features/train/anomaly/road_anomaly_less/wild_large_animal_intrusion/000000534033_all__0.npy,wild_large_animal_intrusion
Pistachio/VAD/vit-features/train/anomaly/road_anomaly_less/wild_large_animal_intrusion/000000534033_all__1.npy,wild_large_animal_intrusion
Pistachio/VAD/vit-features/train/anomaly/road_anomaly_less/wild_large_animal_intrusion/000000534033_all__2.npy,wild_large_animal_intrusion
Pistachio/VAD/vit-features/train/anomaly/road_anomaly_less/wild_large_animal_intrusion/000000534033_all__3.npy,wild_large_animal_intrusion
Pistachio/VAD/vit-features/train/anomaly/road_anomaly_less/wild_large_animal_intrusion/000000534033_all__4.npy,wild_large_animal_intrusion
Pistachio/VAD/vit-features/train/anomaly/road_anomaly_less/wild_large_animal_intrusion/000000534033_all__5.npy,wild_large_animal_intrusion
Pistachio/VAD/vit-features/train/anomaly/road_anomaly_less/wild_large_animal_intrusion/000000534033_all__6.npy,wild_large_animal_intrusion
Pistachio/VAD/vit-features/train/anomaly/road_anomaly_less/wild_large_animal_intrusion/000000534033_all__7.npy,wild_large_animal_intrusion
Pistachio/VAD/vit-features/train/anomaly/road_anomaly_less/wild_large_animal_intrusion/000000534033_all__8.npy,wild_large_animal_intrusion
Pistachio/VAD/vit-features/train/anomaly/road_anomaly_less/wild_large_animal_intrusion/000000534033_all__9.npy,wild_large_animal_intrusion
Pistachio/VAD/vit-features/train/anomaly/road_anomaly_less/wild_large_animal_intrusion/000000547822_all__0.npy,wild_large_animal_intrusion
Pistachio/VAD/vit-features/train/anomaly/road_anomaly_less/wild_large_animal_intrusion/000000547822_all__1.npy,wild_large_animal_intrusion
Pistachio/VAD/vit-features/train/anomaly/road_anomaly_less/wild_large_animal_intrusion/000000547822_all__2.npy,wild_large_animal_intrusion
Pistachio/VAD/vit-features/train/anomaly/road_anomaly_less/wild_large_animal_intrusion/000000547822_all__3.npy,wild_large_animal_intrusion
Pistachio/VAD/vit-features/train/anomaly/road_anomaly_less/wild_large_animal_intrusion/000000547822_all__4.npy,wild_large_animal_intrusion
Pistachio/VAD/vit-features/train/anomaly/road_anomaly_less/wild_large_animal_intrusion/000000547822_all__5.npy,wild_large_animal_intrusion
Pistachio/VAD/vit-features/train/anomaly/road_anomaly_less/wild_large_animal_intrusion/000000547822_all__6.npy,wild_large_animal_intrusion
Pistachio/VAD/vit-features/train/anomaly/road_anomaly_less/wild_large_animal_intrusion/000000547822_all__7.npy,wild_large_animal_intrusion
Pistachio/VAD/vit-features/train/anomaly/road_anomaly_less/wild_large_animal_intrusion/000000547822_all__8.npy,wild_large_animal_intrusion
Pistachio/VAD/vit-features/train/anomaly/road_anomaly_less/wild_large_animal_intrusion/000000547822_all__9.npy,wild_large_animal_intrusion
Pistachio/VAD/vit-features/train/anomaly/road_anomaly_less/wild_large_animal_intrusion/000000551789_all__0.npy,wild_large_animal_intrusion
Pistachio/VAD/vit-features/train/anomaly/road_anomaly_less/wild_large_animal_intrusion/000000551789_all__1.npy,wild_large_animal_intrusion
Pistachio/VAD/vit-features/train/anomaly/road_anomaly_less/wild_large_animal_intrusion/000000551789_all__2.npy,wild_large_animal_intrusion
Pistachio/VAD/vit-features/train/anomaly/road_anomaly_less/wild_large_animal_intrusion/000000551789_all__3.npy,wild_large_animal_intrusion
Pistachio/VAD/vit-features/train/anomaly/road_anomaly_less/wild_large_animal_intrusion/000000551789_all__4.npy,wild_large_animal_intrusion
Pistachio/VAD/vit-features/train/anomaly/road_anomaly_less/wild_large_animal_intrusion/000000551789_all__5.npy,wild_large_animal_intrusion
Pistachio/VAD/vit-features/train/anomaly/road_anomaly_less/wild_large_animal_intrusion/000000551789_all__6.npy,wild_large_animal_intrusion
Pistachio/VAD/vit-features/train/anomaly/road_anomaly_less/wild_large_animal_intrusion/000000551789_all__7.npy,wild_large_animal_intrusion
Pistachio/VAD/vit-features/train/anomaly/road_anomaly_less/wild_large_animal_intrusion/000000551789_all__8.npy,wild_large_animal_intrusion
Pistachio/VAD/vit-features/train/anomaly/road_anomaly_less/wild_large_animal_intrusion/000000551789_all__9.npy,wild_large_animal_intrusion
Pistachio/VAD/vit-features/train/anomaly/road_anomaly_less/wild_large_animal_intrusion/000000552418_all__0.npy,wild_large_animal_intrusion
Pistachio/VAD/vit-features/train/anomaly/road_anomaly_less/wild_large_animal_intrusion/000000552418_all__1.npy,wild_large_animal_intrusion
Pistachio/VAD/vit-features/train/anomaly/road_anomaly_less/wild_large_animal_intrusion/000000552418_all__2.npy,wild_large_animal_intrusion
Pistachio/VAD/vit-features/train/anomaly/road_anomaly_less/wild_large_animal_intrusion/000000552418_all__3.npy,wild_large_animal_intrusion
Pistachio/VAD/vit-features/train/anomaly/road_anomaly_less/wild_large_animal_intrusion/000000552418_all__4.npy,wild_large_animal_intrusion
Pistachio/VAD/vit-features/train/anomaly/road_anomaly_less/wild_large_animal_intrusion/000000552418_all__5.npy,wild_large_animal_intrusion
Pistachio/VAD/vit-features/train/anomaly/road_anomaly_less/wild_large_animal_intrusion/000000552418_all__6.npy,wild_large_animal_intrusion
Pistachio/VAD/vit-features/train/anomaly/road_anomaly_less/wild_large_animal_intrusion/000000552418_all__7.npy,wild_large_animal_intrusion
Pistachio/VAD/vit-features/train/anomaly/road_anomaly_less/wild_large_animal_intrusion/000000552418_all__8.npy,wild_large_animal_intrusion
Pistachio/VAD/vit-features/train/anomaly/road_anomaly_less/wild_large_animal_intrusion/000000552418_all__9.npy,wild_large_animal_intrusion
Pistachio/VAD/vit-features/train/anomaly/road_anomaly_less/wild_large_animal_intrusion/000000556957_all__0.npy,wild_large_animal_intrusion
Pistachio/VAD/vit-features/train/anomaly/road_anomaly_less/wild_large_animal_intrusion/000000556957_all__1.npy,wild_large_animal_intrusion
Pistachio/VAD/vit-features/train/anomaly/road_anomaly_less/wild_large_animal_intrusion/000000556957_all__2.npy,wild_large_animal_intrusion
Pistachio/VAD/vit-features/train/anomaly/road_anomaly_less/wild_large_animal_intrusion/000000556957_all__3.npy,wild_large_animal_intrusion
Pistachio/VAD/vit-features/train/anomaly/road_anomaly_less/wild_large_animal_intrusion/000000556957_all__4.npy,wild_large_animal_intrusion
Pistachio/VAD/vit-features/train/anomaly/road_anomaly_less/wild_large_animal_intrusion/000000556957_all__5.npy,wild_large_animal_intrusion
Pistachio/VAD/vit-features/train/anomaly/road_anomaly_less/wild_large_animal_intrusion/000000556957_all__6.npy,wild_large_animal_intrusion
Pistachio/VAD/vit-features/train/anomaly/road_anomaly_less/wild_large_animal_intrusion/000000556957_all__7.npy,wild_large_animal_intrusion
Pistachio/VAD/vit-features/train/anomaly/road_anomaly_less/wild_large_animal_intrusion/000000556957_all__8.npy,wild_large_animal_intrusion
Pistachio/VAD/vit-features/train/anomaly/road_anomaly_less/wild_large_animal_intrusion/000000556957_all__9.npy,wild_large_animal_intrusion
Pistachio/VAD/vit-features/train/anomaly/road_anomaly_less/wild_large_animal_intrusion/000000559353_all__0.npy,wild_large_animal_intrusion
Pistachio/VAD/vit-features/train/anomaly/road_anomaly_less/wild_large_animal_intrusion/000000559353_all__1.npy,wild_large_animal_intrusion
Pistachio/VAD/vit-features/train/anomaly/road_anomaly_less/wild_large_animal_intrusion/000000559353_all__2.npy,wild_large_animal_intrusion
Pistachio/VAD/vit-features/train/anomaly/road_anomaly_less/wild_large_animal_intrusion/000000559353_all__3.npy,wild_large_animal_intrusion
Pistachio/VAD/vit-features/train/anomaly/road_anomaly_less/wild_large_animal_intrusion/000000559353_all__4.npy,wild_large_animal_intrusion
Pistachio/VAD/vit-features/train/anomaly/road_anomaly_less/wild_large_animal_intrusion/000000559353_all__5.npy,wild_large_animal_intrusion
Pistachio/VAD/vit-features/train/anomaly/road_anomaly_less/wild_large_animal_intrusion/000000559353_all__6.npy,wild_large_animal_intrusion
Pistachio/VAD/vit-features/train/anomaly/road_anomaly_less/wild_large_animal_intrusion/000000559353_all__7.npy,wild_large_animal_intrusion
Pistachio/VAD/vit-features/train/anomaly/road_anomaly_less/wild_large_animal_intrusion/000000559353_all__8.npy,wild_large_animal_intrusion
Pistachio/VAD/vit-features/train/anomaly/road_anomaly_less/wild_large_animal_intrusion/000000559353_all__9.npy,wild_large_animal_intrusion
Pistachio/VAD/vit-features/train/anomaly/road_anomaly_less/wild_large_animal_intrusion/000000560027_all__0.npy,wild_large_animal_intrusion
Pistachio/VAD/vit-features/train/anomaly/road_anomaly_less/wild_large_animal_intrusion/000000560027_all__1.npy,wild_large_animal_intrusion
Pistachio/VAD/vit-features/train/anomaly/road_anomaly_less/wild_large_animal_intrusion/000000560027_all__2.npy,wild_large_animal_intrusion
Pistachio/VAD/vit-features/train/anomaly/road_anomaly_less/wild_large_animal_intrusion/000000560027_all__3.npy,wild_large_animal_intrusion
Pistachio/VAD/vit-features/train/anomaly/road_anomaly_less/wild_large_animal_intrusion/000000560027_all__4.npy,wild_large_animal_intrusion
Pistachio/VAD/vit-features/train/anomaly/road_anomaly_less/wild_large_animal_intrusion/000000560027_all__5.npy,wild_large_animal_intrusion
Pistachio/VAD/vit-features/train/anomaly/road_anomaly_less/wild_large_animal_intrusion/000000560027_all__6.npy,wild_large_animal_intrusion
Pistachio/VAD/vit-features/train/anomaly/road_anomaly_less/wild_large_animal_intrusion/000000560027_all__7.npy,wild_large_animal_intrusion
Pistachio/VAD/vit-features/train/anomaly/road_anomaly_less/wild_large_animal_intrusion/000000560027_all__8.npy,wild_large_animal_intrusion
Pistachio/VAD/vit-features/train/anomaly/road_anomaly_less/wild_large_animal_intrusion/000000560027_all__9.npy,wild_large_animal_intrusion
Pistachio/VAD/vit-features/train/anomaly/road_anomaly_less/wild_large_animal_intrusion/000000561782_all__0.npy,wild_large_animal_intrusion
Pistachio/VAD/vit-features/train/anomaly/road_anomaly_less/wild_large_animal_intrusion/000000561782_all__1.npy,wild_large_animal_intrusion
Pistachio/VAD/vit-features/train/anomaly/road_anomaly_less/wild_large_animal_intrusion/000000561782_all__2.npy,wild_large_animal_intrusion
Pistachio/VAD/vit-features/train/anomaly/road_anomaly_less/wild_large_animal_intrusion/000000561782_all__3.npy,wild_large_animal_intrusion
Pistachio/VAD/vit-features/train/anomaly/road_anomaly_less/wild_large_animal_intrusion/000000561782_all__4.npy,wild_large_animal_intrusion
Pistachio/VAD/vit-features/train/anomaly/road_anomaly_less/wild_large_animal_intrusion/000000561782_all__5.npy,wild_large_animal_intrusion
Pistachio/VAD/vit-features/train/anomaly/road_anomaly_less/wild_large_animal_intrusion/000000561782_all__6.npy,wild_large_animal_intrusion
Pistachio/VAD/vit-features/train/anomaly/road_anomaly_less/wild_large_animal_intrusion/000000561782_all__7.npy,wild_large_animal_intrusion
Pistachio/VAD/vit-features/train/anomaly/road_anomaly_less/wild_large_animal_intrusion/000000561782_all__8.npy,wild_large_animal_intrusion
Pistachio/VAD/vit-features/train/anomaly/road_anomaly_less/wild_large_animal_intrusion/000000561782_all__9.npy,wild_large_animal_intrusion
Pistachio/VAD/vit-features/train/anomaly/road_anomaly_less/wild_large_animal_intrusion/000000562216_all__0.npy,wild_large_animal_intrusion
Pistachio/VAD/vit-features/train/anomaly/road_anomaly_less/wild_large_animal_intrusion/000000562216_all__1.npy,wild_large_animal_intrusion
Pistachio/VAD/vit-features/train/anomaly/road_anomaly_less/wild_large_animal_intrusion/000000562216_all__2.npy,wild_large_animal_intrusion
Pistachio/VAD/vit-features/train/anomaly/road_anomaly_less/wild_large_animal_intrusion/000000562216_all__3.npy,wild_large_animal_intrusion
Pistachio/VAD/vit-features/train/anomaly/road_anomaly_less/wild_large_animal_intrusion/000000562216_all__4.npy,wild_large_animal_intrusion
Pistachio/VAD/vit-features/train/anomaly/road_anomaly_less/wild_large_animal_intrusion/000000562216_all__5.npy,wild_large_animal_intrusion
Pistachio/VAD/vit-features/train/anomaly/road_anomaly_less/wild_large_animal_intrusion/000000562216_all__6.npy,wild_large_animal_intrusion
Pistachio/VAD/vit-features/train/anomaly/road_anomaly_less/wild_large_animal_intrusion/000000562216_all__7.npy,wild_large_animal_intrusion
Pistachio/VAD/vit-features/train/anomaly/road_anomaly_less/wild_large_animal_intrusion/000000562216_all__8.npy,wild_large_animal_intrusion
Pistachio/VAD/vit-features/train/anomaly/road_anomaly_less/wild_large_animal_intrusion/000000562216_all__9.npy,wild_large_animal_intrusion
Pistachio/VAD/vit-features/train/anomaly/road_anomaly_less/wild_large_animal_intrusion/000000568438_all__0.npy,wild_large_animal_intrusion
Pistachio/VAD/vit-features/train/anomaly/road_anomaly_less/wild_large_animal_intrusion/000000568438_all__1.npy,wild_large_animal_intrusion
Pistachio/VAD/vit-features/train/anomaly/road_anomaly_less/wild_large_animal_intrusion/000000568438_all__2.npy,wild_large_animal_intrusion
Pistachio/VAD/vit-features/train/anomaly/road_anomaly_less/wild_large_animal_intrusion/000000568438_all__3.npy,wild_large_animal_intrusion
Pistachio/VAD/vit-features/train/anomaly/road_anomaly_less/wild_large_animal_intrusion/000000568438_all__4.npy,wild_large_animal_intrusion
Pistachio/VAD/vit-features/train/anomaly/road_anomaly_less/wild_large_animal_intrusion/000000568438_all__5.npy,wild_large_animal_intrusion
Pistachio/VAD/vit-features/train/anomaly/road_anomaly_less/wild_large_animal_intrusion/000000568438_all__6.npy,wild_large_animal_intrusion
Pistachio/VAD/vit-features/train/anomaly/road_anomaly_less/wild_large_animal_intrusion/000000568438_all__7.npy,wild_large_animal_intrusion
Pistachio/VAD/vit-features/train/anomaly/road_anomaly_less/wild_large_animal_intrusion/000000568438_all__8.npy,wild_large_animal_intrusion
Pistachio/VAD/vit-features/train/anomaly/road_anomaly_less/wild_large_animal_intrusion/000000568438_all__9.npy,wild_large_animal_intrusion
Pistachio/VAD/vit-features/train/anomaly/road_anomaly_less/wild_large_animal_intrusion/000000577445_all__0.npy,wild_large_animal_intrusion
Pistachio/VAD/vit-features/train/anomaly/road_anomaly_less/wild_large_animal_intrusion/000000577445_all__1.npy,wild_large_animal_intrusion
Pistachio/VAD/vit-features/train/anomaly/road_anomaly_less/wild_large_animal_intrusion/000000577445_all__2.npy,wild_large_animal_intrusion
Pistachio/VAD/vit-features/train/anomaly/road_anomaly_less/wild_large_animal_intrusion/000000577445_all__3.npy,wild_large_animal_intrusion
Pistachio/VAD/vit-features/train/anomaly/road_anomaly_less/wild_large_animal_intrusion/000000577445_all__4.npy,wild_large_animal_intrusion
Pistachio/VAD/vit-features/train/anomaly/road_anomaly_less/wild_large_animal_intrusion/000000577445_all__5.npy,wild_large_animal_intrusion
Pistachio/VAD/vit-features/train/anomaly/road_anomaly_less/wild_large_animal_intrusion/000000577445_all__6.npy,wild_large_animal_intrusion
Pistachio/VAD/vit-features/train/anomaly/road_anomaly_less/wild_large_animal_intrusion/000000577445_all__7.npy,wild_large_animal_intrusion
Pistachio/VAD/vit-features/train/anomaly/road_anomaly_less/wild_large_animal_intrusion/000000577445_all__8.npy,wild_large_animal_intrusion
Pistachio/VAD/vit-features/train/anomaly/road_anomaly_less/wild_large_animal_intrusion/000000577445_all__9.npy,wild_large_animal_intrusion
Pistachio/VAD/vit-features/train/anomaly/road_anomaly_more/explosion/000000052097_all__0.npy,explosion
Pistachio/VAD/vit-features/train/anomaly/road_anomaly_more/explosion/000000052097_all__1.npy,explosion
Pistachio/VAD/vit-features/train/anomaly/road_anomaly_more/explosion/000000052097_all__2.npy,explosion
Pistachio/VAD/vit-features/train/anomaly/road_anomaly_more/explosion/000000052097_all__3.npy,explosion
Pistachio/VAD/vit-features/train/anomaly/road_anomaly_more/explosion/000000052097_all__4.npy,explosion
Pistachio/VAD/vit-features/train/anomaly/road_anomaly_more/explosion/000000052097_all__5.npy,explosion
Pistachio/VAD/vit-features/train/anomaly/road_anomaly_more/explosion/000000052097_all__6.npy,explosion
Pistachio/VAD/vit-features/train/anomaly/road_anomaly_more/explosion/000000052097_all__7.npy,explosion
Pistachio/VAD/vit-features/train/anomaly/road_anomaly_more/explosion/000000052097_all__8.npy,explosion
Pistachio/VAD/vit-features/train/anomaly/road_anomaly_more/explosion/000000052097_all__9.npy,explosion
Pistachio/VAD/vit-features/train/anomaly/road_anomaly_more/explosion/000000070811_all__0.npy,explosion
Pistachio/VAD/vit-features/train/anomaly/road_anomaly_more/explosion/000000070811_all__1.npy,explosion
Pistachio/VAD/vit-features/train/anomaly/road_anomaly_more/explosion/000000070811_all__2.npy,explosion
Pistachio/VAD/vit-features/train/anomaly/road_anomaly_more/explosion/000000070811_all__3.npy,explosion
Pistachio/VAD/vit-features/train/anomaly/road_anomaly_more/explosion/000000070811_all__4.npy,explosion
Pistachio/VAD/vit-features/train/anomaly/road_anomaly_more/explosion/000000070811_all__5.npy,explosion
Pistachio/VAD/vit-features/train/anomaly/road_anomaly_more/explosion/000000070811_all__6.npy,explosion
Pistachio/VAD/vit-features/train/anomaly/road_anomaly_more/explosion/000000070811_all__7.npy,explosion
Pistachio/VAD/vit-features/train/anomaly/road_anomaly_more/explosion/000000070811_all__8.npy,explosion
Pistachio/VAD/vit-features/train/anomaly/road_anomaly_more/explosion/000000070811_all__9.npy,explosion
Pistachio/VAD/vit-features/train/anomaly/road_anomaly_more/explosion/000000114547_all__0.npy,explosion
Pistachio/VAD/vit-features/train/anomaly/road_anomaly_more/explosion/000000114547_all__1.npy,explosion
Pistachio/VAD/vit-features/train/anomaly/road_anomaly_more/explosion/000000114547_all__2.npy,explosion
Pistachio/VAD/vit-features/train/anomaly/road_anomaly_more/explosion/000000114547_all__3.npy,explosion
Pistachio/VAD/vit-features/train/anomaly/road_anomaly_more/explosion/000000114547_all__4.npy,explosion
Pistachio/VAD/vit-features/train/anomaly/road_anomaly_more/explosion/000000114547_all__5.npy,explosion
Pistachio/VAD/vit-features/train/anomaly/road_anomaly_more/explosion/000000114547_all__6.npy,explosion
Pistachio/VAD/vit-features/train/anomaly/road_anomaly_more/explosion/000000114547_all__7.npy,explosion
Pistachio/VAD/vit-features/train/anomaly/road_anomaly_more/explosion/000000114547_all__8.npy,explosion
Pistachio/VAD/vit-features/train/anomaly/road_anomaly_more/explosion/000000114547_all__9.npy,explosion
Pistachio/VAD/vit-features/train/anomaly/road_anomaly_more/explosion/000000118900_all__0.npy,explosion
Pistachio/VAD/vit-features/train/anomaly/road_anomaly_more/explosion/000000118900_all__1.npy,explosion
Pistachio/VAD/vit-features/train/anomaly/road_anomaly_more/explosion/000000118900_all__2.npy,explosion
Pistachio/VAD/vit-features/train/anomaly/road_anomaly_more/explosion/000000118900_all__3.npy,explosion
Pistachio/VAD/vit-features/train/anomaly/road_anomaly_more/explosion/000000118900_all__4.npy,explosion
Pistachio/VAD/vit-features/train/anomaly/road_anomaly_more/explosion/000000118900_all__5.npy,explosion
Pistachio/VAD/vit-features/train/anomaly/road_anomaly_more/explosion/000000118900_all__6.npy,explosion
Pistachio/VAD/vit-features/train/anomaly/road_anomaly_more/explosion/000000118900_all__7.npy,explosion
Pistachio/VAD/vit-features/train/anomaly/road_anomaly_more/explosion/000000118900_all__8.npy,explosion
Pistachio/VAD/vit-features/train/anomaly/road_anomaly_more/explosion/000000118900_all__9.npy,explosion
Pistachio/VAD/vit-features/train/anomaly/road_anomaly_more/fighting_and_physical_conflict/000000280624_all__0.npy,fighting_and_physical_conflict
Pistachio/VAD/vit-features/train/anomaly/road_anomaly_more/fighting_and_physical_conflict/000000280624_all__1.npy,fighting_and_physical_conflict
Pistachio/VAD/vit-features/train/anomaly/road_anomaly_more/fighting_and_physical_conflict/000000280624_all__2.npy,fighting_and_physical_conflict
Pistachio/VAD/vit-features/train/anomaly/road_anomaly_more/fighting_and_physical_conflict/000000280624_all__3.npy,fighting_and_physical_conflict
Pistachio/VAD/vit-features/train/anomaly/road_anomaly_more/fighting_and_physical_conflict/000000280624_all__4.npy,fighting_and_physical_conflict
Pistachio/VAD/vit-features/train/anomaly/road_anomaly_more/fighting_and_physical_conflict/000000280624_all__5.npy,fighting_and_physical_conflict
Pistachio/VAD/vit-features/train/anomaly/road_anomaly_more/fighting_and_physical_conflict/000000280624_all__6.npy,fighting_and_physical_conflict
Pistachio/VAD/vit-features/train/anomaly/road_anomaly_more/fighting_and_physical_conflict/000000280624_all__7.npy,fighting_and_physical_conflict
Pistachio/VAD/vit-features/train/anomaly/road_anomaly_more/fighting_and_physical_conflict/000000280624_all__8.npy,fighting_and_physical_conflict
Pistachio/VAD/vit-features/train/anomaly/road_anomaly_more/fighting_and_physical_conflict/000000280624_all__9.npy,fighting_and_physical_conflict
Pistachio/VAD/vit-features/train/anomaly/road_anomaly_more/fighting_and_physical_conflict/000000280627_all__0.npy,fighting_and_physical_conflict
Pistachio/VAD/vit-features/train/anomaly/road_anomaly_more/fighting_and_physical_conflict/000000280627_all__1.npy,fighting_and_physical_conflict
Pistachio/VAD/vit-features/train/anomaly/road_anomaly_more/fighting_and_physical_conflict/000000280627_all__2.npy,fighting_and_physical_conflict
Pistachio/VAD/vit-features/train/anomaly/road_anomaly_more/fighting_and_physical_conflict/000000280627_all__3.npy,fighting_and_physical_conflict
Pistachio/VAD/vit-features/train/anomaly/road_anomaly_more/fighting_and_physical_conflict/000000280627_all__4.npy,fighting_and_physical_conflict
Pistachio/VAD/vit-features/train/anomaly/road_anomaly_more/fighting_and_physical_conflict/000000280627_all__5.npy,fighting_and_physical_conflict
Pistachio/VAD/vit-features/train/anomaly/road_anomaly_more/fighting_and_physical_conflict/000000280627_all__6.npy,fighting_and_physical_conflict
Pistachio/VAD/vit-features/train/anomaly/road_anomaly_more/fighting_and_physical_conflict/000000280627_all__7.npy,fighting_and_physical_conflict
Pistachio/VAD/vit-features/train/anomaly/road_anomaly_more/fighting_and_physical_conflict/000000280627_all__8.npy,fighting_and_physical_conflict
Pistachio/VAD/vit-features/train/anomaly/road_anomaly_more/fighting_and_physical_conflict/000000280627_all__9.npy,fighting_and_physical_conflict
Pistachio/VAD/vit-features/train/anomaly/road_anomaly_more/fighting_and_physical_conflict/000000280676_all__0.npy,fighting_and_physical_conflict
Pistachio/VAD/vit-features/train/anomaly/road_anomaly_more/fighting_and_physical_conflict/000000280676_all__1.npy,fighting_and_physical_conflict
Pistachio/VAD/vit-features/train/anomaly/road_anomaly_more/fighting_and_physical_conflict/000000280676_all__2.npy,fighting_and_physical_conflict
Pistachio/VAD/vit-features/train/anomaly/road_anomaly_more/fighting_and_physical_conflict/000000280676_all__3.npy,fighting_and_physical_conflict
Pistachio/VAD/vit-features/train/anomaly/road_anomaly_more/fighting_and_physical_conflict/000000280676_all__4.npy,fighting_and_physical_conflict
Pistachio/VAD/vit-features/train/anomaly/road_anomaly_more/fighting_and_physical_conflict/000000280676_all__5.npy,fighting_and_physical_conflict
Pistachio/VAD/vit-features/train/anomaly/road_anomaly_more/fighting_and_physical_conflict/000000280676_all__6.npy,fighting_and_physical_conflict
Pistachio/VAD/vit-features/train/anomaly/road_anomaly_more/fighting_and_physical_conflict/000000280676_all__7.npy,fighting_and_physical_conflict
Pistachio/VAD/vit-features/train/anomaly/road_anomaly_more/fighting_and_physical_conflict/000000280676_all__8.npy,fighting_and_physical_conflict
Pistachio/VAD/vit-features/train/anomaly/road_anomaly_more/fighting_and_physical_conflict/000000280676_all__9.npy,fighting_and_physical_conflict
Pistachio/VAD/vit-features/train/anomaly/road_anomaly_more/fighting_and_physical_conflict/000000280828_all__0.npy,fighting_and_physical_conflict
Pistachio/VAD/vit-features/train/anomaly/road_anomaly_more/fighting_and_physical_conflict/000000280828_all__1.npy,fighting_and_physical_conflict
Pistachio/VAD/vit-features/train/anomaly/road_anomaly_more/fighting_and_physical_conflict/000000280828_all__2.npy,fighting_and_physical_conflict
Pistachio/VAD/vit-features/train/anomaly/road_anomaly_more/fighting_and_physical_conflict/000000280828_all__3.npy,fighting_and_physical_conflict
Pistachio/VAD/vit-features/train/anomaly/road_anomaly_more/fighting_and_physical_conflict/000000280828_all__4.npy,fighting_and_physical_conflict
Pistachio/VAD/vit-features/train/anomaly/road_anomaly_more/fighting_and_physical_conflict/000000280828_all__5.npy,fighting_and_physical_conflict
Pistachio/VAD/vit-features/train/anomaly/road_anomaly_more/fighting_and_physical_conflict/000000280828_all__6.npy,fighting_and_physical_conflict
Pistachio/VAD/vit-features/train/anomaly/road_anomaly_more/fighting_and_physical_conflict/000000280828_all__7.npy,fighting_and_physical_conflict
Pistachio/VAD/vit-features/train/anomaly/road_anomaly_more/fighting_and_physical_conflict/000000280828_all__8.npy,fighting_and_physical_conflict
Pistachio/VAD/vit-features/train/anomaly/road_anomaly_more/fighting_and_physical_conflict/000000280828_all__9.npy,fighting_and_physical_conflict
Pistachio/VAD/vit-features/train/anomaly/road_anomaly_more/fire/000000052105_all__0.npy,fire
Pistachio/VAD/vit-features/train/anomaly/road_anomaly_more/fire/000000052105_all__1.npy,fire
Pistachio/VAD/vit-features/train/anomaly/road_anomaly_more/fire/000000052105_all__2.npy,fire
Pistachio/VAD/vit-features/train/anomaly/road_anomaly_more/fire/000000052105_all__3.npy,fire
Pistachio/VAD/vit-features/train/anomaly/road_anomaly_more/fire/000000052105_all__4.npy,fire
Pistachio/VAD/vit-features/train/anomaly/road_anomaly_more/fire/000000052105_all__5.npy,fire
Pistachio/VAD/vit-features/train/anomaly/road_anomaly_more/fire/000000052105_all__6.npy,fire
Pistachio/VAD/vit-features/train/anomaly/road_anomaly_more/fire/000000052105_all__7.npy,fire
Pistachio/VAD/vit-features/train/anomaly/road_anomaly_more/fire/000000052105_all__8.npy,fire
Pistachio/VAD/vit-features/train/anomaly/road_anomaly_more/fire/000000052105_all__9.npy,fire
Pistachio/VAD/vit-features/train/anomaly/road_anomaly_more/fire/000000071075_all__0.npy,fire
Pistachio/VAD/vit-features/train/anomaly/road_anomaly_more/fire/000000071075_all__1.npy,fire
Pistachio/VAD/vit-features/train/anomaly/road_anomaly_more/fire/000000071075_all__2.npy,fire
Pistachio/VAD/vit-features/train/anomaly/road_anomaly_more/fire/000000071075_all__3.npy,fire
Pistachio/VAD/vit-features/train/anomaly/road_anomaly_more/fire/000000071075_all__4.npy,fire
Pistachio/VAD/vit-features/train/anomaly/road_anomaly_more/fire/000000071075_all__5.npy,fire
Pistachio/VAD/vit-features/train/anomaly/road_anomaly_more/fire/000000071075_all__6.npy,fire
Pistachio/VAD/vit-features/train/anomaly/road_anomaly_more/fire/000000071075_all__7.npy,fire
Pistachio/VAD/vit-features/train/anomaly/road_anomaly_more/fire/000000071075_all__8.npy,fire
Pistachio/VAD/vit-features/train/anomaly/road_anomaly_more/fire/000000071075_all__9.npy,fire
Pistachio/VAD/vit-features/train/anomaly/road_anomaly_more/fire/000000118958_all__0.npy,fire
Pistachio/VAD/vit-features/train/anomaly/road_anomaly_more/fire/000000118958_all__1.npy,fire
Pistachio/VAD/vit-features/train/anomaly/road_anomaly_more/fire/000000118958_all__2.npy,fire
Pistachio/VAD/vit-features/train/anomaly/road_anomaly_more/fire/000000118958_all__3.npy,fire
Pistachio/VAD/vit-features/train/anomaly/road_anomaly_more/fire/000000118958_all__4.npy,fire
Pistachio/VAD/vit-features/train/anomaly/road_anomaly_more/fire/000000118958_all__5.npy,fire
Pistachio/VAD/vit-features/train/anomaly/road_anomaly_more/fire/000000118958_all__6.npy,fire
Pistachio/VAD/vit-features/train/anomaly/road_anomaly_more/fire/000000118958_all__7.npy,fire
Pistachio/VAD/vit-features/train/anomaly/road_anomaly_more/fire/000000118958_all__8.npy,fire
Pistachio/VAD/vit-features/train/anomaly/road_anomaly_more/fire/000000118958_all__9.npy,fire
Pistachio/VAD/vit-features/train/anomaly/road_anomaly_more/fire/000000123200_all__0.npy,fire
Pistachio/VAD/vit-features/train/anomaly/road_anomaly_more/fire/000000123200_all__1.npy,fire
Pistachio/VAD/vit-features/train/anomaly/road_anomaly_more/fire/000000123200_all__2.npy,fire
Pistachio/VAD/vit-features/train/anomaly/road_anomaly_more/fire/000000123200_all__3.npy,fire
Pistachio/VAD/vit-features/train/anomaly/road_anomaly_more/fire/000000123200_all__4.npy,fire
Pistachio/VAD/vit-features/train/anomaly/road_anomaly_more/fire/000000123200_all__5.npy,fire
Pistachio/VAD/vit-features/train/anomaly/road_anomaly_more/fire/000000123200_all__6.npy,fire
Pistachio/VAD/vit-features/train/anomaly/road_anomaly_more/fire/000000123200_all__7.npy,fire
Pistachio/VAD/vit-features/train/anomaly/road_anomaly_more/fire/000000123200_all__8.npy,fire
Pistachio/VAD/vit-features/train/anomaly/road_anomaly_more/fire/000000123200_all__9.npy,fire
Pistachio/VAD/vit-features/train/anomaly/road_anomaly_more/fire/000000169283_all__0.npy,fire
Pistachio/VAD/vit-features/train/anomaly/road_anomaly_more/fire/000000169283_all__1.npy,fire
Pistachio/VAD/vit-features/train/anomaly/road_anomaly_more/fire/000000169283_all__2.npy,fire
Pistachio/VAD/vit-features/train/anomaly/road_anomaly_more/fire/000000169283_all__3.npy,fire
Pistachio/VAD/vit-features/train/anomaly/road_anomaly_more/fire/000000169283_all__4.npy,fire
Pistachio/VAD/vit-features/train/anomaly/road_anomaly_more/fire/000000169283_all__5.npy,fire
Pistachio/VAD/vit-features/train/anomaly/road_anomaly_more/fire/000000169283_all__6.npy,fire
Pistachio/VAD/vit-features/train/anomaly/road_anomaly_more/fire/000000169283_all__7.npy,fire
Pistachio/VAD/vit-features/train/anomaly/road_anomaly_more/fire/000000169283_all__8.npy,fire
Pistachio/VAD/vit-features/train/anomaly/road_anomaly_more/fire/000000169283_all__9.npy,fire
Pistachio/VAD/vit-features/train/anomaly/road_anomaly_more/ground_collapse/000000051796_all__0.npy,ground_collapse
Pistachio/VAD/vit-features/train/anomaly/road_anomaly_more/ground_collapse/000000051796_all__1.npy,ground_collapse
Pistachio/VAD/vit-features/train/anomaly/road_anomaly_more/ground_collapse/000000051796_all__2.npy,ground_collapse
Pistachio/VAD/vit-features/train/anomaly/road_anomaly_more/ground_collapse/000000051796_all__3.npy,ground_collapse
Pistachio/VAD/vit-features/train/anomaly/road_anomaly_more/ground_collapse/000000051796_all__4.npy,ground_collapse
Pistachio/VAD/vit-features/train/anomaly/road_anomaly_more/ground_collapse/000000051796_all__5.npy,ground_collapse
Pistachio/VAD/vit-features/train/anomaly/road_anomaly_more/ground_collapse/000000051796_all__6.npy,ground_collapse
Pistachio/VAD/vit-features/train/anomaly/road_anomaly_more/ground_collapse/000000051796_all__7.npy,ground_collapse
Pistachio/VAD/vit-features/train/anomaly/road_anomaly_more/ground_collapse/000000051796_all__8.npy,ground_collapse
Pistachio/VAD/vit-features/train/anomaly/road_anomaly_more/ground_collapse/000000051796_all__9.npy,ground_collapse
Pistachio/VAD/vit-features/train/anomaly/road_anomaly_more/ground_collapse/000000070730_all__0.npy,ground_collapse
Pistachio/VAD/vit-features/train/anomaly/road_anomaly_more/ground_collapse/000000070730_all__1.npy,ground_collapse
Pistachio/VAD/vit-features/train/anomaly/road_anomaly_more/ground_collapse/000000070730_all__2.npy,ground_collapse
Pistachio/VAD/vit-features/train/anomaly/road_anomaly_more/ground_collapse/000000070730_all__3.npy,ground_collapse
Pistachio/VAD/vit-features/train/anomaly/road_anomaly_more/ground_collapse/000000070730_all__4.npy,ground_collapse
Pistachio/VAD/vit-features/train/anomaly/road_anomaly_more/ground_collapse/000000070730_all__5.npy,ground_collapse
Pistachio/VAD/vit-features/train/anomaly/road_anomaly_more/ground_collapse/000000070730_all__6.npy,ground_collapse
Pistachio/VAD/vit-features/train/anomaly/road_anomaly_more/ground_collapse/000000070730_all__7.npy,ground_collapse
Pistachio/VAD/vit-features/train/anomaly/road_anomaly_more/ground_collapse/000000070730_all__8.npy,ground_collapse
Pistachio/VAD/vit-features/train/anomaly/road_anomaly_more/ground_collapse/000000070730_all__9.npy,ground_collapse
Pistachio/VAD/vit-features/train/anomaly/road_anomaly_more/ground_collapse/000000109233_all__0.npy,ground_collapse
Pistachio/VAD/vit-features/train/anomaly/road_anomaly_more/ground_collapse/000000109233_all__1.npy,ground_collapse
Pistachio/VAD/vit-features/train/anomaly/road_anomaly_more/ground_collapse/000000109233_all__2.npy,ground_collapse
Pistachio/VAD/vit-features/train/anomaly/road_anomaly_more/ground_collapse/000000109233_all__3.npy,ground_collapse
Pistachio/VAD/vit-features/train/anomaly/road_anomaly_more/ground_collapse/000000109233_all__4.npy,ground_collapse
Pistachio/VAD/vit-features/train/anomaly/road_anomaly_more/ground_collapse/000000109233_all__5.npy,ground_collapse
Pistachio/VAD/vit-features/train/anomaly/road_anomaly_more/ground_collapse/000000109233_all__6.npy,ground_collapse
Pistachio/VAD/vit-features/train/anomaly/road_anomaly_more/ground_collapse/000000109233_all__7.npy,ground_collapse
Pistachio/VAD/vit-features/train/anomaly/road_anomaly_more/ground_collapse/000000109233_all__8.npy,ground_collapse
Pistachio/VAD/vit-features/train/anomaly/road_anomaly_more/ground_collapse/000000109233_all__9.npy,ground_collapse
Pistachio/VAD/vit-features/train/anomaly/road_anomaly_more/ground_collapse/000000144845_all__0.npy,ground_collapse
Pistachio/VAD/vit-features/train/anomaly/road_anomaly_more/ground_collapse/000000144845_all__1.npy,ground_collapse
Pistachio/VAD/vit-features/train/anomaly/road_anomaly_more/ground_collapse/000000144845_all__2.npy,ground_collapse
Pistachio/VAD/vit-features/train/anomaly/road_anomaly_more/ground_collapse/000000144845_all__3.npy,ground_collapse
Pistachio/VAD/vit-features/train/anomaly/road_anomaly_more/ground_collapse/000000144845_all__4.npy,ground_collapse
Pistachio/VAD/vit-features/train/anomaly/road_anomaly_more/ground_collapse/000000144845_all__5.npy,ground_collapse
Pistachio/VAD/vit-features/train/anomaly/road_anomaly_more/ground_collapse/000000144845_all__6.npy,ground_collapse
Pistachio/VAD/vit-features/train/anomaly/road_anomaly_more/ground_collapse/000000144845_all__7.npy,ground_collapse
Pistachio/VAD/vit-features/train/anomaly/road_anomaly_more/ground_collapse/000000144845_all__8.npy,ground_collapse
Pistachio/VAD/vit-features/train/anomaly/road_anomaly_more/ground_collapse/000000144845_all__9.npy,ground_collapse
Pistachio/VAD/vit-features/train/anomaly/road_anomaly_more/robbery/000000059585_all__0.npy,robbery
Pistachio/VAD/vit-features/train/anomaly/road_anomaly_more/robbery/000000059585_all__1.npy,robbery
Pistachio/VAD/vit-features/train/anomaly/road_anomaly_more/robbery/000000059585_all__2.npy,robbery
Pistachio/VAD/vit-features/train/anomaly/road_anomaly_more/robbery/000000059585_all__3.npy,robbery
Pistachio/VAD/vit-features/train/anomaly/road_anomaly_more/robbery/000000059585_all__4.npy,robbery
Pistachio/VAD/vit-features/train/anomaly/road_anomaly_more/robbery/000000059585_all__5.npy,robbery
Pistachio/VAD/vit-features/train/anomaly/road_anomaly_more/robbery/000000059585_all__6.npy,robbery
Pistachio/VAD/vit-features/train/anomaly/road_anomaly_more/robbery/000000059585_all__7.npy,robbery
Pistachio/VAD/vit-features/train/anomaly/road_anomaly_more/robbery/000000059585_all__8.npy,robbery
Pistachio/VAD/vit-features/train/anomaly/road_anomaly_more/robbery/000000059585_all__9.npy,robbery
Pistachio/VAD/vit-features/train/anomaly/road_anomaly_more/robbery/000000071081_all__0.npy,robbery
Pistachio/VAD/vit-features/train/anomaly/road_anomaly_more/robbery/000000071081_all__1.npy,robbery
Pistachio/VAD/vit-features/train/anomaly/road_anomaly_more/robbery/000000071081_all__2.npy,robbery
Pistachio/VAD/vit-features/train/anomaly/road_anomaly_more/robbery/000000071081_all__3.npy,robbery
Pistachio/VAD/vit-features/train/anomaly/road_anomaly_more/robbery/000000071081_all__4.npy,robbery
Pistachio/VAD/vit-features/train/anomaly/road_anomaly_more/robbery/000000071081_all__5.npy,robbery
Pistachio/VAD/vit-features/train/anomaly/road_anomaly_more/robbery/000000071081_all__6.npy,robbery
Pistachio/VAD/vit-features/train/anomaly/road_anomaly_more/robbery/000000071081_all__7.npy,robbery
Pistachio/VAD/vit-features/train/anomaly/road_anomaly_more/robbery/000000071081_all__8.npy,robbery
Pistachio/VAD/vit-features/train/anomaly/road_anomaly_more/robbery/000000071081_all__9.npy,robbery
Pistachio/VAD/vit-features/train/anomaly/road_anomaly_more/robbery/000000155370_all__0.npy,robbery
Pistachio/VAD/vit-features/train/anomaly/road_anomaly_more/robbery/000000155370_all__1.npy,robbery
Pistachio/VAD/vit-features/train/anomaly/road_anomaly_more/robbery/000000155370_all__2.npy,robbery
Pistachio/VAD/vit-features/train/anomaly/road_anomaly_more/robbery/000000155370_all__3.npy,robbery
Pistachio/VAD/vit-features/train/anomaly/road_anomaly_more/robbery/000000155370_all__4.npy,robbery
Pistachio/VAD/vit-features/train/anomaly/road_anomaly_more/robbery/000000155370_all__5.npy,robbery
Pistachio/VAD/vit-features/train/anomaly/road_anomaly_more/robbery/000000155370_all__6.npy,robbery
Pistachio/VAD/vit-features/train/anomaly/road_anomaly_more/robbery/000000155370_all__7.npy,robbery
Pistachio/VAD/vit-features/train/anomaly/road_anomaly_more/robbery/000000155370_all__8.npy,robbery
Pistachio/VAD/vit-features/train/anomaly/road_anomaly_more/robbery/000000155370_all__9.npy,robbery
Pistachio/VAD/vit-features/train/anomaly/road_anomaly_more/robbery/000000274732_all__0.npy,robbery
Pistachio/VAD/vit-features/train/anomaly/road_anomaly_more/robbery/000000274732_all__1.npy,robbery
Pistachio/VAD/vit-features/train/anomaly/road_anomaly_more/robbery/000000274732_all__2.npy,robbery
Pistachio/VAD/vit-features/train/anomaly/road_anomaly_more/robbery/000000274732_all__3.npy,robbery
Pistachio/VAD/vit-features/train/anomaly/road_anomaly_more/robbery/000000274732_all__4.npy,robbery
Pistachio/VAD/vit-features/train/anomaly/road_anomaly_more/robbery/000000274732_all__5.npy,robbery
Pistachio/VAD/vit-features/train/anomaly/road_anomaly_more/robbery/000000274732_all__6.npy,robbery
Pistachio/VAD/vit-features/train/anomaly/road_anomaly_more/robbery/000000274732_all__7.npy,robbery
Pistachio/VAD/vit-features/train/anomaly/road_anomaly_more/robbery/000000274732_all__8.npy,robbery
Pistachio/VAD/vit-features/train/anomaly/road_anomaly_more/robbery/000000274732_all__9.npy,robbery
Pistachio/VAD/vit-features/train/anomaly/road_anomaly_more/slip_and_fall_accident/000000031311_all__0.npy,slip_and_fall_accident
Pistachio/VAD/vit-features/train/anomaly/road_anomaly_more/slip_and_fall_accident/000000031311_all__1.npy,slip_and_fall_accident
Pistachio/VAD/vit-features/train/anomaly/road_anomaly_more/slip_and_fall_accident/000000031311_all__2.npy,slip_and_fall_accident
Pistachio/VAD/vit-features/train/anomaly/road_anomaly_more/slip_and_fall_accident/000000031311_all__3.npy,slip_and_fall_accident
Pistachio/VAD/vit-features/train/anomaly/road_anomaly_more/slip_and_fall_accident/000000031311_all__4.npy,slip_and_fall_accident
Pistachio/VAD/vit-features/train/anomaly/road_anomaly_more/slip_and_fall_accident/000000031311_all__5.npy,slip_and_fall_accident
Pistachio/VAD/vit-features/train/anomaly/road_anomaly_more/slip_and_fall_accident/000000031311_all__6.npy,slip_and_fall_accident
Pistachio/VAD/vit-features/train/anomaly/road_anomaly_more/slip_and_fall_accident/000000031311_all__7.npy,slip_and_fall_accident
Pistachio/VAD/vit-features/train/anomaly/road_anomaly_more/slip_and_fall_accident/000000031311_all__8.npy,slip_and_fall_accident
Pistachio/VAD/vit-features/train/anomaly/road_anomaly_more/slip_and_fall_accident/000000031311_all__9.npy,slip_and_fall_accident
Pistachio/VAD/vit-features/train/anomaly/road_anomaly_more/slip_and_fall_accident/000000036194_all__0.npy,slip_and_fall_accident
Pistachio/VAD/vit-features/train/anomaly/road_anomaly_more/slip_and_fall_accident/000000036194_all__1.npy,slip_and_fall_accident
Pistachio/VAD/vit-features/train/anomaly/road_anomaly_more/slip_and_fall_accident/000000036194_all__2.npy,slip_and_fall_accident
Pistachio/VAD/vit-features/train/anomaly/road_anomaly_more/slip_and_fall_accident/000000036194_all__3.npy,slip_and_fall_accident
Pistachio/VAD/vit-features/train/anomaly/road_anomaly_more/slip_and_fall_accident/000000036194_all__4.npy,slip_and_fall_accident
Pistachio/VAD/vit-features/train/anomaly/road_anomaly_more/slip_and_fall_accident/000000036194_all__5.npy,slip_and_fall_accident
Pistachio/VAD/vit-features/train/anomaly/road_anomaly_more/slip_and_fall_accident/000000036194_all__6.npy,slip_and_fall_accident
Pistachio/VAD/vit-features/train/anomaly/road_anomaly_more/slip_and_fall_accident/000000036194_all__7.npy,slip_and_fall_accident
Pistachio/VAD/vit-features/train/anomaly/road_anomaly_more/slip_and_fall_accident/000000036194_all__8.npy,slip_and_fall_accident
Pistachio/VAD/vit-features/train/anomaly/road_anomaly_more/slip_and_fall_accident/000000036194_all__9.npy,slip_and_fall_accident
Pistachio/VAD/vit-features/train/anomaly/road_anomaly_more/slip_and_fall_accident/000000042051_all__0.npy,slip_and_fall_accident
Pistachio/VAD/vit-features/train/anomaly/road_anomaly_more/slip_and_fall_accident/000000042051_all__1.npy,slip_and_fall_accident
Pistachio/VAD/vit-features/train/anomaly/road_anomaly_more/slip_and_fall_accident/000000042051_all__2.npy,slip_and_fall_accident
Pistachio/VAD/vit-features/train/anomaly/road_anomaly_more/slip_and_fall_accident/000000042051_all__3.npy,slip_and_fall_accident
Pistachio/VAD/vit-features/train/anomaly/road_anomaly_more/slip_and_fall_accident/000000042051_all__4.npy,slip_and_fall_accident
Pistachio/VAD/vit-features/train/anomaly/road_anomaly_more/slip_and_fall_accident/000000042051_all__5.npy,slip_and_fall_accident
Pistachio/VAD/vit-features/train/anomaly/road_anomaly_more/slip_and_fall_accident/000000042051_all__6.npy,slip_and_fall_accident
Pistachio/VAD/vit-features/train/anomaly/road_anomaly_more/slip_and_fall_accident/000000042051_all__7.npy,slip_and_fall_accident
Pistachio/VAD/vit-features/train/anomaly/road_anomaly_more/slip_and_fall_accident/000000042051_all__8.npy,slip_and_fall_accident
Pistachio/VAD/vit-features/train/anomaly/road_anomaly_more/slip_and_fall_accident/000000042051_all__9.npy,slip_and_fall_accident
Pistachio/VAD/vit-features/train/anomaly/road_anomaly_more/slip_and_fall_accident/000000046351_all__0.npy,slip_and_fall_accident
Pistachio/VAD/vit-features/train/anomaly/road_anomaly_more/slip_and_fall_accident/000000046351_all__1.npy,slip_and_fall_accident
Pistachio/VAD/vit-features/train/anomaly/road_anomaly_more/slip_and_fall_accident/000000046351_all__2.npy,slip_and_fall_accident
Pistachio/VAD/vit-features/train/anomaly/road_anomaly_more/slip_and_fall_accident/000000046351_all__3.npy,slip_and_fall_accident
Pistachio/VAD/vit-features/train/anomaly/road_anomaly_more/slip_and_fall_accident/000000046351_all__4.npy,slip_and_fall_accident
Pistachio/VAD/vit-features/train/anomaly/road_anomaly_more/slip_and_fall_accident/000000046351_all__5.npy,slip_and_fall_accident
Pistachio/VAD/vit-features/train/anomaly/road_anomaly_more/slip_and_fall_accident/000000046351_all__6.npy,slip_and_fall_accident
Pistachio/VAD/vit-features/train/anomaly/road_anomaly_more/slip_and_fall_accident/000000046351_all__7.npy,slip_and_fall_accident
Pistachio/VAD/vit-features/train/anomaly/road_anomaly_more/slip_and_fall_accident/000000046351_all__8.npy,slip_and_fall_accident
Pistachio/VAD/vit-features/train/anomaly/road_anomaly_more/slip_and_fall_accident/000000046351_all__9.npy,slip_and_fall_accident
Pistachio/VAD/vit-features/train/anomaly/road_anomaly_more/slip_and_fall_accident/000000054848_all__0.npy,slip_and_fall_accident
Pistachio/VAD/vit-features/train/anomaly/road_anomaly_more/slip_and_fall_accident/000000054848_all__1.npy,slip_and_fall_accident
Pistachio/VAD/vit-features/train/anomaly/road_anomaly_more/slip_and_fall_accident/000000054848_all__2.npy,slip_and_fall_accident
Pistachio/VAD/vit-features/train/anomaly/road_anomaly_more/slip_and_fall_accident/000000054848_all__3.npy,slip_and_fall_accident
Pistachio/VAD/vit-features/train/anomaly/road_anomaly_more/slip_and_fall_accident/000000054848_all__4.npy,slip_and_fall_accident
Pistachio/VAD/vit-features/train/anomaly/road_anomaly_more/slip_and_fall_accident/000000054848_all__5.npy,slip_and_fall_accident
Pistachio/VAD/vit-features/train/anomaly/road_anomaly_more/slip_and_fall_accident/000000054848_all__6.npy,slip_and_fall_accident
Pistachio/VAD/vit-features/train/anomaly/road_anomaly_more/slip_and_fall_accident/000000054848_all__7.npy,slip_and_fall_accident
Pistachio/VAD/vit-features/train/anomaly/road_anomaly_more/slip_and_fall_accident/000000054848_all__8.npy,slip_and_fall_accident
Pistachio/VAD/vit-features/train/anomaly/road_anomaly_more/slip_and_fall_accident/000000054848_all__9.npy,slip_and_fall_accident
Pistachio/VAD/vit-features/train/anomaly/road_anomaly_more/theft/000000031448_all__0.npy,theft
Pistachio/VAD/vit-features/train/anomaly/road_anomaly_more/theft/000000031448_all__1.npy,theft
Pistachio/VAD/vit-features/train/anomaly/road_anomaly_more/theft/000000031448_all__2.npy,theft
Pistachio/VAD/vit-features/train/anomaly/road_anomaly_more/theft/000000031448_all__3.npy,theft
Pistachio/VAD/vit-features/train/anomaly/road_anomaly_more/theft/000000031448_all__4.npy,theft
Pistachio/VAD/vit-features/train/anomaly/road_anomaly_more/theft/000000031448_all__5.npy,theft
Pistachio/VAD/vit-features/train/anomaly/road_anomaly_more/theft/000000031448_all__6.npy,theft
Pistachio/VAD/vit-features/train/anomaly/road_anomaly_more/theft/000000031448_all__7.npy,theft
Pistachio/VAD/vit-features/train/anomaly/road_anomaly_more/theft/000000031448_all__8.npy,theft
Pistachio/VAD/vit-features/train/anomaly/road_anomaly_more/theft/000000031448_all__9.npy,theft
Pistachio/VAD/vit-features/train/anomaly/road_anomaly_more/theft/000000058147_all__0.npy,theft
Pistachio/VAD/vit-features/train/anomaly/road_anomaly_more/theft/000000058147_all__1.npy,theft
Pistachio/VAD/vit-features/train/anomaly/road_anomaly_more/theft/000000058147_all__2.npy,theft
Pistachio/VAD/vit-features/train/anomaly/road_anomaly_more/theft/000000058147_all__3.npy,theft
Pistachio/VAD/vit-features/train/anomaly/road_anomaly_more/theft/000000058147_all__4.npy,theft
Pistachio/VAD/vit-features/train/anomaly/road_anomaly_more/theft/000000058147_all__5.npy,theft
Pistachio/VAD/vit-features/train/anomaly/road_anomaly_more/theft/000000058147_all__6.npy,theft
Pistachio/VAD/vit-features/train/anomaly/road_anomaly_more/theft/000000058147_all__7.npy,theft
Pistachio/VAD/vit-features/train/anomaly/road_anomaly_more/theft/000000058147_all__8.npy,theft
Pistachio/VAD/vit-features/train/anomaly/road_anomaly_more/theft/000000058147_all__9.npy,theft
Pistachio/VAD/vit-features/train/anomaly/road_anomaly_more/theft/000000063241_all__0.npy,theft
Pistachio/VAD/vit-features/train/anomaly/road_anomaly_more/theft/000000063241_all__1.npy,theft
Pistachio/VAD/vit-features/train/anomaly/road_anomaly_more/theft/000000063241_all__2.npy,theft
Pistachio/VAD/vit-features/train/anomaly/road_anomaly_more/theft/000000063241_all__3.npy,theft
Pistachio/VAD/vit-features/train/anomaly/road_anomaly_more/theft/000000063241_all__4.npy,theft
Pistachio/VAD/vit-features/train/anomaly/road_anomaly_more/theft/000000063241_all__5.npy,theft
Pistachio/VAD/vit-features/train/anomaly/road_anomaly_more/theft/000000063241_all__6.npy,theft
Pistachio/VAD/vit-features/train/anomaly/road_anomaly_more/theft/000000063241_all__7.npy,theft
Pistachio/VAD/vit-features/train/anomaly/road_anomaly_more/theft/000000063241_all__8.npy,theft
Pistachio/VAD/vit-features/train/anomaly/road_anomaly_more/theft/000000063241_all__9.npy,theft
Pistachio/VAD/vit-features/train/anomaly/road_anomaly_more/theft/000000070084_all__0.npy,theft
Pistachio/VAD/vit-features/train/anomaly/road_anomaly_more/theft/000000070084_all__1.npy,theft
Pistachio/VAD/vit-features/train/anomaly/road_anomaly_more/theft/000000070084_all__2.npy,theft
Pistachio/VAD/vit-features/train/anomaly/road_anomaly_more/theft/000000070084_all__3.npy,theft
Pistachio/VAD/vit-features/train/anomaly/road_anomaly_more/theft/000000070084_all__4.npy,theft
Pistachio/VAD/vit-features/train/anomaly/road_anomaly_more/theft/000000070084_all__5.npy,theft
Pistachio/VAD/vit-features/train/anomaly/road_anomaly_more/theft/000000070084_all__6.npy,theft
Pistachio/VAD/vit-features/train/anomaly/road_anomaly_more/theft/000000070084_all__7.npy,theft
Pistachio/VAD/vit-features/train/anomaly/road_anomaly_more/theft/000000070084_all__8.npy,theft
Pistachio/VAD/vit-features/train/anomaly/road_anomaly_more/theft/000000070084_all__9.npy,theft
Pistachio/VAD/vit-features/train/anomaly/road_anomaly_more/theft/000000071337_all__0.npy,theft
Pistachio/VAD/vit-features/train/anomaly/road_anomaly_more/theft/000000071337_all__1.npy,theft
Pistachio/VAD/vit-features/train/anomaly/road_anomaly_more/theft/000000071337_all__2.npy,theft
Pistachio/VAD/vit-features/train/anomaly/road_anomaly_more/theft/000000071337_all__3.npy,theft
Pistachio/VAD/vit-features/train/anomaly/road_anomaly_more/theft/000000071337_all__4.npy,theft
Pistachio/VAD/vit-features/train/anomaly/road_anomaly_more/theft/000000071337_all__5.npy,theft
Pistachio/VAD/vit-features/train/anomaly/road_anomaly_more/theft/000000071337_all__6.npy,theft
Pistachio/VAD/vit-features/train/anomaly/road_anomaly_more/theft/000000071337_all__7.npy,theft
Pistachio/VAD/vit-features/train/anomaly/road_anomaly_more/theft/000000071337_all__8.npy,theft
Pistachio/VAD/vit-features/train/anomaly/road_anomaly_more/theft/000000071337_all__9.npy,theft
Pistachio/VAD/vit-features/train/anomaly/road_anomaly_more/theft/000000105148_all__0.npy,theft
Pistachio/VAD/vit-features/train/anomaly/road_anomaly_more/theft/000000105148_all__1.npy,theft
Pistachio/VAD/vit-features/train/anomaly/road_anomaly_more/theft/000000105148_all__2.npy,theft
Pistachio/VAD/vit-features/train/anomaly/road_anomaly_more/theft/000000105148_all__3.npy,theft
Pistachio/VAD/vit-features/train/anomaly/road_anomaly_more/theft/000000105148_all__4.npy,theft
Pistachio/VAD/vit-features/train/anomaly/road_anomaly_more/theft/000000105148_all__5.npy,theft
Pistachio/VAD/vit-features/train/anomaly/road_anomaly_more/theft/000000105148_all__6.npy,theft
Pistachio/VAD/vit-features/train/anomaly/road_anomaly_more/theft/000000105148_all__7.npy,theft
Pistachio/VAD/vit-features/train/anomaly/road_anomaly_more/theft/000000105148_all__8.npy,theft
Pistachio/VAD/vit-features/train/anomaly/road_anomaly_more/theft/000000105148_all__9.npy,theft
Pistachio/VAD/vit-features/train/anomaly/road_anomaly_more/traffic_accident/000000031116_all__0.npy,traffic_accident
Pistachio/VAD/vit-features/train/anomaly/road_anomaly_more/traffic_accident/000000031116_all__1.npy,traffic_accident
Pistachio/VAD/vit-features/train/anomaly/road_anomaly_more/traffic_accident/000000031116_all__2.npy,traffic_accident
Pistachio/VAD/vit-features/train/anomaly/road_anomaly_more/traffic_accident/000000031116_all__3.npy,traffic_accident
Pistachio/VAD/vit-features/train/anomaly/road_anomaly_more/traffic_accident/000000031116_all__4.npy,traffic_accident
Pistachio/VAD/vit-features/train/anomaly/road_anomaly_more/traffic_accident/000000031116_all__5.npy,traffic_accident
Pistachio/VAD/vit-features/train/anomaly/road_anomaly_more/traffic_accident/000000031116_all__6.npy,traffic_accident
Pistachio/VAD/vit-features/train/anomaly/road_anomaly_more/traffic_accident/000000031116_all__7.npy,traffic_accident
Pistachio/VAD/vit-features/train/anomaly/road_anomaly_more/traffic_accident/000000031116_all__8.npy,traffic_accident
Pistachio/VAD/vit-features/train/anomaly/road_anomaly_more/traffic_accident/000000031116_all__9.npy,traffic_accident
Pistachio/VAD/vit-features/train/anomaly/road_anomaly_more/traffic_accident/000000031541_all__0.npy,traffic_accident
Pistachio/VAD/vit-features/train/anomaly/road_anomaly_more/traffic_accident/000000031541_all__1.npy,traffic_accident
Pistachio/VAD/vit-features/train/anomaly/road_anomaly_more/traffic_accident/000000031541_all__2.npy,traffic_accident
Pistachio/VAD/vit-features/train/anomaly/road_anomaly_more/traffic_accident/000000031541_all__3.npy,traffic_accident
Pistachio/VAD/vit-features/train/anomaly/road_anomaly_more/traffic_accident/000000031541_all__4.npy,traffic_accident
Pistachio/VAD/vit-features/train/anomaly/road_anomaly_more/traffic_accident/000000031541_all__5.npy,traffic_accident
Pistachio/VAD/vit-features/train/anomaly/road_anomaly_more/traffic_accident/000000031541_all__6.npy,traffic_accident
Pistachio/VAD/vit-features/train/anomaly/road_anomaly_more/traffic_accident/000000031541_all__7.npy,traffic_accident
Pistachio/VAD/vit-features/train/anomaly/road_anomaly_more/traffic_accident/000000031541_all__8.npy,traffic_accident
Pistachio/VAD/vit-features/train/anomaly/road_anomaly_more/traffic_accident/000000031541_all__9.npy,traffic_accident
Pistachio/VAD/vit-features/train/anomaly/road_anomaly_more/traffic_accident/000000032070_all__0.npy,traffic_accident
Pistachio/VAD/vit-features/train/anomaly/road_anomaly_more/traffic_accident/000000032070_all__1.npy,traffic_accident
Pistachio/VAD/vit-features/train/anomaly/road_anomaly_more/traffic_accident/000000032070_all__2.npy,traffic_accident
Pistachio/VAD/vit-features/train/anomaly/road_anomaly_more/traffic_accident/000000032070_all__3.npy,traffic_accident
Pistachio/VAD/vit-features/train/anomaly/road_anomaly_more/traffic_accident/000000032070_all__4.npy,traffic_accident
Pistachio/VAD/vit-features/train/anomaly/road_anomaly_more/traffic_accident/000000032070_all__5.npy,traffic_accident
Pistachio/VAD/vit-features/train/anomaly/road_anomaly_more/traffic_accident/000000032070_all__6.npy,traffic_accident
Pistachio/VAD/vit-features/train/anomaly/road_anomaly_more/traffic_accident/000000032070_all__7.npy,traffic_accident
Pistachio/VAD/vit-features/train/anomaly/road_anomaly_more/traffic_accident/000000032070_all__8.npy,traffic_accident
Pistachio/VAD/vit-features/train/anomaly/road_anomaly_more/traffic_accident/000000032070_all__9.npy,traffic_accident
Pistachio/VAD/vit-features/train/anomaly/road_anomaly_more/traffic_accident/000000032530_all__0.npy,traffic_accident
Pistachio/VAD/vit-features/train/anomaly/road_anomaly_more/traffic_accident/000000032530_all__1.npy,traffic_accident
Pistachio/VAD/vit-features/train/anomaly/road_anomaly_more/traffic_accident/000000032530_all__2.npy,traffic_accident
Pistachio/VAD/vit-features/train/anomaly/road_anomaly_more/traffic_accident/000000032530_all__3.npy,traffic_accident
Pistachio/VAD/vit-features/train/anomaly/road_anomaly_more/traffic_accident/000000032530_all__4.npy,traffic_accident
Pistachio/VAD/vit-features/train/anomaly/road_anomaly_more/traffic_accident/000000032530_all__5.npy,traffic_accident
Pistachio/VAD/vit-features/train/anomaly/road_anomaly_more/traffic_accident/000000032530_all__6.npy,traffic_accident
Pistachio/VAD/vit-features/train/anomaly/road_anomaly_more/traffic_accident/000000032530_all__7.npy,traffic_accident
Pistachio/VAD/vit-features/train/anomaly/road_anomaly_more/traffic_accident/000000032530_all__8.npy,traffic_accident
Pistachio/VAD/vit-features/train/anomaly/road_anomaly_more/traffic_accident/000000032530_all__9.npy,traffic_accident
Pistachio/VAD/vit-features/train/anomaly/road_anomaly_more/traffic_accident/000000033030_all__0.npy,traffic_accident
Pistachio/VAD/vit-features/train/anomaly/road_anomaly_more/traffic_accident/000000033030_all__1.npy,traffic_accident
Pistachio/VAD/vit-features/train/anomaly/road_anomaly_more/traffic_accident/000000033030_all__2.npy,traffic_accident
Pistachio/VAD/vit-features/train/anomaly/road_anomaly_more/traffic_accident/000000033030_all__3.npy,traffic_accident
Pistachio/VAD/vit-features/train/anomaly/road_anomaly_more/traffic_accident/000000033030_all__4.npy,traffic_accident
Pistachio/VAD/vit-features/train/anomaly/road_anomaly_more/traffic_accident/000000033030_all__5.npy,traffic_accident
Pistachio/VAD/vit-features/train/anomaly/road_anomaly_more/traffic_accident/000000033030_all__6.npy,traffic_accident
Pistachio/VAD/vit-features/train/anomaly/road_anomaly_more/traffic_accident/000000033030_all__7.npy,traffic_accident
Pistachio/VAD/vit-features/train/anomaly/road_anomaly_more/traffic_accident/000000033030_all__8.npy,traffic_accident
Pistachio/VAD/vit-features/train/anomaly/road_anomaly_more/traffic_accident/000000033030_all__9.npy,traffic_accident
Pistachio/VAD/vit-features/train/anomaly/road_anomaly_more/traffic_accident/000000034711_all__0.npy,traffic_accident
Pistachio/VAD/vit-features/train/anomaly/road_anomaly_more/traffic_accident/000000034711_all__1.npy,traffic_accident
Pistachio/VAD/vit-features/train/anomaly/road_anomaly_more/traffic_accident/000000034711_all__2.npy,traffic_accident
Pistachio/VAD/vit-features/train/anomaly/road_anomaly_more/traffic_accident/000000034711_all__3.npy,traffic_accident
Pistachio/VAD/vit-features/train/anomaly/road_anomaly_more/traffic_accident/000000034711_all__4.npy,traffic_accident
Pistachio/VAD/vit-features/train/anomaly/road_anomaly_more/traffic_accident/000000034711_all__5.npy,traffic_accident
Pistachio/VAD/vit-features/train/anomaly/road_anomaly_more/traffic_accident/000000034711_all__6.npy,traffic_accident
Pistachio/VAD/vit-features/train/anomaly/road_anomaly_more/traffic_accident/000000034711_all__7.npy,traffic_accident
Pistachio/VAD/vit-features/train/anomaly/road_anomaly_more/traffic_accident/000000034711_all__8.npy,traffic_accident
Pistachio/VAD/vit-features/train/anomaly/road_anomaly_more/traffic_accident/000000034711_all__9.npy,traffic_accident
Pistachio/VAD/vit-features/train/anomaly/road_anomaly_more/traffic_accident/000000035800_all__0.npy,traffic_accident
Pistachio/VAD/vit-features/train/anomaly/road_anomaly_more/traffic_accident/000000035800_all__1.npy,traffic_accident
Pistachio/VAD/vit-features/train/anomaly/road_anomaly_more/traffic_accident/000000035800_all__2.npy,traffic_accident
Pistachio/VAD/vit-features/train/anomaly/road_anomaly_more/traffic_accident/000000035800_all__3.npy,traffic_accident
Pistachio/VAD/vit-features/train/anomaly/road_anomaly_more/traffic_accident/000000035800_all__4.npy,traffic_accident
Pistachio/VAD/vit-features/train/anomaly/road_anomaly_more/traffic_accident/000000035800_all__5.npy,traffic_accident
Pistachio/VAD/vit-features/train/anomaly/road_anomaly_more/traffic_accident/000000035800_all__6.npy,traffic_accident
Pistachio/VAD/vit-features/train/anomaly/road_anomaly_more/traffic_accident/000000035800_all__7.npy,traffic_accident
Pistachio/VAD/vit-features/train/anomaly/road_anomaly_more/traffic_accident/000000035800_all__8.npy,traffic_accident
Pistachio/VAD/vit-features/train/anomaly/road_anomaly_more/traffic_accident/000000035800_all__9.npy,traffic_accident
Pistachio/VAD/vit-features/train/anomaly/road_anomaly_more/vandalism/000000038458_all__0.npy,vandalism
Pistachio/VAD/vit-features/train/anomaly/road_anomaly_more/vandalism/000000038458_all__1.npy,vandalism
Pistachio/VAD/vit-features/train/anomaly/road_anomaly_more/vandalism/000000038458_all__2.npy,vandalism
Pistachio/VAD/vit-features/train/anomaly/road_anomaly_more/vandalism/000000038458_all__3.npy,vandalism
Pistachio/VAD/vit-features/train/anomaly/road_anomaly_more/vandalism/000000038458_all__4.npy,vandalism
Pistachio/VAD/vit-features/train/anomaly/road_anomaly_more/vandalism/000000038458_all__5.npy,vandalism
Pistachio/VAD/vit-features/train/anomaly/road_anomaly_more/vandalism/000000038458_all__6.npy,vandalism
Pistachio/VAD/vit-features/train/anomaly/road_anomaly_more/vandalism/000000038458_all__7.npy,vandalism
Pistachio/VAD/vit-features/train/anomaly/road_anomaly_more/vandalism/000000038458_all__8.npy,vandalism
Pistachio/VAD/vit-features/train/anomaly/road_anomaly_more/vandalism/000000038458_all__9.npy,vandalism
Pistachio/VAD/vit-features/train/anomaly/road_anomaly_more/vandalism/000000051499_all__0.npy,vandalism
Pistachio/VAD/vit-features/train/anomaly/road_anomaly_more/vandalism/000000051499_all__1.npy,vandalism
Pistachio/VAD/vit-features/train/anomaly/road_anomaly_more/vandalism/000000051499_all__2.npy,vandalism
Pistachio/VAD/vit-features/train/anomaly/road_anomaly_more/vandalism/000000051499_all__3.npy,vandalism
Pistachio/VAD/vit-features/train/anomaly/road_anomaly_more/vandalism/000000051499_all__4.npy,vandalism
Pistachio/VAD/vit-features/train/anomaly/road_anomaly_more/vandalism/000000051499_all__5.npy,vandalism
Pistachio/VAD/vit-features/train/anomaly/road_anomaly_more/vandalism/000000051499_all__6.npy,vandalism
Pistachio/VAD/vit-features/train/anomaly/road_anomaly_more/vandalism/000000051499_all__7.npy,vandalism
Pistachio/VAD/vit-features/train/anomaly/road_anomaly_more/vandalism/000000051499_all__8.npy,vandalism
Pistachio/VAD/vit-features/train/anomaly/road_anomaly_more/vandalism/000000051499_all__9.npy,vandalism
Pistachio/VAD/vit-features/train/anomaly/road_anomaly_more/vandalism/000000058742_all__0.npy,vandalism
Pistachio/VAD/vit-features/train/anomaly/road_anomaly_more/vandalism/000000058742_all__1.npy,vandalism
Pistachio/VAD/vit-features/train/anomaly/road_anomaly_more/vandalism/000000058742_all__2.npy,vandalism
Pistachio/VAD/vit-features/train/anomaly/road_anomaly_more/vandalism/000000058742_all__3.npy,vandalism
Pistachio/VAD/vit-features/train/anomaly/road_anomaly_more/vandalism/000000058742_all__4.npy,vandalism
Pistachio/VAD/vit-features/train/anomaly/road_anomaly_more/vandalism/000000058742_all__5.npy,vandalism
Pistachio/VAD/vit-features/train/anomaly/road_anomaly_more/vandalism/000000058742_all__6.npy,vandalism
Pistachio/VAD/vit-features/train/anomaly/road_anomaly_more/vandalism/000000058742_all__7.npy,vandalism
Pistachio/VAD/vit-features/train/anomaly/road_anomaly_more/vandalism/000000058742_all__8.npy,vandalism
Pistachio/VAD/vit-features/train/anomaly/road_anomaly_more/vandalism/000000058742_all__9.npy,vandalism
Pistachio/VAD/vit-features/train/anomaly/road_anomaly_more/vandalism/000000061876_all__0.npy,vandalism
Pistachio/VAD/vit-features/train/anomaly/road_anomaly_more/vandalism/000000061876_all__1.npy,vandalism
Pistachio/VAD/vit-features/train/anomaly/road_anomaly_more/vandalism/000000061876_all__2.npy,vandalism
Pistachio/VAD/vit-features/train/anomaly/road_anomaly_more/vandalism/000000061876_all__3.npy,vandalism
Pistachio/VAD/vit-features/train/anomaly/road_anomaly_more/vandalism/000000061876_all__4.npy,vandalism
Pistachio/VAD/vit-features/train/anomaly/road_anomaly_more/vandalism/000000061876_all__5.npy,vandalism
Pistachio/VAD/vit-features/train/anomaly/road_anomaly_more/vandalism/000000061876_all__6.npy,vandalism
Pistachio/VAD/vit-features/train/anomaly/road_anomaly_more/vandalism/000000061876_all__7.npy,vandalism
Pistachio/VAD/vit-features/train/anomaly/road_anomaly_more/vandalism/000000061876_all__8.npy,vandalism
Pistachio/VAD/vit-features/train/anomaly/road_anomaly_more/vandalism/000000061876_all__9.npy,vandalism
Pistachio/VAD/vit-features/train/anomaly/road_anomaly_more/vandalism/000000070419_all__0.npy,vandalism
Pistachio/VAD/vit-features/train/anomaly/road_anomaly_more/vandalism/000000070419_all__1.npy,vandalism
Pistachio/VAD/vit-features/train/anomaly/road_anomaly_more/vandalism/000000070419_all__2.npy,vandalism
Pistachio/VAD/vit-features/train/anomaly/road_anomaly_more/vandalism/000000070419_all__3.npy,vandalism
Pistachio/VAD/vit-features/train/anomaly/road_anomaly_more/vandalism/000000070419_all__4.npy,vandalism
Pistachio/VAD/vit-features/train/anomaly/road_anomaly_more/vandalism/000000070419_all__5.npy,vandalism
Pistachio/VAD/vit-features/train/anomaly/road_anomaly_more/vandalism/000000070419_all__6.npy,vandalism
Pistachio/VAD/vit-features/train/anomaly/road_anomaly_more/vandalism/000000070419_all__7.npy,vandalism
Pistachio/VAD/vit-features/train/anomaly/road_anomaly_more/vandalism/000000070419_all__8.npy,vandalism
Pistachio/VAD/vit-features/train/anomaly/road_anomaly_more/vandalism/000000070419_all__9.npy,vandalism
Pistachio/VAD/vit-features/train/anomaly/road_anomaly_more/weapons_incident/000000142049_all__0.npy,weapons_incident
Pistachio/VAD/vit-features/train/anomaly/road_anomaly_more/weapons_incident/000000142049_all__1.npy,weapons_incident
Pistachio/VAD/vit-features/train/anomaly/road_anomaly_more/weapons_incident/000000142049_all__2.npy,weapons_incident
Pistachio/VAD/vit-features/train/anomaly/road_anomaly_more/weapons_incident/000000142049_all__3.npy,weapons_incident
Pistachio/VAD/vit-features/train/anomaly/road_anomaly_more/weapons_incident/000000142049_all__4.npy,weapons_incident
Pistachio/VAD/vit-features/train/anomaly/road_anomaly_more/weapons_incident/000000142049_all__5.npy,weapons_incident
Pistachio/VAD/vit-features/train/anomaly/road_anomaly_more/weapons_incident/000000142049_all__6.npy,weapons_incident
Pistachio/VAD/vit-features/train/anomaly/road_anomaly_more/weapons_incident/000000142049_all__7.npy,weapons_incident
Pistachio/VAD/vit-features/train/anomaly/road_anomaly_more/weapons_incident/000000142049_all__8.npy,weapons_incident
Pistachio/VAD/vit-features/train/anomaly/road_anomaly_more/weapons_incident/000000142049_all__9.npy,weapons_incident
Pistachio/VAD/vit-features/train/anomaly/road_anomaly_more/weapons_incident/000000270837_all__0.npy,weapons_incident
Pistachio/VAD/vit-features/train/anomaly/road_anomaly_more/weapons_incident/000000270837_all__1.npy,weapons_incident
Pistachio/VAD/vit-features/train/anomaly/road_anomaly_more/weapons_incident/000000270837_all__2.npy,weapons_incident
Pistachio/VAD/vit-features/train/anomaly/road_anomaly_more/weapons_incident/000000270837_all__3.npy,weapons_incident
Pistachio/VAD/vit-features/train/anomaly/road_anomaly_more/weapons_incident/000000270837_all__4.npy,weapons_incident
Pistachio/VAD/vit-features/train/anomaly/road_anomaly_more/weapons_incident/000000270837_all__5.npy,weapons_incident
Pistachio/VAD/vit-features/train/anomaly/road_anomaly_more/weapons_incident/000000270837_all__6.npy,weapons_incident
Pistachio/VAD/vit-features/train/anomaly/road_anomaly_more/weapons_incident/000000270837_all__7.npy,weapons_incident
Pistachio/VAD/vit-features/train/anomaly/road_anomaly_more/weapons_incident/000000270837_all__8.npy,weapons_incident
Pistachio/VAD/vit-features/train/anomaly/road_anomaly_more/weapons_incident/000000270837_all__9.npy,weapons_incident
Pistachio/VAD/vit-features/train/anomaly/road_anomaly_more/weapons_incident/000000274838_all__0.npy,weapons_incident
Pistachio/VAD/vit-features/train/anomaly/road_anomaly_more/weapons_incident/000000274838_all__1.npy,weapons_incident
Pistachio/VAD/vit-features/train/anomaly/road_anomaly_more/weapons_incident/000000274838_all__2.npy,weapons_incident
Pistachio/VAD/vit-features/train/anomaly/road_anomaly_more/weapons_incident/000000274838_all__3.npy,weapons_incident
Pistachio/VAD/vit-features/train/anomaly/road_anomaly_more/weapons_incident/000000274838_all__4.npy,weapons_incident
Pistachio/VAD/vit-features/train/anomaly/road_anomaly_more/weapons_incident/000000274838_all__5.npy,weapons_incident
Pistachio/VAD/vit-features/train/anomaly/road_anomaly_more/weapons_incident/000000274838_all__6.npy,weapons_incident
Pistachio/VAD/vit-features/train/anomaly/road_anomaly_more/weapons_incident/000000274838_all__7.npy,weapons_incident
Pistachio/VAD/vit-features/train/anomaly/road_anomaly_more/weapons_incident/000000274838_all__8.npy,weapons_incident
Pistachio/VAD/vit-features/train/anomaly/road_anomaly_more/weapons_incident/000000274838_all__9.npy,weapons_incident
Pistachio/VAD/vit-features/train/anomaly/road_anomaly_more/weapons_incident/000000284434_all__0.npy,weapons_incident
Pistachio/VAD/vit-features/train/anomaly/road_anomaly_more/weapons_incident/000000284434_all__1.npy,weapons_incident
Pistachio/VAD/vit-features/train/anomaly/road_anomaly_more/weapons_incident/000000284434_all__2.npy,weapons_incident
Pistachio/VAD/vit-features/train/anomaly/road_anomaly_more/weapons_incident/000000284434_all__3.npy,weapons_incident
Pistachio/VAD/vit-features/train/anomaly/road_anomaly_more/weapons_incident/000000284434_all__4.npy,weapons_incident
Pistachio/VAD/vit-features/train/anomaly/road_anomaly_more/weapons_incident/000000284434_all__5.npy,weapons_incident
Pistachio/VAD/vit-features/train/anomaly/road_anomaly_more/weapons_incident/000000284434_all__6.npy,weapons_incident
Pistachio/VAD/vit-features/train/anomaly/road_anomaly_more/weapons_incident/000000284434_all__7.npy,weapons_incident
Pistachio/VAD/vit-features/train/anomaly/road_anomaly_more/weapons_incident/000000284434_all__8.npy,weapons_incident
Pistachio/VAD/vit-features/train/anomaly/road_anomaly_more/weapons_incident/000000284434_all__9.npy,weapons_incident
Pistachio/VAD/vit-features/train/anomaly/road_anomaly_more/weapons_incident/000000518449_all__0.npy,weapons_incident
Pistachio/VAD/vit-features/train/anomaly/road_anomaly_more/weapons_incident/000000518449_all__1.npy,weapons_incident
Pistachio/VAD/vit-features/train/anomaly/road_anomaly_more/weapons_incident/000000518449_all__2.npy,weapons_incident
Pistachio/VAD/vit-features/train/anomaly/road_anomaly_more/weapons_incident/000000518449_all__3.npy,weapons_incident
Pistachio/VAD/vit-features/train/anomaly/road_anomaly_more/weapons_incident/000000518449_all__4.npy,weapons_incident
Pistachio/VAD/vit-features/train/anomaly/road_anomaly_more/weapons_incident/000000518449_all__5.npy,weapons_incident
Pistachio/VAD/vit-features/train/anomaly/road_anomaly_more/weapons_incident/000000518449_all__6.npy,weapons_incident
Pistachio/VAD/vit-features/train/anomaly/road_anomaly_more/weapons_incident/000000518449_all__7.npy,weapons_incident
Pistachio/VAD/vit-features/train/anomaly/road_anomaly_more/weapons_incident/000000518449_all__8.npy,weapons_incident
Pistachio/VAD/vit-features/train/anomaly/road_anomaly_more/weapons_incident/000000518449_all__9.npy,weapons_incident
Pistachio/VAD/vit-features/train/anomaly/road_anomaly_more/weapons_incident/000000535754_all__0.npy,weapons_incident
Pistachio/VAD/vit-features/train/anomaly/road_anomaly_more/weapons_incident/000000535754_all__1.npy,weapons_incident
Pistachio/VAD/vit-features/train/anomaly/road_anomaly_more/weapons_incident/000000535754_all__2.npy,weapons_incident
Pistachio/VAD/vit-features/train/anomaly/road_anomaly_more/weapons_incident/000000535754_all__3.npy,weapons_incident
Pistachio/VAD/vit-features/train/anomaly/road_anomaly_more/weapons_incident/000000535754_all__4.npy,weapons_incident
Pistachio/VAD/vit-features/train/anomaly/road_anomaly_more/weapons_incident/000000535754_all__5.npy,weapons_incident
Pistachio/VAD/vit-features/train/anomaly/road_anomaly_more/weapons_incident/000000535754_all__6.npy,weapons_incident
Pistachio/VAD/vit-features/train/anomaly/road_anomaly_more/weapons_incident/000000535754_all__7.npy,weapons_incident
Pistachio/VAD/vit-features/train/anomaly/road_anomaly_more/weapons_incident/000000535754_all__8.npy,weapons_incident
Pistachio/VAD/vit-features/train/anomaly/road_anomaly_more/weapons_incident/000000535754_all__9.npy,weapons_incident
Pistachio/VAD/vit-features/train/anomaly/road_anomaly_more/wild_large_animal_intrusion/000000051891_all__0.npy,wild_large_animal_intrusion
Pistachio/VAD/vit-features/train/anomaly/road_anomaly_more/wild_large_animal_intrusion/000000051891_all__1.npy,wild_large_animal_intrusion
Pistachio/VAD/vit-features/train/anomaly/road_anomaly_more/wild_large_animal_intrusion/000000051891_all__2.npy,wild_large_animal_intrusion
Pistachio/VAD/vit-features/train/anomaly/road_anomaly_more/wild_large_animal_intrusion/000000051891_all__3.npy,wild_large_animal_intrusion
Pistachio/VAD/vit-features/train/anomaly/road_anomaly_more/wild_large_animal_intrusion/000000051891_all__4.npy,wild_large_animal_intrusion
Pistachio/VAD/vit-features/train/anomaly/road_anomaly_more/wild_large_animal_intrusion/000000051891_all__5.npy,wild_large_animal_intrusion
Pistachio/VAD/vit-features/train/anomaly/road_anomaly_more/wild_large_animal_intrusion/000000051891_all__6.npy,wild_large_animal_intrusion
Pistachio/VAD/vit-features/train/anomaly/road_anomaly_more/wild_large_animal_intrusion/000000051891_all__7.npy,wild_large_animal_intrusion
Pistachio/VAD/vit-features/train/anomaly/road_anomaly_more/wild_large_animal_intrusion/000000051891_all__8.npy,wild_large_animal_intrusion
Pistachio/VAD/vit-features/train/anomaly/road_anomaly_more/wild_large_animal_intrusion/000000051891_all__9.npy,wild_large_animal_intrusion
Pistachio/VAD/vit-features/train/anomaly/road_anomaly_more/wild_large_animal_intrusion/000000059939_all__0.npy,wild_large_animal_intrusion
Pistachio/VAD/vit-features/train/anomaly/road_anomaly_more/wild_large_animal_intrusion/000000059939_all__1.npy,wild_large_animal_intrusion
Pistachio/VAD/vit-features/train/anomaly/road_anomaly_more/wild_large_animal_intrusion/000000059939_all__2.npy,wild_large_animal_intrusion
Pistachio/VAD/vit-features/train/anomaly/road_anomaly_more/wild_large_animal_intrusion/000000059939_all__3.npy,wild_large_animal_intrusion
Pistachio/VAD/vit-features/train/anomaly/road_anomaly_more/wild_large_animal_intrusion/000000059939_all__4.npy,wild_large_animal_intrusion
Pistachio/VAD/vit-features/train/anomaly/road_anomaly_more/wild_large_animal_intrusion/000000059939_all__5.npy,wild_large_animal_intrusion
Pistachio/VAD/vit-features/train/anomaly/road_anomaly_more/wild_large_animal_intrusion/000000059939_all__6.npy,wild_large_animal_intrusion
Pistachio/VAD/vit-features/train/anomaly/road_anomaly_more/wild_large_animal_intrusion/000000059939_all__7.npy,wild_large_animal_intrusion
Pistachio/VAD/vit-features/train/anomaly/road_anomaly_more/wild_large_animal_intrusion/000000059939_all__8.npy,wild_large_animal_intrusion
Pistachio/VAD/vit-features/train/anomaly/road_anomaly_more/wild_large_animal_intrusion/000000059939_all__9.npy,wild_large_animal_intrusion
Pistachio/VAD/vit-features/train/anomaly/road_anomaly_more/wild_large_animal_intrusion/000000061651_all__0.npy,wild_large_animal_intrusion
Pistachio/VAD/vit-features/train/anomaly/road_anomaly_more/wild_large_animal_intrusion/000000061651_all__1.npy,wild_large_animal_intrusion
Pistachio/VAD/vit-features/train/anomaly/road_anomaly_more/wild_large_animal_intrusion/000000061651_all__2.npy,wild_large_animal_intrusion
Pistachio/VAD/vit-features/train/anomaly/road_anomaly_more/wild_large_animal_intrusion/000000061651_all__3.npy,wild_large_animal_intrusion
Pistachio/VAD/vit-features/train/anomaly/road_anomaly_more/wild_large_animal_intrusion/000000061651_all__4.npy,wild_large_animal_intrusion
Pistachio/VAD/vit-features/train/anomaly/road_anomaly_more/wild_large_animal_intrusion/000000061651_all__5.npy,wild_large_animal_intrusion
Pistachio/VAD/vit-features/train/anomaly/road_anomaly_more/wild_large_animal_intrusion/000000061651_all__6.npy,wild_large_animal_intrusion
Pistachio/VAD/vit-features/train/anomaly/road_anomaly_more/wild_large_animal_intrusion/000000061651_all__7.npy,wild_large_animal_intrusion
Pistachio/VAD/vit-features/train/anomaly/road_anomaly_more/wild_large_animal_intrusion/000000061651_all__8.npy,wild_large_animal_intrusion
Pistachio/VAD/vit-features/train/anomaly/road_anomaly_more/wild_large_animal_intrusion/000000061651_all__9.npy,wild_large_animal_intrusion
Pistachio/VAD/vit-features/train/anomaly/road_anomaly_more/wild_large_animal_intrusion/000000064695_all__0.npy,wild_large_animal_intrusion
Pistachio/VAD/vit-features/train/anomaly/road_anomaly_more/wild_large_animal_intrusion/000000064695_all__1.npy,wild_large_animal_intrusion
Pistachio/VAD/vit-features/train/anomaly/road_anomaly_more/wild_large_animal_intrusion/000000064695_all__2.npy,wild_large_animal_intrusion
Pistachio/VAD/vit-features/train/anomaly/road_anomaly_more/wild_large_animal_intrusion/000000064695_all__3.npy,wild_large_animal_intrusion
Pistachio/VAD/vit-features/train/anomaly/road_anomaly_more/wild_large_animal_intrusion/000000064695_all__4.npy,wild_large_animal_intrusion
Pistachio/VAD/vit-features/train/anomaly/road_anomaly_more/wild_large_animal_intrusion/000000064695_all__5.npy,wild_large_animal_intrusion
Pistachio/VAD/vit-features/train/anomaly/road_anomaly_more/wild_large_animal_intrusion/000000064695_all__6.npy,wild_large_animal_intrusion
Pistachio/VAD/vit-features/train/anomaly/road_anomaly_more/wild_large_animal_intrusion/000000064695_all__7.npy,wild_large_animal_intrusion
Pistachio/VAD/vit-features/train/anomaly/road_anomaly_more/wild_large_animal_intrusion/000000064695_all__8.npy,wild_large_animal_intrusion
Pistachio/VAD/vit-features/train/anomaly/road_anomaly_more/wild_large_animal_intrusion/000000064695_all__9.npy,wild_large_animal_intrusion
Pistachio/VAD/vit-features/train/anomaly/road_anomaly_more/wild_large_animal_intrusion/000000066269_all__0.npy,wild_large_animal_intrusion
Pistachio/VAD/vit-features/train/anomaly/road_anomaly_more/wild_large_animal_intrusion/000000066269_all__1.npy,wild_large_animal_intrusion
Pistachio/VAD/vit-features/train/anomaly/road_anomaly_more/wild_large_animal_intrusion/000000066269_all__2.npy,wild_large_animal_intrusion
Pistachio/VAD/vit-features/train/anomaly/road_anomaly_more/wild_large_animal_intrusion/000000066269_all__3.npy,wild_large_animal_intrusion
Pistachio/VAD/vit-features/train/anomaly/road_anomaly_more/wild_large_animal_intrusion/000000066269_all__4.npy,wild_large_animal_intrusion
Pistachio/VAD/vit-features/train/anomaly/road_anomaly_more/wild_large_animal_intrusion/000000066269_all__5.npy,wild_large_animal_intrusion
Pistachio/VAD/vit-features/train/anomaly/road_anomaly_more/wild_large_animal_intrusion/000000066269_all__6.npy,wild_large_animal_intrusion
Pistachio/VAD/vit-features/train/anomaly/road_anomaly_more/wild_large_animal_intrusion/000000066269_all__7.npy,wild_large_animal_intrusion
Pistachio/VAD/vit-features/train/anomaly/road_anomaly_more/wild_large_animal_intrusion/000000066269_all__8.npy,wild_large_animal_intrusion
Pistachio/VAD/vit-features/train/anomaly/road_anomaly_more/wild_large_animal_intrusion/000000066269_all__9.npy,wild_large_animal_intrusion
Pistachio/VAD/vit-features/train/anomaly/road_anomaly_more/wild_large_animal_intrusion/000000070342_all__0.npy,wild_large_animal_intrusion
Pistachio/VAD/vit-features/train/anomaly/road_anomaly_more/wild_large_animal_intrusion/000000070342_all__1.npy,wild_large_animal_intrusion
Pistachio/VAD/vit-features/train/anomaly/road_anomaly_more/wild_large_animal_intrusion/000000070342_all__2.npy,wild_large_animal_intrusion
Pistachio/VAD/vit-features/train/anomaly/road_anomaly_more/wild_large_animal_intrusion/000000070342_all__3.npy,wild_large_animal_intrusion
Pistachio/VAD/vit-features/train/anomaly/road_anomaly_more/wild_large_animal_intrusion/000000070342_all__4.npy,wild_large_animal_intrusion
Pistachio/VAD/vit-features/train/anomaly/road_anomaly_more/wild_large_animal_intrusion/000000070342_all__5.npy,wild_large_animal_intrusion
Pistachio/VAD/vit-features/train/anomaly/road_anomaly_more/wild_large_animal_intrusion/000000070342_all__6.npy,wild_large_animal_intrusion
Pistachio/VAD/vit-features/train/anomaly/road_anomaly_more/wild_large_animal_intrusion/000000070342_all__7.npy,wild_large_animal_intrusion
Pistachio/VAD/vit-features/train/anomaly/road_anomaly_more/wild_large_animal_intrusion/000000070342_all__8.npy,wild_large_animal_intrusion
Pistachio/VAD/vit-features/train/anomaly/road_anomaly_more/wild_large_animal_intrusion/000000070342_all__9.npy,wild_large_animal_intrusion
Pistachio/VAD/vit-features/train/anomaly/road_anomaly_more/wild_large_animal_intrusion/000000076316_all__0.npy,wild_large_animal_intrusion
Pistachio/VAD/vit-features/train/anomaly/road_anomaly_more/wild_large_animal_intrusion/000000076316_all__1.npy,wild_large_animal_intrusion
Pistachio/VAD/vit-features/train/anomaly/road_anomaly_more/wild_large_animal_intrusion/000000076316_all__2.npy,wild_large_animal_intrusion
Pistachio/VAD/vit-features/train/anomaly/road_anomaly_more/wild_large_animal_intrusion/000000076316_all__3.npy,wild_large_animal_intrusion
Pistachio/VAD/vit-features/train/anomaly/road_anomaly_more/wild_large_animal_intrusion/000000076316_all__4.npy,wild_large_animal_intrusion
Pistachio/VAD/vit-features/train/anomaly/road_anomaly_more/wild_large_animal_intrusion/000000076316_all__5.npy,wild_large_animal_intrusion
Pistachio/VAD/vit-features/train/anomaly/road_anomaly_more/wild_large_animal_intrusion/000000076316_all__6.npy,wild_large_animal_intrusion
Pistachio/VAD/vit-features/train/anomaly/road_anomaly_more/wild_large_animal_intrusion/000000076316_all__7.npy,wild_large_animal_intrusion
Pistachio/VAD/vit-features/train/anomaly/road_anomaly_more/wild_large_animal_intrusion/000000076316_all__8.npy,wild_large_animal_intrusion
Pistachio/VAD/vit-features/train/anomaly/road_anomaly_more/wild_large_animal_intrusion/000000076316_all__9.npy,wild_large_animal_intrusion
Pistachio/VAD/vit-features/train/normal/road_normal_less/000000011853_all__0.npy,Normal
Pistachio/VAD/vit-features/train/normal/road_normal_less/000000011853_all__1.npy,Normal
Pistachio/VAD/vit-features/train/normal/road_normal_less/000000011853_all__2.npy,Normal
Pistachio/VAD/vit-features/train/normal/road_normal_less/000000011853_all__3.npy,Normal
Pistachio/VAD/vit-features/train/normal/road_normal_less/000000011853_all__4.npy,Normal
Pistachio/VAD/vit-features/train/normal/road_normal_less/000000011853_all__5.npy,Normal
Pistachio/VAD/vit-features/train/normal/road_normal_less/000000011853_all__6.npy,Normal
Pistachio/VAD/vit-features/train/normal/road_normal_less/000000011853_all__7.npy,Normal
Pistachio/VAD/vit-features/train/normal/road_normal_less/000000011853_all__8.npy,Normal
Pistachio/VAD/vit-features/train/normal/road_normal_less/000000011853_all__9.npy,Normal
Pistachio/VAD/vit-features/train/normal/road_normal_less/000000011898_all__0.npy,Normal
Pistachio/VAD/vit-features/train/normal/road_normal_less/000000011898_all__1.npy,Normal
Pistachio/VAD/vit-features/train/normal/road_normal_less/000000011898_all__2.npy,Normal
Pistachio/VAD/vit-features/train/normal/road_normal_less/000000011898_all__3.npy,Normal
Pistachio/VAD/vit-features/train/normal/road_normal_less/000000011898_all__4.npy,Normal
Pistachio/VAD/vit-features/train/normal/road_normal_less/000000011898_all__5.npy,Normal
Pistachio/VAD/vit-features/train/normal/road_normal_less/000000011898_all__6.npy,Normal
Pistachio/VAD/vit-features/train/normal/road_normal_less/000000011898_all__7.npy,Normal
Pistachio/VAD/vit-features/train/normal/road_normal_less/000000011898_all__8.npy,Normal
Pistachio/VAD/vit-features/train/normal/road_normal_less/000000011898_all__9.npy,Normal
Pistachio/VAD/vit-features/train/normal/road_normal_less/000000012000_all__0.npy,Normal
Pistachio/VAD/vit-features/train/normal/road_normal_less/000000012000_all__1.npy,Normal
Pistachio/VAD/vit-features/train/normal/road_normal_less/000000012000_all__2.npy,Normal
Pistachio/VAD/vit-features/train/normal/road_normal_less/000000012000_all__3.npy,Normal
Pistachio/VAD/vit-features/train/normal/road_normal_less/000000012000_all__4.npy,Normal
Pistachio/VAD/vit-features/train/normal/road_normal_less/000000012000_all__5.npy,Normal
Pistachio/VAD/vit-features/train/normal/road_normal_less/000000012000_all__6.npy,Normal
Pistachio/VAD/vit-features/train/normal/road_normal_less/000000012000_all__7.npy,Normal
Pistachio/VAD/vit-features/train/normal/road_normal_less/000000012000_all__8.npy,Normal
Pistachio/VAD/vit-features/train/normal/road_normal_less/000000012000_all__9.npy,Normal
Pistachio/VAD/vit-features/train/normal/road_normal_less/000000012013_all__0.npy,Normal
Pistachio/VAD/vit-features/train/normal/road_normal_less/000000012013_all__1.npy,Normal
Pistachio/VAD/vit-features/train/normal/road_normal_less/000000012013_all__2.npy,Normal
Pistachio/VAD/vit-features/train/normal/road_normal_less/000000012013_all__3.npy,Normal
Pistachio/VAD/vit-features/train/normal/road_normal_less/000000012013_all__4.npy,Normal
Pistachio/VAD/vit-features/train/normal/road_normal_less/000000012013_all__5.npy,Normal
Pistachio/VAD/vit-features/train/normal/road_normal_less/000000012013_all__6.npy,Normal
Pistachio/VAD/vit-features/train/normal/road_normal_less/000000012013_all__7.npy,Normal
Pistachio/VAD/vit-features/train/normal/road_normal_less/000000012013_all__8.npy,Normal
Pistachio/VAD/vit-features/train/normal/road_normal_less/000000012013_all__9.npy,Normal
Pistachio/VAD/vit-features/train/normal/road_normal_less/000000012136_all__0.npy,Normal
Pistachio/VAD/vit-features/train/normal/road_normal_less/000000012136_all__1.npy,Normal
Pistachio/VAD/vit-features/train/normal/road_normal_less/000000012136_all__2.npy,Normal
Pistachio/VAD/vit-features/train/normal/road_normal_less/000000012136_all__3.npy,Normal
Pistachio/VAD/vit-features/train/normal/road_normal_less/000000012136_all__4.npy,Normal
Pistachio/VAD/vit-features/train/normal/road_normal_less/000000012136_all__5.npy,Normal
Pistachio/VAD/vit-features/train/normal/road_normal_less/000000012136_all__6.npy,Normal
Pistachio/VAD/vit-features/train/normal/road_normal_less/000000012136_all__7.npy,Normal
Pistachio/VAD/vit-features/train/normal/road_normal_less/000000012136_all__8.npy,Normal
Pistachio/VAD/vit-features/train/normal/road_normal_less/000000012136_all__9.npy,Normal
Pistachio/VAD/vit-features/train/normal/road_normal_less/000000012177_all__0.npy,Normal
Pistachio/VAD/vit-features/train/normal/road_normal_less/000000012177_all__1.npy,Normal
Pistachio/VAD/vit-features/train/normal/road_normal_less/000000012177_all__2.npy,Normal
Pistachio/VAD/vit-features/train/normal/road_normal_less/000000012177_all__3.npy,Normal
Pistachio/VAD/vit-features/train/normal/road_normal_less/000000012177_all__4.npy,Normal
Pistachio/VAD/vit-features/train/normal/road_normal_less/000000012177_all__5.npy,Normal
Pistachio/VAD/vit-features/train/normal/road_normal_less/000000012177_all__6.npy,Normal
Pistachio/VAD/vit-features/train/normal/road_normal_less/000000012177_all__7.npy,Normal
Pistachio/VAD/vit-features/train/normal/road_normal_less/000000012177_all__8.npy,Normal
Pistachio/VAD/vit-features/train/normal/road_normal_less/000000012177_all__9.npy,Normal
Pistachio/VAD/vit-features/train/normal/road_normal_less/000000012254_all__0.npy,Normal
Pistachio/VAD/vit-features/train/normal/road_normal_less/000000012254_all__1.npy,Normal
Pistachio/VAD/vit-features/train/normal/road_normal_less/000000012254_all__2.npy,Normal
Pistachio/VAD/vit-features/train/normal/road_normal_less/000000012254_all__3.npy,Normal
Pistachio/VAD/vit-features/train/normal/road_normal_less/000000012254_all__4.npy,Normal
Pistachio/VAD/vit-features/train/normal/road_normal_less/000000012254_all__5.npy,Normal
Pistachio/VAD/vit-features/train/normal/road_normal_less/000000012254_all__6.npy,Normal
Pistachio/VAD/vit-features/train/normal/road_normal_less/000000012254_all__7.npy,Normal
Pistachio/VAD/vit-features/train/normal/road_normal_less/000000012254_all__8.npy,Normal
Pistachio/VAD/vit-features/train/normal/road_normal_less/000000012254_all__9.npy,Normal
Pistachio/VAD/vit-features/train/normal/road_normal_less/000000012287_all__0.npy,Normal
Pistachio/VAD/vit-features/train/normal/road_normal_less/000000012287_all__1.npy,Normal
Pistachio/VAD/vit-features/train/normal/road_normal_less/000000012287_all__2.npy,Normal
Pistachio/VAD/vit-features/train/normal/road_normal_less/000000012287_all__3.npy,Normal
Pistachio/VAD/vit-features/train/normal/road_normal_less/000000012287_all__4.npy,Normal
Pistachio/VAD/vit-features/train/normal/road_normal_less/000000012287_all__5.npy,Normal
Pistachio/VAD/vit-features/train/normal/road_normal_less/000000012287_all__6.npy,Normal
Pistachio/VAD/vit-features/train/normal/road_normal_less/000000012287_all__7.npy,Normal
Pistachio/VAD/vit-features/train/normal/road_normal_less/000000012287_all__8.npy,Normal
Pistachio/VAD/vit-features/train/normal/road_normal_less/000000012287_all__9.npy,Normal
Pistachio/VAD/vit-features/train/normal/road_normal_less/000000012355_all__0.npy,Normal
Pistachio/VAD/vit-features/train/normal/road_normal_less/000000012355_all__1.npy,Normal
Pistachio/VAD/vit-features/train/normal/road_normal_less/000000012355_all__2.npy,Normal
Pistachio/VAD/vit-features/train/normal/road_normal_less/000000012355_all__3.npy,Normal
Pistachio/VAD/vit-features/train/normal/road_normal_less/000000012355_all__4.npy,Normal
Pistachio/VAD/vit-features/train/normal/road_normal_less/000000012355_all__5.npy,Normal
Pistachio/VAD/vit-features/train/normal/road_normal_less/000000012355_all__6.npy,Normal
Pistachio/VAD/vit-features/train/normal/road_normal_less/000000012355_all__7.npy,Normal
Pistachio/VAD/vit-features/train/normal/road_normal_less/000000012355_all__8.npy,Normal
Pistachio/VAD/vit-features/train/normal/road_normal_less/000000012355_all__9.npy,Normal
Pistachio/VAD/vit-features/train/normal/road_normal_less/000000012588_all__0.npy,Normal
Pistachio/VAD/vit-features/train/normal/road_normal_less/000000012588_all__1.npy,Normal
Pistachio/VAD/vit-features/train/normal/road_normal_less/000000012588_all__2.npy,Normal
Pistachio/VAD/vit-features/train/normal/road_normal_less/000000012588_all__3.npy,Normal
Pistachio/VAD/vit-features/train/normal/road_normal_less/000000012588_all__4.npy,Normal
Pistachio/VAD/vit-features/train/normal/road_normal_less/000000012588_all__5.npy,Normal
Pistachio/VAD/vit-features/train/normal/road_normal_less/000000012588_all__6.npy,Normal
Pistachio/VAD/vit-features/train/normal/road_normal_less/000000012588_all__7.npy,Normal
Pistachio/VAD/vit-features/train/normal/road_normal_less/000000012588_all__8.npy,Normal
Pistachio/VAD/vit-features/train/normal/road_normal_less/000000012588_all__9.npy,Normal
Pistachio/VAD/vit-features/train/normal/road_normal_less/000000012659_all__0.npy,Normal
Pistachio/VAD/vit-features/train/normal/road_normal_less/000000012659_all__1.npy,Normal
Pistachio/VAD/vit-features/train/normal/road_normal_less/000000012659_all__2.npy,Normal
Pistachio/VAD/vit-features/train/normal/road_normal_less/000000012659_all__3.npy,Normal
Pistachio/VAD/vit-features/train/normal/road_normal_less/000000012659_all__4.npy,Normal
Pistachio/VAD/vit-features/train/normal/road_normal_less/000000012659_all__5.npy,Normal
Pistachio/VAD/vit-features/train/normal/road_normal_less/000000012659_all__6.npy,Normal
Pistachio/VAD/vit-features/train/normal/road_normal_less/000000012659_all__7.npy,Normal
Pistachio/VAD/vit-features/train/normal/road_normal_less/000000012659_all__8.npy,Normal
Pistachio/VAD/vit-features/train/normal/road_normal_less/000000012659_all__9.npy,Normal
Pistachio/VAD/vit-features/train/normal/road_normal_less/000000012697_all__0.npy,Normal
Pistachio/VAD/vit-features/train/normal/road_normal_less/000000012697_all__1.npy,Normal
Pistachio/VAD/vit-features/train/normal/road_normal_less/000000012697_all__2.npy,Normal
Pistachio/VAD/vit-features/train/normal/road_normal_less/000000012697_all__3.npy,Normal
Pistachio/VAD/vit-features/train/normal/road_normal_less/000000012697_all__4.npy,Normal
Pistachio/VAD/vit-features/train/normal/road_normal_less/000000012697_all__5.npy,Normal
Pistachio/VAD/vit-features/train/normal/road_normal_less/000000012697_all__6.npy,Normal
Pistachio/VAD/vit-features/train/normal/road_normal_less/000000012697_all__7.npy,Normal
Pistachio/VAD/vit-features/train/normal/road_normal_less/000000012697_all__8.npy,Normal
Pistachio/VAD/vit-features/train/normal/road_normal_less/000000012697_all__9.npy,Normal
Pistachio/VAD/vit-features/train/normal/road_normal_less/000000012746_all__0.npy,Normal
Pistachio/VAD/vit-features/train/normal/road_normal_less/000000012746_all__1.npy,Normal
Pistachio/VAD/vit-features/train/normal/road_normal_less/000000012746_all__2.npy,Normal
Pistachio/VAD/vit-features/train/normal/road_normal_less/000000012746_all__3.npy,Normal
Pistachio/VAD/vit-features/train/normal/road_normal_less/000000012746_all__4.npy,Normal
Pistachio/VAD/vit-features/train/normal/road_normal_less/000000012746_all__5.npy,Normal
Pistachio/VAD/vit-features/train/normal/road_normal_less/000000012746_all__6.npy,Normal
Pistachio/VAD/vit-features/train/normal/road_normal_less/000000012746_all__7.npy,Normal
Pistachio/VAD/vit-features/train/normal/road_normal_less/000000012746_all__8.npy,Normal
Pistachio/VAD/vit-features/train/normal/road_normal_less/000000012746_all__9.npy,Normal
Pistachio/VAD/vit-features/train/normal/road_normal_less/000000012779_all__0.npy,Normal
Pistachio/VAD/vit-features/train/normal/road_normal_less/000000012779_all__1.npy,Normal
Pistachio/VAD/vit-features/train/normal/road_normal_less/000000012779_all__2.npy,Normal
Pistachio/VAD/vit-features/train/normal/road_normal_less/000000012779_all__3.npy,Normal
Pistachio/VAD/vit-features/train/normal/road_normal_less/000000012779_all__4.npy,Normal
Pistachio/VAD/vit-features/train/normal/road_normal_less/000000012779_all__5.npy,Normal
Pistachio/VAD/vit-features/train/normal/road_normal_less/000000012779_all__6.npy,Normal
Pistachio/VAD/vit-features/train/normal/road_normal_less/000000012779_all__7.npy,Normal
Pistachio/VAD/vit-features/train/normal/road_normal_less/000000012779_all__8.npy,Normal
Pistachio/VAD/vit-features/train/normal/road_normal_less/000000012779_all__9.npy,Normal
Pistachio/VAD/vit-features/train/normal/road_normal_less/000000012865_all__0.npy,Normal
Pistachio/VAD/vit-features/train/normal/road_normal_less/000000012865_all__1.npy,Normal
Pistachio/VAD/vit-features/train/normal/road_normal_less/000000012865_all__2.npy,Normal
Pistachio/VAD/vit-features/train/normal/road_normal_less/000000012865_all__3.npy,Normal
Pistachio/VAD/vit-features/train/normal/road_normal_less/000000012865_all__4.npy,Normal
Pistachio/VAD/vit-features/train/normal/road_normal_less/000000012865_all__5.npy,Normal
Pistachio/VAD/vit-features/train/normal/road_normal_less/000000012865_all__6.npy,Normal
Pistachio/VAD/vit-features/train/normal/road_normal_less/000000012865_all__7.npy,Normal
Pistachio/VAD/vit-features/train/normal/road_normal_less/000000012865_all__8.npy,Normal
Pistachio/VAD/vit-features/train/normal/road_normal_less/000000012865_all__9.npy,Normal
Pistachio/VAD/vit-features/train/normal/road_normal_less/000000013007_all__0.npy,Normal
Pistachio/VAD/vit-features/train/normal/road_normal_less/000000013007_all__1.npy,Normal
Pistachio/VAD/vit-features/train/normal/road_normal_less/000000013007_all__2.npy,Normal
Pistachio/VAD/vit-features/train/normal/road_normal_less/000000013007_all__3.npy,Normal
Pistachio/VAD/vit-features/train/normal/road_normal_less/000000013007_all__4.npy,Normal
Pistachio/VAD/vit-features/train/normal/road_normal_less/000000013007_all__5.npy,Normal
Pistachio/VAD/vit-features/train/normal/road_normal_less/000000013007_all__6.npy,Normal
Pistachio/VAD/vit-features/train/normal/road_normal_less/000000013007_all__7.npy,Normal
Pistachio/VAD/vit-features/train/normal/road_normal_less/000000013007_all__8.npy,Normal
Pistachio/VAD/vit-features/train/normal/road_normal_less/000000013007_all__9.npy,Normal
Pistachio/VAD/vit-features/train/normal/road_normal_less/000000013049_all__0.npy,Normal
Pistachio/VAD/vit-features/train/normal/road_normal_less/000000013049_all__1.npy,Normal
Pistachio/VAD/vit-features/train/normal/road_normal_less/000000013049_all__2.npy,Normal
Pistachio/VAD/vit-features/train/normal/road_normal_less/000000013049_all__3.npy,Normal
Pistachio/VAD/vit-features/train/normal/road_normal_less/000000013049_all__4.npy,Normal
Pistachio/VAD/vit-features/train/normal/road_normal_less/000000013049_all__5.npy,Normal
Pistachio/VAD/vit-features/train/normal/road_normal_less/000000013049_all__6.npy,Normal
Pistachio/VAD/vit-features/train/normal/road_normal_less/000000013049_all__7.npy,Normal
Pistachio/VAD/vit-features/train/normal/road_normal_less/000000013049_all__8.npy,Normal
Pistachio/VAD/vit-features/train/normal/road_normal_less/000000013049_all__9.npy,Normal
Pistachio/VAD/vit-features/train/normal/road_normal_less/000000013181_all__0.npy,Normal
Pistachio/VAD/vit-features/train/normal/road_normal_less/000000013181_all__1.npy,Normal
Pistachio/VAD/vit-features/train/normal/road_normal_less/000000013181_all__2.npy,Normal
Pistachio/VAD/vit-features/train/normal/road_normal_less/000000013181_all__3.npy,Normal
Pistachio/VAD/vit-features/train/normal/road_normal_less/000000013181_all__4.npy,Normal
Pistachio/VAD/vit-features/train/normal/road_normal_less/000000013181_all__5.npy,Normal
Pistachio/VAD/vit-features/train/normal/road_normal_less/000000013181_all__6.npy,Normal
Pistachio/VAD/vit-features/train/normal/road_normal_less/000000013181_all__7.npy,Normal
Pistachio/VAD/vit-features/train/normal/road_normal_less/000000013181_all__8.npy,Normal
Pistachio/VAD/vit-features/train/normal/road_normal_less/000000013181_all__9.npy,Normal
Pistachio/VAD/vit-features/train/normal/road_normal_less/000000013210_all__0.npy,Normal
Pistachio/VAD/vit-features/train/normal/road_normal_less/000000013210_all__1.npy,Normal
Pistachio/VAD/vit-features/train/normal/road_normal_less/000000013210_all__2.npy,Normal
Pistachio/VAD/vit-features/train/normal/road_normal_less/000000013210_all__3.npy,Normal
Pistachio/VAD/vit-features/train/normal/road_normal_less/000000013210_all__4.npy,Normal
Pistachio/VAD/vit-features/train/normal/road_normal_less/000000013210_all__5.npy,Normal
Pistachio/VAD/vit-features/train/normal/road_normal_less/000000013210_all__6.npy,Normal
Pistachio/VAD/vit-features/train/normal/road_normal_less/000000013210_all__7.npy,Normal
Pistachio/VAD/vit-features/train/normal/road_normal_less/000000013210_all__8.npy,Normal
Pistachio/VAD/vit-features/train/normal/road_normal_less/000000013210_all__9.npy,Normal
Pistachio/VAD/vit-features/train/normal/road_normal_less/000000013398_all__0.npy,Normal
Pistachio/VAD/vit-features/train/normal/road_normal_less/000000013398_all__1.npy,Normal
Pistachio/VAD/vit-features/train/normal/road_normal_less/000000013398_all__2.npy,Normal
Pistachio/VAD/vit-features/train/normal/road_normal_less/000000013398_all__3.npy,Normal
Pistachio/VAD/vit-features/train/normal/road_normal_less/000000013398_all__4.npy,Normal
Pistachio/VAD/vit-features/train/normal/road_normal_less/000000013398_all__5.npy,Normal
Pistachio/VAD/vit-features/train/normal/road_normal_less/000000013398_all__6.npy,Normal
Pistachio/VAD/vit-features/train/normal/road_normal_less/000000013398_all__7.npy,Normal
Pistachio/VAD/vit-features/train/normal/road_normal_less/000000013398_all__8.npy,Normal
Pistachio/VAD/vit-features/train/normal/road_normal_less/000000013398_all__9.npy,Normal
Pistachio/VAD/vit-features/train/normal/road_normal_less/000000013487_all__0.npy,Normal
Pistachio/VAD/vit-features/train/normal/road_normal_less/000000013487_all__1.npy,Normal
Pistachio/VAD/vit-features/train/normal/road_normal_less/000000013487_all__2.npy,Normal
Pistachio/VAD/vit-features/train/normal/road_normal_less/000000013487_all__3.npy,Normal
Pistachio/VAD/vit-features/train/normal/road_normal_less/000000013487_all__4.npy,Normal
Pistachio/VAD/vit-features/train/normal/road_normal_less/000000013487_all__5.npy,Normal
Pistachio/VAD/vit-features/train/normal/road_normal_less/000000013487_all__6.npy,Normal
Pistachio/VAD/vit-features/train/normal/road_normal_less/000000013487_all__7.npy,Normal
Pistachio/VAD/vit-features/train/normal/road_normal_less/000000013487_all__8.npy,Normal
Pistachio/VAD/vit-features/train/normal/road_normal_less/000000013487_all__9.npy,Normal
Pistachio/VAD/vit-features/train/normal/road_normal_less/000000013664_all__0.npy,Normal
Pistachio/VAD/vit-features/train/normal/road_normal_less/000000013664_all__1.npy,Normal
Pistachio/VAD/vit-features/train/normal/road_normal_less/000000013664_all__2.npy,Normal
Pistachio/VAD/vit-features/train/normal/road_normal_less/000000013664_all__3.npy,Normal
Pistachio/VAD/vit-features/train/normal/road_normal_less/000000013664_all__4.npy,Normal
Pistachio/VAD/vit-features/train/normal/road_normal_less/000000013664_all__5.npy,Normal
Pistachio/VAD/vit-features/train/normal/road_normal_less/000000013664_all__6.npy,Normal
Pistachio/VAD/vit-features/train/normal/road_normal_less/000000013664_all__7.npy,Normal
Pistachio/VAD/vit-features/train/normal/road_normal_less/000000013664_all__8.npy,Normal
Pistachio/VAD/vit-features/train/normal/road_normal_less/000000013664_all__9.npy,Normal
Pistachio/VAD/vit-features/train/normal/road_normal_less/000000013669_all__0.npy,Normal
Pistachio/VAD/vit-features/train/normal/road_normal_less/000000013669_all__1.npy,Normal
Pistachio/VAD/vit-features/train/normal/road_normal_less/000000013669_all__2.npy,Normal
Pistachio/VAD/vit-features/train/normal/road_normal_less/000000013669_all__3.npy,Normal
Pistachio/VAD/vit-features/train/normal/road_normal_less/000000013669_all__4.npy,Normal
Pistachio/VAD/vit-features/train/normal/road_normal_less/000000013669_all__5.npy,Normal
Pistachio/VAD/vit-features/train/normal/road_normal_less/000000013669_all__6.npy,Normal
Pistachio/VAD/vit-features/train/normal/road_normal_less/000000013669_all__7.npy,Normal
Pistachio/VAD/vit-features/train/normal/road_normal_less/000000013669_all__8.npy,Normal
Pistachio/VAD/vit-features/train/normal/road_normal_less/000000013669_all__9.npy,Normal
Pistachio/VAD/vit-features/train/normal/road_normal_less/000000013846_all__0.npy,Normal
Pistachio/VAD/vit-features/train/normal/road_normal_less/000000013846_all__1.npy,Normal
Pistachio/VAD/vit-features/train/normal/road_normal_less/000000013846_all__2.npy,Normal
Pistachio/VAD/vit-features/train/normal/road_normal_less/000000013846_all__3.npy,Normal
Pistachio/VAD/vit-features/train/normal/road_normal_less/000000013846_all__4.npy,Normal
Pistachio/VAD/vit-features/train/normal/road_normal_less/000000013846_all__5.npy,Normal
Pistachio/VAD/vit-features/train/normal/road_normal_less/000000013846_all__6.npy,Normal
Pistachio/VAD/vit-features/train/normal/road_normal_less/000000013846_all__7.npy,Normal
Pistachio/VAD/vit-features/train/normal/road_normal_less/000000013846_all__8.npy,Normal
Pistachio/VAD/vit-features/train/normal/road_normal_less/000000013846_all__9.npy,Normal
Pistachio/VAD/vit-features/train/normal/road_normal_less/000000013958_all__0.npy,Normal
Pistachio/VAD/vit-features/train/normal/road_normal_less/000000013958_all__1.npy,Normal
Pistachio/VAD/vit-features/train/normal/road_normal_less/000000013958_all__2.npy,Normal
Pistachio/VAD/vit-features/train/normal/road_normal_less/000000013958_all__3.npy,Normal
Pistachio/VAD/vit-features/train/normal/road_normal_less/000000013958_all__4.npy,Normal
Pistachio/VAD/vit-features/train/normal/road_normal_less/000000013958_all__5.npy,Normal
Pistachio/VAD/vit-features/train/normal/road_normal_less/000000013958_all__6.npy,Normal
Pistachio/VAD/vit-features/train/normal/road_normal_less/000000013958_all__7.npy,Normal
Pistachio/VAD/vit-features/train/normal/road_normal_less/000000013958_all__8.npy,Normal
Pistachio/VAD/vit-features/train/normal/road_normal_less/000000013958_all__9.npy,Normal
Pistachio/VAD/vit-features/train/normal/road_normal_less/000000014309_all__0.npy,Normal
Pistachio/VAD/vit-features/train/normal/road_normal_less/000000014309_all__1.npy,Normal
Pistachio/VAD/vit-features/train/normal/road_normal_less/000000014309_all__2.npy,Normal
Pistachio/VAD/vit-features/train/normal/road_normal_less/000000014309_all__3.npy,Normal
Pistachio/VAD/vit-features/train/normal/road_normal_less/000000014309_all__4.npy,Normal
Pistachio/VAD/vit-features/train/normal/road_normal_less/000000014309_all__5.npy,Normal
Pistachio/VAD/vit-features/train/normal/road_normal_less/000000014309_all__6.npy,Normal
Pistachio/VAD/vit-features/train/normal/road_normal_less/000000014309_all__7.npy,Normal
Pistachio/VAD/vit-features/train/normal/road_normal_less/000000014309_all__8.npy,Normal
Pistachio/VAD/vit-features/train/normal/road_normal_less/000000014309_all__9.npy,Normal
Pistachio/VAD/vit-features/train/normal/road_normal_less/000000014350_all__0.npy,Normal
Pistachio/VAD/vit-features/train/normal/road_normal_less/000000014350_all__1.npy,Normal
Pistachio/VAD/vit-features/train/normal/road_normal_less/000000014350_all__2.npy,Normal
Pistachio/VAD/vit-features/train/normal/road_normal_less/000000014350_all__3.npy,Normal
Pistachio/VAD/vit-features/train/normal/road_normal_less/000000014350_all__4.npy,Normal
Pistachio/VAD/vit-features/train/normal/road_normal_less/000000014350_all__5.npy,Normal
Pistachio/VAD/vit-features/train/normal/road_normal_less/000000014350_all__6.npy,Normal
Pistachio/VAD/vit-features/train/normal/road_normal_less/000000014350_all__7.npy,Normal
Pistachio/VAD/vit-features/train/normal/road_normal_less/000000014350_all__8.npy,Normal
Pistachio/VAD/vit-features/train/normal/road_normal_less/000000014350_all__9.npy,Normal
Pistachio/VAD/vit-features/train/normal/road_normal_less/000000014390_all__0.npy,Normal
Pistachio/VAD/vit-features/train/normal/road_normal_less/000000014390_all__1.npy,Normal
Pistachio/VAD/vit-features/train/normal/road_normal_less/000000014390_all__2.npy,Normal
Pistachio/VAD/vit-features/train/normal/road_normal_less/000000014390_all__3.npy,Normal
Pistachio/VAD/vit-features/train/normal/road_normal_less/000000014390_all__4.npy,Normal
Pistachio/VAD/vit-features/train/normal/road_normal_less/000000014390_all__5.npy,Normal
Pistachio/VAD/vit-features/train/normal/road_normal_less/000000014390_all__6.npy,Normal
Pistachio/VAD/vit-features/train/normal/road_normal_less/000000014390_all__7.npy,Normal
Pistachio/VAD/vit-features/train/normal/road_normal_less/000000014390_all__8.npy,Normal
Pistachio/VAD/vit-features/train/normal/road_normal_less/000000014390_all__9.npy,Normal
Pistachio/VAD/vit-features/train/normal/road_normal_less/000000014545_all__0.npy,Normal
Pistachio/VAD/vit-features/train/normal/road_normal_less/000000014545_all__1.npy,Normal
Pistachio/VAD/vit-features/train/normal/road_normal_less/000000014545_all__2.npy,Normal
Pistachio/VAD/vit-features/train/normal/road_normal_less/000000014545_all__3.npy,Normal
Pistachio/VAD/vit-features/train/normal/road_normal_less/000000014545_all__4.npy,Normal
Pistachio/VAD/vit-features/train/normal/road_normal_less/000000014545_all__5.npy,Normal
Pistachio/VAD/vit-features/train/normal/road_normal_less/000000014545_all__6.npy,Normal
Pistachio/VAD/vit-features/train/normal/road_normal_less/000000014545_all__7.npy,Normal
Pistachio/VAD/vit-features/train/normal/road_normal_less/000000014545_all__8.npy,Normal
Pistachio/VAD/vit-features/train/normal/road_normal_less/000000014545_all__9.npy,Normal
Pistachio/VAD/vit-features/train/normal/road_normal_less/000000014588_all__0.npy,Normal
Pistachio/VAD/vit-features/train/normal/road_normal_less/000000014588_all__1.npy,Normal
Pistachio/VAD/vit-features/train/normal/road_normal_less/000000014588_all__2.npy,Normal
Pistachio/VAD/vit-features/train/normal/road_normal_less/000000014588_all__3.npy,Normal
Pistachio/VAD/vit-features/train/normal/road_normal_less/000000014588_all__4.npy,Normal
Pistachio/VAD/vit-features/train/normal/road_normal_less/000000014588_all__5.npy,Normal
Pistachio/VAD/vit-features/train/normal/road_normal_less/000000014588_all__6.npy,Normal
Pistachio/VAD/vit-features/train/normal/road_normal_less/000000014588_all__7.npy,Normal
Pistachio/VAD/vit-features/train/normal/road_normal_less/000000014588_all__8.npy,Normal
Pistachio/VAD/vit-features/train/normal/road_normal_less/000000014588_all__9.npy,Normal
Pistachio/VAD/vit-features/train/normal/road_normal_less/000000014667_all__0.npy,Normal
Pistachio/VAD/vit-features/train/normal/road_normal_less/000000014667_all__1.npy,Normal
Pistachio/VAD/vit-features/train/normal/road_normal_less/000000014667_all__2.npy,Normal
Pistachio/VAD/vit-features/train/normal/road_normal_less/000000014667_all__3.npy,Normal
Pistachio/VAD/vit-features/train/normal/road_normal_less/000000014667_all__4.npy,Normal
Pistachio/VAD/vit-features/train/normal/road_normal_less/000000014667_all__5.npy,Normal
Pistachio/VAD/vit-features/train/normal/road_normal_less/000000014667_all__6.npy,Normal
Pistachio/VAD/vit-features/train/normal/road_normal_less/000000014667_all__7.npy,Normal
Pistachio/VAD/vit-features/train/normal/road_normal_less/000000014667_all__8.npy,Normal
Pistachio/VAD/vit-features/train/normal/road_normal_less/000000014667_all__9.npy,Normal
Pistachio/VAD/vit-features/train/normal/road_normal_less/000000014786_all__0.npy,Normal
Pistachio/VAD/vit-features/train/normal/road_normal_less/000000014786_all__1.npy,Normal
Pistachio/VAD/vit-features/train/normal/road_normal_less/000000014786_all__2.npy,Normal
Pistachio/VAD/vit-features/train/normal/road_normal_less/000000014786_all__3.npy,Normal
Pistachio/VAD/vit-features/train/normal/road_normal_less/000000014786_all__4.npy,Normal
Pistachio/VAD/vit-features/train/normal/road_normal_less/000000014786_all__5.npy,Normal
Pistachio/VAD/vit-features/train/normal/road_normal_less/000000014786_all__6.npy,Normal
Pistachio/VAD/vit-features/train/normal/road_normal_less/000000014786_all__7.npy,Normal
Pistachio/VAD/vit-features/train/normal/road_normal_less/000000014786_all__8.npy,Normal
Pistachio/VAD/vit-features/train/normal/road_normal_less/000000014786_all__9.npy,Normal
Pistachio/VAD/vit-features/train/normal/road_normal_less/000000014907_all__0.npy,Normal
Pistachio/VAD/vit-features/train/normal/road_normal_less/000000014907_all__1.npy,Normal
Pistachio/VAD/vit-features/train/normal/road_normal_less/000000014907_all__2.npy,Normal
Pistachio/VAD/vit-features/train/normal/road_normal_less/000000014907_all__3.npy,Normal
Pistachio/VAD/vit-features/train/normal/road_normal_less/000000014907_all__4.npy,Normal
Pistachio/VAD/vit-features/train/normal/road_normal_less/000000014907_all__5.npy,Normal
Pistachio/VAD/vit-features/train/normal/road_normal_less/000000014907_all__6.npy,Normal
Pistachio/VAD/vit-features/train/normal/road_normal_less/000000014907_all__7.npy,Normal
Pistachio/VAD/vit-features/train/normal/road_normal_less/000000014907_all__8.npy,Normal
Pistachio/VAD/vit-features/train/normal/road_normal_less/000000014907_all__9.npy,Normal
Pistachio/VAD/vit-features/train/normal/road_normal_less/000000015108_all__0.npy,Normal
Pistachio/VAD/vit-features/train/normal/road_normal_less/000000015108_all__1.npy,Normal
Pistachio/VAD/vit-features/train/normal/road_normal_less/000000015108_all__2.npy,Normal
Pistachio/VAD/vit-features/train/normal/road_normal_less/000000015108_all__3.npy,Normal
Pistachio/VAD/vit-features/train/normal/road_normal_less/000000015108_all__4.npy,Normal
Pistachio/VAD/vit-features/train/normal/road_normal_less/000000015108_all__5.npy,Normal
Pistachio/VAD/vit-features/train/normal/road_normal_less/000000015108_all__6.npy,Normal
Pistachio/VAD/vit-features/train/normal/road_normal_less/000000015108_all__7.npy,Normal
Pistachio/VAD/vit-features/train/normal/road_normal_less/000000015108_all__8.npy,Normal
Pistachio/VAD/vit-features/train/normal/road_normal_less/000000015108_all__9.npy,Normal
Pistachio/VAD/vit-features/train/normal/road_normal_less/000000015146_all__0.npy,Normal
Pistachio/VAD/vit-features/train/normal/road_normal_less/000000015146_all__1.npy,Normal
Pistachio/VAD/vit-features/train/normal/road_normal_less/000000015146_all__2.npy,Normal
Pistachio/VAD/vit-features/train/normal/road_normal_less/000000015146_all__3.npy,Normal
Pistachio/VAD/vit-features/train/normal/road_normal_less/000000015146_all__4.npy,Normal
Pistachio/VAD/vit-features/train/normal/road_normal_less/000000015146_all__5.npy,Normal
Pistachio/VAD/vit-features/train/normal/road_normal_less/000000015146_all__6.npy,Normal
Pistachio/VAD/vit-features/train/normal/road_normal_less/000000015146_all__7.npy,Normal
Pistachio/VAD/vit-features/train/normal/road_normal_less/000000015146_all__8.npy,Normal
Pistachio/VAD/vit-features/train/normal/road_normal_less/000000015146_all__9.npy,Normal
Pistachio/VAD/vit-features/train/normal/road_normal_less/000000015159_all__0.npy,Normal
Pistachio/VAD/vit-features/train/normal/road_normal_less/000000015159_all__1.npy,Normal
Pistachio/VAD/vit-features/train/normal/road_normal_less/000000015159_all__2.npy,Normal
Pistachio/VAD/vit-features/train/normal/road_normal_less/000000015159_all__3.npy,Normal
Pistachio/VAD/vit-features/train/normal/road_normal_less/000000015159_all__4.npy,Normal
Pistachio/VAD/vit-features/train/normal/road_normal_less/000000015159_all__5.npy,Normal
Pistachio/VAD/vit-features/train/normal/road_normal_less/000000015159_all__6.npy,Normal
Pistachio/VAD/vit-features/train/normal/road_normal_less/000000015159_all__7.npy,Normal
Pistachio/VAD/vit-features/train/normal/road_normal_less/000000015159_all__8.npy,Normal
Pistachio/VAD/vit-features/train/normal/road_normal_less/000000015159_all__9.npy,Normal
Pistachio/VAD/vit-features/train/normal/road_normal_less/000000015308_all__0.npy,Normal
Pistachio/VAD/vit-features/train/normal/road_normal_less/000000015308_all__1.npy,Normal
Pistachio/VAD/vit-features/train/normal/road_normal_less/000000015308_all__2.npy,Normal
Pistachio/VAD/vit-features/train/normal/road_normal_less/000000015308_all__3.npy,Normal
Pistachio/VAD/vit-features/train/normal/road_normal_less/000000015308_all__4.npy,Normal
Pistachio/VAD/vit-features/train/normal/road_normal_less/000000015308_all__5.npy,Normal
Pistachio/VAD/vit-features/train/normal/road_normal_less/000000015308_all__6.npy,Normal
Pistachio/VAD/vit-features/train/normal/road_normal_less/000000015308_all__7.npy,Normal
Pistachio/VAD/vit-features/train/normal/road_normal_less/000000015308_all__8.npy,Normal
Pistachio/VAD/vit-features/train/normal/road_normal_less/000000015308_all__9.npy,Normal
Pistachio/VAD/vit-features/train/normal/road_normal_less/000000015332_all__0.npy,Normal
Pistachio/VAD/vit-features/train/normal/road_normal_less/000000015332_all__1.npy,Normal
Pistachio/VAD/vit-features/train/normal/road_normal_less/000000015332_all__2.npy,Normal
Pistachio/VAD/vit-features/train/normal/road_normal_less/000000015332_all__3.npy,Normal
Pistachio/VAD/vit-features/train/normal/road_normal_less/000000015332_all__4.npy,Normal
Pistachio/VAD/vit-features/train/normal/road_normal_less/000000015332_all__5.npy,Normal
Pistachio/VAD/vit-features/train/normal/road_normal_less/000000015332_all__6.npy,Normal
Pistachio/VAD/vit-features/train/normal/road_normal_less/000000015332_all__7.npy,Normal
Pistachio/VAD/vit-features/train/normal/road_normal_less/000000015332_all__8.npy,Normal
Pistachio/VAD/vit-features/train/normal/road_normal_less/000000015332_all__9.npy,Normal
Pistachio/VAD/vit-features/train/normal/road_normal_less/000000015443_all__0.npy,Normal
Pistachio/VAD/vit-features/train/normal/road_normal_less/000000015443_all__1.npy,Normal
Pistachio/VAD/vit-features/train/normal/road_normal_less/000000015443_all__2.npy,Normal
Pistachio/VAD/vit-features/train/normal/road_normal_less/000000015443_all__3.npy,Normal
Pistachio/VAD/vit-features/train/normal/road_normal_less/000000015443_all__4.npy,Normal
Pistachio/VAD/vit-features/train/normal/road_normal_less/000000015443_all__5.npy,Normal
Pistachio/VAD/vit-features/train/normal/road_normal_less/000000015443_all__6.npy,Normal
Pistachio/VAD/vit-features/train/normal/road_normal_less/000000015443_all__7.npy,Normal
Pistachio/VAD/vit-features/train/normal/road_normal_less/000000015443_all__8.npy,Normal
Pistachio/VAD/vit-features/train/normal/road_normal_less/000000015443_all__9.npy,Normal
Pistachio/VAD/vit-features/train/normal/road_normal_less/000000015703_all__0.npy,Normal
Pistachio/VAD/vit-features/train/normal/road_normal_less/000000015703_all__1.npy,Normal
Pistachio/VAD/vit-features/train/normal/road_normal_less/000000015703_all__2.npy,Normal
Pistachio/VAD/vit-features/train/normal/road_normal_less/000000015703_all__3.npy,Normal
Pistachio/VAD/vit-features/train/normal/road_normal_less/000000015703_all__4.npy,Normal
Pistachio/VAD/vit-features/train/normal/road_normal_less/000000015703_all__5.npy,Normal
Pistachio/VAD/vit-features/train/normal/road_normal_less/000000015703_all__6.npy,Normal
Pistachio/VAD/vit-features/train/normal/road_normal_less/000000015703_all__7.npy,Normal
Pistachio/VAD/vit-features/train/normal/road_normal_less/000000015703_all__8.npy,Normal
Pistachio/VAD/vit-features/train/normal/road_normal_less/000000015703_all__9.npy,Normal
Pistachio/VAD/vit-features/train/normal/road_normal_less/000000015758_all__0.npy,Normal
Pistachio/VAD/vit-features/train/normal/road_normal_less/000000015758_all__1.npy,Normal
Pistachio/VAD/vit-features/train/normal/road_normal_less/000000015758_all__2.npy,Normal
Pistachio/VAD/vit-features/train/normal/road_normal_less/000000015758_all__3.npy,Normal
Pistachio/VAD/vit-features/train/normal/road_normal_less/000000015758_all__4.npy,Normal
Pistachio/VAD/vit-features/train/normal/road_normal_less/000000015758_all__5.npy,Normal
Pistachio/VAD/vit-features/train/normal/road_normal_less/000000015758_all__6.npy,Normal
Pistachio/VAD/vit-features/train/normal/road_normal_less/000000015758_all__7.npy,Normal
Pistachio/VAD/vit-features/train/normal/road_normal_less/000000015758_all__8.npy,Normal
Pistachio/VAD/vit-features/train/normal/road_normal_less/000000015758_all__9.npy,Normal
Pistachio/VAD/vit-features/train/normal/road_normal_less/000000015833_all__0.npy,Normal
Pistachio/VAD/vit-features/train/normal/road_normal_less/000000015833_all__1.npy,Normal
Pistachio/VAD/vit-features/train/normal/road_normal_less/000000015833_all__2.npy,Normal
Pistachio/VAD/vit-features/train/normal/road_normal_less/000000015833_all__3.npy,Normal
Pistachio/VAD/vit-features/train/normal/road_normal_less/000000015833_all__4.npy,Normal
Pistachio/VAD/vit-features/train/normal/road_normal_less/000000015833_all__5.npy,Normal
Pistachio/VAD/vit-features/train/normal/road_normal_less/000000015833_all__6.npy,Normal
Pistachio/VAD/vit-features/train/normal/road_normal_less/000000015833_all__7.npy,Normal
Pistachio/VAD/vit-features/train/normal/road_normal_less/000000015833_all__8.npy,Normal
Pistachio/VAD/vit-features/train/normal/road_normal_less/000000015833_all__9.npy,Normal
Pistachio/VAD/vit-features/train/normal/road_normal_less/000000015943_all__0.npy,Normal
Pistachio/VAD/vit-features/train/normal/road_normal_less/000000015943_all__1.npy,Normal
Pistachio/VAD/vit-features/train/normal/road_normal_less/000000015943_all__2.npy,Normal
Pistachio/VAD/vit-features/train/normal/road_normal_less/000000015943_all__3.npy,Normal
Pistachio/VAD/vit-features/train/normal/road_normal_less/000000015943_all__4.npy,Normal
Pistachio/VAD/vit-features/train/normal/road_normal_less/000000015943_all__5.npy,Normal
Pistachio/VAD/vit-features/train/normal/road_normal_less/000000015943_all__6.npy,Normal
Pistachio/VAD/vit-features/train/normal/road_normal_less/000000015943_all__7.npy,Normal
Pistachio/VAD/vit-features/train/normal/road_normal_less/000000015943_all__8.npy,Normal
Pistachio/VAD/vit-features/train/normal/road_normal_less/000000015943_all__9.npy,Normal
Pistachio/VAD/vit-features/train/normal/road_normal_less/000000016035_all__0.npy,Normal
Pistachio/VAD/vit-features/train/normal/road_normal_less/000000016035_all__1.npy,Normal
Pistachio/VAD/vit-features/train/normal/road_normal_less/000000016035_all__2.npy,Normal
Pistachio/VAD/vit-features/train/normal/road_normal_less/000000016035_all__3.npy,Normal
Pistachio/VAD/vit-features/train/normal/road_normal_less/000000016035_all__4.npy,Normal
Pistachio/VAD/vit-features/train/normal/road_normal_less/000000016035_all__5.npy,Normal
Pistachio/VAD/vit-features/train/normal/road_normal_less/000000016035_all__6.npy,Normal
Pistachio/VAD/vit-features/train/normal/road_normal_less/000000016035_all__7.npy,Normal
Pistachio/VAD/vit-features/train/normal/road_normal_less/000000016035_all__8.npy,Normal
Pistachio/VAD/vit-features/train/normal/road_normal_less/000000016035_all__9.npy,Normal
Pistachio/VAD/vit-features/train/normal/road_normal_less/000000016096_all__0.npy,Normal
Pistachio/VAD/vit-features/train/normal/road_normal_less/000000016096_all__1.npy,Normal
Pistachio/VAD/vit-features/train/normal/road_normal_less/000000016096_all__2.npy,Normal
Pistachio/VAD/vit-features/train/normal/road_normal_less/000000016096_all__3.npy,Normal
Pistachio/VAD/vit-features/train/normal/road_normal_less/000000016096_all__4.npy,Normal
Pistachio/VAD/vit-features/train/normal/road_normal_less/000000016096_all__5.npy,Normal
Pistachio/VAD/vit-features/train/normal/road_normal_less/000000016096_all__6.npy,Normal
Pistachio/VAD/vit-features/train/normal/road_normal_less/000000016096_all__7.npy,Normal
Pistachio/VAD/vit-features/train/normal/road_normal_less/000000016096_all__8.npy,Normal
Pistachio/VAD/vit-features/train/normal/road_normal_less/000000016096_all__9.npy,Normal
Pistachio/VAD/vit-features/train/normal/road_normal_less/000000016147_all__0.npy,Normal
Pistachio/VAD/vit-features/train/normal/road_normal_less/000000016147_all__1.npy,Normal
Pistachio/VAD/vit-features/train/normal/road_normal_less/000000016147_all__2.npy,Normal
Pistachio/VAD/vit-features/train/normal/road_normal_less/000000016147_all__3.npy,Normal
Pistachio/VAD/vit-features/train/normal/road_normal_less/000000016147_all__4.npy,Normal
Pistachio/VAD/vit-features/train/normal/road_normal_less/000000016147_all__5.npy,Normal
Pistachio/VAD/vit-features/train/normal/road_normal_less/000000016147_all__6.npy,Normal
Pistachio/VAD/vit-features/train/normal/road_normal_less/000000016147_all__7.npy,Normal
Pistachio/VAD/vit-features/train/normal/road_normal_less/000000016147_all__8.npy,Normal
Pistachio/VAD/vit-features/train/normal/road_normal_less/000000016147_all__9.npy,Normal
Pistachio/VAD/vit-features/train/normal/road_normal_less/000000017037_all__0.npy,Normal
Pistachio/VAD/vit-features/train/normal/road_normal_less/000000017037_all__1.npy,Normal
Pistachio/VAD/vit-features/train/normal/road_normal_less/000000017037_all__2.npy,Normal
Pistachio/VAD/vit-features/train/normal/road_normal_less/000000017037_all__3.npy,Normal
Pistachio/VAD/vit-features/train/normal/road_normal_less/000000017037_all__4.npy,Normal
Pistachio/VAD/vit-features/train/normal/road_normal_less/000000017037_all__5.npy,Normal
Pistachio/VAD/vit-features/train/normal/road_normal_less/000000017037_all__6.npy,Normal
Pistachio/VAD/vit-features/train/normal/road_normal_less/000000017037_all__7.npy,Normal
Pistachio/VAD/vit-features/train/normal/road_normal_less/000000017037_all__8.npy,Normal
Pistachio/VAD/vit-features/train/normal/road_normal_less/000000017037_all__9.npy,Normal
Pistachio/VAD/vit-features/train/normal/road_normal_less/000000017185_all__0.npy,Normal
Pistachio/VAD/vit-features/train/normal/road_normal_less/000000017185_all__1.npy,Normal
Pistachio/VAD/vit-features/train/normal/road_normal_less/000000017185_all__2.npy,Normal
Pistachio/VAD/vit-features/train/normal/road_normal_less/000000017185_all__3.npy,Normal
Pistachio/VAD/vit-features/train/normal/road_normal_less/000000017185_all__4.npy,Normal
Pistachio/VAD/vit-features/train/normal/road_normal_less/000000017185_all__5.npy,Normal
Pistachio/VAD/vit-features/train/normal/road_normal_less/000000017185_all__6.npy,Normal
Pistachio/VAD/vit-features/train/normal/road_normal_less/000000017185_all__7.npy,Normal
Pistachio/VAD/vit-features/train/normal/road_normal_less/000000017185_all__8.npy,Normal
Pistachio/VAD/vit-features/train/normal/road_normal_less/000000017185_all__9.npy,Normal
Pistachio/VAD/vit-features/train/normal/road_normal_less/000000017218_all__0.npy,Normal
Pistachio/VAD/vit-features/train/normal/road_normal_less/000000017218_all__1.npy,Normal
Pistachio/VAD/vit-features/train/normal/road_normal_less/000000017218_all__2.npy,Normal
Pistachio/VAD/vit-features/train/normal/road_normal_less/000000017218_all__3.npy,Normal
Pistachio/VAD/vit-features/train/normal/road_normal_less/000000017218_all__4.npy,Normal
Pistachio/VAD/vit-features/train/normal/road_normal_less/000000017218_all__5.npy,Normal
Pistachio/VAD/vit-features/train/normal/road_normal_less/000000017218_all__6.npy,Normal
Pistachio/VAD/vit-features/train/normal/road_normal_less/000000017218_all__7.npy,Normal
Pistachio/VAD/vit-features/train/normal/road_normal_less/000000017218_all__8.npy,Normal
Pistachio/VAD/vit-features/train/normal/road_normal_less/000000017218_all__9.npy,Normal
Pistachio/VAD/vit-features/train/normal/road_normal_less/000000017286_all__0.npy,Normal
Pistachio/VAD/vit-features/train/normal/road_normal_less/000000017286_all__1.npy,Normal
Pistachio/VAD/vit-features/train/normal/road_normal_less/000000017286_all__2.npy,Normal
Pistachio/VAD/vit-features/train/normal/road_normal_less/000000017286_all__3.npy,Normal
Pistachio/VAD/vit-features/train/normal/road_normal_less/000000017286_all__4.npy,Normal
Pistachio/VAD/vit-features/train/normal/road_normal_less/000000017286_all__5.npy,Normal
Pistachio/VAD/vit-features/train/normal/road_normal_less/000000017286_all__6.npy,Normal
Pistachio/VAD/vit-features/train/normal/road_normal_less/000000017286_all__7.npy,Normal
Pistachio/VAD/vit-features/train/normal/road_normal_less/000000017286_all__8.npy,Normal
Pistachio/VAD/vit-features/train/normal/road_normal_less/000000017286_all__9.npy,Normal
Pistachio/VAD/vit-features/train/normal/road_normal_less/000000017303_all__0.npy,Normal
Pistachio/VAD/vit-features/train/normal/road_normal_less/000000017303_all__1.npy,Normal
Pistachio/VAD/vit-features/train/normal/road_normal_less/000000017303_all__2.npy,Normal
Pistachio/VAD/vit-features/train/normal/road_normal_less/000000017303_all__3.npy,Normal
Pistachio/VAD/vit-features/train/normal/road_normal_less/000000017303_all__4.npy,Normal
Pistachio/VAD/vit-features/train/normal/road_normal_less/000000017303_all__5.npy,Normal
Pistachio/VAD/vit-features/train/normal/road_normal_less/000000017303_all__6.npy,Normal
Pistachio/VAD/vit-features/train/normal/road_normal_less/000000017303_all__7.npy,Normal
Pistachio/VAD/vit-features/train/normal/road_normal_less/000000017303_all__8.npy,Normal
Pistachio/VAD/vit-features/train/normal/road_normal_less/000000017303_all__9.npy,Normal
Pistachio/VAD/vit-features/train/normal/road_normal_less/000000017467_all__0.npy,Normal
Pistachio/VAD/vit-features/train/normal/road_normal_less/000000017467_all__1.npy,Normal
Pistachio/VAD/vit-features/train/normal/road_normal_less/000000017467_all__2.npy,Normal
Pistachio/VAD/vit-features/train/normal/road_normal_less/000000017467_all__3.npy,Normal
Pistachio/VAD/vit-features/train/normal/road_normal_less/000000017467_all__4.npy,Normal
Pistachio/VAD/vit-features/train/normal/road_normal_less/000000017467_all__5.npy,Normal
Pistachio/VAD/vit-features/train/normal/road_normal_less/000000017467_all__6.npy,Normal
Pistachio/VAD/vit-features/train/normal/road_normal_less/000000017467_all__7.npy,Normal
Pistachio/VAD/vit-features/train/normal/road_normal_less/000000017467_all__8.npy,Normal
Pistachio/VAD/vit-features/train/normal/road_normal_less/000000017467_all__9.npy,Normal
Pistachio/VAD/vit-features/train/normal/road_normal_less/000000017516_all__0.npy,Normal
Pistachio/VAD/vit-features/train/normal/road_normal_less/000000017516_all__1.npy,Normal
Pistachio/VAD/vit-features/train/normal/road_normal_less/000000017516_all__2.npy,Normal
Pistachio/VAD/vit-features/train/normal/road_normal_less/000000017516_all__3.npy,Normal
Pistachio/VAD/vit-features/train/normal/road_normal_less/000000017516_all__4.npy,Normal
Pistachio/VAD/vit-features/train/normal/road_normal_less/000000017516_all__5.npy,Normal
Pistachio/VAD/vit-features/train/normal/road_normal_less/000000017516_all__6.npy,Normal
Pistachio/VAD/vit-features/train/normal/road_normal_less/000000017516_all__7.npy,Normal
Pistachio/VAD/vit-features/train/normal/road_normal_less/000000017516_all__8.npy,Normal
Pistachio/VAD/vit-features/train/normal/road_normal_less/000000017516_all__9.npy,Normal
Pistachio/VAD/vit-features/train/normal/road_normal_less/000000017743_all__0.npy,Normal
Pistachio/VAD/vit-features/train/normal/road_normal_less/000000017743_all__1.npy,Normal
Pistachio/VAD/vit-features/train/normal/road_normal_less/000000017743_all__2.npy,Normal
Pistachio/VAD/vit-features/train/normal/road_normal_less/000000017743_all__3.npy,Normal
Pistachio/VAD/vit-features/train/normal/road_normal_less/000000017743_all__4.npy,Normal
Pistachio/VAD/vit-features/train/normal/road_normal_less/000000017743_all__5.npy,Normal
Pistachio/VAD/vit-features/train/normal/road_normal_less/000000017743_all__6.npy,Normal
Pistachio/VAD/vit-features/train/normal/road_normal_less/000000017743_all__7.npy,Normal
Pistachio/VAD/vit-features/train/normal/road_normal_less/000000017743_all__8.npy,Normal
Pistachio/VAD/vit-features/train/normal/road_normal_less/000000017743_all__9.npy,Normal
Pistachio/VAD/vit-features/train/normal/road_normal_less/000000017929_all__0.npy,Normal
Pistachio/VAD/vit-features/train/normal/road_normal_less/000000017929_all__1.npy,Normal
Pistachio/VAD/vit-features/train/normal/road_normal_less/000000017929_all__2.npy,Normal
Pistachio/VAD/vit-features/train/normal/road_normal_less/000000017929_all__3.npy,Normal
Pistachio/VAD/vit-features/train/normal/road_normal_less/000000017929_all__4.npy,Normal
Pistachio/VAD/vit-features/train/normal/road_normal_less/000000017929_all__5.npy,Normal
Pistachio/VAD/vit-features/train/normal/road_normal_less/000000017929_all__6.npy,Normal
Pistachio/VAD/vit-features/train/normal/road_normal_less/000000017929_all__7.npy,Normal
Pistachio/VAD/vit-features/train/normal/road_normal_less/000000017929_all__8.npy,Normal
Pistachio/VAD/vit-features/train/normal/road_normal_less/000000017929_all__9.npy,Normal
Pistachio/VAD/vit-features/train/normal/road_normal_less/000000017983_all__0.npy,Normal
Pistachio/VAD/vit-features/train/normal/road_normal_less/000000017983_all__1.npy,Normal
Pistachio/VAD/vit-features/train/normal/road_normal_less/000000017983_all__2.npy,Normal
Pistachio/VAD/vit-features/train/normal/road_normal_less/000000017983_all__3.npy,Normal
Pistachio/VAD/vit-features/train/normal/road_normal_less/000000017983_all__4.npy,Normal
Pistachio/VAD/vit-features/train/normal/road_normal_less/000000017983_all__5.npy,Normal
Pistachio/VAD/vit-features/train/normal/road_normal_less/000000017983_all__6.npy,Normal
Pistachio/VAD/vit-features/train/normal/road_normal_less/000000017983_all__7.npy,Normal
Pistachio/VAD/vit-features/train/normal/road_normal_less/000000017983_all__8.npy,Normal
Pistachio/VAD/vit-features/train/normal/road_normal_less/000000017983_all__9.npy,Normal
Pistachio/VAD/vit-features/train/normal/road_normal_less/000000018132_all__0.npy,Normal
Pistachio/VAD/vit-features/train/normal/road_normal_less/000000018132_all__1.npy,Normal
Pistachio/VAD/vit-features/train/normal/road_normal_less/000000018132_all__2.npy,Normal
Pistachio/VAD/vit-features/train/normal/road_normal_less/000000018132_all__3.npy,Normal
Pistachio/VAD/vit-features/train/normal/road_normal_less/000000018132_all__4.npy,Normal
Pistachio/VAD/vit-features/train/normal/road_normal_less/000000018132_all__5.npy,Normal
Pistachio/VAD/vit-features/train/normal/road_normal_less/000000018132_all__6.npy,Normal
Pistachio/VAD/vit-features/train/normal/road_normal_less/000000018132_all__7.npy,Normal
Pistachio/VAD/vit-features/train/normal/road_normal_less/000000018132_all__8.npy,Normal
Pistachio/VAD/vit-features/train/normal/road_normal_less/000000018132_all__9.npy,Normal
Pistachio/VAD/vit-features/train/normal/road_normal_less/000000018204_all__0.npy,Normal
Pistachio/VAD/vit-features/train/normal/road_normal_less/000000018204_all__1.npy,Normal
Pistachio/VAD/vit-features/train/normal/road_normal_less/000000018204_all__2.npy,Normal
Pistachio/VAD/vit-features/train/normal/road_normal_less/000000018204_all__3.npy,Normal
Pistachio/VAD/vit-features/train/normal/road_normal_less/000000018204_all__4.npy,Normal
Pistachio/VAD/vit-features/train/normal/road_normal_less/000000018204_all__5.npy,Normal
Pistachio/VAD/vit-features/train/normal/road_normal_less/000000018204_all__6.npy,Normal
Pistachio/VAD/vit-features/train/normal/road_normal_less/000000018204_all__7.npy,Normal
Pistachio/VAD/vit-features/train/normal/road_normal_less/000000018204_all__8.npy,Normal
Pistachio/VAD/vit-features/train/normal/road_normal_less/000000018204_all__9.npy,Normal
Pistachio/VAD/vit-features/train/normal/road_normal_less/000000018720_all__0.npy,Normal
Pistachio/VAD/vit-features/train/normal/road_normal_less/000000018720_all__1.npy,Normal
Pistachio/VAD/vit-features/train/normal/road_normal_less/000000018720_all__2.npy,Normal
Pistachio/VAD/vit-features/train/normal/road_normal_less/000000018720_all__3.npy,Normal
Pistachio/VAD/vit-features/train/normal/road_normal_less/000000018720_all__4.npy,Normal
Pistachio/VAD/vit-features/train/normal/road_normal_less/000000018720_all__5.npy,Normal
Pistachio/VAD/vit-features/train/normal/road_normal_less/000000018720_all__6.npy,Normal
Pistachio/VAD/vit-features/train/normal/road_normal_less/000000018720_all__7.npy,Normal
Pistachio/VAD/vit-features/train/normal/road_normal_less/000000018720_all__8.npy,Normal
Pistachio/VAD/vit-features/train/normal/road_normal_less/000000018720_all__9.npy,Normal
Pistachio/VAD/vit-features/train/normal/road_normal_less/000000018765_all__0.npy,Normal
Pistachio/VAD/vit-features/train/normal/road_normal_less/000000018765_all__1.npy,Normal
Pistachio/VAD/vit-features/train/normal/road_normal_less/000000018765_all__2.npy,Normal
Pistachio/VAD/vit-features/train/normal/road_normal_less/000000018765_all__3.npy,Normal
Pistachio/VAD/vit-features/train/normal/road_normal_less/000000018765_all__4.npy,Normal
Pistachio/VAD/vit-features/train/normal/road_normal_less/000000018765_all__5.npy,Normal
Pistachio/VAD/vit-features/train/normal/road_normal_less/000000018765_all__6.npy,Normal
Pistachio/VAD/vit-features/train/normal/road_normal_less/000000018765_all__7.npy,Normal
Pistachio/VAD/vit-features/train/normal/road_normal_less/000000018765_all__8.npy,Normal
Pistachio/VAD/vit-features/train/normal/road_normal_less/000000018765_all__9.npy,Normal
Pistachio/VAD/vit-features/train/normal/road_normal_less/000000018948_all__0.npy,Normal
Pistachio/VAD/vit-features/train/normal/road_normal_less/000000018948_all__1.npy,Normal
Pistachio/VAD/vit-features/train/normal/road_normal_less/000000018948_all__2.npy,Normal
Pistachio/VAD/vit-features/train/normal/road_normal_less/000000018948_all__3.npy,Normal
Pistachio/VAD/vit-features/train/normal/road_normal_less/000000018948_all__4.npy,Normal
Pistachio/VAD/vit-features/train/normal/road_normal_less/000000018948_all__5.npy,Normal
Pistachio/VAD/vit-features/train/normal/road_normal_less/000000018948_all__6.npy,Normal
Pistachio/VAD/vit-features/train/normal/road_normal_less/000000018948_all__7.npy,Normal
Pistachio/VAD/vit-features/train/normal/road_normal_less/000000018948_all__8.npy,Normal
Pistachio/VAD/vit-features/train/normal/road_normal_less/000000018948_all__9.npy,Normal
Pistachio/VAD/vit-features/train/normal/road_normal_less/000000019018_all__0.npy,Normal
Pistachio/VAD/vit-features/train/normal/road_normal_less/000000019018_all__1.npy,Normal
Pistachio/VAD/vit-features/train/normal/road_normal_less/000000019018_all__2.npy,Normal
Pistachio/VAD/vit-features/train/normal/road_normal_less/000000019018_all__3.npy,Normal
Pistachio/VAD/vit-features/train/normal/road_normal_less/000000019018_all__4.npy,Normal
Pistachio/VAD/vit-features/train/normal/road_normal_less/000000019018_all__5.npy,Normal
Pistachio/VAD/vit-features/train/normal/road_normal_less/000000019018_all__6.npy,Normal
Pistachio/VAD/vit-features/train/normal/road_normal_less/000000019018_all__7.npy,Normal
Pistachio/VAD/vit-features/train/normal/road_normal_less/000000019018_all__8.npy,Normal
Pistachio/VAD/vit-features/train/normal/road_normal_less/000000019018_all__9.npy,Normal
Pistachio/VAD/vit-features/train/normal/road_normal_less/000000019137_all__0.npy,Normal
Pistachio/VAD/vit-features/train/normal/road_normal_less/000000019137_all__1.npy,Normal
Pistachio/VAD/vit-features/train/normal/road_normal_less/000000019137_all__2.npy,Normal
Pistachio/VAD/vit-features/train/normal/road_normal_less/000000019137_all__3.npy,Normal
Pistachio/VAD/vit-features/train/normal/road_normal_less/000000019137_all__4.npy,Normal
Pistachio/VAD/vit-features/train/normal/road_normal_less/000000019137_all__5.npy,Normal
Pistachio/VAD/vit-features/train/normal/road_normal_less/000000019137_all__6.npy,Normal
Pistachio/VAD/vit-features/train/normal/road_normal_less/000000019137_all__7.npy,Normal
Pistachio/VAD/vit-features/train/normal/road_normal_less/000000019137_all__8.npy,Normal
Pistachio/VAD/vit-features/train/normal/road_normal_less/000000019137_all__9.npy,Normal
Pistachio/VAD/vit-features/train/normal/road_normal_less/000000019217_all__0.npy,Normal
Pistachio/VAD/vit-features/train/normal/road_normal_less/000000019217_all__1.npy,Normal
Pistachio/VAD/vit-features/train/normal/road_normal_less/000000019217_all__2.npy,Normal
Pistachio/VAD/vit-features/train/normal/road_normal_less/000000019217_all__3.npy,Normal
Pistachio/VAD/vit-features/train/normal/road_normal_less/000000019217_all__4.npy,Normal
Pistachio/VAD/vit-features/train/normal/road_normal_less/000000019217_all__5.npy,Normal
Pistachio/VAD/vit-features/train/normal/road_normal_less/000000019217_all__6.npy,Normal
Pistachio/VAD/vit-features/train/normal/road_normal_less/000000019217_all__7.npy,Normal
Pistachio/VAD/vit-features/train/normal/road_normal_less/000000019217_all__8.npy,Normal
Pistachio/VAD/vit-features/train/normal/road_normal_less/000000019217_all__9.npy,Normal
Pistachio/VAD/vit-features/train/normal/road_normal_less/000000019229_all__0.npy,Normal
Pistachio/VAD/vit-features/train/normal/road_normal_less/000000019229_all__1.npy,Normal
Pistachio/VAD/vit-features/train/normal/road_normal_less/000000019229_all__2.npy,Normal
Pistachio/VAD/vit-features/train/normal/road_normal_less/000000019229_all__3.npy,Normal
Pistachio/VAD/vit-features/train/normal/road_normal_less/000000019229_all__4.npy,Normal
Pistachio/VAD/vit-features/train/normal/road_normal_less/000000019229_all__5.npy,Normal
Pistachio/VAD/vit-features/train/normal/road_normal_less/000000019229_all__6.npy,Normal
Pistachio/VAD/vit-features/train/normal/road_normal_less/000000019229_all__7.npy,Normal
Pistachio/VAD/vit-features/train/normal/road_normal_less/000000019229_all__8.npy,Normal
Pistachio/VAD/vit-features/train/normal/road_normal_less/000000019229_all__9.npy,Normal
Pistachio/VAD/vit-features/train/normal/road_normal_less/000000019396_all__0.npy,Normal
Pistachio/VAD/vit-features/train/normal/road_normal_less/000000019396_all__1.npy,Normal
Pistachio/VAD/vit-features/train/normal/road_normal_less/000000019396_all__2.npy,Normal
Pistachio/VAD/vit-features/train/normal/road_normal_less/000000019396_all__3.npy,Normal
Pistachio/VAD/vit-features/train/normal/road_normal_less/000000019396_all__4.npy,Normal
Pistachio/VAD/vit-features/train/normal/road_normal_less/000000019396_all__5.npy,Normal
Pistachio/VAD/vit-features/train/normal/road_normal_less/000000019396_all__6.npy,Normal
Pistachio/VAD/vit-features/train/normal/road_normal_less/000000019396_all__7.npy,Normal
Pistachio/VAD/vit-features/train/normal/road_normal_less/000000019396_all__8.npy,Normal
Pistachio/VAD/vit-features/train/normal/road_normal_less/000000019396_all__9.npy,Normal
Pistachio/VAD/vit-features/train/normal/road_normal_less/000000019459_all__0.npy,Normal
Pistachio/VAD/vit-features/train/normal/road_normal_less/000000019459_all__1.npy,Normal
Pistachio/VAD/vit-features/train/normal/road_normal_less/000000019459_all__2.npy,Normal
Pistachio/VAD/vit-features/train/normal/road_normal_less/000000019459_all__3.npy,Normal
Pistachio/VAD/vit-features/train/normal/road_normal_less/000000019459_all__4.npy,Normal
Pistachio/VAD/vit-features/train/normal/road_normal_less/000000019459_all__5.npy,Normal
Pistachio/VAD/vit-features/train/normal/road_normal_less/000000019459_all__6.npy,Normal
Pistachio/VAD/vit-features/train/normal/road_normal_less/000000019459_all__7.npy,Normal
Pistachio/VAD/vit-features/train/normal/road_normal_less/000000019459_all__8.npy,Normal
Pistachio/VAD/vit-features/train/normal/road_normal_less/000000019459_all__9.npy,Normal
Pistachio/VAD/vit-features/train/normal/road_normal_less/000000019556_all__0.npy,Normal
Pistachio/VAD/vit-features/train/normal/road_normal_less/000000019556_all__1.npy,Normal
Pistachio/VAD/vit-features/train/normal/road_normal_less/000000019556_all__2.npy,Normal
Pistachio/VAD/vit-features/train/normal/road_normal_less/000000019556_all__3.npy,Normal
Pistachio/VAD/vit-features/train/normal/road_normal_less/000000019556_all__4.npy,Normal
Pistachio/VAD/vit-features/train/normal/road_normal_less/000000019556_all__5.npy,Normal
Pistachio/VAD/vit-features/train/normal/road_normal_less/000000019556_all__6.npy,Normal
Pistachio/VAD/vit-features/train/normal/road_normal_less/000000019556_all__7.npy,Normal
Pistachio/VAD/vit-features/train/normal/road_normal_less/000000019556_all__8.npy,Normal
Pistachio/VAD/vit-features/train/normal/road_normal_less/000000019556_all__9.npy,Normal
Pistachio/VAD/vit-features/train/normal/road_normal_less/000000019583_all__0.npy,Normal
Pistachio/VAD/vit-features/train/normal/road_normal_less/000000019583_all__1.npy,Normal
Pistachio/VAD/vit-features/train/normal/road_normal_less/000000019583_all__2.npy,Normal
Pistachio/VAD/vit-features/train/normal/road_normal_less/000000019583_all__3.npy,Normal
Pistachio/VAD/vit-features/train/normal/road_normal_less/000000019583_all__4.npy,Normal
Pistachio/VAD/vit-features/train/normal/road_normal_less/000000019583_all__5.npy,Normal
Pistachio/VAD/vit-features/train/normal/road_normal_less/000000019583_all__6.npy,Normal
Pistachio/VAD/vit-features/train/normal/road_normal_less/000000019583_all__7.npy,Normal
Pistachio/VAD/vit-features/train/normal/road_normal_less/000000019583_all__8.npy,Normal
Pistachio/VAD/vit-features/train/normal/road_normal_less/000000019583_all__9.npy,Normal
Pistachio/VAD/vit-features/train/normal/road_normal_less/000000019648_all__0.npy,Normal
Pistachio/VAD/vit-features/train/normal/road_normal_less/000000019648_all__1.npy,Normal
Pistachio/VAD/vit-features/train/normal/road_normal_less/000000019648_all__2.npy,Normal
Pistachio/VAD/vit-features/train/normal/road_normal_less/000000019648_all__3.npy,Normal
Pistachio/VAD/vit-features/train/normal/road_normal_less/000000019648_all__4.npy,Normal
Pistachio/VAD/vit-features/train/normal/road_normal_less/000000019648_all__5.npy,Normal
Pistachio/VAD/vit-features/train/normal/road_normal_less/000000019648_all__6.npy,Normal
Pistachio/VAD/vit-features/train/normal/road_normal_less/000000019648_all__7.npy,Normal
Pistachio/VAD/vit-features/train/normal/road_normal_less/000000019648_all__8.npy,Normal
Pistachio/VAD/vit-features/train/normal/road_normal_less/000000019648_all__9.npy,Normal
Pistachio/VAD/vit-features/train/normal/road_normal_less/000000019847_all__0.npy,Normal
Pistachio/VAD/vit-features/train/normal/road_normal_less/000000019847_all__1.npy,Normal
Pistachio/VAD/vit-features/train/normal/road_normal_less/000000019847_all__2.npy,Normal
Pistachio/VAD/vit-features/train/normal/road_normal_less/000000019847_all__3.npy,Normal
Pistachio/VAD/vit-features/train/normal/road_normal_less/000000019847_all__4.npy,Normal
Pistachio/VAD/vit-features/train/normal/road_normal_less/000000019847_all__5.npy,Normal
Pistachio/VAD/vit-features/train/normal/road_normal_less/000000019847_all__6.npy,Normal
Pistachio/VAD/vit-features/train/normal/road_normal_less/000000019847_all__7.npy,Normal
Pistachio/VAD/vit-features/train/normal/road_normal_less/000000019847_all__8.npy,Normal
Pistachio/VAD/vit-features/train/normal/road_normal_less/000000019847_all__9.npy,Normal
Pistachio/VAD/vit-features/train/normal/road_normal_less/000000019853_all__0.npy,Normal
Pistachio/VAD/vit-features/train/normal/road_normal_less/000000019853_all__1.npy,Normal
Pistachio/VAD/vit-features/train/normal/road_normal_less/000000019853_all__2.npy,Normal
Pistachio/VAD/vit-features/train/normal/road_normal_less/000000019853_all__3.npy,Normal
Pistachio/VAD/vit-features/train/normal/road_normal_less/000000019853_all__4.npy,Normal
Pistachio/VAD/vit-features/train/normal/road_normal_less/000000019853_all__5.npy,Normal
Pistachio/VAD/vit-features/train/normal/road_normal_less/000000019853_all__6.npy,Normal
Pistachio/VAD/vit-features/train/normal/road_normal_less/000000019853_all__7.npy,Normal
Pistachio/VAD/vit-features/train/normal/road_normal_less/000000019853_all__8.npy,Normal
Pistachio/VAD/vit-features/train/normal/road_normal_less/000000019853_all__9.npy,Normal
Pistachio/VAD/vit-features/train/normal/road_normal_less/000000019988_all__0.npy,Normal
Pistachio/VAD/vit-features/train/normal/road_normal_less/000000019988_all__1.npy,Normal
Pistachio/VAD/vit-features/train/normal/road_normal_less/000000019988_all__2.npy,Normal
Pistachio/VAD/vit-features/train/normal/road_normal_less/000000019988_all__3.npy,Normal
Pistachio/VAD/vit-features/train/normal/road_normal_less/000000019988_all__4.npy,Normal
Pistachio/VAD/vit-features/train/normal/road_normal_less/000000019988_all__5.npy,Normal
Pistachio/VAD/vit-features/train/normal/road_normal_less/000000019988_all__6.npy,Normal
Pistachio/VAD/vit-features/train/normal/road_normal_less/000000019988_all__7.npy,Normal
Pistachio/VAD/vit-features/train/normal/road_normal_less/000000019988_all__8.npy,Normal
Pistachio/VAD/vit-features/train/normal/road_normal_less/000000019988_all__9.npy,Normal
Pistachio/VAD/vit-features/train/normal/road_normal_less/000000020067_all__0.npy,Normal
Pistachio/VAD/vit-features/train/normal/road_normal_less/000000020067_all__1.npy,Normal
Pistachio/VAD/vit-features/train/normal/road_normal_less/000000020067_all__2.npy,Normal
Pistachio/VAD/vit-features/train/normal/road_normal_less/000000020067_all__3.npy,Normal
Pistachio/VAD/vit-features/train/normal/road_normal_less/000000020067_all__4.npy,Normal
Pistachio/VAD/vit-features/train/normal/road_normal_less/000000020067_all__5.npy,Normal
Pistachio/VAD/vit-features/train/normal/road_normal_less/000000020067_all__6.npy,Normal
Pistachio/VAD/vit-features/train/normal/road_normal_less/000000020067_all__7.npy,Normal
Pistachio/VAD/vit-features/train/normal/road_normal_less/000000020067_all__8.npy,Normal
Pistachio/VAD/vit-features/train/normal/road_normal_less/000000020067_all__9.npy,Normal
Pistachio/VAD/vit-features/train/normal/road_normal_less/000000020099_all__0.npy,Normal
Pistachio/VAD/vit-features/train/normal/road_normal_less/000000020099_all__1.npy,Normal
Pistachio/VAD/vit-features/train/normal/road_normal_less/000000020099_all__2.npy,Normal
Pistachio/VAD/vit-features/train/normal/road_normal_less/000000020099_all__3.npy,Normal
Pistachio/VAD/vit-features/train/normal/road_normal_less/000000020099_all__4.npy,Normal
Pistachio/VAD/vit-features/train/normal/road_normal_less/000000020099_all__5.npy,Normal
Pistachio/VAD/vit-features/train/normal/road_normal_less/000000020099_all__6.npy,Normal
Pistachio/VAD/vit-features/train/normal/road_normal_less/000000020099_all__7.npy,Normal
Pistachio/VAD/vit-features/train/normal/road_normal_less/000000020099_all__8.npy,Normal
Pistachio/VAD/vit-features/train/normal/road_normal_less/000000020099_all__9.npy,Normal
Pistachio/VAD/vit-features/train/normal/road_normal_less/000000020170_all__0.npy,Normal
Pistachio/VAD/vit-features/train/normal/road_normal_less/000000020170_all__1.npy,Normal
Pistachio/VAD/vit-features/train/normal/road_normal_less/000000020170_all__2.npy,Normal
Pistachio/VAD/vit-features/train/normal/road_normal_less/000000020170_all__3.npy,Normal
Pistachio/VAD/vit-features/train/normal/road_normal_less/000000020170_all__4.npy,Normal
Pistachio/VAD/vit-features/train/normal/road_normal_less/000000020170_all__5.npy,Normal
Pistachio/VAD/vit-features/train/normal/road_normal_less/000000020170_all__6.npy,Normal
Pistachio/VAD/vit-features/train/normal/road_normal_less/000000020170_all__7.npy,Normal
Pistachio/VAD/vit-features/train/normal/road_normal_less/000000020170_all__8.npy,Normal
Pistachio/VAD/vit-features/train/normal/road_normal_less/000000020170_all__9.npy,Normal
Pistachio/VAD/vit-features/train/normal/road_normal_less/000000020331_all__0.npy,Normal
Pistachio/VAD/vit-features/train/normal/road_normal_less/000000020331_all__1.npy,Normal
Pistachio/VAD/vit-features/train/normal/road_normal_less/000000020331_all__2.npy,Normal
Pistachio/VAD/vit-features/train/normal/road_normal_less/000000020331_all__3.npy,Normal
Pistachio/VAD/vit-features/train/normal/road_normal_less/000000020331_all__4.npy,Normal
Pistachio/VAD/vit-features/train/normal/road_normal_less/000000020331_all__5.npy,Normal
Pistachio/VAD/vit-features/train/normal/road_normal_less/000000020331_all__6.npy,Normal
Pistachio/VAD/vit-features/train/normal/road_normal_less/000000020331_all__7.npy,Normal
Pistachio/VAD/vit-features/train/normal/road_normal_less/000000020331_all__8.npy,Normal
Pistachio/VAD/vit-features/train/normal/road_normal_less/000000020331_all__9.npy,Normal
Pistachio/VAD/vit-features/train/normal/road_normal_less/000000020393_all__0.npy,Normal
Pistachio/VAD/vit-features/train/normal/road_normal_less/000000020393_all__1.npy,Normal
Pistachio/VAD/vit-features/train/normal/road_normal_less/000000020393_all__2.npy,Normal
Pistachio/VAD/vit-features/train/normal/road_normal_less/000000020393_all__3.npy,Normal
Pistachio/VAD/vit-features/train/normal/road_normal_less/000000020393_all__4.npy,Normal
Pistachio/VAD/vit-features/train/normal/road_normal_less/000000020393_all__5.npy,Normal
Pistachio/VAD/vit-features/train/normal/road_normal_less/000000020393_all__6.npy,Normal
Pistachio/VAD/vit-features/train/normal/road_normal_less/000000020393_all__7.npy,Normal
Pistachio/VAD/vit-features/train/normal/road_normal_less/000000020393_all__8.npy,Normal
Pistachio/VAD/vit-features/train/normal/road_normal_less/000000020393_all__9.npy,Normal
Pistachio/VAD/vit-features/train/normal/road_normal_less/000000020530_all__0.npy,Normal
Pistachio/VAD/vit-features/train/normal/road_normal_less/000000020530_all__1.npy,Normal
Pistachio/VAD/vit-features/train/normal/road_normal_less/000000020530_all__2.npy,Normal
Pistachio/VAD/vit-features/train/normal/road_normal_less/000000020530_all__3.npy,Normal
Pistachio/VAD/vit-features/train/normal/road_normal_less/000000020530_all__4.npy,Normal
Pistachio/VAD/vit-features/train/normal/road_normal_less/000000020530_all__5.npy,Normal
Pistachio/VAD/vit-features/train/normal/road_normal_less/000000020530_all__6.npy,Normal
Pistachio/VAD/vit-features/train/normal/road_normal_less/000000020530_all__7.npy,Normal
Pistachio/VAD/vit-features/train/normal/road_normal_less/000000020530_all__8.npy,Normal
Pistachio/VAD/vit-features/train/normal/road_normal_less/000000020530_all__9.npy,Normal
Pistachio/VAD/vit-features/train/normal/road_normal_less/000000020674_all__0.npy,Normal
Pistachio/VAD/vit-features/train/normal/road_normal_less/000000020674_all__1.npy,Normal
Pistachio/VAD/vit-features/train/normal/road_normal_less/000000020674_all__2.npy,Normal
Pistachio/VAD/vit-features/train/normal/road_normal_less/000000020674_all__3.npy,Normal
Pistachio/VAD/vit-features/train/normal/road_normal_less/000000020674_all__4.npy,Normal
Pistachio/VAD/vit-features/train/normal/road_normal_less/000000020674_all__5.npy,Normal
Pistachio/VAD/vit-features/train/normal/road_normal_less/000000020674_all__6.npy,Normal
Pistachio/VAD/vit-features/train/normal/road_normal_less/000000020674_all__7.npy,Normal
Pistachio/VAD/vit-features/train/normal/road_normal_less/000000020674_all__8.npy,Normal
Pistachio/VAD/vit-features/train/normal/road_normal_less/000000020674_all__9.npy,Normal
Pistachio/VAD/vit-features/train/normal/road_normal_less/000000020717_all__0.npy,Normal
Pistachio/VAD/vit-features/train/normal/road_normal_less/000000020717_all__1.npy,Normal
Pistachio/VAD/vit-features/train/normal/road_normal_less/000000020717_all__2.npy,Normal
Pistachio/VAD/vit-features/train/normal/road_normal_less/000000020717_all__3.npy,Normal
Pistachio/VAD/vit-features/train/normal/road_normal_less/000000020717_all__4.npy,Normal
Pistachio/VAD/vit-features/train/normal/road_normal_less/000000020717_all__5.npy,Normal
Pistachio/VAD/vit-features/train/normal/road_normal_less/000000020717_all__6.npy,Normal
Pistachio/VAD/vit-features/train/normal/road_normal_less/000000020717_all__7.npy,Normal
Pistachio/VAD/vit-features/train/normal/road_normal_less/000000020717_all__8.npy,Normal
Pistachio/VAD/vit-features/train/normal/road_normal_less/000000020717_all__9.npy,Normal
Pistachio/VAD/vit-features/train/normal/road_normal_less/000000020793_all__0.npy,Normal
Pistachio/VAD/vit-features/train/normal/road_normal_less/000000020793_all__1.npy,Normal
Pistachio/VAD/vit-features/train/normal/road_normal_less/000000020793_all__2.npy,Normal
Pistachio/VAD/vit-features/train/normal/road_normal_less/000000020793_all__3.npy,Normal
Pistachio/VAD/vit-features/train/normal/road_normal_less/000000020793_all__4.npy,Normal
Pistachio/VAD/vit-features/train/normal/road_normal_less/000000020793_all__5.npy,Normal
Pistachio/VAD/vit-features/train/normal/road_normal_less/000000020793_all__6.npy,Normal
Pistachio/VAD/vit-features/train/normal/road_normal_less/000000020793_all__7.npy,Normal
Pistachio/VAD/vit-features/train/normal/road_normal_less/000000020793_all__8.npy,Normal
Pistachio/VAD/vit-features/train/normal/road_normal_less/000000020793_all__9.npy,Normal
Pistachio/VAD/vit-features/train/normal/road_normal_less/000000021086_all__0.npy,Normal
Pistachio/VAD/vit-features/train/normal/road_normal_less/000000021086_all__1.npy,Normal
Pistachio/VAD/vit-features/train/normal/road_normal_less/000000021086_all__2.npy,Normal
Pistachio/VAD/vit-features/train/normal/road_normal_less/000000021086_all__3.npy,Normal
Pistachio/VAD/vit-features/train/normal/road_normal_less/000000021086_all__4.npy,Normal
Pistachio/VAD/vit-features/train/normal/road_normal_less/000000021086_all__5.npy,Normal
Pistachio/VAD/vit-features/train/normal/road_normal_less/000000021086_all__6.npy,Normal
Pistachio/VAD/vit-features/train/normal/road_normal_less/000000021086_all__7.npy,Normal
Pistachio/VAD/vit-features/train/normal/road_normal_less/000000021086_all__8.npy,Normal
Pistachio/VAD/vit-features/train/normal/road_normal_less/000000021086_all__9.npy,Normal
Pistachio/VAD/vit-features/train/normal/road_normal_less/000000021118_all__0.npy,Normal
Pistachio/VAD/vit-features/train/normal/road_normal_less/000000021118_all__1.npy,Normal
Pistachio/VAD/vit-features/train/normal/road_normal_less/000000021118_all__2.npy,Normal
Pistachio/VAD/vit-features/train/normal/road_normal_less/000000021118_all__3.npy,Normal
Pistachio/VAD/vit-features/train/normal/road_normal_less/000000021118_all__4.npy,Normal
Pistachio/VAD/vit-features/train/normal/road_normal_less/000000021118_all__5.npy,Normal
Pistachio/VAD/vit-features/train/normal/road_normal_less/000000021118_all__6.npy,Normal
Pistachio/VAD/vit-features/train/normal/road_normal_less/000000021118_all__7.npy,Normal
Pistachio/VAD/vit-features/train/normal/road_normal_less/000000021118_all__8.npy,Normal
Pistachio/VAD/vit-features/train/normal/road_normal_less/000000021118_all__9.npy,Normal
Pistachio/VAD/vit-features/train/normal/road_normal_less/000000021311_all__0.npy,Normal
Pistachio/VAD/vit-features/train/normal/road_normal_less/000000021311_all__1.npy,Normal
Pistachio/VAD/vit-features/train/normal/road_normal_less/000000021311_all__2.npy,Normal
Pistachio/VAD/vit-features/train/normal/road_normal_less/000000021311_all__3.npy,Normal
Pistachio/VAD/vit-features/train/normal/road_normal_less/000000021311_all__4.npy,Normal
Pistachio/VAD/vit-features/train/normal/road_normal_less/000000021311_all__5.npy,Normal
Pistachio/VAD/vit-features/train/normal/road_normal_less/000000021311_all__6.npy,Normal
Pistachio/VAD/vit-features/train/normal/road_normal_less/000000021311_all__7.npy,Normal
Pistachio/VAD/vit-features/train/normal/road_normal_less/000000021311_all__8.npy,Normal
Pistachio/VAD/vit-features/train/normal/road_normal_less/000000021311_all__9.npy,Normal
Pistachio/VAD/vit-features/train/normal/road_normal_less/000000021526_all__0.npy,Normal
Pistachio/VAD/vit-features/train/normal/road_normal_less/000000021526_all__1.npy,Normal
Pistachio/VAD/vit-features/train/normal/road_normal_less/000000021526_all__2.npy,Normal
Pistachio/VAD/vit-features/train/normal/road_normal_less/000000021526_all__3.npy,Normal
Pistachio/VAD/vit-features/train/normal/road_normal_less/000000021526_all__4.npy,Normal
Pistachio/VAD/vit-features/train/normal/road_normal_less/000000021526_all__5.npy,Normal
Pistachio/VAD/vit-features/train/normal/road_normal_less/000000021526_all__6.npy,Normal
Pistachio/VAD/vit-features/train/normal/road_normal_less/000000021526_all__7.npy,Normal
Pistachio/VAD/vit-features/train/normal/road_normal_less/000000021526_all__8.npy,Normal
Pistachio/VAD/vit-features/train/normal/road_normal_less/000000021526_all__9.npy,Normal
Pistachio/VAD/vit-features/train/normal/road_normal_less/000000021616_all__0.npy,Normal
Pistachio/VAD/vit-features/train/normal/road_normal_less/000000021616_all__1.npy,Normal
Pistachio/VAD/vit-features/train/normal/road_normal_less/000000021616_all__2.npy,Normal
Pistachio/VAD/vit-features/train/normal/road_normal_less/000000021616_all__3.npy,Normal
Pistachio/VAD/vit-features/train/normal/road_normal_less/000000021616_all__4.npy,Normal
Pistachio/VAD/vit-features/train/normal/road_normal_less/000000021616_all__5.npy,Normal
Pistachio/VAD/vit-features/train/normal/road_normal_less/000000021616_all__6.npy,Normal
Pistachio/VAD/vit-features/train/normal/road_normal_less/000000021616_all__7.npy,Normal
Pistachio/VAD/vit-features/train/normal/road_normal_less/000000021616_all__8.npy,Normal
Pistachio/VAD/vit-features/train/normal/road_normal_less/000000021616_all__9.npy,Normal
Pistachio/VAD/vit-features/train/normal/road_normal_less/000000021655_all__0.npy,Normal
Pistachio/VAD/vit-features/train/normal/road_normal_less/000000021655_all__1.npy,Normal
Pistachio/VAD/vit-features/train/normal/road_normal_less/000000021655_all__2.npy,Normal
Pistachio/VAD/vit-features/train/normal/road_normal_less/000000021655_all__3.npy,Normal
Pistachio/VAD/vit-features/train/normal/road_normal_less/000000021655_all__4.npy,Normal
Pistachio/VAD/vit-features/train/normal/road_normal_less/000000021655_all__5.npy,Normal
Pistachio/VAD/vit-features/train/normal/road_normal_less/000000021655_all__6.npy,Normal
Pistachio/VAD/vit-features/train/normal/road_normal_less/000000021655_all__7.npy,Normal
Pistachio/VAD/vit-features/train/normal/road_normal_less/000000021655_all__8.npy,Normal
Pistachio/VAD/vit-features/train/normal/road_normal_less/000000021655_all__9.npy,Normal
Pistachio/VAD/vit-features/train/normal/road_normal_less/000000021729_all__0.npy,Normal
Pistachio/VAD/vit-features/train/normal/road_normal_less/000000021729_all__1.npy,Normal
Pistachio/VAD/vit-features/train/normal/road_normal_less/000000021729_all__2.npy,Normal
Pistachio/VAD/vit-features/train/normal/road_normal_less/000000021729_all__3.npy,Normal
Pistachio/VAD/vit-features/train/normal/road_normal_less/000000021729_all__4.npy,Normal
Pistachio/VAD/vit-features/train/normal/road_normal_less/000000021729_all__5.npy,Normal
Pistachio/VAD/vit-features/train/normal/road_normal_less/000000021729_all__6.npy,Normal
Pistachio/VAD/vit-features/train/normal/road_normal_less/000000021729_all__7.npy,Normal
Pistachio/VAD/vit-features/train/normal/road_normal_less/000000021729_all__8.npy,Normal
Pistachio/VAD/vit-features/train/normal/road_normal_less/000000021729_all__9.npy,Normal
Pistachio/VAD/vit-features/train/normal/road_normal_less/000000021748_all__0.npy,Normal
Pistachio/VAD/vit-features/train/normal/road_normal_less/000000021748_all__1.npy,Normal
Pistachio/VAD/vit-features/train/normal/road_normal_less/000000021748_all__2.npy,Normal
Pistachio/VAD/vit-features/train/normal/road_normal_less/000000021748_all__3.npy,Normal
Pistachio/VAD/vit-features/train/normal/road_normal_less/000000021748_all__4.npy,Normal
Pistachio/VAD/vit-features/train/normal/road_normal_less/000000021748_all__5.npy,Normal
Pistachio/VAD/vit-features/train/normal/road_normal_less/000000021748_all__6.npy,Normal
Pistachio/VAD/vit-features/train/normal/road_normal_less/000000021748_all__7.npy,Normal
Pistachio/VAD/vit-features/train/normal/road_normal_less/000000021748_all__8.npy,Normal
Pistachio/VAD/vit-features/train/normal/road_normal_less/000000021748_all__9.npy,Normal
Pistachio/VAD/vit-features/train/normal/road_normal_less/000000021781_all__0.npy,Normal
Pistachio/VAD/vit-features/train/normal/road_normal_less/000000021781_all__1.npy,Normal
Pistachio/VAD/vit-features/train/normal/road_normal_less/000000021781_all__2.npy,Normal
Pistachio/VAD/vit-features/train/normal/road_normal_less/000000021781_all__3.npy,Normal
Pistachio/VAD/vit-features/train/normal/road_normal_less/000000021781_all__4.npy,Normal
Pistachio/VAD/vit-features/train/normal/road_normal_less/000000021781_all__5.npy,Normal
Pistachio/VAD/vit-features/train/normal/road_normal_less/000000021781_all__6.npy,Normal
Pistachio/VAD/vit-features/train/normal/road_normal_less/000000021781_all__7.npy,Normal
Pistachio/VAD/vit-features/train/normal/road_normal_less/000000021781_all__8.npy,Normal
Pistachio/VAD/vit-features/train/normal/road_normal_less/000000021781_all__9.npy,Normal
Pistachio/VAD/vit-features/train/normal/road_normal_less/000000021848_all__0.npy,Normal
Pistachio/VAD/vit-features/train/normal/road_normal_less/000000021848_all__1.npy,Normal
Pistachio/VAD/vit-features/train/normal/road_normal_less/000000021848_all__2.npy,Normal
Pistachio/VAD/vit-features/train/normal/road_normal_less/000000021848_all__3.npy,Normal
Pistachio/VAD/vit-features/train/normal/road_normal_less/000000021848_all__4.npy,Normal
Pistachio/VAD/vit-features/train/normal/road_normal_less/000000021848_all__5.npy,Normal
Pistachio/VAD/vit-features/train/normal/road_normal_less/000000021848_all__6.npy,Normal
Pistachio/VAD/vit-features/train/normal/road_normal_less/000000021848_all__7.npy,Normal
Pistachio/VAD/vit-features/train/normal/road_normal_less/000000021848_all__8.npy,Normal
Pistachio/VAD/vit-features/train/normal/road_normal_less/000000021848_all__9.npy,Normal
Pistachio/VAD/vit-features/train/normal/road_normal_less/000000022033_all__0.npy,Normal
Pistachio/VAD/vit-features/train/normal/road_normal_less/000000022033_all__1.npy,Normal
Pistachio/VAD/vit-features/train/normal/road_normal_less/000000022033_all__2.npy,Normal
Pistachio/VAD/vit-features/train/normal/road_normal_less/000000022033_all__3.npy,Normal
Pistachio/VAD/vit-features/train/normal/road_normal_less/000000022033_all__4.npy,Normal
Pistachio/VAD/vit-features/train/normal/road_normal_less/000000022033_all__5.npy,Normal
Pistachio/VAD/vit-features/train/normal/road_normal_less/000000022033_all__6.npy,Normal
Pistachio/VAD/vit-features/train/normal/road_normal_less/000000022033_all__7.npy,Normal
Pistachio/VAD/vit-features/train/normal/road_normal_less/000000022033_all__8.npy,Normal
Pistachio/VAD/vit-features/train/normal/road_normal_less/000000022033_all__9.npy,Normal
Pistachio/VAD/vit-features/train/normal/road_normal_less/000000022143_all__0.npy,Normal
Pistachio/VAD/vit-features/train/normal/road_normal_less/000000022143_all__1.npy,Normal
Pistachio/VAD/vit-features/train/normal/road_normal_less/000000022143_all__2.npy,Normal
Pistachio/VAD/vit-features/train/normal/road_normal_less/000000022143_all__3.npy,Normal
Pistachio/VAD/vit-features/train/normal/road_normal_less/000000022143_all__4.npy,Normal
Pistachio/VAD/vit-features/train/normal/road_normal_less/000000022143_all__5.npy,Normal
Pistachio/VAD/vit-features/train/normal/road_normal_less/000000022143_all__6.npy,Normal
Pistachio/VAD/vit-features/train/normal/road_normal_less/000000022143_all__7.npy,Normal
Pistachio/VAD/vit-features/train/normal/road_normal_less/000000022143_all__8.npy,Normal
Pistachio/VAD/vit-features/train/normal/road_normal_less/000000022143_all__9.npy,Normal
Pistachio/VAD/vit-features/train/normal/road_normal_less/000000022181_all__0.npy,Normal
Pistachio/VAD/vit-features/train/normal/road_normal_less/000000022181_all__1.npy,Normal
Pistachio/VAD/vit-features/train/normal/road_normal_less/000000022181_all__2.npy,Normal
Pistachio/VAD/vit-features/train/normal/road_normal_less/000000022181_all__3.npy,Normal
Pistachio/VAD/vit-features/train/normal/road_normal_less/000000022181_all__4.npy,Normal
Pistachio/VAD/vit-features/train/normal/road_normal_less/000000022181_all__5.npy,Normal
Pistachio/VAD/vit-features/train/normal/road_normal_less/000000022181_all__6.npy,Normal
Pistachio/VAD/vit-features/train/normal/road_normal_less/000000022181_all__7.npy,Normal
Pistachio/VAD/vit-features/train/normal/road_normal_less/000000022181_all__8.npy,Normal
Pistachio/VAD/vit-features/train/normal/road_normal_less/000000022181_all__9.npy,Normal
Pistachio/VAD/vit-features/train/normal/road_normal_less/000000022247_all__0.npy,Normal
Pistachio/VAD/vit-features/train/normal/road_normal_less/000000022247_all__1.npy,Normal
Pistachio/VAD/vit-features/train/normal/road_normal_less/000000022247_all__2.npy,Normal
Pistachio/VAD/vit-features/train/normal/road_normal_less/000000022247_all__3.npy,Normal
Pistachio/VAD/vit-features/train/normal/road_normal_less/000000022247_all__4.npy,Normal
Pistachio/VAD/vit-features/train/normal/road_normal_less/000000022247_all__5.npy,Normal
Pistachio/VAD/vit-features/train/normal/road_normal_less/000000022247_all__6.npy,Normal
Pistachio/VAD/vit-features/train/normal/road_normal_less/000000022247_all__7.npy,Normal
Pistachio/VAD/vit-features/train/normal/road_normal_less/000000022247_all__8.npy,Normal
Pistachio/VAD/vit-features/train/normal/road_normal_less/000000022247_all__9.npy,Normal
Pistachio/VAD/vit-features/train/normal/road_normal_less/000000022349_all__0.npy,Normal
Pistachio/VAD/vit-features/train/normal/road_normal_less/000000022349_all__1.npy,Normal
Pistachio/VAD/vit-features/train/normal/road_normal_less/000000022349_all__2.npy,Normal
Pistachio/VAD/vit-features/train/normal/road_normal_less/000000022349_all__3.npy,Normal
Pistachio/VAD/vit-features/train/normal/road_normal_less/000000022349_all__4.npy,Normal
Pistachio/VAD/vit-features/train/normal/road_normal_less/000000022349_all__5.npy,Normal
Pistachio/VAD/vit-features/train/normal/road_normal_less/000000022349_all__6.npy,Normal
Pistachio/VAD/vit-features/train/normal/road_normal_less/000000022349_all__7.npy,Normal
Pistachio/VAD/vit-features/train/normal/road_normal_less/000000022349_all__8.npy,Normal
Pistachio/VAD/vit-features/train/normal/road_normal_less/000000022349_all__9.npy,Normal
Pistachio/VAD/vit-features/train/normal/road_normal_less/000000022373_all__0.npy,Normal
Pistachio/VAD/vit-features/train/normal/road_normal_less/000000022373_all__1.npy,Normal
Pistachio/VAD/vit-features/train/normal/road_normal_less/000000022373_all__2.npy,Normal
Pistachio/VAD/vit-features/train/normal/road_normal_less/000000022373_all__3.npy,Normal
Pistachio/VAD/vit-features/train/normal/road_normal_less/000000022373_all__4.npy,Normal
Pistachio/VAD/vit-features/train/normal/road_normal_less/000000022373_all__5.npy,Normal
Pistachio/VAD/vit-features/train/normal/road_normal_less/000000022373_all__6.npy,Normal
Pistachio/VAD/vit-features/train/normal/road_normal_less/000000022373_all__7.npy,Normal
Pistachio/VAD/vit-features/train/normal/road_normal_less/000000022373_all__8.npy,Normal
Pistachio/VAD/vit-features/train/normal/road_normal_less/000000022373_all__9.npy,Normal
Pistachio/VAD/vit-features/train/normal/road_normal_less/000000022574_all__0.npy,Normal
Pistachio/VAD/vit-features/train/normal/road_normal_less/000000022574_all__1.npy,Normal
Pistachio/VAD/vit-features/train/normal/road_normal_less/000000022574_all__2.npy,Normal
Pistachio/VAD/vit-features/train/normal/road_normal_less/000000022574_all__3.npy,Normal
Pistachio/VAD/vit-features/train/normal/road_normal_less/000000022574_all__4.npy,Normal
Pistachio/VAD/vit-features/train/normal/road_normal_less/000000022574_all__5.npy,Normal
Pistachio/VAD/vit-features/train/normal/road_normal_less/000000022574_all__6.npy,Normal
Pistachio/VAD/vit-features/train/normal/road_normal_less/000000022574_all__7.npy,Normal
Pistachio/VAD/vit-features/train/normal/road_normal_less/000000022574_all__8.npy,Normal
Pistachio/VAD/vit-features/train/normal/road_normal_less/000000022574_all__9.npy,Normal
Pistachio/VAD/vit-features/train/normal/road_normal_less/000000022859_all__0.npy,Normal
Pistachio/VAD/vit-features/train/normal/road_normal_less/000000022859_all__1.npy,Normal
Pistachio/VAD/vit-features/train/normal/road_normal_less/000000022859_all__2.npy,Normal
Pistachio/VAD/vit-features/train/normal/road_normal_less/000000022859_all__3.npy,Normal
Pistachio/VAD/vit-features/train/normal/road_normal_less/000000022859_all__4.npy,Normal
Pistachio/VAD/vit-features/train/normal/road_normal_less/000000022859_all__5.npy,Normal
Pistachio/VAD/vit-features/train/normal/road_normal_less/000000022859_all__6.npy,Normal
Pistachio/VAD/vit-features/train/normal/road_normal_less/000000022859_all__7.npy,Normal
Pistachio/VAD/vit-features/train/normal/road_normal_less/000000022859_all__8.npy,Normal
Pistachio/VAD/vit-features/train/normal/road_normal_less/000000022859_all__9.npy,Normal
Pistachio/VAD/vit-features/train/normal/road_normal_less/000000022927_all__0.npy,Normal
Pistachio/VAD/vit-features/train/normal/road_normal_less/000000022927_all__1.npy,Normal
Pistachio/VAD/vit-features/train/normal/road_normal_less/000000022927_all__2.npy,Normal
Pistachio/VAD/vit-features/train/normal/road_normal_less/000000022927_all__3.npy,Normal
Pistachio/VAD/vit-features/train/normal/road_normal_less/000000022927_all__4.npy,Normal
Pistachio/VAD/vit-features/train/normal/road_normal_less/000000022927_all__5.npy,Normal
Pistachio/VAD/vit-features/train/normal/road_normal_less/000000022927_all__6.npy,Normal
Pistachio/VAD/vit-features/train/normal/road_normal_less/000000022927_all__7.npy,Normal
Pistachio/VAD/vit-features/train/normal/road_normal_less/000000022927_all__8.npy,Normal
Pistachio/VAD/vit-features/train/normal/road_normal_less/000000022927_all__9.npy,Normal
Pistachio/VAD/vit-features/train/normal/road_normal_less/000000023049_all__0.npy,Normal
Pistachio/VAD/vit-features/train/normal/road_normal_less/000000023049_all__1.npy,Normal
Pistachio/VAD/vit-features/train/normal/road_normal_less/000000023049_all__2.npy,Normal
Pistachio/VAD/vit-features/train/normal/road_normal_less/000000023049_all__3.npy,Normal
Pistachio/VAD/vit-features/train/normal/road_normal_less/000000023049_all__4.npy,Normal
Pistachio/VAD/vit-features/train/normal/road_normal_less/000000023049_all__5.npy,Normal
Pistachio/VAD/vit-features/train/normal/road_normal_less/000000023049_all__6.npy,Normal
Pistachio/VAD/vit-features/train/normal/road_normal_less/000000023049_all__7.npy,Normal
Pistachio/VAD/vit-features/train/normal/road_normal_less/000000023049_all__8.npy,Normal
Pistachio/VAD/vit-features/train/normal/road_normal_less/000000023049_all__9.npy,Normal
Pistachio/VAD/vit-features/train/normal/road_normal_less/000000023060_all__0.npy,Normal
Pistachio/VAD/vit-features/train/normal/road_normal_less/000000023060_all__1.npy,Normal
Pistachio/VAD/vit-features/train/normal/road_normal_less/000000023060_all__2.npy,Normal
Pistachio/VAD/vit-features/train/normal/road_normal_less/000000023060_all__3.npy,Normal
Pistachio/VAD/vit-features/train/normal/road_normal_less/000000023060_all__4.npy,Normal
Pistachio/VAD/vit-features/train/normal/road_normal_less/000000023060_all__5.npy,Normal
Pistachio/VAD/vit-features/train/normal/road_normal_less/000000023060_all__6.npy,Normal
Pistachio/VAD/vit-features/train/normal/road_normal_less/000000023060_all__7.npy,Normal
Pistachio/VAD/vit-features/train/normal/road_normal_less/000000023060_all__8.npy,Normal
Pistachio/VAD/vit-features/train/normal/road_normal_less/000000023060_all__9.npy,Normal
Pistachio/VAD/vit-features/train/normal/road_normal_less/000000023319_all__0.npy,Normal
Pistachio/VAD/vit-features/train/normal/road_normal_less/000000023319_all__1.npy,Normal
Pistachio/VAD/vit-features/train/normal/road_normal_less/000000023319_all__2.npy,Normal
Pistachio/VAD/vit-features/train/normal/road_normal_less/000000023319_all__3.npy,Normal
Pistachio/VAD/vit-features/train/normal/road_normal_less/000000023319_all__4.npy,Normal
Pistachio/VAD/vit-features/train/normal/road_normal_less/000000023319_all__5.npy,Normal
Pistachio/VAD/vit-features/train/normal/road_normal_less/000000023319_all__6.npy,Normal
Pistachio/VAD/vit-features/train/normal/road_normal_less/000000023319_all__7.npy,Normal
Pistachio/VAD/vit-features/train/normal/road_normal_less/000000023319_all__8.npy,Normal
Pistachio/VAD/vit-features/train/normal/road_normal_less/000000023319_all__9.npy,Normal
Pistachio/VAD/vit-features/train/normal/road_normal_less/000000023321_all__0.npy,Normal
Pistachio/VAD/vit-features/train/normal/road_normal_less/000000023321_all__1.npy,Normal
Pistachio/VAD/vit-features/train/normal/road_normal_less/000000023321_all__2.npy,Normal
Pistachio/VAD/vit-features/train/normal/road_normal_less/000000023321_all__3.npy,Normal
Pistachio/VAD/vit-features/train/normal/road_normal_less/000000023321_all__4.npy,Normal
Pistachio/VAD/vit-features/train/normal/road_normal_less/000000023321_all__5.npy,Normal
Pistachio/VAD/vit-features/train/normal/road_normal_less/000000023321_all__6.npy,Normal
Pistachio/VAD/vit-features/train/normal/road_normal_less/000000023321_all__7.npy,Normal
Pistachio/VAD/vit-features/train/normal/road_normal_less/000000023321_all__8.npy,Normal
Pistachio/VAD/vit-features/train/normal/road_normal_less/000000023321_all__9.npy,Normal
Pistachio/VAD/vit-features/train/normal/road_normal_less/000000023408_all__0.npy,Normal
Pistachio/VAD/vit-features/train/normal/road_normal_less/000000023408_all__1.npy,Normal
Pistachio/VAD/vit-features/train/normal/road_normal_less/000000023408_all__2.npy,Normal
Pistachio/VAD/vit-features/train/normal/road_normal_less/000000023408_all__3.npy,Normal
Pistachio/VAD/vit-features/train/normal/road_normal_less/000000023408_all__4.npy,Normal
Pistachio/VAD/vit-features/train/normal/road_normal_less/000000023408_all__5.npy,Normal
Pistachio/VAD/vit-features/train/normal/road_normal_less/000000023408_all__6.npy,Normal
Pistachio/VAD/vit-features/train/normal/road_normal_less/000000023408_all__7.npy,Normal
Pistachio/VAD/vit-features/train/normal/road_normal_less/000000023408_all__8.npy,Normal
Pistachio/VAD/vit-features/train/normal/road_normal_less/000000023408_all__9.npy,Normal
Pistachio/VAD/vit-features/train/normal/road_normal_less/000000023468_all__0.npy,Normal
Pistachio/VAD/vit-features/train/normal/road_normal_less/000000023468_all__1.npy,Normal
Pistachio/VAD/vit-features/train/normal/road_normal_less/000000023468_all__2.npy,Normal
Pistachio/VAD/vit-features/train/normal/road_normal_less/000000023468_all__3.npy,Normal
Pistachio/VAD/vit-features/train/normal/road_normal_less/000000023468_all__4.npy,Normal
Pistachio/VAD/vit-features/train/normal/road_normal_less/000000023468_all__5.npy,Normal
Pistachio/VAD/vit-features/train/normal/road_normal_less/000000023468_all__6.npy,Normal
Pistachio/VAD/vit-features/train/normal/road_normal_less/000000023468_all__7.npy,Normal
Pistachio/VAD/vit-features/train/normal/road_normal_less/000000023468_all__8.npy,Normal
Pistachio/VAD/vit-features/train/normal/road_normal_less/000000023468_all__9.npy,Normal
Pistachio/VAD/vit-features/train/normal/road_normal_less/000000023704_all__0.npy,Normal
Pistachio/VAD/vit-features/train/normal/road_normal_less/000000023704_all__1.npy,Normal
Pistachio/VAD/vit-features/train/normal/road_normal_less/000000023704_all__2.npy,Normal
Pistachio/VAD/vit-features/train/normal/road_normal_less/000000023704_all__3.npy,Normal
Pistachio/VAD/vit-features/train/normal/road_normal_less/000000023704_all__4.npy,Normal
Pistachio/VAD/vit-features/train/normal/road_normal_less/000000023704_all__5.npy,Normal
Pistachio/VAD/vit-features/train/normal/road_normal_less/000000023704_all__6.npy,Normal
Pistachio/VAD/vit-features/train/normal/road_normal_less/000000023704_all__7.npy,Normal
Pistachio/VAD/vit-features/train/normal/road_normal_less/000000023704_all__8.npy,Normal
Pistachio/VAD/vit-features/train/normal/road_normal_less/000000023704_all__9.npy,Normal
Pistachio/VAD/vit-features/train/normal/road_normal_less/000000023740_all__0.npy,Normal
Pistachio/VAD/vit-features/train/normal/road_normal_less/000000023740_all__1.npy,Normal
Pistachio/VAD/vit-features/train/normal/road_normal_less/000000023740_all__2.npy,Normal
Pistachio/VAD/vit-features/train/normal/road_normal_less/000000023740_all__3.npy,Normal
Pistachio/VAD/vit-features/train/normal/road_normal_less/000000023740_all__4.npy,Normal
Pistachio/VAD/vit-features/train/normal/road_normal_less/000000023740_all__5.npy,Normal
Pistachio/VAD/vit-features/train/normal/road_normal_less/000000023740_all__6.npy,Normal
Pistachio/VAD/vit-features/train/normal/road_normal_less/000000023740_all__7.npy,Normal
Pistachio/VAD/vit-features/train/normal/road_normal_less/000000023740_all__8.npy,Normal
Pistachio/VAD/vit-features/train/normal/road_normal_less/000000023740_all__9.npy,Normal
Pistachio/VAD/vit-features/train/normal/road_normal_less/000000023959_all__0.npy,Normal
Pistachio/VAD/vit-features/train/normal/road_normal_less/000000023959_all__1.npy,Normal
Pistachio/VAD/vit-features/train/normal/road_normal_less/000000023959_all__2.npy,Normal
Pistachio/VAD/vit-features/train/normal/road_normal_less/000000023959_all__3.npy,Normal
Pistachio/VAD/vit-features/train/normal/road_normal_less/000000023959_all__4.npy,Normal
Pistachio/VAD/vit-features/train/normal/road_normal_less/000000023959_all__5.npy,Normal
Pistachio/VAD/vit-features/train/normal/road_normal_less/000000023959_all__6.npy,Normal
Pistachio/VAD/vit-features/train/normal/road_normal_less/000000023959_all__7.npy,Normal
Pistachio/VAD/vit-features/train/normal/road_normal_less/000000023959_all__8.npy,Normal
Pistachio/VAD/vit-features/train/normal/road_normal_less/000000023959_all__9.npy,Normal
Pistachio/VAD/vit-features/train/normal/road_normal_less/000000023979_all__0.npy,Normal
Pistachio/VAD/vit-features/train/normal/road_normal_less/000000023979_all__1.npy,Normal
Pistachio/VAD/vit-features/train/normal/road_normal_less/000000023979_all__2.npy,Normal
Pistachio/VAD/vit-features/train/normal/road_normal_less/000000023979_all__3.npy,Normal
Pistachio/VAD/vit-features/train/normal/road_normal_less/000000023979_all__4.npy,Normal
Pistachio/VAD/vit-features/train/normal/road_normal_less/000000023979_all__5.npy,Normal
Pistachio/VAD/vit-features/train/normal/road_normal_less/000000023979_all__6.npy,Normal
Pistachio/VAD/vit-features/train/normal/road_normal_less/000000023979_all__7.npy,Normal
Pistachio/VAD/vit-features/train/normal/road_normal_less/000000023979_all__8.npy,Normal
Pistachio/VAD/vit-features/train/normal/road_normal_less/000000023979_all__9.npy,Normal
Pistachio/VAD/vit-features/train/normal/road_normal_less/000000024066_all__0.npy,Normal
Pistachio/VAD/vit-features/train/normal/road_normal_less/000000024066_all__1.npy,Normal
Pistachio/VAD/vit-features/train/normal/road_normal_less/000000024066_all__2.npy,Normal
Pistachio/VAD/vit-features/train/normal/road_normal_less/000000024066_all__3.npy,Normal
Pistachio/VAD/vit-features/train/normal/road_normal_less/000000024066_all__4.npy,Normal
Pistachio/VAD/vit-features/train/normal/road_normal_less/000000024066_all__5.npy,Normal
Pistachio/VAD/vit-features/train/normal/road_normal_less/000000024066_all__6.npy,Normal
Pistachio/VAD/vit-features/train/normal/road_normal_less/000000024066_all__7.npy,Normal
Pistachio/VAD/vit-features/train/normal/road_normal_less/000000024066_all__8.npy,Normal
Pistachio/VAD/vit-features/train/normal/road_normal_less/000000024066_all__9.npy,Normal
Pistachio/VAD/vit-features/train/normal/road_normal_less/000000024170_all__0.npy,Normal
Pistachio/VAD/vit-features/train/normal/road_normal_less/000000024170_all__1.npy,Normal
Pistachio/VAD/vit-features/train/normal/road_normal_less/000000024170_all__2.npy,Normal
Pistachio/VAD/vit-features/train/normal/road_normal_less/000000024170_all__3.npy,Normal
Pistachio/VAD/vit-features/train/normal/road_normal_less/000000024170_all__4.npy,Normal
Pistachio/VAD/vit-features/train/normal/road_normal_less/000000024170_all__5.npy,Normal
Pistachio/VAD/vit-features/train/normal/road_normal_less/000000024170_all__6.npy,Normal
Pistachio/VAD/vit-features/train/normal/road_normal_less/000000024170_all__7.npy,Normal
Pistachio/VAD/vit-features/train/normal/road_normal_less/000000024170_all__8.npy,Normal
Pistachio/VAD/vit-features/train/normal/road_normal_less/000000024170_all__9.npy,Normal
Pistachio/VAD/vit-features/train/normal/road_normal_less/000000024180_all__0.npy,Normal
Pistachio/VAD/vit-features/train/normal/road_normal_less/000000024180_all__1.npy,Normal
Pistachio/VAD/vit-features/train/normal/road_normal_less/000000024180_all__2.npy,Normal
Pistachio/VAD/vit-features/train/normal/road_normal_less/000000024180_all__3.npy,Normal
Pistachio/VAD/vit-features/train/normal/road_normal_less/000000024180_all__4.npy,Normal
Pistachio/VAD/vit-features/train/normal/road_normal_less/000000024180_all__5.npy,Normal
Pistachio/VAD/vit-features/train/normal/road_normal_less/000000024180_all__6.npy,Normal
Pistachio/VAD/vit-features/train/normal/road_normal_less/000000024180_all__7.npy,Normal
Pistachio/VAD/vit-features/train/normal/road_normal_less/000000024180_all__8.npy,Normal
Pistachio/VAD/vit-features/train/normal/road_normal_less/000000024180_all__9.npy,Normal
Pistachio/VAD/vit-features/train/normal/road_normal_less/000000024282_all__0.npy,Normal
Pistachio/VAD/vit-features/train/normal/road_normal_less/000000024282_all__1.npy,Normal
Pistachio/VAD/vit-features/train/normal/road_normal_less/000000024282_all__2.npy,Normal
Pistachio/VAD/vit-features/train/normal/road_normal_less/000000024282_all__3.npy,Normal
Pistachio/VAD/vit-features/train/normal/road_normal_less/000000024282_all__4.npy,Normal
Pistachio/VAD/vit-features/train/normal/road_normal_less/000000024282_all__5.npy,Normal
Pistachio/VAD/vit-features/train/normal/road_normal_less/000000024282_all__6.npy,Normal
Pistachio/VAD/vit-features/train/normal/road_normal_less/000000024282_all__7.npy,Normal
Pistachio/VAD/vit-features/train/normal/road_normal_less/000000024282_all__8.npy,Normal
Pistachio/VAD/vit-features/train/normal/road_normal_less/000000024282_all__9.npy,Normal
Pistachio/VAD/vit-features/train/normal/road_normal_less/000000024320_all__0.npy,Normal
Pistachio/VAD/vit-features/train/normal/road_normal_less/000000024320_all__1.npy,Normal
Pistachio/VAD/vit-features/train/normal/road_normal_less/000000024320_all__2.npy,Normal
Pistachio/VAD/vit-features/train/normal/road_normal_less/000000024320_all__3.npy,Normal
Pistachio/VAD/vit-features/train/normal/road_normal_less/000000024320_all__4.npy,Normal
Pistachio/VAD/vit-features/train/normal/road_normal_less/000000024320_all__5.npy,Normal
Pistachio/VAD/vit-features/train/normal/road_normal_less/000000024320_all__6.npy,Normal
Pistachio/VAD/vit-features/train/normal/road_normal_less/000000024320_all__7.npy,Normal
Pistachio/VAD/vit-features/train/normal/road_normal_less/000000024320_all__8.npy,Normal
Pistachio/VAD/vit-features/train/normal/road_normal_less/000000024320_all__9.npy,Normal
Pistachio/VAD/vit-features/train/normal/road_normal_less/000000024359_all__0.npy,Normal
Pistachio/VAD/vit-features/train/normal/road_normal_less/000000024359_all__1.npy,Normal
Pistachio/VAD/vit-features/train/normal/road_normal_less/000000024359_all__2.npy,Normal
Pistachio/VAD/vit-features/train/normal/road_normal_less/000000024359_all__3.npy,Normal
Pistachio/VAD/vit-features/train/normal/road_normal_less/000000024359_all__4.npy,Normal
Pistachio/VAD/vit-features/train/normal/road_normal_less/000000024359_all__5.npy,Normal
Pistachio/VAD/vit-features/train/normal/road_normal_less/000000024359_all__6.npy,Normal
Pistachio/VAD/vit-features/train/normal/road_normal_less/000000024359_all__7.npy,Normal
Pistachio/VAD/vit-features/train/normal/road_normal_less/000000024359_all__8.npy,Normal
Pistachio/VAD/vit-features/train/normal/road_normal_less/000000024359_all__9.npy,Normal
Pistachio/VAD/vit-features/train/normal/road_normal_less/000000024381_all__0.npy,Normal
Pistachio/VAD/vit-features/train/normal/road_normal_less/000000024381_all__1.npy,Normal
Pistachio/VAD/vit-features/train/normal/road_normal_less/000000024381_all__2.npy,Normal
Pistachio/VAD/vit-features/train/normal/road_normal_less/000000024381_all__3.npy,Normal
Pistachio/VAD/vit-features/train/normal/road_normal_less/000000024381_all__4.npy,Normal
Pistachio/VAD/vit-features/train/normal/road_normal_less/000000024381_all__5.npy,Normal
Pistachio/VAD/vit-features/train/normal/road_normal_less/000000024381_all__6.npy,Normal
Pistachio/VAD/vit-features/train/normal/road_normal_less/000000024381_all__7.npy,Normal
Pistachio/VAD/vit-features/train/normal/road_normal_less/000000024381_all__8.npy,Normal
Pistachio/VAD/vit-features/train/normal/road_normal_less/000000024381_all__9.npy,Normal
Pistachio/VAD/vit-features/train/normal/road_normal_less/000000024533_all__0.npy,Normal
Pistachio/VAD/vit-features/train/normal/road_normal_less/000000024533_all__1.npy,Normal
Pistachio/VAD/vit-features/train/normal/road_normal_less/000000024533_all__2.npy,Normal
Pistachio/VAD/vit-features/train/normal/road_normal_less/000000024533_all__3.npy,Normal
Pistachio/VAD/vit-features/train/normal/road_normal_less/000000024533_all__4.npy,Normal
Pistachio/VAD/vit-features/train/normal/road_normal_less/000000024533_all__5.npy,Normal
Pistachio/VAD/vit-features/train/normal/road_normal_less/000000024533_all__6.npy,Normal
Pistachio/VAD/vit-features/train/normal/road_normal_less/000000024533_all__7.npy,Normal
Pistachio/VAD/vit-features/train/normal/road_normal_less/000000024533_all__8.npy,Normal
Pistachio/VAD/vit-features/train/normal/road_normal_less/000000024533_all__9.npy,Normal
Pistachio/VAD/vit-features/train/normal/road_normal_less/000000024675_all__0.npy,Normal
Pistachio/VAD/vit-features/train/normal/road_normal_less/000000024675_all__1.npy,Normal
Pistachio/VAD/vit-features/train/normal/road_normal_less/000000024675_all__2.npy,Normal
Pistachio/VAD/vit-features/train/normal/road_normal_less/000000024675_all__3.npy,Normal
Pistachio/VAD/vit-features/train/normal/road_normal_less/000000024675_all__4.npy,Normal
Pistachio/VAD/vit-features/train/normal/road_normal_less/000000024675_all__5.npy,Normal
Pistachio/VAD/vit-features/train/normal/road_normal_less/000000024675_all__6.npy,Normal
Pistachio/VAD/vit-features/train/normal/road_normal_less/000000024675_all__7.npy,Normal
Pistachio/VAD/vit-features/train/normal/road_normal_less/000000024675_all__8.npy,Normal
Pistachio/VAD/vit-features/train/normal/road_normal_less/000000024675_all__9.npy,Normal
Pistachio/VAD/vit-features/train/normal/road_normal_less/000000024676_all__0.npy,Normal
Pistachio/VAD/vit-features/train/normal/road_normal_less/000000024676_all__1.npy,Normal
Pistachio/VAD/vit-features/train/normal/road_normal_less/000000024676_all__2.npy,Normal
Pistachio/VAD/vit-features/train/normal/road_normal_less/000000024676_all__3.npy,Normal
Pistachio/VAD/vit-features/train/normal/road_normal_less/000000024676_all__4.npy,Normal
Pistachio/VAD/vit-features/train/normal/road_normal_less/000000024676_all__5.npy,Normal
Pistachio/VAD/vit-features/train/normal/road_normal_less/000000024676_all__6.npy,Normal
Pistachio/VAD/vit-features/train/normal/road_normal_less/000000024676_all__7.npy,Normal
Pistachio/VAD/vit-features/train/normal/road_normal_less/000000024676_all__8.npy,Normal
Pistachio/VAD/vit-features/train/normal/road_normal_less/000000024676_all__9.npy,Normal
Pistachio/VAD/vit-features/train/normal/road_normal_less/000000024742_all__0.npy,Normal
Pistachio/VAD/vit-features/train/normal/road_normal_less/000000024742_all__1.npy,Normal
Pistachio/VAD/vit-features/train/normal/road_normal_less/000000024742_all__2.npy,Normal
Pistachio/VAD/vit-features/train/normal/road_normal_less/000000024742_all__3.npy,Normal
Pistachio/VAD/vit-features/train/normal/road_normal_less/000000024742_all__4.npy,Normal
Pistachio/VAD/vit-features/train/normal/road_normal_less/000000024742_all__5.npy,Normal
Pistachio/VAD/vit-features/train/normal/road_normal_less/000000024742_all__6.npy,Normal
Pistachio/VAD/vit-features/train/normal/road_normal_less/000000024742_all__7.npy,Normal
Pistachio/VAD/vit-features/train/normal/road_normal_less/000000024742_all__8.npy,Normal
Pistachio/VAD/vit-features/train/normal/road_normal_less/000000024742_all__9.npy,Normal
Pistachio/VAD/vit-features/train/normal/road_normal_less/000000024775_all__0.npy,Normal
Pistachio/VAD/vit-features/train/normal/road_normal_less/000000024775_all__1.npy,Normal
Pistachio/VAD/vit-features/train/normal/road_normal_less/000000024775_all__2.npy,Normal
Pistachio/VAD/vit-features/train/normal/road_normal_less/000000024775_all__3.npy,Normal
Pistachio/VAD/vit-features/train/normal/road_normal_less/000000024775_all__4.npy,Normal
Pistachio/VAD/vit-features/train/normal/road_normal_less/000000024775_all__5.npy,Normal
Pistachio/VAD/vit-features/train/normal/road_normal_less/000000024775_all__6.npy,Normal
Pistachio/VAD/vit-features/train/normal/road_normal_less/000000024775_all__7.npy,Normal
Pistachio/VAD/vit-features/train/normal/road_normal_less/000000024775_all__8.npy,Normal
Pistachio/VAD/vit-features/train/normal/road_normal_less/000000024775_all__9.npy,Normal
Pistachio/VAD/vit-features/train/normal/road_normal_less/000000024834_all__0.npy,Normal
Pistachio/VAD/vit-features/train/normal/road_normal_less/000000024834_all__1.npy,Normal
Pistachio/VAD/vit-features/train/normal/road_normal_less/000000024834_all__2.npy,Normal
Pistachio/VAD/vit-features/train/normal/road_normal_less/000000024834_all__3.npy,Normal
Pistachio/VAD/vit-features/train/normal/road_normal_less/000000024834_all__4.npy,Normal
Pistachio/VAD/vit-features/train/normal/road_normal_less/000000024834_all__5.npy,Normal
Pistachio/VAD/vit-features/train/normal/road_normal_less/000000024834_all__6.npy,Normal
Pistachio/VAD/vit-features/train/normal/road_normal_less/000000024834_all__7.npy,Normal
Pistachio/VAD/vit-features/train/normal/road_normal_less/000000024834_all__8.npy,Normal
Pistachio/VAD/vit-features/train/normal/road_normal_less/000000024834_all__9.npy,Normal
Pistachio/VAD/vit-features/train/normal/road_normal_less/000000024865_all__0.npy,Normal
Pistachio/VAD/vit-features/train/normal/road_normal_less/000000024865_all__1.npy,Normal
Pistachio/VAD/vit-features/train/normal/road_normal_less/000000024865_all__2.npy,Normal
Pistachio/VAD/vit-features/train/normal/road_normal_less/000000024865_all__3.npy,Normal
Pistachio/VAD/vit-features/train/normal/road_normal_less/000000024865_all__4.npy,Normal
Pistachio/VAD/vit-features/train/normal/road_normal_less/000000024865_all__5.npy,Normal
Pistachio/VAD/vit-features/train/normal/road_normal_less/000000024865_all__6.npy,Normal
Pistachio/VAD/vit-features/train/normal/road_normal_less/000000024865_all__7.npy,Normal
Pistachio/VAD/vit-features/train/normal/road_normal_less/000000024865_all__8.npy,Normal
Pistachio/VAD/vit-features/train/normal/road_normal_less/000000024865_all__9.npy,Normal
Pistachio/VAD/vit-features/train/normal/road_normal_less/000000024868_all__0.npy,Normal
Pistachio/VAD/vit-features/train/normal/road_normal_less/000000024868_all__1.npy,Normal
Pistachio/VAD/vit-features/train/normal/road_normal_less/000000024868_all__2.npy,Normal
Pistachio/VAD/vit-features/train/normal/road_normal_less/000000024868_all__3.npy,Normal
Pistachio/VAD/vit-features/train/normal/road_normal_less/000000024868_all__4.npy,Normal
Pistachio/VAD/vit-features/train/normal/road_normal_less/000000024868_all__5.npy,Normal
Pistachio/VAD/vit-features/train/normal/road_normal_less/000000024868_all__6.npy,Normal
Pistachio/VAD/vit-features/train/normal/road_normal_less/000000024868_all__7.npy,Normal
Pistachio/VAD/vit-features/train/normal/road_normal_less/000000024868_all__8.npy,Normal
Pistachio/VAD/vit-features/train/normal/road_normal_less/000000024868_all__9.npy,Normal
Pistachio/VAD/vit-features/train/normal/road_normal_less/000000024941_all__0.npy,Normal
Pistachio/VAD/vit-features/train/normal/road_normal_less/000000024941_all__1.npy,Normal
Pistachio/VAD/vit-features/train/normal/road_normal_less/000000024941_all__2.npy,Normal
Pistachio/VAD/vit-features/train/normal/road_normal_less/000000024941_all__3.npy,Normal
Pistachio/VAD/vit-features/train/normal/road_normal_less/000000024941_all__4.npy,Normal
Pistachio/VAD/vit-features/train/normal/road_normal_less/000000024941_all__5.npy,Normal
Pistachio/VAD/vit-features/train/normal/road_normal_less/000000024941_all__6.npy,Normal
Pistachio/VAD/vit-features/train/normal/road_normal_less/000000024941_all__7.npy,Normal
Pistachio/VAD/vit-features/train/normal/road_normal_less/000000024941_all__8.npy,Normal
Pistachio/VAD/vit-features/train/normal/road_normal_less/000000024941_all__9.npy,Normal
Pistachio/VAD/vit-features/train/normal/road_normal_less/000000025099_all__0.npy,Normal
Pistachio/VAD/vit-features/train/normal/road_normal_less/000000025099_all__1.npy,Normal
Pistachio/VAD/vit-features/train/normal/road_normal_less/000000025099_all__2.npy,Normal
Pistachio/VAD/vit-features/train/normal/road_normal_less/000000025099_all__3.npy,Normal
Pistachio/VAD/vit-features/train/normal/road_normal_less/000000025099_all__4.npy,Normal
Pistachio/VAD/vit-features/train/normal/road_normal_less/000000025099_all__5.npy,Normal
Pistachio/VAD/vit-features/train/normal/road_normal_less/000000025099_all__6.npy,Normal
Pistachio/VAD/vit-features/train/normal/road_normal_less/000000025099_all__7.npy,Normal
Pistachio/VAD/vit-features/train/normal/road_normal_less/000000025099_all__8.npy,Normal
Pistachio/VAD/vit-features/train/normal/road_normal_less/000000025099_all__9.npy,Normal
Pistachio/VAD/vit-features/train/normal/road_normal_less/000000025205_all__0.npy,Normal
Pistachio/VAD/vit-features/train/normal/road_normal_less/000000025205_all__1.npy,Normal
Pistachio/VAD/vit-features/train/normal/road_normal_less/000000025205_all__2.npy,Normal
Pistachio/VAD/vit-features/train/normal/road_normal_less/000000025205_all__3.npy,Normal
Pistachio/VAD/vit-features/train/normal/road_normal_less/000000025205_all__4.npy,Normal
Pistachio/VAD/vit-features/train/normal/road_normal_less/000000025205_all__5.npy,Normal
Pistachio/VAD/vit-features/train/normal/road_normal_less/000000025205_all__6.npy,Normal
Pistachio/VAD/vit-features/train/normal/road_normal_less/000000025205_all__7.npy,Normal
Pistachio/VAD/vit-features/train/normal/road_normal_less/000000025205_all__8.npy,Normal
Pistachio/VAD/vit-features/train/normal/road_normal_less/000000025205_all__9.npy,Normal
Pistachio/VAD/vit-features/train/normal/road_normal_less/000000025303_all__0.npy,Normal
Pistachio/VAD/vit-features/train/normal/road_normal_less/000000025303_all__1.npy,Normal
Pistachio/VAD/vit-features/train/normal/road_normal_less/000000025303_all__2.npy,Normal
Pistachio/VAD/vit-features/train/normal/road_normal_less/000000025303_all__3.npy,Normal
Pistachio/VAD/vit-features/train/normal/road_normal_less/000000025303_all__4.npy,Normal
Pistachio/VAD/vit-features/train/normal/road_normal_less/000000025303_all__5.npy,Normal
Pistachio/VAD/vit-features/train/normal/road_normal_less/000000025303_all__6.npy,Normal
Pistachio/VAD/vit-features/train/normal/road_normal_less/000000025303_all__7.npy,Normal
Pistachio/VAD/vit-features/train/normal/road_normal_less/000000025303_all__8.npy,Normal
Pistachio/VAD/vit-features/train/normal/road_normal_less/000000025303_all__9.npy,Normal
Pistachio/VAD/vit-features/train/normal/road_normal_less/000000025361_all__0.npy,Normal
Pistachio/VAD/vit-features/train/normal/road_normal_less/000000025361_all__1.npy,Normal
Pistachio/VAD/vit-features/train/normal/road_normal_less/000000025361_all__2.npy,Normal
Pistachio/VAD/vit-features/train/normal/road_normal_less/000000025361_all__3.npy,Normal
Pistachio/VAD/vit-features/train/normal/road_normal_less/000000025361_all__4.npy,Normal
Pistachio/VAD/vit-features/train/normal/road_normal_less/000000025361_all__5.npy,Normal
Pistachio/VAD/vit-features/train/normal/road_normal_less/000000025361_all__6.npy,Normal
Pistachio/VAD/vit-features/train/normal/road_normal_less/000000025361_all__7.npy,Normal
Pistachio/VAD/vit-features/train/normal/road_normal_less/000000025361_all__8.npy,Normal
Pistachio/VAD/vit-features/train/normal/road_normal_less/000000025361_all__9.npy,Normal
Pistachio/VAD/vit-features/train/normal/road_normal_less/000000025375_all__0.npy,Normal
Pistachio/VAD/vit-features/train/normal/road_normal_less/000000025375_all__1.npy,Normal
Pistachio/VAD/vit-features/train/normal/road_normal_less/000000025375_all__2.npy,Normal
Pistachio/VAD/vit-features/train/normal/road_normal_less/000000025375_all__3.npy,Normal
Pistachio/VAD/vit-features/train/normal/road_normal_less/000000025375_all__4.npy,Normal
Pistachio/VAD/vit-features/train/normal/road_normal_less/000000025375_all__5.npy,Normal
Pistachio/VAD/vit-features/train/normal/road_normal_less/000000025375_all__6.npy,Normal
Pistachio/VAD/vit-features/train/normal/road_normal_less/000000025375_all__7.npy,Normal
Pistachio/VAD/vit-features/train/normal/road_normal_less/000000025375_all__8.npy,Normal
Pistachio/VAD/vit-features/train/normal/road_normal_less/000000025375_all__9.npy,Normal
Pistachio/VAD/vit-features/train/normal/road_normal_less/000000025420_all__0.npy,Normal
Pistachio/VAD/vit-features/train/normal/road_normal_less/000000025420_all__1.npy,Normal
Pistachio/VAD/vit-features/train/normal/road_normal_less/000000025420_all__2.npy,Normal
Pistachio/VAD/vit-features/train/normal/road_normal_less/000000025420_all__3.npy,Normal
Pistachio/VAD/vit-features/train/normal/road_normal_less/000000025420_all__4.npy,Normal
Pistachio/VAD/vit-features/train/normal/road_normal_less/000000025420_all__5.npy,Normal
Pistachio/VAD/vit-features/train/normal/road_normal_less/000000025420_all__6.npy,Normal
Pistachio/VAD/vit-features/train/normal/road_normal_less/000000025420_all__7.npy,Normal
Pistachio/VAD/vit-features/train/normal/road_normal_less/000000025420_all__8.npy,Normal
Pistachio/VAD/vit-features/train/normal/road_normal_less/000000025420_all__9.npy,Normal
Pistachio/VAD/vit-features/train/normal/road_normal_less/000000025456_all__0.npy,Normal
Pistachio/VAD/vit-features/train/normal/road_normal_less/000000025456_all__1.npy,Normal
Pistachio/VAD/vit-features/train/normal/road_normal_less/000000025456_all__2.npy,Normal
Pistachio/VAD/vit-features/train/normal/road_normal_less/000000025456_all__3.npy,Normal
Pistachio/VAD/vit-features/train/normal/road_normal_less/000000025456_all__4.npy,Normal
Pistachio/VAD/vit-features/train/normal/road_normal_less/000000025456_all__5.npy,Normal
Pistachio/VAD/vit-features/train/normal/road_normal_less/000000025456_all__6.npy,Normal
Pistachio/VAD/vit-features/train/normal/road_normal_less/000000025456_all__7.npy,Normal
Pistachio/VAD/vit-features/train/normal/road_normal_less/000000025456_all__8.npy,Normal
Pistachio/VAD/vit-features/train/normal/road_normal_less/000000025456_all__9.npy,Normal
Pistachio/VAD/vit-features/train/normal/road_normal_less/000000025600_all__0.npy,Normal
Pistachio/VAD/vit-features/train/normal/road_normal_less/000000025600_all__1.npy,Normal
Pistachio/VAD/vit-features/train/normal/road_normal_less/000000025600_all__2.npy,Normal
Pistachio/VAD/vit-features/train/normal/road_normal_less/000000025600_all__3.npy,Normal
Pistachio/VAD/vit-features/train/normal/road_normal_less/000000025600_all__4.npy,Normal
Pistachio/VAD/vit-features/train/normal/road_normal_less/000000025600_all__5.npy,Normal
Pistachio/VAD/vit-features/train/normal/road_normal_less/000000025600_all__6.npy,Normal
Pistachio/VAD/vit-features/train/normal/road_normal_less/000000025600_all__7.npy,Normal
Pistachio/VAD/vit-features/train/normal/road_normal_less/000000025600_all__8.npy,Normal
Pistachio/VAD/vit-features/train/normal/road_normal_less/000000025600_all__9.npy,Normal
Pistachio/VAD/vit-features/train/normal/road_normal_less/000000025617_all__0.npy,Normal
Pistachio/VAD/vit-features/train/normal/road_normal_less/000000025617_all__1.npy,Normal
Pistachio/VAD/vit-features/train/normal/road_normal_less/000000025617_all__2.npy,Normal
Pistachio/VAD/vit-features/train/normal/road_normal_less/000000025617_all__3.npy,Normal
Pistachio/VAD/vit-features/train/normal/road_normal_less/000000025617_all__4.npy,Normal
Pistachio/VAD/vit-features/train/normal/road_normal_less/000000025617_all__5.npy,Normal
Pistachio/VAD/vit-features/train/normal/road_normal_less/000000025617_all__6.npy,Normal
Pistachio/VAD/vit-features/train/normal/road_normal_less/000000025617_all__7.npy,Normal
Pistachio/VAD/vit-features/train/normal/road_normal_less/000000025617_all__8.npy,Normal
Pistachio/VAD/vit-features/train/normal/road_normal_less/000000025617_all__9.npy,Normal
Pistachio/VAD/vit-features/train/normal/road_normal_less/000000025766_all__0.npy,Normal
Pistachio/VAD/vit-features/train/normal/road_normal_less/000000025766_all__1.npy,Normal
Pistachio/VAD/vit-features/train/normal/road_normal_less/000000025766_all__2.npy,Normal
Pistachio/VAD/vit-features/train/normal/road_normal_less/000000025766_all__3.npy,Normal
Pistachio/VAD/vit-features/train/normal/road_normal_less/000000025766_all__4.npy,Normal
Pistachio/VAD/vit-features/train/normal/road_normal_less/000000025766_all__5.npy,Normal
Pistachio/VAD/vit-features/train/normal/road_normal_less/000000025766_all__6.npy,Normal
Pistachio/VAD/vit-features/train/normal/road_normal_less/000000025766_all__7.npy,Normal
Pistachio/VAD/vit-features/train/normal/road_normal_less/000000025766_all__8.npy,Normal
Pistachio/VAD/vit-features/train/normal/road_normal_less/000000025766_all__9.npy,Normal
Pistachio/VAD/vit-features/train/normal/road_normal_less/000000025781_all__0.npy,Normal
Pistachio/VAD/vit-features/train/normal/road_normal_less/000000025781_all__1.npy,Normal
Pistachio/VAD/vit-features/train/normal/road_normal_less/000000025781_all__2.npy,Normal
Pistachio/VAD/vit-features/train/normal/road_normal_less/000000025781_all__3.npy,Normal
Pistachio/VAD/vit-features/train/normal/road_normal_less/000000025781_all__4.npy,Normal
Pistachio/VAD/vit-features/train/normal/road_normal_less/000000025781_all__5.npy,Normal
Pistachio/VAD/vit-features/train/normal/road_normal_less/000000025781_all__6.npy,Normal
Pistachio/VAD/vit-features/train/normal/road_normal_less/000000025781_all__7.npy,Normal
Pistachio/VAD/vit-features/train/normal/road_normal_less/000000025781_all__8.npy,Normal
Pistachio/VAD/vit-features/train/normal/road_normal_less/000000025781_all__9.npy,Normal
Pistachio/VAD/vit-features/train/normal/road_normal_less/000000025787_all__0.npy,Normal
Pistachio/VAD/vit-features/train/normal/road_normal_less/000000025787_all__1.npy,Normal
Pistachio/VAD/vit-features/train/normal/road_normal_less/000000025787_all__2.npy,Normal
Pistachio/VAD/vit-features/train/normal/road_normal_less/000000025787_all__3.npy,Normal
Pistachio/VAD/vit-features/train/normal/road_normal_less/000000025787_all__4.npy,Normal
Pistachio/VAD/vit-features/train/normal/road_normal_less/000000025787_all__5.npy,Normal
Pistachio/VAD/vit-features/train/normal/road_normal_less/000000025787_all__6.npy,Normal
Pistachio/VAD/vit-features/train/normal/road_normal_less/000000025787_all__7.npy,Normal
Pistachio/VAD/vit-features/train/normal/road_normal_less/000000025787_all__8.npy,Normal
Pistachio/VAD/vit-features/train/normal/road_normal_less/000000025787_all__9.npy,Normal
Pistachio/VAD/vit-features/train/normal/road_normal_less/000000025928_all__0.npy,Normal
Pistachio/VAD/vit-features/train/normal/road_normal_less/000000025928_all__1.npy,Normal
Pistachio/VAD/vit-features/train/normal/road_normal_less/000000025928_all__2.npy,Normal
Pistachio/VAD/vit-features/train/normal/road_normal_less/000000025928_all__3.npy,Normal
Pistachio/VAD/vit-features/train/normal/road_normal_less/000000025928_all__4.npy,Normal
Pistachio/VAD/vit-features/train/normal/road_normal_less/000000025928_all__5.npy,Normal
Pistachio/VAD/vit-features/train/normal/road_normal_less/000000025928_all__6.npy,Normal
Pistachio/VAD/vit-features/train/normal/road_normal_less/000000025928_all__7.npy,Normal
Pistachio/VAD/vit-features/train/normal/road_normal_less/000000025928_all__8.npy,Normal
Pistachio/VAD/vit-features/train/normal/road_normal_less/000000025928_all__9.npy,Normal
Pistachio/VAD/vit-features/train/normal/road_normal_less/000000026066_all__0.npy,Normal
Pistachio/VAD/vit-features/train/normal/road_normal_less/000000026066_all__1.npy,Normal
Pistachio/VAD/vit-features/train/normal/road_normal_less/000000026066_all__2.npy,Normal
Pistachio/VAD/vit-features/train/normal/road_normal_less/000000026066_all__3.npy,Normal
Pistachio/VAD/vit-features/train/normal/road_normal_less/000000026066_all__4.npy,Normal
Pistachio/VAD/vit-features/train/normal/road_normal_less/000000026066_all__5.npy,Normal
Pistachio/VAD/vit-features/train/normal/road_normal_less/000000026066_all__6.npy,Normal
Pistachio/VAD/vit-features/train/normal/road_normal_less/000000026066_all__7.npy,Normal
Pistachio/VAD/vit-features/train/normal/road_normal_less/000000026066_all__8.npy,Normal
Pistachio/VAD/vit-features/train/normal/road_normal_less/000000026066_all__9.npy,Normal
Pistachio/VAD/vit-features/train/normal/road_normal_less/000000026500_all__0.npy,Normal
Pistachio/VAD/vit-features/train/normal/road_normal_less/000000026500_all__1.npy,Normal
Pistachio/VAD/vit-features/train/normal/road_normal_less/000000026500_all__2.npy,Normal
Pistachio/VAD/vit-features/train/normal/road_normal_less/000000026500_all__3.npy,Normal
Pistachio/VAD/vit-features/train/normal/road_normal_less/000000026500_all__4.npy,Normal
Pistachio/VAD/vit-features/train/normal/road_normal_less/000000026500_all__5.npy,Normal
Pistachio/VAD/vit-features/train/normal/road_normal_less/000000026500_all__6.npy,Normal
Pistachio/VAD/vit-features/train/normal/road_normal_less/000000026500_all__7.npy,Normal
Pistachio/VAD/vit-features/train/normal/road_normal_less/000000026500_all__8.npy,Normal
Pistachio/VAD/vit-features/train/normal/road_normal_less/000000026500_all__9.npy,Normal
Pistachio/VAD/vit-features/train/normal/road_normal_less/000000026508_all__0.npy,Normal
Pistachio/VAD/vit-features/train/normal/road_normal_less/000000026508_all__1.npy,Normal
Pistachio/VAD/vit-features/train/normal/road_normal_less/000000026508_all__2.npy,Normal
Pistachio/VAD/vit-features/train/normal/road_normal_less/000000026508_all__3.npy,Normal
Pistachio/VAD/vit-features/train/normal/road_normal_less/000000026508_all__4.npy,Normal
Pistachio/VAD/vit-features/train/normal/road_normal_less/000000026508_all__5.npy,Normal
Pistachio/VAD/vit-features/train/normal/road_normal_less/000000026508_all__6.npy,Normal
Pistachio/VAD/vit-features/train/normal/road_normal_less/000000026508_all__7.npy,Normal
Pistachio/VAD/vit-features/train/normal/road_normal_less/000000026508_all__8.npy,Normal
Pistachio/VAD/vit-features/train/normal/road_normal_less/000000026508_all__9.npy,Normal
Pistachio/VAD/vit-features/train/normal/road_normal_less/000000026511_all__0.npy,Normal
Pistachio/VAD/vit-features/train/normal/road_normal_less/000000026511_all__1.npy,Normal
Pistachio/VAD/vit-features/train/normal/road_normal_less/000000026511_all__2.npy,Normal
Pistachio/VAD/vit-features/train/normal/road_normal_less/000000026511_all__3.npy,Normal
Pistachio/VAD/vit-features/train/normal/road_normal_less/000000026511_all__4.npy,Normal
Pistachio/VAD/vit-features/train/normal/road_normal_less/000000026511_all__5.npy,Normal
Pistachio/VAD/vit-features/train/normal/road_normal_less/000000026511_all__6.npy,Normal
Pistachio/VAD/vit-features/train/normal/road_normal_less/000000026511_all__7.npy,Normal
Pistachio/VAD/vit-features/train/normal/road_normal_less/000000026511_all__8.npy,Normal
Pistachio/VAD/vit-features/train/normal/road_normal_less/000000026511_all__9.npy,Normal
Pistachio/VAD/vit-features/train/normal/road_normal_less/000000026714_all__0.npy,Normal
Pistachio/VAD/vit-features/train/normal/road_normal_less/000000026714_all__1.npy,Normal
Pistachio/VAD/vit-features/train/normal/road_normal_less/000000026714_all__2.npy,Normal
Pistachio/VAD/vit-features/train/normal/road_normal_less/000000026714_all__3.npy,Normal
Pistachio/VAD/vit-features/train/normal/road_normal_less/000000026714_all__4.npy,Normal
Pistachio/VAD/vit-features/train/normal/road_normal_less/000000026714_all__5.npy,Normal
Pistachio/VAD/vit-features/train/normal/road_normal_less/000000026714_all__6.npy,Normal
Pistachio/VAD/vit-features/train/normal/road_normal_less/000000026714_all__7.npy,Normal
Pistachio/VAD/vit-features/train/normal/road_normal_less/000000026714_all__8.npy,Normal
Pistachio/VAD/vit-features/train/normal/road_normal_less/000000026714_all__9.npy,Normal
Pistachio/VAD/vit-features/train/normal/road_normal_less/000000026824_all__0.npy,Normal
Pistachio/VAD/vit-features/train/normal/road_normal_less/000000026824_all__1.npy,Normal
Pistachio/VAD/vit-features/train/normal/road_normal_less/000000026824_all__2.npy,Normal
Pistachio/VAD/vit-features/train/normal/road_normal_less/000000026824_all__3.npy,Normal
Pistachio/VAD/vit-features/train/normal/road_normal_less/000000026824_all__4.npy,Normal
Pistachio/VAD/vit-features/train/normal/road_normal_less/000000026824_all__5.npy,Normal
Pistachio/VAD/vit-features/train/normal/road_normal_less/000000026824_all__6.npy,Normal
Pistachio/VAD/vit-features/train/normal/road_normal_less/000000026824_all__7.npy,Normal
Pistachio/VAD/vit-features/train/normal/road_normal_less/000000026824_all__8.npy,Normal
Pistachio/VAD/vit-features/train/normal/road_normal_less/000000026824_all__9.npy,Normal
Pistachio/VAD/vit-features/train/normal/road_normal_less/000000026870_all__0.npy,Normal
Pistachio/VAD/vit-features/train/normal/road_normal_less/000000026870_all__1.npy,Normal
Pistachio/VAD/vit-features/train/normal/road_normal_less/000000026870_all__2.npy,Normal
Pistachio/VAD/vit-features/train/normal/road_normal_less/000000026870_all__3.npy,Normal
Pistachio/VAD/vit-features/train/normal/road_normal_less/000000026870_all__4.npy,Normal
Pistachio/VAD/vit-features/train/normal/road_normal_less/000000026870_all__5.npy,Normal
Pistachio/VAD/vit-features/train/normal/road_normal_less/000000026870_all__6.npy,Normal
Pistachio/VAD/vit-features/train/normal/road_normal_less/000000026870_all__7.npy,Normal
Pistachio/VAD/vit-features/train/normal/road_normal_less/000000026870_all__8.npy,Normal
Pistachio/VAD/vit-features/train/normal/road_normal_less/000000026870_all__9.npy,Normal
Pistachio/VAD/vit-features/train/normal/road_normal_less/000000026923_all__0.npy,Normal
Pistachio/VAD/vit-features/train/normal/road_normal_less/000000026923_all__1.npy,Normal
Pistachio/VAD/vit-features/train/normal/road_normal_less/000000026923_all__2.npy,Normal
Pistachio/VAD/vit-features/train/normal/road_normal_less/000000026923_all__3.npy,Normal
Pistachio/VAD/vit-features/train/normal/road_normal_less/000000026923_all__4.npy,Normal
Pistachio/VAD/vit-features/train/normal/road_normal_less/000000026923_all__5.npy,Normal
Pistachio/VAD/vit-features/train/normal/road_normal_less/000000026923_all__6.npy,Normal
Pistachio/VAD/vit-features/train/normal/road_normal_less/000000026923_all__7.npy,Normal
Pistachio/VAD/vit-features/train/normal/road_normal_less/000000026923_all__8.npy,Normal
Pistachio/VAD/vit-features/train/normal/road_normal_less/000000026923_all__9.npy,Normal
Pistachio/VAD/vit-features/train/normal/road_normal_less/000000027131_all__0.npy,Normal
Pistachio/VAD/vit-features/train/normal/road_normal_less/000000027131_all__1.npy,Normal
Pistachio/VAD/vit-features/train/normal/road_normal_less/000000027131_all__2.npy,Normal
Pistachio/VAD/vit-features/train/normal/road_normal_less/000000027131_all__3.npy,Normal
Pistachio/VAD/vit-features/train/normal/road_normal_less/000000027131_all__4.npy,Normal
Pistachio/VAD/vit-features/train/normal/road_normal_less/000000027131_all__5.npy,Normal
Pistachio/VAD/vit-features/train/normal/road_normal_less/000000027131_all__6.npy,Normal
Pistachio/VAD/vit-features/train/normal/road_normal_less/000000027131_all__7.npy,Normal
Pistachio/VAD/vit-features/train/normal/road_normal_less/000000027131_all__8.npy,Normal
Pistachio/VAD/vit-features/train/normal/road_normal_less/000000027131_all__9.npy,Normal
Pistachio/VAD/vit-features/train/normal/road_normal_less/000000027196_all__0.npy,Normal
Pistachio/VAD/vit-features/train/normal/road_normal_less/000000027196_all__1.npy,Normal
Pistachio/VAD/vit-features/train/normal/road_normal_less/000000027196_all__2.npy,Normal
Pistachio/VAD/vit-features/train/normal/road_normal_less/000000027196_all__3.npy,Normal
Pistachio/VAD/vit-features/train/normal/road_normal_less/000000027196_all__4.npy,Normal
Pistachio/VAD/vit-features/train/normal/road_normal_less/000000027196_all__5.npy,Normal
Pistachio/VAD/vit-features/train/normal/road_normal_less/000000027196_all__6.npy,Normal
Pistachio/VAD/vit-features/train/normal/road_normal_less/000000027196_all__7.npy,Normal
Pistachio/VAD/vit-features/train/normal/road_normal_less/000000027196_all__8.npy,Normal
Pistachio/VAD/vit-features/train/normal/road_normal_less/000000027196_all__9.npy,Normal
Pistachio/VAD/vit-features/train/normal/road_normal_less/000000027218_all__0.npy,Normal
Pistachio/VAD/vit-features/train/normal/road_normal_less/000000027218_all__1.npy,Normal
Pistachio/VAD/vit-features/train/normal/road_normal_less/000000027218_all__2.npy,Normal
Pistachio/VAD/vit-features/train/normal/road_normal_less/000000027218_all__3.npy,Normal
Pistachio/VAD/vit-features/train/normal/road_normal_less/000000027218_all__4.npy,Normal
Pistachio/VAD/vit-features/train/normal/road_normal_less/000000027218_all__5.npy,Normal
Pistachio/VAD/vit-features/train/normal/road_normal_less/000000027218_all__6.npy,Normal
Pistachio/VAD/vit-features/train/normal/road_normal_less/000000027218_all__7.npy,Normal
Pistachio/VAD/vit-features/train/normal/road_normal_less/000000027218_all__8.npy,Normal
Pistachio/VAD/vit-features/train/normal/road_normal_less/000000027218_all__9.npy,Normal
Pistachio/VAD/vit-features/train/normal/road_normal_less/000000027250_all__0.npy,Normal
Pistachio/VAD/vit-features/train/normal/road_normal_less/000000027250_all__1.npy,Normal
Pistachio/VAD/vit-features/train/normal/road_normal_less/000000027250_all__2.npy,Normal
Pistachio/VAD/vit-features/train/normal/road_normal_less/000000027250_all__3.npy,Normal
Pistachio/VAD/vit-features/train/normal/road_normal_less/000000027250_all__4.npy,Normal
Pistachio/VAD/vit-features/train/normal/road_normal_less/000000027250_all__5.npy,Normal
Pistachio/VAD/vit-features/train/normal/road_normal_less/000000027250_all__6.npy,Normal
Pistachio/VAD/vit-features/train/normal/road_normal_less/000000027250_all__7.npy,Normal
Pistachio/VAD/vit-features/train/normal/road_normal_less/000000027250_all__8.npy,Normal
Pistachio/VAD/vit-features/train/normal/road_normal_less/000000027250_all__9.npy,Normal
Pistachio/VAD/vit-features/train/normal/road_normal_less/000000027462_all__0.npy,Normal
Pistachio/VAD/vit-features/train/normal/road_normal_less/000000027462_all__1.npy,Normal
Pistachio/VAD/vit-features/train/normal/road_normal_less/000000027462_all__2.npy,Normal
Pistachio/VAD/vit-features/train/normal/road_normal_less/000000027462_all__3.npy,Normal
Pistachio/VAD/vit-features/train/normal/road_normal_less/000000027462_all__4.npy,Normal
Pistachio/VAD/vit-features/train/normal/road_normal_less/000000027462_all__5.npy,Normal
Pistachio/VAD/vit-features/train/normal/road_normal_less/000000027462_all__6.npy,Normal
Pistachio/VAD/vit-features/train/normal/road_normal_less/000000027462_all__7.npy,Normal
Pistachio/VAD/vit-features/train/normal/road_normal_less/000000027462_all__8.npy,Normal
Pistachio/VAD/vit-features/train/normal/road_normal_less/000000027462_all__9.npy,Normal
Pistachio/VAD/vit-features/train/normal/road_normal_less/000000027473_all__0.npy,Normal
Pistachio/VAD/vit-features/train/normal/road_normal_less/000000027473_all__1.npy,Normal
Pistachio/VAD/vit-features/train/normal/road_normal_less/000000027473_all__2.npy,Normal
Pistachio/VAD/vit-features/train/normal/road_normal_less/000000027473_all__3.npy,Normal
Pistachio/VAD/vit-features/train/normal/road_normal_less/000000027473_all__4.npy,Normal
Pistachio/VAD/vit-features/train/normal/road_normal_less/000000027473_all__5.npy,Normal
Pistachio/VAD/vit-features/train/normal/road_normal_less/000000027473_all__6.npy,Normal
Pistachio/VAD/vit-features/train/normal/road_normal_less/000000027473_all__7.npy,Normal
Pistachio/VAD/vit-features/train/normal/road_normal_less/000000027473_all__8.npy,Normal
Pistachio/VAD/vit-features/train/normal/road_normal_less/000000027473_all__9.npy,Normal
Pistachio/VAD/vit-features/train/normal/road_normal_less/000000027483_all__0.npy,Normal
Pistachio/VAD/vit-features/train/normal/road_normal_less/000000027483_all__1.npy,Normal
Pistachio/VAD/vit-features/train/normal/road_normal_less/000000027483_all__2.npy,Normal
Pistachio/VAD/vit-features/train/normal/road_normal_less/000000027483_all__3.npy,Normal
Pistachio/VAD/vit-features/train/normal/road_normal_less/000000027483_all__4.npy,Normal
Pistachio/VAD/vit-features/train/normal/road_normal_less/000000027483_all__5.npy,Normal
Pistachio/VAD/vit-features/train/normal/road_normal_less/000000027483_all__6.npy,Normal
Pistachio/VAD/vit-features/train/normal/road_normal_less/000000027483_all__7.npy,Normal
Pistachio/VAD/vit-features/train/normal/road_normal_less/000000027483_all__8.npy,Normal
Pistachio/VAD/vit-features/train/normal/road_normal_less/000000027483_all__9.npy,Normal
Pistachio/VAD/vit-features/train/normal/road_normal_less/000000027518_all__0.npy,Normal
Pistachio/VAD/vit-features/train/normal/road_normal_less/000000027518_all__1.npy,Normal
Pistachio/VAD/vit-features/train/normal/road_normal_less/000000027518_all__2.npy,Normal
Pistachio/VAD/vit-features/train/normal/road_normal_less/000000027518_all__3.npy,Normal
Pistachio/VAD/vit-features/train/normal/road_normal_less/000000027518_all__4.npy,Normal
Pistachio/VAD/vit-features/train/normal/road_normal_less/000000027518_all__5.npy,Normal
Pistachio/VAD/vit-features/train/normal/road_normal_less/000000027518_all__6.npy,Normal
Pistachio/VAD/vit-features/train/normal/road_normal_less/000000027518_all__7.npy,Normal
Pistachio/VAD/vit-features/train/normal/road_normal_less/000000027518_all__8.npy,Normal
Pistachio/VAD/vit-features/train/normal/road_normal_less/000000027518_all__9.npy,Normal
Pistachio/VAD/vit-features/train/normal/road_normal_less/000000027694_all__0.npy,Normal
Pistachio/VAD/vit-features/train/normal/road_normal_less/000000027694_all__1.npy,Normal
Pistachio/VAD/vit-features/train/normal/road_normal_less/000000027694_all__2.npy,Normal
Pistachio/VAD/vit-features/train/normal/road_normal_less/000000027694_all__3.npy,Normal
Pistachio/VAD/vit-features/train/normal/road_normal_less/000000027694_all__4.npy,Normal
Pistachio/VAD/vit-features/train/normal/road_normal_less/000000027694_all__5.npy,Normal
Pistachio/VAD/vit-features/train/normal/road_normal_less/000000027694_all__6.npy,Normal
Pistachio/VAD/vit-features/train/normal/road_normal_less/000000027694_all__7.npy,Normal
Pistachio/VAD/vit-features/train/normal/road_normal_less/000000027694_all__8.npy,Normal
Pistachio/VAD/vit-features/train/normal/road_normal_less/000000027694_all__9.npy,Normal
Pistachio/VAD/vit-features/train/normal/road_normal_less/000000028023_all__0.npy,Normal
Pistachio/VAD/vit-features/train/normal/road_normal_less/000000028023_all__1.npy,Normal
Pistachio/VAD/vit-features/train/normal/road_normal_less/000000028023_all__2.npy,Normal
Pistachio/VAD/vit-features/train/normal/road_normal_less/000000028023_all__3.npy,Normal
Pistachio/VAD/vit-features/train/normal/road_normal_less/000000028023_all__4.npy,Normal
Pistachio/VAD/vit-features/train/normal/road_normal_less/000000028023_all__5.npy,Normal
Pistachio/VAD/vit-features/train/normal/road_normal_less/000000028023_all__6.npy,Normal
Pistachio/VAD/vit-features/train/normal/road_normal_less/000000028023_all__7.npy,Normal
Pistachio/VAD/vit-features/train/normal/road_normal_less/000000028023_all__8.npy,Normal
Pistachio/VAD/vit-features/train/normal/road_normal_less/000000028023_all__9.npy,Normal
Pistachio/VAD/vit-features/train/normal/road_normal_less/000000028055_all__0.npy,Normal
Pistachio/VAD/vit-features/train/normal/road_normal_less/000000028055_all__1.npy,Normal
Pistachio/VAD/vit-features/train/normal/road_normal_less/000000028055_all__2.npy,Normal
Pistachio/VAD/vit-features/train/normal/road_normal_less/000000028055_all__3.npy,Normal
Pistachio/VAD/vit-features/train/normal/road_normal_less/000000028055_all__4.npy,Normal
Pistachio/VAD/vit-features/train/normal/road_normal_less/000000028055_all__5.npy,Normal
Pistachio/VAD/vit-features/train/normal/road_normal_less/000000028055_all__6.npy,Normal
Pistachio/VAD/vit-features/train/normal/road_normal_less/000000028055_all__7.npy,Normal
Pistachio/VAD/vit-features/train/normal/road_normal_less/000000028055_all__8.npy,Normal
Pistachio/VAD/vit-features/train/normal/road_normal_less/000000028055_all__9.npy,Normal
Pistachio/VAD/vit-features/train/normal/road_normal_less/000000028065_all__0.npy,Normal
Pistachio/VAD/vit-features/train/normal/road_normal_less/000000028065_all__1.npy,Normal
Pistachio/VAD/vit-features/train/normal/road_normal_less/000000028065_all__2.npy,Normal
Pistachio/VAD/vit-features/train/normal/road_normal_less/000000028065_all__3.npy,Normal
Pistachio/VAD/vit-features/train/normal/road_normal_less/000000028065_all__4.npy,Normal
Pistachio/VAD/vit-features/train/normal/road_normal_less/000000028065_all__5.npy,Normal
Pistachio/VAD/vit-features/train/normal/road_normal_less/000000028065_all__6.npy,Normal
Pistachio/VAD/vit-features/train/normal/road_normal_less/000000028065_all__7.npy,Normal
Pistachio/VAD/vit-features/train/normal/road_normal_less/000000028065_all__8.npy,Normal
Pistachio/VAD/vit-features/train/normal/road_normal_less/000000028065_all__9.npy,Normal
Pistachio/VAD/vit-features/train/normal/road_normal_less/000000028124_all__0.npy,Normal
Pistachio/VAD/vit-features/train/normal/road_normal_less/000000028124_all__1.npy,Normal
Pistachio/VAD/vit-features/train/normal/road_normal_less/000000028124_all__2.npy,Normal
Pistachio/VAD/vit-features/train/normal/road_normal_less/000000028124_all__3.npy,Normal
Pistachio/VAD/vit-features/train/normal/road_normal_less/000000028124_all__4.npy,Normal
Pistachio/VAD/vit-features/train/normal/road_normal_less/000000028124_all__5.npy,Normal
Pistachio/VAD/vit-features/train/normal/road_normal_less/000000028124_all__6.npy,Normal
Pistachio/VAD/vit-features/train/normal/road_normal_less/000000028124_all__7.npy,Normal
Pistachio/VAD/vit-features/train/normal/road_normal_less/000000028124_all__8.npy,Normal
Pistachio/VAD/vit-features/train/normal/road_normal_less/000000028124_all__9.npy,Normal
Pistachio/VAD/vit-features/train/normal/road_normal_less/000000028232_all__0.npy,Normal
Pistachio/VAD/vit-features/train/normal/road_normal_less/000000028232_all__1.npy,Normal
Pistachio/VAD/vit-features/train/normal/road_normal_less/000000028232_all__2.npy,Normal
Pistachio/VAD/vit-features/train/normal/road_normal_less/000000028232_all__3.npy,Normal
Pistachio/VAD/vit-features/train/normal/road_normal_less/000000028232_all__4.npy,Normal
Pistachio/VAD/vit-features/train/normal/road_normal_less/000000028232_all__5.npy,Normal
Pistachio/VAD/vit-features/train/normal/road_normal_less/000000028232_all__6.npy,Normal
Pistachio/VAD/vit-features/train/normal/road_normal_less/000000028232_all__7.npy,Normal
Pistachio/VAD/vit-features/train/normal/road_normal_less/000000028232_all__8.npy,Normal
Pistachio/VAD/vit-features/train/normal/road_normal_less/000000028232_all__9.npy,Normal
Pistachio/VAD/vit-features/train/normal/road_normal_less/000000028331_all__0.npy,Normal
Pistachio/VAD/vit-features/train/normal/road_normal_less/000000028331_all__1.npy,Normal
Pistachio/VAD/vit-features/train/normal/road_normal_less/000000028331_all__2.npy,Normal
Pistachio/VAD/vit-features/train/normal/road_normal_less/000000028331_all__3.npy,Normal
Pistachio/VAD/vit-features/train/normal/road_normal_less/000000028331_all__4.npy,Normal
Pistachio/VAD/vit-features/train/normal/road_normal_less/000000028331_all__5.npy,Normal
Pistachio/VAD/vit-features/train/normal/road_normal_less/000000028331_all__6.npy,Normal
Pistachio/VAD/vit-features/train/normal/road_normal_less/000000028331_all__7.npy,Normal
Pistachio/VAD/vit-features/train/normal/road_normal_less/000000028331_all__8.npy,Normal
Pistachio/VAD/vit-features/train/normal/road_normal_less/000000028331_all__9.npy,Normal
Pistachio/VAD/vit-features/train/normal/road_normal_less/000000028465_all__0.npy,Normal
Pistachio/VAD/vit-features/train/normal/road_normal_less/000000028465_all__1.npy,Normal
Pistachio/VAD/vit-features/train/normal/road_normal_less/000000028465_all__2.npy,Normal
Pistachio/VAD/vit-features/train/normal/road_normal_less/000000028465_all__3.npy,Normal
Pistachio/VAD/vit-features/train/normal/road_normal_less/000000028465_all__4.npy,Normal
Pistachio/VAD/vit-features/train/normal/road_normal_less/000000028465_all__5.npy,Normal
Pistachio/VAD/vit-features/train/normal/road_normal_less/000000028465_all__6.npy,Normal
Pistachio/VAD/vit-features/train/normal/road_normal_less/000000028465_all__7.npy,Normal
Pistachio/VAD/vit-features/train/normal/road_normal_less/000000028465_all__8.npy,Normal
Pistachio/VAD/vit-features/train/normal/road_normal_less/000000028465_all__9.npy,Normal
Pistachio/VAD/vit-features/train/normal/road_normal_less/000000028544_all__0.npy,Normal
Pistachio/VAD/vit-features/train/normal/road_normal_less/000000028544_all__1.npy,Normal
Pistachio/VAD/vit-features/train/normal/road_normal_less/000000028544_all__2.npy,Normal
Pistachio/VAD/vit-features/train/normal/road_normal_less/000000028544_all__3.npy,Normal
Pistachio/VAD/vit-features/train/normal/road_normal_less/000000028544_all__4.npy,Normal
Pistachio/VAD/vit-features/train/normal/road_normal_less/000000028544_all__5.npy,Normal
Pistachio/VAD/vit-features/train/normal/road_normal_less/000000028544_all__6.npy,Normal
Pistachio/VAD/vit-features/train/normal/road_normal_less/000000028544_all__7.npy,Normal
Pistachio/VAD/vit-features/train/normal/road_normal_less/000000028544_all__8.npy,Normal
Pistachio/VAD/vit-features/train/normal/road_normal_less/000000028544_all__9.npy,Normal
Pistachio/VAD/vit-features/train/normal/road_normal_less/000000028648_all__0.npy,Normal
Pistachio/VAD/vit-features/train/normal/road_normal_less/000000028648_all__1.npy,Normal
Pistachio/VAD/vit-features/train/normal/road_normal_less/000000028648_all__2.npy,Normal
Pistachio/VAD/vit-features/train/normal/road_normal_less/000000028648_all__3.npy,Normal
Pistachio/VAD/vit-features/train/normal/road_normal_less/000000028648_all__4.npy,Normal
Pistachio/VAD/vit-features/train/normal/road_normal_less/000000028648_all__5.npy,Normal
Pistachio/VAD/vit-features/train/normal/road_normal_less/000000028648_all__6.npy,Normal
Pistachio/VAD/vit-features/train/normal/road_normal_less/000000028648_all__7.npy,Normal
Pistachio/VAD/vit-features/train/normal/road_normal_less/000000028648_all__8.npy,Normal
Pistachio/VAD/vit-features/train/normal/road_normal_less/000000028648_all__9.npy,Normal
Pistachio/VAD/vit-features/train/normal/road_normal_less/000000028677_all__0.npy,Normal
Pistachio/VAD/vit-features/train/normal/road_normal_less/000000028677_all__1.npy,Normal
Pistachio/VAD/vit-features/train/normal/road_normal_less/000000028677_all__2.npy,Normal
Pistachio/VAD/vit-features/train/normal/road_normal_less/000000028677_all__3.npy,Normal
Pistachio/VAD/vit-features/train/normal/road_normal_less/000000028677_all__4.npy,Normal
Pistachio/VAD/vit-features/train/normal/road_normal_less/000000028677_all__5.npy,Normal
Pistachio/VAD/vit-features/train/normal/road_normal_less/000000028677_all__6.npy,Normal
Pistachio/VAD/vit-features/train/normal/road_normal_less/000000028677_all__7.npy,Normal
Pistachio/VAD/vit-features/train/normal/road_normal_less/000000028677_all__8.npy,Normal
Pistachio/VAD/vit-features/train/normal/road_normal_less/000000028677_all__9.npy,Normal
Pistachio/VAD/vit-features/train/normal/road_normal_less/000000028787_all__0.npy,Normal
Pistachio/VAD/vit-features/train/normal/road_normal_less/000000028787_all__1.npy,Normal
Pistachio/VAD/vit-features/train/normal/road_normal_less/000000028787_all__2.npy,Normal
Pistachio/VAD/vit-features/train/normal/road_normal_less/000000028787_all__3.npy,Normal
Pistachio/VAD/vit-features/train/normal/road_normal_less/000000028787_all__4.npy,Normal
Pistachio/VAD/vit-features/train/normal/road_normal_less/000000028787_all__5.npy,Normal
Pistachio/VAD/vit-features/train/normal/road_normal_less/000000028787_all__6.npy,Normal
Pistachio/VAD/vit-features/train/normal/road_normal_less/000000028787_all__7.npy,Normal
Pistachio/VAD/vit-features/train/normal/road_normal_less/000000028787_all__8.npy,Normal
Pistachio/VAD/vit-features/train/normal/road_normal_less/000000028787_all__9.npy,Normal
Pistachio/VAD/vit-features/train/normal/road_normal_less/000000028792_all__0.npy,Normal
Pistachio/VAD/vit-features/train/normal/road_normal_less/000000028792_all__1.npy,Normal
Pistachio/VAD/vit-features/train/normal/road_normal_less/000000028792_all__2.npy,Normal
Pistachio/VAD/vit-features/train/normal/road_normal_less/000000028792_all__3.npy,Normal
Pistachio/VAD/vit-features/train/normal/road_normal_less/000000028792_all__4.npy,Normal
Pistachio/VAD/vit-features/train/normal/road_normal_less/000000028792_all__5.npy,Normal
Pistachio/VAD/vit-features/train/normal/road_normal_less/000000028792_all__6.npy,Normal
Pistachio/VAD/vit-features/train/normal/road_normal_less/000000028792_all__7.npy,Normal
Pistachio/VAD/vit-features/train/normal/road_normal_less/000000028792_all__8.npy,Normal
Pistachio/VAD/vit-features/train/normal/road_normal_less/000000028792_all__9.npy,Normal
Pistachio/VAD/vit-features/train/normal/road_normal_less/000000028945_all__0.npy,Normal
Pistachio/VAD/vit-features/train/normal/road_normal_less/000000028945_all__1.npy,Normal
Pistachio/VAD/vit-features/train/normal/road_normal_less/000000028945_all__2.npy,Normal
Pistachio/VAD/vit-features/train/normal/road_normal_less/000000028945_all__3.npy,Normal
Pistachio/VAD/vit-features/train/normal/road_normal_less/000000028945_all__4.npy,Normal
Pistachio/VAD/vit-features/train/normal/road_normal_less/000000028945_all__5.npy,Normal
Pistachio/VAD/vit-features/train/normal/road_normal_less/000000028945_all__6.npy,Normal
Pistachio/VAD/vit-features/train/normal/road_normal_less/000000028945_all__7.npy,Normal
Pistachio/VAD/vit-features/train/normal/road_normal_less/000000028945_all__8.npy,Normal
Pistachio/VAD/vit-features/train/normal/road_normal_less/000000028945_all__9.npy,Normal
Pistachio/VAD/vit-features/train/normal/road_normal_less/000000029052_all__0.npy,Normal
Pistachio/VAD/vit-features/train/normal/road_normal_less/000000029052_all__1.npy,Normal
Pistachio/VAD/vit-features/train/normal/road_normal_less/000000029052_all__2.npy,Normal
Pistachio/VAD/vit-features/train/normal/road_normal_less/000000029052_all__3.npy,Normal
Pistachio/VAD/vit-features/train/normal/road_normal_less/000000029052_all__4.npy,Normal
Pistachio/VAD/vit-features/train/normal/road_normal_less/000000029052_all__5.npy,Normal
Pistachio/VAD/vit-features/train/normal/road_normal_less/000000029052_all__6.npy,Normal
Pistachio/VAD/vit-features/train/normal/road_normal_less/000000029052_all__7.npy,Normal
Pistachio/VAD/vit-features/train/normal/road_normal_less/000000029052_all__8.npy,Normal
Pistachio/VAD/vit-features/train/normal/road_normal_less/000000029052_all__9.npy,Normal
Pistachio/VAD/vit-features/train/normal/road_normal_less/000000029242_all__0.npy,Normal
Pistachio/VAD/vit-features/train/normal/road_normal_less/000000029242_all__1.npy,Normal
Pistachio/VAD/vit-features/train/normal/road_normal_less/000000029242_all__2.npy,Normal
Pistachio/VAD/vit-features/train/normal/road_normal_less/000000029242_all__3.npy,Normal
Pistachio/VAD/vit-features/train/normal/road_normal_less/000000029242_all__4.npy,Normal
Pistachio/VAD/vit-features/train/normal/road_normal_less/000000029242_all__5.npy,Normal
Pistachio/VAD/vit-features/train/normal/road_normal_less/000000029242_all__6.npy,Normal
Pistachio/VAD/vit-features/train/normal/road_normal_less/000000029242_all__7.npy,Normal
Pistachio/VAD/vit-features/train/normal/road_normal_less/000000029242_all__8.npy,Normal
Pistachio/VAD/vit-features/train/normal/road_normal_less/000000029242_all__9.npy,Normal
Pistachio/VAD/vit-features/train/normal/road_normal_less/000000029243_all__0.npy,Normal
Pistachio/VAD/vit-features/train/normal/road_normal_less/000000029243_all__1.npy,Normal
Pistachio/VAD/vit-features/train/normal/road_normal_less/000000029243_all__2.npy,Normal
Pistachio/VAD/vit-features/train/normal/road_normal_less/000000029243_all__3.npy,Normal
Pistachio/VAD/vit-features/train/normal/road_normal_less/000000029243_all__4.npy,Normal
Pistachio/VAD/vit-features/train/normal/road_normal_less/000000029243_all__5.npy,Normal
Pistachio/VAD/vit-features/train/normal/road_normal_less/000000029243_all__6.npy,Normal
Pistachio/VAD/vit-features/train/normal/road_normal_less/000000029243_all__7.npy,Normal
Pistachio/VAD/vit-features/train/normal/road_normal_less/000000029243_all__8.npy,Normal
Pistachio/VAD/vit-features/train/normal/road_normal_less/000000029243_all__9.npy,Normal
Pistachio/VAD/vit-features/train/normal/road_normal_less/000000029660_all__0.npy,Normal
Pistachio/VAD/vit-features/train/normal/road_normal_less/000000029660_all__1.npy,Normal
Pistachio/VAD/vit-features/train/normal/road_normal_less/000000029660_all__2.npy,Normal
Pistachio/VAD/vit-features/train/normal/road_normal_less/000000029660_all__3.npy,Normal
Pistachio/VAD/vit-features/train/normal/road_normal_less/000000029660_all__4.npy,Normal
Pistachio/VAD/vit-features/train/normal/road_normal_less/000000029660_all__5.npy,Normal
Pistachio/VAD/vit-features/train/normal/road_normal_less/000000029660_all__6.npy,Normal
Pistachio/VAD/vit-features/train/normal/road_normal_less/000000029660_all__7.npy,Normal
Pistachio/VAD/vit-features/train/normal/road_normal_less/000000029660_all__8.npy,Normal
Pistachio/VAD/vit-features/train/normal/road_normal_less/000000029660_all__9.npy,Normal
Pistachio/VAD/vit-features/train/normal/road_normal_less/000000029720_all__0.npy,Normal
Pistachio/VAD/vit-features/train/normal/road_normal_less/000000029720_all__1.npy,Normal
Pistachio/VAD/vit-features/train/normal/road_normal_less/000000029720_all__2.npy,Normal
Pistachio/VAD/vit-features/train/normal/road_normal_less/000000029720_all__3.npy,Normal
Pistachio/VAD/vit-features/train/normal/road_normal_less/000000029720_all__4.npy,Normal
Pistachio/VAD/vit-features/train/normal/road_normal_less/000000029720_all__5.npy,Normal
Pistachio/VAD/vit-features/train/normal/road_normal_less/000000029720_all__6.npy,Normal
Pistachio/VAD/vit-features/train/normal/road_normal_less/000000029720_all__7.npy,Normal
Pistachio/VAD/vit-features/train/normal/road_normal_less/000000029720_all__8.npy,Normal
Pistachio/VAD/vit-features/train/normal/road_normal_less/000000029720_all__9.npy,Normal
Pistachio/VAD/vit-features/train/normal/road_normal_less/000000029743_all__0.npy,Normal
Pistachio/VAD/vit-features/train/normal/road_normal_less/000000029743_all__1.npy,Normal
Pistachio/VAD/vit-features/train/normal/road_normal_less/000000029743_all__2.npy,Normal
Pistachio/VAD/vit-features/train/normal/road_normal_less/000000029743_all__3.npy,Normal
Pistachio/VAD/vit-features/train/normal/road_normal_less/000000029743_all__4.npy,Normal
Pistachio/VAD/vit-features/train/normal/road_normal_less/000000029743_all__5.npy,Normal
Pistachio/VAD/vit-features/train/normal/road_normal_less/000000029743_all__6.npy,Normal
Pistachio/VAD/vit-features/train/normal/road_normal_less/000000029743_all__7.npy,Normal
Pistachio/VAD/vit-features/train/normal/road_normal_less/000000029743_all__8.npy,Normal
Pistachio/VAD/vit-features/train/normal/road_normal_less/000000029743_all__9.npy,Normal
Pistachio/VAD/vit-features/train/normal/road_normal_less/000000031399_all__0.npy,Normal
Pistachio/VAD/vit-features/train/normal/road_normal_less/000000031399_all__1.npy,Normal
Pistachio/VAD/vit-features/train/normal/road_normal_less/000000031399_all__2.npy,Normal
Pistachio/VAD/vit-features/train/normal/road_normal_less/000000031399_all__3.npy,Normal
Pistachio/VAD/vit-features/train/normal/road_normal_less/000000031399_all__4.npy,Normal
Pistachio/VAD/vit-features/train/normal/road_normal_less/000000031399_all__5.npy,Normal
Pistachio/VAD/vit-features/train/normal/road_normal_less/000000031399_all__6.npy,Normal
Pistachio/VAD/vit-features/train/normal/road_normal_less/000000031399_all__7.npy,Normal
Pistachio/VAD/vit-features/train/normal/road_normal_less/000000031399_all__8.npy,Normal
Pistachio/VAD/vit-features/train/normal/road_normal_less/000000031399_all__9.npy,Normal
Pistachio/VAD/vit-features/train/normal/road_normal_less/000000031724_all__0.npy,Normal
Pistachio/VAD/vit-features/train/normal/road_normal_less/000000031724_all__1.npy,Normal
Pistachio/VAD/vit-features/train/normal/road_normal_less/000000031724_all__2.npy,Normal
Pistachio/VAD/vit-features/train/normal/road_normal_less/000000031724_all__3.npy,Normal
Pistachio/VAD/vit-features/train/normal/road_normal_less/000000031724_all__4.npy,Normal
Pistachio/VAD/vit-features/train/normal/road_normal_less/000000031724_all__5.npy,Normal
Pistachio/VAD/vit-features/train/normal/road_normal_less/000000031724_all__6.npy,Normal
Pistachio/VAD/vit-features/train/normal/road_normal_less/000000031724_all__7.npy,Normal
Pistachio/VAD/vit-features/train/normal/road_normal_less/000000031724_all__8.npy,Normal
Pistachio/VAD/vit-features/train/normal/road_normal_less/000000031724_all__9.npy,Normal
Pistachio/VAD/vit-features/train/normal/road_normal_less/000000031768_all__0.npy,Normal
Pistachio/VAD/vit-features/train/normal/road_normal_less/000000031768_all__1.npy,Normal
Pistachio/VAD/vit-features/train/normal/road_normal_less/000000031768_all__2.npy,Normal
Pistachio/VAD/vit-features/train/normal/road_normal_less/000000031768_all__3.npy,Normal
Pistachio/VAD/vit-features/train/normal/road_normal_less/000000031768_all__4.npy,Normal
Pistachio/VAD/vit-features/train/normal/road_normal_less/000000031768_all__5.npy,Normal
Pistachio/VAD/vit-features/train/normal/road_normal_less/000000031768_all__6.npy,Normal
Pistachio/VAD/vit-features/train/normal/road_normal_less/000000031768_all__7.npy,Normal
Pistachio/VAD/vit-features/train/normal/road_normal_less/000000031768_all__8.npy,Normal
Pistachio/VAD/vit-features/train/normal/road_normal_less/000000031768_all__9.npy,Normal
Pistachio/VAD/vit-features/train/normal/road_normal_less/000000031856_all__0.npy,Normal
Pistachio/VAD/vit-features/train/normal/road_normal_less/000000031856_all__1.npy,Normal
Pistachio/VAD/vit-features/train/normal/road_normal_less/000000031856_all__2.npy,Normal
Pistachio/VAD/vit-features/train/normal/road_normal_less/000000031856_all__3.npy,Normal
Pistachio/VAD/vit-features/train/normal/road_normal_less/000000031856_all__4.npy,Normal
Pistachio/VAD/vit-features/train/normal/road_normal_less/000000031856_all__5.npy,Normal
Pistachio/VAD/vit-features/train/normal/road_normal_less/000000031856_all__6.npy,Normal
Pistachio/VAD/vit-features/train/normal/road_normal_less/000000031856_all__7.npy,Normal
Pistachio/VAD/vit-features/train/normal/road_normal_less/000000031856_all__8.npy,Normal
Pistachio/VAD/vit-features/train/normal/road_normal_less/000000031856_all__9.npy,Normal
Pistachio/VAD/vit-features/train/normal/road_normal_less/000000032034_all__0.npy,Normal
Pistachio/VAD/vit-features/train/normal/road_normal_less/000000032034_all__1.npy,Normal
Pistachio/VAD/vit-features/train/normal/road_normal_less/000000032034_all__2.npy,Normal
Pistachio/VAD/vit-features/train/normal/road_normal_less/000000032034_all__3.npy,Normal
Pistachio/VAD/vit-features/train/normal/road_normal_less/000000032034_all__4.npy,Normal
Pistachio/VAD/vit-features/train/normal/road_normal_less/000000032034_all__5.npy,Normal
Pistachio/VAD/vit-features/train/normal/road_normal_less/000000032034_all__6.npy,Normal
Pistachio/VAD/vit-features/train/normal/road_normal_less/000000032034_all__7.npy,Normal
Pistachio/VAD/vit-features/train/normal/road_normal_less/000000032034_all__8.npy,Normal
Pistachio/VAD/vit-features/train/normal/road_normal_less/000000032034_all__9.npy,Normal
Pistachio/VAD/vit-features/train/normal/road_normal_less/000000032127_all__0.npy,Normal
Pistachio/VAD/vit-features/train/normal/road_normal_less/000000032127_all__1.npy,Normal
Pistachio/VAD/vit-features/train/normal/road_normal_less/000000032127_all__2.npy,Normal
Pistachio/VAD/vit-features/train/normal/road_normal_less/000000032127_all__3.npy,Normal
Pistachio/VAD/vit-features/train/normal/road_normal_less/000000032127_all__4.npy,Normal
Pistachio/VAD/vit-features/train/normal/road_normal_less/000000032127_all__5.npy,Normal
Pistachio/VAD/vit-features/train/normal/road_normal_less/000000032127_all__6.npy,Normal
Pistachio/VAD/vit-features/train/normal/road_normal_less/000000032127_all__7.npy,Normal
Pistachio/VAD/vit-features/train/normal/road_normal_less/000000032127_all__8.npy,Normal
Pistachio/VAD/vit-features/train/normal/road_normal_less/000000032127_all__9.npy,Normal
Pistachio/VAD/vit-features/train/normal/road_normal_less/000000032184_all__0.npy,Normal
Pistachio/VAD/vit-features/train/normal/road_normal_less/000000032184_all__1.npy,Normal
Pistachio/VAD/vit-features/train/normal/road_normal_less/000000032184_all__2.npy,Normal
Pistachio/VAD/vit-features/train/normal/road_normal_less/000000032184_all__3.npy,Normal
Pistachio/VAD/vit-features/train/normal/road_normal_less/000000032184_all__4.npy,Normal
Pistachio/VAD/vit-features/train/normal/road_normal_less/000000032184_all__5.npy,Normal
Pistachio/VAD/vit-features/train/normal/road_normal_less/000000032184_all__6.npy,Normal
Pistachio/VAD/vit-features/train/normal/road_normal_less/000000032184_all__7.npy,Normal
Pistachio/VAD/vit-features/train/normal/road_normal_less/000000032184_all__8.npy,Normal
Pistachio/VAD/vit-features/train/normal/road_normal_less/000000032184_all__9.npy,Normal
Pistachio/VAD/vit-features/train/normal/road_normal_less/000000032210_all__0.npy,Normal
Pistachio/VAD/vit-features/train/normal/road_normal_less/000000032210_all__1.npy,Normal
Pistachio/VAD/vit-features/train/normal/road_normal_less/000000032210_all__2.npy,Normal
Pistachio/VAD/vit-features/train/normal/road_normal_less/000000032210_all__3.npy,Normal
Pistachio/VAD/vit-features/train/normal/road_normal_less/000000032210_all__4.npy,Normal
Pistachio/VAD/vit-features/train/normal/road_normal_less/000000032210_all__5.npy,Normal
Pistachio/VAD/vit-features/train/normal/road_normal_less/000000032210_all__6.npy,Normal
Pistachio/VAD/vit-features/train/normal/road_normal_less/000000032210_all__7.npy,Normal
Pistachio/VAD/vit-features/train/normal/road_normal_less/000000032210_all__8.npy,Normal
Pistachio/VAD/vit-features/train/normal/road_normal_less/000000032210_all__9.npy,Normal
Pistachio/VAD/vit-features/train/normal/road_normal_less/000000032340_all__0.npy,Normal
Pistachio/VAD/vit-features/train/normal/road_normal_less/000000032340_all__1.npy,Normal
Pistachio/VAD/vit-features/train/normal/road_normal_less/000000032340_all__2.npy,Normal
Pistachio/VAD/vit-features/train/normal/road_normal_less/000000032340_all__3.npy,Normal
Pistachio/VAD/vit-features/train/normal/road_normal_less/000000032340_all__4.npy,Normal
Pistachio/VAD/vit-features/train/normal/road_normal_less/000000032340_all__5.npy,Normal
Pistachio/VAD/vit-features/train/normal/road_normal_less/000000032340_all__6.npy,Normal
Pistachio/VAD/vit-features/train/normal/road_normal_less/000000032340_all__7.npy,Normal
Pistachio/VAD/vit-features/train/normal/road_normal_less/000000032340_all__8.npy,Normal
Pistachio/VAD/vit-features/train/normal/road_normal_less/000000032340_all__9.npy,Normal
Pistachio/VAD/vit-features/train/normal/road_normal_less/000000032573_all__0.npy,Normal
Pistachio/VAD/vit-features/train/normal/road_normal_less/000000032573_all__1.npy,Normal
Pistachio/VAD/vit-features/train/normal/road_normal_less/000000032573_all__2.npy,Normal
Pistachio/VAD/vit-features/train/normal/road_normal_less/000000032573_all__3.npy,Normal
Pistachio/VAD/vit-features/train/normal/road_normal_less/000000032573_all__4.npy,Normal
Pistachio/VAD/vit-features/train/normal/road_normal_less/000000032573_all__5.npy,Normal
Pistachio/VAD/vit-features/train/normal/road_normal_less/000000032573_all__6.npy,Normal
Pistachio/VAD/vit-features/train/normal/road_normal_less/000000032573_all__7.npy,Normal
Pistachio/VAD/vit-features/train/normal/road_normal_less/000000032573_all__8.npy,Normal
Pistachio/VAD/vit-features/train/normal/road_normal_less/000000032573_all__9.npy,Normal
Pistachio/VAD/vit-features/train/normal/road_normal_less/000000032596_all__0.npy,Normal
Pistachio/VAD/vit-features/train/normal/road_normal_less/000000032596_all__1.npy,Normal
Pistachio/VAD/vit-features/train/normal/road_normal_less/000000032596_all__2.npy,Normal
Pistachio/VAD/vit-features/train/normal/road_normal_less/000000032596_all__3.npy,Normal
Pistachio/VAD/vit-features/train/normal/road_normal_less/000000032596_all__4.npy,Normal
Pistachio/VAD/vit-features/train/normal/road_normal_less/000000032596_all__5.npy,Normal
Pistachio/VAD/vit-features/train/normal/road_normal_less/000000032596_all__6.npy,Normal
Pistachio/VAD/vit-features/train/normal/road_normal_less/000000032596_all__7.npy,Normal
Pistachio/VAD/vit-features/train/normal/road_normal_less/000000032596_all__8.npy,Normal
Pistachio/VAD/vit-features/train/normal/road_normal_less/000000032596_all__9.npy,Normal
Pistachio/VAD/vit-features/train/normal/road_normal_less/000000032690_all__0.npy,Normal
Pistachio/VAD/vit-features/train/normal/road_normal_less/000000032690_all__1.npy,Normal
Pistachio/VAD/vit-features/train/normal/road_normal_less/000000032690_all__2.npy,Normal
Pistachio/VAD/vit-features/train/normal/road_normal_less/000000032690_all__3.npy,Normal
Pistachio/VAD/vit-features/train/normal/road_normal_less/000000032690_all__4.npy,Normal
Pistachio/VAD/vit-features/train/normal/road_normal_less/000000032690_all__5.npy,Normal
Pistachio/VAD/vit-features/train/normal/road_normal_less/000000032690_all__6.npy,Normal
Pistachio/VAD/vit-features/train/normal/road_normal_less/000000032690_all__7.npy,Normal
Pistachio/VAD/vit-features/train/normal/road_normal_less/000000032690_all__8.npy,Normal
Pistachio/VAD/vit-features/train/normal/road_normal_less/000000032690_all__9.npy,Normal
Pistachio/VAD/vit-features/train/normal/road_normal_less/000000032725_all__0.npy,Normal
Pistachio/VAD/vit-features/train/normal/road_normal_less/000000032725_all__1.npy,Normal
Pistachio/VAD/vit-features/train/normal/road_normal_less/000000032725_all__2.npy,Normal
Pistachio/VAD/vit-features/train/normal/road_normal_less/000000032725_all__3.npy,Normal
Pistachio/VAD/vit-features/train/normal/road_normal_less/000000032725_all__4.npy,Normal
Pistachio/VAD/vit-features/train/normal/road_normal_less/000000032725_all__5.npy,Normal
Pistachio/VAD/vit-features/train/normal/road_normal_less/000000032725_all__6.npy,Normal
Pistachio/VAD/vit-features/train/normal/road_normal_less/000000032725_all__7.npy,Normal
Pistachio/VAD/vit-features/train/normal/road_normal_less/000000032725_all__8.npy,Normal
Pistachio/VAD/vit-features/train/normal/road_normal_less/000000032725_all__9.npy,Normal
Pistachio/VAD/vit-features/train/normal/road_normal_less/000000032891_all__0.npy,Normal
Pistachio/VAD/vit-features/train/normal/road_normal_less/000000032891_all__1.npy,Normal
Pistachio/VAD/vit-features/train/normal/road_normal_less/000000032891_all__2.npy,Normal
Pistachio/VAD/vit-features/train/normal/road_normal_less/000000032891_all__3.npy,Normal
Pistachio/VAD/vit-features/train/normal/road_normal_less/000000032891_all__4.npy,Normal
Pistachio/VAD/vit-features/train/normal/road_normal_less/000000032891_all__5.npy,Normal
Pistachio/VAD/vit-features/train/normal/road_normal_less/000000032891_all__6.npy,Normal
Pistachio/VAD/vit-features/train/normal/road_normal_less/000000032891_all__7.npy,Normal
Pistachio/VAD/vit-features/train/normal/road_normal_less/000000032891_all__8.npy,Normal
Pistachio/VAD/vit-features/train/normal/road_normal_less/000000032891_all__9.npy,Normal
Pistachio/VAD/vit-features/train/normal/road_normal_less/000000032950_all__0.npy,Normal
Pistachio/VAD/vit-features/train/normal/road_normal_less/000000032950_all__1.npy,Normal
Pistachio/VAD/vit-features/train/normal/road_normal_less/000000032950_all__2.npy,Normal
Pistachio/VAD/vit-features/train/normal/road_normal_less/000000032950_all__3.npy,Normal
Pistachio/VAD/vit-features/train/normal/road_normal_less/000000032950_all__4.npy,Normal
Pistachio/VAD/vit-features/train/normal/road_normal_less/000000032950_all__5.npy,Normal
Pistachio/VAD/vit-features/train/normal/road_normal_less/000000032950_all__6.npy,Normal
Pistachio/VAD/vit-features/train/normal/road_normal_less/000000032950_all__7.npy,Normal
Pistachio/VAD/vit-features/train/normal/road_normal_less/000000032950_all__8.npy,Normal
Pistachio/VAD/vit-features/train/normal/road_normal_less/000000032950_all__9.npy,Normal
Pistachio/VAD/vit-features/train/normal/road_normal_less/000000033043_all__0.npy,Normal
Pistachio/VAD/vit-features/train/normal/road_normal_less/000000033043_all__1.npy,Normal
Pistachio/VAD/vit-features/train/normal/road_normal_less/000000033043_all__2.npy,Normal
Pistachio/VAD/vit-features/train/normal/road_normal_less/000000033043_all__3.npy,Normal
Pistachio/VAD/vit-features/train/normal/road_normal_less/000000033043_all__4.npy,Normal
Pistachio/VAD/vit-features/train/normal/road_normal_less/000000033043_all__5.npy,Normal
Pistachio/VAD/vit-features/train/normal/road_normal_less/000000033043_all__6.npy,Normal
Pistachio/VAD/vit-features/train/normal/road_normal_less/000000033043_all__7.npy,Normal
Pistachio/VAD/vit-features/train/normal/road_normal_less/000000033043_all__8.npy,Normal
Pistachio/VAD/vit-features/train/normal/road_normal_less/000000033043_all__9.npy,Normal
Pistachio/VAD/vit-features/train/normal/road_normal_less/000000033237_all__0.npy,Normal
Pistachio/VAD/vit-features/train/normal/road_normal_less/000000033237_all__1.npy,Normal
Pistachio/VAD/vit-features/train/normal/road_normal_less/000000033237_all__2.npy,Normal
Pistachio/VAD/vit-features/train/normal/road_normal_less/000000033237_all__3.npy,Normal
Pistachio/VAD/vit-features/train/normal/road_normal_less/000000033237_all__4.npy,Normal
Pistachio/VAD/vit-features/train/normal/road_normal_less/000000033237_all__5.npy,Normal
Pistachio/VAD/vit-features/train/normal/road_normal_less/000000033237_all__6.npy,Normal
Pistachio/VAD/vit-features/train/normal/road_normal_less/000000033237_all__7.npy,Normal
Pistachio/VAD/vit-features/train/normal/road_normal_less/000000033237_all__8.npy,Normal
Pistachio/VAD/vit-features/train/normal/road_normal_less/000000033237_all__9.npy,Normal
Pistachio/VAD/vit-features/train/normal/road_normal_less/000000033252_all__0.npy,Normal
Pistachio/VAD/vit-features/train/normal/road_normal_less/000000033252_all__1.npy,Normal
Pistachio/VAD/vit-features/train/normal/road_normal_less/000000033252_all__2.npy,Normal
Pistachio/VAD/vit-features/train/normal/road_normal_less/000000033252_all__3.npy,Normal
Pistachio/VAD/vit-features/train/normal/road_normal_less/000000033252_all__4.npy,Normal
Pistachio/VAD/vit-features/train/normal/road_normal_less/000000033252_all__5.npy,Normal
Pistachio/VAD/vit-features/train/normal/road_normal_less/000000033252_all__6.npy,Normal
Pistachio/VAD/vit-features/train/normal/road_normal_less/000000033252_all__7.npy,Normal
Pistachio/VAD/vit-features/train/normal/road_normal_less/000000033252_all__8.npy,Normal
Pistachio/VAD/vit-features/train/normal/road_normal_less/000000033252_all__9.npy,Normal
Pistachio/VAD/vit-features/train/normal/road_normal_less/000000033328_all__0.npy,Normal
Pistachio/VAD/vit-features/train/normal/road_normal_less/000000033328_all__1.npy,Normal
Pistachio/VAD/vit-features/train/normal/road_normal_less/000000033328_all__2.npy,Normal
Pistachio/VAD/vit-features/train/normal/road_normal_less/000000033328_all__3.npy,Normal
Pistachio/VAD/vit-features/train/normal/road_normal_less/000000033328_all__4.npy,Normal
Pistachio/VAD/vit-features/train/normal/road_normal_less/000000033328_all__5.npy,Normal
Pistachio/VAD/vit-features/train/normal/road_normal_less/000000033328_all__6.npy,Normal
Pistachio/VAD/vit-features/train/normal/road_normal_less/000000033328_all__7.npy,Normal
Pistachio/VAD/vit-features/train/normal/road_normal_less/000000033328_all__8.npy,Normal
Pistachio/VAD/vit-features/train/normal/road_normal_less/000000033328_all__9.npy,Normal
Pistachio/VAD/vit-features/train/normal/road_normal_less/000000033389_all__0.npy,Normal
Pistachio/VAD/vit-features/train/normal/road_normal_less/000000033389_all__1.npy,Normal
Pistachio/VAD/vit-features/train/normal/road_normal_less/000000033389_all__2.npy,Normal
Pistachio/VAD/vit-features/train/normal/road_normal_less/000000033389_all__3.npy,Normal
Pistachio/VAD/vit-features/train/normal/road_normal_less/000000033389_all__4.npy,Normal
Pistachio/VAD/vit-features/train/normal/road_normal_less/000000033389_all__5.npy,Normal
Pistachio/VAD/vit-features/train/normal/road_normal_less/000000033389_all__6.npy,Normal
Pistachio/VAD/vit-features/train/normal/road_normal_less/000000033389_all__7.npy,Normal
Pistachio/VAD/vit-features/train/normal/road_normal_less/000000033389_all__8.npy,Normal
Pistachio/VAD/vit-features/train/normal/road_normal_less/000000033389_all__9.npy,Normal
Pistachio/VAD/vit-features/train/normal/road_normal_less/000000033520_all__0.npy,Normal
Pistachio/VAD/vit-features/train/normal/road_normal_less/000000033520_all__1.npy,Normal
Pistachio/VAD/vit-features/train/normal/road_normal_less/000000033520_all__2.npy,Normal
Pistachio/VAD/vit-features/train/normal/road_normal_less/000000033520_all__3.npy,Normal
Pistachio/VAD/vit-features/train/normal/road_normal_less/000000033520_all__4.npy,Normal
Pistachio/VAD/vit-features/train/normal/road_normal_less/000000033520_all__5.npy,Normal
Pistachio/VAD/vit-features/train/normal/road_normal_less/000000033520_all__6.npy,Normal
Pistachio/VAD/vit-features/train/normal/road_normal_less/000000033520_all__7.npy,Normal
Pistachio/VAD/vit-features/train/normal/road_normal_less/000000033520_all__8.npy,Normal
Pistachio/VAD/vit-features/train/normal/road_normal_less/000000033520_all__9.npy,Normal
Pistachio/VAD/vit-features/train/normal/road_normal_less/000000033662_all__0.npy,Normal
Pistachio/VAD/vit-features/train/normal/road_normal_less/000000033662_all__1.npy,Normal
Pistachio/VAD/vit-features/train/normal/road_normal_less/000000033662_all__2.npy,Normal
Pistachio/VAD/vit-features/train/normal/road_normal_less/000000033662_all__3.npy,Normal
Pistachio/VAD/vit-features/train/normal/road_normal_less/000000033662_all__4.npy,Normal
Pistachio/VAD/vit-features/train/normal/road_normal_less/000000033662_all__5.npy,Normal
Pistachio/VAD/vit-features/train/normal/road_normal_less/000000033662_all__6.npy,Normal
Pistachio/VAD/vit-features/train/normal/road_normal_less/000000033662_all__7.npy,Normal
Pistachio/VAD/vit-features/train/normal/road_normal_less/000000033662_all__8.npy,Normal
Pistachio/VAD/vit-features/train/normal/road_normal_less/000000033662_all__9.npy,Normal
Pistachio/VAD/vit-features/train/normal/road_normal_less/000000033724_all__0.npy,Normal
Pistachio/VAD/vit-features/train/normal/road_normal_less/000000033724_all__1.npy,Normal
Pistachio/VAD/vit-features/train/normal/road_normal_less/000000033724_all__2.npy,Normal
Pistachio/VAD/vit-features/train/normal/road_normal_less/000000033724_all__3.npy,Normal
Pistachio/VAD/vit-features/train/normal/road_normal_less/000000033724_all__4.npy,Normal
Pistachio/VAD/vit-features/train/normal/road_normal_less/000000033724_all__5.npy,Normal
Pistachio/VAD/vit-features/train/normal/road_normal_less/000000033724_all__6.npy,Normal
Pistachio/VAD/vit-features/train/normal/road_normal_less/000000033724_all__7.npy,Normal
Pistachio/VAD/vit-features/train/normal/road_normal_less/000000033724_all__8.npy,Normal
Pistachio/VAD/vit-features/train/normal/road_normal_less/000000033724_all__9.npy,Normal
Pistachio/VAD/vit-features/train/normal/road_normal_less/000000033825_all__0.npy,Normal
Pistachio/VAD/vit-features/train/normal/road_normal_less/000000033825_all__1.npy,Normal
Pistachio/VAD/vit-features/train/normal/road_normal_less/000000033825_all__2.npy,Normal
Pistachio/VAD/vit-features/train/normal/road_normal_less/000000033825_all__3.npy,Normal
Pistachio/VAD/vit-features/train/normal/road_normal_less/000000033825_all__4.npy,Normal
Pistachio/VAD/vit-features/train/normal/road_normal_less/000000033825_all__5.npy,Normal
Pistachio/VAD/vit-features/train/normal/road_normal_less/000000033825_all__6.npy,Normal
Pistachio/VAD/vit-features/train/normal/road_normal_less/000000033825_all__7.npy,Normal
Pistachio/VAD/vit-features/train/normal/road_normal_less/000000033825_all__8.npy,Normal
Pistachio/VAD/vit-features/train/normal/road_normal_less/000000033825_all__9.npy,Normal
Pistachio/VAD/vit-features/train/normal/road_normal_less/000000033884_all__0.npy,Normal
Pistachio/VAD/vit-features/train/normal/road_normal_less/000000033884_all__1.npy,Normal
Pistachio/VAD/vit-features/train/normal/road_normal_less/000000033884_all__2.npy,Normal
Pistachio/VAD/vit-features/train/normal/road_normal_less/000000033884_all__3.npy,Normal
Pistachio/VAD/vit-features/train/normal/road_normal_less/000000033884_all__4.npy,Normal
Pistachio/VAD/vit-features/train/normal/road_normal_less/000000033884_all__5.npy,Normal
Pistachio/VAD/vit-features/train/normal/road_normal_less/000000033884_all__6.npy,Normal
Pistachio/VAD/vit-features/train/normal/road_normal_less/000000033884_all__7.npy,Normal
Pistachio/VAD/vit-features/train/normal/road_normal_less/000000033884_all__8.npy,Normal
Pistachio/VAD/vit-features/train/normal/road_normal_less/000000033884_all__9.npy,Normal
Pistachio/VAD/vit-features/train/normal/road_normal_less/000000033951_all__0.npy,Normal
Pistachio/VAD/vit-features/train/normal/road_normal_less/000000033951_all__1.npy,Normal
Pistachio/VAD/vit-features/train/normal/road_normal_less/000000033951_all__2.npy,Normal
Pistachio/VAD/vit-features/train/normal/road_normal_less/000000033951_all__3.npy,Normal
Pistachio/VAD/vit-features/train/normal/road_normal_less/000000033951_all__4.npy,Normal
Pistachio/VAD/vit-features/train/normal/road_normal_less/000000033951_all__5.npy,Normal
Pistachio/VAD/vit-features/train/normal/road_normal_less/000000033951_all__6.npy,Normal
Pistachio/VAD/vit-features/train/normal/road_normal_less/000000033951_all__7.npy,Normal
Pistachio/VAD/vit-features/train/normal/road_normal_less/000000033951_all__8.npy,Normal
Pistachio/VAD/vit-features/train/normal/road_normal_less/000000033951_all__9.npy,Normal
Pistachio/VAD/vit-features/train/normal/road_normal_less/000000033961_all__0.npy,Normal
Pistachio/VAD/vit-features/train/normal/road_normal_less/000000033961_all__1.npy,Normal
Pistachio/VAD/vit-features/train/normal/road_normal_less/000000033961_all__2.npy,Normal
Pistachio/VAD/vit-features/train/normal/road_normal_less/000000033961_all__3.npy,Normal
Pistachio/VAD/vit-features/train/normal/road_normal_less/000000033961_all__4.npy,Normal
Pistachio/VAD/vit-features/train/normal/road_normal_less/000000033961_all__5.npy,Normal
Pistachio/VAD/vit-features/train/normal/road_normal_less/000000033961_all__6.npy,Normal
Pistachio/VAD/vit-features/train/normal/road_normal_less/000000033961_all__7.npy,Normal
Pistachio/VAD/vit-features/train/normal/road_normal_less/000000033961_all__8.npy,Normal
Pistachio/VAD/vit-features/train/normal/road_normal_less/000000033961_all__9.npy,Normal
Pistachio/VAD/vit-features/train/normal/road_normal_less/000000033973_all__0.npy,Normal
Pistachio/VAD/vit-features/train/normal/road_normal_less/000000033973_all__1.npy,Normal
Pistachio/VAD/vit-features/train/normal/road_normal_less/000000033973_all__2.npy,Normal
Pistachio/VAD/vit-features/train/normal/road_normal_less/000000033973_all__3.npy,Normal
Pistachio/VAD/vit-features/train/normal/road_normal_less/000000033973_all__4.npy,Normal
Pistachio/VAD/vit-features/train/normal/road_normal_less/000000033973_all__5.npy,Normal
Pistachio/VAD/vit-features/train/normal/road_normal_less/000000033973_all__6.npy,Normal
Pistachio/VAD/vit-features/train/normal/road_normal_less/000000033973_all__7.npy,Normal
Pistachio/VAD/vit-features/train/normal/road_normal_less/000000033973_all__8.npy,Normal
Pistachio/VAD/vit-features/train/normal/road_normal_less/000000033973_all__9.npy,Normal
Pistachio/VAD/vit-features/train/normal/road_normal_less/000000034332_all__0.npy,Normal
Pistachio/VAD/vit-features/train/normal/road_normal_less/000000034332_all__1.npy,Normal
Pistachio/VAD/vit-features/train/normal/road_normal_less/000000034332_all__2.npy,Normal
Pistachio/VAD/vit-features/train/normal/road_normal_less/000000034332_all__3.npy,Normal
Pistachio/VAD/vit-features/train/normal/road_normal_less/000000034332_all__4.npy,Normal
Pistachio/VAD/vit-features/train/normal/road_normal_less/000000034332_all__5.npy,Normal
Pistachio/VAD/vit-features/train/normal/road_normal_less/000000034332_all__6.npy,Normal
Pistachio/VAD/vit-features/train/normal/road_normal_less/000000034332_all__7.npy,Normal
Pistachio/VAD/vit-features/train/normal/road_normal_less/000000034332_all__8.npy,Normal
Pistachio/VAD/vit-features/train/normal/road_normal_less/000000034332_all__9.npy,Normal
Pistachio/VAD/vit-features/train/normal/road_normal_less/000000034334_all__0.npy,Normal
Pistachio/VAD/vit-features/train/normal/road_normal_less/000000034334_all__1.npy,Normal
Pistachio/VAD/vit-features/train/normal/road_normal_less/000000034334_all__2.npy,Normal
Pistachio/VAD/vit-features/train/normal/road_normal_less/000000034334_all__3.npy,Normal
Pistachio/VAD/vit-features/train/normal/road_normal_less/000000034334_all__4.npy,Normal
Pistachio/VAD/vit-features/train/normal/road_normal_less/000000034334_all__5.npy,Normal
Pistachio/VAD/vit-features/train/normal/road_normal_less/000000034334_all__6.npy,Normal
Pistachio/VAD/vit-features/train/normal/road_normal_less/000000034334_all__7.npy,Normal
Pistachio/VAD/vit-features/train/normal/road_normal_less/000000034334_all__8.npy,Normal
Pistachio/VAD/vit-features/train/normal/road_normal_less/000000034334_all__9.npy,Normal
Pistachio/VAD/vit-features/train/normal/road_normal_less/000000034666_all__0.npy,Normal
Pistachio/VAD/vit-features/train/normal/road_normal_less/000000034666_all__1.npy,Normal
Pistachio/VAD/vit-features/train/normal/road_normal_less/000000034666_all__2.npy,Normal
Pistachio/VAD/vit-features/train/normal/road_normal_less/000000034666_all__3.npy,Normal
Pistachio/VAD/vit-features/train/normal/road_normal_less/000000034666_all__4.npy,Normal
Pistachio/VAD/vit-features/train/normal/road_normal_less/000000034666_all__5.npy,Normal
Pistachio/VAD/vit-features/train/normal/road_normal_less/000000034666_all__6.npy,Normal
Pistachio/VAD/vit-features/train/normal/road_normal_less/000000034666_all__7.npy,Normal
Pistachio/VAD/vit-features/train/normal/road_normal_less/000000034666_all__8.npy,Normal
Pistachio/VAD/vit-features/train/normal/road_normal_less/000000034666_all__9.npy,Normal
Pistachio/VAD/vit-features/train/normal/road_normal_less/000000034725_all__0.npy,Normal
Pistachio/VAD/vit-features/train/normal/road_normal_less/000000034725_all__1.npy,Normal
Pistachio/VAD/vit-features/train/normal/road_normal_less/000000034725_all__2.npy,Normal
Pistachio/VAD/vit-features/train/normal/road_normal_less/000000034725_all__3.npy,Normal
Pistachio/VAD/vit-features/train/normal/road_normal_less/000000034725_all__4.npy,Normal
Pistachio/VAD/vit-features/train/normal/road_normal_less/000000034725_all__5.npy,Normal
Pistachio/VAD/vit-features/train/normal/road_normal_less/000000034725_all__6.npy,Normal
Pistachio/VAD/vit-features/train/normal/road_normal_less/000000034725_all__7.npy,Normal
Pistachio/VAD/vit-features/train/normal/road_normal_less/000000034725_all__8.npy,Normal
Pistachio/VAD/vit-features/train/normal/road_normal_less/000000034725_all__9.npy,Normal
Pistachio/VAD/vit-features/train/normal/road_normal_less/000000034728_all__0.npy,Normal
Pistachio/VAD/vit-features/train/normal/road_normal_less/000000034728_all__1.npy,Normal
Pistachio/VAD/vit-features/train/normal/road_normal_less/000000034728_all__2.npy,Normal
Pistachio/VAD/vit-features/train/normal/road_normal_less/000000034728_all__3.npy,Normal
Pistachio/VAD/vit-features/train/normal/road_normal_less/000000034728_all__4.npy,Normal
Pistachio/VAD/vit-features/train/normal/road_normal_less/000000034728_all__5.npy,Normal
Pistachio/VAD/vit-features/train/normal/road_normal_less/000000034728_all__6.npy,Normal
Pistachio/VAD/vit-features/train/normal/road_normal_less/000000034728_all__7.npy,Normal
Pistachio/VAD/vit-features/train/normal/road_normal_less/000000034728_all__8.npy,Normal
Pistachio/VAD/vit-features/train/normal/road_normal_less/000000034728_all__9.npy,Normal
Pistachio/VAD/vit-features/train/normal/road_normal_less/000000034809_all__0.npy,Normal
Pistachio/VAD/vit-features/train/normal/road_normal_less/000000034809_all__1.npy,Normal
Pistachio/VAD/vit-features/train/normal/road_normal_less/000000034809_all__2.npy,Normal
Pistachio/VAD/vit-features/train/normal/road_normal_less/000000034809_all__3.npy,Normal
Pistachio/VAD/vit-features/train/normal/road_normal_less/000000034809_all__4.npy,Normal
Pistachio/VAD/vit-features/train/normal/road_normal_less/000000034809_all__5.npy,Normal
Pistachio/VAD/vit-features/train/normal/road_normal_less/000000034809_all__6.npy,Normal
Pistachio/VAD/vit-features/train/normal/road_normal_less/000000034809_all__7.npy,Normal
Pistachio/VAD/vit-features/train/normal/road_normal_less/000000034809_all__8.npy,Normal
Pistachio/VAD/vit-features/train/normal/road_normal_less/000000034809_all__9.npy,Normal
Pistachio/VAD/vit-features/train/normal/road_normal_less/000000035175_all__0.npy,Normal
Pistachio/VAD/vit-features/train/normal/road_normal_less/000000035175_all__1.npy,Normal
Pistachio/VAD/vit-features/train/normal/road_normal_less/000000035175_all__2.npy,Normal
Pistachio/VAD/vit-features/train/normal/road_normal_less/000000035175_all__3.npy,Normal
Pistachio/VAD/vit-features/train/normal/road_normal_less/000000035175_all__4.npy,Normal
Pistachio/VAD/vit-features/train/normal/road_normal_less/000000035175_all__5.npy,Normal
Pistachio/VAD/vit-features/train/normal/road_normal_less/000000035175_all__6.npy,Normal
Pistachio/VAD/vit-features/train/normal/road_normal_less/000000035175_all__7.npy,Normal
Pistachio/VAD/vit-features/train/normal/road_normal_less/000000035175_all__8.npy,Normal
Pistachio/VAD/vit-features/train/normal/road_normal_less/000000035175_all__9.npy,Normal
Pistachio/VAD/vit-features/train/normal/road_normal_less/000000035332_all__0.npy,Normal
Pistachio/VAD/vit-features/train/normal/road_normal_less/000000035332_all__1.npy,Normal
Pistachio/VAD/vit-features/train/normal/road_normal_less/000000035332_all__2.npy,Normal
Pistachio/VAD/vit-features/train/normal/road_normal_less/000000035332_all__3.npy,Normal
Pistachio/VAD/vit-features/train/normal/road_normal_less/000000035332_all__4.npy,Normal
Pistachio/VAD/vit-features/train/normal/road_normal_less/000000035332_all__5.npy,Normal
Pistachio/VAD/vit-features/train/normal/road_normal_less/000000035332_all__6.npy,Normal
Pistachio/VAD/vit-features/train/normal/road_normal_less/000000035332_all__7.npy,Normal
Pistachio/VAD/vit-features/train/normal/road_normal_less/000000035332_all__8.npy,Normal
Pistachio/VAD/vit-features/train/normal/road_normal_less/000000035332_all__9.npy,Normal
Pistachio/VAD/vit-features/train/normal/road_normal_less/000000035350_all__0.npy,Normal
Pistachio/VAD/vit-features/train/normal/road_normal_less/000000035350_all__1.npy,Normal
Pistachio/VAD/vit-features/train/normal/road_normal_less/000000035350_all__2.npy,Normal
Pistachio/VAD/vit-features/train/normal/road_normal_less/000000035350_all__3.npy,Normal
Pistachio/VAD/vit-features/train/normal/road_normal_less/000000035350_all__4.npy,Normal
Pistachio/VAD/vit-features/train/normal/road_normal_less/000000035350_all__5.npy,Normal
Pistachio/VAD/vit-features/train/normal/road_normal_less/000000035350_all__6.npy,Normal
Pistachio/VAD/vit-features/train/normal/road_normal_less/000000035350_all__7.npy,Normal
Pistachio/VAD/vit-features/train/normal/road_normal_less/000000035350_all__8.npy,Normal
Pistachio/VAD/vit-features/train/normal/road_normal_less/000000035350_all__9.npy,Normal
Pistachio/VAD/vit-features/train/normal/road_normal_less/000000035359_all__0.npy,Normal
Pistachio/VAD/vit-features/train/normal/road_normal_less/000000035359_all__1.npy,Normal
Pistachio/VAD/vit-features/train/normal/road_normal_less/000000035359_all__2.npy,Normal
Pistachio/VAD/vit-features/train/normal/road_normal_less/000000035359_all__3.npy,Normal
Pistachio/VAD/vit-features/train/normal/road_normal_less/000000035359_all__4.npy,Normal
Pistachio/VAD/vit-features/train/normal/road_normal_less/000000035359_all__5.npy,Normal
Pistachio/VAD/vit-features/train/normal/road_normal_less/000000035359_all__6.npy,Normal
Pistachio/VAD/vit-features/train/normal/road_normal_less/000000035359_all__7.npy,Normal
Pistachio/VAD/vit-features/train/normal/road_normal_less/000000035359_all__8.npy,Normal
Pistachio/VAD/vit-features/train/normal/road_normal_less/000000035359_all__9.npy,Normal
Pistachio/VAD/vit-features/train/normal/road_normal_less/000000035387_all__0.npy,Normal
Pistachio/VAD/vit-features/train/normal/road_normal_less/000000035387_all__1.npy,Normal
Pistachio/VAD/vit-features/train/normal/road_normal_less/000000035387_all__2.npy,Normal
Pistachio/VAD/vit-features/train/normal/road_normal_less/000000035387_all__3.npy,Normal
Pistachio/VAD/vit-features/train/normal/road_normal_less/000000035387_all__4.npy,Normal
Pistachio/VAD/vit-features/train/normal/road_normal_less/000000035387_all__5.npy,Normal
Pistachio/VAD/vit-features/train/normal/road_normal_less/000000035387_all__6.npy,Normal
Pistachio/VAD/vit-features/train/normal/road_normal_less/000000035387_all__7.npy,Normal
Pistachio/VAD/vit-features/train/normal/road_normal_less/000000035387_all__8.npy,Normal
Pistachio/VAD/vit-features/train/normal/road_normal_less/000000035387_all__9.npy,Normal
Pistachio/VAD/vit-features/train/normal/road_normal_less/000000035531_all__0.npy,Normal
Pistachio/VAD/vit-features/train/normal/road_normal_less/000000035531_all__1.npy,Normal
Pistachio/VAD/vit-features/train/normal/road_normal_less/000000035531_all__2.npy,Normal
Pistachio/VAD/vit-features/train/normal/road_normal_less/000000035531_all__3.npy,Normal
Pistachio/VAD/vit-features/train/normal/road_normal_less/000000035531_all__4.npy,Normal
Pistachio/VAD/vit-features/train/normal/road_normal_less/000000035531_all__5.npy,Normal
Pistachio/VAD/vit-features/train/normal/road_normal_less/000000035531_all__6.npy,Normal
Pistachio/VAD/vit-features/train/normal/road_normal_less/000000035531_all__7.npy,Normal
Pistachio/VAD/vit-features/train/normal/road_normal_less/000000035531_all__8.npy,Normal
Pistachio/VAD/vit-features/train/normal/road_normal_less/000000035531_all__9.npy,Normal
Pistachio/VAD/vit-features/train/normal/road_normal_less/000000035600_all__0.npy,Normal
Pistachio/VAD/vit-features/train/normal/road_normal_less/000000035600_all__1.npy,Normal
Pistachio/VAD/vit-features/train/normal/road_normal_less/000000035600_all__2.npy,Normal
Pistachio/VAD/vit-features/train/normal/road_normal_less/000000035600_all__3.npy,Normal
Pistachio/VAD/vit-features/train/normal/road_normal_less/000000035600_all__4.npy,Normal
Pistachio/VAD/vit-features/train/normal/road_normal_less/000000035600_all__5.npy,Normal
Pistachio/VAD/vit-features/train/normal/road_normal_less/000000035600_all__6.npy,Normal
Pistachio/VAD/vit-features/train/normal/road_normal_less/000000035600_all__7.npy,Normal
Pistachio/VAD/vit-features/train/normal/road_normal_less/000000035600_all__8.npy,Normal
Pistachio/VAD/vit-features/train/normal/road_normal_less/000000035600_all__9.npy,Normal
Pistachio/VAD/vit-features/train/normal/road_normal_less/000000035641_all__0.npy,Normal
Pistachio/VAD/vit-features/train/normal/road_normal_less/000000035641_all__1.npy,Normal
Pistachio/VAD/vit-features/train/normal/road_normal_less/000000035641_all__2.npy,Normal
Pistachio/VAD/vit-features/train/normal/road_normal_less/000000035641_all__3.npy,Normal
Pistachio/VAD/vit-features/train/normal/road_normal_less/000000035641_all__4.npy,Normal
Pistachio/VAD/vit-features/train/normal/road_normal_less/000000035641_all__5.npy,Normal
Pistachio/VAD/vit-features/train/normal/road_normal_less/000000035641_all__6.npy,Normal
Pistachio/VAD/vit-features/train/normal/road_normal_less/000000035641_all__7.npy,Normal
Pistachio/VAD/vit-features/train/normal/road_normal_less/000000035641_all__8.npy,Normal
Pistachio/VAD/vit-features/train/normal/road_normal_less/000000035641_all__9.npy,Normal
Pistachio/VAD/vit-features/train/normal/road_normal_less/000000035824_all__0.npy,Normal
Pistachio/VAD/vit-features/train/normal/road_normal_less/000000035824_all__1.npy,Normal
Pistachio/VAD/vit-features/train/normal/road_normal_less/000000035824_all__2.npy,Normal
Pistachio/VAD/vit-features/train/normal/road_normal_less/000000035824_all__3.npy,Normal
Pistachio/VAD/vit-features/train/normal/road_normal_less/000000035824_all__4.npy,Normal
Pistachio/VAD/vit-features/train/normal/road_normal_less/000000035824_all__5.npy,Normal
Pistachio/VAD/vit-features/train/normal/road_normal_less/000000035824_all__6.npy,Normal
Pistachio/VAD/vit-features/train/normal/road_normal_less/000000035824_all__7.npy,Normal
Pistachio/VAD/vit-features/train/normal/road_normal_less/000000035824_all__8.npy,Normal
Pistachio/VAD/vit-features/train/normal/road_normal_less/000000035824_all__9.npy,Normal
Pistachio/VAD/vit-features/train/normal/road_normal_less/000000035830_all__0.npy,Normal
Pistachio/VAD/vit-features/train/normal/road_normal_less/000000035830_all__1.npy,Normal
Pistachio/VAD/vit-features/train/normal/road_normal_less/000000035830_all__2.npy,Normal
Pistachio/VAD/vit-features/train/normal/road_normal_less/000000035830_all__3.npy,Normal
Pistachio/VAD/vit-features/train/normal/road_normal_less/000000035830_all__4.npy,Normal
Pistachio/VAD/vit-features/train/normal/road_normal_less/000000035830_all__5.npy,Normal
Pistachio/VAD/vit-features/train/normal/road_normal_less/000000035830_all__6.npy,Normal
Pistachio/VAD/vit-features/train/normal/road_normal_less/000000035830_all__7.npy,Normal
Pistachio/VAD/vit-features/train/normal/road_normal_less/000000035830_all__8.npy,Normal
Pistachio/VAD/vit-features/train/normal/road_normal_less/000000035830_all__9.npy,Normal
Pistachio/VAD/vit-features/train/normal/road_normal_less/000000035838_all__0.npy,Normal
Pistachio/VAD/vit-features/train/normal/road_normal_less/000000035838_all__1.npy,Normal
Pistachio/VAD/vit-features/train/normal/road_normal_less/000000035838_all__2.npy,Normal
Pistachio/VAD/vit-features/train/normal/road_normal_less/000000035838_all__3.npy,Normal
Pistachio/VAD/vit-features/train/normal/road_normal_less/000000035838_all__4.npy,Normal
Pistachio/VAD/vit-features/train/normal/road_normal_less/000000035838_all__5.npy,Normal
Pistachio/VAD/vit-features/train/normal/road_normal_less/000000035838_all__6.npy,Normal
Pistachio/VAD/vit-features/train/normal/road_normal_less/000000035838_all__7.npy,Normal
Pistachio/VAD/vit-features/train/normal/road_normal_less/000000035838_all__8.npy,Normal
Pistachio/VAD/vit-features/train/normal/road_normal_less/000000035838_all__9.npy,Normal
Pistachio/VAD/vit-features/train/normal/road_normal_less/000000036044_all__0.npy,Normal
Pistachio/VAD/vit-features/train/normal/road_normal_less/000000036044_all__1.npy,Normal
Pistachio/VAD/vit-features/train/normal/road_normal_less/000000036044_all__2.npy,Normal
Pistachio/VAD/vit-features/train/normal/road_normal_less/000000036044_all__3.npy,Normal
Pistachio/VAD/vit-features/train/normal/road_normal_less/000000036044_all__4.npy,Normal
Pistachio/VAD/vit-features/train/normal/road_normal_less/000000036044_all__5.npy,Normal
Pistachio/VAD/vit-features/train/normal/road_normal_less/000000036044_all__6.npy,Normal
Pistachio/VAD/vit-features/train/normal/road_normal_less/000000036044_all__7.npy,Normal
Pistachio/VAD/vit-features/train/normal/road_normal_less/000000036044_all__8.npy,Normal
Pistachio/VAD/vit-features/train/normal/road_normal_less/000000036044_all__9.npy,Normal
Pistachio/VAD/vit-features/train/normal/road_normal_less/000000036246_all__0.npy,Normal
Pistachio/VAD/vit-features/train/normal/road_normal_less/000000036246_all__1.npy,Normal
Pistachio/VAD/vit-features/train/normal/road_normal_less/000000036246_all__2.npy,Normal
Pistachio/VAD/vit-features/train/normal/road_normal_less/000000036246_all__3.npy,Normal
Pistachio/VAD/vit-features/train/normal/road_normal_less/000000036246_all__4.npy,Normal
Pistachio/VAD/vit-features/train/normal/road_normal_less/000000036246_all__5.npy,Normal
Pistachio/VAD/vit-features/train/normal/road_normal_less/000000036246_all__6.npy,Normal
Pistachio/VAD/vit-features/train/normal/road_normal_less/000000036246_all__7.npy,Normal
Pistachio/VAD/vit-features/train/normal/road_normal_less/000000036246_all__8.npy,Normal
Pistachio/VAD/vit-features/train/normal/road_normal_less/000000036246_all__9.npy,Normal
Pistachio/VAD/vit-features/train/normal/road_normal_less/000000036249_all__0.npy,Normal
Pistachio/VAD/vit-features/train/normal/road_normal_less/000000036249_all__1.npy,Normal
Pistachio/VAD/vit-features/train/normal/road_normal_less/000000036249_all__2.npy,Normal
Pistachio/VAD/vit-features/train/normal/road_normal_less/000000036249_all__3.npy,Normal
Pistachio/VAD/vit-features/train/normal/road_normal_less/000000036249_all__4.npy,Normal
Pistachio/VAD/vit-features/train/normal/road_normal_less/000000036249_all__5.npy,Normal
Pistachio/VAD/vit-features/train/normal/road_normal_less/000000036249_all__6.npy,Normal
Pistachio/VAD/vit-features/train/normal/road_normal_less/000000036249_all__7.npy,Normal
Pistachio/VAD/vit-features/train/normal/road_normal_less/000000036249_all__8.npy,Normal
Pistachio/VAD/vit-features/train/normal/road_normal_less/000000036249_all__9.npy,Normal
Pistachio/VAD/vit-features/train/normal/road_normal_less/000000036274_all__0.npy,Normal
Pistachio/VAD/vit-features/train/normal/road_normal_less/000000036274_all__1.npy,Normal
Pistachio/VAD/vit-features/train/normal/road_normal_less/000000036274_all__2.npy,Normal
Pistachio/VAD/vit-features/train/normal/road_normal_less/000000036274_all__3.npy,Normal
Pistachio/VAD/vit-features/train/normal/road_normal_less/000000036274_all__4.npy,Normal
Pistachio/VAD/vit-features/train/normal/road_normal_less/000000036274_all__5.npy,Normal
Pistachio/VAD/vit-features/train/normal/road_normal_less/000000036274_all__6.npy,Normal
Pistachio/VAD/vit-features/train/normal/road_normal_less/000000036274_all__7.npy,Normal
Pistachio/VAD/vit-features/train/normal/road_normal_less/000000036274_all__8.npy,Normal
Pistachio/VAD/vit-features/train/normal/road_normal_less/000000036274_all__9.npy,Normal
Pistachio/VAD/vit-features/train/normal/road_normal_less/000000036283_all__0.npy,Normal
Pistachio/VAD/vit-features/train/normal/road_normal_less/000000036283_all__1.npy,Normal
Pistachio/VAD/vit-features/train/normal/road_normal_less/000000036283_all__2.npy,Normal
Pistachio/VAD/vit-features/train/normal/road_normal_less/000000036283_all__3.npy,Normal
Pistachio/VAD/vit-features/train/normal/road_normal_less/000000036283_all__4.npy,Normal
Pistachio/VAD/vit-features/train/normal/road_normal_less/000000036283_all__5.npy,Normal
Pistachio/VAD/vit-features/train/normal/road_normal_less/000000036283_all__6.npy,Normal
Pistachio/VAD/vit-features/train/normal/road_normal_less/000000036283_all__7.npy,Normal
Pistachio/VAD/vit-features/train/normal/road_normal_less/000000036283_all__8.npy,Normal
Pistachio/VAD/vit-features/train/normal/road_normal_less/000000036283_all__9.npy,Normal
Pistachio/VAD/vit-features/train/normal/road_normal_less/000000036319_all__0.npy,Normal
Pistachio/VAD/vit-features/train/normal/road_normal_less/000000036319_all__1.npy,Normal
Pistachio/VAD/vit-features/train/normal/road_normal_less/000000036319_all__2.npy,Normal
Pistachio/VAD/vit-features/train/normal/road_normal_less/000000036319_all__3.npy,Normal
Pistachio/VAD/vit-features/train/normal/road_normal_less/000000036319_all__4.npy,Normal
Pistachio/VAD/vit-features/train/normal/road_normal_less/000000036319_all__5.npy,Normal
Pistachio/VAD/vit-features/train/normal/road_normal_less/000000036319_all__6.npy,Normal
Pistachio/VAD/vit-features/train/normal/road_normal_less/000000036319_all__7.npy,Normal
Pistachio/VAD/vit-features/train/normal/road_normal_less/000000036319_all__8.npy,Normal
Pistachio/VAD/vit-features/train/normal/road_normal_less/000000036319_all__9.npy,Normal
Pistachio/VAD/vit-features/train/normal/road_normal_less/000000036375_all__0.npy,Normal
Pistachio/VAD/vit-features/train/normal/road_normal_less/000000036375_all__1.npy,Normal
Pistachio/VAD/vit-features/train/normal/road_normal_less/000000036375_all__2.npy,Normal
Pistachio/VAD/vit-features/train/normal/road_normal_less/000000036375_all__3.npy,Normal
Pistachio/VAD/vit-features/train/normal/road_normal_less/000000036375_all__4.npy,Normal
Pistachio/VAD/vit-features/train/normal/road_normal_less/000000036375_all__5.npy,Normal
Pistachio/VAD/vit-features/train/normal/road_normal_less/000000036375_all__6.npy,Normal
Pistachio/VAD/vit-features/train/normal/road_normal_less/000000036375_all__7.npy,Normal
Pistachio/VAD/vit-features/train/normal/road_normal_less/000000036375_all__8.npy,Normal
Pistachio/VAD/vit-features/train/normal/road_normal_less/000000036375_all__9.npy,Normal
Pistachio/VAD/vit-features/train/normal/road_normal_less/000000036387_all__0.npy,Normal
Pistachio/VAD/vit-features/train/normal/road_normal_less/000000036387_all__1.npy,Normal
Pistachio/VAD/vit-features/train/normal/road_normal_less/000000036387_all__2.npy,Normal
Pistachio/VAD/vit-features/train/normal/road_normal_less/000000036387_all__3.npy,Normal
Pistachio/VAD/vit-features/train/normal/road_normal_less/000000036387_all__4.npy,Normal
Pistachio/VAD/vit-features/train/normal/road_normal_less/000000036387_all__5.npy,Normal
Pistachio/VAD/vit-features/train/normal/road_normal_less/000000036387_all__6.npy,Normal
Pistachio/VAD/vit-features/train/normal/road_normal_less/000000036387_all__7.npy,Normal
Pistachio/VAD/vit-features/train/normal/road_normal_less/000000036387_all__8.npy,Normal
Pistachio/VAD/vit-features/train/normal/road_normal_less/000000036387_all__9.npy,Normal
Pistachio/VAD/vit-features/train/normal/road_normal_less/000000036442_all__0.npy,Normal
Pistachio/VAD/vit-features/train/normal/road_normal_less/000000036442_all__1.npy,Normal
Pistachio/VAD/vit-features/train/normal/road_normal_less/000000036442_all__2.npy,Normal
Pistachio/VAD/vit-features/train/normal/road_normal_less/000000036442_all__3.npy,Normal
Pistachio/VAD/vit-features/train/normal/road_normal_less/000000036442_all__4.npy,Normal
Pistachio/VAD/vit-features/train/normal/road_normal_less/000000036442_all__5.npy,Normal
Pistachio/VAD/vit-features/train/normal/road_normal_less/000000036442_all__6.npy,Normal
Pistachio/VAD/vit-features/train/normal/road_normal_less/000000036442_all__7.npy,Normal
Pistachio/VAD/vit-features/train/normal/road_normal_less/000000036442_all__8.npy,Normal
Pistachio/VAD/vit-features/train/normal/road_normal_less/000000036442_all__9.npy,Normal
Pistachio/VAD/vit-features/train/normal/road_normal_less/000000036446_all__0.npy,Normal
Pistachio/VAD/vit-features/train/normal/road_normal_less/000000036446_all__1.npy,Normal
Pistachio/VAD/vit-features/train/normal/road_normal_less/000000036446_all__2.npy,Normal
Pistachio/VAD/vit-features/train/normal/road_normal_less/000000036446_all__3.npy,Normal
Pistachio/VAD/vit-features/train/normal/road_normal_less/000000036446_all__4.npy,Normal
Pistachio/VAD/vit-features/train/normal/road_normal_less/000000036446_all__5.npy,Normal
Pistachio/VAD/vit-features/train/normal/road_normal_less/000000036446_all__6.npy,Normal
Pistachio/VAD/vit-features/train/normal/road_normal_less/000000036446_all__7.npy,Normal
Pistachio/VAD/vit-features/train/normal/road_normal_less/000000036446_all__8.npy,Normal
Pistachio/VAD/vit-features/train/normal/road_normal_less/000000036446_all__9.npy,Normal
Pistachio/VAD/vit-features/train/normal/road_normal_less/000000036534_all__0.npy,Normal
Pistachio/VAD/vit-features/train/normal/road_normal_less/000000036534_all__1.npy,Normal
Pistachio/VAD/vit-features/train/normal/road_normal_less/000000036534_all__2.npy,Normal
Pistachio/VAD/vit-features/train/normal/road_normal_less/000000036534_all__3.npy,Normal
Pistachio/VAD/vit-features/train/normal/road_normal_less/000000036534_all__4.npy,Normal
Pistachio/VAD/vit-features/train/normal/road_normal_less/000000036534_all__5.npy,Normal
Pistachio/VAD/vit-features/train/normal/road_normal_less/000000036534_all__6.npy,Normal
Pistachio/VAD/vit-features/train/normal/road_normal_less/000000036534_all__7.npy,Normal
Pistachio/VAD/vit-features/train/normal/road_normal_less/000000036534_all__8.npy,Normal
Pistachio/VAD/vit-features/train/normal/road_normal_less/000000036534_all__9.npy,Normal
Pistachio/VAD/vit-features/train/normal/road_normal_less/000000036538_all__0.npy,Normal
Pistachio/VAD/vit-features/train/normal/road_normal_less/000000036538_all__1.npy,Normal
Pistachio/VAD/vit-features/train/normal/road_normal_less/000000036538_all__2.npy,Normal
Pistachio/VAD/vit-features/train/normal/road_normal_less/000000036538_all__3.npy,Normal
Pistachio/VAD/vit-features/train/normal/road_normal_less/000000036538_all__4.npy,Normal
Pistachio/VAD/vit-features/train/normal/road_normal_less/000000036538_all__5.npy,Normal
Pistachio/VAD/vit-features/train/normal/road_normal_less/000000036538_all__6.npy,Normal
Pistachio/VAD/vit-features/train/normal/road_normal_less/000000036538_all__7.npy,Normal
Pistachio/VAD/vit-features/train/normal/road_normal_less/000000036538_all__8.npy,Normal
Pistachio/VAD/vit-features/train/normal/road_normal_less/000000036538_all__9.npy,Normal
Pistachio/VAD/vit-features/train/normal/road_normal_less/000000036581_all__0.npy,Normal
Pistachio/VAD/vit-features/train/normal/road_normal_less/000000036581_all__1.npy,Normal
Pistachio/VAD/vit-features/train/normal/road_normal_less/000000036581_all__2.npy,Normal
Pistachio/VAD/vit-features/train/normal/road_normal_less/000000036581_all__3.npy,Normal
Pistachio/VAD/vit-features/train/normal/road_normal_less/000000036581_all__4.npy,Normal
Pistachio/VAD/vit-features/train/normal/road_normal_less/000000036581_all__5.npy,Normal
Pistachio/VAD/vit-features/train/normal/road_normal_less/000000036581_all__6.npy,Normal
Pistachio/VAD/vit-features/train/normal/road_normal_less/000000036581_all__7.npy,Normal
Pistachio/VAD/vit-features/train/normal/road_normal_less/000000036581_all__8.npy,Normal
Pistachio/VAD/vit-features/train/normal/road_normal_less/000000036581_all__9.npy,Normal
Pistachio/VAD/vit-features/train/normal/road_normal_less/000000036637_all__0.npy,Normal
Pistachio/VAD/vit-features/train/normal/road_normal_less/000000036637_all__1.npy,Normal
Pistachio/VAD/vit-features/train/normal/road_normal_less/000000036637_all__2.npy,Normal
Pistachio/VAD/vit-features/train/normal/road_normal_less/000000036637_all__3.npy,Normal
Pistachio/VAD/vit-features/train/normal/road_normal_less/000000036637_all__4.npy,Normal
Pistachio/VAD/vit-features/train/normal/road_normal_less/000000036637_all__5.npy,Normal
Pistachio/VAD/vit-features/train/normal/road_normal_less/000000036637_all__6.npy,Normal
Pistachio/VAD/vit-features/train/normal/road_normal_less/000000036637_all__7.npy,Normal
Pistachio/VAD/vit-features/train/normal/road_normal_less/000000036637_all__8.npy,Normal
Pistachio/VAD/vit-features/train/normal/road_normal_less/000000036637_all__9.npy,Normal
Pistachio/VAD/vit-features/train/normal/road_normal_less/000000036642_all__0.npy,Normal
Pistachio/VAD/vit-features/train/normal/road_normal_less/000000036642_all__1.npy,Normal
Pistachio/VAD/vit-features/train/normal/road_normal_less/000000036642_all__2.npy,Normal
Pistachio/VAD/vit-features/train/normal/road_normal_less/000000036642_all__3.npy,Normal
Pistachio/VAD/vit-features/train/normal/road_normal_less/000000036642_all__4.npy,Normal
Pistachio/VAD/vit-features/train/normal/road_normal_less/000000036642_all__5.npy,Normal
Pistachio/VAD/vit-features/train/normal/road_normal_less/000000036642_all__6.npy,Normal
Pistachio/VAD/vit-features/train/normal/road_normal_less/000000036642_all__7.npy,Normal
Pistachio/VAD/vit-features/train/normal/road_normal_less/000000036642_all__8.npy,Normal
Pistachio/VAD/vit-features/train/normal/road_normal_less/000000036642_all__9.npy,Normal
Pistachio/VAD/vit-features/train/normal/road_normal_less/000000036700_all__0.npy,Normal
Pistachio/VAD/vit-features/train/normal/road_normal_less/000000036700_all__1.npy,Normal
Pistachio/VAD/vit-features/train/normal/road_normal_less/000000036700_all__2.npy,Normal
Pistachio/VAD/vit-features/train/normal/road_normal_less/000000036700_all__3.npy,Normal
Pistachio/VAD/vit-features/train/normal/road_normal_less/000000036700_all__4.npy,Normal
Pistachio/VAD/vit-features/train/normal/road_normal_less/000000036700_all__5.npy,Normal
Pistachio/VAD/vit-features/train/normal/road_normal_less/000000036700_all__6.npy,Normal
Pistachio/VAD/vit-features/train/normal/road_normal_less/000000036700_all__7.npy,Normal
Pistachio/VAD/vit-features/train/normal/road_normal_less/000000036700_all__8.npy,Normal
Pistachio/VAD/vit-features/train/normal/road_normal_less/000000036700_all__9.npy,Normal
Pistachio/VAD/vit-features/train/normal/road_normal_less/000000036931_all__0.npy,Normal
Pistachio/VAD/vit-features/train/normal/road_normal_less/000000036931_all__1.npy,Normal
Pistachio/VAD/vit-features/train/normal/road_normal_less/000000036931_all__2.npy,Normal
Pistachio/VAD/vit-features/train/normal/road_normal_less/000000036931_all__3.npy,Normal
Pistachio/VAD/vit-features/train/normal/road_normal_less/000000036931_all__4.npy,Normal
Pistachio/VAD/vit-features/train/normal/road_normal_less/000000036931_all__5.npy,Normal
Pistachio/VAD/vit-features/train/normal/road_normal_less/000000036931_all__6.npy,Normal
Pistachio/VAD/vit-features/train/normal/road_normal_less/000000036931_all__7.npy,Normal
Pistachio/VAD/vit-features/train/normal/road_normal_less/000000036931_all__8.npy,Normal
Pistachio/VAD/vit-features/train/normal/road_normal_less/000000036931_all__9.npy,Normal
Pistachio/VAD/vit-features/train/normal/road_normal_less/000000036986_all__0.npy,Normal
Pistachio/VAD/vit-features/train/normal/road_normal_less/000000036986_all__1.npy,Normal
Pistachio/VAD/vit-features/train/normal/road_normal_less/000000036986_all__2.npy,Normal
Pistachio/VAD/vit-features/train/normal/road_normal_less/000000036986_all__3.npy,Normal
Pistachio/VAD/vit-features/train/normal/road_normal_less/000000036986_all__4.npy,Normal
Pistachio/VAD/vit-features/train/normal/road_normal_less/000000036986_all__5.npy,Normal
Pistachio/VAD/vit-features/train/normal/road_normal_less/000000036986_all__6.npy,Normal
Pistachio/VAD/vit-features/train/normal/road_normal_less/000000036986_all__7.npy,Normal
Pistachio/VAD/vit-features/train/normal/road_normal_less/000000036986_all__8.npy,Normal
Pistachio/VAD/vit-features/train/normal/road_normal_less/000000036986_all__9.npy,Normal
Pistachio/VAD/vit-features/train/normal/road_normal_less/000000037000_all__0.npy,Normal
Pistachio/VAD/vit-features/train/normal/road_normal_less/000000037000_all__1.npy,Normal
Pistachio/VAD/vit-features/train/normal/road_normal_less/000000037000_all__2.npy,Normal
Pistachio/VAD/vit-features/train/normal/road_normal_less/000000037000_all__3.npy,Normal
Pistachio/VAD/vit-features/train/normal/road_normal_less/000000037000_all__4.npy,Normal
Pistachio/VAD/vit-features/train/normal/road_normal_less/000000037000_all__5.npy,Normal
Pistachio/VAD/vit-features/train/normal/road_normal_less/000000037000_all__6.npy,Normal
Pistachio/VAD/vit-features/train/normal/road_normal_less/000000037000_all__7.npy,Normal
Pistachio/VAD/vit-features/train/normal/road_normal_less/000000037000_all__8.npy,Normal
Pistachio/VAD/vit-features/train/normal/road_normal_less/000000037000_all__9.npy,Normal
Pistachio/VAD/vit-features/train/normal/road_normal_less/000000037176_all__0.npy,Normal
Pistachio/VAD/vit-features/train/normal/road_normal_less/000000037176_all__1.npy,Normal
Pistachio/VAD/vit-features/train/normal/road_normal_less/000000037176_all__2.npy,Normal
Pistachio/VAD/vit-features/train/normal/road_normal_less/000000037176_all__3.npy,Normal
Pistachio/VAD/vit-features/train/normal/road_normal_less/000000037176_all__4.npy,Normal
Pistachio/VAD/vit-features/train/normal/road_normal_less/000000037176_all__5.npy,Normal
Pistachio/VAD/vit-features/train/normal/road_normal_less/000000037176_all__6.npy,Normal
Pistachio/VAD/vit-features/train/normal/road_normal_less/000000037176_all__7.npy,Normal
Pistachio/VAD/vit-features/train/normal/road_normal_less/000000037176_all__8.npy,Normal
Pistachio/VAD/vit-features/train/normal/road_normal_less/000000037176_all__9.npy,Normal
Pistachio/VAD/vit-features/train/normal/road_normal_less/000000037240_all__0.npy,Normal
Pistachio/VAD/vit-features/train/normal/road_normal_less/000000037240_all__1.npy,Normal
Pistachio/VAD/vit-features/train/normal/road_normal_less/000000037240_all__2.npy,Normal
Pistachio/VAD/vit-features/train/normal/road_normal_less/000000037240_all__3.npy,Normal
Pistachio/VAD/vit-features/train/normal/road_normal_less/000000037240_all__4.npy,Normal
Pistachio/VAD/vit-features/train/normal/road_normal_less/000000037240_all__5.npy,Normal
Pistachio/VAD/vit-features/train/normal/road_normal_less/000000037240_all__6.npy,Normal
Pistachio/VAD/vit-features/train/normal/road_normal_less/000000037240_all__7.npy,Normal
Pistachio/VAD/vit-features/train/normal/road_normal_less/000000037240_all__8.npy,Normal
Pistachio/VAD/vit-features/train/normal/road_normal_less/000000037240_all__9.npy,Normal
Pistachio/VAD/vit-features/train/normal/road_normal_less/000000037335_all__0.npy,Normal
Pistachio/VAD/vit-features/train/normal/road_normal_less/000000037335_all__1.npy,Normal
Pistachio/VAD/vit-features/train/normal/road_normal_less/000000037335_all__2.npy,Normal
Pistachio/VAD/vit-features/train/normal/road_normal_less/000000037335_all__3.npy,Normal
Pistachio/VAD/vit-features/train/normal/road_normal_less/000000037335_all__4.npy,Normal
Pistachio/VAD/vit-features/train/normal/road_normal_less/000000037335_all__5.npy,Normal
Pistachio/VAD/vit-features/train/normal/road_normal_less/000000037335_all__6.npy,Normal
Pistachio/VAD/vit-features/train/normal/road_normal_less/000000037335_all__7.npy,Normal
Pistachio/VAD/vit-features/train/normal/road_normal_less/000000037335_all__8.npy,Normal
Pistachio/VAD/vit-features/train/normal/road_normal_less/000000037335_all__9.npy,Normal
Pistachio/VAD/vit-features/train/normal/road_normal_less/000000037435_all__0.npy,Normal
Pistachio/VAD/vit-features/train/normal/road_normal_less/000000037435_all__1.npy,Normal
Pistachio/VAD/vit-features/train/normal/road_normal_less/000000037435_all__2.npy,Normal
Pistachio/VAD/vit-features/train/normal/road_normal_less/000000037435_all__3.npy,Normal
Pistachio/VAD/vit-features/train/normal/road_normal_less/000000037435_all__4.npy,Normal
Pistachio/VAD/vit-features/train/normal/road_normal_less/000000037435_all__5.npy,Normal
Pistachio/VAD/vit-features/train/normal/road_normal_less/000000037435_all__6.npy,Normal
Pistachio/VAD/vit-features/train/normal/road_normal_less/000000037435_all__7.npy,Normal
Pistachio/VAD/vit-features/train/normal/road_normal_less/000000037435_all__8.npy,Normal
Pistachio/VAD/vit-features/train/normal/road_normal_less/000000037435_all__9.npy,Normal
Pistachio/VAD/vit-features/train/normal/road_normal_less/000000037448_all__0.npy,Normal
Pistachio/VAD/vit-features/train/normal/road_normal_less/000000037448_all__1.npy,Normal
Pistachio/VAD/vit-features/train/normal/road_normal_less/000000037448_all__2.npy,Normal
Pistachio/VAD/vit-features/train/normal/road_normal_less/000000037448_all__3.npy,Normal
Pistachio/VAD/vit-features/train/normal/road_normal_less/000000037448_all__4.npy,Normal
Pistachio/VAD/vit-features/train/normal/road_normal_less/000000037448_all__5.npy,Normal
Pistachio/VAD/vit-features/train/normal/road_normal_less/000000037448_all__6.npy,Normal
Pistachio/VAD/vit-features/train/normal/road_normal_less/000000037448_all__7.npy,Normal
Pistachio/VAD/vit-features/train/normal/road_normal_less/000000037448_all__8.npy,Normal
Pistachio/VAD/vit-features/train/normal/road_normal_less/000000037448_all__9.npy,Normal
Pistachio/VAD/vit-features/train/normal/road_normal_less/000000037488_all__0.npy,Normal
Pistachio/VAD/vit-features/train/normal/road_normal_less/000000037488_all__1.npy,Normal
Pistachio/VAD/vit-features/train/normal/road_normal_less/000000037488_all__2.npy,Normal
Pistachio/VAD/vit-features/train/normal/road_normal_less/000000037488_all__3.npy,Normal
Pistachio/VAD/vit-features/train/normal/road_normal_less/000000037488_all__4.npy,Normal
Pistachio/VAD/vit-features/train/normal/road_normal_less/000000037488_all__5.npy,Normal
Pistachio/VAD/vit-features/train/normal/road_normal_less/000000037488_all__6.npy,Normal
Pistachio/VAD/vit-features/train/normal/road_normal_less/000000037488_all__7.npy,Normal
Pistachio/VAD/vit-features/train/normal/road_normal_less/000000037488_all__8.npy,Normal
Pistachio/VAD/vit-features/train/normal/road_normal_less/000000037488_all__9.npy,Normal
Pistachio/VAD/vit-features/train/normal/road_normal_less/000000037592_all__0.npy,Normal
Pistachio/VAD/vit-features/train/normal/road_normal_less/000000037592_all__1.npy,Normal
Pistachio/VAD/vit-features/train/normal/road_normal_less/000000037592_all__2.npy,Normal
Pistachio/VAD/vit-features/train/normal/road_normal_less/000000037592_all__3.npy,Normal
Pistachio/VAD/vit-features/train/normal/road_normal_less/000000037592_all__4.npy,Normal
Pistachio/VAD/vit-features/train/normal/road_normal_less/000000037592_all__5.npy,Normal
Pistachio/VAD/vit-features/train/normal/road_normal_less/000000037592_all__6.npy,Normal
Pistachio/VAD/vit-features/train/normal/road_normal_less/000000037592_all__7.npy,Normal
Pistachio/VAD/vit-features/train/normal/road_normal_less/000000037592_all__8.npy,Normal
Pistachio/VAD/vit-features/train/normal/road_normal_less/000000037592_all__9.npy,Normal
Pistachio/VAD/vit-features/train/normal/road_normal_less/000000037792_all__0.npy,Normal
Pistachio/VAD/vit-features/train/normal/road_normal_less/000000037792_all__1.npy,Normal
Pistachio/VAD/vit-features/train/normal/road_normal_less/000000037792_all__2.npy,Normal
Pistachio/VAD/vit-features/train/normal/road_normal_less/000000037792_all__3.npy,Normal
Pistachio/VAD/vit-features/train/normal/road_normal_less/000000037792_all__4.npy,Normal
Pistachio/VAD/vit-features/train/normal/road_normal_less/000000037792_all__5.npy,Normal
Pistachio/VAD/vit-features/train/normal/road_normal_less/000000037792_all__6.npy,Normal
Pistachio/VAD/vit-features/train/normal/road_normal_less/000000037792_all__7.npy,Normal
Pistachio/VAD/vit-features/train/normal/road_normal_less/000000037792_all__8.npy,Normal
Pistachio/VAD/vit-features/train/normal/road_normal_less/000000037792_all__9.npy,Normal
Pistachio/VAD/vit-features/train/normal/road_normal_less/000000037799_all__0.npy,Normal
Pistachio/VAD/vit-features/train/normal/road_normal_less/000000037799_all__1.npy,Normal
Pistachio/VAD/vit-features/train/normal/road_normal_less/000000037799_all__2.npy,Normal
Pistachio/VAD/vit-features/train/normal/road_normal_less/000000037799_all__3.npy,Normal
Pistachio/VAD/vit-features/train/normal/road_normal_less/000000037799_all__4.npy,Normal
Pistachio/VAD/vit-features/train/normal/road_normal_less/000000037799_all__5.npy,Normal
Pistachio/VAD/vit-features/train/normal/road_normal_less/000000037799_all__6.npy,Normal
Pistachio/VAD/vit-features/train/normal/road_normal_less/000000037799_all__7.npy,Normal
Pistachio/VAD/vit-features/train/normal/road_normal_less/000000037799_all__8.npy,Normal
Pistachio/VAD/vit-features/train/normal/road_normal_less/000000037799_all__9.npy,Normal
Pistachio/VAD/vit-features/train/normal/road_normal_less/000000037924_all__0.npy,Normal
Pistachio/VAD/vit-features/train/normal/road_normal_less/000000037924_all__1.npy,Normal
Pistachio/VAD/vit-features/train/normal/road_normal_less/000000037924_all__2.npy,Normal
Pistachio/VAD/vit-features/train/normal/road_normal_less/000000037924_all__3.npy,Normal
Pistachio/VAD/vit-features/train/normal/road_normal_less/000000037924_all__4.npy,Normal
Pistachio/VAD/vit-features/train/normal/road_normal_less/000000037924_all__5.npy,Normal
Pistachio/VAD/vit-features/train/normal/road_normal_less/000000037924_all__6.npy,Normal
Pistachio/VAD/vit-features/train/normal/road_normal_less/000000037924_all__7.npy,Normal
Pistachio/VAD/vit-features/train/normal/road_normal_less/000000037924_all__8.npy,Normal
Pistachio/VAD/vit-features/train/normal/road_normal_less/000000037924_all__9.npy,Normal
Pistachio/VAD/vit-features/train/normal/road_normal_less/000000038106_all__0.npy,Normal
Pistachio/VAD/vit-features/train/normal/road_normal_less/000000038106_all__1.npy,Normal
Pistachio/VAD/vit-features/train/normal/road_normal_less/000000038106_all__2.npy,Normal
Pistachio/VAD/vit-features/train/normal/road_normal_less/000000038106_all__3.npy,Normal
Pistachio/VAD/vit-features/train/normal/road_normal_less/000000038106_all__4.npy,Normal
Pistachio/VAD/vit-features/train/normal/road_normal_less/000000038106_all__5.npy,Normal
Pistachio/VAD/vit-features/train/normal/road_normal_less/000000038106_all__6.npy,Normal
Pistachio/VAD/vit-features/train/normal/road_normal_less/000000038106_all__7.npy,Normal
Pistachio/VAD/vit-features/train/normal/road_normal_less/000000038106_all__8.npy,Normal
Pistachio/VAD/vit-features/train/normal/road_normal_less/000000038106_all__9.npy,Normal
Pistachio/VAD/vit-features/train/normal/road_normal_less/000000038170_all__0.npy,Normal
Pistachio/VAD/vit-features/train/normal/road_normal_less/000000038170_all__1.npy,Normal
Pistachio/VAD/vit-features/train/normal/road_normal_less/000000038170_all__2.npy,Normal
Pistachio/VAD/vit-features/train/normal/road_normal_less/000000038170_all__3.npy,Normal
Pistachio/VAD/vit-features/train/normal/road_normal_less/000000038170_all__4.npy,Normal
Pistachio/VAD/vit-features/train/normal/road_normal_less/000000038170_all__5.npy,Normal
Pistachio/VAD/vit-features/train/normal/road_normal_less/000000038170_all__6.npy,Normal
Pistachio/VAD/vit-features/train/normal/road_normal_less/000000038170_all__7.npy,Normal
Pistachio/VAD/vit-features/train/normal/road_normal_less/000000038170_all__8.npy,Normal
Pistachio/VAD/vit-features/train/normal/road_normal_less/000000038170_all__9.npy,Normal
Pistachio/VAD/vit-features/train/normal/road_normal_less/000000038295_all__0.npy,Normal
Pistachio/VAD/vit-features/train/normal/road_normal_less/000000038295_all__1.npy,Normal
Pistachio/VAD/vit-features/train/normal/road_normal_less/000000038295_all__2.npy,Normal
Pistachio/VAD/vit-features/train/normal/road_normal_less/000000038295_all__3.npy,Normal
Pistachio/VAD/vit-features/train/normal/road_normal_less/000000038295_all__4.npy,Normal
Pistachio/VAD/vit-features/train/normal/road_normal_less/000000038295_all__5.npy,Normal
Pistachio/VAD/vit-features/train/normal/road_normal_less/000000038295_all__6.npy,Normal
Pistachio/VAD/vit-features/train/normal/road_normal_less/000000038295_all__7.npy,Normal
Pistachio/VAD/vit-features/train/normal/road_normal_less/000000038295_all__8.npy,Normal
Pistachio/VAD/vit-features/train/normal/road_normal_less/000000038295_all__9.npy,Normal
Pistachio/VAD/vit-features/train/normal/road_normal_less/000000038311_all__0.npy,Normal
Pistachio/VAD/vit-features/train/normal/road_normal_less/000000038311_all__1.npy,Normal
Pistachio/VAD/vit-features/train/normal/road_normal_less/000000038311_all__2.npy,Normal
Pistachio/VAD/vit-features/train/normal/road_normal_less/000000038311_all__3.npy,Normal
Pistachio/VAD/vit-features/train/normal/road_normal_less/000000038311_all__4.npy,Normal
Pistachio/VAD/vit-features/train/normal/road_normal_less/000000038311_all__5.npy,Normal
Pistachio/VAD/vit-features/train/normal/road_normal_less/000000038311_all__6.npy,Normal
Pistachio/VAD/vit-features/train/normal/road_normal_less/000000038311_all__7.npy,Normal
Pistachio/VAD/vit-features/train/normal/road_normal_less/000000038311_all__8.npy,Normal
Pistachio/VAD/vit-features/train/normal/road_normal_less/000000038311_all__9.npy,Normal
Pistachio/VAD/vit-features/train/normal/road_normal_less/000000038347_all__0.npy,Normal
Pistachio/VAD/vit-features/train/normal/road_normal_less/000000038347_all__1.npy,Normal
Pistachio/VAD/vit-features/train/normal/road_normal_less/000000038347_all__2.npy,Normal
Pistachio/VAD/vit-features/train/normal/road_normal_less/000000038347_all__3.npy,Normal
Pistachio/VAD/vit-features/train/normal/road_normal_less/000000038347_all__4.npy,Normal
Pistachio/VAD/vit-features/train/normal/road_normal_less/000000038347_all__5.npy,Normal
Pistachio/VAD/vit-features/train/normal/road_normal_less/000000038347_all__6.npy,Normal
Pistachio/VAD/vit-features/train/normal/road_normal_less/000000038347_all__7.npy,Normal
Pistachio/VAD/vit-features/train/normal/road_normal_less/000000038347_all__8.npy,Normal
Pistachio/VAD/vit-features/train/normal/road_normal_less/000000038347_all__9.npy,Normal
Pistachio/VAD/vit-features/train/normal/road_normal_less/000000038377_all__0.npy,Normal
Pistachio/VAD/vit-features/train/normal/road_normal_less/000000038377_all__1.npy,Normal
Pistachio/VAD/vit-features/train/normal/road_normal_less/000000038377_all__2.npy,Normal
Pistachio/VAD/vit-features/train/normal/road_normal_less/000000038377_all__3.npy,Normal
Pistachio/VAD/vit-features/train/normal/road_normal_less/000000038377_all__4.npy,Normal
Pistachio/VAD/vit-features/train/normal/road_normal_less/000000038377_all__5.npy,Normal
Pistachio/VAD/vit-features/train/normal/road_normal_less/000000038377_all__6.npy,Normal
Pistachio/VAD/vit-features/train/normal/road_normal_less/000000038377_all__7.npy,Normal
Pistachio/VAD/vit-features/train/normal/road_normal_less/000000038377_all__8.npy,Normal
Pistachio/VAD/vit-features/train/normal/road_normal_less/000000038377_all__9.npy,Normal
Pistachio/VAD/vit-features/train/normal/road_normal_less/000000038401_all__0.npy,Normal
Pistachio/VAD/vit-features/train/normal/road_normal_less/000000038401_all__1.npy,Normal
Pistachio/VAD/vit-features/train/normal/road_normal_less/000000038401_all__2.npy,Normal
Pistachio/VAD/vit-features/train/normal/road_normal_less/000000038401_all__3.npy,Normal
Pistachio/VAD/vit-features/train/normal/road_normal_less/000000038401_all__4.npy,Normal
Pistachio/VAD/vit-features/train/normal/road_normal_less/000000038401_all__5.npy,Normal
Pistachio/VAD/vit-features/train/normal/road_normal_less/000000038401_all__6.npy,Normal
Pistachio/VAD/vit-features/train/normal/road_normal_less/000000038401_all__7.npy,Normal
Pistachio/VAD/vit-features/train/normal/road_normal_less/000000038401_all__8.npy,Normal
Pistachio/VAD/vit-features/train/normal/road_normal_less/000000038401_all__9.npy,Normal
Pistachio/VAD/vit-features/train/normal/road_normal_less/000000038459_all__0.npy,Normal
Pistachio/VAD/vit-features/train/normal/road_normal_less/000000038459_all__1.npy,Normal
Pistachio/VAD/vit-features/train/normal/road_normal_less/000000038459_all__2.npy,Normal
Pistachio/VAD/vit-features/train/normal/road_normal_less/000000038459_all__3.npy,Normal
Pistachio/VAD/vit-features/train/normal/road_normal_less/000000038459_all__4.npy,Normal
Pistachio/VAD/vit-features/train/normal/road_normal_less/000000038459_all__5.npy,Normal
Pistachio/VAD/vit-features/train/normal/road_normal_less/000000038459_all__6.npy,Normal
Pistachio/VAD/vit-features/train/normal/road_normal_less/000000038459_all__7.npy,Normal
Pistachio/VAD/vit-features/train/normal/road_normal_less/000000038459_all__8.npy,Normal
Pistachio/VAD/vit-features/train/normal/road_normal_less/000000038459_all__9.npy,Normal
Pistachio/VAD/vit-features/train/normal/road_normal_less/000000038483_all__0.npy,Normal
Pistachio/VAD/vit-features/train/normal/road_normal_less/000000038483_all__1.npy,Normal
Pistachio/VAD/vit-features/train/normal/road_normal_less/000000038483_all__2.npy,Normal
Pistachio/VAD/vit-features/train/normal/road_normal_less/000000038483_all__3.npy,Normal
Pistachio/VAD/vit-features/train/normal/road_normal_less/000000038483_all__4.npy,Normal
Pistachio/VAD/vit-features/train/normal/road_normal_less/000000038483_all__5.npy,Normal
Pistachio/VAD/vit-features/train/normal/road_normal_less/000000038483_all__6.npy,Normal
Pistachio/VAD/vit-features/train/normal/road_normal_less/000000038483_all__7.npy,Normal
Pistachio/VAD/vit-features/train/normal/road_normal_less/000000038483_all__8.npy,Normal
Pistachio/VAD/vit-features/train/normal/road_normal_less/000000038483_all__9.npy,Normal
Pistachio/VAD/vit-features/train/normal/road_normal_less/000000038491_all__0.npy,Normal
Pistachio/VAD/vit-features/train/normal/road_normal_less/000000038491_all__1.npy,Normal
Pistachio/VAD/vit-features/train/normal/road_normal_less/000000038491_all__2.npy,Normal
Pistachio/VAD/vit-features/train/normal/road_normal_less/000000038491_all__3.npy,Normal
Pistachio/VAD/vit-features/train/normal/road_normal_less/000000038491_all__4.npy,Normal
Pistachio/VAD/vit-features/train/normal/road_normal_less/000000038491_all__5.npy,Normal
Pistachio/VAD/vit-features/train/normal/road_normal_less/000000038491_all__6.npy,Normal
Pistachio/VAD/vit-features/train/normal/road_normal_less/000000038491_all__7.npy,Normal
Pistachio/VAD/vit-features/train/normal/road_normal_less/000000038491_all__8.npy,Normal
Pistachio/VAD/vit-features/train/normal/road_normal_less/000000038491_all__9.npy,Normal
Pistachio/VAD/vit-features/train/normal/road_normal_less/000000038737_all__0.npy,Normal
Pistachio/VAD/vit-features/train/normal/road_normal_less/000000038737_all__1.npy,Normal
Pistachio/VAD/vit-features/train/normal/road_normal_less/000000038737_all__2.npy,Normal
Pistachio/VAD/vit-features/train/normal/road_normal_less/000000038737_all__3.npy,Normal
Pistachio/VAD/vit-features/train/normal/road_normal_less/000000038737_all__4.npy,Normal
Pistachio/VAD/vit-features/train/normal/road_normal_less/000000038737_all__5.npy,Normal
Pistachio/VAD/vit-features/train/normal/road_normal_less/000000038737_all__6.npy,Normal
Pistachio/VAD/vit-features/train/normal/road_normal_less/000000038737_all__7.npy,Normal
Pistachio/VAD/vit-features/train/normal/road_normal_less/000000038737_all__8.npy,Normal
Pistachio/VAD/vit-features/train/normal/road_normal_less/000000038737_all__9.npy,Normal
Pistachio/VAD/vit-features/train/normal/road_normal_less/000000038746_all__0.npy,Normal
Pistachio/VAD/vit-features/train/normal/road_normal_less/000000038746_all__1.npy,Normal
Pistachio/VAD/vit-features/train/normal/road_normal_less/000000038746_all__2.npy,Normal
Pistachio/VAD/vit-features/train/normal/road_normal_less/000000038746_all__3.npy,Normal
Pistachio/VAD/vit-features/train/normal/road_normal_less/000000038746_all__4.npy,Normal
Pistachio/VAD/vit-features/train/normal/road_normal_less/000000038746_all__5.npy,Normal
Pistachio/VAD/vit-features/train/normal/road_normal_less/000000038746_all__6.npy,Normal
Pistachio/VAD/vit-features/train/normal/road_normal_less/000000038746_all__7.npy,Normal
Pistachio/VAD/vit-features/train/normal/road_normal_less/000000038746_all__8.npy,Normal
Pistachio/VAD/vit-features/train/normal/road_normal_less/000000038746_all__9.npy,Normal
Pistachio/VAD/vit-features/train/normal/road_normal_less/000000038818_all__0.npy,Normal
Pistachio/VAD/vit-features/train/normal/road_normal_less/000000038818_all__1.npy,Normal
Pistachio/VAD/vit-features/train/normal/road_normal_less/000000038818_all__2.npy,Normal
Pistachio/VAD/vit-features/train/normal/road_normal_less/000000038818_all__3.npy,Normal
Pistachio/VAD/vit-features/train/normal/road_normal_less/000000038818_all__4.npy,Normal
Pistachio/VAD/vit-features/train/normal/road_normal_less/000000038818_all__5.npy,Normal
Pistachio/VAD/vit-features/train/normal/road_normal_less/000000038818_all__6.npy,Normal
Pistachio/VAD/vit-features/train/normal/road_normal_less/000000038818_all__7.npy,Normal
Pistachio/VAD/vit-features/train/normal/road_normal_less/000000038818_all__8.npy,Normal
Pistachio/VAD/vit-features/train/normal/road_normal_less/000000038818_all__9.npy,Normal
Pistachio/VAD/vit-features/train/normal/road_normal_less/000000038908_all__0.npy,Normal
Pistachio/VAD/vit-features/train/normal/road_normal_less/000000038908_all__1.npy,Normal
Pistachio/VAD/vit-features/train/normal/road_normal_less/000000038908_all__2.npy,Normal
Pistachio/VAD/vit-features/train/normal/road_normal_less/000000038908_all__3.npy,Normal
Pistachio/VAD/vit-features/train/normal/road_normal_less/000000038908_all__4.npy,Normal
Pistachio/VAD/vit-features/train/normal/road_normal_less/000000038908_all__5.npy,Normal
Pistachio/VAD/vit-features/train/normal/road_normal_less/000000038908_all__6.npy,Normal
Pistachio/VAD/vit-features/train/normal/road_normal_less/000000038908_all__7.npy,Normal
Pistachio/VAD/vit-features/train/normal/road_normal_less/000000038908_all__8.npy,Normal
Pistachio/VAD/vit-features/train/normal/road_normal_less/000000038908_all__9.npy,Normal
Pistachio/VAD/vit-features/train/normal/road_normal_less/000000038943_all__0.npy,Normal
Pistachio/VAD/vit-features/train/normal/road_normal_less/000000038943_all__1.npy,Normal
Pistachio/VAD/vit-features/train/normal/road_normal_less/000000038943_all__2.npy,Normal
Pistachio/VAD/vit-features/train/normal/road_normal_less/000000038943_all__3.npy,Normal
Pistachio/VAD/vit-features/train/normal/road_normal_less/000000038943_all__4.npy,Normal
Pistachio/VAD/vit-features/train/normal/road_normal_less/000000038943_all__5.npy,Normal
Pistachio/VAD/vit-features/train/normal/road_normal_less/000000038943_all__6.npy,Normal
Pistachio/VAD/vit-features/train/normal/road_normal_less/000000038943_all__7.npy,Normal
Pistachio/VAD/vit-features/train/normal/road_normal_less/000000038943_all__8.npy,Normal
Pistachio/VAD/vit-features/train/normal/road_normal_less/000000038943_all__9.npy,Normal
Pistachio/VAD/vit-features/train/normal/road_normal_less/000000039013_all__0.npy,Normal
Pistachio/VAD/vit-features/train/normal/road_normal_less/000000039013_all__1.npy,Normal
Pistachio/VAD/vit-features/train/normal/road_normal_less/000000039013_all__2.npy,Normal
Pistachio/VAD/vit-features/train/normal/road_normal_less/000000039013_all__3.npy,Normal
Pistachio/VAD/vit-features/train/normal/road_normal_less/000000039013_all__4.npy,Normal
Pistachio/VAD/vit-features/train/normal/road_normal_less/000000039013_all__5.npy,Normal
Pistachio/VAD/vit-features/train/normal/road_normal_less/000000039013_all__6.npy,Normal
Pistachio/VAD/vit-features/train/normal/road_normal_less/000000039013_all__7.npy,Normal
Pistachio/VAD/vit-features/train/normal/road_normal_less/000000039013_all__8.npy,Normal
Pistachio/VAD/vit-features/train/normal/road_normal_less/000000039013_all__9.npy,Normal
Pistachio/VAD/vit-features/train/normal/road_normal_less/000000039059_all__0.npy,Normal
Pistachio/VAD/vit-features/train/normal/road_normal_less/000000039059_all__1.npy,Normal
Pistachio/VAD/vit-features/train/normal/road_normal_less/000000039059_all__2.npy,Normal
Pistachio/VAD/vit-features/train/normal/road_normal_less/000000039059_all__3.npy,Normal
Pistachio/VAD/vit-features/train/normal/road_normal_less/000000039059_all__4.npy,Normal
Pistachio/VAD/vit-features/train/normal/road_normal_less/000000039059_all__5.npy,Normal
Pistachio/VAD/vit-features/train/normal/road_normal_less/000000039059_all__6.npy,Normal
Pistachio/VAD/vit-features/train/normal/road_normal_less/000000039059_all__7.npy,Normal
Pistachio/VAD/vit-features/train/normal/road_normal_less/000000039059_all__8.npy,Normal
Pistachio/VAD/vit-features/train/normal/road_normal_less/000000039059_all__9.npy,Normal
Pistachio/VAD/vit-features/train/normal/road_normal_less/000000039213_all__0.npy,Normal
Pistachio/VAD/vit-features/train/normal/road_normal_less/000000039213_all__1.npy,Normal
Pistachio/VAD/vit-features/train/normal/road_normal_less/000000039213_all__2.npy,Normal
Pistachio/VAD/vit-features/train/normal/road_normal_less/000000039213_all__3.npy,Normal
Pistachio/VAD/vit-features/train/normal/road_normal_less/000000039213_all__4.npy,Normal
Pistachio/VAD/vit-features/train/normal/road_normal_less/000000039213_all__5.npy,Normal
Pistachio/VAD/vit-features/train/normal/road_normal_less/000000039213_all__6.npy,Normal
Pistachio/VAD/vit-features/train/normal/road_normal_less/000000039213_all__7.npy,Normal
Pistachio/VAD/vit-features/train/normal/road_normal_less/000000039213_all__8.npy,Normal
Pistachio/VAD/vit-features/train/normal/road_normal_less/000000039213_all__9.npy,Normal
Pistachio/VAD/vit-features/train/normal/road_normal_less/000000039286_all__0.npy,Normal
Pistachio/VAD/vit-features/train/normal/road_normal_less/000000039286_all__1.npy,Normal
Pistachio/VAD/vit-features/train/normal/road_normal_less/000000039286_all__2.npy,Normal
Pistachio/VAD/vit-features/train/normal/road_normal_less/000000039286_all__3.npy,Normal
Pistachio/VAD/vit-features/train/normal/road_normal_less/000000039286_all__4.npy,Normal
Pistachio/VAD/vit-features/train/normal/road_normal_less/000000039286_all__5.npy,Normal
Pistachio/VAD/vit-features/train/normal/road_normal_less/000000039286_all__6.npy,Normal
Pistachio/VAD/vit-features/train/normal/road_normal_less/000000039286_all__7.npy,Normal
Pistachio/VAD/vit-features/train/normal/road_normal_less/000000039286_all__8.npy,Normal
Pistachio/VAD/vit-features/train/normal/road_normal_less/000000039286_all__9.npy,Normal
Pistachio/VAD/vit-features/train/normal/road_normal_less/000000039354_all__0.npy,Normal
Pistachio/VAD/vit-features/train/normal/road_normal_less/000000039354_all__1.npy,Normal
Pistachio/VAD/vit-features/train/normal/road_normal_less/000000039354_all__2.npy,Normal
Pistachio/VAD/vit-features/train/normal/road_normal_less/000000039354_all__3.npy,Normal
Pistachio/VAD/vit-features/train/normal/road_normal_less/000000039354_all__4.npy,Normal
Pistachio/VAD/vit-features/train/normal/road_normal_less/000000039354_all__5.npy,Normal
Pistachio/VAD/vit-features/train/normal/road_normal_less/000000039354_all__6.npy,Normal
Pistachio/VAD/vit-features/train/normal/road_normal_less/000000039354_all__7.npy,Normal
Pistachio/VAD/vit-features/train/normal/road_normal_less/000000039354_all__8.npy,Normal
Pistachio/VAD/vit-features/train/normal/road_normal_less/000000039354_all__9.npy,Normal
Pistachio/VAD/vit-features/train/normal/road_normal_less/000000039533_all__0.npy,Normal
Pistachio/VAD/vit-features/train/normal/road_normal_less/000000039533_all__1.npy,Normal
Pistachio/VAD/vit-features/train/normal/road_normal_less/000000039533_all__2.npy,Normal
Pistachio/VAD/vit-features/train/normal/road_normal_less/000000039533_all__3.npy,Normal
Pistachio/VAD/vit-features/train/normal/road_normal_less/000000039533_all__4.npy,Normal
Pistachio/VAD/vit-features/train/normal/road_normal_less/000000039533_all__5.npy,Normal
Pistachio/VAD/vit-features/train/normal/road_normal_less/000000039533_all__6.npy,Normal
Pistachio/VAD/vit-features/train/normal/road_normal_less/000000039533_all__7.npy,Normal
Pistachio/VAD/vit-features/train/normal/road_normal_less/000000039533_all__8.npy,Normal
Pistachio/VAD/vit-features/train/normal/road_normal_less/000000039533_all__9.npy,Normal
Pistachio/VAD/vit-features/train/normal/road_normal_less/000000039537_all__0.npy,Normal
Pistachio/VAD/vit-features/train/normal/road_normal_less/000000039537_all__1.npy,Normal
Pistachio/VAD/vit-features/train/normal/road_normal_less/000000039537_all__2.npy,Normal
Pistachio/VAD/vit-features/train/normal/road_normal_less/000000039537_all__3.npy,Normal
Pistachio/VAD/vit-features/train/normal/road_normal_less/000000039537_all__4.npy,Normal
Pistachio/VAD/vit-features/train/normal/road_normal_less/000000039537_all__5.npy,Normal
Pistachio/VAD/vit-features/train/normal/road_normal_less/000000039537_all__6.npy,Normal
Pistachio/VAD/vit-features/train/normal/road_normal_less/000000039537_all__7.npy,Normal
Pistachio/VAD/vit-features/train/normal/road_normal_less/000000039537_all__8.npy,Normal
Pistachio/VAD/vit-features/train/normal/road_normal_less/000000039537_all__9.npy,Normal
Pistachio/VAD/vit-features/train/normal/road_normal_less/000000039567_all__0.npy,Normal
Pistachio/VAD/vit-features/train/normal/road_normal_less/000000039567_all__1.npy,Normal
Pistachio/VAD/vit-features/train/normal/road_normal_less/000000039567_all__2.npy,Normal
Pistachio/VAD/vit-features/train/normal/road_normal_less/000000039567_all__3.npy,Normal
Pistachio/VAD/vit-features/train/normal/road_normal_less/000000039567_all__4.npy,Normal
Pistachio/VAD/vit-features/train/normal/road_normal_less/000000039567_all__5.npy,Normal
Pistachio/VAD/vit-features/train/normal/road_normal_less/000000039567_all__6.npy,Normal
Pistachio/VAD/vit-features/train/normal/road_normal_less/000000039567_all__7.npy,Normal
Pistachio/VAD/vit-features/train/normal/road_normal_less/000000039567_all__8.npy,Normal
Pistachio/VAD/vit-features/train/normal/road_normal_less/000000039567_all__9.npy,Normal
Pistachio/VAD/vit-features/train/normal/road_normal_less/000000039651_all__0.npy,Normal
Pistachio/VAD/vit-features/train/normal/road_normal_less/000000039651_all__1.npy,Normal
Pistachio/VAD/vit-features/train/normal/road_normal_less/000000039651_all__2.npy,Normal
Pistachio/VAD/vit-features/train/normal/road_normal_less/000000039651_all__3.npy,Normal
Pistachio/VAD/vit-features/train/normal/road_normal_less/000000039651_all__4.npy,Normal
Pistachio/VAD/vit-features/train/normal/road_normal_less/000000039651_all__5.npy,Normal
Pistachio/VAD/vit-features/train/normal/road_normal_less/000000039651_all__6.npy,Normal
Pistachio/VAD/vit-features/train/normal/road_normal_less/000000039651_all__7.npy,Normal
Pistachio/VAD/vit-features/train/normal/road_normal_less/000000039651_all__8.npy,Normal
Pistachio/VAD/vit-features/train/normal/road_normal_less/000000039651_all__9.npy,Normal
Pistachio/VAD/vit-features/train/normal/road_normal_less/000000039660_all__0.npy,Normal
Pistachio/VAD/vit-features/train/normal/road_normal_less/000000039660_all__1.npy,Normal
Pistachio/VAD/vit-features/train/normal/road_normal_less/000000039660_all__2.npy,Normal
Pistachio/VAD/vit-features/train/normal/road_normal_less/000000039660_all__3.npy,Normal
Pistachio/VAD/vit-features/train/normal/road_normal_less/000000039660_all__4.npy,Normal
Pistachio/VAD/vit-features/train/normal/road_normal_less/000000039660_all__5.npy,Normal
Pistachio/VAD/vit-features/train/normal/road_normal_less/000000039660_all__6.npy,Normal
Pistachio/VAD/vit-features/train/normal/road_normal_less/000000039660_all__7.npy,Normal
Pistachio/VAD/vit-features/train/normal/road_normal_less/000000039660_all__8.npy,Normal
Pistachio/VAD/vit-features/train/normal/road_normal_less/000000039660_all__9.npy,Normal
Pistachio/VAD/vit-features/train/normal/road_normal_less/000000039829_all__0.npy,Normal
Pistachio/VAD/vit-features/train/normal/road_normal_less/000000039829_all__1.npy,Normal
Pistachio/VAD/vit-features/train/normal/road_normal_less/000000039829_all__2.npy,Normal
Pistachio/VAD/vit-features/train/normal/road_normal_less/000000039829_all__3.npy,Normal
Pistachio/VAD/vit-features/train/normal/road_normal_less/000000039829_all__4.npy,Normal
Pistachio/VAD/vit-features/train/normal/road_normal_less/000000039829_all__5.npy,Normal
Pistachio/VAD/vit-features/train/normal/road_normal_less/000000039829_all__6.npy,Normal
Pistachio/VAD/vit-features/train/normal/road_normal_less/000000039829_all__7.npy,Normal
Pistachio/VAD/vit-features/train/normal/road_normal_less/000000039829_all__8.npy,Normal
Pistachio/VAD/vit-features/train/normal/road_normal_less/000000039829_all__9.npy,Normal
Pistachio/VAD/vit-features/train/normal/road_normal_less/000000039845_all__0.npy,Normal
Pistachio/VAD/vit-features/train/normal/road_normal_less/000000039845_all__1.npy,Normal
Pistachio/VAD/vit-features/train/normal/road_normal_less/000000039845_all__2.npy,Normal
Pistachio/VAD/vit-features/train/normal/road_normal_less/000000039845_all__3.npy,Normal
Pistachio/VAD/vit-features/train/normal/road_normal_less/000000039845_all__4.npy,Normal
Pistachio/VAD/vit-features/train/normal/road_normal_less/000000039845_all__5.npy,Normal
Pistachio/VAD/vit-features/train/normal/road_normal_less/000000039845_all__6.npy,Normal
Pistachio/VAD/vit-features/train/normal/road_normal_less/000000039845_all__7.npy,Normal
Pistachio/VAD/vit-features/train/normal/road_normal_less/000000039845_all__8.npy,Normal
Pistachio/VAD/vit-features/train/normal/road_normal_less/000000039845_all__9.npy,Normal
Pistachio/VAD/vit-features/train/normal/road_normal_less/000000039946_all__0.npy,Normal
Pistachio/VAD/vit-features/train/normal/road_normal_less/000000039946_all__1.npy,Normal
Pistachio/VAD/vit-features/train/normal/road_normal_less/000000039946_all__2.npy,Normal
Pistachio/VAD/vit-features/train/normal/road_normal_less/000000039946_all__3.npy,Normal
Pistachio/VAD/vit-features/train/normal/road_normal_less/000000039946_all__4.npy,Normal
Pistachio/VAD/vit-features/train/normal/road_normal_less/000000039946_all__5.npy,Normal
Pistachio/VAD/vit-features/train/normal/road_normal_less/000000039946_all__6.npy,Normal
Pistachio/VAD/vit-features/train/normal/road_normal_less/000000039946_all__7.npy,Normal
Pistachio/VAD/vit-features/train/normal/road_normal_less/000000039946_all__8.npy,Normal
Pistachio/VAD/vit-features/train/normal/road_normal_less/000000039946_all__9.npy,Normal
Pistachio/VAD/vit-features/train/normal/road_normal_less/000000040104_all__0.npy,Normal
Pistachio/VAD/vit-features/train/normal/road_normal_less/000000040104_all__1.npy,Normal
Pistachio/VAD/vit-features/train/normal/road_normal_less/000000040104_all__2.npy,Normal
Pistachio/VAD/vit-features/train/normal/road_normal_less/000000040104_all__3.npy,Normal
Pistachio/VAD/vit-features/train/normal/road_normal_less/000000040104_all__4.npy,Normal
Pistachio/VAD/vit-features/train/normal/road_normal_less/000000040104_all__5.npy,Normal
Pistachio/VAD/vit-features/train/normal/road_normal_less/000000040104_all__6.npy,Normal
Pistachio/VAD/vit-features/train/normal/road_normal_less/000000040104_all__7.npy,Normal
Pistachio/VAD/vit-features/train/normal/road_normal_less/000000040104_all__8.npy,Normal
Pistachio/VAD/vit-features/train/normal/road_normal_less/000000040104_all__9.npy,Normal
Pistachio/VAD/vit-features/train/normal/road_normal_less/000000040444_all__0.npy,Normal
Pistachio/VAD/vit-features/train/normal/road_normal_less/000000040444_all__1.npy,Normal
Pistachio/VAD/vit-features/train/normal/road_normal_less/000000040444_all__2.npy,Normal
Pistachio/VAD/vit-features/train/normal/road_normal_less/000000040444_all__3.npy,Normal
Pistachio/VAD/vit-features/train/normal/road_normal_less/000000040444_all__4.npy,Normal
Pistachio/VAD/vit-features/train/normal/road_normal_less/000000040444_all__5.npy,Normal
Pistachio/VAD/vit-features/train/normal/road_normal_less/000000040444_all__6.npy,Normal
Pistachio/VAD/vit-features/train/normal/road_normal_less/000000040444_all__7.npy,Normal
Pistachio/VAD/vit-features/train/normal/road_normal_less/000000040444_all__8.npy,Normal
Pistachio/VAD/vit-features/train/normal/road_normal_less/000000040444_all__9.npy,Normal
Pistachio/VAD/vit-features/train/normal/road_normal_less/000000040490_all__0.npy,Normal
Pistachio/VAD/vit-features/train/normal/road_normal_less/000000040490_all__1.npy,Normal
Pistachio/VAD/vit-features/train/normal/road_normal_less/000000040490_all__2.npy,Normal
Pistachio/VAD/vit-features/train/normal/road_normal_less/000000040490_all__3.npy,Normal
Pistachio/VAD/vit-features/train/normal/road_normal_less/000000040490_all__4.npy,Normal
Pistachio/VAD/vit-features/train/normal/road_normal_less/000000040490_all__5.npy,Normal
Pistachio/VAD/vit-features/train/normal/road_normal_less/000000040490_all__6.npy,Normal
Pistachio/VAD/vit-features/train/normal/road_normal_less/000000040490_all__7.npy,Normal
Pistachio/VAD/vit-features/train/normal/road_normal_less/000000040490_all__8.npy,Normal
Pistachio/VAD/vit-features/train/normal/road_normal_less/000000040490_all__9.npy,Normal
Pistachio/VAD/vit-features/train/normal/road_normal_less/000000040976_all__0.npy,Normal
Pistachio/VAD/vit-features/train/normal/road_normal_less/000000040976_all__1.npy,Normal
Pistachio/VAD/vit-features/train/normal/road_normal_less/000000040976_all__2.npy,Normal
Pistachio/VAD/vit-features/train/normal/road_normal_less/000000040976_all__3.npy,Normal
Pistachio/VAD/vit-features/train/normal/road_normal_less/000000040976_all__4.npy,Normal
Pistachio/VAD/vit-features/train/normal/road_normal_less/000000040976_all__5.npy,Normal
Pistachio/VAD/vit-features/train/normal/road_normal_less/000000040976_all__6.npy,Normal
Pistachio/VAD/vit-features/train/normal/road_normal_less/000000040976_all__7.npy,Normal
Pistachio/VAD/vit-features/train/normal/road_normal_less/000000040976_all__8.npy,Normal
Pistachio/VAD/vit-features/train/normal/road_normal_less/000000040976_all__9.npy,Normal
Pistachio/VAD/vit-features/train/normal/road_normal_less/000000041000_all__0.npy,Normal
Pistachio/VAD/vit-features/train/normal/road_normal_less/000000041000_all__1.npy,Normal
Pistachio/VAD/vit-features/train/normal/road_normal_less/000000041000_all__2.npy,Normal
Pistachio/VAD/vit-features/train/normal/road_normal_less/000000041000_all__3.npy,Normal
Pistachio/VAD/vit-features/train/normal/road_normal_less/000000041000_all__4.npy,Normal
Pistachio/VAD/vit-features/train/normal/road_normal_less/000000041000_all__5.npy,Normal
Pistachio/VAD/vit-features/train/normal/road_normal_less/000000041000_all__6.npy,Normal
Pistachio/VAD/vit-features/train/normal/road_normal_less/000000041000_all__7.npy,Normal
Pistachio/VAD/vit-features/train/normal/road_normal_less/000000041000_all__8.npy,Normal
Pistachio/VAD/vit-features/train/normal/road_normal_less/000000041000_all__9.npy,Normal
Pistachio/VAD/vit-features/train/normal/road_normal_less/000000041151_all__0.npy,Normal
Pistachio/VAD/vit-features/train/normal/road_normal_less/000000041151_all__1.npy,Normal
Pistachio/VAD/vit-features/train/normal/road_normal_less/000000041151_all__2.npy,Normal
Pistachio/VAD/vit-features/train/normal/road_normal_less/000000041151_all__3.npy,Normal
Pistachio/VAD/vit-features/train/normal/road_normal_less/000000041151_all__4.npy,Normal
Pistachio/VAD/vit-features/train/normal/road_normal_less/000000041151_all__5.npy,Normal
Pistachio/VAD/vit-features/train/normal/road_normal_less/000000041151_all__6.npy,Normal
Pistachio/VAD/vit-features/train/normal/road_normal_less/000000041151_all__7.npy,Normal
Pistachio/VAD/vit-features/train/normal/road_normal_less/000000041151_all__8.npy,Normal
Pistachio/VAD/vit-features/train/normal/road_normal_less/000000041151_all__9.npy,Normal
Pistachio/VAD/vit-features/train/normal/road_normal_less/000000041202_all__0.npy,Normal
Pistachio/VAD/vit-features/train/normal/road_normal_less/000000041202_all__1.npy,Normal
Pistachio/VAD/vit-features/train/normal/road_normal_less/000000041202_all__2.npy,Normal
Pistachio/VAD/vit-features/train/normal/road_normal_less/000000041202_all__3.npy,Normal
Pistachio/VAD/vit-features/train/normal/road_normal_less/000000041202_all__4.npy,Normal
Pistachio/VAD/vit-features/train/normal/road_normal_less/000000041202_all__5.npy,Normal
Pistachio/VAD/vit-features/train/normal/road_normal_less/000000041202_all__6.npy,Normal
Pistachio/VAD/vit-features/train/normal/road_normal_less/000000041202_all__7.npy,Normal
Pistachio/VAD/vit-features/train/normal/road_normal_less/000000041202_all__8.npy,Normal
Pistachio/VAD/vit-features/train/normal/road_normal_less/000000041202_all__9.npy,Normal
Pistachio/VAD/vit-features/train/normal/road_normal_less/000000041327_all__0.npy,Normal
Pistachio/VAD/vit-features/train/normal/road_normal_less/000000041327_all__1.npy,Normal
Pistachio/VAD/vit-features/train/normal/road_normal_less/000000041327_all__2.npy,Normal
Pistachio/VAD/vit-features/train/normal/road_normal_less/000000041327_all__3.npy,Normal
Pistachio/VAD/vit-features/train/normal/road_normal_less/000000041327_all__4.npy,Normal
Pistachio/VAD/vit-features/train/normal/road_normal_less/000000041327_all__5.npy,Normal
Pistachio/VAD/vit-features/train/normal/road_normal_less/000000041327_all__6.npy,Normal
Pistachio/VAD/vit-features/train/normal/road_normal_less/000000041327_all__7.npy,Normal
Pistachio/VAD/vit-features/train/normal/road_normal_less/000000041327_all__8.npy,Normal
Pistachio/VAD/vit-features/train/normal/road_normal_less/000000041327_all__9.npy,Normal
Pistachio/VAD/vit-features/train/normal/road_normal_less/000000041376_all__0.npy,Normal
Pistachio/VAD/vit-features/train/normal/road_normal_less/000000041376_all__1.npy,Normal
Pistachio/VAD/vit-features/train/normal/road_normal_less/000000041376_all__2.npy,Normal
Pistachio/VAD/vit-features/train/normal/road_normal_less/000000041376_all__3.npy,Normal
Pistachio/VAD/vit-features/train/normal/road_normal_less/000000041376_all__4.npy,Normal
Pistachio/VAD/vit-features/train/normal/road_normal_less/000000041376_all__5.npy,Normal
Pistachio/VAD/vit-features/train/normal/road_normal_less/000000041376_all__6.npy,Normal
Pistachio/VAD/vit-features/train/normal/road_normal_less/000000041376_all__7.npy,Normal
Pistachio/VAD/vit-features/train/normal/road_normal_less/000000041376_all__8.npy,Normal
Pistachio/VAD/vit-features/train/normal/road_normal_less/000000041376_all__9.npy,Normal
Pistachio/VAD/vit-features/train/normal/road_normal_less/000000041380_all__0.npy,Normal
Pistachio/VAD/vit-features/train/normal/road_normal_less/000000041380_all__1.npy,Normal
Pistachio/VAD/vit-features/train/normal/road_normal_less/000000041380_all__2.npy,Normal
Pistachio/VAD/vit-features/train/normal/road_normal_less/000000041380_all__3.npy,Normal
Pistachio/VAD/vit-features/train/normal/road_normal_less/000000041380_all__4.npy,Normal
Pistachio/VAD/vit-features/train/normal/road_normal_less/000000041380_all__5.npy,Normal
Pistachio/VAD/vit-features/train/normal/road_normal_less/000000041380_all__6.npy,Normal
Pistachio/VAD/vit-features/train/normal/road_normal_less/000000041380_all__7.npy,Normal
Pistachio/VAD/vit-features/train/normal/road_normal_less/000000041380_all__8.npy,Normal
Pistachio/VAD/vit-features/train/normal/road_normal_less/000000041380_all__9.npy,Normal
Pistachio/VAD/vit-features/train/normal/road_normal_less/000000041477_all__0.npy,Normal
Pistachio/VAD/vit-features/train/normal/road_normal_less/000000041477_all__1.npy,Normal
Pistachio/VAD/vit-features/train/normal/road_normal_less/000000041477_all__2.npy,Normal
Pistachio/VAD/vit-features/train/normal/road_normal_less/000000041477_all__3.npy,Normal
Pistachio/VAD/vit-features/train/normal/road_normal_less/000000041477_all__4.npy,Normal
Pistachio/VAD/vit-features/train/normal/road_normal_less/000000041477_all__5.npy,Normal
Pistachio/VAD/vit-features/train/normal/road_normal_less/000000041477_all__6.npy,Normal
Pistachio/VAD/vit-features/train/normal/road_normal_less/000000041477_all__7.npy,Normal
Pistachio/VAD/vit-features/train/normal/road_normal_less/000000041477_all__8.npy,Normal
Pistachio/VAD/vit-features/train/normal/road_normal_less/000000041477_all__9.npy,Normal
Pistachio/VAD/vit-features/train/normal/road_normal_less/000000041537_all__0.npy,Normal
Pistachio/VAD/vit-features/train/normal/road_normal_less/000000041537_all__1.npy,Normal
Pistachio/VAD/vit-features/train/normal/road_normal_less/000000041537_all__2.npy,Normal
Pistachio/VAD/vit-features/train/normal/road_normal_less/000000041537_all__3.npy,Normal
Pistachio/VAD/vit-features/train/normal/road_normal_less/000000041537_all__4.npy,Normal
Pistachio/VAD/vit-features/train/normal/road_normal_less/000000041537_all__5.npy,Normal
Pistachio/VAD/vit-features/train/normal/road_normal_less/000000041537_all__6.npy,Normal
Pistachio/VAD/vit-features/train/normal/road_normal_less/000000041537_all__7.npy,Normal
Pistachio/VAD/vit-features/train/normal/road_normal_less/000000041537_all__8.npy,Normal
Pistachio/VAD/vit-features/train/normal/road_normal_less/000000041537_all__9.npy,Normal
Pistachio/VAD/vit-features/train/normal/road_normal_less/000000041783_all__0.npy,Normal
Pistachio/VAD/vit-features/train/normal/road_normal_less/000000041783_all__1.npy,Normal
Pistachio/VAD/vit-features/train/normal/road_normal_less/000000041783_all__2.npy,Normal
Pistachio/VAD/vit-features/train/normal/road_normal_less/000000041783_all__3.npy,Normal
Pistachio/VAD/vit-features/train/normal/road_normal_less/000000041783_all__4.npy,Normal
Pistachio/VAD/vit-features/train/normal/road_normal_less/000000041783_all__5.npy,Normal
Pistachio/VAD/vit-features/train/normal/road_normal_less/000000041783_all__6.npy,Normal
Pistachio/VAD/vit-features/train/normal/road_normal_less/000000041783_all__7.npy,Normal
Pistachio/VAD/vit-features/train/normal/road_normal_less/000000041783_all__8.npy,Normal
Pistachio/VAD/vit-features/train/normal/road_normal_less/000000041783_all__9.npy,Normal
Pistachio/VAD/vit-features/train/normal/road_normal_less/000000041893_all__0.npy,Normal
Pistachio/VAD/vit-features/train/normal/road_normal_less/000000041893_all__1.npy,Normal
Pistachio/VAD/vit-features/train/normal/road_normal_less/000000041893_all__2.npy,Normal
Pistachio/VAD/vit-features/train/normal/road_normal_less/000000041893_all__3.npy,Normal
Pistachio/VAD/vit-features/train/normal/road_normal_less/000000041893_all__4.npy,Normal
Pistachio/VAD/vit-features/train/normal/road_normal_less/000000041893_all__5.npy,Normal
Pistachio/VAD/vit-features/train/normal/road_normal_less/000000041893_all__6.npy,Normal
Pistachio/VAD/vit-features/train/normal/road_normal_less/000000041893_all__7.npy,Normal
Pistachio/VAD/vit-features/train/normal/road_normal_less/000000041893_all__8.npy,Normal
Pistachio/VAD/vit-features/train/normal/road_normal_less/000000041893_all__9.npy,Normal
Pistachio/VAD/vit-features/train/normal/road_normal_less/000000042264_all__0.npy,Normal
Pistachio/VAD/vit-features/train/normal/road_normal_less/000000042264_all__1.npy,Normal
Pistachio/VAD/vit-features/train/normal/road_normal_less/000000042264_all__2.npy,Normal
Pistachio/VAD/vit-features/train/normal/road_normal_less/000000042264_all__3.npy,Normal
Pistachio/VAD/vit-features/train/normal/road_normal_less/000000042264_all__4.npy,Normal
Pistachio/VAD/vit-features/train/normal/road_normal_less/000000042264_all__5.npy,Normal
Pistachio/VAD/vit-features/train/normal/road_normal_less/000000042264_all__6.npy,Normal
Pistachio/VAD/vit-features/train/normal/road_normal_less/000000042264_all__7.npy,Normal
Pistachio/VAD/vit-features/train/normal/road_normal_less/000000042264_all__8.npy,Normal
Pistachio/VAD/vit-features/train/normal/road_normal_less/000000042264_all__9.npy,Normal
Pistachio/VAD/vit-features/train/normal/road_normal_less/000000042284_all__0.npy,Normal
Pistachio/VAD/vit-features/train/normal/road_normal_less/000000042284_all__1.npy,Normal
Pistachio/VAD/vit-features/train/normal/road_normal_less/000000042284_all__2.npy,Normal
Pistachio/VAD/vit-features/train/normal/road_normal_less/000000042284_all__3.npy,Normal
Pistachio/VAD/vit-features/train/normal/road_normal_less/000000042284_all__4.npy,Normal
Pistachio/VAD/vit-features/train/normal/road_normal_less/000000042284_all__5.npy,Normal
Pistachio/VAD/vit-features/train/normal/road_normal_less/000000042284_all__6.npy,Normal
Pistachio/VAD/vit-features/train/normal/road_normal_less/000000042284_all__7.npy,Normal
Pistachio/VAD/vit-features/train/normal/road_normal_less/000000042284_all__8.npy,Normal
Pistachio/VAD/vit-features/train/normal/road_normal_less/000000042284_all__9.npy,Normal
Pistachio/VAD/vit-features/train/normal/road_normal_less/000000042318_all__0.npy,Normal
Pistachio/VAD/vit-features/train/normal/road_normal_less/000000042318_all__1.npy,Normal
Pistachio/VAD/vit-features/train/normal/road_normal_less/000000042318_all__2.npy,Normal
Pistachio/VAD/vit-features/train/normal/road_normal_less/000000042318_all__3.npy,Normal
Pistachio/VAD/vit-features/train/normal/road_normal_less/000000042318_all__4.npy,Normal
Pistachio/VAD/vit-features/train/normal/road_normal_less/000000042318_all__5.npy,Normal
Pistachio/VAD/vit-features/train/normal/road_normal_less/000000042318_all__6.npy,Normal
Pistachio/VAD/vit-features/train/normal/road_normal_less/000000042318_all__7.npy,Normal
Pistachio/VAD/vit-features/train/normal/road_normal_less/000000042318_all__8.npy,Normal
Pistachio/VAD/vit-features/train/normal/road_normal_less/000000042318_all__9.npy,Normal
Pistachio/VAD/vit-features/train/normal/road_normal_less/000000042676_all__0.npy,Normal
Pistachio/VAD/vit-features/train/normal/road_normal_less/000000042676_all__1.npy,Normal
Pistachio/VAD/vit-features/train/normal/road_normal_less/000000042676_all__2.npy,Normal
Pistachio/VAD/vit-features/train/normal/road_normal_less/000000042676_all__3.npy,Normal
Pistachio/VAD/vit-features/train/normal/road_normal_less/000000042676_all__4.npy,Normal
Pistachio/VAD/vit-features/train/normal/road_normal_less/000000042676_all__5.npy,Normal
Pistachio/VAD/vit-features/train/normal/road_normal_less/000000042676_all__6.npy,Normal
Pistachio/VAD/vit-features/train/normal/road_normal_less/000000042676_all__7.npy,Normal
Pistachio/VAD/vit-features/train/normal/road_normal_less/000000042676_all__8.npy,Normal
Pistachio/VAD/vit-features/train/normal/road_normal_less/000000042676_all__9.npy,Normal
Pistachio/VAD/vit-features/train/normal/road_normal_less/000000042838_all__0.npy,Normal
Pistachio/VAD/vit-features/train/normal/road_normal_less/000000042838_all__1.npy,Normal
Pistachio/VAD/vit-features/train/normal/road_normal_less/000000042838_all__2.npy,Normal
Pistachio/VAD/vit-features/train/normal/road_normal_less/000000042838_all__3.npy,Normal
Pistachio/VAD/vit-features/train/normal/road_normal_less/000000042838_all__4.npy,Normal
Pistachio/VAD/vit-features/train/normal/road_normal_less/000000042838_all__5.npy,Normal
Pistachio/VAD/vit-features/train/normal/road_normal_less/000000042838_all__6.npy,Normal
Pistachio/VAD/vit-features/train/normal/road_normal_less/000000042838_all__7.npy,Normal
Pistachio/VAD/vit-features/train/normal/road_normal_less/000000042838_all__8.npy,Normal
Pistachio/VAD/vit-features/train/normal/road_normal_less/000000042838_all__9.npy,Normal
Pistachio/VAD/vit-features/train/normal/road_normal_less/000000042911_all__0.npy,Normal
Pistachio/VAD/vit-features/train/normal/road_normal_less/000000042911_all__1.npy,Normal
Pistachio/VAD/vit-features/train/normal/road_normal_less/000000042911_all__2.npy,Normal
Pistachio/VAD/vit-features/train/normal/road_normal_less/000000042911_all__3.npy,Normal
Pistachio/VAD/vit-features/train/normal/road_normal_less/000000042911_all__4.npy,Normal
Pistachio/VAD/vit-features/train/normal/road_normal_less/000000042911_all__5.npy,Normal
Pistachio/VAD/vit-features/train/normal/road_normal_less/000000042911_all__6.npy,Normal
Pistachio/VAD/vit-features/train/normal/road_normal_less/000000042911_all__7.npy,Normal
Pistachio/VAD/vit-features/train/normal/road_normal_less/000000042911_all__8.npy,Normal
Pistachio/VAD/vit-features/train/normal/road_normal_less/000000042911_all__9.npy,Normal
Pistachio/VAD/vit-features/train/normal/road_normal_less/000000042933_all__0.npy,Normal
Pistachio/VAD/vit-features/train/normal/road_normal_less/000000042933_all__1.npy,Normal
Pistachio/VAD/vit-features/train/normal/road_normal_less/000000042933_all__2.npy,Normal
Pistachio/VAD/vit-features/train/normal/road_normal_less/000000042933_all__3.npy,Normal
Pistachio/VAD/vit-features/train/normal/road_normal_less/000000042933_all__4.npy,Normal
Pistachio/VAD/vit-features/train/normal/road_normal_less/000000042933_all__5.npy,Normal
Pistachio/VAD/vit-features/train/normal/road_normal_less/000000042933_all__6.npy,Normal
Pistachio/VAD/vit-features/train/normal/road_normal_less/000000042933_all__7.npy,Normal
Pistachio/VAD/vit-features/train/normal/road_normal_less/000000042933_all__8.npy,Normal
Pistachio/VAD/vit-features/train/normal/road_normal_less/000000042933_all__9.npy,Normal
Pistachio/VAD/vit-features/train/normal/road_normal_less/000000043084_all__0.npy,Normal
Pistachio/VAD/vit-features/train/normal/road_normal_less/000000043084_all__1.npy,Normal
Pistachio/VAD/vit-features/train/normal/road_normal_less/000000043084_all__2.npy,Normal
Pistachio/VAD/vit-features/train/normal/road_normal_less/000000043084_all__3.npy,Normal
Pistachio/VAD/vit-features/train/normal/road_normal_less/000000043084_all__4.npy,Normal
Pistachio/VAD/vit-features/train/normal/road_normal_less/000000043084_all__5.npy,Normal
Pistachio/VAD/vit-features/train/normal/road_normal_less/000000043084_all__6.npy,Normal
Pistachio/VAD/vit-features/train/normal/road_normal_less/000000043084_all__7.npy,Normal
Pistachio/VAD/vit-features/train/normal/road_normal_less/000000043084_all__8.npy,Normal
Pistachio/VAD/vit-features/train/normal/road_normal_less/000000043084_all__9.npy,Normal
Pistachio/VAD/vit-features/train/normal/road_normal_less/000000043471_all__0.npy,Normal
Pistachio/VAD/vit-features/train/normal/road_normal_less/000000043471_all__1.npy,Normal
Pistachio/VAD/vit-features/train/normal/road_normal_less/000000043471_all__2.npy,Normal
Pistachio/VAD/vit-features/train/normal/road_normal_less/000000043471_all__3.npy,Normal
Pistachio/VAD/vit-features/train/normal/road_normal_less/000000043471_all__4.npy,Normal
Pistachio/VAD/vit-features/train/normal/road_normal_less/000000043471_all__5.npy,Normal
Pistachio/VAD/vit-features/train/normal/road_normal_less/000000043471_all__6.npy,Normal
Pistachio/VAD/vit-features/train/normal/road_normal_less/000000043471_all__7.npy,Normal
Pistachio/VAD/vit-features/train/normal/road_normal_less/000000043471_all__8.npy,Normal
Pistachio/VAD/vit-features/train/normal/road_normal_less/000000043471_all__9.npy,Normal
Pistachio/VAD/vit-features/train/normal/road_normal_less/000000043538_all__0.npy,Normal
Pistachio/VAD/vit-features/train/normal/road_normal_less/000000043538_all__1.npy,Normal
Pistachio/VAD/vit-features/train/normal/road_normal_less/000000043538_all__2.npy,Normal
Pistachio/VAD/vit-features/train/normal/road_normal_less/000000043538_all__3.npy,Normal
Pistachio/VAD/vit-features/train/normal/road_normal_less/000000043538_all__4.npy,Normal
Pistachio/VAD/vit-features/train/normal/road_normal_less/000000043538_all__5.npy,Normal
Pistachio/VAD/vit-features/train/normal/road_normal_less/000000043538_all__6.npy,Normal
Pistachio/VAD/vit-features/train/normal/road_normal_less/000000043538_all__7.npy,Normal
Pistachio/VAD/vit-features/train/normal/road_normal_less/000000043538_all__8.npy,Normal
Pistachio/VAD/vit-features/train/normal/road_normal_less/000000043538_all__9.npy,Normal
Pistachio/VAD/vit-features/train/normal/road_normal_less/000000043598_all__0.npy,Normal
Pistachio/VAD/vit-features/train/normal/road_normal_less/000000043598_all__1.npy,Normal
Pistachio/VAD/vit-features/train/normal/road_normal_less/000000043598_all__2.npy,Normal
Pistachio/VAD/vit-features/train/normal/road_normal_less/000000043598_all__3.npy,Normal
Pistachio/VAD/vit-features/train/normal/road_normal_less/000000043598_all__4.npy,Normal
Pistachio/VAD/vit-features/train/normal/road_normal_less/000000043598_all__5.npy,Normal
Pistachio/VAD/vit-features/train/normal/road_normal_less/000000043598_all__6.npy,Normal
Pistachio/VAD/vit-features/train/normal/road_normal_less/000000043598_all__7.npy,Normal
Pistachio/VAD/vit-features/train/normal/road_normal_less/000000043598_all__8.npy,Normal
Pistachio/VAD/vit-features/train/normal/road_normal_less/000000043598_all__9.npy,Normal
Pistachio/VAD/vit-features/train/normal/road_normal_less/000000043631_all__0.npy,Normal
Pistachio/VAD/vit-features/train/normal/road_normal_less/000000043631_all__1.npy,Normal
Pistachio/VAD/vit-features/train/normal/road_normal_less/000000043631_all__2.npy,Normal
Pistachio/VAD/vit-features/train/normal/road_normal_less/000000043631_all__3.npy,Normal
Pistachio/VAD/vit-features/train/normal/road_normal_less/000000043631_all__4.npy,Normal
Pistachio/VAD/vit-features/train/normal/road_normal_less/000000043631_all__5.npy,Normal
Pistachio/VAD/vit-features/train/normal/road_normal_less/000000043631_all__6.npy,Normal
Pistachio/VAD/vit-features/train/normal/road_normal_less/000000043631_all__7.npy,Normal
Pistachio/VAD/vit-features/train/normal/road_normal_less/000000043631_all__8.npy,Normal
Pistachio/VAD/vit-features/train/normal/road_normal_less/000000043631_all__9.npy,Normal
Pistachio/VAD/vit-features/train/normal/road_normal_less/000000043820_all__0.npy,Normal
Pistachio/VAD/vit-features/train/normal/road_normal_less/000000043820_all__1.npy,Normal
Pistachio/VAD/vit-features/train/normal/road_normal_less/000000043820_all__2.npy,Normal
Pistachio/VAD/vit-features/train/normal/road_normal_less/000000043820_all__3.npy,Normal
Pistachio/VAD/vit-features/train/normal/road_normal_less/000000043820_all__4.npy,Normal
Pistachio/VAD/vit-features/train/normal/road_normal_less/000000043820_all__5.npy,Normal
Pistachio/VAD/vit-features/train/normal/road_normal_less/000000043820_all__6.npy,Normal
Pistachio/VAD/vit-features/train/normal/road_normal_less/000000043820_all__7.npy,Normal
Pistachio/VAD/vit-features/train/normal/road_normal_less/000000043820_all__8.npy,Normal
Pistachio/VAD/vit-features/train/normal/road_normal_less/000000043820_all__9.npy,Normal
Pistachio/VAD/vit-features/train/normal/road_normal_less/000000043857_all__0.npy,Normal
Pistachio/VAD/vit-features/train/normal/road_normal_less/000000043857_all__1.npy,Normal
Pistachio/VAD/vit-features/train/normal/road_normal_less/000000043857_all__2.npy,Normal
Pistachio/VAD/vit-features/train/normal/road_normal_less/000000043857_all__3.npy,Normal
Pistachio/VAD/vit-features/train/normal/road_normal_less/000000043857_all__4.npy,Normal
Pistachio/VAD/vit-features/train/normal/road_normal_less/000000043857_all__5.npy,Normal
Pistachio/VAD/vit-features/train/normal/road_normal_less/000000043857_all__6.npy,Normal
Pistachio/VAD/vit-features/train/normal/road_normal_less/000000043857_all__7.npy,Normal
Pistachio/VAD/vit-features/train/normal/road_normal_less/000000043857_all__8.npy,Normal
Pistachio/VAD/vit-features/train/normal/road_normal_less/000000043857_all__9.npy,Normal
Pistachio/VAD/vit-features/train/normal/road_normal_less/000000044095_all__0.npy,Normal
Pistachio/VAD/vit-features/train/normal/road_normal_less/000000044095_all__1.npy,Normal
Pistachio/VAD/vit-features/train/normal/road_normal_less/000000044095_all__2.npy,Normal
Pistachio/VAD/vit-features/train/normal/road_normal_less/000000044095_all__3.npy,Normal
Pistachio/VAD/vit-features/train/normal/road_normal_less/000000044095_all__4.npy,Normal
Pistachio/VAD/vit-features/train/normal/road_normal_less/000000044095_all__5.npy,Normal
Pistachio/VAD/vit-features/train/normal/road_normal_less/000000044095_all__6.npy,Normal
Pistachio/VAD/vit-features/train/normal/road_normal_less/000000044095_all__7.npy,Normal
Pistachio/VAD/vit-features/train/normal/road_normal_less/000000044095_all__8.npy,Normal
Pistachio/VAD/vit-features/train/normal/road_normal_less/000000044095_all__9.npy,Normal
Pistachio/VAD/vit-features/train/normal/road_normal_less/000000044134_all__0.npy,Normal
Pistachio/VAD/vit-features/train/normal/road_normal_less/000000044134_all__1.npy,Normal
Pistachio/VAD/vit-features/train/normal/road_normal_less/000000044134_all__2.npy,Normal
Pistachio/VAD/vit-features/train/normal/road_normal_less/000000044134_all__3.npy,Normal
Pistachio/VAD/vit-features/train/normal/road_normal_less/000000044134_all__4.npy,Normal
Pistachio/VAD/vit-features/train/normal/road_normal_less/000000044134_all__5.npy,Normal
Pistachio/VAD/vit-features/train/normal/road_normal_less/000000044134_all__6.npy,Normal
Pistachio/VAD/vit-features/train/normal/road_normal_less/000000044134_all__7.npy,Normal
Pistachio/VAD/vit-features/train/normal/road_normal_less/000000044134_all__8.npy,Normal
Pistachio/VAD/vit-features/train/normal/road_normal_less/000000044134_all__9.npy,Normal
Pistachio/VAD/vit-features/train/normal/road_normal_less/000000044274_all__0.npy,Normal
Pistachio/VAD/vit-features/train/normal/road_normal_less/000000044274_all__1.npy,Normal
Pistachio/VAD/vit-features/train/normal/road_normal_less/000000044274_all__2.npy,Normal
Pistachio/VAD/vit-features/train/normal/road_normal_less/000000044274_all__3.npy,Normal
Pistachio/VAD/vit-features/train/normal/road_normal_less/000000044274_all__4.npy,Normal
Pistachio/VAD/vit-features/train/normal/road_normal_less/000000044274_all__5.npy,Normal
Pistachio/VAD/vit-features/train/normal/road_normal_less/000000044274_all__6.npy,Normal
Pistachio/VAD/vit-features/train/normal/road_normal_less/000000044274_all__7.npy,Normal
Pistachio/VAD/vit-features/train/normal/road_normal_less/000000044274_all__8.npy,Normal
Pistachio/VAD/vit-features/train/normal/road_normal_less/000000044274_all__9.npy,Normal
Pistachio/VAD/vit-features/train/normal/road_normal_less/000000044805_all__0.npy,Normal
Pistachio/VAD/vit-features/train/normal/road_normal_less/000000044805_all__1.npy,Normal
Pistachio/VAD/vit-features/train/normal/road_normal_less/000000044805_all__2.npy,Normal
Pistachio/VAD/vit-features/train/normal/road_normal_less/000000044805_all__3.npy,Normal
Pistachio/VAD/vit-features/train/normal/road_normal_less/000000044805_all__4.npy,Normal
Pistachio/VAD/vit-features/train/normal/road_normal_less/000000044805_all__5.npy,Normal
Pistachio/VAD/vit-features/train/normal/road_normal_less/000000044805_all__6.npy,Normal
Pistachio/VAD/vit-features/train/normal/road_normal_less/000000044805_all__7.npy,Normal
Pistachio/VAD/vit-features/train/normal/road_normal_less/000000044805_all__8.npy,Normal
Pistachio/VAD/vit-features/train/normal/road_normal_less/000000044805_all__9.npy,Normal
Pistachio/VAD/vit-features/train/normal/road_normal_less/000000044828_all__0.npy,Normal
Pistachio/VAD/vit-features/train/normal/road_normal_less/000000044828_all__1.npy,Normal
Pistachio/VAD/vit-features/train/normal/road_normal_less/000000044828_all__2.npy,Normal
Pistachio/VAD/vit-features/train/normal/road_normal_less/000000044828_all__3.npy,Normal
Pistachio/VAD/vit-features/train/normal/road_normal_less/000000044828_all__4.npy,Normal
Pistachio/VAD/vit-features/train/normal/road_normal_less/000000044828_all__5.npy,Normal
Pistachio/VAD/vit-features/train/normal/road_normal_less/000000044828_all__6.npy,Normal
Pistachio/VAD/vit-features/train/normal/road_normal_less/000000044828_all__7.npy,Normal
Pistachio/VAD/vit-features/train/normal/road_normal_less/000000044828_all__8.npy,Normal
Pistachio/VAD/vit-features/train/normal/road_normal_less/000000044828_all__9.npy,Normal
Pistachio/VAD/vit-features/train/normal/road_normal_less/000000044916_all__0.npy,Normal
Pistachio/VAD/vit-features/train/normal/road_normal_less/000000044916_all__1.npy,Normal
Pistachio/VAD/vit-features/train/normal/road_normal_less/000000044916_all__2.npy,Normal
Pistachio/VAD/vit-features/train/normal/road_normal_less/000000044916_all__3.npy,Normal
Pistachio/VAD/vit-features/train/normal/road_normal_less/000000044916_all__4.npy,Normal
Pistachio/VAD/vit-features/train/normal/road_normal_less/000000044916_all__5.npy,Normal
Pistachio/VAD/vit-features/train/normal/road_normal_less/000000044916_all__6.npy,Normal
Pistachio/VAD/vit-features/train/normal/road_normal_less/000000044916_all__7.npy,Normal
Pistachio/VAD/vit-features/train/normal/road_normal_less/000000044916_all__8.npy,Normal
Pistachio/VAD/vit-features/train/normal/road_normal_less/000000044916_all__9.npy,Normal
Pistachio/VAD/vit-features/train/normal/road_normal_less/000000045077_all__0.npy,Normal
Pistachio/VAD/vit-features/train/normal/road_normal_less/000000045077_all__1.npy,Normal
Pistachio/VAD/vit-features/train/normal/road_normal_less/000000045077_all__2.npy,Normal
Pistachio/VAD/vit-features/train/normal/road_normal_less/000000045077_all__3.npy,Normal
Pistachio/VAD/vit-features/train/normal/road_normal_less/000000045077_all__4.npy,Normal
Pistachio/VAD/vit-features/train/normal/road_normal_less/000000045077_all__5.npy,Normal
Pistachio/VAD/vit-features/train/normal/road_normal_less/000000045077_all__6.npy,Normal
Pistachio/VAD/vit-features/train/normal/road_normal_less/000000045077_all__7.npy,Normal
Pistachio/VAD/vit-features/train/normal/road_normal_less/000000045077_all__8.npy,Normal
Pistachio/VAD/vit-features/train/normal/road_normal_less/000000045077_all__9.npy,Normal
Pistachio/VAD/vit-features/train/normal/road_normal_less/000000045139_all__0.npy,Normal
Pistachio/VAD/vit-features/train/normal/road_normal_less/000000045139_all__1.npy,Normal
Pistachio/VAD/vit-features/train/normal/road_normal_less/000000045139_all__2.npy,Normal
Pistachio/VAD/vit-features/train/normal/road_normal_less/000000045139_all__3.npy,Normal
Pistachio/VAD/vit-features/train/normal/road_normal_less/000000045139_all__4.npy,Normal
Pistachio/VAD/vit-features/train/normal/road_normal_less/000000045139_all__5.npy,Normal
Pistachio/VAD/vit-features/train/normal/road_normal_less/000000045139_all__6.npy,Normal
Pistachio/VAD/vit-features/train/normal/road_normal_less/000000045139_all__7.npy,Normal
Pistachio/VAD/vit-features/train/normal/road_normal_less/000000045139_all__8.npy,Normal
Pistachio/VAD/vit-features/train/normal/road_normal_less/000000045139_all__9.npy,Normal
Pistachio/VAD/vit-features/train/normal/road_normal_less/000000045142_all__0.npy,Normal
Pistachio/VAD/vit-features/train/normal/road_normal_less/000000045142_all__1.npy,Normal
Pistachio/VAD/vit-features/train/normal/road_normal_less/000000045142_all__2.npy,Normal
Pistachio/VAD/vit-features/train/normal/road_normal_less/000000045142_all__3.npy,Normal
Pistachio/VAD/vit-features/train/normal/road_normal_less/000000045142_all__4.npy,Normal
Pistachio/VAD/vit-features/train/normal/road_normal_less/000000045142_all__5.npy,Normal
Pistachio/VAD/vit-features/train/normal/road_normal_less/000000045142_all__6.npy,Normal
Pistachio/VAD/vit-features/train/normal/road_normal_less/000000045142_all__7.npy,Normal
Pistachio/VAD/vit-features/train/normal/road_normal_less/000000045142_all__8.npy,Normal
Pistachio/VAD/vit-features/train/normal/road_normal_less/000000045142_all__9.npy,Normal
Pistachio/VAD/vit-features/train/normal/road_normal_less/000000045305_all__0.npy,Normal
Pistachio/VAD/vit-features/train/normal/road_normal_less/000000045305_all__1.npy,Normal
Pistachio/VAD/vit-features/train/normal/road_normal_less/000000045305_all__2.npy,Normal
Pistachio/VAD/vit-features/train/normal/road_normal_less/000000045305_all__3.npy,Normal
Pistachio/VAD/vit-features/train/normal/road_normal_less/000000045305_all__4.npy,Normal
Pistachio/VAD/vit-features/train/normal/road_normal_less/000000045305_all__5.npy,Normal
Pistachio/VAD/vit-features/train/normal/road_normal_less/000000045305_all__6.npy,Normal
Pistachio/VAD/vit-features/train/normal/road_normal_less/000000045305_all__7.npy,Normal
Pistachio/VAD/vit-features/train/normal/road_normal_less/000000045305_all__8.npy,Normal
Pistachio/VAD/vit-features/train/normal/road_normal_less/000000045305_all__9.npy,Normal
Pistachio/VAD/vit-features/train/normal/road_normal_less/000000045716_all__0.npy,Normal
Pistachio/VAD/vit-features/train/normal/road_normal_less/000000045716_all__1.npy,Normal
Pistachio/VAD/vit-features/train/normal/road_normal_less/000000045716_all__2.npy,Normal
Pistachio/VAD/vit-features/train/normal/road_normal_less/000000045716_all__3.npy,Normal
Pistachio/VAD/vit-features/train/normal/road_normal_less/000000045716_all__4.npy,Normal
Pistachio/VAD/vit-features/train/normal/road_normal_less/000000045716_all__5.npy,Normal
Pistachio/VAD/vit-features/train/normal/road_normal_less/000000045716_all__6.npy,Normal
Pistachio/VAD/vit-features/train/normal/road_normal_less/000000045716_all__7.npy,Normal
Pistachio/VAD/vit-features/train/normal/road_normal_less/000000045716_all__8.npy,Normal
Pistachio/VAD/vit-features/train/normal/road_normal_less/000000045716_all__9.npy,Normal
Pistachio/VAD/vit-features/train/normal/road_normal_less/000000045906_all__0.npy,Normal
Pistachio/VAD/vit-features/train/normal/road_normal_less/000000045906_all__1.npy,Normal
Pistachio/VAD/vit-features/train/normal/road_normal_less/000000045906_all__2.npy,Normal
Pistachio/VAD/vit-features/train/normal/road_normal_less/000000045906_all__3.npy,Normal
Pistachio/VAD/vit-features/train/normal/road_normal_less/000000045906_all__4.npy,Normal
Pistachio/VAD/vit-features/train/normal/road_normal_less/000000045906_all__5.npy,Normal
Pistachio/VAD/vit-features/train/normal/road_normal_less/000000045906_all__6.npy,Normal
Pistachio/VAD/vit-features/train/normal/road_normal_less/000000045906_all__7.npy,Normal
Pistachio/VAD/vit-features/train/normal/road_normal_less/000000045906_all__8.npy,Normal
Pistachio/VAD/vit-features/train/normal/road_normal_less/000000045906_all__9.npy,Normal
Pistachio/VAD/vit-features/train/normal/road_normal_less/000000046036_all__0.npy,Normal
Pistachio/VAD/vit-features/train/normal/road_normal_less/000000046036_all__1.npy,Normal
Pistachio/VAD/vit-features/train/normal/road_normal_less/000000046036_all__2.npy,Normal
Pistachio/VAD/vit-features/train/normal/road_normal_less/000000046036_all__3.npy,Normal
Pistachio/VAD/vit-features/train/normal/road_normal_less/000000046036_all__4.npy,Normal
Pistachio/VAD/vit-features/train/normal/road_normal_less/000000046036_all__5.npy,Normal
Pistachio/VAD/vit-features/train/normal/road_normal_less/000000046036_all__6.npy,Normal
Pistachio/VAD/vit-features/train/normal/road_normal_less/000000046036_all__7.npy,Normal
Pistachio/VAD/vit-features/train/normal/road_normal_less/000000046036_all__8.npy,Normal
Pistachio/VAD/vit-features/train/normal/road_normal_less/000000046036_all__9.npy,Normal
Pistachio/VAD/vit-features/train/normal/road_normal_less/000000046080_all__0.npy,Normal
Pistachio/VAD/vit-features/train/normal/road_normal_less/000000046080_all__1.npy,Normal
Pistachio/VAD/vit-features/train/normal/road_normal_less/000000046080_all__2.npy,Normal
Pistachio/VAD/vit-features/train/normal/road_normal_less/000000046080_all__3.npy,Normal
Pistachio/VAD/vit-features/train/normal/road_normal_less/000000046080_all__4.npy,Normal
Pistachio/VAD/vit-features/train/normal/road_normal_less/000000046080_all__5.npy,Normal
Pistachio/VAD/vit-features/train/normal/road_normal_less/000000046080_all__6.npy,Normal
Pistachio/VAD/vit-features/train/normal/road_normal_less/000000046080_all__7.npy,Normal
Pistachio/VAD/vit-features/train/normal/road_normal_less/000000046080_all__8.npy,Normal
Pistachio/VAD/vit-features/train/normal/road_normal_less/000000046080_all__9.npy,Normal
Pistachio/VAD/vit-features/train/normal/road_normal_less/000000046158_all__0.npy,Normal
Pistachio/VAD/vit-features/train/normal/road_normal_less/000000046158_all__1.npy,Normal
Pistachio/VAD/vit-features/train/normal/road_normal_less/000000046158_all__2.npy,Normal
Pistachio/VAD/vit-features/train/normal/road_normal_less/000000046158_all__3.npy,Normal
Pistachio/VAD/vit-features/train/normal/road_normal_less/000000046158_all__4.npy,Normal
Pistachio/VAD/vit-features/train/normal/road_normal_less/000000046158_all__5.npy,Normal
Pistachio/VAD/vit-features/train/normal/road_normal_less/000000046158_all__6.npy,Normal
Pistachio/VAD/vit-features/train/normal/road_normal_less/000000046158_all__7.npy,Normal
Pistachio/VAD/vit-features/train/normal/road_normal_less/000000046158_all__8.npy,Normal
Pistachio/VAD/vit-features/train/normal/road_normal_less/000000046158_all__9.npy,Normal
Pistachio/VAD/vit-features/train/normal/road_normal_less/000000046179_all__0.npy,Normal
Pistachio/VAD/vit-features/train/normal/road_normal_less/000000046179_all__1.npy,Normal
Pistachio/VAD/vit-features/train/normal/road_normal_less/000000046179_all__2.npy,Normal
Pistachio/VAD/vit-features/train/normal/road_normal_less/000000046179_all__3.npy,Normal
Pistachio/VAD/vit-features/train/normal/road_normal_less/000000046179_all__4.npy,Normal
Pistachio/VAD/vit-features/train/normal/road_normal_less/000000046179_all__5.npy,Normal
Pistachio/VAD/vit-features/train/normal/road_normal_less/000000046179_all__6.npy,Normal
Pistachio/VAD/vit-features/train/normal/road_normal_less/000000046179_all__7.npy,Normal
Pistachio/VAD/vit-features/train/normal/road_normal_less/000000046179_all__8.npy,Normal
Pistachio/VAD/vit-features/train/normal/road_normal_less/000000046179_all__9.npy,Normal
Pistachio/VAD/vit-features/train/normal/road_normal_less/000000046192_all__0.npy,Normal
Pistachio/VAD/vit-features/train/normal/road_normal_less/000000046192_all__1.npy,Normal
Pistachio/VAD/vit-features/train/normal/road_normal_less/000000046192_all__2.npy,Normal
Pistachio/VAD/vit-features/train/normal/road_normal_less/000000046192_all__3.npy,Normal
Pistachio/VAD/vit-features/train/normal/road_normal_less/000000046192_all__4.npy,Normal
Pistachio/VAD/vit-features/train/normal/road_normal_less/000000046192_all__5.npy,Normal
Pistachio/VAD/vit-features/train/normal/road_normal_less/000000046192_all__6.npy,Normal
Pistachio/VAD/vit-features/train/normal/road_normal_less/000000046192_all__7.npy,Normal
Pistachio/VAD/vit-features/train/normal/road_normal_less/000000046192_all__8.npy,Normal
Pistachio/VAD/vit-features/train/normal/road_normal_less/000000046192_all__9.npy,Normal
Pistachio/VAD/vit-features/train/normal/road_normal_less/000000046363_all__0.npy,Normal
Pistachio/VAD/vit-features/train/normal/road_normal_less/000000046363_all__1.npy,Normal
Pistachio/VAD/vit-features/train/normal/road_normal_less/000000046363_all__2.npy,Normal
Pistachio/VAD/vit-features/train/normal/road_normal_less/000000046363_all__3.npy,Normal
Pistachio/VAD/vit-features/train/normal/road_normal_less/000000046363_all__4.npy,Normal
Pistachio/VAD/vit-features/train/normal/road_normal_less/000000046363_all__5.npy,Normal
Pistachio/VAD/vit-features/train/normal/road_normal_less/000000046363_all__6.npy,Normal
Pistachio/VAD/vit-features/train/normal/road_normal_less/000000046363_all__7.npy,Normal
Pistachio/VAD/vit-features/train/normal/road_normal_less/000000046363_all__8.npy,Normal
Pistachio/VAD/vit-features/train/normal/road_normal_less/000000046363_all__9.npy,Normal
Pistachio/VAD/vit-features/train/normal/road_normal_less/000000046368_all__0.npy,Normal
Pistachio/VAD/vit-features/train/normal/road_normal_less/000000046368_all__1.npy,Normal
Pistachio/VAD/vit-features/train/normal/road_normal_less/000000046368_all__2.npy,Normal
Pistachio/VAD/vit-features/train/normal/road_normal_less/000000046368_all__3.npy,Normal
Pistachio/VAD/vit-features/train/normal/road_normal_less/000000046368_all__4.npy,Normal
Pistachio/VAD/vit-features/train/normal/road_normal_less/000000046368_all__5.npy,Normal
Pistachio/VAD/vit-features/train/normal/road_normal_less/000000046368_all__6.npy,Normal
Pistachio/VAD/vit-features/train/normal/road_normal_less/000000046368_all__7.npy,Normal
Pistachio/VAD/vit-features/train/normal/road_normal_less/000000046368_all__8.npy,Normal
Pistachio/VAD/vit-features/train/normal/road_normal_less/000000046368_all__9.npy,Normal
Pistachio/VAD/vit-features/train/normal/road_normal_less/000000046436_all__0.npy,Normal
Pistachio/VAD/vit-features/train/normal/road_normal_less/000000046436_all__1.npy,Normal
Pistachio/VAD/vit-features/train/normal/road_normal_less/000000046436_all__2.npy,Normal
Pistachio/VAD/vit-features/train/normal/road_normal_less/000000046436_all__3.npy,Normal
Pistachio/VAD/vit-features/train/normal/road_normal_less/000000046436_all__4.npy,Normal
Pistachio/VAD/vit-features/train/normal/road_normal_less/000000046436_all__5.npy,Normal
Pistachio/VAD/vit-features/train/normal/road_normal_less/000000046436_all__6.npy,Normal
Pistachio/VAD/vit-features/train/normal/road_normal_less/000000046436_all__7.npy,Normal
Pistachio/VAD/vit-features/train/normal/road_normal_less/000000046436_all__8.npy,Normal
Pistachio/VAD/vit-features/train/normal/road_normal_less/000000046436_all__9.npy,Normal
Pistachio/VAD/vit-features/train/normal/road_normal_less/000000046448_all__0.npy,Normal
Pistachio/VAD/vit-features/train/normal/road_normal_less/000000046448_all__1.npy,Normal
Pistachio/VAD/vit-features/train/normal/road_normal_less/000000046448_all__2.npy,Normal
Pistachio/VAD/vit-features/train/normal/road_normal_less/000000046448_all__3.npy,Normal
Pistachio/VAD/vit-features/train/normal/road_normal_less/000000046448_all__4.npy,Normal
Pistachio/VAD/vit-features/train/normal/road_normal_less/000000046448_all__5.npy,Normal
Pistachio/VAD/vit-features/train/normal/road_normal_less/000000046448_all__6.npy,Normal
Pistachio/VAD/vit-features/train/normal/road_normal_less/000000046448_all__7.npy,Normal
Pistachio/VAD/vit-features/train/normal/road_normal_less/000000046448_all__8.npy,Normal
Pistachio/VAD/vit-features/train/normal/road_normal_less/000000046448_all__9.npy,Normal
Pistachio/VAD/vit-features/train/normal/road_normal_less/000000046493_all__0.npy,Normal
Pistachio/VAD/vit-features/train/normal/road_normal_less/000000046493_all__1.npy,Normal
Pistachio/VAD/vit-features/train/normal/road_normal_less/000000046493_all__2.npy,Normal
Pistachio/VAD/vit-features/train/normal/road_normal_less/000000046493_all__3.npy,Normal
Pistachio/VAD/vit-features/train/normal/road_normal_less/000000046493_all__4.npy,Normal
Pistachio/VAD/vit-features/train/normal/road_normal_less/000000046493_all__5.npy,Normal
Pistachio/VAD/vit-features/train/normal/road_normal_less/000000046493_all__6.npy,Normal
Pistachio/VAD/vit-features/train/normal/road_normal_less/000000046493_all__7.npy,Normal
Pistachio/VAD/vit-features/train/normal/road_normal_less/000000046493_all__8.npy,Normal
Pistachio/VAD/vit-features/train/normal/road_normal_less/000000046493_all__9.npy,Normal
Pistachio/VAD/vit-features/train/normal/road_normal_less/000000046721_all__0.npy,Normal
Pistachio/VAD/vit-features/train/normal/road_normal_less/000000046721_all__1.npy,Normal
Pistachio/VAD/vit-features/train/normal/road_normal_less/000000046721_all__2.npy,Normal
Pistachio/VAD/vit-features/train/normal/road_normal_less/000000046721_all__3.npy,Normal
Pistachio/VAD/vit-features/train/normal/road_normal_less/000000046721_all__4.npy,Normal
Pistachio/VAD/vit-features/train/normal/road_normal_less/000000046721_all__5.npy,Normal
Pistachio/VAD/vit-features/train/normal/road_normal_less/000000046721_all__6.npy,Normal
Pistachio/VAD/vit-features/train/normal/road_normal_less/000000046721_all__7.npy,Normal
Pistachio/VAD/vit-features/train/normal/road_normal_less/000000046721_all__8.npy,Normal
Pistachio/VAD/vit-features/train/normal/road_normal_less/000000046721_all__9.npy,Normal
Pistachio/VAD/vit-features/train/normal/road_normal_less/000000046800_all__0.npy,Normal
Pistachio/VAD/vit-features/train/normal/road_normal_less/000000046800_all__1.npy,Normal
Pistachio/VAD/vit-features/train/normal/road_normal_less/000000046800_all__2.npy,Normal
Pistachio/VAD/vit-features/train/normal/road_normal_less/000000046800_all__3.npy,Normal
Pistachio/VAD/vit-features/train/normal/road_normal_less/000000046800_all__4.npy,Normal
Pistachio/VAD/vit-features/train/normal/road_normal_less/000000046800_all__5.npy,Normal
Pistachio/VAD/vit-features/train/normal/road_normal_less/000000046800_all__6.npy,Normal
Pistachio/VAD/vit-features/train/normal/road_normal_less/000000046800_all__7.npy,Normal
Pistachio/VAD/vit-features/train/normal/road_normal_less/000000046800_all__8.npy,Normal
Pistachio/VAD/vit-features/train/normal/road_normal_less/000000046800_all__9.npy,Normal
Pistachio/VAD/vit-features/train/normal/road_normal_less/000000046873_all__0.npy,Normal
Pistachio/VAD/vit-features/train/normal/road_normal_less/000000046873_all__1.npy,Normal
Pistachio/VAD/vit-features/train/normal/road_normal_less/000000046873_all__2.npy,Normal
Pistachio/VAD/vit-features/train/normal/road_normal_less/000000046873_all__3.npy,Normal
Pistachio/VAD/vit-features/train/normal/road_normal_less/000000046873_all__4.npy,Normal
Pistachio/VAD/vit-features/train/normal/road_normal_less/000000046873_all__5.npy,Normal
Pistachio/VAD/vit-features/train/normal/road_normal_less/000000046873_all__6.npy,Normal
Pistachio/VAD/vit-features/train/normal/road_normal_less/000000046873_all__7.npy,Normal
Pistachio/VAD/vit-features/train/normal/road_normal_less/000000046873_all__8.npy,Normal
Pistachio/VAD/vit-features/train/normal/road_normal_less/000000046873_all__9.npy,Normal
Pistachio/VAD/vit-features/train/normal/road_normal_less/000000046914_all__0.npy,Normal
Pistachio/VAD/vit-features/train/normal/road_normal_less/000000046914_all__1.npy,Normal
Pistachio/VAD/vit-features/train/normal/road_normal_less/000000046914_all__2.npy,Normal
Pistachio/VAD/vit-features/train/normal/road_normal_less/000000046914_all__3.npy,Normal
Pistachio/VAD/vit-features/train/normal/road_normal_less/000000046914_all__4.npy,Normal
Pistachio/VAD/vit-features/train/normal/road_normal_less/000000046914_all__5.npy,Normal
Pistachio/VAD/vit-features/train/normal/road_normal_less/000000046914_all__6.npy,Normal
Pistachio/VAD/vit-features/train/normal/road_normal_less/000000046914_all__7.npy,Normal
Pistachio/VAD/vit-features/train/normal/road_normal_less/000000046914_all__8.npy,Normal
Pistachio/VAD/vit-features/train/normal/road_normal_less/000000046914_all__9.npy,Normal
Pistachio/VAD/vit-features/train/normal/road_normal_less/000000046968_all__0.npy,Normal
Pistachio/VAD/vit-features/train/normal/road_normal_less/000000046968_all__1.npy,Normal
Pistachio/VAD/vit-features/train/normal/road_normal_less/000000046968_all__2.npy,Normal
Pistachio/VAD/vit-features/train/normal/road_normal_less/000000046968_all__3.npy,Normal
Pistachio/VAD/vit-features/train/normal/road_normal_less/000000046968_all__4.npy,Normal
Pistachio/VAD/vit-features/train/normal/road_normal_less/000000046968_all__5.npy,Normal
Pistachio/VAD/vit-features/train/normal/road_normal_less/000000046968_all__6.npy,Normal
Pistachio/VAD/vit-features/train/normal/road_normal_less/000000046968_all__7.npy,Normal
Pistachio/VAD/vit-features/train/normal/road_normal_less/000000046968_all__8.npy,Normal
Pistachio/VAD/vit-features/train/normal/road_normal_less/000000046968_all__9.npy,Normal
Pistachio/VAD/vit-features/train/normal/road_normal_less/000000047079_all__0.npy,Normal
Pistachio/VAD/vit-features/train/normal/road_normal_less/000000047079_all__1.npy,Normal
Pistachio/VAD/vit-features/train/normal/road_normal_less/000000047079_all__2.npy,Normal
Pistachio/VAD/vit-features/train/normal/road_normal_less/000000047079_all__3.npy,Normal
Pistachio/VAD/vit-features/train/normal/road_normal_less/000000047079_all__4.npy,Normal
Pistachio/VAD/vit-features/train/normal/road_normal_less/000000047079_all__5.npy,Normal
Pistachio/VAD/vit-features/train/normal/road_normal_less/000000047079_all__6.npy,Normal
Pistachio/VAD/vit-features/train/normal/road_normal_less/000000047079_all__7.npy,Normal
Pistachio/VAD/vit-features/train/normal/road_normal_less/000000047079_all__8.npy,Normal
Pistachio/VAD/vit-features/train/normal/road_normal_less/000000047079_all__9.npy,Normal
Pistachio/VAD/vit-features/train/normal/road_normal_less/000000047119_all__0.npy,Normal
Pistachio/VAD/vit-features/train/normal/road_normal_less/000000047119_all__1.npy,Normal
Pistachio/VAD/vit-features/train/normal/road_normal_less/000000047119_all__2.npy,Normal
Pistachio/VAD/vit-features/train/normal/road_normal_less/000000047119_all__3.npy,Normal
Pistachio/VAD/vit-features/train/normal/road_normal_less/000000047119_all__4.npy,Normal
Pistachio/VAD/vit-features/train/normal/road_normal_less/000000047119_all__5.npy,Normal
Pistachio/VAD/vit-features/train/normal/road_normal_less/000000047119_all__6.npy,Normal
Pistachio/VAD/vit-features/train/normal/road_normal_less/000000047119_all__7.npy,Normal
Pistachio/VAD/vit-features/train/normal/road_normal_less/000000047119_all__8.npy,Normal
Pistachio/VAD/vit-features/train/normal/road_normal_less/000000047119_all__9.npy,Normal
Pistachio/VAD/vit-features/train/normal/road_normal_less/000000047231_all__0.npy,Normal
Pistachio/VAD/vit-features/train/normal/road_normal_less/000000047231_all__1.npy,Normal
Pistachio/VAD/vit-features/train/normal/road_normal_less/000000047231_all__2.npy,Normal
Pistachio/VAD/vit-features/train/normal/road_normal_less/000000047231_all__3.npy,Normal
Pistachio/VAD/vit-features/train/normal/road_normal_less/000000047231_all__4.npy,Normal
Pistachio/VAD/vit-features/train/normal/road_normal_less/000000047231_all__5.npy,Normal
Pistachio/VAD/vit-features/train/normal/road_normal_less/000000047231_all__6.npy,Normal
Pistachio/VAD/vit-features/train/normal/road_normal_less/000000047231_all__7.npy,Normal
Pistachio/VAD/vit-features/train/normal/road_normal_less/000000047231_all__8.npy,Normal
Pistachio/VAD/vit-features/train/normal/road_normal_less/000000047231_all__9.npy,Normal
Pistachio/VAD/vit-features/train/normal/road_normal_less/000000047233_all__0.npy,Normal
Pistachio/VAD/vit-features/train/normal/road_normal_less/000000047233_all__1.npy,Normal
Pistachio/VAD/vit-features/train/normal/road_normal_less/000000047233_all__2.npy,Normal
Pistachio/VAD/vit-features/train/normal/road_normal_less/000000047233_all__3.npy,Normal
Pistachio/VAD/vit-features/train/normal/road_normal_less/000000047233_all__4.npy,Normal
Pistachio/VAD/vit-features/train/normal/road_normal_less/000000047233_all__5.npy,Normal
Pistachio/VAD/vit-features/train/normal/road_normal_less/000000047233_all__6.npy,Normal
Pistachio/VAD/vit-features/train/normal/road_normal_less/000000047233_all__7.npy,Normal
Pistachio/VAD/vit-features/train/normal/road_normal_less/000000047233_all__8.npy,Normal
Pistachio/VAD/vit-features/train/normal/road_normal_less/000000047233_all__9.npy,Normal
Pistachio/VAD/vit-features/train/normal/road_normal_less/000000047390_all__0.npy,Normal
Pistachio/VAD/vit-features/train/normal/road_normal_less/000000047390_all__1.npy,Normal
Pistachio/VAD/vit-features/train/normal/road_normal_less/000000047390_all__2.npy,Normal
Pistachio/VAD/vit-features/train/normal/road_normal_less/000000047390_all__3.npy,Normal
Pistachio/VAD/vit-features/train/normal/road_normal_less/000000047390_all__4.npy,Normal
Pistachio/VAD/vit-features/train/normal/road_normal_less/000000047390_all__5.npy,Normal
Pistachio/VAD/vit-features/train/normal/road_normal_less/000000047390_all__6.npy,Normal
Pistachio/VAD/vit-features/train/normal/road_normal_less/000000047390_all__7.npy,Normal
Pistachio/VAD/vit-features/train/normal/road_normal_less/000000047390_all__8.npy,Normal
Pistachio/VAD/vit-features/train/normal/road_normal_less/000000047390_all__9.npy,Normal
Pistachio/VAD/vit-features/train/normal/road_normal_less/000000047689_all__0.npy,Normal
Pistachio/VAD/vit-features/train/normal/road_normal_less/000000047689_all__1.npy,Normal
Pistachio/VAD/vit-features/train/normal/road_normal_less/000000047689_all__2.npy,Normal
Pistachio/VAD/vit-features/train/normal/road_normal_less/000000047689_all__3.npy,Normal
Pistachio/VAD/vit-features/train/normal/road_normal_less/000000047689_all__4.npy,Normal
Pistachio/VAD/vit-features/train/normal/road_normal_less/000000047689_all__5.npy,Normal
Pistachio/VAD/vit-features/train/normal/road_normal_less/000000047689_all__6.npy,Normal
Pistachio/VAD/vit-features/train/normal/road_normal_less/000000047689_all__7.npy,Normal
Pistachio/VAD/vit-features/train/normal/road_normal_less/000000047689_all__8.npy,Normal
Pistachio/VAD/vit-features/train/normal/road_normal_less/000000047689_all__9.npy,Normal
Pistachio/VAD/vit-features/train/normal/road_normal_less/000000047809_all__0.npy,Normal
Pistachio/VAD/vit-features/train/normal/road_normal_less/000000047809_all__1.npy,Normal
Pistachio/VAD/vit-features/train/normal/road_normal_less/000000047809_all__2.npy,Normal
Pistachio/VAD/vit-features/train/normal/road_normal_less/000000047809_all__3.npy,Normal
Pistachio/VAD/vit-features/train/normal/road_normal_less/000000047809_all__4.npy,Normal
Pistachio/VAD/vit-features/train/normal/road_normal_less/000000047809_all__5.npy,Normal
Pistachio/VAD/vit-features/train/normal/road_normal_less/000000047809_all__6.npy,Normal
Pistachio/VAD/vit-features/train/normal/road_normal_less/000000047809_all__7.npy,Normal
Pistachio/VAD/vit-features/train/normal/road_normal_less/000000047809_all__8.npy,Normal
Pistachio/VAD/vit-features/train/normal/road_normal_less/000000047809_all__9.npy,Normal
Pistachio/VAD/vit-features/train/normal/road_normal_less/000000047934_all__0.npy,Normal
Pistachio/VAD/vit-features/train/normal/road_normal_less/000000047934_all__1.npy,Normal
Pistachio/VAD/vit-features/train/normal/road_normal_less/000000047934_all__2.npy,Normal
Pistachio/VAD/vit-features/train/normal/road_normal_less/000000047934_all__3.npy,Normal
Pistachio/VAD/vit-features/train/normal/road_normal_less/000000047934_all__4.npy,Normal
Pistachio/VAD/vit-features/train/normal/road_normal_less/000000047934_all__5.npy,Normal
Pistachio/VAD/vit-features/train/normal/road_normal_less/000000047934_all__6.npy,Normal
Pistachio/VAD/vit-features/train/normal/road_normal_less/000000047934_all__7.npy,Normal
Pistachio/VAD/vit-features/train/normal/road_normal_less/000000047934_all__8.npy,Normal
Pistachio/VAD/vit-features/train/normal/road_normal_less/000000047934_all__9.npy,Normal
Pistachio/VAD/vit-features/train/normal/road_normal_less/000000048031_all__0.npy,Normal
Pistachio/VAD/vit-features/train/normal/road_normal_less/000000048031_all__1.npy,Normal
Pistachio/VAD/vit-features/train/normal/road_normal_less/000000048031_all__2.npy,Normal
Pistachio/VAD/vit-features/train/normal/road_normal_less/000000048031_all__3.npy,Normal
Pistachio/VAD/vit-features/train/normal/road_normal_less/000000048031_all__4.npy,Normal
Pistachio/VAD/vit-features/train/normal/road_normal_less/000000048031_all__5.npy,Normal
Pistachio/VAD/vit-features/train/normal/road_normal_less/000000048031_all__6.npy,Normal
Pistachio/VAD/vit-features/train/normal/road_normal_less/000000048031_all__7.npy,Normal
Pistachio/VAD/vit-features/train/normal/road_normal_less/000000048031_all__8.npy,Normal
Pistachio/VAD/vit-features/train/normal/road_normal_less/000000048031_all__9.npy,Normal
Pistachio/VAD/vit-features/train/normal/road_normal_less/000000048059_all__0.npy,Normal
Pistachio/VAD/vit-features/train/normal/road_normal_less/000000048059_all__1.npy,Normal
Pistachio/VAD/vit-features/train/normal/road_normal_less/000000048059_all__2.npy,Normal
Pistachio/VAD/vit-features/train/normal/road_normal_less/000000048059_all__3.npy,Normal
Pistachio/VAD/vit-features/train/normal/road_normal_less/000000048059_all__4.npy,Normal
Pistachio/VAD/vit-features/train/normal/road_normal_less/000000048059_all__5.npy,Normal
Pistachio/VAD/vit-features/train/normal/road_normal_less/000000048059_all__6.npy,Normal
Pistachio/VAD/vit-features/train/normal/road_normal_less/000000048059_all__7.npy,Normal
Pistachio/VAD/vit-features/train/normal/road_normal_less/000000048059_all__8.npy,Normal
Pistachio/VAD/vit-features/train/normal/road_normal_less/000000048059_all__9.npy,Normal
Pistachio/VAD/vit-features/train/normal/road_normal_less/000000048186_all__0.npy,Normal
Pistachio/VAD/vit-features/train/normal/road_normal_less/000000048186_all__1.npy,Normal
Pistachio/VAD/vit-features/train/normal/road_normal_less/000000048186_all__2.npy,Normal
Pistachio/VAD/vit-features/train/normal/road_normal_less/000000048186_all__3.npy,Normal
Pistachio/VAD/vit-features/train/normal/road_normal_less/000000048186_all__4.npy,Normal
Pistachio/VAD/vit-features/train/normal/road_normal_less/000000048186_all__5.npy,Normal
Pistachio/VAD/vit-features/train/normal/road_normal_less/000000048186_all__6.npy,Normal
Pistachio/VAD/vit-features/train/normal/road_normal_less/000000048186_all__7.npy,Normal
Pistachio/VAD/vit-features/train/normal/road_normal_less/000000048186_all__8.npy,Normal
Pistachio/VAD/vit-features/train/normal/road_normal_less/000000048186_all__9.npy,Normal
Pistachio/VAD/vit-features/train/normal/road_normal_less/000000048344_all__0.npy,Normal
Pistachio/VAD/vit-features/train/normal/road_normal_less/000000048344_all__1.npy,Normal
Pistachio/VAD/vit-features/train/normal/road_normal_less/000000048344_all__2.npy,Normal
Pistachio/VAD/vit-features/train/normal/road_normal_less/000000048344_all__3.npy,Normal
Pistachio/VAD/vit-features/train/normal/road_normal_less/000000048344_all__4.npy,Normal
Pistachio/VAD/vit-features/train/normal/road_normal_less/000000048344_all__5.npy,Normal
Pistachio/VAD/vit-features/train/normal/road_normal_less/000000048344_all__6.npy,Normal
Pistachio/VAD/vit-features/train/normal/road_normal_less/000000048344_all__7.npy,Normal
Pistachio/VAD/vit-features/train/normal/road_normal_less/000000048344_all__8.npy,Normal
Pistachio/VAD/vit-features/train/normal/road_normal_less/000000048344_all__9.npy,Normal
Pistachio/VAD/vit-features/train/normal/road_normal_less/000000048450_all__0.npy,Normal
Pistachio/VAD/vit-features/train/normal/road_normal_less/000000048450_all__1.npy,Normal
Pistachio/VAD/vit-features/train/normal/road_normal_less/000000048450_all__2.npy,Normal
Pistachio/VAD/vit-features/train/normal/road_normal_less/000000048450_all__3.npy,Normal
Pistachio/VAD/vit-features/train/normal/road_normal_less/000000048450_all__4.npy,Normal
Pistachio/VAD/vit-features/train/normal/road_normal_less/000000048450_all__5.npy,Normal
Pistachio/VAD/vit-features/train/normal/road_normal_less/000000048450_all__6.npy,Normal
Pistachio/VAD/vit-features/train/normal/road_normal_less/000000048450_all__7.npy,Normal
Pistachio/VAD/vit-features/train/normal/road_normal_less/000000048450_all__8.npy,Normal
Pistachio/VAD/vit-features/train/normal/road_normal_less/000000048450_all__9.npy,Normal
Pistachio/VAD/vit-features/train/normal/road_normal_less/000000048480_all__0.npy,Normal
Pistachio/VAD/vit-features/train/normal/road_normal_less/000000048480_all__1.npy,Normal
Pistachio/VAD/vit-features/train/normal/road_normal_less/000000048480_all__2.npy,Normal
Pistachio/VAD/vit-features/train/normal/road_normal_less/000000048480_all__3.npy,Normal
Pistachio/VAD/vit-features/train/normal/road_normal_less/000000048480_all__4.npy,Normal
Pistachio/VAD/vit-features/train/normal/road_normal_less/000000048480_all__5.npy,Normal
Pistachio/VAD/vit-features/train/normal/road_normal_less/000000048480_all__6.npy,Normal
Pistachio/VAD/vit-features/train/normal/road_normal_less/000000048480_all__7.npy,Normal
Pistachio/VAD/vit-features/train/normal/road_normal_less/000000048480_all__8.npy,Normal
Pistachio/VAD/vit-features/train/normal/road_normal_less/000000048480_all__9.npy,Normal
Pistachio/VAD/vit-features/train/normal/road_normal_less/000000048494_all__0.npy,Normal
Pistachio/VAD/vit-features/train/normal/road_normal_less/000000048494_all__1.npy,Normal
Pistachio/VAD/vit-features/train/normal/road_normal_less/000000048494_all__2.npy,Normal
Pistachio/VAD/vit-features/train/normal/road_normal_less/000000048494_all__3.npy,Normal
Pistachio/VAD/vit-features/train/normal/road_normal_less/000000048494_all__4.npy,Normal
Pistachio/VAD/vit-features/train/normal/road_normal_less/000000048494_all__5.npy,Normal
Pistachio/VAD/vit-features/train/normal/road_normal_less/000000048494_all__6.npy,Normal
Pistachio/VAD/vit-features/train/normal/road_normal_less/000000048494_all__7.npy,Normal
Pistachio/VAD/vit-features/train/normal/road_normal_less/000000048494_all__8.npy,Normal
Pistachio/VAD/vit-features/train/normal/road_normal_less/000000048494_all__9.npy,Normal
Pistachio/VAD/vit-features/train/normal/road_normal_less/000000048526_all__0.npy,Normal
Pistachio/VAD/vit-features/train/normal/road_normal_less/000000048526_all__1.npy,Normal
Pistachio/VAD/vit-features/train/normal/road_normal_less/000000048526_all__2.npy,Normal
Pistachio/VAD/vit-features/train/normal/road_normal_less/000000048526_all__3.npy,Normal
Pistachio/VAD/vit-features/train/normal/road_normal_less/000000048526_all__4.npy,Normal
Pistachio/VAD/vit-features/train/normal/road_normal_less/000000048526_all__5.npy,Normal
Pistachio/VAD/vit-features/train/normal/road_normal_less/000000048526_all__6.npy,Normal
Pistachio/VAD/vit-features/train/normal/road_normal_less/000000048526_all__7.npy,Normal
Pistachio/VAD/vit-features/train/normal/road_normal_less/000000048526_all__8.npy,Normal
Pistachio/VAD/vit-features/train/normal/road_normal_less/000000048526_all__9.npy,Normal
Pistachio/VAD/vit-features/train/normal/road_normal_less/000000048702_all__0.npy,Normal
Pistachio/VAD/vit-features/train/normal/road_normal_less/000000048702_all__1.npy,Normal
Pistachio/VAD/vit-features/train/normal/road_normal_less/000000048702_all__2.npy,Normal
Pistachio/VAD/vit-features/train/normal/road_normal_less/000000048702_all__3.npy,Normal
Pistachio/VAD/vit-features/train/normal/road_normal_less/000000048702_all__4.npy,Normal
Pistachio/VAD/vit-features/train/normal/road_normal_less/000000048702_all__5.npy,Normal
Pistachio/VAD/vit-features/train/normal/road_normal_less/000000048702_all__6.npy,Normal
Pistachio/VAD/vit-features/train/normal/road_normal_less/000000048702_all__7.npy,Normal
Pistachio/VAD/vit-features/train/normal/road_normal_less/000000048702_all__8.npy,Normal
Pistachio/VAD/vit-features/train/normal/road_normal_less/000000048702_all__9.npy,Normal
Pistachio/VAD/vit-features/train/normal/road_normal_less/000000048758_all__0.npy,Normal
Pistachio/VAD/vit-features/train/normal/road_normal_less/000000048758_all__1.npy,Normal
Pistachio/VAD/vit-features/train/normal/road_normal_less/000000048758_all__2.npy,Normal
Pistachio/VAD/vit-features/train/normal/road_normal_less/000000048758_all__3.npy,Normal
Pistachio/VAD/vit-features/train/normal/road_normal_less/000000048758_all__4.npy,Normal
Pistachio/VAD/vit-features/train/normal/road_normal_less/000000048758_all__5.npy,Normal
Pistachio/VAD/vit-features/train/normal/road_normal_less/000000048758_all__6.npy,Normal
Pistachio/VAD/vit-features/train/normal/road_normal_less/000000048758_all__7.npy,Normal
Pistachio/VAD/vit-features/train/normal/road_normal_less/000000048758_all__8.npy,Normal
Pistachio/VAD/vit-features/train/normal/road_normal_less/000000048758_all__9.npy,Normal
Pistachio/VAD/vit-features/train/normal/road_normal_less/000000048779_all__0.npy,Normal
Pistachio/VAD/vit-features/train/normal/road_normal_less/000000048779_all__1.npy,Normal
Pistachio/VAD/vit-features/train/normal/road_normal_less/000000048779_all__2.npy,Normal
Pistachio/VAD/vit-features/train/normal/road_normal_less/000000048779_all__3.npy,Normal
Pistachio/VAD/vit-features/train/normal/road_normal_less/000000048779_all__4.npy,Normal
Pistachio/VAD/vit-features/train/normal/road_normal_less/000000048779_all__5.npy,Normal
Pistachio/VAD/vit-features/train/normal/road_normal_less/000000048779_all__6.npy,Normal
Pistachio/VAD/vit-features/train/normal/road_normal_less/000000048779_all__7.npy,Normal
Pistachio/VAD/vit-features/train/normal/road_normal_less/000000048779_all__8.npy,Normal
Pistachio/VAD/vit-features/train/normal/road_normal_less/000000048779_all__9.npy,Normal
Pistachio/VAD/vit-features/train/normal/road_normal_less/000000049198_all__0.npy,Normal
Pistachio/VAD/vit-features/train/normal/road_normal_less/000000049198_all__1.npy,Normal
Pistachio/VAD/vit-features/train/normal/road_normal_less/000000049198_all__2.npy,Normal
Pistachio/VAD/vit-features/train/normal/road_normal_less/000000049198_all__3.npy,Normal
Pistachio/VAD/vit-features/train/normal/road_normal_less/000000049198_all__4.npy,Normal
Pistachio/VAD/vit-features/train/normal/road_normal_less/000000049198_all__5.npy,Normal
Pistachio/VAD/vit-features/train/normal/road_normal_less/000000049198_all__6.npy,Normal
Pistachio/VAD/vit-features/train/normal/road_normal_less/000000049198_all__7.npy,Normal
Pistachio/VAD/vit-features/train/normal/road_normal_less/000000049198_all__8.npy,Normal
Pistachio/VAD/vit-features/train/normal/road_normal_less/000000049198_all__9.npy,Normal
Pistachio/VAD/vit-features/train/normal/road_normal_less/000000049224_all__0.npy,Normal
Pistachio/VAD/vit-features/train/normal/road_normal_less/000000049224_all__1.npy,Normal
Pistachio/VAD/vit-features/train/normal/road_normal_less/000000049224_all__2.npy,Normal
Pistachio/VAD/vit-features/train/normal/road_normal_less/000000049224_all__3.npy,Normal
Pistachio/VAD/vit-features/train/normal/road_normal_less/000000049224_all__4.npy,Normal
Pistachio/VAD/vit-features/train/normal/road_normal_less/000000049224_all__5.npy,Normal
Pistachio/VAD/vit-features/train/normal/road_normal_less/000000049224_all__6.npy,Normal
Pistachio/VAD/vit-features/train/normal/road_normal_less/000000049224_all__7.npy,Normal
Pistachio/VAD/vit-features/train/normal/road_normal_less/000000049224_all__8.npy,Normal
Pistachio/VAD/vit-features/train/normal/road_normal_less/000000049224_all__9.npy,Normal
Pistachio/VAD/vit-features/train/normal/road_normal_less/000000049289_all__0.npy,Normal
Pistachio/VAD/vit-features/train/normal/road_normal_less/000000049289_all__1.npy,Normal
Pistachio/VAD/vit-features/train/normal/road_normal_less/000000049289_all__2.npy,Normal
Pistachio/VAD/vit-features/train/normal/road_normal_less/000000049289_all__3.npy,Normal
Pistachio/VAD/vit-features/train/normal/road_normal_less/000000049289_all__4.npy,Normal
Pistachio/VAD/vit-features/train/normal/road_normal_less/000000049289_all__5.npy,Normal
Pistachio/VAD/vit-features/train/normal/road_normal_less/000000049289_all__6.npy,Normal
Pistachio/VAD/vit-features/train/normal/road_normal_less/000000049289_all__7.npy,Normal
Pistachio/VAD/vit-features/train/normal/road_normal_less/000000049289_all__8.npy,Normal
Pistachio/VAD/vit-features/train/normal/road_normal_less/000000049289_all__9.npy,Normal
Pistachio/VAD/vit-features/train/normal/road_normal_less/000000049325_all__0.npy,Normal
Pistachio/VAD/vit-features/train/normal/road_normal_less/000000049325_all__1.npy,Normal
Pistachio/VAD/vit-features/train/normal/road_normal_less/000000049325_all__2.npy,Normal
Pistachio/VAD/vit-features/train/normal/road_normal_less/000000049325_all__3.npy,Normal
Pistachio/VAD/vit-features/train/normal/road_normal_less/000000049325_all__4.npy,Normal
Pistachio/VAD/vit-features/train/normal/road_normal_less/000000049325_all__5.npy,Normal
Pistachio/VAD/vit-features/train/normal/road_normal_less/000000049325_all__6.npy,Normal
Pistachio/VAD/vit-features/train/normal/road_normal_less/000000049325_all__7.npy,Normal
Pistachio/VAD/vit-features/train/normal/road_normal_less/000000049325_all__8.npy,Normal
Pistachio/VAD/vit-features/train/normal/road_normal_less/000000049325_all__9.npy,Normal
Pistachio/VAD/vit-features/train/normal/road_normal_less/000000049469_all__0.npy,Normal
Pistachio/VAD/vit-features/train/normal/road_normal_less/000000049469_all__1.npy,Normal
Pistachio/VAD/vit-features/train/normal/road_normal_less/000000049469_all__2.npy,Normal
Pistachio/VAD/vit-features/train/normal/road_normal_less/000000049469_all__3.npy,Normal
Pistachio/VAD/vit-features/train/normal/road_normal_less/000000049469_all__4.npy,Normal
Pistachio/VAD/vit-features/train/normal/road_normal_less/000000049469_all__5.npy,Normal
Pistachio/VAD/vit-features/train/normal/road_normal_less/000000049469_all__6.npy,Normal
Pistachio/VAD/vit-features/train/normal/road_normal_less/000000049469_all__7.npy,Normal
Pistachio/VAD/vit-features/train/normal/road_normal_less/000000049469_all__8.npy,Normal
Pistachio/VAD/vit-features/train/normal/road_normal_less/000000049469_all__9.npy,Normal
Pistachio/VAD/vit-features/train/normal/road_normal_less/000000049616_all__0.npy,Normal
Pistachio/VAD/vit-features/train/normal/road_normal_less/000000049616_all__1.npy,Normal
Pistachio/VAD/vit-features/train/normal/road_normal_less/000000049616_all__2.npy,Normal
Pistachio/VAD/vit-features/train/normal/road_normal_less/000000049616_all__3.npy,Normal
Pistachio/VAD/vit-features/train/normal/road_normal_less/000000049616_all__4.npy,Normal
Pistachio/VAD/vit-features/train/normal/road_normal_less/000000049616_all__5.npy,Normal
Pistachio/VAD/vit-features/train/normal/road_normal_less/000000049616_all__6.npy,Normal
Pistachio/VAD/vit-features/train/normal/road_normal_less/000000049616_all__7.npy,Normal
Pistachio/VAD/vit-features/train/normal/road_normal_less/000000049616_all__8.npy,Normal
Pistachio/VAD/vit-features/train/normal/road_normal_less/000000049616_all__9.npy,Normal
Pistachio/VAD/vit-features/train/normal/road_normal_less/000000049622_all__0.npy,Normal
Pistachio/VAD/vit-features/train/normal/road_normal_less/000000049622_all__1.npy,Normal
Pistachio/VAD/vit-features/train/normal/road_normal_less/000000049622_all__2.npy,Normal
Pistachio/VAD/vit-features/train/normal/road_normal_less/000000049622_all__3.npy,Normal
Pistachio/VAD/vit-features/train/normal/road_normal_less/000000049622_all__4.npy,Normal
Pistachio/VAD/vit-features/train/normal/road_normal_less/000000049622_all__5.npy,Normal
Pistachio/VAD/vit-features/train/normal/road_normal_less/000000049622_all__6.npy,Normal
Pistachio/VAD/vit-features/train/normal/road_normal_less/000000049622_all__7.npy,Normal
Pistachio/VAD/vit-features/train/normal/road_normal_less/000000049622_all__8.npy,Normal
Pistachio/VAD/vit-features/train/normal/road_normal_less/000000049622_all__9.npy,Normal
Pistachio/VAD/vit-features/train/normal/road_normal_less/000000049745_all__0.npy,Normal
Pistachio/VAD/vit-features/train/normal/road_normal_less/000000049745_all__1.npy,Normal
Pistachio/VAD/vit-features/train/normal/road_normal_less/000000049745_all__2.npy,Normal
Pistachio/VAD/vit-features/train/normal/road_normal_less/000000049745_all__3.npy,Normal
Pistachio/VAD/vit-features/train/normal/road_normal_less/000000049745_all__4.npy,Normal
Pistachio/VAD/vit-features/train/normal/road_normal_less/000000049745_all__5.npy,Normal
Pistachio/VAD/vit-features/train/normal/road_normal_less/000000049745_all__6.npy,Normal
Pistachio/VAD/vit-features/train/normal/road_normal_less/000000049745_all__7.npy,Normal
Pistachio/VAD/vit-features/train/normal/road_normal_less/000000049745_all__8.npy,Normal
Pistachio/VAD/vit-features/train/normal/road_normal_less/000000049745_all__9.npy,Normal
Pistachio/VAD/vit-features/train/normal/road_normal_less/000000049806_all__0.npy,Normal
Pistachio/VAD/vit-features/train/normal/road_normal_less/000000049806_all__1.npy,Normal
Pistachio/VAD/vit-features/train/normal/road_normal_less/000000049806_all__2.npy,Normal
Pistachio/VAD/vit-features/train/normal/road_normal_less/000000049806_all__3.npy,Normal
Pistachio/VAD/vit-features/train/normal/road_normal_less/000000049806_all__4.npy,Normal
Pistachio/VAD/vit-features/train/normal/road_normal_less/000000049806_all__5.npy,Normal
Pistachio/VAD/vit-features/train/normal/road_normal_less/000000049806_all__6.npy,Normal
Pistachio/VAD/vit-features/train/normal/road_normal_less/000000049806_all__7.npy,Normal
Pistachio/VAD/vit-features/train/normal/road_normal_less/000000049806_all__8.npy,Normal
Pistachio/VAD/vit-features/train/normal/road_normal_less/000000049806_all__9.npy,Normal
Pistachio/VAD/vit-features/train/normal/road_normal_less/000000049831_all__0.npy,Normal
Pistachio/VAD/vit-features/train/normal/road_normal_less/000000049831_all__1.npy,Normal
Pistachio/VAD/vit-features/train/normal/road_normal_less/000000049831_all__2.npy,Normal
Pistachio/VAD/vit-features/train/normal/road_normal_less/000000049831_all__3.npy,Normal
Pistachio/VAD/vit-features/train/normal/road_normal_less/000000049831_all__4.npy,Normal
Pistachio/VAD/vit-features/train/normal/road_normal_less/000000049831_all__5.npy,Normal
Pistachio/VAD/vit-features/train/normal/road_normal_less/000000049831_all__6.npy,Normal
Pistachio/VAD/vit-features/train/normal/road_normal_less/000000049831_all__7.npy,Normal
Pistachio/VAD/vit-features/train/normal/road_normal_less/000000049831_all__8.npy,Normal
Pistachio/VAD/vit-features/train/normal/road_normal_less/000000049831_all__9.npy,Normal
Pistachio/VAD/vit-features/train/normal/road_normal_less/000000049870_all__0.npy,Normal
Pistachio/VAD/vit-features/train/normal/road_normal_less/000000049870_all__1.npy,Normal
Pistachio/VAD/vit-features/train/normal/road_normal_less/000000049870_all__2.npy,Normal
Pistachio/VAD/vit-features/train/normal/road_normal_less/000000049870_all__3.npy,Normal
Pistachio/VAD/vit-features/train/normal/road_normal_less/000000049870_all__4.npy,Normal
Pistachio/VAD/vit-features/train/normal/road_normal_less/000000049870_all__5.npy,Normal
Pistachio/VAD/vit-features/train/normal/road_normal_less/000000049870_all__6.npy,Normal
Pistachio/VAD/vit-features/train/normal/road_normal_less/000000049870_all__7.npy,Normal
Pistachio/VAD/vit-features/train/normal/road_normal_less/000000049870_all__8.npy,Normal
Pistachio/VAD/vit-features/train/normal/road_normal_less/000000049870_all__9.npy,Normal
Pistachio/VAD/vit-features/train/normal/road_normal_less/000000050022_all__0.npy,Normal
Pistachio/VAD/vit-features/train/normal/road_normal_less/000000050022_all__1.npy,Normal
Pistachio/VAD/vit-features/train/normal/road_normal_less/000000050022_all__2.npy,Normal
Pistachio/VAD/vit-features/train/normal/road_normal_less/000000050022_all__3.npy,Normal
Pistachio/VAD/vit-features/train/normal/road_normal_less/000000050022_all__4.npy,Normal
Pistachio/VAD/vit-features/train/normal/road_normal_less/000000050022_all__5.npy,Normal
Pistachio/VAD/vit-features/train/normal/road_normal_less/000000050022_all__6.npy,Normal
Pistachio/VAD/vit-features/train/normal/road_normal_less/000000050022_all__7.npy,Normal
Pistachio/VAD/vit-features/train/normal/road_normal_less/000000050022_all__8.npy,Normal
Pistachio/VAD/vit-features/train/normal/road_normal_less/000000050022_all__9.npy,Normal
Pistachio/VAD/vit-features/train/normal/road_normal_less/000000050090_all__0.npy,Normal
Pistachio/VAD/vit-features/train/normal/road_normal_less/000000050090_all__1.npy,Normal
Pistachio/VAD/vit-features/train/normal/road_normal_less/000000050090_all__2.npy,Normal
Pistachio/VAD/vit-features/train/normal/road_normal_less/000000050090_all__3.npy,Normal
Pistachio/VAD/vit-features/train/normal/road_normal_less/000000050090_all__4.npy,Normal
Pistachio/VAD/vit-features/train/normal/road_normal_less/000000050090_all__5.npy,Normal
Pistachio/VAD/vit-features/train/normal/road_normal_less/000000050090_all__6.npy,Normal
Pistachio/VAD/vit-features/train/normal/road_normal_less/000000050090_all__7.npy,Normal
Pistachio/VAD/vit-features/train/normal/road_normal_less/000000050090_all__8.npy,Normal
Pistachio/VAD/vit-features/train/normal/road_normal_less/000000050090_all__9.npy,Normal
Pistachio/VAD/vit-features/train/normal/road_normal_less/000000050135_all__0.npy,Normal
Pistachio/VAD/vit-features/train/normal/road_normal_less/000000050135_all__1.npy,Normal
Pistachio/VAD/vit-features/train/normal/road_normal_less/000000050135_all__2.npy,Normal
Pistachio/VAD/vit-features/train/normal/road_normal_less/000000050135_all__3.npy,Normal
Pistachio/VAD/vit-features/train/normal/road_normal_less/000000050135_all__4.npy,Normal
Pistachio/VAD/vit-features/train/normal/road_normal_less/000000050135_all__5.npy,Normal
Pistachio/VAD/vit-features/train/normal/road_normal_less/000000050135_all__6.npy,Normal
Pistachio/VAD/vit-features/train/normal/road_normal_less/000000050135_all__7.npy,Normal
Pistachio/VAD/vit-features/train/normal/road_normal_less/000000050135_all__8.npy,Normal
Pistachio/VAD/vit-features/train/normal/road_normal_less/000000050135_all__9.npy,Normal
Pistachio/VAD/vit-features/train/normal/road_normal_less/000000050267_all__0.npy,Normal
Pistachio/VAD/vit-features/train/normal/road_normal_less/000000050267_all__1.npy,Normal
Pistachio/VAD/vit-features/train/normal/road_normal_less/000000050267_all__2.npy,Normal
Pistachio/VAD/vit-features/train/normal/road_normal_less/000000050267_all__3.npy,Normal
Pistachio/VAD/vit-features/train/normal/road_normal_less/000000050267_all__4.npy,Normal
Pistachio/VAD/vit-features/train/normal/road_normal_less/000000050267_all__5.npy,Normal
Pistachio/VAD/vit-features/train/normal/road_normal_less/000000050267_all__6.npy,Normal
Pistachio/VAD/vit-features/train/normal/road_normal_less/000000050267_all__7.npy,Normal
Pistachio/VAD/vit-features/train/normal/road_normal_less/000000050267_all__8.npy,Normal
Pistachio/VAD/vit-features/train/normal/road_normal_less/000000050267_all__9.npy,Normal
Pistachio/VAD/vit-features/train/normal/road_normal_less/000000050357_all__0.npy,Normal
Pistachio/VAD/vit-features/train/normal/road_normal_less/000000050357_all__1.npy,Normal
Pistachio/VAD/vit-features/train/normal/road_normal_less/000000050357_all__2.npy,Normal
Pistachio/VAD/vit-features/train/normal/road_normal_less/000000050357_all__3.npy,Normal
Pistachio/VAD/vit-features/train/normal/road_normal_less/000000050357_all__4.npy,Normal
Pistachio/VAD/vit-features/train/normal/road_normal_less/000000050357_all__5.npy,Normal
Pistachio/VAD/vit-features/train/normal/road_normal_less/000000050357_all__6.npy,Normal
Pistachio/VAD/vit-features/train/normal/road_normal_less/000000050357_all__7.npy,Normal
Pistachio/VAD/vit-features/train/normal/road_normal_less/000000050357_all__8.npy,Normal
Pistachio/VAD/vit-features/train/normal/road_normal_less/000000050357_all__9.npy,Normal
Pistachio/VAD/vit-features/train/normal/road_normal_less/000000050390_all__0.npy,Normal
Pistachio/VAD/vit-features/train/normal/road_normal_less/000000050390_all__1.npy,Normal
Pistachio/VAD/vit-features/train/normal/road_normal_less/000000050390_all__2.npy,Normal
Pistachio/VAD/vit-features/train/normal/road_normal_less/000000050390_all__3.npy,Normal
Pistachio/VAD/vit-features/train/normal/road_normal_less/000000050390_all__4.npy,Normal
Pistachio/VAD/vit-features/train/normal/road_normal_less/000000050390_all__5.npy,Normal
Pistachio/VAD/vit-features/train/normal/road_normal_less/000000050390_all__6.npy,Normal
Pistachio/VAD/vit-features/train/normal/road_normal_less/000000050390_all__7.npy,Normal
Pistachio/VAD/vit-features/train/normal/road_normal_less/000000050390_all__8.npy,Normal
Pistachio/VAD/vit-features/train/normal/road_normal_less/000000050390_all__9.npy,Normal
Pistachio/VAD/vit-features/train/normal/road_normal_less/000000050417_all__0.npy,Normal
Pistachio/VAD/vit-features/train/normal/road_normal_less/000000050417_all__1.npy,Normal
Pistachio/VAD/vit-features/train/normal/road_normal_less/000000050417_all__2.npy,Normal
Pistachio/VAD/vit-features/train/normal/road_normal_less/000000050417_all__3.npy,Normal
Pistachio/VAD/vit-features/train/normal/road_normal_less/000000050417_all__4.npy,Normal
Pistachio/VAD/vit-features/train/normal/road_normal_less/000000050417_all__5.npy,Normal
Pistachio/VAD/vit-features/train/normal/road_normal_less/000000050417_all__6.npy,Normal
Pistachio/VAD/vit-features/train/normal/road_normal_less/000000050417_all__7.npy,Normal
Pistachio/VAD/vit-features/train/normal/road_normal_less/000000050417_all__8.npy,Normal
Pistachio/VAD/vit-features/train/normal/road_normal_less/000000050417_all__9.npy,Normal
Pistachio/VAD/vit-features/train/normal/road_normal_less/000000050441_all__0.npy,Normal
Pistachio/VAD/vit-features/train/normal/road_normal_less/000000050441_all__1.npy,Normal
Pistachio/VAD/vit-features/train/normal/road_normal_less/000000050441_all__2.npy,Normal
Pistachio/VAD/vit-features/train/normal/road_normal_less/000000050441_all__3.npy,Normal
Pistachio/VAD/vit-features/train/normal/road_normal_less/000000050441_all__4.npy,Normal
Pistachio/VAD/vit-features/train/normal/road_normal_less/000000050441_all__5.npy,Normal
Pistachio/VAD/vit-features/train/normal/road_normal_less/000000050441_all__6.npy,Normal
Pistachio/VAD/vit-features/train/normal/road_normal_less/000000050441_all__7.npy,Normal
Pistachio/VAD/vit-features/train/normal/road_normal_less/000000050441_all__8.npy,Normal
Pistachio/VAD/vit-features/train/normal/road_normal_less/000000050441_all__9.npy,Normal
Pistachio/VAD/vit-features/train/normal/road_normal_less/000000050508_all__0.npy,Normal
Pistachio/VAD/vit-features/train/normal/road_normal_less/000000050508_all__1.npy,Normal
Pistachio/VAD/vit-features/train/normal/road_normal_less/000000050508_all__2.npy,Normal
Pistachio/VAD/vit-features/train/normal/road_normal_less/000000050508_all__3.npy,Normal
Pistachio/VAD/vit-features/train/normal/road_normal_less/000000050508_all__4.npy,Normal
Pistachio/VAD/vit-features/train/normal/road_normal_less/000000050508_all__5.npy,Normal
Pistachio/VAD/vit-features/train/normal/road_normal_less/000000050508_all__6.npy,Normal
Pistachio/VAD/vit-features/train/normal/road_normal_less/000000050508_all__7.npy,Normal
Pistachio/VAD/vit-features/train/normal/road_normal_less/000000050508_all__8.npy,Normal
Pistachio/VAD/vit-features/train/normal/road_normal_less/000000050508_all__9.npy,Normal
Pistachio/VAD/vit-features/train/normal/road_normal_less/000000050594_all__0.npy,Normal
Pistachio/VAD/vit-features/train/normal/road_normal_less/000000050594_all__1.npy,Normal
Pistachio/VAD/vit-features/train/normal/road_normal_less/000000050594_all__2.npy,Normal
Pistachio/VAD/vit-features/train/normal/road_normal_less/000000050594_all__3.npy,Normal
Pistachio/VAD/vit-features/train/normal/road_normal_less/000000050594_all__4.npy,Normal
Pistachio/VAD/vit-features/train/normal/road_normal_less/000000050594_all__5.npy,Normal
Pistachio/VAD/vit-features/train/normal/road_normal_less/000000050594_all__6.npy,Normal
Pistachio/VAD/vit-features/train/normal/road_normal_less/000000050594_all__7.npy,Normal
Pistachio/VAD/vit-features/train/normal/road_normal_less/000000050594_all__8.npy,Normal
Pistachio/VAD/vit-features/train/normal/road_normal_less/000000050594_all__9.npy,Normal
Pistachio/VAD/vit-features/train/normal/road_normal_less/000000050630_all__0.npy,Normal
Pistachio/VAD/vit-features/train/normal/road_normal_less/000000050630_all__1.npy,Normal
Pistachio/VAD/vit-features/train/normal/road_normal_less/000000050630_all__2.npy,Normal
Pistachio/VAD/vit-features/train/normal/road_normal_less/000000050630_all__3.npy,Normal
Pistachio/VAD/vit-features/train/normal/road_normal_less/000000050630_all__4.npy,Normal
Pistachio/VAD/vit-features/train/normal/road_normal_less/000000050630_all__5.npy,Normal
Pistachio/VAD/vit-features/train/normal/road_normal_less/000000050630_all__6.npy,Normal
Pistachio/VAD/vit-features/train/normal/road_normal_less/000000050630_all__7.npy,Normal
Pistachio/VAD/vit-features/train/normal/road_normal_less/000000050630_all__8.npy,Normal
Pistachio/VAD/vit-features/train/normal/road_normal_less/000000050630_all__9.npy,Normal
Pistachio/VAD/vit-features/train/normal/road_normal_less/000000050656_all__0.npy,Normal
Pistachio/VAD/vit-features/train/normal/road_normal_less/000000050656_all__1.npy,Normal
Pistachio/VAD/vit-features/train/normal/road_normal_less/000000050656_all__2.npy,Normal
Pistachio/VAD/vit-features/train/normal/road_normal_less/000000050656_all__3.npy,Normal
Pistachio/VAD/vit-features/train/normal/road_normal_less/000000050656_all__4.npy,Normal
Pistachio/VAD/vit-features/train/normal/road_normal_less/000000050656_all__5.npy,Normal
Pistachio/VAD/vit-features/train/normal/road_normal_less/000000050656_all__6.npy,Normal
Pistachio/VAD/vit-features/train/normal/road_normal_less/000000050656_all__7.npy,Normal
Pistachio/VAD/vit-features/train/normal/road_normal_less/000000050656_all__8.npy,Normal
Pistachio/VAD/vit-features/train/normal/road_normal_less/000000050656_all__9.npy,Normal
Pistachio/VAD/vit-features/train/normal/road_normal_less/000000050693_all__0.npy,Normal
Pistachio/VAD/vit-features/train/normal/road_normal_less/000000050693_all__1.npy,Normal
Pistachio/VAD/vit-features/train/normal/road_normal_less/000000050693_all__2.npy,Normal
Pistachio/VAD/vit-features/train/normal/road_normal_less/000000050693_all__3.npy,Normal
Pistachio/VAD/vit-features/train/normal/road_normal_less/000000050693_all__4.npy,Normal
Pistachio/VAD/vit-features/train/normal/road_normal_less/000000050693_all__5.npy,Normal
Pistachio/VAD/vit-features/train/normal/road_normal_less/000000050693_all__6.npy,Normal
Pistachio/VAD/vit-features/train/normal/road_normal_less/000000050693_all__7.npy,Normal
Pistachio/VAD/vit-features/train/normal/road_normal_less/000000050693_all__8.npy,Normal
Pistachio/VAD/vit-features/train/normal/road_normal_less/000000050693_all__9.npy,Normal
Pistachio/VAD/vit-features/train/normal/road_normal_less/000000050751_all__0.npy,Normal
Pistachio/VAD/vit-features/train/normal/road_normal_less/000000050751_all__1.npy,Normal
Pistachio/VAD/vit-features/train/normal/road_normal_less/000000050751_all__2.npy,Normal
Pistachio/VAD/vit-features/train/normal/road_normal_less/000000050751_all__3.npy,Normal
Pistachio/VAD/vit-features/train/normal/road_normal_less/000000050751_all__4.npy,Normal
Pistachio/VAD/vit-features/train/normal/road_normal_less/000000050751_all__5.npy,Normal
Pistachio/VAD/vit-features/train/normal/road_normal_less/000000050751_all__6.npy,Normal
Pistachio/VAD/vit-features/train/normal/road_normal_less/000000050751_all__7.npy,Normal
Pistachio/VAD/vit-features/train/normal/road_normal_less/000000050751_all__8.npy,Normal
Pistachio/VAD/vit-features/train/normal/road_normal_less/000000050751_all__9.npy,Normal
Pistachio/VAD/vit-features/train/normal/road_normal_less/000000050792_all__0.npy,Normal
Pistachio/VAD/vit-features/train/normal/road_normal_less/000000050792_all__1.npy,Normal
Pistachio/VAD/vit-features/train/normal/road_normal_less/000000050792_all__2.npy,Normal
Pistachio/VAD/vit-features/train/normal/road_normal_less/000000050792_all__3.npy,Normal
Pistachio/VAD/vit-features/train/normal/road_normal_less/000000050792_all__4.npy,Normal
Pistachio/VAD/vit-features/train/normal/road_normal_less/000000050792_all__5.npy,Normal
Pistachio/VAD/vit-features/train/normal/road_normal_less/000000050792_all__6.npy,Normal
Pistachio/VAD/vit-features/train/normal/road_normal_less/000000050792_all__7.npy,Normal
Pistachio/VAD/vit-features/train/normal/road_normal_less/000000050792_all__8.npy,Normal
Pistachio/VAD/vit-features/train/normal/road_normal_less/000000050792_all__9.npy,Normal
Pistachio/VAD/vit-features/train/normal/road_normal_less/000000050821_all__0.npy,Normal
Pistachio/VAD/vit-features/train/normal/road_normal_less/000000050821_all__1.npy,Normal
Pistachio/VAD/vit-features/train/normal/road_normal_less/000000050821_all__2.npy,Normal
Pistachio/VAD/vit-features/train/normal/road_normal_less/000000050821_all__3.npy,Normal
Pistachio/VAD/vit-features/train/normal/road_normal_less/000000050821_all__4.npy,Normal
Pistachio/VAD/vit-features/train/normal/road_normal_less/000000050821_all__5.npy,Normal
Pistachio/VAD/vit-features/train/normal/road_normal_less/000000050821_all__6.npy,Normal
Pistachio/VAD/vit-features/train/normal/road_normal_less/000000050821_all__7.npy,Normal
Pistachio/VAD/vit-features/train/normal/road_normal_less/000000050821_all__8.npy,Normal
Pistachio/VAD/vit-features/train/normal/road_normal_less/000000050821_all__9.npy,Normal
Pistachio/VAD/vit-features/train/normal/road_normal_less/000000050887_all__0.npy,Normal
Pistachio/VAD/vit-features/train/normal/road_normal_less/000000050887_all__1.npy,Normal
Pistachio/VAD/vit-features/train/normal/road_normal_less/000000050887_all__2.npy,Normal
Pistachio/VAD/vit-features/train/normal/road_normal_less/000000050887_all__3.npy,Normal
Pistachio/VAD/vit-features/train/normal/road_normal_less/000000050887_all__4.npy,Normal
Pistachio/VAD/vit-features/train/normal/road_normal_less/000000050887_all__5.npy,Normal
Pistachio/VAD/vit-features/train/normal/road_normal_less/000000050887_all__6.npy,Normal
Pistachio/VAD/vit-features/train/normal/road_normal_less/000000050887_all__7.npy,Normal
Pistachio/VAD/vit-features/train/normal/road_normal_less/000000050887_all__8.npy,Normal
Pistachio/VAD/vit-features/train/normal/road_normal_less/000000050887_all__9.npy,Normal
Pistachio/VAD/vit-features/train/normal/road_normal_less/000000050891_all__0.npy,Normal
Pistachio/VAD/vit-features/train/normal/road_normal_less/000000050891_all__1.npy,Normal
Pistachio/VAD/vit-features/train/normal/road_normal_less/000000050891_all__2.npy,Normal
Pistachio/VAD/vit-features/train/normal/road_normal_less/000000050891_all__3.npy,Normal
Pistachio/VAD/vit-features/train/normal/road_normal_less/000000050891_all__4.npy,Normal
Pistachio/VAD/vit-features/train/normal/road_normal_less/000000050891_all__5.npy,Normal
Pistachio/VAD/vit-features/train/normal/road_normal_less/000000050891_all__6.npy,Normal
Pistachio/VAD/vit-features/train/normal/road_normal_less/000000050891_all__7.npy,Normal
Pistachio/VAD/vit-features/train/normal/road_normal_less/000000050891_all__8.npy,Normal
Pistachio/VAD/vit-features/train/normal/road_normal_less/000000050891_all__9.npy,Normal
Pistachio/VAD/vit-features/train/normal/road_normal_less/000000051350_all__0.npy,Normal
Pistachio/VAD/vit-features/train/normal/road_normal_less/000000051350_all__1.npy,Normal
Pistachio/VAD/vit-features/train/normal/road_normal_less/000000051350_all__2.npy,Normal
Pistachio/VAD/vit-features/train/normal/road_normal_less/000000051350_all__3.npy,Normal
Pistachio/VAD/vit-features/train/normal/road_normal_less/000000051350_all__4.npy,Normal
Pistachio/VAD/vit-features/train/normal/road_normal_less/000000051350_all__5.npy,Normal
Pistachio/VAD/vit-features/train/normal/road_normal_less/000000051350_all__6.npy,Normal
Pistachio/VAD/vit-features/train/normal/road_normal_less/000000051350_all__7.npy,Normal
Pistachio/VAD/vit-features/train/normal/road_normal_less/000000051350_all__8.npy,Normal
Pistachio/VAD/vit-features/train/normal/road_normal_less/000000051350_all__9.npy,Normal
Pistachio/VAD/vit-features/train/normal/road_normal_less/000000051360_all__0.npy,Normal
Pistachio/VAD/vit-features/train/normal/road_normal_less/000000051360_all__1.npy,Normal
Pistachio/VAD/vit-features/train/normal/road_normal_less/000000051360_all__2.npy,Normal
Pistachio/VAD/vit-features/train/normal/road_normal_less/000000051360_all__3.npy,Normal
Pistachio/VAD/vit-features/train/normal/road_normal_less/000000051360_all__4.npy,Normal
Pistachio/VAD/vit-features/train/normal/road_normal_less/000000051360_all__5.npy,Normal
Pistachio/VAD/vit-features/train/normal/road_normal_less/000000051360_all__6.npy,Normal
Pistachio/VAD/vit-features/train/normal/road_normal_less/000000051360_all__7.npy,Normal
Pistachio/VAD/vit-features/train/normal/road_normal_less/000000051360_all__8.npy,Normal
Pistachio/VAD/vit-features/train/normal/road_normal_less/000000051360_all__9.npy,Normal
Pistachio/VAD/vit-features/train/normal/road_normal_less/000000051635_all__0.npy,Normal
Pistachio/VAD/vit-features/train/normal/road_normal_less/000000051635_all__1.npy,Normal
Pistachio/VAD/vit-features/train/normal/road_normal_less/000000051635_all__2.npy,Normal
Pistachio/VAD/vit-features/train/normal/road_normal_less/000000051635_all__3.npy,Normal
Pistachio/VAD/vit-features/train/normal/road_normal_less/000000051635_all__4.npy,Normal
Pistachio/VAD/vit-features/train/normal/road_normal_less/000000051635_all__5.npy,Normal
Pistachio/VAD/vit-features/train/normal/road_normal_less/000000051635_all__6.npy,Normal
Pistachio/VAD/vit-features/train/normal/road_normal_less/000000051635_all__7.npy,Normal
Pistachio/VAD/vit-features/train/normal/road_normal_less/000000051635_all__8.npy,Normal
Pistachio/VAD/vit-features/train/normal/road_normal_less/000000051635_all__9.npy,Normal
Pistachio/VAD/vit-features/train/normal/road_normal_less/000000052024_all__0.npy,Normal
Pistachio/VAD/vit-features/train/normal/road_normal_less/000000052024_all__1.npy,Normal
Pistachio/VAD/vit-features/train/normal/road_normal_less/000000052024_all__2.npy,Normal
Pistachio/VAD/vit-features/train/normal/road_normal_less/000000052024_all__3.npy,Normal
Pistachio/VAD/vit-features/train/normal/road_normal_less/000000052024_all__4.npy,Normal
Pistachio/VAD/vit-features/train/normal/road_normal_less/000000052024_all__5.npy,Normal
Pistachio/VAD/vit-features/train/normal/road_normal_less/000000052024_all__6.npy,Normal
Pistachio/VAD/vit-features/train/normal/road_normal_less/000000052024_all__7.npy,Normal
Pistachio/VAD/vit-features/train/normal/road_normal_less/000000052024_all__8.npy,Normal
Pistachio/VAD/vit-features/train/normal/road_normal_less/000000052024_all__9.npy,Normal
Pistachio/VAD/vit-features/train/normal/road_normal_less/000000052042_all__0.npy,Normal
Pistachio/VAD/vit-features/train/normal/road_normal_less/000000052042_all__1.npy,Normal
Pistachio/VAD/vit-features/train/normal/road_normal_less/000000052042_all__2.npy,Normal
Pistachio/VAD/vit-features/train/normal/road_normal_less/000000052042_all__3.npy,Normal
Pistachio/VAD/vit-features/train/normal/road_normal_less/000000052042_all__4.npy,Normal
Pistachio/VAD/vit-features/train/normal/road_normal_less/000000052042_all__5.npy,Normal
Pistachio/VAD/vit-features/train/normal/road_normal_less/000000052042_all__6.npy,Normal
Pistachio/VAD/vit-features/train/normal/road_normal_less/000000052042_all__7.npy,Normal
Pistachio/VAD/vit-features/train/normal/road_normal_less/000000052042_all__8.npy,Normal
Pistachio/VAD/vit-features/train/normal/road_normal_less/000000052042_all__9.npy,Normal
Pistachio/VAD/vit-features/train/normal/road_normal_less/000000052144_all__0.npy,Normal
Pistachio/VAD/vit-features/train/normal/road_normal_less/000000052144_all__1.npy,Normal
Pistachio/VAD/vit-features/train/normal/road_normal_less/000000052144_all__2.npy,Normal
Pistachio/VAD/vit-features/train/normal/road_normal_less/000000052144_all__3.npy,Normal
Pistachio/VAD/vit-features/train/normal/road_normal_less/000000052144_all__4.npy,Normal
Pistachio/VAD/vit-features/train/normal/road_normal_less/000000052144_all__5.npy,Normal
Pistachio/VAD/vit-features/train/normal/road_normal_less/000000052144_all__6.npy,Normal
Pistachio/VAD/vit-features/train/normal/road_normal_less/000000052144_all__7.npy,Normal
Pistachio/VAD/vit-features/train/normal/road_normal_less/000000052144_all__8.npy,Normal
Pistachio/VAD/vit-features/train/normal/road_normal_less/000000052144_all__9.npy,Normal
Pistachio/VAD/vit-features/train/normal/road_normal_less/000000052172_all__0.npy,Normal
Pistachio/VAD/vit-features/train/normal/road_normal_less/000000052172_all__1.npy,Normal
Pistachio/VAD/vit-features/train/normal/road_normal_less/000000052172_all__2.npy,Normal
Pistachio/VAD/vit-features/train/normal/road_normal_less/000000052172_all__3.npy,Normal
Pistachio/VAD/vit-features/train/normal/road_normal_less/000000052172_all__4.npy,Normal
Pistachio/VAD/vit-features/train/normal/road_normal_less/000000052172_all__5.npy,Normal
Pistachio/VAD/vit-features/train/normal/road_normal_less/000000052172_all__6.npy,Normal
Pistachio/VAD/vit-features/train/normal/road_normal_less/000000052172_all__7.npy,Normal
Pistachio/VAD/vit-features/train/normal/road_normal_less/000000052172_all__8.npy,Normal
Pistachio/VAD/vit-features/train/normal/road_normal_less/000000052172_all__9.npy,Normal
Pistachio/VAD/vit-features/train/normal/road_normal_less/000000052483_all__0.npy,Normal
Pistachio/VAD/vit-features/train/normal/road_normal_less/000000052483_all__1.npy,Normal
Pistachio/VAD/vit-features/train/normal/road_normal_less/000000052483_all__2.npy,Normal
Pistachio/VAD/vit-features/train/normal/road_normal_less/000000052483_all__3.npy,Normal
Pistachio/VAD/vit-features/train/normal/road_normal_less/000000052483_all__4.npy,Normal
Pistachio/VAD/vit-features/train/normal/road_normal_less/000000052483_all__5.npy,Normal
Pistachio/VAD/vit-features/train/normal/road_normal_less/000000052483_all__6.npy,Normal
Pistachio/VAD/vit-features/train/normal/road_normal_less/000000052483_all__7.npy,Normal
Pistachio/VAD/vit-features/train/normal/road_normal_less/000000052483_all__8.npy,Normal
Pistachio/VAD/vit-features/train/normal/road_normal_less/000000052483_all__9.npy,Normal
Pistachio/VAD/vit-features/train/normal/road_normal_less/000000052515_all__0.npy,Normal
Pistachio/VAD/vit-features/train/normal/road_normal_less/000000052515_all__1.npy,Normal
Pistachio/VAD/vit-features/train/normal/road_normal_less/000000052515_all__2.npy,Normal
Pistachio/VAD/vit-features/train/normal/road_normal_less/000000052515_all__3.npy,Normal
Pistachio/VAD/vit-features/train/normal/road_normal_less/000000052515_all__4.npy,Normal
Pistachio/VAD/vit-features/train/normal/road_normal_less/000000052515_all__5.npy,Normal
Pistachio/VAD/vit-features/train/normal/road_normal_less/000000052515_all__6.npy,Normal
Pistachio/VAD/vit-features/train/normal/road_normal_less/000000052515_all__7.npy,Normal
Pistachio/VAD/vit-features/train/normal/road_normal_less/000000052515_all__8.npy,Normal
Pistachio/VAD/vit-features/train/normal/road_normal_less/000000052515_all__9.npy,Normal
Pistachio/VAD/vit-features/train/normal/road_normal_less/000000052697_all__0.npy,Normal
Pistachio/VAD/vit-features/train/normal/road_normal_less/000000052697_all__1.npy,Normal
Pistachio/VAD/vit-features/train/normal/road_normal_less/000000052697_all__2.npy,Normal
Pistachio/VAD/vit-features/train/normal/road_normal_less/000000052697_all__3.npy,Normal
Pistachio/VAD/vit-features/train/normal/road_normal_less/000000052697_all__4.npy,Normal
Pistachio/VAD/vit-features/train/normal/road_normal_less/000000052697_all__5.npy,Normal
Pistachio/VAD/vit-features/train/normal/road_normal_less/000000052697_all__6.npy,Normal
Pistachio/VAD/vit-features/train/normal/road_normal_less/000000052697_all__7.npy,Normal
Pistachio/VAD/vit-features/train/normal/road_normal_less/000000052697_all__8.npy,Normal
Pistachio/VAD/vit-features/train/normal/road_normal_less/000000052697_all__9.npy,Normal
Pistachio/VAD/vit-features/train/normal/road_normal_less/000000052713_all__0.npy,Normal
Pistachio/VAD/vit-features/train/normal/road_normal_less/000000052713_all__1.npy,Normal
Pistachio/VAD/vit-features/train/normal/road_normal_less/000000052713_all__2.npy,Normal
Pistachio/VAD/vit-features/train/normal/road_normal_less/000000052713_all__3.npy,Normal
Pistachio/VAD/vit-features/train/normal/road_normal_less/000000052713_all__4.npy,Normal
Pistachio/VAD/vit-features/train/normal/road_normal_less/000000052713_all__5.npy,Normal
Pistachio/VAD/vit-features/train/normal/road_normal_less/000000052713_all__6.npy,Normal
Pistachio/VAD/vit-features/train/normal/road_normal_less/000000052713_all__7.npy,Normal
Pistachio/VAD/vit-features/train/normal/road_normal_less/000000052713_all__8.npy,Normal
Pistachio/VAD/vit-features/train/normal/road_normal_less/000000052713_all__9.npy,Normal
Pistachio/VAD/vit-features/train/normal/road_normal_less/000000053105_all__0.npy,Normal
Pistachio/VAD/vit-features/train/normal/road_normal_less/000000053105_all__1.npy,Normal
Pistachio/VAD/vit-features/train/normal/road_normal_less/000000053105_all__2.npy,Normal
Pistachio/VAD/vit-features/train/normal/road_normal_less/000000053105_all__3.npy,Normal
Pistachio/VAD/vit-features/train/normal/road_normal_less/000000053105_all__4.npy,Normal
Pistachio/VAD/vit-features/train/normal/road_normal_less/000000053105_all__5.npy,Normal
Pistachio/VAD/vit-features/train/normal/road_normal_less/000000053105_all__6.npy,Normal
Pistachio/VAD/vit-features/train/normal/road_normal_less/000000053105_all__7.npy,Normal
Pistachio/VAD/vit-features/train/normal/road_normal_less/000000053105_all__8.npy,Normal
Pistachio/VAD/vit-features/train/normal/road_normal_less/000000053105_all__9.npy,Normal
Pistachio/VAD/vit-features/train/normal/road_normal_less/000000053199_all__0.npy,Normal
Pistachio/VAD/vit-features/train/normal/road_normal_less/000000053199_all__1.npy,Normal
Pistachio/VAD/vit-features/train/normal/road_normal_less/000000053199_all__2.npy,Normal
Pistachio/VAD/vit-features/train/normal/road_normal_less/000000053199_all__3.npy,Normal
Pistachio/VAD/vit-features/train/normal/road_normal_less/000000053199_all__4.npy,Normal
Pistachio/VAD/vit-features/train/normal/road_normal_less/000000053199_all__5.npy,Normal
Pistachio/VAD/vit-features/train/normal/road_normal_less/000000053199_all__6.npy,Normal
Pistachio/VAD/vit-features/train/normal/road_normal_less/000000053199_all__7.npy,Normal
Pistachio/VAD/vit-features/train/normal/road_normal_less/000000053199_all__8.npy,Normal
Pistachio/VAD/vit-features/train/normal/road_normal_less/000000053199_all__9.npy,Normal
Pistachio/VAD/vit-features/train/normal/road_normal_less/000000193797_all__0.npy,Normal
Pistachio/VAD/vit-features/train/normal/road_normal_less/000000193797_all__1.npy,Normal
Pistachio/VAD/vit-features/train/normal/road_normal_less/000000193797_all__2.npy,Normal
Pistachio/VAD/vit-features/train/normal/road_normal_less/000000193797_all__3.npy,Normal
Pistachio/VAD/vit-features/train/normal/road_normal_less/000000193797_all__4.npy,Normal
Pistachio/VAD/vit-features/train/normal/road_normal_less/000000193797_all__5.npy,Normal
Pistachio/VAD/vit-features/train/normal/road_normal_less/000000193797_all__6.npy,Normal
Pistachio/VAD/vit-features/train/normal/road_normal_less/000000193797_all__7.npy,Normal
Pistachio/VAD/vit-features/train/normal/road_normal_less/000000193797_all__8.npy,Normal
Pistachio/VAD/vit-features/train/normal/road_normal_less/000000193797_all__9.npy,Normal
Pistachio/VAD/vit-features/train/normal/road_normal_less/000000194500_all__0.npy,Normal
Pistachio/VAD/vit-features/train/normal/road_normal_less/000000194500_all__1.npy,Normal
Pistachio/VAD/vit-features/train/normal/road_normal_less/000000194500_all__2.npy,Normal
Pistachio/VAD/vit-features/train/normal/road_normal_less/000000194500_all__3.npy,Normal
Pistachio/VAD/vit-features/train/normal/road_normal_less/000000194500_all__4.npy,Normal
Pistachio/VAD/vit-features/train/normal/road_normal_less/000000194500_all__5.npy,Normal
Pistachio/VAD/vit-features/train/normal/road_normal_less/000000194500_all__6.npy,Normal
Pistachio/VAD/vit-features/train/normal/road_normal_less/000000194500_all__7.npy,Normal
Pistachio/VAD/vit-features/train/normal/road_normal_less/000000194500_all__8.npy,Normal
Pistachio/VAD/vit-features/train/normal/road_normal_less/000000194500_all__9.npy,Normal
Pistachio/VAD/vit-features/train/normal/road_normal_less/000000195643_all__0.npy,Normal
Pistachio/VAD/vit-features/train/normal/road_normal_less/000000195643_all__1.npy,Normal
Pistachio/VAD/vit-features/train/normal/road_normal_less/000000195643_all__2.npy,Normal
Pistachio/VAD/vit-features/train/normal/road_normal_less/000000195643_all__3.npy,Normal
Pistachio/VAD/vit-features/train/normal/road_normal_less/000000195643_all__4.npy,Normal
Pistachio/VAD/vit-features/train/normal/road_normal_less/000000195643_all__5.npy,Normal
Pistachio/VAD/vit-features/train/normal/road_normal_less/000000195643_all__6.npy,Normal
Pistachio/VAD/vit-features/train/normal/road_normal_less/000000195643_all__7.npy,Normal
Pistachio/VAD/vit-features/train/normal/road_normal_less/000000195643_all__8.npy,Normal
Pistachio/VAD/vit-features/train/normal/road_normal_less/000000195643_all__9.npy,Normal
Pistachio/VAD/vit-features/train/normal/road_normal_less/000000283132_all__0.npy,Normal
Pistachio/VAD/vit-features/train/normal/road_normal_less/000000283132_all__1.npy,Normal
Pistachio/VAD/vit-features/train/normal/road_normal_less/000000283132_all__2.npy,Normal
Pistachio/VAD/vit-features/train/normal/road_normal_less/000000283132_all__3.npy,Normal
Pistachio/VAD/vit-features/train/normal/road_normal_less/000000283132_all__4.npy,Normal
Pistachio/VAD/vit-features/train/normal/road_normal_less/000000283132_all__5.npy,Normal
Pistachio/VAD/vit-features/train/normal/road_normal_less/000000283132_all__6.npy,Normal
Pistachio/VAD/vit-features/train/normal/road_normal_less/000000283132_all__7.npy,Normal
Pistachio/VAD/vit-features/train/normal/road_normal_less/000000283132_all__8.npy,Normal
Pistachio/VAD/vit-features/train/normal/road_normal_less/000000283132_all__9.npy,Normal
Pistachio/VAD/vit-features/train/normal/road_normal_less/000000283236_all__0.npy,Normal
Pistachio/VAD/vit-features/train/normal/road_normal_less/000000283236_all__1.npy,Normal
Pistachio/VAD/vit-features/train/normal/road_normal_less/000000283236_all__2.npy,Normal
Pistachio/VAD/vit-features/train/normal/road_normal_less/000000283236_all__3.npy,Normal
Pistachio/VAD/vit-features/train/normal/road_normal_less/000000283236_all__4.npy,Normal
Pistachio/VAD/vit-features/train/normal/road_normal_less/000000283236_all__5.npy,Normal
Pistachio/VAD/vit-features/train/normal/road_normal_less/000000283236_all__6.npy,Normal
Pistachio/VAD/vit-features/train/normal/road_normal_less/000000283236_all__7.npy,Normal
Pistachio/VAD/vit-features/train/normal/road_normal_less/000000283236_all__8.npy,Normal
Pistachio/VAD/vit-features/train/normal/road_normal_less/000000283236_all__9.npy,Normal
Pistachio/VAD/vit-features/train/normal/road_normal_less/000000284962_all__0.npy,Normal
Pistachio/VAD/vit-features/train/normal/road_normal_less/000000284962_all__1.npy,Normal
Pistachio/VAD/vit-features/train/normal/road_normal_less/000000284962_all__2.npy,Normal
Pistachio/VAD/vit-features/train/normal/road_normal_less/000000284962_all__3.npy,Normal
Pistachio/VAD/vit-features/train/normal/road_normal_less/000000284962_all__4.npy,Normal
Pistachio/VAD/vit-features/train/normal/road_normal_less/000000284962_all__5.npy,Normal
Pistachio/VAD/vit-features/train/normal/road_normal_less/000000284962_all__6.npy,Normal
Pistachio/VAD/vit-features/train/normal/road_normal_less/000000284962_all__7.npy,Normal
Pistachio/VAD/vit-features/train/normal/road_normal_less/000000284962_all__8.npy,Normal
Pistachio/VAD/vit-features/train/normal/road_normal_less/000000284962_all__9.npy,Normal
Pistachio/VAD/vit-features/train/normal/road_normal_less/000000285594_all__0.npy,Normal
Pistachio/VAD/vit-features/train/normal/road_normal_less/000000285594_all__1.npy,Normal
Pistachio/VAD/vit-features/train/normal/road_normal_less/000000285594_all__2.npy,Normal
Pistachio/VAD/vit-features/train/normal/road_normal_less/000000285594_all__3.npy,Normal
Pistachio/VAD/vit-features/train/normal/road_normal_less/000000285594_all__4.npy,Normal
Pistachio/VAD/vit-features/train/normal/road_normal_less/000000285594_all__5.npy,Normal
Pistachio/VAD/vit-features/train/normal/road_normal_less/000000285594_all__6.npy,Normal
Pistachio/VAD/vit-features/train/normal/road_normal_less/000000285594_all__7.npy,Normal
Pistachio/VAD/vit-features/train/normal/road_normal_less/000000285594_all__8.npy,Normal
Pistachio/VAD/vit-features/train/normal/road_normal_less/000000285594_all__9.npy,Normal
Pistachio/VAD/vit-features/train/normal/road_normal_less/000000285658_all__0.npy,Normal
Pistachio/VAD/vit-features/train/normal/road_normal_less/000000285658_all__1.npy,Normal
Pistachio/VAD/vit-features/train/normal/road_normal_less/000000285658_all__2.npy,Normal
Pistachio/VAD/vit-features/train/normal/road_normal_less/000000285658_all__3.npy,Normal
Pistachio/VAD/vit-features/train/normal/road_normal_less/000000285658_all__4.npy,Normal
Pistachio/VAD/vit-features/train/normal/road_normal_less/000000285658_all__5.npy,Normal
Pistachio/VAD/vit-features/train/normal/road_normal_less/000000285658_all__6.npy,Normal
Pistachio/VAD/vit-features/train/normal/road_normal_less/000000285658_all__7.npy,Normal
Pistachio/VAD/vit-features/train/normal/road_normal_less/000000285658_all__8.npy,Normal
Pistachio/VAD/vit-features/train/normal/road_normal_less/000000285658_all__9.npy,Normal
Pistachio/VAD/vit-features/train/normal/road_normal_less/000000318480_all__0.npy,Normal
Pistachio/VAD/vit-features/train/normal/road_normal_less/000000318480_all__1.npy,Normal
Pistachio/VAD/vit-features/train/normal/road_normal_less/000000318480_all__2.npy,Normal
Pistachio/VAD/vit-features/train/normal/road_normal_less/000000318480_all__3.npy,Normal
Pistachio/VAD/vit-features/train/normal/road_normal_less/000000318480_all__4.npy,Normal
Pistachio/VAD/vit-features/train/normal/road_normal_less/000000318480_all__5.npy,Normal
Pistachio/VAD/vit-features/train/normal/road_normal_less/000000318480_all__6.npy,Normal
Pistachio/VAD/vit-features/train/normal/road_normal_less/000000318480_all__7.npy,Normal
Pistachio/VAD/vit-features/train/normal/road_normal_less/000000318480_all__8.npy,Normal
Pistachio/VAD/vit-features/train/normal/road_normal_less/000000318480_all__9.npy,Normal
Pistachio/VAD/vit-features/train/normal/road_normal_less/000000320025_all__0.npy,Normal
Pistachio/VAD/vit-features/train/normal/road_normal_less/000000320025_all__1.npy,Normal
Pistachio/VAD/vit-features/train/normal/road_normal_less/000000320025_all__2.npy,Normal
Pistachio/VAD/vit-features/train/normal/road_normal_less/000000320025_all__3.npy,Normal
Pistachio/VAD/vit-features/train/normal/road_normal_less/000000320025_all__4.npy,Normal
Pistachio/VAD/vit-features/train/normal/road_normal_less/000000320025_all__5.npy,Normal
Pistachio/VAD/vit-features/train/normal/road_normal_less/000000320025_all__6.npy,Normal
Pistachio/VAD/vit-features/train/normal/road_normal_less/000000320025_all__7.npy,Normal
Pistachio/VAD/vit-features/train/normal/road_normal_less/000000320025_all__8.npy,Normal
Pistachio/VAD/vit-features/train/normal/road_normal_less/000000320025_all__9.npy,Normal
Pistachio/VAD/vit-features/train/normal/road_normal_less/000000330949_all__0.npy,Normal
Pistachio/VAD/vit-features/train/normal/road_normal_less/000000330949_all__1.npy,Normal
Pistachio/VAD/vit-features/train/normal/road_normal_less/000000330949_all__2.npy,Normal
Pistachio/VAD/vit-features/train/normal/road_normal_less/000000330949_all__3.npy,Normal
Pistachio/VAD/vit-features/train/normal/road_normal_less/000000330949_all__4.npy,Normal
Pistachio/VAD/vit-features/train/normal/road_normal_less/000000330949_all__5.npy,Normal
Pistachio/VAD/vit-features/train/normal/road_normal_less/000000330949_all__6.npy,Normal
Pistachio/VAD/vit-features/train/normal/road_normal_less/000000330949_all__7.npy,Normal
Pistachio/VAD/vit-features/train/normal/road_normal_less/000000330949_all__8.npy,Normal
Pistachio/VAD/vit-features/train/normal/road_normal_less/000000330949_all__9.npy,Normal
Pistachio/VAD/vit-features/train/normal/road_normal_less/000000332412_all__0.npy,Normal
Pistachio/VAD/vit-features/train/normal/road_normal_less/000000332412_all__1.npy,Normal
Pistachio/VAD/vit-features/train/normal/road_normal_less/000000332412_all__2.npy,Normal
Pistachio/VAD/vit-features/train/normal/road_normal_less/000000332412_all__3.npy,Normal
Pistachio/VAD/vit-features/train/normal/road_normal_less/000000332412_all__4.npy,Normal
Pistachio/VAD/vit-features/train/normal/road_normal_less/000000332412_all__5.npy,Normal
Pistachio/VAD/vit-features/train/normal/road_normal_less/000000332412_all__6.npy,Normal
Pistachio/VAD/vit-features/train/normal/road_normal_less/000000332412_all__7.npy,Normal
Pistachio/VAD/vit-features/train/normal/road_normal_less/000000332412_all__8.npy,Normal
Pistachio/VAD/vit-features/train/normal/road_normal_less/000000332412_all__9.npy,Normal
Pistachio/VAD/vit-features/train/normal/road_normal_less/000000437038_all__0.npy,Normal
Pistachio/VAD/vit-features/train/normal/road_normal_less/000000437038_all__1.npy,Normal
Pistachio/VAD/vit-features/train/normal/road_normal_less/000000437038_all__2.npy,Normal
Pistachio/VAD/vit-features/train/normal/road_normal_less/000000437038_all__3.npy,Normal
Pistachio/VAD/vit-features/train/normal/road_normal_less/000000437038_all__4.npy,Normal
Pistachio/VAD/vit-features/train/normal/road_normal_less/000000437038_all__5.npy,Normal
Pistachio/VAD/vit-features/train/normal/road_normal_less/000000437038_all__6.npy,Normal
Pistachio/VAD/vit-features/train/normal/road_normal_less/000000437038_all__7.npy,Normal
Pistachio/VAD/vit-features/train/normal/road_normal_less/000000437038_all__8.npy,Normal
Pistachio/VAD/vit-features/train/normal/road_normal_less/000000437038_all__9.npy,Normal
Pistachio/VAD/vit-features/train/normal/road_normal_less/000000456386_all__0.npy,Normal
Pistachio/VAD/vit-features/train/normal/road_normal_less/000000456386_all__1.npy,Normal
Pistachio/VAD/vit-features/train/normal/road_normal_less/000000456386_all__2.npy,Normal
Pistachio/VAD/vit-features/train/normal/road_normal_less/000000456386_all__3.npy,Normal
Pistachio/VAD/vit-features/train/normal/road_normal_less/000000456386_all__4.npy,Normal
Pistachio/VAD/vit-features/train/normal/road_normal_less/000000456386_all__5.npy,Normal
Pistachio/VAD/vit-features/train/normal/road_normal_less/000000456386_all__6.npy,Normal
Pistachio/VAD/vit-features/train/normal/road_normal_less/000000456386_all__7.npy,Normal
Pistachio/VAD/vit-features/train/normal/road_normal_less/000000456386_all__8.npy,Normal
Pistachio/VAD/vit-features/train/normal/road_normal_less/000000456386_all__9.npy,Normal
Pistachio/VAD/vit-features/train/normal/road_normal_less/000000459818_all__0.npy,Normal
Pistachio/VAD/vit-features/train/normal/road_normal_less/000000459818_all__1.npy,Normal
Pistachio/VAD/vit-features/train/normal/road_normal_less/000000459818_all__2.npy,Normal
Pistachio/VAD/vit-features/train/normal/road_normal_less/000000459818_all__3.npy,Normal
Pistachio/VAD/vit-features/train/normal/road_normal_less/000000459818_all__4.npy,Normal
Pistachio/VAD/vit-features/train/normal/road_normal_less/000000459818_all__5.npy,Normal
Pistachio/VAD/vit-features/train/normal/road_normal_less/000000459818_all__6.npy,Normal
Pistachio/VAD/vit-features/train/normal/road_normal_less/000000459818_all__7.npy,Normal
Pistachio/VAD/vit-features/train/normal/road_normal_less/000000459818_all__8.npy,Normal
Pistachio/VAD/vit-features/train/normal/road_normal_less/000000459818_all__9.npy,Normal
Pistachio/VAD/vit-features/train/normal/road_normal_less/000000460230_all__0.npy,Normal
Pistachio/VAD/vit-features/train/normal/road_normal_less/000000460230_all__1.npy,Normal
Pistachio/VAD/vit-features/train/normal/road_normal_less/000000460230_all__2.npy,Normal
Pistachio/VAD/vit-features/train/normal/road_normal_less/000000460230_all__3.npy,Normal
Pistachio/VAD/vit-features/train/normal/road_normal_less/000000460230_all__4.npy,Normal
Pistachio/VAD/vit-features/train/normal/road_normal_less/000000460230_all__5.npy,Normal
Pistachio/VAD/vit-features/train/normal/road_normal_less/000000460230_all__6.npy,Normal
Pistachio/VAD/vit-features/train/normal/road_normal_less/000000460230_all__7.npy,Normal
Pistachio/VAD/vit-features/train/normal/road_normal_less/000000460230_all__8.npy,Normal
Pistachio/VAD/vit-features/train/normal/road_normal_less/000000460230_all__9.npy,Normal
Pistachio/VAD/vit-features/train/normal/road_normal_less/000000460883_all__0.npy,Normal
Pistachio/VAD/vit-features/train/normal/road_normal_less/000000460883_all__1.npy,Normal
Pistachio/VAD/vit-features/train/normal/road_normal_less/000000460883_all__2.npy,Normal
Pistachio/VAD/vit-features/train/normal/road_normal_less/000000460883_all__3.npy,Normal
Pistachio/VAD/vit-features/train/normal/road_normal_less/000000460883_all__4.npy,Normal
Pistachio/VAD/vit-features/train/normal/road_normal_less/000000460883_all__5.npy,Normal
Pistachio/VAD/vit-features/train/normal/road_normal_less/000000460883_all__6.npy,Normal
Pistachio/VAD/vit-features/train/normal/road_normal_less/000000460883_all__7.npy,Normal
Pistachio/VAD/vit-features/train/normal/road_normal_less/000000460883_all__8.npy,Normal
Pistachio/VAD/vit-features/train/normal/road_normal_less/000000460883_all__9.npy,Normal
Pistachio/VAD/vit-features/train/normal/road_normal_less/000000462363_all__0.npy,Normal
Pistachio/VAD/vit-features/train/normal/road_normal_less/000000462363_all__1.npy,Normal
Pistachio/VAD/vit-features/train/normal/road_normal_less/000000462363_all__2.npy,Normal
Pistachio/VAD/vit-features/train/normal/road_normal_less/000000462363_all__3.npy,Normal
Pistachio/VAD/vit-features/train/normal/road_normal_less/000000462363_all__4.npy,Normal
Pistachio/VAD/vit-features/train/normal/road_normal_less/000000462363_all__5.npy,Normal
Pistachio/VAD/vit-features/train/normal/road_normal_less/000000462363_all__6.npy,Normal
Pistachio/VAD/vit-features/train/normal/road_normal_less/000000462363_all__7.npy,Normal
Pistachio/VAD/vit-features/train/normal/road_normal_less/000000462363_all__8.npy,Normal
Pistachio/VAD/vit-features/train/normal/road_normal_less/000000462363_all__9.npy,Normal
Pistachio/VAD/vit-features/train/normal/road_normal_less/000000467885_all__0.npy,Normal
Pistachio/VAD/vit-features/train/normal/road_normal_less/000000467885_all__1.npy,Normal
Pistachio/VAD/vit-features/train/normal/road_normal_less/000000467885_all__2.npy,Normal
Pistachio/VAD/vit-features/train/normal/road_normal_less/000000467885_all__3.npy,Normal
Pistachio/VAD/vit-features/train/normal/road_normal_less/000000467885_all__4.npy,Normal
Pistachio/VAD/vit-features/train/normal/road_normal_less/000000467885_all__5.npy,Normal
Pistachio/VAD/vit-features/train/normal/road_normal_less/000000467885_all__6.npy,Normal
Pistachio/VAD/vit-features/train/normal/road_normal_less/000000467885_all__7.npy,Normal
Pistachio/VAD/vit-features/train/normal/road_normal_less/000000467885_all__8.npy,Normal
Pistachio/VAD/vit-features/train/normal/road_normal_less/000000467885_all__9.npy,Normal
Pistachio/VAD/vit-features/train/normal/road_normal_less/000000476759_all__0.npy,Normal
Pistachio/VAD/vit-features/train/normal/road_normal_less/000000476759_all__1.npy,Normal
Pistachio/VAD/vit-features/train/normal/road_normal_less/000000476759_all__2.npy,Normal
Pistachio/VAD/vit-features/train/normal/road_normal_less/000000476759_all__3.npy,Normal
Pistachio/VAD/vit-features/train/normal/road_normal_less/000000476759_all__4.npy,Normal
Pistachio/VAD/vit-features/train/normal/road_normal_less/000000476759_all__5.npy,Normal
Pistachio/VAD/vit-features/train/normal/road_normal_less/000000476759_all__6.npy,Normal
Pistachio/VAD/vit-features/train/normal/road_normal_less/000000476759_all__7.npy,Normal
Pistachio/VAD/vit-features/train/normal/road_normal_less/000000476759_all__8.npy,Normal
Pistachio/VAD/vit-features/train/normal/road_normal_less/000000476759_all__9.npy,Normal
Pistachio/VAD/vit-features/train/normal/road_normal_less/000000479076_all__0.npy,Normal
Pistachio/VAD/vit-features/train/normal/road_normal_less/000000479076_all__1.npy,Normal
Pistachio/VAD/vit-features/train/normal/road_normal_less/000000479076_all__2.npy,Normal
Pistachio/VAD/vit-features/train/normal/road_normal_less/000000479076_all__3.npy,Normal
Pistachio/VAD/vit-features/train/normal/road_normal_less/000000479076_all__4.npy,Normal
Pistachio/VAD/vit-features/train/normal/road_normal_less/000000479076_all__5.npy,Normal
Pistachio/VAD/vit-features/train/normal/road_normal_less/000000479076_all__6.npy,Normal
Pistachio/VAD/vit-features/train/normal/road_normal_less/000000479076_all__7.npy,Normal
Pistachio/VAD/vit-features/train/normal/road_normal_less/000000479076_all__8.npy,Normal
Pistachio/VAD/vit-features/train/normal/road_normal_less/000000479076_all__9.npy,Normal
Pistachio/VAD/vit-features/train/normal/road_normal_less/000000479324_all__0.npy,Normal
Pistachio/VAD/vit-features/train/normal/road_normal_less/000000479324_all__1.npy,Normal
Pistachio/VAD/vit-features/train/normal/road_normal_less/000000479324_all__2.npy,Normal
Pistachio/VAD/vit-features/train/normal/road_normal_less/000000479324_all__3.npy,Normal
Pistachio/VAD/vit-features/train/normal/road_normal_less/000000479324_all__4.npy,Normal
Pistachio/VAD/vit-features/train/normal/road_normal_less/000000479324_all__5.npy,Normal
Pistachio/VAD/vit-features/train/normal/road_normal_less/000000479324_all__6.npy,Normal
Pistachio/VAD/vit-features/train/normal/road_normal_less/000000479324_all__7.npy,Normal
Pistachio/VAD/vit-features/train/normal/road_normal_less/000000479324_all__8.npy,Normal
Pistachio/VAD/vit-features/train/normal/road_normal_less/000000479324_all__9.npy,Normal
Pistachio/VAD/vit-features/train/normal/road_normal_less/000000489087_all__0.npy,Normal
Pistachio/VAD/vit-features/train/normal/road_normal_less/000000489087_all__1.npy,Normal
Pistachio/VAD/vit-features/train/normal/road_normal_less/000000489087_all__2.npy,Normal
Pistachio/VAD/vit-features/train/normal/road_normal_less/000000489087_all__3.npy,Normal
Pistachio/VAD/vit-features/train/normal/road_normal_less/000000489087_all__4.npy,Normal
Pistachio/VAD/vit-features/train/normal/road_normal_less/000000489087_all__5.npy,Normal
Pistachio/VAD/vit-features/train/normal/road_normal_less/000000489087_all__6.npy,Normal
Pistachio/VAD/vit-features/train/normal/road_normal_less/000000489087_all__7.npy,Normal
Pistachio/VAD/vit-features/train/normal/road_normal_less/000000489087_all__8.npy,Normal
Pistachio/VAD/vit-features/train/normal/road_normal_less/000000489087_all__9.npy,Normal
Pistachio/VAD/vit-features/train/normal/road_normal_less/000000496971_all__0.npy,Normal
Pistachio/VAD/vit-features/train/normal/road_normal_less/000000496971_all__1.npy,Normal
Pistachio/VAD/vit-features/train/normal/road_normal_less/000000496971_all__2.npy,Normal
Pistachio/VAD/vit-features/train/normal/road_normal_less/000000496971_all__3.npy,Normal
Pistachio/VAD/vit-features/train/normal/road_normal_less/000000496971_all__4.npy,Normal
Pistachio/VAD/vit-features/train/normal/road_normal_less/000000496971_all__5.npy,Normal
Pistachio/VAD/vit-features/train/normal/road_normal_less/000000496971_all__6.npy,Normal
Pistachio/VAD/vit-features/train/normal/road_normal_less/000000496971_all__7.npy,Normal
Pistachio/VAD/vit-features/train/normal/road_normal_less/000000496971_all__8.npy,Normal
Pistachio/VAD/vit-features/train/normal/road_normal_less/000000496971_all__9.npy,Normal
Pistachio/VAD/vit-features/train/normal/road_normal_less/000000497890_all__0.npy,Normal
Pistachio/VAD/vit-features/train/normal/road_normal_less/000000497890_all__1.npy,Normal
Pistachio/VAD/vit-features/train/normal/road_normal_less/000000497890_all__2.npy,Normal
Pistachio/VAD/vit-features/train/normal/road_normal_less/000000497890_all__3.npy,Normal
Pistachio/VAD/vit-features/train/normal/road_normal_less/000000497890_all__4.npy,Normal
Pistachio/VAD/vit-features/train/normal/road_normal_less/000000497890_all__5.npy,Normal
Pistachio/VAD/vit-features/train/normal/road_normal_less/000000497890_all__6.npy,Normal
Pistachio/VAD/vit-features/train/normal/road_normal_less/000000497890_all__7.npy,Normal
Pistachio/VAD/vit-features/train/normal/road_normal_less/000000497890_all__8.npy,Normal
Pistachio/VAD/vit-features/train/normal/road_normal_less/000000497890_all__9.npy,Normal
Pistachio/VAD/vit-features/train/normal/road_normal_less/000000500276_all__0.npy,Normal
Pistachio/VAD/vit-features/train/normal/road_normal_less/000000500276_all__1.npy,Normal
Pistachio/VAD/vit-features/train/normal/road_normal_less/000000500276_all__2.npy,Normal
Pistachio/VAD/vit-features/train/normal/road_normal_less/000000500276_all__3.npy,Normal
Pistachio/VAD/vit-features/train/normal/road_normal_less/000000500276_all__4.npy,Normal
Pistachio/VAD/vit-features/train/normal/road_normal_less/000000500276_all__5.npy,Normal
Pistachio/VAD/vit-features/train/normal/road_normal_less/000000500276_all__6.npy,Normal
Pistachio/VAD/vit-features/train/normal/road_normal_less/000000500276_all__7.npy,Normal
Pistachio/VAD/vit-features/train/normal/road_normal_less/000000500276_all__8.npy,Normal
Pistachio/VAD/vit-features/train/normal/road_normal_less/000000500276_all__9.npy,Normal
Pistachio/VAD/vit-features/train/normal/road_normal_less/000000504071_all__0.npy,Normal
Pistachio/VAD/vit-features/train/normal/road_normal_less/000000504071_all__1.npy,Normal
Pistachio/VAD/vit-features/train/normal/road_normal_less/000000504071_all__2.npy,Normal
Pistachio/VAD/vit-features/train/normal/road_normal_less/000000504071_all__3.npy,Normal
Pistachio/VAD/vit-features/train/normal/road_normal_less/000000504071_all__4.npy,Normal
Pistachio/VAD/vit-features/train/normal/road_normal_less/000000504071_all__5.npy,Normal
Pistachio/VAD/vit-features/train/normal/road_normal_less/000000504071_all__6.npy,Normal
Pistachio/VAD/vit-features/train/normal/road_normal_less/000000504071_all__7.npy,Normal
Pistachio/VAD/vit-features/train/normal/road_normal_less/000000504071_all__8.npy,Normal
Pistachio/VAD/vit-features/train/normal/road_normal_less/000000504071_all__9.npy,Normal
Pistachio/VAD/vit-features/train/normal/road_normal_less/000000512580_all__0.npy,Normal
Pistachio/VAD/vit-features/train/normal/road_normal_less/000000512580_all__1.npy,Normal
Pistachio/VAD/vit-features/train/normal/road_normal_less/000000512580_all__2.npy,Normal
Pistachio/VAD/vit-features/train/normal/road_normal_less/000000512580_all__3.npy,Normal
Pistachio/VAD/vit-features/train/normal/road_normal_less/000000512580_all__4.npy,Normal
Pistachio/VAD/vit-features/train/normal/road_normal_less/000000512580_all__5.npy,Normal
Pistachio/VAD/vit-features/train/normal/road_normal_less/000000512580_all__6.npy,Normal
Pistachio/VAD/vit-features/train/normal/road_normal_less/000000512580_all__7.npy,Normal
Pistachio/VAD/vit-features/train/normal/road_normal_less/000000512580_all__8.npy,Normal
Pistachio/VAD/vit-features/train/normal/road_normal_less/000000512580_all__9.npy,Normal
Pistachio/VAD/vit-features/train/normal/road_normal_less/000000514751_all__0.npy,Normal
Pistachio/VAD/vit-features/train/normal/road_normal_less/000000514751_all__1.npy,Normal
Pistachio/VAD/vit-features/train/normal/road_normal_less/000000514751_all__2.npy,Normal
Pistachio/VAD/vit-features/train/normal/road_normal_less/000000514751_all__3.npy,Normal
Pistachio/VAD/vit-features/train/normal/road_normal_less/000000514751_all__4.npy,Normal
Pistachio/VAD/vit-features/train/normal/road_normal_less/000000514751_all__5.npy,Normal
Pistachio/VAD/vit-features/train/normal/road_normal_less/000000514751_all__6.npy,Normal
Pistachio/VAD/vit-features/train/normal/road_normal_less/000000514751_all__7.npy,Normal
Pistachio/VAD/vit-features/train/normal/road_normal_less/000000514751_all__8.npy,Normal
Pistachio/VAD/vit-features/train/normal/road_normal_less/000000514751_all__9.npy,Normal
Pistachio/VAD/vit-features/train/normal/road_normal_less/000000541689_all__0.npy,Normal
Pistachio/VAD/vit-features/train/normal/road_normal_less/000000541689_all__1.npy,Normal
Pistachio/VAD/vit-features/train/normal/road_normal_less/000000541689_all__2.npy,Normal
Pistachio/VAD/vit-features/train/normal/road_normal_less/000000541689_all__3.npy,Normal
Pistachio/VAD/vit-features/train/normal/road_normal_less/000000541689_all__4.npy,Normal
Pistachio/VAD/vit-features/train/normal/road_normal_less/000000541689_all__5.npy,Normal
Pistachio/VAD/vit-features/train/normal/road_normal_less/000000541689_all__6.npy,Normal
Pistachio/VAD/vit-features/train/normal/road_normal_less/000000541689_all__7.npy,Normal
Pistachio/VAD/vit-features/train/normal/road_normal_less/000000541689_all__8.npy,Normal
Pistachio/VAD/vit-features/train/normal/road_normal_less/000000541689_all__9.npy,Normal
Pistachio/VAD/vit-features/train/normal/road_normal_less/000000552207_all__0.npy,Normal
Pistachio/VAD/vit-features/train/normal/road_normal_less/000000552207_all__1.npy,Normal
Pistachio/VAD/vit-features/train/normal/road_normal_less/000000552207_all__2.npy,Normal
Pistachio/VAD/vit-features/train/normal/road_normal_less/000000552207_all__3.npy,Normal
Pistachio/VAD/vit-features/train/normal/road_normal_less/000000552207_all__4.npy,Normal
Pistachio/VAD/vit-features/train/normal/road_normal_less/000000552207_all__5.npy,Normal
Pistachio/VAD/vit-features/train/normal/road_normal_less/000000552207_all__6.npy,Normal
Pistachio/VAD/vit-features/train/normal/road_normal_less/000000552207_all__7.npy,Normal
Pistachio/VAD/vit-features/train/normal/road_normal_less/000000552207_all__8.npy,Normal
Pistachio/VAD/vit-features/train/normal/road_normal_less/000000552207_all__9.npy,Normal
Pistachio/VAD/vit-features/train/normal/road_normal_more/000000031035_all__0.npy,Normal
Pistachio/VAD/vit-features/train/normal/road_normal_more/000000031035_all__1.npy,Normal
Pistachio/VAD/vit-features/train/normal/road_normal_more/000000031035_all__2.npy,Normal
Pistachio/VAD/vit-features/train/normal/road_normal_more/000000031035_all__3.npy,Normal
Pistachio/VAD/vit-features/train/normal/road_normal_more/000000031035_all__4.npy,Normal
Pistachio/VAD/vit-features/train/normal/road_normal_more/000000031035_all__5.npy,Normal
Pistachio/VAD/vit-features/train/normal/road_normal_more/000000031035_all__6.npy,Normal
Pistachio/VAD/vit-features/train/normal/road_normal_more/000000031035_all__7.npy,Normal
Pistachio/VAD/vit-features/train/normal/road_normal_more/000000031035_all__8.npy,Normal
Pistachio/VAD/vit-features/train/normal/road_normal_more/000000031035_all__9.npy,Normal
Pistachio/VAD/vit-features/train/normal/road_normal_more/000000091925_all__0.npy,Normal
Pistachio/VAD/vit-features/train/normal/road_normal_more/000000091925_all__1.npy,Normal
Pistachio/VAD/vit-features/train/normal/road_normal_more/000000091925_all__2.npy,Normal
Pistachio/VAD/vit-features/train/normal/road_normal_more/000000091925_all__3.npy,Normal
Pistachio/VAD/vit-features/train/normal/road_normal_more/000000091925_all__4.npy,Normal
Pistachio/VAD/vit-features/train/normal/road_normal_more/000000091925_all__5.npy,Normal
Pistachio/VAD/vit-features/train/normal/road_normal_more/000000091925_all__6.npy,Normal
Pistachio/VAD/vit-features/train/normal/road_normal_more/000000091925_all__7.npy,Normal
Pistachio/VAD/vit-features/train/normal/road_normal_more/000000091925_all__8.npy,Normal
Pistachio/VAD/vit-features/train/normal/road_normal_more/000000091925_all__9.npy,Normal
Pistachio/VAD/vit-features/train/normal/road_normal_more/000000097959_all__0.npy,Normal
Pistachio/VAD/vit-features/train/normal/road_normal_more/000000097959_all__1.npy,Normal
Pistachio/VAD/vit-features/train/normal/road_normal_more/000000097959_all__2.npy,Normal
Pistachio/VAD/vit-features/train/normal/road_normal_more/000000097959_all__3.npy,Normal
Pistachio/VAD/vit-features/train/normal/road_normal_more/000000097959_all__4.npy,Normal
Pistachio/VAD/vit-features/train/normal/road_normal_more/000000097959_all__5.npy,Normal
Pistachio/VAD/vit-features/train/normal/road_normal_more/000000097959_all__6.npy,Normal
Pistachio/VAD/vit-features/train/normal/road_normal_more/000000097959_all__7.npy,Normal
Pistachio/VAD/vit-features/train/normal/road_normal_more/000000097959_all__8.npy,Normal
Pistachio/VAD/vit-features/train/normal/road_normal_more/000000097959_all__9.npy,Normal
Pistachio/VAD/vit-features/train/normal/road_normal_more/000000125068_all__0.npy,Normal
Pistachio/VAD/vit-features/train/normal/road_normal_more/000000125068_all__1.npy,Normal
Pistachio/VAD/vit-features/train/normal/road_normal_more/000000125068_all__2.npy,Normal
Pistachio/VAD/vit-features/train/normal/road_normal_more/000000125068_all__3.npy,Normal
Pistachio/VAD/vit-features/train/normal/road_normal_more/000000125068_all__4.npy,Normal
Pistachio/VAD/vit-features/train/normal/road_normal_more/000000125068_all__5.npy,Normal
Pistachio/VAD/vit-features/train/normal/road_normal_more/000000125068_all__6.npy,Normal
Pistachio/VAD/vit-features/train/normal/road_normal_more/000000125068_all__7.npy,Normal
Pistachio/VAD/vit-features/train/normal/road_normal_more/000000125068_all__8.npy,Normal
Pistachio/VAD/vit-features/train/normal/road_normal_more/000000125068_all__9.npy,Normal
Pistachio/VAD/vit-features/train/normal/road_normal_more/000000125320_all__0.npy,Normal
Pistachio/VAD/vit-features/train/normal/road_normal_more/000000125320_all__1.npy,Normal
Pistachio/VAD/vit-features/train/normal/road_normal_more/000000125320_all__2.npy,Normal
Pistachio/VAD/vit-features/train/normal/road_normal_more/000000125320_all__3.npy,Normal
Pistachio/VAD/vit-features/train/normal/road_normal_more/000000125320_all__4.npy,Normal
Pistachio/VAD/vit-features/train/normal/road_normal_more/000000125320_all__5.npy,Normal
Pistachio/VAD/vit-features/train/normal/road_normal_more/000000125320_all__6.npy,Normal
Pistachio/VAD/vit-features/train/normal/road_normal_more/000000125320_all__7.npy,Normal
Pistachio/VAD/vit-features/train/normal/road_normal_more/000000125320_all__8.npy,Normal
Pistachio/VAD/vit-features/train/normal/road_normal_more/000000125320_all__9.npy,Normal
Pistachio/VAD/vit-features/train/normal/road_normal_more/000000125326_all__0.npy,Normal
Pistachio/VAD/vit-features/train/normal/road_normal_more/000000125326_all__1.npy,Normal
Pistachio/VAD/vit-features/train/normal/road_normal_more/000000125326_all__2.npy,Normal
Pistachio/VAD/vit-features/train/normal/road_normal_more/000000125326_all__3.npy,Normal
Pistachio/VAD/vit-features/train/normal/road_normal_more/000000125326_all__4.npy,Normal
Pistachio/VAD/vit-features/train/normal/road_normal_more/000000125326_all__5.npy,Normal
Pistachio/VAD/vit-features/train/normal/road_normal_more/000000125326_all__6.npy,Normal
Pistachio/VAD/vit-features/train/normal/road_normal_more/000000125326_all__7.npy,Normal
Pistachio/VAD/vit-features/train/normal/road_normal_more/000000125326_all__8.npy,Normal
Pistachio/VAD/vit-features/train/normal/road_normal_more/000000125326_all__9.npy,Normal
Pistachio/VAD/vit-features/train/normal/road_normal_more/000000125409_all__0.npy,Normal
Pistachio/VAD/vit-features/train/normal/road_normal_more/000000125409_all__1.npy,Normal
Pistachio/VAD/vit-features/train/normal/road_normal_more/000000125409_all__2.npy,Normal
Pistachio/VAD/vit-features/train/normal/road_normal_more/000000125409_all__3.npy,Normal
Pistachio/VAD/vit-features/train/normal/road_normal_more/000000125409_all__4.npy,Normal
Pistachio/VAD/vit-features/train/normal/road_normal_more/000000125409_all__5.npy,Normal
Pistachio/VAD/vit-features/train/normal/road_normal_more/000000125409_all__6.npy,Normal
Pistachio/VAD/vit-features/train/normal/road_normal_more/000000125409_all__7.npy,Normal
Pistachio/VAD/vit-features/train/normal/road_normal_more/000000125409_all__8.npy,Normal
Pistachio/VAD/vit-features/train/normal/road_normal_more/000000125409_all__9.npy,Normal
Pistachio/VAD/vit-features/train/normal/road_normal_more/000000125589_all__0.npy,Normal
Pistachio/VAD/vit-features/train/normal/road_normal_more/000000125589_all__1.npy,Normal
Pistachio/VAD/vit-features/train/normal/road_normal_more/000000125589_all__2.npy,Normal
Pistachio/VAD/vit-features/train/normal/road_normal_more/000000125589_all__3.npy,Normal
Pistachio/VAD/vit-features/train/normal/road_normal_more/000000125589_all__4.npy,Normal
Pistachio/VAD/vit-features/train/normal/road_normal_more/000000125589_all__5.npy,Normal
Pistachio/VAD/vit-features/train/normal/road_normal_more/000000125589_all__6.npy,Normal
Pistachio/VAD/vit-features/train/normal/road_normal_more/000000125589_all__7.npy,Normal
Pistachio/VAD/vit-features/train/normal/road_normal_more/000000125589_all__8.npy,Normal
Pistachio/VAD/vit-features/train/normal/road_normal_more/000000125589_all__9.npy,Normal
Pistachio/VAD/vit-features/train/normal/road_normal_more/000000125808_all__0.npy,Normal
Pistachio/VAD/vit-features/train/normal/road_normal_more/000000125808_all__1.npy,Normal
Pistachio/VAD/vit-features/train/normal/road_normal_more/000000125808_all__2.npy,Normal
Pistachio/VAD/vit-features/train/normal/road_normal_more/000000125808_all__3.npy,Normal
Pistachio/VAD/vit-features/train/normal/road_normal_more/000000125808_all__4.npy,Normal
Pistachio/VAD/vit-features/train/normal/road_normal_more/000000125808_all__5.npy,Normal
Pistachio/VAD/vit-features/train/normal/road_normal_more/000000125808_all__6.npy,Normal
Pistachio/VAD/vit-features/train/normal/road_normal_more/000000125808_all__7.npy,Normal
Pistachio/VAD/vit-features/train/normal/road_normal_more/000000125808_all__8.npy,Normal
Pistachio/VAD/vit-features/train/normal/road_normal_more/000000125808_all__9.npy,Normal
Pistachio/VAD/vit-features/train/normal/road_normal_more/000000126031_all__0.npy,Normal
Pistachio/VAD/vit-features/train/normal/road_normal_more/000000126031_all__1.npy,Normal
Pistachio/VAD/vit-features/train/normal/road_normal_more/000000126031_all__2.npy,Normal
Pistachio/VAD/vit-features/train/normal/road_normal_more/000000126031_all__3.npy,Normal
Pistachio/VAD/vit-features/train/normal/road_normal_more/000000126031_all__4.npy,Normal
Pistachio/VAD/vit-features/train/normal/road_normal_more/000000126031_all__5.npy,Normal
Pistachio/VAD/vit-features/train/normal/road_normal_more/000000126031_all__6.npy,Normal
Pistachio/VAD/vit-features/train/normal/road_normal_more/000000126031_all__7.npy,Normal
Pistachio/VAD/vit-features/train/normal/road_normal_more/000000126031_all__8.npy,Normal
Pistachio/VAD/vit-features/train/normal/road_normal_more/000000126031_all__9.npy,Normal
Pistachio/VAD/vit-features/train/normal/road_normal_more/000000126068_all__0.npy,Normal
Pistachio/VAD/vit-features/train/normal/road_normal_more/000000126068_all__1.npy,Normal
Pistachio/VAD/vit-features/train/normal/road_normal_more/000000126068_all__2.npy,Normal
Pistachio/VAD/vit-features/train/normal/road_normal_more/000000126068_all__3.npy,Normal
Pistachio/VAD/vit-features/train/normal/road_normal_more/000000126068_all__4.npy,Normal
Pistachio/VAD/vit-features/train/normal/road_normal_more/000000126068_all__5.npy,Normal
Pistachio/VAD/vit-features/train/normal/road_normal_more/000000126068_all__6.npy,Normal
Pistachio/VAD/vit-features/train/normal/road_normal_more/000000126068_all__7.npy,Normal
Pistachio/VAD/vit-features/train/normal/road_normal_more/000000126068_all__8.npy,Normal
Pistachio/VAD/vit-features/train/normal/road_normal_more/000000126068_all__9.npy,Normal
Pistachio/VAD/vit-features/train/normal/road_normal_more/000000126069_all__0.npy,Normal
Pistachio/VAD/vit-features/train/normal/road_normal_more/000000126069_all__1.npy,Normal
Pistachio/VAD/vit-features/train/normal/road_normal_more/000000126069_all__2.npy,Normal
Pistachio/VAD/vit-features/train/normal/road_normal_more/000000126069_all__3.npy,Normal
Pistachio/VAD/vit-features/train/normal/road_normal_more/000000126069_all__4.npy,Normal
Pistachio/VAD/vit-features/train/normal/road_normal_more/000000126069_all__5.npy,Normal
Pistachio/VAD/vit-features/train/normal/road_normal_more/000000126069_all__6.npy,Normal
Pistachio/VAD/vit-features/train/normal/road_normal_more/000000126069_all__7.npy,Normal
Pistachio/VAD/vit-features/train/normal/road_normal_more/000000126069_all__8.npy,Normal
Pistachio/VAD/vit-features/train/normal/road_normal_more/000000126069_all__9.npy,Normal
Pistachio/VAD/vit-features/train/normal/road_normal_more/000000126092_all__0.npy,Normal
Pistachio/VAD/vit-features/train/normal/road_normal_more/000000126092_all__1.npy,Normal
Pistachio/VAD/vit-features/train/normal/road_normal_more/000000126092_all__2.npy,Normal
Pistachio/VAD/vit-features/train/normal/road_normal_more/000000126092_all__3.npy,Normal
Pistachio/VAD/vit-features/train/normal/road_normal_more/000000126092_all__4.npy,Normal
Pistachio/VAD/vit-features/train/normal/road_normal_more/000000126092_all__5.npy,Normal
Pistachio/VAD/vit-features/train/normal/road_normal_more/000000126092_all__6.npy,Normal
Pistachio/VAD/vit-features/train/normal/road_normal_more/000000126092_all__7.npy,Normal
Pistachio/VAD/vit-features/train/normal/road_normal_more/000000126092_all__8.npy,Normal
Pistachio/VAD/vit-features/train/normal/road_normal_more/000000126092_all__9.npy,Normal
Pistachio/VAD/vit-features/train/normal/road_normal_more/000000126219_all__0.npy,Normal
Pistachio/VAD/vit-features/train/normal/road_normal_more/000000126219_all__1.npy,Normal
Pistachio/VAD/vit-features/train/normal/road_normal_more/000000126219_all__2.npy,Normal
Pistachio/VAD/vit-features/train/normal/road_normal_more/000000126219_all__3.npy,Normal
Pistachio/VAD/vit-features/train/normal/road_normal_more/000000126219_all__4.npy,Normal
Pistachio/VAD/vit-features/train/normal/road_normal_more/000000126219_all__5.npy,Normal
Pistachio/VAD/vit-features/train/normal/road_normal_more/000000126219_all__6.npy,Normal
Pistachio/VAD/vit-features/train/normal/road_normal_more/000000126219_all__7.npy,Normal
Pistachio/VAD/vit-features/train/normal/road_normal_more/000000126219_all__8.npy,Normal
Pistachio/VAD/vit-features/train/normal/road_normal_more/000000126219_all__9.npy,Normal
Pistachio/VAD/vit-features/train/normal/road_normal_more/000000126424_all__0.npy,Normal
Pistachio/VAD/vit-features/train/normal/road_normal_more/000000126424_all__1.npy,Normal
Pistachio/VAD/vit-features/train/normal/road_normal_more/000000126424_all__2.npy,Normal
Pistachio/VAD/vit-features/train/normal/road_normal_more/000000126424_all__3.npy,Normal
Pistachio/VAD/vit-features/train/normal/road_normal_more/000000126424_all__4.npy,Normal
Pistachio/VAD/vit-features/train/normal/road_normal_more/000000126424_all__5.npy,Normal
Pistachio/VAD/vit-features/train/normal/road_normal_more/000000126424_all__6.npy,Normal
Pistachio/VAD/vit-features/train/normal/road_normal_more/000000126424_all__7.npy,Normal
Pistachio/VAD/vit-features/train/normal/road_normal_more/000000126424_all__8.npy,Normal
Pistachio/VAD/vit-features/train/normal/road_normal_more/000000126424_all__9.npy,Normal
Pistachio/VAD/vit-features/train/normal/road_normal_more/000000126560_all__0.npy,Normal
Pistachio/VAD/vit-features/train/normal/road_normal_more/000000126560_all__1.npy,Normal
Pistachio/VAD/vit-features/train/normal/road_normal_more/000000126560_all__2.npy,Normal
Pistachio/VAD/vit-features/train/normal/road_normal_more/000000126560_all__3.npy,Normal
Pistachio/VAD/vit-features/train/normal/road_normal_more/000000126560_all__4.npy,Normal
Pistachio/VAD/vit-features/train/normal/road_normal_more/000000126560_all__5.npy,Normal
Pistachio/VAD/vit-features/train/normal/road_normal_more/000000126560_all__6.npy,Normal
Pistachio/VAD/vit-features/train/normal/road_normal_more/000000126560_all__7.npy,Normal
Pistachio/VAD/vit-features/train/normal/road_normal_more/000000126560_all__8.npy,Normal
Pistachio/VAD/vit-features/train/normal/road_normal_more/000000126560_all__9.npy,Normal
Pistachio/VAD/vit-features/train/normal/road_normal_more/000000126752_all__0.npy,Normal
Pistachio/VAD/vit-features/train/normal/road_normal_more/000000126752_all__1.npy,Normal
Pistachio/VAD/vit-features/train/normal/road_normal_more/000000126752_all__2.npy,Normal
Pistachio/VAD/vit-features/train/normal/road_normal_more/000000126752_all__3.npy,Normal
Pistachio/VAD/vit-features/train/normal/road_normal_more/000000126752_all__4.npy,Normal
Pistachio/VAD/vit-features/train/normal/road_normal_more/000000126752_all__5.npy,Normal
Pistachio/VAD/vit-features/train/normal/road_normal_more/000000126752_all__6.npy,Normal
Pistachio/VAD/vit-features/train/normal/road_normal_more/000000126752_all__7.npy,Normal
Pistachio/VAD/vit-features/train/normal/road_normal_more/000000126752_all__8.npy,Normal
Pistachio/VAD/vit-features/train/normal/road_normal_more/000000126752_all__9.npy,Normal
Pistachio/VAD/vit-features/train/normal/road_normal_more/000000126875_all__0.npy,Normal
Pistachio/VAD/vit-features/train/normal/road_normal_more/000000126875_all__1.npy,Normal
Pistachio/VAD/vit-features/train/normal/road_normal_more/000000126875_all__2.npy,Normal
Pistachio/VAD/vit-features/train/normal/road_normal_more/000000126875_all__3.npy,Normal
Pistachio/VAD/vit-features/train/normal/road_normal_more/000000126875_all__4.npy,Normal
Pistachio/VAD/vit-features/train/normal/road_normal_more/000000126875_all__5.npy,Normal
Pistachio/VAD/vit-features/train/normal/road_normal_more/000000126875_all__6.npy,Normal
Pistachio/VAD/vit-features/train/normal/road_normal_more/000000126875_all__7.npy,Normal
Pistachio/VAD/vit-features/train/normal/road_normal_more/000000126875_all__8.npy,Normal
Pistachio/VAD/vit-features/train/normal/road_normal_more/000000126875_all__9.npy,Normal
Pistachio/VAD/vit-features/train/normal/road_normal_more/000000127257_all__0.npy,Normal
Pistachio/VAD/vit-features/train/normal/road_normal_more/000000127257_all__1.npy,Normal
Pistachio/VAD/vit-features/train/normal/road_normal_more/000000127257_all__2.npy,Normal
Pistachio/VAD/vit-features/train/normal/road_normal_more/000000127257_all__3.npy,Normal
Pistachio/VAD/vit-features/train/normal/road_normal_more/000000127257_all__4.npy,Normal
Pistachio/VAD/vit-features/train/normal/road_normal_more/000000127257_all__5.npy,Normal
Pistachio/VAD/vit-features/train/normal/road_normal_more/000000127257_all__6.npy,Normal
Pistachio/VAD/vit-features/train/normal/road_normal_more/000000127257_all__7.npy,Normal
Pistachio/VAD/vit-features/train/normal/road_normal_more/000000127257_all__8.npy,Normal
Pistachio/VAD/vit-features/train/normal/road_normal_more/000000127257_all__9.npy,Normal
Pistachio/VAD/vit-features/train/normal/road_normal_more/000000127349_all__0.npy,Normal
Pistachio/VAD/vit-features/train/normal/road_normal_more/000000127349_all__1.npy,Normal
Pistachio/VAD/vit-features/train/normal/road_normal_more/000000127349_all__2.npy,Normal
Pistachio/VAD/vit-features/train/normal/road_normal_more/000000127349_all__3.npy,Normal
Pistachio/VAD/vit-features/train/normal/road_normal_more/000000127349_all__4.npy,Normal
Pistachio/VAD/vit-features/train/normal/road_normal_more/000000127349_all__5.npy,Normal
Pistachio/VAD/vit-features/train/normal/road_normal_more/000000127349_all__6.npy,Normal
Pistachio/VAD/vit-features/train/normal/road_normal_more/000000127349_all__7.npy,Normal
Pistachio/VAD/vit-features/train/normal/road_normal_more/000000127349_all__8.npy,Normal
Pistachio/VAD/vit-features/train/normal/road_normal_more/000000127349_all__9.npy,Normal
Pistachio/VAD/vit-features/train/normal/road_normal_more/000000127487_all__0.npy,Normal
Pistachio/VAD/vit-features/train/normal/road_normal_more/000000127487_all__1.npy,Normal
Pistachio/VAD/vit-features/train/normal/road_normal_more/000000127487_all__2.npy,Normal
Pistachio/VAD/vit-features/train/normal/road_normal_more/000000127487_all__3.npy,Normal
Pistachio/VAD/vit-features/train/normal/road_normal_more/000000127487_all__4.npy,Normal
Pistachio/VAD/vit-features/train/normal/road_normal_more/000000127487_all__5.npy,Normal
Pistachio/VAD/vit-features/train/normal/road_normal_more/000000127487_all__6.npy,Normal
Pistachio/VAD/vit-features/train/normal/road_normal_more/000000127487_all__7.npy,Normal
Pistachio/VAD/vit-features/train/normal/road_normal_more/000000127487_all__8.npy,Normal
Pistachio/VAD/vit-features/train/normal/road_normal_more/000000127487_all__9.npy,Normal
Pistachio/VAD/vit-features/train/normal/road_normal_more/000000127593_all__0.npy,Normal
Pistachio/VAD/vit-features/train/normal/road_normal_more/000000127593_all__1.npy,Normal
Pistachio/VAD/vit-features/train/normal/road_normal_more/000000127593_all__2.npy,Normal
Pistachio/VAD/vit-features/train/normal/road_normal_more/000000127593_all__3.npy,Normal
Pistachio/VAD/vit-features/train/normal/road_normal_more/000000127593_all__4.npy,Normal
Pistachio/VAD/vit-features/train/normal/road_normal_more/000000127593_all__5.npy,Normal
Pistachio/VAD/vit-features/train/normal/road_normal_more/000000127593_all__6.npy,Normal
Pistachio/VAD/vit-features/train/normal/road_normal_more/000000127593_all__7.npy,Normal
Pistachio/VAD/vit-features/train/normal/road_normal_more/000000127593_all__8.npy,Normal
Pistachio/VAD/vit-features/train/normal/road_normal_more/000000127593_all__9.npy,Normal
Pistachio/VAD/vit-features/train/normal/road_normal_more/000000127738_all__0.npy,Normal
Pistachio/VAD/vit-features/train/normal/road_normal_more/000000127738_all__1.npy,Normal
Pistachio/VAD/vit-features/train/normal/road_normal_more/000000127738_all__2.npy,Normal
Pistachio/VAD/vit-features/train/normal/road_normal_more/000000127738_all__3.npy,Normal
Pistachio/VAD/vit-features/train/normal/road_normal_more/000000127738_all__4.npy,Normal
Pistachio/VAD/vit-features/train/normal/road_normal_more/000000127738_all__5.npy,Normal
Pistachio/VAD/vit-features/train/normal/road_normal_more/000000127738_all__6.npy,Normal
Pistachio/VAD/vit-features/train/normal/road_normal_more/000000127738_all__7.npy,Normal
Pistachio/VAD/vit-features/train/normal/road_normal_more/000000127738_all__8.npy,Normal
Pistachio/VAD/vit-features/train/normal/road_normal_more/000000127738_all__9.npy,Normal
Pistachio/VAD/vit-features/train/normal/road_normal_more/000000127833_all__0.npy,Normal
Pistachio/VAD/vit-features/train/normal/road_normal_more/000000127833_all__1.npy,Normal
Pistachio/VAD/vit-features/train/normal/road_normal_more/000000127833_all__2.npy,Normal
Pistachio/VAD/vit-features/train/normal/road_normal_more/000000127833_all__3.npy,Normal
Pistachio/VAD/vit-features/train/normal/road_normal_more/000000127833_all__4.npy,Normal
Pistachio/VAD/vit-features/train/normal/road_normal_more/000000127833_all__5.npy,Normal
Pistachio/VAD/vit-features/train/normal/road_normal_more/000000127833_all__6.npy,Normal
Pistachio/VAD/vit-features/train/normal/road_normal_more/000000127833_all__7.npy,Normal
Pistachio/VAD/vit-features/train/normal/road_normal_more/000000127833_all__8.npy,Normal
Pistachio/VAD/vit-features/train/normal/road_normal_more/000000127833_all__9.npy,Normal
Pistachio/VAD/vit-features/train/normal/road_normal_more/000000127879_all__0.npy,Normal
Pistachio/VAD/vit-features/train/normal/road_normal_more/000000127879_all__1.npy,Normal
Pistachio/VAD/vit-features/train/normal/road_normal_more/000000127879_all__2.npy,Normal
Pistachio/VAD/vit-features/train/normal/road_normal_more/000000127879_all__3.npy,Normal
Pistachio/VAD/vit-features/train/normal/road_normal_more/000000127879_all__4.npy,Normal
Pistachio/VAD/vit-features/train/normal/road_normal_more/000000127879_all__5.npy,Normal
Pistachio/VAD/vit-features/train/normal/road_normal_more/000000127879_all__6.npy,Normal
Pistachio/VAD/vit-features/train/normal/road_normal_more/000000127879_all__7.npy,Normal
Pistachio/VAD/vit-features/train/normal/road_normal_more/000000127879_all__8.npy,Normal
Pistachio/VAD/vit-features/train/normal/road_normal_more/000000127879_all__9.npy,Normal
Pistachio/VAD/vit-features/train/normal/road_normal_more/000000128416_all__0.npy,Normal
Pistachio/VAD/vit-features/train/normal/road_normal_more/000000128416_all__1.npy,Normal
Pistachio/VAD/vit-features/train/normal/road_normal_more/000000128416_all__2.npy,Normal
Pistachio/VAD/vit-features/train/normal/road_normal_more/000000128416_all__3.npy,Normal
Pistachio/VAD/vit-features/train/normal/road_normal_more/000000128416_all__4.npy,Normal
Pistachio/VAD/vit-features/train/normal/road_normal_more/000000128416_all__5.npy,Normal
Pistachio/VAD/vit-features/train/normal/road_normal_more/000000128416_all__6.npy,Normal
Pistachio/VAD/vit-features/train/normal/road_normal_more/000000128416_all__7.npy,Normal
Pistachio/VAD/vit-features/train/normal/road_normal_more/000000128416_all__8.npy,Normal
Pistachio/VAD/vit-features/train/normal/road_normal_more/000000128416_all__9.npy,Normal
Pistachio/VAD/vit-features/train/normal/road_normal_more/000000128540_all__0.npy,Normal
Pistachio/VAD/vit-features/train/normal/road_normal_more/000000128540_all__1.npy,Normal
Pistachio/VAD/vit-features/train/normal/road_normal_more/000000128540_all__2.npy,Normal
Pistachio/VAD/vit-features/train/normal/road_normal_more/000000128540_all__3.npy,Normal
Pistachio/VAD/vit-features/train/normal/road_normal_more/000000128540_all__4.npy,Normal
Pistachio/VAD/vit-features/train/normal/road_normal_more/000000128540_all__5.npy,Normal
Pistachio/VAD/vit-features/train/normal/road_normal_more/000000128540_all__6.npy,Normal
Pistachio/VAD/vit-features/train/normal/road_normal_more/000000128540_all__7.npy,Normal
Pistachio/VAD/vit-features/train/normal/road_normal_more/000000128540_all__8.npy,Normal
Pistachio/VAD/vit-features/train/normal/road_normal_more/000000128540_all__9.npy,Normal
Pistachio/VAD/vit-features/train/normal/road_normal_more/000000128593_all__0.npy,Normal
Pistachio/VAD/vit-features/train/normal/road_normal_more/000000128593_all__1.npy,Normal
Pistachio/VAD/vit-features/train/normal/road_normal_more/000000128593_all__2.npy,Normal
Pistachio/VAD/vit-features/train/normal/road_normal_more/000000128593_all__3.npy,Normal
Pistachio/VAD/vit-features/train/normal/road_normal_more/000000128593_all__4.npy,Normal
Pistachio/VAD/vit-features/train/normal/road_normal_more/000000128593_all__5.npy,Normal
Pistachio/VAD/vit-features/train/normal/road_normal_more/000000128593_all__6.npy,Normal
Pistachio/VAD/vit-features/train/normal/road_normal_more/000000128593_all__7.npy,Normal
Pistachio/VAD/vit-features/train/normal/road_normal_more/000000128593_all__8.npy,Normal
Pistachio/VAD/vit-features/train/normal/road_normal_more/000000128593_all__9.npy,Normal
Pistachio/VAD/vit-features/train/normal/road_normal_more/000000128774_all__0.npy,Normal
Pistachio/VAD/vit-features/train/normal/road_normal_more/000000128774_all__1.npy,Normal
Pistachio/VAD/vit-features/train/normal/road_normal_more/000000128774_all__2.npy,Normal
Pistachio/VAD/vit-features/train/normal/road_normal_more/000000128774_all__3.npy,Normal
Pistachio/VAD/vit-features/train/normal/road_normal_more/000000128774_all__4.npy,Normal
Pistachio/VAD/vit-features/train/normal/road_normal_more/000000128774_all__5.npy,Normal
Pistachio/VAD/vit-features/train/normal/road_normal_more/000000128774_all__6.npy,Normal
Pistachio/VAD/vit-features/train/normal/road_normal_more/000000128774_all__7.npy,Normal
Pistachio/VAD/vit-features/train/normal/road_normal_more/000000128774_all__8.npy,Normal
Pistachio/VAD/vit-features/train/normal/road_normal_more/000000128774_all__9.npy,Normal
Pistachio/VAD/vit-features/train/normal/road_normal_more/000000128945_all__0.npy,Normal
Pistachio/VAD/vit-features/train/normal/road_normal_more/000000128945_all__1.npy,Normal
Pistachio/VAD/vit-features/train/normal/road_normal_more/000000128945_all__2.npy,Normal
Pistachio/VAD/vit-features/train/normal/road_normal_more/000000128945_all__3.npy,Normal
Pistachio/VAD/vit-features/train/normal/road_normal_more/000000128945_all__4.npy,Normal
Pistachio/VAD/vit-features/train/normal/road_normal_more/000000128945_all__5.npy,Normal
Pistachio/VAD/vit-features/train/normal/road_normal_more/000000128945_all__6.npy,Normal
Pistachio/VAD/vit-features/train/normal/road_normal_more/000000128945_all__7.npy,Normal
Pistachio/VAD/vit-features/train/normal/road_normal_more/000000128945_all__8.npy,Normal
Pistachio/VAD/vit-features/train/normal/road_normal_more/000000128945_all__9.npy,Normal
Pistachio/VAD/vit-features/train/normal/road_normal_more/000000129034_all__0.npy,Normal
Pistachio/VAD/vit-features/train/normal/road_normal_more/000000129034_all__1.npy,Normal
Pistachio/VAD/vit-features/train/normal/road_normal_more/000000129034_all__2.npy,Normal
Pistachio/VAD/vit-features/train/normal/road_normal_more/000000129034_all__3.npy,Normal
Pistachio/VAD/vit-features/train/normal/road_normal_more/000000129034_all__4.npy,Normal
Pistachio/VAD/vit-features/train/normal/road_normal_more/000000129034_all__5.npy,Normal
Pistachio/VAD/vit-features/train/normal/road_normal_more/000000129034_all__6.npy,Normal
Pistachio/VAD/vit-features/train/normal/road_normal_more/000000129034_all__7.npy,Normal
Pistachio/VAD/vit-features/train/normal/road_normal_more/000000129034_all__8.npy,Normal
Pistachio/VAD/vit-features/train/normal/road_normal_more/000000129034_all__9.npy,Normal
Pistachio/VAD/vit-features/train/normal/road_normal_more/000000129091_all__0.npy,Normal
Pistachio/VAD/vit-features/train/normal/road_normal_more/000000129091_all__1.npy,Normal
Pistachio/VAD/vit-features/train/normal/road_normal_more/000000129091_all__2.npy,Normal
Pistachio/VAD/vit-features/train/normal/road_normal_more/000000129091_all__3.npy,Normal
Pistachio/VAD/vit-features/train/normal/road_normal_more/000000129091_all__4.npy,Normal
Pistachio/VAD/vit-features/train/normal/road_normal_more/000000129091_all__5.npy,Normal
Pistachio/VAD/vit-features/train/normal/road_normal_more/000000129091_all__6.npy,Normal
Pistachio/VAD/vit-features/train/normal/road_normal_more/000000129091_all__7.npy,Normal
Pistachio/VAD/vit-features/train/normal/road_normal_more/000000129091_all__8.npy,Normal
Pistachio/VAD/vit-features/train/normal/road_normal_more/000000129091_all__9.npy,Normal
Pistachio/VAD/vit-features/train/normal/road_normal_more/000000129239_all__0.npy,Normal
Pistachio/VAD/vit-features/train/normal/road_normal_more/000000129239_all__1.npy,Normal
Pistachio/VAD/vit-features/train/normal/road_normal_more/000000129239_all__2.npy,Normal
Pistachio/VAD/vit-features/train/normal/road_normal_more/000000129239_all__3.npy,Normal
Pistachio/VAD/vit-features/train/normal/road_normal_more/000000129239_all__4.npy,Normal
Pistachio/VAD/vit-features/train/normal/road_normal_more/000000129239_all__5.npy,Normal
Pistachio/VAD/vit-features/train/normal/road_normal_more/000000129239_all__6.npy,Normal
Pistachio/VAD/vit-features/train/normal/road_normal_more/000000129239_all__7.npy,Normal
Pistachio/VAD/vit-features/train/normal/road_normal_more/000000129239_all__8.npy,Normal
Pistachio/VAD/vit-features/train/normal/road_normal_more/000000129239_all__9.npy,Normal
Pistachio/VAD/vit-features/train/normal/road_normal_more/000000129291_all__0.npy,Normal
Pistachio/VAD/vit-features/train/normal/road_normal_more/000000129291_all__1.npy,Normal
Pistachio/VAD/vit-features/train/normal/road_normal_more/000000129291_all__2.npy,Normal
Pistachio/VAD/vit-features/train/normal/road_normal_more/000000129291_all__3.npy,Normal
Pistachio/VAD/vit-features/train/normal/road_normal_more/000000129291_all__4.npy,Normal
Pistachio/VAD/vit-features/train/normal/road_normal_more/000000129291_all__5.npy,Normal
Pistachio/VAD/vit-features/train/normal/road_normal_more/000000129291_all__6.npy,Normal
Pistachio/VAD/vit-features/train/normal/road_normal_more/000000129291_all__7.npy,Normal
Pistachio/VAD/vit-features/train/normal/road_normal_more/000000129291_all__8.npy,Normal
Pistachio/VAD/vit-features/train/normal/road_normal_more/000000129291_all__9.npy,Normal
Pistachio/VAD/vit-features/train/normal/road_normal_more/000000129354_all__0.npy,Normal
Pistachio/VAD/vit-features/train/normal/road_normal_more/000000129354_all__1.npy,Normal
Pistachio/VAD/vit-features/train/normal/road_normal_more/000000129354_all__2.npy,Normal
Pistachio/VAD/vit-features/train/normal/road_normal_more/000000129354_all__3.npy,Normal
Pistachio/VAD/vit-features/train/normal/road_normal_more/000000129354_all__4.npy,Normal
Pistachio/VAD/vit-features/train/normal/road_normal_more/000000129354_all__5.npy,Normal
Pistachio/VAD/vit-features/train/normal/road_normal_more/000000129354_all__6.npy,Normal
Pistachio/VAD/vit-features/train/normal/road_normal_more/000000129354_all__7.npy,Normal
Pistachio/VAD/vit-features/train/normal/road_normal_more/000000129354_all__8.npy,Normal
Pistachio/VAD/vit-features/train/normal/road_normal_more/000000129354_all__9.npy,Normal
Pistachio/VAD/vit-features/train/normal/road_normal_more/000000129427_all__0.npy,Normal
Pistachio/VAD/vit-features/train/normal/road_normal_more/000000129427_all__1.npy,Normal
Pistachio/VAD/vit-features/train/normal/road_normal_more/000000129427_all__2.npy,Normal
Pistachio/VAD/vit-features/train/normal/road_normal_more/000000129427_all__3.npy,Normal
Pistachio/VAD/vit-features/train/normal/road_normal_more/000000129427_all__4.npy,Normal
Pistachio/VAD/vit-features/train/normal/road_normal_more/000000129427_all__5.npy,Normal
Pistachio/VAD/vit-features/train/normal/road_normal_more/000000129427_all__6.npy,Normal
Pistachio/VAD/vit-features/train/normal/road_normal_more/000000129427_all__7.npy,Normal
Pistachio/VAD/vit-features/train/normal/road_normal_more/000000129427_all__8.npy,Normal
Pistachio/VAD/vit-features/train/normal/road_normal_more/000000129427_all__9.npy,Normal
Pistachio/VAD/vit-features/train/normal/road_normal_more/000000129467_all__0.npy,Normal
Pistachio/VAD/vit-features/train/normal/road_normal_more/000000129467_all__1.npy,Normal
Pistachio/VAD/vit-features/train/normal/road_normal_more/000000129467_all__2.npy,Normal
Pistachio/VAD/vit-features/train/normal/road_normal_more/000000129467_all__3.npy,Normal
Pistachio/VAD/vit-features/train/normal/road_normal_more/000000129467_all__4.npy,Normal
Pistachio/VAD/vit-features/train/normal/road_normal_more/000000129467_all__5.npy,Normal
Pistachio/VAD/vit-features/train/normal/road_normal_more/000000129467_all__6.npy,Normal
Pistachio/VAD/vit-features/train/normal/road_normal_more/000000129467_all__7.npy,Normal
Pistachio/VAD/vit-features/train/normal/road_normal_more/000000129467_all__8.npy,Normal
Pistachio/VAD/vit-features/train/normal/road_normal_more/000000129467_all__9.npy,Normal
Pistachio/VAD/vit-features/train/normal/road_normal_more/000000129617_all__0.npy,Normal
Pistachio/VAD/vit-features/train/normal/road_normal_more/000000129617_all__1.npy,Normal
Pistachio/VAD/vit-features/train/normal/road_normal_more/000000129617_all__2.npy,Normal
Pistachio/VAD/vit-features/train/normal/road_normal_more/000000129617_all__3.npy,Normal
Pistachio/VAD/vit-features/train/normal/road_normal_more/000000129617_all__4.npy,Normal
Pistachio/VAD/vit-features/train/normal/road_normal_more/000000129617_all__5.npy,Normal
Pistachio/VAD/vit-features/train/normal/road_normal_more/000000129617_all__6.npy,Normal
Pistachio/VAD/vit-features/train/normal/road_normal_more/000000129617_all__7.npy,Normal
Pistachio/VAD/vit-features/train/normal/road_normal_more/000000129617_all__8.npy,Normal
Pistachio/VAD/vit-features/train/normal/road_normal_more/000000129617_all__9.npy,Normal
Pistachio/VAD/vit-features/train/normal/road_normal_more/000000130246_all__0.npy,Normal
Pistachio/VAD/vit-features/train/normal/road_normal_more/000000130246_all__1.npy,Normal
Pistachio/VAD/vit-features/train/normal/road_normal_more/000000130246_all__2.npy,Normal
Pistachio/VAD/vit-features/train/normal/road_normal_more/000000130246_all__3.npy,Normal
Pistachio/VAD/vit-features/train/normal/road_normal_more/000000130246_all__4.npy,Normal
Pistachio/VAD/vit-features/train/normal/road_normal_more/000000130246_all__5.npy,Normal
Pistachio/VAD/vit-features/train/normal/road_normal_more/000000130246_all__6.npy,Normal
Pistachio/VAD/vit-features/train/normal/road_normal_more/000000130246_all__7.npy,Normal
Pistachio/VAD/vit-features/train/normal/road_normal_more/000000130246_all__8.npy,Normal
Pistachio/VAD/vit-features/train/normal/road_normal_more/000000130246_all__9.npy,Normal
Pistachio/VAD/vit-features/train/normal/road_normal_more/000000130359_all__0.npy,Normal
Pistachio/VAD/vit-features/train/normal/road_normal_more/000000130359_all__1.npy,Normal
Pistachio/VAD/vit-features/train/normal/road_normal_more/000000130359_all__2.npy,Normal
Pistachio/VAD/vit-features/train/normal/road_normal_more/000000130359_all__3.npy,Normal
Pistachio/VAD/vit-features/train/normal/road_normal_more/000000130359_all__4.npy,Normal
Pistachio/VAD/vit-features/train/normal/road_normal_more/000000130359_all__5.npy,Normal
Pistachio/VAD/vit-features/train/normal/road_normal_more/000000130359_all__6.npy,Normal
Pistachio/VAD/vit-features/train/normal/road_normal_more/000000130359_all__7.npy,Normal
Pistachio/VAD/vit-features/train/normal/road_normal_more/000000130359_all__8.npy,Normal
Pistachio/VAD/vit-features/train/normal/road_normal_more/000000130359_all__9.npy,Normal
Pistachio/VAD/vit-features/train/normal/road_normal_more/000000130669_all__0.npy,Normal
Pistachio/VAD/vit-features/train/normal/road_normal_more/000000130669_all__1.npy,Normal
Pistachio/VAD/vit-features/train/normal/road_normal_more/000000130669_all__2.npy,Normal
Pistachio/VAD/vit-features/train/normal/road_normal_more/000000130669_all__3.npy,Normal
Pistachio/VAD/vit-features/train/normal/road_normal_more/000000130669_all__4.npy,Normal
Pistachio/VAD/vit-features/train/normal/road_normal_more/000000130669_all__5.npy,Normal
Pistachio/VAD/vit-features/train/normal/road_normal_more/000000130669_all__6.npy,Normal
Pistachio/VAD/vit-features/train/normal/road_normal_more/000000130669_all__7.npy,Normal
Pistachio/VAD/vit-features/train/normal/road_normal_more/000000130669_all__8.npy,Normal
Pistachio/VAD/vit-features/train/normal/road_normal_more/000000130669_all__9.npy,Normal
Pistachio/VAD/vit-features/train/normal/road_normal_more/000000130855_all__0.npy,Normal
Pistachio/VAD/vit-features/train/normal/road_normal_more/000000130855_all__1.npy,Normal
Pistachio/VAD/vit-features/train/normal/road_normal_more/000000130855_all__2.npy,Normal
Pistachio/VAD/vit-features/train/normal/road_normal_more/000000130855_all__3.npy,Normal
Pistachio/VAD/vit-features/train/normal/road_normal_more/000000130855_all__4.npy,Normal
Pistachio/VAD/vit-features/train/normal/road_normal_more/000000130855_all__5.npy,Normal
Pistachio/VAD/vit-features/train/normal/road_normal_more/000000130855_all__6.npy,Normal
Pistachio/VAD/vit-features/train/normal/road_normal_more/000000130855_all__7.npy,Normal
Pistachio/VAD/vit-features/train/normal/road_normal_more/000000130855_all__8.npy,Normal
Pistachio/VAD/vit-features/train/normal/road_normal_more/000000130855_all__9.npy,Normal
Pistachio/VAD/vit-features/train/normal/road_normal_more/000000130903_all__0.npy,Normal
Pistachio/VAD/vit-features/train/normal/road_normal_more/000000130903_all__1.npy,Normal
Pistachio/VAD/vit-features/train/normal/road_normal_more/000000130903_all__2.npy,Normal
Pistachio/VAD/vit-features/train/normal/road_normal_more/000000130903_all__3.npy,Normal
Pistachio/VAD/vit-features/train/normal/road_normal_more/000000130903_all__4.npy,Normal
Pistachio/VAD/vit-features/train/normal/road_normal_more/000000130903_all__5.npy,Normal
Pistachio/VAD/vit-features/train/normal/road_normal_more/000000130903_all__6.npy,Normal
Pistachio/VAD/vit-features/train/normal/road_normal_more/000000130903_all__7.npy,Normal
Pistachio/VAD/vit-features/train/normal/road_normal_more/000000130903_all__8.npy,Normal
Pistachio/VAD/vit-features/train/normal/road_normal_more/000000130903_all__9.npy,Normal
Pistachio/VAD/vit-features/train/normal/road_normal_more/000000130964_all__0.npy,Normal
Pistachio/VAD/vit-features/train/normal/road_normal_more/000000130964_all__1.npy,Normal
Pistachio/VAD/vit-features/train/normal/road_normal_more/000000130964_all__2.npy,Normal
Pistachio/VAD/vit-features/train/normal/road_normal_more/000000130964_all__3.npy,Normal
Pistachio/VAD/vit-features/train/normal/road_normal_more/000000130964_all__4.npy,Normal
Pistachio/VAD/vit-features/train/normal/road_normal_more/000000130964_all__5.npy,Normal
Pistachio/VAD/vit-features/train/normal/road_normal_more/000000130964_all__6.npy,Normal
Pistachio/VAD/vit-features/train/normal/road_normal_more/000000130964_all__7.npy,Normal
Pistachio/VAD/vit-features/train/normal/road_normal_more/000000130964_all__8.npy,Normal
Pistachio/VAD/vit-features/train/normal/road_normal_more/000000130964_all__9.npy,Normal
Pistachio/VAD/vit-features/train/normal/road_normal_more/000000131091_all__0.npy,Normal
Pistachio/VAD/vit-features/train/normal/road_normal_more/000000131091_all__1.npy,Normal
Pistachio/VAD/vit-features/train/normal/road_normal_more/000000131091_all__2.npy,Normal
Pistachio/VAD/vit-features/train/normal/road_normal_more/000000131091_all__3.npy,Normal
Pistachio/VAD/vit-features/train/normal/road_normal_more/000000131091_all__4.npy,Normal
Pistachio/VAD/vit-features/train/normal/road_normal_more/000000131091_all__5.npy,Normal
Pistachio/VAD/vit-features/train/normal/road_normal_more/000000131091_all__6.npy,Normal
Pistachio/VAD/vit-features/train/normal/road_normal_more/000000131091_all__7.npy,Normal
Pistachio/VAD/vit-features/train/normal/road_normal_more/000000131091_all__8.npy,Normal
Pistachio/VAD/vit-features/train/normal/road_normal_more/000000131091_all__9.npy,Normal
Pistachio/VAD/vit-features/train/normal/road_normal_more/000000131158_all__0.npy,Normal
Pistachio/VAD/vit-features/train/normal/road_normal_more/000000131158_all__1.npy,Normal
Pistachio/VAD/vit-features/train/normal/road_normal_more/000000131158_all__2.npy,Normal
Pistachio/VAD/vit-features/train/normal/road_normal_more/000000131158_all__3.npy,Normal
Pistachio/VAD/vit-features/train/normal/road_normal_more/000000131158_all__4.npy,Normal
Pistachio/VAD/vit-features/train/normal/road_normal_more/000000131158_all__5.npy,Normal
Pistachio/VAD/vit-features/train/normal/road_normal_more/000000131158_all__6.npy,Normal
Pistachio/VAD/vit-features/train/normal/road_normal_more/000000131158_all__7.npy,Normal
Pistachio/VAD/vit-features/train/normal/road_normal_more/000000131158_all__8.npy,Normal
Pistachio/VAD/vit-features/train/normal/road_normal_more/000000131158_all__9.npy,Normal
Pistachio/VAD/vit-features/train/normal/road_normal_more/000000131479_all__0.npy,Normal
Pistachio/VAD/vit-features/train/normal/road_normal_more/000000131479_all__1.npy,Normal
Pistachio/VAD/vit-features/train/normal/road_normal_more/000000131479_all__2.npy,Normal
Pistachio/VAD/vit-features/train/normal/road_normal_more/000000131479_all__3.npy,Normal
Pistachio/VAD/vit-features/train/normal/road_normal_more/000000131479_all__4.npy,Normal
Pistachio/VAD/vit-features/train/normal/road_normal_more/000000131479_all__5.npy,Normal
Pistachio/VAD/vit-features/train/normal/road_normal_more/000000131479_all__6.npy,Normal
Pistachio/VAD/vit-features/train/normal/road_normal_more/000000131479_all__7.npy,Normal
Pistachio/VAD/vit-features/train/normal/road_normal_more/000000131479_all__8.npy,Normal
Pistachio/VAD/vit-features/train/normal/road_normal_more/000000131479_all__9.npy,Normal
Pistachio/VAD/vit-features/train/normal/road_normal_more/000000131707_all__0.npy,Normal
Pistachio/VAD/vit-features/train/normal/road_normal_more/000000131707_all__1.npy,Normal
Pistachio/VAD/vit-features/train/normal/road_normal_more/000000131707_all__2.npy,Normal
Pistachio/VAD/vit-features/train/normal/road_normal_more/000000131707_all__3.npy,Normal
Pistachio/VAD/vit-features/train/normal/road_normal_more/000000131707_all__4.npy,Normal
Pistachio/VAD/vit-features/train/normal/road_normal_more/000000131707_all__5.npy,Normal
Pistachio/VAD/vit-features/train/normal/road_normal_more/000000131707_all__6.npy,Normal
Pistachio/VAD/vit-features/train/normal/road_normal_more/000000131707_all__7.npy,Normal
Pistachio/VAD/vit-features/train/normal/road_normal_more/000000131707_all__8.npy,Normal
Pistachio/VAD/vit-features/train/normal/road_normal_more/000000131707_all__9.npy,Normal
Pistachio/VAD/vit-features/train/normal/road_normal_more/000000131962_all__0.npy,Normal
Pistachio/VAD/vit-features/train/normal/road_normal_more/000000131962_all__1.npy,Normal
Pistachio/VAD/vit-features/train/normal/road_normal_more/000000131962_all__2.npy,Normal
Pistachio/VAD/vit-features/train/normal/road_normal_more/000000131962_all__3.npy,Normal
Pistachio/VAD/vit-features/train/normal/road_normal_more/000000131962_all__4.npy,Normal
Pistachio/VAD/vit-features/train/normal/road_normal_more/000000131962_all__5.npy,Normal
Pistachio/VAD/vit-features/train/normal/road_normal_more/000000131962_all__6.npy,Normal
Pistachio/VAD/vit-features/train/normal/road_normal_more/000000131962_all__7.npy,Normal
Pistachio/VAD/vit-features/train/normal/road_normal_more/000000131962_all__8.npy,Normal
Pistachio/VAD/vit-features/train/normal/road_normal_more/000000131962_all__9.npy,Normal
Pistachio/VAD/vit-features/train/normal/road_normal_more/000000132534_all__0.npy,Normal
Pistachio/VAD/vit-features/train/normal/road_normal_more/000000132534_all__1.npy,Normal
Pistachio/VAD/vit-features/train/normal/road_normal_more/000000132534_all__2.npy,Normal
Pistachio/VAD/vit-features/train/normal/road_normal_more/000000132534_all__3.npy,Normal
Pistachio/VAD/vit-features/train/normal/road_normal_more/000000132534_all__4.npy,Normal
Pistachio/VAD/vit-features/train/normal/road_normal_more/000000132534_all__5.npy,Normal
Pistachio/VAD/vit-features/train/normal/road_normal_more/000000132534_all__6.npy,Normal
Pistachio/VAD/vit-features/train/normal/road_normal_more/000000132534_all__7.npy,Normal
Pistachio/VAD/vit-features/train/normal/road_normal_more/000000132534_all__8.npy,Normal
Pistachio/VAD/vit-features/train/normal/road_normal_more/000000132534_all__9.npy,Normal
Pistachio/VAD/vit-features/train/normal/road_normal_more/000000132653_all__0.npy,Normal
Pistachio/VAD/vit-features/train/normal/road_normal_more/000000132653_all__1.npy,Normal
Pistachio/VAD/vit-features/train/normal/road_normal_more/000000132653_all__2.npy,Normal
Pistachio/VAD/vit-features/train/normal/road_normal_more/000000132653_all__3.npy,Normal
Pistachio/VAD/vit-features/train/normal/road_normal_more/000000132653_all__4.npy,Normal
Pistachio/VAD/vit-features/train/normal/road_normal_more/000000132653_all__5.npy,Normal
Pistachio/VAD/vit-features/train/normal/road_normal_more/000000132653_all__6.npy,Normal
Pistachio/VAD/vit-features/train/normal/road_normal_more/000000132653_all__7.npy,Normal
Pistachio/VAD/vit-features/train/normal/road_normal_more/000000132653_all__8.npy,Normal
Pistachio/VAD/vit-features/train/normal/road_normal_more/000000132653_all__9.npy,Normal
Pistachio/VAD/vit-features/train/normal/road_normal_more/000000132927_all__0.npy,Normal
Pistachio/VAD/vit-features/train/normal/road_normal_more/000000132927_all__1.npy,Normal
Pistachio/VAD/vit-features/train/normal/road_normal_more/000000132927_all__2.npy,Normal
Pistachio/VAD/vit-features/train/normal/road_normal_more/000000132927_all__3.npy,Normal
Pistachio/VAD/vit-features/train/normal/road_normal_more/000000132927_all__4.npy,Normal
Pistachio/VAD/vit-features/train/normal/road_normal_more/000000132927_all__5.npy,Normal
Pistachio/VAD/vit-features/train/normal/road_normal_more/000000132927_all__6.npy,Normal
Pistachio/VAD/vit-features/train/normal/road_normal_more/000000132927_all__7.npy,Normal
Pistachio/VAD/vit-features/train/normal/road_normal_more/000000132927_all__8.npy,Normal
Pistachio/VAD/vit-features/train/normal/road_normal_more/000000132927_all__9.npy,Normal
Pistachio/VAD/vit-features/train/normal/road_normal_more/000000133116_all__0.npy,Normal
Pistachio/VAD/vit-features/train/normal/road_normal_more/000000133116_all__1.npy,Normal
Pistachio/VAD/vit-features/train/normal/road_normal_more/000000133116_all__2.npy,Normal
Pistachio/VAD/vit-features/train/normal/road_normal_more/000000133116_all__3.npy,Normal
Pistachio/VAD/vit-features/train/normal/road_normal_more/000000133116_all__4.npy,Normal
Pistachio/VAD/vit-features/train/normal/road_normal_more/000000133116_all__5.npy,Normal
Pistachio/VAD/vit-features/train/normal/road_normal_more/000000133116_all__6.npy,Normal
Pistachio/VAD/vit-features/train/normal/road_normal_more/000000133116_all__7.npy,Normal
Pistachio/VAD/vit-features/train/normal/road_normal_more/000000133116_all__8.npy,Normal
Pistachio/VAD/vit-features/train/normal/road_normal_more/000000133116_all__9.npy,Normal
Pistachio/VAD/vit-features/train/normal/road_normal_more/000000133201_all__0.npy,Normal
Pistachio/VAD/vit-features/train/normal/road_normal_more/000000133201_all__1.npy,Normal
Pistachio/VAD/vit-features/train/normal/road_normal_more/000000133201_all__2.npy,Normal
Pistachio/VAD/vit-features/train/normal/road_normal_more/000000133201_all__3.npy,Normal
Pistachio/VAD/vit-features/train/normal/road_normal_more/000000133201_all__4.npy,Normal
Pistachio/VAD/vit-features/train/normal/road_normal_more/000000133201_all__5.npy,Normal
Pistachio/VAD/vit-features/train/normal/road_normal_more/000000133201_all__6.npy,Normal
Pistachio/VAD/vit-features/train/normal/road_normal_more/000000133201_all__7.npy,Normal
Pistachio/VAD/vit-features/train/normal/road_normal_more/000000133201_all__8.npy,Normal
Pistachio/VAD/vit-features/train/normal/road_normal_more/000000133201_all__9.npy,Normal
Pistachio/VAD/vit-features/train/normal/road_normal_more/000000133255_all__0.npy,Normal
Pistachio/VAD/vit-features/train/normal/road_normal_more/000000133255_all__1.npy,Normal
Pistachio/VAD/vit-features/train/normal/road_normal_more/000000133255_all__2.npy,Normal
Pistachio/VAD/vit-features/train/normal/road_normal_more/000000133255_all__3.npy,Normal
Pistachio/VAD/vit-features/train/normal/road_normal_more/000000133255_all__4.npy,Normal
Pistachio/VAD/vit-features/train/normal/road_normal_more/000000133255_all__5.npy,Normal
Pistachio/VAD/vit-features/train/normal/road_normal_more/000000133255_all__6.npy,Normal
Pistachio/VAD/vit-features/train/normal/road_normal_more/000000133255_all__7.npy,Normal
Pistachio/VAD/vit-features/train/normal/road_normal_more/000000133255_all__8.npy,Normal
Pistachio/VAD/vit-features/train/normal/road_normal_more/000000133255_all__9.npy,Normal
Pistachio/VAD/vit-features/train/normal/road_normal_more/000000133297_all__0.npy,Normal
Pistachio/VAD/vit-features/train/normal/road_normal_more/000000133297_all__1.npy,Normal
Pistachio/VAD/vit-features/train/normal/road_normal_more/000000133297_all__2.npy,Normal
Pistachio/VAD/vit-features/train/normal/road_normal_more/000000133297_all__3.npy,Normal
Pistachio/VAD/vit-features/train/normal/road_normal_more/000000133297_all__4.npy,Normal
Pistachio/VAD/vit-features/train/normal/road_normal_more/000000133297_all__5.npy,Normal
Pistachio/VAD/vit-features/train/normal/road_normal_more/000000133297_all__6.npy,Normal
Pistachio/VAD/vit-features/train/normal/road_normal_more/000000133297_all__7.npy,Normal
Pistachio/VAD/vit-features/train/normal/road_normal_more/000000133297_all__8.npy,Normal
Pistachio/VAD/vit-features/train/normal/road_normal_more/000000133297_all__9.npy,Normal
Pistachio/VAD/vit-features/train/normal/road_normal_more/000000133474_all__0.npy,Normal
Pistachio/VAD/vit-features/train/normal/road_normal_more/000000133474_all__1.npy,Normal
Pistachio/VAD/vit-features/train/normal/road_normal_more/000000133474_all__2.npy,Normal
Pistachio/VAD/vit-features/train/normal/road_normal_more/000000133474_all__3.npy,Normal
Pistachio/VAD/vit-features/train/normal/road_normal_more/000000133474_all__4.npy,Normal
Pistachio/VAD/vit-features/train/normal/road_normal_more/000000133474_all__5.npy,Normal
Pistachio/VAD/vit-features/train/normal/road_normal_more/000000133474_all__6.npy,Normal
Pistachio/VAD/vit-features/train/normal/road_normal_more/000000133474_all__7.npy,Normal
Pistachio/VAD/vit-features/train/normal/road_normal_more/000000133474_all__8.npy,Normal
Pistachio/VAD/vit-features/train/normal/road_normal_more/000000133474_all__9.npy,Normal
Pistachio/VAD/vit-features/train/normal/road_normal_more/000000133524_all__0.npy,Normal
Pistachio/VAD/vit-features/train/normal/road_normal_more/000000133524_all__1.npy,Normal
Pistachio/VAD/vit-features/train/normal/road_normal_more/000000133524_all__2.npy,Normal
Pistachio/VAD/vit-features/train/normal/road_normal_more/000000133524_all__3.npy,Normal
Pistachio/VAD/vit-features/train/normal/road_normal_more/000000133524_all__4.npy,Normal
Pistachio/VAD/vit-features/train/normal/road_normal_more/000000133524_all__5.npy,Normal
Pistachio/VAD/vit-features/train/normal/road_normal_more/000000133524_all__6.npy,Normal
Pistachio/VAD/vit-features/train/normal/road_normal_more/000000133524_all__7.npy,Normal
Pistachio/VAD/vit-features/train/normal/road_normal_more/000000133524_all__8.npy,Normal
Pistachio/VAD/vit-features/train/normal/road_normal_more/000000133524_all__9.npy,Normal
Pistachio/VAD/vit-features/train/normal/road_normal_more/000000133600_all__0.npy,Normal
Pistachio/VAD/vit-features/train/normal/road_normal_more/000000133600_all__1.npy,Normal
Pistachio/VAD/vit-features/train/normal/road_normal_more/000000133600_all__2.npy,Normal
Pistachio/VAD/vit-features/train/normal/road_normal_more/000000133600_all__3.npy,Normal
Pistachio/VAD/vit-features/train/normal/road_normal_more/000000133600_all__4.npy,Normal
Pistachio/VAD/vit-features/train/normal/road_normal_more/000000133600_all__5.npy,Normal
Pistachio/VAD/vit-features/train/normal/road_normal_more/000000133600_all__6.npy,Normal
Pistachio/VAD/vit-features/train/normal/road_normal_more/000000133600_all__7.npy,Normal
Pistachio/VAD/vit-features/train/normal/road_normal_more/000000133600_all__8.npy,Normal
Pistachio/VAD/vit-features/train/normal/road_normal_more/000000133600_all__9.npy,Normal
Pistachio/VAD/vit-features/train/normal/road_normal_more/000000133674_all__0.npy,Normal
Pistachio/VAD/vit-features/train/normal/road_normal_more/000000133674_all__1.npy,Normal
Pistachio/VAD/vit-features/train/normal/road_normal_more/000000133674_all__2.npy,Normal
Pistachio/VAD/vit-features/train/normal/road_normal_more/000000133674_all__3.npy,Normal
Pistachio/VAD/vit-features/train/normal/road_normal_more/000000133674_all__4.npy,Normal
Pistachio/VAD/vit-features/train/normal/road_normal_more/000000133674_all__5.npy,Normal
Pistachio/VAD/vit-features/train/normal/road_normal_more/000000133674_all__6.npy,Normal
Pistachio/VAD/vit-features/train/normal/road_normal_more/000000133674_all__7.npy,Normal
Pistachio/VAD/vit-features/train/normal/road_normal_more/000000133674_all__8.npy,Normal
Pistachio/VAD/vit-features/train/normal/road_normal_more/000000133674_all__9.npy,Normal
Pistachio/VAD/vit-features/train/normal/road_normal_more/000000133801_all__0.npy,Normal
Pistachio/VAD/vit-features/train/normal/road_normal_more/000000133801_all__1.npy,Normal
Pistachio/VAD/vit-features/train/normal/road_normal_more/000000133801_all__2.npy,Normal
Pistachio/VAD/vit-features/train/normal/road_normal_more/000000133801_all__3.npy,Normal
Pistachio/VAD/vit-features/train/normal/road_normal_more/000000133801_all__4.npy,Normal
Pistachio/VAD/vit-features/train/normal/road_normal_more/000000133801_all__5.npy,Normal
Pistachio/VAD/vit-features/train/normal/road_normal_more/000000133801_all__6.npy,Normal
Pistachio/VAD/vit-features/train/normal/road_normal_more/000000133801_all__7.npy,Normal
Pistachio/VAD/vit-features/train/normal/road_normal_more/000000133801_all__8.npy,Normal
Pistachio/VAD/vit-features/train/normal/road_normal_more/000000133801_all__9.npy,Normal
Pistachio/VAD/vit-features/train/normal/road_normal_more/000000134089_all__0.npy,Normal
Pistachio/VAD/vit-features/train/normal/road_normal_more/000000134089_all__1.npy,Normal
Pistachio/VAD/vit-features/train/normal/road_normal_more/000000134089_all__2.npy,Normal
Pistachio/VAD/vit-features/train/normal/road_normal_more/000000134089_all__3.npy,Normal
Pistachio/VAD/vit-features/train/normal/road_normal_more/000000134089_all__4.npy,Normal
Pistachio/VAD/vit-features/train/normal/road_normal_more/000000134089_all__5.npy,Normal
Pistachio/VAD/vit-features/train/normal/road_normal_more/000000134089_all__6.npy,Normal
Pistachio/VAD/vit-features/train/normal/road_normal_more/000000134089_all__7.npy,Normal
Pistachio/VAD/vit-features/train/normal/road_normal_more/000000134089_all__8.npy,Normal
Pistachio/VAD/vit-features/train/normal/road_normal_more/000000134089_all__9.npy,Normal
Pistachio/VAD/vit-features/train/normal/road_normal_more/000000134156_all__0.npy,Normal
Pistachio/VAD/vit-features/train/normal/road_normal_more/000000134156_all__1.npy,Normal
Pistachio/VAD/vit-features/train/normal/road_normal_more/000000134156_all__2.npy,Normal
Pistachio/VAD/vit-features/train/normal/road_normal_more/000000134156_all__3.npy,Normal
Pistachio/VAD/vit-features/train/normal/road_normal_more/000000134156_all__4.npy,Normal
Pistachio/VAD/vit-features/train/normal/road_normal_more/000000134156_all__5.npy,Normal
Pistachio/VAD/vit-features/train/normal/road_normal_more/000000134156_all__6.npy,Normal
Pistachio/VAD/vit-features/train/normal/road_normal_more/000000134156_all__7.npy,Normal
Pistachio/VAD/vit-features/train/normal/road_normal_more/000000134156_all__8.npy,Normal
Pistachio/VAD/vit-features/train/normal/road_normal_more/000000134156_all__9.npy,Normal
Pistachio/VAD/vit-features/train/normal/road_normal_more/000000134230_all__0.npy,Normal
Pistachio/VAD/vit-features/train/normal/road_normal_more/000000134230_all__1.npy,Normal
Pistachio/VAD/vit-features/train/normal/road_normal_more/000000134230_all__2.npy,Normal
Pistachio/VAD/vit-features/train/normal/road_normal_more/000000134230_all__3.npy,Normal
Pistachio/VAD/vit-features/train/normal/road_normal_more/000000134230_all__4.npy,Normal
Pistachio/VAD/vit-features/train/normal/road_normal_more/000000134230_all__5.npy,Normal
Pistachio/VAD/vit-features/train/normal/road_normal_more/000000134230_all__6.npy,Normal
Pistachio/VAD/vit-features/train/normal/road_normal_more/000000134230_all__7.npy,Normal
Pistachio/VAD/vit-features/train/normal/road_normal_more/000000134230_all__8.npy,Normal
Pistachio/VAD/vit-features/train/normal/road_normal_more/000000134230_all__9.npy,Normal
Pistachio/VAD/vit-features/train/normal/road_normal_more/000000134308_all__0.npy,Normal
Pistachio/VAD/vit-features/train/normal/road_normal_more/000000134308_all__1.npy,Normal
Pistachio/VAD/vit-features/train/normal/road_normal_more/000000134308_all__2.npy,Normal
Pistachio/VAD/vit-features/train/normal/road_normal_more/000000134308_all__3.npy,Normal
Pistachio/VAD/vit-features/train/normal/road_normal_more/000000134308_all__4.npy,Normal
Pistachio/VAD/vit-features/train/normal/road_normal_more/000000134308_all__5.npy,Normal
Pistachio/VAD/vit-features/train/normal/road_normal_more/000000134308_all__6.npy,Normal
Pistachio/VAD/vit-features/train/normal/road_normal_more/000000134308_all__7.npy,Normal
Pistachio/VAD/vit-features/train/normal/road_normal_more/000000134308_all__8.npy,Normal
Pistachio/VAD/vit-features/train/normal/road_normal_more/000000134308_all__9.npy,Normal
Pistachio/VAD/vit-features/train/normal/road_normal_more/000000134422_all__0.npy,Normal
Pistachio/VAD/vit-features/train/normal/road_normal_more/000000134422_all__1.npy,Normal
Pistachio/VAD/vit-features/train/normal/road_normal_more/000000134422_all__2.npy,Normal
Pistachio/VAD/vit-features/train/normal/road_normal_more/000000134422_all__3.npy,Normal
Pistachio/VAD/vit-features/train/normal/road_normal_more/000000134422_all__4.npy,Normal
Pistachio/VAD/vit-features/train/normal/road_normal_more/000000134422_all__5.npy,Normal
Pistachio/VAD/vit-features/train/normal/road_normal_more/000000134422_all__6.npy,Normal
Pistachio/VAD/vit-features/train/normal/road_normal_more/000000134422_all__7.npy,Normal
Pistachio/VAD/vit-features/train/normal/road_normal_more/000000134422_all__8.npy,Normal
Pistachio/VAD/vit-features/train/normal/road_normal_more/000000134422_all__9.npy,Normal
Pistachio/VAD/vit-features/train/normal/road_normal_more/000000134444_all__0.npy,Normal
Pistachio/VAD/vit-features/train/normal/road_normal_more/000000134444_all__1.npy,Normal
Pistachio/VAD/vit-features/train/normal/road_normal_more/000000134444_all__2.npy,Normal
Pistachio/VAD/vit-features/train/normal/road_normal_more/000000134444_all__3.npy,Normal
Pistachio/VAD/vit-features/train/normal/road_normal_more/000000134444_all__4.npy,Normal
Pistachio/VAD/vit-features/train/normal/road_normal_more/000000134444_all__5.npy,Normal
Pistachio/VAD/vit-features/train/normal/road_normal_more/000000134444_all__6.npy,Normal
Pistachio/VAD/vit-features/train/normal/road_normal_more/000000134444_all__7.npy,Normal
Pistachio/VAD/vit-features/train/normal/road_normal_more/000000134444_all__8.npy,Normal
Pistachio/VAD/vit-features/train/normal/road_normal_more/000000134444_all__9.npy,Normal
Pistachio/VAD/vit-features/train/normal/road_normal_more/000000134468_all__0.npy,Normal
Pistachio/VAD/vit-features/train/normal/road_normal_more/000000134468_all__1.npy,Normal
Pistachio/VAD/vit-features/train/normal/road_normal_more/000000134468_all__2.npy,Normal
Pistachio/VAD/vit-features/train/normal/road_normal_more/000000134468_all__3.npy,Normal
Pistachio/VAD/vit-features/train/normal/road_normal_more/000000134468_all__4.npy,Normal
Pistachio/VAD/vit-features/train/normal/road_normal_more/000000134468_all__5.npy,Normal
Pistachio/VAD/vit-features/train/normal/road_normal_more/000000134468_all__6.npy,Normal
Pistachio/VAD/vit-features/train/normal/road_normal_more/000000134468_all__7.npy,Normal
Pistachio/VAD/vit-features/train/normal/road_normal_more/000000134468_all__8.npy,Normal
Pistachio/VAD/vit-features/train/normal/road_normal_more/000000134468_all__9.npy,Normal
Pistachio/VAD/vit-features/train/normal/road_normal_more/000000134473_all__0.npy,Normal
Pistachio/VAD/vit-features/train/normal/road_normal_more/000000134473_all__1.npy,Normal
Pistachio/VAD/vit-features/train/normal/road_normal_more/000000134473_all__2.npy,Normal
Pistachio/VAD/vit-features/train/normal/road_normal_more/000000134473_all__3.npy,Normal
Pistachio/VAD/vit-features/train/normal/road_normal_more/000000134473_all__4.npy,Normal
Pistachio/VAD/vit-features/train/normal/road_normal_more/000000134473_all__5.npy,Normal
Pistachio/VAD/vit-features/train/normal/road_normal_more/000000134473_all__6.npy,Normal
Pistachio/VAD/vit-features/train/normal/road_normal_more/000000134473_all__7.npy,Normal
Pistachio/VAD/vit-features/train/normal/road_normal_more/000000134473_all__8.npy,Normal
Pistachio/VAD/vit-features/train/normal/road_normal_more/000000134473_all__9.npy,Normal
Pistachio/VAD/vit-features/train/normal/road_normal_more/000000134603_all__0.npy,Normal
Pistachio/VAD/vit-features/train/normal/road_normal_more/000000134603_all__1.npy,Normal
Pistachio/VAD/vit-features/train/normal/road_normal_more/000000134603_all__2.npy,Normal
Pistachio/VAD/vit-features/train/normal/road_normal_more/000000134603_all__3.npy,Normal
Pistachio/VAD/vit-features/train/normal/road_normal_more/000000134603_all__4.npy,Normal
Pistachio/VAD/vit-features/train/normal/road_normal_more/000000134603_all__5.npy,Normal
Pistachio/VAD/vit-features/train/normal/road_normal_more/000000134603_all__6.npy,Normal
Pistachio/VAD/vit-features/train/normal/road_normal_more/000000134603_all__7.npy,Normal
Pistachio/VAD/vit-features/train/normal/road_normal_more/000000134603_all__8.npy,Normal
Pistachio/VAD/vit-features/train/normal/road_normal_more/000000134603_all__9.npy,Normal
Pistachio/VAD/vit-features/train/normal/road_normal_more/000000134763_all__0.npy,Normal
Pistachio/VAD/vit-features/train/normal/road_normal_more/000000134763_all__1.npy,Normal
Pistachio/VAD/vit-features/train/normal/road_normal_more/000000134763_all__2.npy,Normal
Pistachio/VAD/vit-features/train/normal/road_normal_more/000000134763_all__3.npy,Normal
Pistachio/VAD/vit-features/train/normal/road_normal_more/000000134763_all__4.npy,Normal
Pistachio/VAD/vit-features/train/normal/road_normal_more/000000134763_all__5.npy,Normal
Pistachio/VAD/vit-features/train/normal/road_normal_more/000000134763_all__6.npy,Normal
Pistachio/VAD/vit-features/train/normal/road_normal_more/000000134763_all__7.npy,Normal
Pistachio/VAD/vit-features/train/normal/road_normal_more/000000134763_all__8.npy,Normal
Pistachio/VAD/vit-features/train/normal/road_normal_more/000000134763_all__9.npy,Normal
Pistachio/VAD/vit-features/train/normal/road_normal_more/000000134957_all__0.npy,Normal
Pistachio/VAD/vit-features/train/normal/road_normal_more/000000134957_all__1.npy,Normal
Pistachio/VAD/vit-features/train/normal/road_normal_more/000000134957_all__2.npy,Normal
Pistachio/VAD/vit-features/train/normal/road_normal_more/000000134957_all__3.npy,Normal
Pistachio/VAD/vit-features/train/normal/road_normal_more/000000134957_all__4.npy,Normal
Pistachio/VAD/vit-features/train/normal/road_normal_more/000000134957_all__5.npy,Normal
Pistachio/VAD/vit-features/train/normal/road_normal_more/000000134957_all__6.npy,Normal
Pistachio/VAD/vit-features/train/normal/road_normal_more/000000134957_all__7.npy,Normal
Pistachio/VAD/vit-features/train/normal/road_normal_more/000000134957_all__8.npy,Normal
Pistachio/VAD/vit-features/train/normal/road_normal_more/000000134957_all__9.npy,Normal
Pistachio/VAD/vit-features/train/normal/road_normal_more/000000135137_all__0.npy,Normal
Pistachio/VAD/vit-features/train/normal/road_normal_more/000000135137_all__1.npy,Normal
Pistachio/VAD/vit-features/train/normal/road_normal_more/000000135137_all__2.npy,Normal
Pistachio/VAD/vit-features/train/normal/road_normal_more/000000135137_all__3.npy,Normal
Pistachio/VAD/vit-features/train/normal/road_normal_more/000000135137_all__4.npy,Normal
Pistachio/VAD/vit-features/train/normal/road_normal_more/000000135137_all__5.npy,Normal
Pistachio/VAD/vit-features/train/normal/road_normal_more/000000135137_all__6.npy,Normal
Pistachio/VAD/vit-features/train/normal/road_normal_more/000000135137_all__7.npy,Normal
Pistachio/VAD/vit-features/train/normal/road_normal_more/000000135137_all__8.npy,Normal
Pistachio/VAD/vit-features/train/normal/road_normal_more/000000135137_all__9.npy,Normal
Pistachio/VAD/vit-features/train/normal/road_normal_more/000000135350_all__0.npy,Normal
Pistachio/VAD/vit-features/train/normal/road_normal_more/000000135350_all__1.npy,Normal
Pistachio/VAD/vit-features/train/normal/road_normal_more/000000135350_all__2.npy,Normal
Pistachio/VAD/vit-features/train/normal/road_normal_more/000000135350_all__3.npy,Normal
Pistachio/VAD/vit-features/train/normal/road_normal_more/000000135350_all__4.npy,Normal
Pistachio/VAD/vit-features/train/normal/road_normal_more/000000135350_all__5.npy,Normal
Pistachio/VAD/vit-features/train/normal/road_normal_more/000000135350_all__6.npy,Normal
Pistachio/VAD/vit-features/train/normal/road_normal_more/000000135350_all__7.npy,Normal
Pistachio/VAD/vit-features/train/normal/road_normal_more/000000135350_all__8.npy,Normal
Pistachio/VAD/vit-features/train/normal/road_normal_more/000000135350_all__9.npy,Normal
Pistachio/VAD/vit-features/train/normal/road_normal_more/000000135569_all__0.npy,Normal
Pistachio/VAD/vit-features/train/normal/road_normal_more/000000135569_all__1.npy,Normal
Pistachio/VAD/vit-features/train/normal/road_normal_more/000000135569_all__2.npy,Normal
Pistachio/VAD/vit-features/train/normal/road_normal_more/000000135569_all__3.npy,Normal
Pistachio/VAD/vit-features/train/normal/road_normal_more/000000135569_all__4.npy,Normal
Pistachio/VAD/vit-features/train/normal/road_normal_more/000000135569_all__5.npy,Normal
Pistachio/VAD/vit-features/train/normal/road_normal_more/000000135569_all__6.npy,Normal
Pistachio/VAD/vit-features/train/normal/road_normal_more/000000135569_all__7.npy,Normal
Pistachio/VAD/vit-features/train/normal/road_normal_more/000000135569_all__8.npy,Normal
Pistachio/VAD/vit-features/train/normal/road_normal_more/000000135569_all__9.npy,Normal
Pistachio/VAD/vit-features/train/normal/road_normal_more/000000135600_all__0.npy,Normal
Pistachio/VAD/vit-features/train/normal/road_normal_more/000000135600_all__1.npy,Normal
Pistachio/VAD/vit-features/train/normal/road_normal_more/000000135600_all__2.npy,Normal
Pistachio/VAD/vit-features/train/normal/road_normal_more/000000135600_all__3.npy,Normal
Pistachio/VAD/vit-features/train/normal/road_normal_more/000000135600_all__4.npy,Normal
Pistachio/VAD/vit-features/train/normal/road_normal_more/000000135600_all__5.npy,Normal
Pistachio/VAD/vit-features/train/normal/road_normal_more/000000135600_all__6.npy,Normal
Pistachio/VAD/vit-features/train/normal/road_normal_more/000000135600_all__7.npy,Normal
Pistachio/VAD/vit-features/train/normal/road_normal_more/000000135600_all__8.npy,Normal
Pistachio/VAD/vit-features/train/normal/road_normal_more/000000135600_all__9.npy,Normal
Pistachio/VAD/vit-features/train/normal/road_normal_more/000000135637_all__0.npy,Normal
Pistachio/VAD/vit-features/train/normal/road_normal_more/000000135637_all__1.npy,Normal
Pistachio/VAD/vit-features/train/normal/road_normal_more/000000135637_all__2.npy,Normal
Pistachio/VAD/vit-features/train/normal/road_normal_more/000000135637_all__3.npy,Normal
Pistachio/VAD/vit-features/train/normal/road_normal_more/000000135637_all__4.npy,Normal
Pistachio/VAD/vit-features/train/normal/road_normal_more/000000135637_all__5.npy,Normal
Pistachio/VAD/vit-features/train/normal/road_normal_more/000000135637_all__6.npy,Normal
Pistachio/VAD/vit-features/train/normal/road_normal_more/000000135637_all__7.npy,Normal
Pistachio/VAD/vit-features/train/normal/road_normal_more/000000135637_all__8.npy,Normal
Pistachio/VAD/vit-features/train/normal/road_normal_more/000000135637_all__9.npy,Normal
Pistachio/VAD/vit-features/train/normal/road_normal_more/000000135720_all__0.npy,Normal
Pistachio/VAD/vit-features/train/normal/road_normal_more/000000135720_all__1.npy,Normal
Pistachio/VAD/vit-features/train/normal/road_normal_more/000000135720_all__2.npy,Normal
Pistachio/VAD/vit-features/train/normal/road_normal_more/000000135720_all__3.npy,Normal
Pistachio/VAD/vit-features/train/normal/road_normal_more/000000135720_all__4.npy,Normal
Pistachio/VAD/vit-features/train/normal/road_normal_more/000000135720_all__5.npy,Normal
Pistachio/VAD/vit-features/train/normal/road_normal_more/000000135720_all__6.npy,Normal
Pistachio/VAD/vit-features/train/normal/road_normal_more/000000135720_all__7.npy,Normal
Pistachio/VAD/vit-features/train/normal/road_normal_more/000000135720_all__8.npy,Normal
Pistachio/VAD/vit-features/train/normal/road_normal_more/000000135720_all__9.npy,Normal
Pistachio/VAD/vit-features/train/normal/road_normal_more/000000135848_all__0.npy,Normal
Pistachio/VAD/vit-features/train/normal/road_normal_more/000000135848_all__1.npy,Normal
Pistachio/VAD/vit-features/train/normal/road_normal_more/000000135848_all__2.npy,Normal
Pistachio/VAD/vit-features/train/normal/road_normal_more/000000135848_all__3.npy,Normal
Pistachio/VAD/vit-features/train/normal/road_normal_more/000000135848_all__4.npy,Normal
Pistachio/VAD/vit-features/train/normal/road_normal_more/000000135848_all__5.npy,Normal
Pistachio/VAD/vit-features/train/normal/road_normal_more/000000135848_all__6.npy,Normal
Pistachio/VAD/vit-features/train/normal/road_normal_more/000000135848_all__7.npy,Normal
Pistachio/VAD/vit-features/train/normal/road_normal_more/000000135848_all__8.npy,Normal
Pistachio/VAD/vit-features/train/normal/road_normal_more/000000135848_all__9.npy,Normal
Pistachio/VAD/vit-features/train/normal/road_normal_more/000000135859_all__0.npy,Normal
Pistachio/VAD/vit-features/train/normal/road_normal_more/000000135859_all__1.npy,Normal
Pistachio/VAD/vit-features/train/normal/road_normal_more/000000135859_all__2.npy,Normal
Pistachio/VAD/vit-features/train/normal/road_normal_more/000000135859_all__3.npy,Normal
Pistachio/VAD/vit-features/train/normal/road_normal_more/000000135859_all__4.npy,Normal
Pistachio/VAD/vit-features/train/normal/road_normal_more/000000135859_all__5.npy,Normal
Pistachio/VAD/vit-features/train/normal/road_normal_more/000000135859_all__6.npy,Normal
Pistachio/VAD/vit-features/train/normal/road_normal_more/000000135859_all__7.npy,Normal
Pistachio/VAD/vit-features/train/normal/road_normal_more/000000135859_all__8.npy,Normal
Pistachio/VAD/vit-features/train/normal/road_normal_more/000000135859_all__9.npy,Normal
Pistachio/VAD/vit-features/train/normal/road_normal_more/000000136112_all__0.npy,Normal
Pistachio/VAD/vit-features/train/normal/road_normal_more/000000136112_all__1.npy,Normal
Pistachio/VAD/vit-features/train/normal/road_normal_more/000000136112_all__2.npy,Normal
Pistachio/VAD/vit-features/train/normal/road_normal_more/000000136112_all__3.npy,Normal
Pistachio/VAD/vit-features/train/normal/road_normal_more/000000136112_all__4.npy,Normal
Pistachio/VAD/vit-features/train/normal/road_normal_more/000000136112_all__5.npy,Normal
Pistachio/VAD/vit-features/train/normal/road_normal_more/000000136112_all__6.npy,Normal
Pistachio/VAD/vit-features/train/normal/road_normal_more/000000136112_all__7.npy,Normal
Pistachio/VAD/vit-features/train/normal/road_normal_more/000000136112_all__8.npy,Normal
Pistachio/VAD/vit-features/train/normal/road_normal_more/000000136112_all__9.npy,Normal
Pistachio/VAD/vit-features/train/normal/road_normal_more/000000136113_all__0.npy,Normal
Pistachio/VAD/vit-features/train/normal/road_normal_more/000000136113_all__1.npy,Normal
Pistachio/VAD/vit-features/train/normal/road_normal_more/000000136113_all__2.npy,Normal
Pistachio/VAD/vit-features/train/normal/road_normal_more/000000136113_all__3.npy,Normal
Pistachio/VAD/vit-features/train/normal/road_normal_more/000000136113_all__4.npy,Normal
Pistachio/VAD/vit-features/train/normal/road_normal_more/000000136113_all__5.npy,Normal
Pistachio/VAD/vit-features/train/normal/road_normal_more/000000136113_all__6.npy,Normal
Pistachio/VAD/vit-features/train/normal/road_normal_more/000000136113_all__7.npy,Normal
Pistachio/VAD/vit-features/train/normal/road_normal_more/000000136113_all__8.npy,Normal
Pistachio/VAD/vit-features/train/normal/road_normal_more/000000136113_all__9.npy,Normal
Pistachio/VAD/vit-features/train/normal/road_normal_more/000000136188_all__0.npy,Normal
Pistachio/VAD/vit-features/train/normal/road_normal_more/000000136188_all__1.npy,Normal
Pistachio/VAD/vit-features/train/normal/road_normal_more/000000136188_all__2.npy,Normal
Pistachio/VAD/vit-features/train/normal/road_normal_more/000000136188_all__3.npy,Normal
Pistachio/VAD/vit-features/train/normal/road_normal_more/000000136188_all__4.npy,Normal
Pistachio/VAD/vit-features/train/normal/road_normal_more/000000136188_all__5.npy,Normal
Pistachio/VAD/vit-features/train/normal/road_normal_more/000000136188_all__6.npy,Normal
Pistachio/VAD/vit-features/train/normal/road_normal_more/000000136188_all__7.npy,Normal
Pistachio/VAD/vit-features/train/normal/road_normal_more/000000136188_all__8.npy,Normal
Pistachio/VAD/vit-features/train/normal/road_normal_more/000000136188_all__9.npy,Normal
Pistachio/VAD/vit-features/train/normal/road_normal_more/000000136252_all__0.npy,Normal
Pistachio/VAD/vit-features/train/normal/road_normal_more/000000136252_all__1.npy,Normal
Pistachio/VAD/vit-features/train/normal/road_normal_more/000000136252_all__2.npy,Normal
Pistachio/VAD/vit-features/train/normal/road_normal_more/000000136252_all__3.npy,Normal
Pistachio/VAD/vit-features/train/normal/road_normal_more/000000136252_all__4.npy,Normal
Pistachio/VAD/vit-features/train/normal/road_normal_more/000000136252_all__5.npy,Normal
Pistachio/VAD/vit-features/train/normal/road_normal_more/000000136252_all__6.npy,Normal
Pistachio/VAD/vit-features/train/normal/road_normal_more/000000136252_all__7.npy,Normal
Pistachio/VAD/vit-features/train/normal/road_normal_more/000000136252_all__8.npy,Normal
Pistachio/VAD/vit-features/train/normal/road_normal_more/000000136252_all__9.npy,Normal
Pistachio/VAD/vit-features/train/normal/road_normal_more/000000136327_all__0.npy,Normal
Pistachio/VAD/vit-features/train/normal/road_normal_more/000000136327_all__1.npy,Normal
Pistachio/VAD/vit-features/train/normal/road_normal_more/000000136327_all__2.npy,Normal
Pistachio/VAD/vit-features/train/normal/road_normal_more/000000136327_all__3.npy,Normal
Pistachio/VAD/vit-features/train/normal/road_normal_more/000000136327_all__4.npy,Normal
Pistachio/VAD/vit-features/train/normal/road_normal_more/000000136327_all__5.npy,Normal
Pistachio/VAD/vit-features/train/normal/road_normal_more/000000136327_all__6.npy,Normal
Pistachio/VAD/vit-features/train/normal/road_normal_more/000000136327_all__7.npy,Normal
Pistachio/VAD/vit-features/train/normal/road_normal_more/000000136327_all__8.npy,Normal
Pistachio/VAD/vit-features/train/normal/road_normal_more/000000136327_all__9.npy,Normal
Pistachio/VAD/vit-features/train/normal/road_normal_more/000000136340_all__0.npy,Normal
Pistachio/VAD/vit-features/train/normal/road_normal_more/000000136340_all__1.npy,Normal
Pistachio/VAD/vit-features/train/normal/road_normal_more/000000136340_all__2.npy,Normal
Pistachio/VAD/vit-features/train/normal/road_normal_more/000000136340_all__3.npy,Normal
Pistachio/VAD/vit-features/train/normal/road_normal_more/000000136340_all__4.npy,Normal
Pistachio/VAD/vit-features/train/normal/road_normal_more/000000136340_all__5.npy,Normal
Pistachio/VAD/vit-features/train/normal/road_normal_more/000000136340_all__6.npy,Normal
Pistachio/VAD/vit-features/train/normal/road_normal_more/000000136340_all__7.npy,Normal
Pistachio/VAD/vit-features/train/normal/road_normal_more/000000136340_all__8.npy,Normal
Pistachio/VAD/vit-features/train/normal/road_normal_more/000000136340_all__9.npy,Normal
Pistachio/VAD/vit-features/train/normal/road_normal_more/000000136357_all__0.npy,Normal
Pistachio/VAD/vit-features/train/normal/road_normal_more/000000136357_all__1.npy,Normal
Pistachio/VAD/vit-features/train/normal/road_normal_more/000000136357_all__2.npy,Normal
Pistachio/VAD/vit-features/train/normal/road_normal_more/000000136357_all__3.npy,Normal
Pistachio/VAD/vit-features/train/normal/road_normal_more/000000136357_all__4.npy,Normal
Pistachio/VAD/vit-features/train/normal/road_normal_more/000000136357_all__5.npy,Normal
Pistachio/VAD/vit-features/train/normal/road_normal_more/000000136357_all__6.npy,Normal
Pistachio/VAD/vit-features/train/normal/road_normal_more/000000136357_all__7.npy,Normal
Pistachio/VAD/vit-features/train/normal/road_normal_more/000000136357_all__8.npy,Normal
Pistachio/VAD/vit-features/train/normal/road_normal_more/000000136357_all__9.npy,Normal
Pistachio/VAD/vit-features/train/normal/road_normal_more/000000136419_all__0.npy,Normal
Pistachio/VAD/vit-features/train/normal/road_normal_more/000000136419_all__1.npy,Normal
Pistachio/VAD/vit-features/train/normal/road_normal_more/000000136419_all__2.npy,Normal
Pistachio/VAD/vit-features/train/normal/road_normal_more/000000136419_all__3.npy,Normal
Pistachio/VAD/vit-features/train/normal/road_normal_more/000000136419_all__4.npy,Normal
Pistachio/VAD/vit-features/train/normal/road_normal_more/000000136419_all__5.npy,Normal
Pistachio/VAD/vit-features/train/normal/road_normal_more/000000136419_all__6.npy,Normal
Pistachio/VAD/vit-features/train/normal/road_normal_more/000000136419_all__7.npy,Normal
Pistachio/VAD/vit-features/train/normal/road_normal_more/000000136419_all__8.npy,Normal
Pistachio/VAD/vit-features/train/normal/road_normal_more/000000136419_all__9.npy,Normal
Pistachio/VAD/vit-features/train/normal/road_normal_more/000000136794_all__0.npy,Normal
Pistachio/VAD/vit-features/train/normal/road_normal_more/000000136794_all__1.npy,Normal
Pistachio/VAD/vit-features/train/normal/road_normal_more/000000136794_all__2.npy,Normal
Pistachio/VAD/vit-features/train/normal/road_normal_more/000000136794_all__3.npy,Normal
Pistachio/VAD/vit-features/train/normal/road_normal_more/000000136794_all__4.npy,Normal
Pistachio/VAD/vit-features/train/normal/road_normal_more/000000136794_all__5.npy,Normal
Pistachio/VAD/vit-features/train/normal/road_normal_more/000000136794_all__6.npy,Normal
Pistachio/VAD/vit-features/train/normal/road_normal_more/000000136794_all__7.npy,Normal
Pistachio/VAD/vit-features/train/normal/road_normal_more/000000136794_all__8.npy,Normal
Pistachio/VAD/vit-features/train/normal/road_normal_more/000000136794_all__9.npy,Normal
Pistachio/VAD/vit-features/train/normal/road_normal_more/000000136892_all__0.npy,Normal
Pistachio/VAD/vit-features/train/normal/road_normal_more/000000136892_all__1.npy,Normal
Pistachio/VAD/vit-features/train/normal/road_normal_more/000000136892_all__2.npy,Normal
Pistachio/VAD/vit-features/train/normal/road_normal_more/000000136892_all__3.npy,Normal
Pistachio/VAD/vit-features/train/normal/road_normal_more/000000136892_all__4.npy,Normal
Pistachio/VAD/vit-features/train/normal/road_normal_more/000000136892_all__5.npy,Normal
Pistachio/VAD/vit-features/train/normal/road_normal_more/000000136892_all__6.npy,Normal
Pistachio/VAD/vit-features/train/normal/road_normal_more/000000136892_all__7.npy,Normal
Pistachio/VAD/vit-features/train/normal/road_normal_more/000000136892_all__8.npy,Normal
Pistachio/VAD/vit-features/train/normal/road_normal_more/000000136892_all__9.npy,Normal
Pistachio/VAD/vit-features/train/normal/road_normal_more/000000137063_all__0.npy,Normal
Pistachio/VAD/vit-features/train/normal/road_normal_more/000000137063_all__1.npy,Normal
Pistachio/VAD/vit-features/train/normal/road_normal_more/000000137063_all__2.npy,Normal
Pistachio/VAD/vit-features/train/normal/road_normal_more/000000137063_all__3.npy,Normal
Pistachio/VAD/vit-features/train/normal/road_normal_more/000000137063_all__4.npy,Normal
Pistachio/VAD/vit-features/train/normal/road_normal_more/000000137063_all__5.npy,Normal
Pistachio/VAD/vit-features/train/normal/road_normal_more/000000137063_all__6.npy,Normal
Pistachio/VAD/vit-features/train/normal/road_normal_more/000000137063_all__7.npy,Normal
Pistachio/VAD/vit-features/train/normal/road_normal_more/000000137063_all__8.npy,Normal
Pistachio/VAD/vit-features/train/normal/road_normal_more/000000137063_all__9.npy,Normal
Pistachio/VAD/vit-features/train/normal/road_normal_more/000000137335_all__0.npy,Normal
Pistachio/VAD/vit-features/train/normal/road_normal_more/000000137335_all__1.npy,Normal
Pistachio/VAD/vit-features/train/normal/road_normal_more/000000137335_all__2.npy,Normal
Pistachio/VAD/vit-features/train/normal/road_normal_more/000000137335_all__3.npy,Normal
Pistachio/VAD/vit-features/train/normal/road_normal_more/000000137335_all__4.npy,Normal
Pistachio/VAD/vit-features/train/normal/road_normal_more/000000137335_all__5.npy,Normal
Pistachio/VAD/vit-features/train/normal/road_normal_more/000000137335_all__6.npy,Normal
Pistachio/VAD/vit-features/train/normal/road_normal_more/000000137335_all__7.npy,Normal
Pistachio/VAD/vit-features/train/normal/road_normal_more/000000137335_all__8.npy,Normal
Pistachio/VAD/vit-features/train/normal/road_normal_more/000000137335_all__9.npy,Normal
Pistachio/VAD/vit-features/train/normal/road_normal_more/000000137784_all__0.npy,Normal
Pistachio/VAD/vit-features/train/normal/road_normal_more/000000137784_all__1.npy,Normal
Pistachio/VAD/vit-features/train/normal/road_normal_more/000000137784_all__2.npy,Normal
Pistachio/VAD/vit-features/train/normal/road_normal_more/000000137784_all__3.npy,Normal
Pistachio/VAD/vit-features/train/normal/road_normal_more/000000137784_all__4.npy,Normal
Pistachio/VAD/vit-features/train/normal/road_normal_more/000000137784_all__5.npy,Normal
Pistachio/VAD/vit-features/train/normal/road_normal_more/000000137784_all__6.npy,Normal
Pistachio/VAD/vit-features/train/normal/road_normal_more/000000137784_all__7.npy,Normal
Pistachio/VAD/vit-features/train/normal/road_normal_more/000000137784_all__8.npy,Normal
Pistachio/VAD/vit-features/train/normal/road_normal_more/000000137784_all__9.npy,Normal
Pistachio/VAD/vit-features/train/normal/road_normal_more/000000137947_all__0.npy,Normal
Pistachio/VAD/vit-features/train/normal/road_normal_more/000000137947_all__1.npy,Normal
Pistachio/VAD/vit-features/train/normal/road_normal_more/000000137947_all__2.npy,Normal
Pistachio/VAD/vit-features/train/normal/road_normal_more/000000137947_all__3.npy,Normal
Pistachio/VAD/vit-features/train/normal/road_normal_more/000000137947_all__4.npy,Normal
Pistachio/VAD/vit-features/train/normal/road_normal_more/000000137947_all__5.npy,Normal
Pistachio/VAD/vit-features/train/normal/road_normal_more/000000137947_all__6.npy,Normal
Pistachio/VAD/vit-features/train/normal/road_normal_more/000000137947_all__7.npy,Normal
Pistachio/VAD/vit-features/train/normal/road_normal_more/000000137947_all__8.npy,Normal
Pistachio/VAD/vit-features/train/normal/road_normal_more/000000137947_all__9.npy,Normal
Pistachio/VAD/vit-features/train/normal/road_normal_more/000000138058_all__0.npy,Normal
Pistachio/VAD/vit-features/train/normal/road_normal_more/000000138058_all__1.npy,Normal
Pistachio/VAD/vit-features/train/normal/road_normal_more/000000138058_all__2.npy,Normal
Pistachio/VAD/vit-features/train/normal/road_normal_more/000000138058_all__3.npy,Normal
Pistachio/VAD/vit-features/train/normal/road_normal_more/000000138058_all__4.npy,Normal
Pistachio/VAD/vit-features/train/normal/road_normal_more/000000138058_all__5.npy,Normal
Pistachio/VAD/vit-features/train/normal/road_normal_more/000000138058_all__6.npy,Normal
Pistachio/VAD/vit-features/train/normal/road_normal_more/000000138058_all__7.npy,Normal
Pistachio/VAD/vit-features/train/normal/road_normal_more/000000138058_all__8.npy,Normal
Pistachio/VAD/vit-features/train/normal/road_normal_more/000000138058_all__9.npy,Normal
Pistachio/VAD/vit-features/train/normal/road_normal_more/000000138091_all__0.npy,Normal
Pistachio/VAD/vit-features/train/normal/road_normal_more/000000138091_all__1.npy,Normal
Pistachio/VAD/vit-features/train/normal/road_normal_more/000000138091_all__2.npy,Normal
Pistachio/VAD/vit-features/train/normal/road_normal_more/000000138091_all__3.npy,Normal
Pistachio/VAD/vit-features/train/normal/road_normal_more/000000138091_all__4.npy,Normal
Pistachio/VAD/vit-features/train/normal/road_normal_more/000000138091_all__5.npy,Normal
Pistachio/VAD/vit-features/train/normal/road_normal_more/000000138091_all__6.npy,Normal
Pistachio/VAD/vit-features/train/normal/road_normal_more/000000138091_all__7.npy,Normal
Pistachio/VAD/vit-features/train/normal/road_normal_more/000000138091_all__8.npy,Normal
Pistachio/VAD/vit-features/train/normal/road_normal_more/000000138091_all__9.npy,Normal
Pistachio/VAD/vit-features/train/normal/road_normal_more/000000138126_all__0.npy,Normal
Pistachio/VAD/vit-features/train/normal/road_normal_more/000000138126_all__1.npy,Normal
Pistachio/VAD/vit-features/train/normal/road_normal_more/000000138126_all__2.npy,Normal
Pistachio/VAD/vit-features/train/normal/road_normal_more/000000138126_all__3.npy,Normal
Pistachio/VAD/vit-features/train/normal/road_normal_more/000000138126_all__4.npy,Normal
Pistachio/VAD/vit-features/train/normal/road_normal_more/000000138126_all__5.npy,Normal
Pistachio/VAD/vit-features/train/normal/road_normal_more/000000138126_all__6.npy,Normal
Pistachio/VAD/vit-features/train/normal/road_normal_more/000000138126_all__7.npy,Normal
Pistachio/VAD/vit-features/train/normal/road_normal_more/000000138126_all__8.npy,Normal
Pistachio/VAD/vit-features/train/normal/road_normal_more/000000138126_all__9.npy,Normal
Pistachio/VAD/vit-features/train/normal/road_normal_more/000000138421_all__0.npy,Normal
Pistachio/VAD/vit-features/train/normal/road_normal_more/000000138421_all__1.npy,Normal
Pistachio/VAD/vit-features/train/normal/road_normal_more/000000138421_all__2.npy,Normal
Pistachio/VAD/vit-features/train/normal/road_normal_more/000000138421_all__3.npy,Normal
Pistachio/VAD/vit-features/train/normal/road_normal_more/000000138421_all__4.npy,Normal
Pistachio/VAD/vit-features/train/normal/road_normal_more/000000138421_all__5.npy,Normal
Pistachio/VAD/vit-features/train/normal/road_normal_more/000000138421_all__6.npy,Normal
Pistachio/VAD/vit-features/train/normal/road_normal_more/000000138421_all__7.npy,Normal
Pistachio/VAD/vit-features/train/normal/road_normal_more/000000138421_all__8.npy,Normal
Pistachio/VAD/vit-features/train/normal/road_normal_more/000000138421_all__9.npy,Normal
Pistachio/VAD/vit-features/train/normal/road_normal_more/000000138427_all__0.npy,Normal
Pistachio/VAD/vit-features/train/normal/road_normal_more/000000138427_all__1.npy,Normal
Pistachio/VAD/vit-features/train/normal/road_normal_more/000000138427_all__2.npy,Normal
Pistachio/VAD/vit-features/train/normal/road_normal_more/000000138427_all__3.npy,Normal
Pistachio/VAD/vit-features/train/normal/road_normal_more/000000138427_all__4.npy,Normal
Pistachio/VAD/vit-features/train/normal/road_normal_more/000000138427_all__5.npy,Normal
Pistachio/VAD/vit-features/train/normal/road_normal_more/000000138427_all__6.npy,Normal
Pistachio/VAD/vit-features/train/normal/road_normal_more/000000138427_all__7.npy,Normal
Pistachio/VAD/vit-features/train/normal/road_normal_more/000000138427_all__8.npy,Normal
Pistachio/VAD/vit-features/train/normal/road_normal_more/000000138427_all__9.npy,Normal
Pistachio/VAD/vit-features/train/normal/road_normal_more/000000138495_all__0.npy,Normal
Pistachio/VAD/vit-features/train/normal/road_normal_more/000000138495_all__1.npy,Normal
Pistachio/VAD/vit-features/train/normal/road_normal_more/000000138495_all__2.npy,Normal
Pistachio/VAD/vit-features/train/normal/road_normal_more/000000138495_all__3.npy,Normal
Pistachio/VAD/vit-features/train/normal/road_normal_more/000000138495_all__4.npy,Normal
Pistachio/VAD/vit-features/train/normal/road_normal_more/000000138495_all__5.npy,Normal
Pistachio/VAD/vit-features/train/normal/road_normal_more/000000138495_all__6.npy,Normal
Pistachio/VAD/vit-features/train/normal/road_normal_more/000000138495_all__7.npy,Normal
Pistachio/VAD/vit-features/train/normal/road_normal_more/000000138495_all__8.npy,Normal
Pistachio/VAD/vit-features/train/normal/road_normal_more/000000138495_all__9.npy,Normal
Pistachio/VAD/vit-features/train/normal/road_normal_more/000000138596_all__0.npy,Normal
Pistachio/VAD/vit-features/train/normal/road_normal_more/000000138596_all__1.npy,Normal
Pistachio/VAD/vit-features/train/normal/road_normal_more/000000138596_all__2.npy,Normal
Pistachio/VAD/vit-features/train/normal/road_normal_more/000000138596_all__3.npy,Normal
Pistachio/VAD/vit-features/train/normal/road_normal_more/000000138596_all__4.npy,Normal
Pistachio/VAD/vit-features/train/normal/road_normal_more/000000138596_all__5.npy,Normal
Pistachio/VAD/vit-features/train/normal/road_normal_more/000000138596_all__6.npy,Normal
Pistachio/VAD/vit-features/train/normal/road_normal_more/000000138596_all__7.npy,Normal
Pistachio/VAD/vit-features/train/normal/road_normal_more/000000138596_all__8.npy,Normal
Pistachio/VAD/vit-features/train/normal/road_normal_more/000000138596_all__9.npy,Normal
Pistachio/VAD/vit-features/train/normal/road_normal_more/000000138709_all__0.npy,Normal
Pistachio/VAD/vit-features/train/normal/road_normal_more/000000138709_all__1.npy,Normal
Pistachio/VAD/vit-features/train/normal/road_normal_more/000000138709_all__2.npy,Normal
Pistachio/VAD/vit-features/train/normal/road_normal_more/000000138709_all__3.npy,Normal
Pistachio/VAD/vit-features/train/normal/road_normal_more/000000138709_all__4.npy,Normal
Pistachio/VAD/vit-features/train/normal/road_normal_more/000000138709_all__5.npy,Normal
Pistachio/VAD/vit-features/train/normal/road_normal_more/000000138709_all__6.npy,Normal
Pistachio/VAD/vit-features/train/normal/road_normal_more/000000138709_all__7.npy,Normal
Pistachio/VAD/vit-features/train/normal/road_normal_more/000000138709_all__8.npy,Normal
Pistachio/VAD/vit-features/train/normal/road_normal_more/000000138709_all__9.npy,Normal
Pistachio/VAD/vit-features/train/normal/road_normal_more/000000138777_all__0.npy,Normal
Pistachio/VAD/vit-features/train/normal/road_normal_more/000000138777_all__1.npy,Normal
Pistachio/VAD/vit-features/train/normal/road_normal_more/000000138777_all__2.npy,Normal
Pistachio/VAD/vit-features/train/normal/road_normal_more/000000138777_all__3.npy,Normal
Pistachio/VAD/vit-features/train/normal/road_normal_more/000000138777_all__4.npy,Normal
Pistachio/VAD/vit-features/train/normal/road_normal_more/000000138777_all__5.npy,Normal
Pistachio/VAD/vit-features/train/normal/road_normal_more/000000138777_all__6.npy,Normal
Pistachio/VAD/vit-features/train/normal/road_normal_more/000000138777_all__7.npy,Normal
Pistachio/VAD/vit-features/train/normal/road_normal_more/000000138777_all__8.npy,Normal
Pistachio/VAD/vit-features/train/normal/road_normal_more/000000138777_all__9.npy,Normal
Pistachio/VAD/vit-features/train/normal/road_normal_more/000000138926_all__0.npy,Normal
Pistachio/VAD/vit-features/train/normal/road_normal_more/000000138926_all__1.npy,Normal
Pistachio/VAD/vit-features/train/normal/road_normal_more/000000138926_all__2.npy,Normal
Pistachio/VAD/vit-features/train/normal/road_normal_more/000000138926_all__3.npy,Normal
Pistachio/VAD/vit-features/train/normal/road_normal_more/000000138926_all__4.npy,Normal
Pistachio/VAD/vit-features/train/normal/road_normal_more/000000138926_all__5.npy,Normal
Pistachio/VAD/vit-features/train/normal/road_normal_more/000000138926_all__6.npy,Normal
Pistachio/VAD/vit-features/train/normal/road_normal_more/000000138926_all__7.npy,Normal
Pistachio/VAD/vit-features/train/normal/road_normal_more/000000138926_all__8.npy,Normal
Pistachio/VAD/vit-features/train/normal/road_normal_more/000000138926_all__9.npy,Normal
Pistachio/VAD/vit-features/train/normal/road_normal_more/000000138994_all__0.npy,Normal
Pistachio/VAD/vit-features/train/normal/road_normal_more/000000138994_all__1.npy,Normal
Pistachio/VAD/vit-features/train/normal/road_normal_more/000000138994_all__2.npy,Normal
Pistachio/VAD/vit-features/train/normal/road_normal_more/000000138994_all__3.npy,Normal
Pistachio/VAD/vit-features/train/normal/road_normal_more/000000138994_all__4.npy,Normal
Pistachio/VAD/vit-features/train/normal/road_normal_more/000000138994_all__5.npy,Normal
Pistachio/VAD/vit-features/train/normal/road_normal_more/000000138994_all__6.npy,Normal
Pistachio/VAD/vit-features/train/normal/road_normal_more/000000138994_all__7.npy,Normal
Pistachio/VAD/vit-features/train/normal/road_normal_more/000000138994_all__8.npy,Normal
Pistachio/VAD/vit-features/train/normal/road_normal_more/000000138994_all__9.npy,Normal
Pistachio/VAD/vit-features/train/normal/road_normal_more/000000139084_all__0.npy,Normal
Pistachio/VAD/vit-features/train/normal/road_normal_more/000000139084_all__1.npy,Normal
Pistachio/VAD/vit-features/train/normal/road_normal_more/000000139084_all__2.npy,Normal
Pistachio/VAD/vit-features/train/normal/road_normal_more/000000139084_all__3.npy,Normal
Pistachio/VAD/vit-features/train/normal/road_normal_more/000000139084_all__4.npy,Normal
Pistachio/VAD/vit-features/train/normal/road_normal_more/000000139084_all__5.npy,Normal
Pistachio/VAD/vit-features/train/normal/road_normal_more/000000139084_all__6.npy,Normal
Pistachio/VAD/vit-features/train/normal/road_normal_more/000000139084_all__7.npy,Normal
Pistachio/VAD/vit-features/train/normal/road_normal_more/000000139084_all__8.npy,Normal
Pistachio/VAD/vit-features/train/normal/road_normal_more/000000139084_all__9.npy,Normal
Pistachio/VAD/vit-features/train/normal/road_normal_more/000000139619_all__0.npy,Normal
Pistachio/VAD/vit-features/train/normal/road_normal_more/000000139619_all__1.npy,Normal
Pistachio/VAD/vit-features/train/normal/road_normal_more/000000139619_all__2.npy,Normal
Pistachio/VAD/vit-features/train/normal/road_normal_more/000000139619_all__3.npy,Normal
Pistachio/VAD/vit-features/train/normal/road_normal_more/000000139619_all__4.npy,Normal
Pistachio/VAD/vit-features/train/normal/road_normal_more/000000139619_all__5.npy,Normal
Pistachio/VAD/vit-features/train/normal/road_normal_more/000000139619_all__6.npy,Normal
Pistachio/VAD/vit-features/train/normal/road_normal_more/000000139619_all__7.npy,Normal
Pistachio/VAD/vit-features/train/normal/road_normal_more/000000139619_all__8.npy,Normal
Pistachio/VAD/vit-features/train/normal/road_normal_more/000000139619_all__9.npy,Normal
Pistachio/VAD/vit-features/train/normal/road_normal_more/000000139664_all__0.npy,Normal
Pistachio/VAD/vit-features/train/normal/road_normal_more/000000139664_all__1.npy,Normal
Pistachio/VAD/vit-features/train/normal/road_normal_more/000000139664_all__2.npy,Normal
Pistachio/VAD/vit-features/train/normal/road_normal_more/000000139664_all__3.npy,Normal
Pistachio/VAD/vit-features/train/normal/road_normal_more/000000139664_all__4.npy,Normal
Pistachio/VAD/vit-features/train/normal/road_normal_more/000000139664_all__5.npy,Normal
Pistachio/VAD/vit-features/train/normal/road_normal_more/000000139664_all__6.npy,Normal
Pistachio/VAD/vit-features/train/normal/road_normal_more/000000139664_all__7.npy,Normal
Pistachio/VAD/vit-features/train/normal/road_normal_more/000000139664_all__8.npy,Normal
Pistachio/VAD/vit-features/train/normal/road_normal_more/000000139664_all__9.npy,Normal
Pistachio/VAD/vit-features/train/normal/road_normal_more/000000139770_all__0.npy,Normal
Pistachio/VAD/vit-features/train/normal/road_normal_more/000000139770_all__1.npy,Normal
Pistachio/VAD/vit-features/train/normal/road_normal_more/000000139770_all__2.npy,Normal
Pistachio/VAD/vit-features/train/normal/road_normal_more/000000139770_all__3.npy,Normal
Pistachio/VAD/vit-features/train/normal/road_normal_more/000000139770_all__4.npy,Normal
Pistachio/VAD/vit-features/train/normal/road_normal_more/000000139770_all__5.npy,Normal
Pistachio/VAD/vit-features/train/normal/road_normal_more/000000139770_all__6.npy,Normal
Pistachio/VAD/vit-features/train/normal/road_normal_more/000000139770_all__7.npy,Normal
Pistachio/VAD/vit-features/train/normal/road_normal_more/000000139770_all__8.npy,Normal
Pistachio/VAD/vit-features/train/normal/road_normal_more/000000139770_all__9.npy,Normal
Pistachio/VAD/vit-features/train/normal/road_normal_more/000000139832_all__0.npy,Normal
Pistachio/VAD/vit-features/train/normal/road_normal_more/000000139832_all__1.npy,Normal
Pistachio/VAD/vit-features/train/normal/road_normal_more/000000139832_all__2.npy,Normal
Pistachio/VAD/vit-features/train/normal/road_normal_more/000000139832_all__3.npy,Normal
Pistachio/VAD/vit-features/train/normal/road_normal_more/000000139832_all__4.npy,Normal
Pistachio/VAD/vit-features/train/normal/road_normal_more/000000139832_all__5.npy,Normal
Pistachio/VAD/vit-features/train/normal/road_normal_more/000000139832_all__6.npy,Normal
Pistachio/VAD/vit-features/train/normal/road_normal_more/000000139832_all__7.npy,Normal
Pistachio/VAD/vit-features/train/normal/road_normal_more/000000139832_all__8.npy,Normal
Pistachio/VAD/vit-features/train/normal/road_normal_more/000000139832_all__9.npy,Normal
Pistachio/VAD/vit-features/train/normal/road_normal_more/000000139884_all__0.npy,Normal
Pistachio/VAD/vit-features/train/normal/road_normal_more/000000139884_all__1.npy,Normal
Pistachio/VAD/vit-features/train/normal/road_normal_more/000000139884_all__2.npy,Normal
Pistachio/VAD/vit-features/train/normal/road_normal_more/000000139884_all__3.npy,Normal
Pistachio/VAD/vit-features/train/normal/road_normal_more/000000139884_all__4.npy,Normal
Pistachio/VAD/vit-features/train/normal/road_normal_more/000000139884_all__5.npy,Normal
Pistachio/VAD/vit-features/train/normal/road_normal_more/000000139884_all__6.npy,Normal
Pistachio/VAD/vit-features/train/normal/road_normal_more/000000139884_all__7.npy,Normal
Pistachio/VAD/vit-features/train/normal/road_normal_more/000000139884_all__8.npy,Normal
Pistachio/VAD/vit-features/train/normal/road_normal_more/000000139884_all__9.npy,Normal
Pistachio/VAD/vit-features/train/normal/road_normal_more/000000140058_all__0.npy,Normal
Pistachio/VAD/vit-features/train/normal/road_normal_more/000000140058_all__1.npy,Normal
Pistachio/VAD/vit-features/train/normal/road_normal_more/000000140058_all__2.npy,Normal
Pistachio/VAD/vit-features/train/normal/road_normal_more/000000140058_all__3.npy,Normal
Pistachio/VAD/vit-features/train/normal/road_normal_more/000000140058_all__4.npy,Normal
Pistachio/VAD/vit-features/train/normal/road_normal_more/000000140058_all__5.npy,Normal
Pistachio/VAD/vit-features/train/normal/road_normal_more/000000140058_all__6.npy,Normal
Pistachio/VAD/vit-features/train/normal/road_normal_more/000000140058_all__7.npy,Normal
Pistachio/VAD/vit-features/train/normal/road_normal_more/000000140058_all__8.npy,Normal
Pistachio/VAD/vit-features/train/normal/road_normal_more/000000140058_all__9.npy,Normal
Pistachio/VAD/vit-features/train/normal/road_normal_more/000000514967_all__0.npy,Normal
Pistachio/VAD/vit-features/train/normal/road_normal_more/000000514967_all__1.npy,Normal
Pistachio/VAD/vit-features/train/normal/road_normal_more/000000514967_all__2.npy,Normal
Pistachio/VAD/vit-features/train/normal/road_normal_more/000000514967_all__3.npy,Normal
Pistachio/VAD/vit-features/train/normal/road_normal_more/000000514967_all__4.npy,Normal
Pistachio/VAD/vit-features/train/normal/road_normal_more/000000514967_all__5.npy,Normal
Pistachio/VAD/vit-features/train/normal/road_normal_more/000000514967_all__6.npy,Normal
Pistachio/VAD/vit-features/train/normal/road_normal_more/000000514967_all__7.npy,Normal
Pistachio/VAD/vit-features/train/normal/road_normal_more/000000514967_all__8.npy,Normal
Pistachio/VAD/vit-features/train/normal/road_normal_more/000000514967_all__9.npy,Normal
